1.298065298570217685e+00
1.624574359588805139e+00
1.633449255845624393e+00
1.498480178809879826e+00
1.470563369482141169e+00
1.907346928224378235e+00
1.556265183524146778e+00
1.503572291342181622e+00
1.679791609107620820e+00
1.772433131170867426e+00
1.736211796239115035e+00
1.663016659829286814e+00
1.624288397138055062e+00
1.835853559863359852e+00
1.799447156334634146e+00
1.649406616106334766e+00
1.573818712307826662e+00
1.472125520977678459e+00
1.475759833636494545e+00
1.414957400993091863e+00
1.243465993601925668e+00
1.084059714948245157e+00
1.301400539235781029e+00
1.362228267348011057e+00
1.108088318287489216e+00
1.473796149564640778e+00
1.576183271001326158e+00
1.503392708678080503e+00
1.307168150528707828e+00
1.430842308295797061e+00
1.755367319832963346e+00
1.707222949148770930e+00
1.987351174753380967e+00
1.974139318239116037e+00
1.851836450646322962e+00
1.266861489656533779e+00
1.331589195936196290e+00
1.369902763044173355e+00
1.031559872391298205e+00
1.082129460897559126e+00
1.346897130822926059e+00
1.340761365914834968e+00
1.461163341851346553e+00
1.415118908249624941e+00
1.503897157459104683e+00
1.284418497326127007e+00
1.162047681288731926e+00
1.109962213061628900e+00
1.331130488503529996e+00
1.281190764701561235e+00
1.246317586894932106e+00
1.053877127832227201e+00
1.180633756326599171e+00
1.141829507719901882e+00
1.143260442421359047e+00
1.032502627379120907e+00
1.068190576928863100e+00
1.134549022422230991e+00
1.413808067191734130e+00
1.873376368032481754e+00
2.288388597759923648e+00
2.074331465215153436e+00
2.213315487209543519e+00
1.934923309236093791e+00
2.001149777990407941e+00
2.064907889586248491e+00
1.873896502291863886e+00
1.862884059242275292e+00
1.894390835262018458e+00
2.179623345711181326e+00
2.080181156727938685e+00
2.408232941100688862e+00
2.165233550965284248e+00
2.455566982468451176e+00
2.135099614193904927e+00
2.172903473419212528e+00
2.093869696600347829e+00
2.499701252127327411e+00
2.222145284567749624e+00
2.025866046269610532e+00
1.959249416745520778e+00
2.058907769970413693e+00
2.093946454120704903e+00
2.125701225651217552e+00
2.176604091137972485e+00
1.971030971105285801e+00
2.298113025074389082e+00
2.269482916609504297e+00
1.644817855474898893e+00
1.511315911371709619e+00
1.477123526246626462e+00
1.905809889315941863e+00
1.984550841619618033e+00
1.767024640668119817e+00
1.930149414452011047e+00
1.678183595431051778e+00
1.732298313350649543e+00
1.489755942323831794e+00
1.499595297481497891e+00
1.857117903742410592e+00
1.969260745242959576e+00
1.791693969821083421e+00
1.781161805773899376e+00
1.826678427910197300e+00
1.732234001320178240e+00
1.587102326988905521e+00
1.422492145520584117e+00
1.456999907008344364e+00
1.480982320021375198e+00
1.059564773806174198e+00
1.216138846881849922e+00
1.383520852294066295e+00
1.504815023669613394e+00
1.485317286667943382e+00
1.539824278788246792e+00
1.588302195887816737e+00
2.019828314543608005e+00
1.884356175612612816e+00
2.076960372785188635e+00
2.089083474321826284e+00
1.710295802461028636e+00
1.985016730388144524e+00
1.880021802957990040e+00
1.925776604193933927e+00
1.856142404801888190e+00
1.619965409939383649e+00
1.454039812658730835e+00
1.357440504776083579e+00
1.558078018385003372e+00
1.438913250265263066e+00
1.507384255267707251e+00
1.166731998122622072e+00
1.516533928117434593e+00
1.520246029410308397e+00
1.796072168924707002e+00
1.828361315723301850e+00
2.170205921557474493e+00
2.187164249062545807e+00
2.332188784002159121e+00
2.221939643693773725e+00
2.279889211399793059e+00
2.194320404486653775e+00
2.002680151700079403e+00
1.894335522399142935e+00
2.186867637665189879e+00
1.925595268747954059e+00
1.771595380987808888e+00
1.661271509054136786e+00
1.685415634839598553e+00
1.705364620289319566e+00
1.585703811493738069e+00
1.642497849037592772e+00
1.504055371985353107e+00
1.847560858293733732e+00
1.644331035088248960e+00
1.468672955635861532e+00
1.418538140150698901e+00
1.575756734951933913e+00
2.262245528533838534e+00
2.297503277844076042e+00
2.205910140826362831e+00
2.135950015952605252e+00
1.855865798869674954e+00
2.038807547799343478e+00
1.398004711288056034e+00
1.561007369316387505e+00
1.406987447578265327e+00
1.390425853770695719e+00
1.740579923969755249e+00
1.482725907334963678e+00
1.675778472978284306e+00
1.820765845642928316e+00
2.053958314842595723e+00
1.698726001292683030e+00
1.412393777948377505e+00
1.405158177814146203e+00
1.026639382223889729e+00
1.778908457553967981e+00
1.637838650111372862e+00
1.280696534176153367e+00
1.668995947442911465e+00
2.093730945561071977e+00
2.067465400842469769e+00
1.791029988273355134e+00
2.060250279727646294e+00
1.901687276794525649e+00
1.846629933884738950e+00
1.548063977161692639e+00
1.466719653198517159e+00
1.404641004834285889e+00
1.581077823230484514e+00
1.306149424707395923e+00
1.359395133561671631e+00
1.535808953501984986e+00
1.499384490886328525e+00
1.702231825084446148e+00
1.345711956786393992e+00
1.122903915139902953e+00
1.290246356515369008e+00
1.143089967730335443e+00
1.119034892100844392e+00
1.030478886383824344e+00
1.018806043822390262e+00
1.067412673819313707e+00
9.378755709566957144e-01
1.001974171492163945e+00
1.099963076232750803e+00
1.033665845030866448e+00
1.106147171453897959e+00
1.584490039207808731e+00
1.829891203993879500e+00
1.310300487612963583e+00
1.280720802598356522e+00
1.077802227377133493e+00
1.270371286840901393e+00
1.401806392406281576e+00
1.096508004768661060e+00
1.081682583560781508e+00
1.093514110053691812e+00
1.050994455810916328e+00
1.092665626117060862e+00
1.348423883679799928e+00
1.508801734240433623e+00
1.352565452542513258e+00
1.208175210660068721e+00
1.015177296070660651e+00
1.151741211946768262e+00
1.219220746878642458e+00
1.102806273972738449e+00
1.427588765261559978e+00
1.604310028848245029e+00
1.842683699927452068e+00
1.705431799713245100e+00
1.623376240466321896e+00
1.259981978590959173e+00
1.320151329892420566e+00
1.286439506159828605e+00
1.378929554731299856e+00
1.198654237119560761e+00
1.413877593546388756e+00
1.714215414629053136e+00
1.702150842149115384e+00
2.040831673845979743e+00
2.341442198138782071e+00
2.292041099688222339e+00
2.394671751565737416e+00
1.944073405121785392e+00
2.268772093607003271e+00
2.201364070528224026e+00
1.880132542160493081e+00
1.690302494632215158e+00
1.557110131602656766e+00
1.965710520735245659e+00
1.987212162920441116e+00
1.780768176565006078e+00
1.871208984442381595e+00
1.525778143780147200e+00
2.107680741442338412e+00
1.674119073887350595e+00
1.606448567752241319e+00
1.415202271176318138e+00
1.255440430078620162e+00
1.353273115185942732e+00
2.187702749171894112e+00
1.941477084704418488e+00
1.864621655706821146e+00
1.734229862919052012e+00
1.697120216998841080e+00
1.292390048333107000e+00
1.305705079891789300e+00
1.136909820140322269e+00
1.501812391272996816e+00
1.799811286213613304e+00
1.832905243813946816e+00
1.919529603084491276e+00
1.586689575753721382e+00
1.881070353806438833e+00
1.738250217500112660e+00
1.523576569400830971e+00
1.476325616998864110e+00
1.479417240425697333e+00
1.633041163677983576e+00
1.409420973663763954e+00
1.429768644212026318e+00
1.412342917629570316e+00
1.362702450324212888e+00
1.569591051031731688e+00
1.577590526919203429e+00
1.573699721875441160e+00
1.412543940294211930e+00
1.258668014940774516e+00
1.352532656777524878e+00
1.156705589874220896e+00
1.313071988297575210e+00
1.445542274814320072e+00
1.205510585407788771e+00
1.059069852102823450e+00
1.143837630579580322e+00
1.384306239281319462e+00
1.473285058440046313e+00
1.357290173554846824e+00
1.433066500975119340e+00
1.237767952929307747e+00
1.310323751406354820e+00
1.651267840711529988e+00
1.276775357147872825e+00
1.459375999795339052e+00
1.590664723536141745e+00
1.523416700188983119e+00
1.356863740882209290e+00
1.394161799109618016e+00
1.616343911485230933e+00
1.588433874005665825e+00
1.488975465192505787e+00
1.476550908141205598e+00
1.875494895277953988e+00
1.912615296801231102e+00
1.546102784954408671e+00
1.990696986970679649e+00
2.109332145540117942e+00
2.070252467307124533e+00
1.997120302529842739e+00
2.258073330449060556e+00
2.133761598578828966e+00
2.067887883915499714e+00
1.426176272275157642e+00
1.390810449134039395e+00
1.124799127022641843e+00
1.244897515100666929e+00
1.193161647356278721e+00
1.073097734117194113e+00
1.114018187090028311e+00
1.366061205153820568e+00
1.083400755764970524e+00
1.619540063682963327e+00
1.817223081573506427e+00
1.849206358747166989e+00
1.816837772668762119e+00
1.789872969561920435e+00
1.736680423047124000e+00
1.525854466549429578e+00
1.569068444869333723e+00
1.199804168961305484e+00
1.292517530169286610e+00
1.426758261858350307e+00
1.307699865226153113e+00
1.226381679655508705e+00
1.566515812447767830e+00
1.533751844789574159e+00
1.339603627277096587e+00
1.383573686248026569e+00
1.472307862224631059e+00
1.419520601000456184e+00
1.425893246716764651e+00
1.203283788258338927e+00
1.236730088220613588e+00
1.297981691468440779e+00
1.399671941455605584e+00
1.366381029136944925e+00
1.452063423870541437e+00
1.384587712841328200e+00
1.246885759022500650e+00
1.195571807951588461e+00
1.027968615918454232e+00
1.138370575735126566e+00
1.252999840486820782e+00
1.680909084313201962e+00
1.834152497437595786e+00
1.599402018741824749e+00
1.758743423879040257e+00
1.621484764395517253e+00
2.029046639497571913e+00
1.528579277609416698e+00
1.560533654630011702e+00
1.114126517202709499e+00
1.187646343256165249e+00
1.237333601777787395e+00
1.245046557893964234e+00
1.116436803824099711e+00
1.270134832578357464e+00
1.805609357483248578e+00
1.764520489020705796e+00
1.216773860439471555e+00
1.418836489709621285e+00
1.395254644597817562e+00
1.215403237827783478e+00
1.173920925832350637e+00
1.133093424675208460e+00
1.113338076956827294e+00
1.048498348783460488e+00
1.181900619771497629e+00
1.375006702948963433e+00
1.257449112170058836e+00
1.119730954547401902e+00
1.055935324801694275e+00
1.405760382621391358e+00
1.433501565326556815e+00
1.125066408064822943e+00
1.217044553871396095e+00
1.341493388446252988e+00
1.360570750033520904e+00
1.602282091405080600e+00
1.994599409850542404e+00
1.741388681005130668e+00
2.126798967687550501e+00
1.745239810837593497e+00
1.342043829157355983e+00
1.429802689970393503e+00
1.392976122911857573e+00
1.365113397874159640e+00
1.401497888050330820e+00
1.484552155659108141e+00
1.183206415246223164e+00
1.323600460829708503e+00
1.463857802610271541e+00
1.529530472169036592e+00
1.836923240290398995e+00
1.585552441424502135e+00
1.384323162177680588e+00
1.518094648824671822e+00
1.504628601573542390e+00
1.149440499007715166e+00
1.406927810512444310e+00
1.490908722426053101e+00
1.421040132587164662e+00
1.156983231436482074e+00
1.171376783805166744e+00
1.127685679382385286e+00
1.004047146533040058e+00
9.769737791320237674e-01
1.007271711018250748e+00
1.344535133981320518e+00
1.144538876920087267e+00
1.193967109095140922e+00
1.241009580747424623e+00
1.762075576982991443e+00
1.317071709423991877e+00
1.397367944002783524e+00
1.722008726354409269e+00
1.562614514904499430e+00
1.479926353638741254e+00
1.827867149451147144e+00
1.753735697399091187e+00
1.312333498349214977e+00
1.390715694029008853e+00
1.224046025585316722e+00
9.830316256892305260e-01
1.012846601817321224e+00
1.277864067917421131e+00
1.398198371377910476e+00
1.197374329879269395e+00
9.635110611281585413e-01
9.995951671912775005e-01
9.296320655936023414e-01
1.093127616811248926e+00
1.064641143754441188e+00
1.235517521982519407e+00
1.221759827851323754e+00
1.379503903301324996e+00
1.585918730619920503e+00
1.800193063421236861e+00
1.840120104199822082e+00
2.016128988108066622e+00
2.049438426968000826e+00
1.988309423476281701e+00
2.049016951051874980e+00
2.096636788575251042e+00
1.794128874252558070e+00
1.473734738913167419e+00
1.645444848215070310e+00
1.686610310728254847e+00
1.412718304809569503e+00
1.381380647708938758e+00
1.431072085484757173e+00
1.106757125152958210e+00
1.430632861289661495e+00
1.533853510160382960e+00
1.454264967993731617e+00
1.324782317066317994e+00
1.743189287555622746e+00
1.666955419806767313e+00
1.355377406323732270e+00
1.532377065413477624e+00
1.437636448291308655e+00
1.162943768484189899e+00
1.093883802464912902e+00
1.864040492702811136e+00
1.486658243841955773e+00
1.489260503877802178e+00
1.432993923229664901e+00
1.604775870083613221e+00
1.337633663737394230e+00
1.207735610448603891e+00
1.284678377737971333e+00
1.326688746895865911e+00
1.668110643368667212e+00
2.018331983772353233e+00
1.864537905611893143e+00
1.885138727691679339e+00
1.679366161111372824e+00
2.083790831150845957e+00
1.550123344722487140e+00
1.347181379054054995e+00
1.176393441244984794e+00
1.261248432430719157e+00
1.617646576380064705e+00
2.219688842043621602e+00
2.165474458284887049e+00
1.869254172155720539e+00
1.890675519449792619e+00
1.956819536486395394e+00
2.117039242454439307e+00
2.660300299149383818e+00
2.028940287022636291e+00
2.110568754492840426e+00
1.790585270499535753e+00
1.657504025579923823e+00
1.517640824939205935e+00
1.843032492278774859e+00
1.780628648195282215e+00
2.075995593430214559e+00
1.947793147776101241e+00
1.667525597514707414e+00
1.493606435109349206e+00
1.484547803825968959e+00
1.457613228566407848e+00
1.413343790777363829e+00
1.826000650828407679e+00
1.736661508137272492e+00
1.623852802329980749e+00
1.650179101863892273e+00
1.702204286947161194e+00
1.521997620928931427e+00
1.351194334561030441e+00
1.492580864774895932e+00
1.429349958946790844e+00
1.127783616983519810e+00
1.153359072458479018e+00
1.599366095480839967e+00
1.486110500442226146e+00
1.395433987290907840e+00
1.550958857299757909e+00
1.844094363317034357e+00
1.979982219559856649e+00
1.888657161604996304e+00
1.473299940662109453e+00
1.870380593066840902e+00
1.917381046820888280e+00
1.826421914875597796e+00
1.678419918240315445e+00
1.836122685381601505e+00
1.900335036236983743e+00
1.613415873457684002e+00
1.240641979403799500e+00
1.302921735416842752e+00
1.213729619610391275e+00
1.068689332675826886e+00
1.410053783581842302e+00
1.253465349646704530e+00
1.008259066954482419e+00
1.598644321680405378e+00
1.358043205399471764e+00
1.632032497099030754e+00
1.661891100168515933e+00
1.754039846051633322e+00
2.017863667660894755e+00
1.903876596462766857e+00
2.108877342873401783e+00
2.127211529500560694e+00
2.337558756088319534e+00
1.876308761259442903e+00
2.002722859337429551e+00
1.915574539989137293e+00
1.646038404416729550e+00
1.505400176870880014e+00
1.215430321528390145e+00
1.189599659512439622e+00
1.155340232248306176e+00
1.156853943701124487e+00
1.152594558690428261e+00
1.267118918463653987e+00
1.395972443257079032e+00
1.408548396131199087e+00
1.169040172359372853e+00
1.093499153259673617e+00
1.595917976857082365e+00
1.097558074176295806e+00
1.057678883644822987e+00
1.024156874011252993e+00
1.732676729820480821e+00
1.521084871283622686e+00
1.487134144009375047e+00
1.579223063416875794e+00
1.843871411502333801e+00
2.002906890522888617e+00
1.815310248132993243e+00
2.072816874163244449e+00
1.806253796607858453e+00
1.615885723773677896e+00
1.687700707456226246e+00
1.701942500911157286e+00
1.632692860907484222e+00
1.930036383488159091e+00
1.968147117277871949e+00
2.359109755215869964e+00
2.093289762835745638e+00
1.891160526714675161e+00
1.725729684293332955e+00
1.506100116887909346e+00
1.615813833224847729e+00
1.430561697517351627e+00
1.752781529612793765e+00
1.883791810106492992e+00
1.794532336530386463e+00
2.071158974879571346e+00
1.980520942846145660e+00
1.674869786117820114e+00
1.876596659963102987e+00
1.817835882487565335e+00
1.535258907033238751e+00
1.971207286744959264e+00
1.997873700241480366e+00
1.941356455041063800e+00
2.144483686546381218e+00
2.270583705400285535e+00
1.895902957028709146e+00
1.723340754016004173e+00
2.055533589750698553e+00
1.897005812149341608e+00
1.940228841107849878e+00
1.882538613316369736e+00
1.654933263744284178e+00
1.857420516332696891e+00
1.979112013890120370e+00
1.821080688423318383e+00
1.547670325733208951e+00
1.539181210472546191e+00
1.195440139642735877e+00
1.067845323772692812e+00
1.385853025438307240e+00
1.739245496993455653e+00
2.019939051926582074e+00
1.473376323601571336e+00
1.741224784412768845e+00
1.746992675704007958e+00
1.772605600654708402e+00
1.586822805819711135e+00
1.546199196833436318e+00
1.993276090069336481e+00
2.267780600200298036e+00
2.435360503930952714e+00
2.070420903187567330e+00
2.071335861210127582e+00
2.149623993866850657e+00
1.982869736471865485e+00
1.744257850974917368e+00
1.815097302370027865e+00
2.162371547164918084e+00
2.165965322646531632e+00
2.253507832202144012e+00
2.381797494386196590e+00
2.186410945272078798e+00
1.977878520845537169e+00
1.889167083446881668e+00
2.133319176681362173e+00
2.043507918052522854e+00
2.311068315809116758e+00
2.170639969701277483e+00
2.393897748645354095e+00
1.915775701890184424e+00
2.224448695883239235e+00
1.995157151404221452e+00
1.835516280491757302e+00
1.502413698812020471e+00
1.870134605841520248e+00
1.658374602215437754e+00
1.618562900378806901e+00
1.324704458192053291e+00
1.463961809499625844e+00
1.101795671627165962e+00
1.156416284156039254e+00
1.273823831336841739e+00
1.088763158643850204e+00
1.048094659998376033e+00
1.178979336322257376e+00
1.216127932820359581e+00
1.402556738864526809e+00
1.525572682342724473e+00
1.644758447133391588e+00
1.699265615275566077e+00
1.730314489477892792e+00
1.925716446857059116e+00
2.044018577447243690e+00
2.057735295522928887e+00
2.415378167053911174e+00
1.910750993926087604e+00
2.222250930433079752e+00
1.807075967087362400e+00
1.925173767643042710e+00
1.873063660847562151e+00
1.733717741665096845e+00
1.605394049599997430e+00
1.623182757334696191e+00
1.710809104630961919e+00
1.884828941375841227e+00
1.397176289735392318e+00
1.530374471390618218e+00
1.414236409908722347e+00
1.353491974322839297e+00
1.429757162817571370e+00
1.857327496329946870e+00
1.738457813032821653e+00
1.668338454018617689e+00
1.438729801644372364e+00
1.336304640975462421e+00
1.546962013665505564e+00
1.534521754017848627e+00
1.525129065900932224e+00
1.539438061490215226e+00
1.292114368732805829e+00
1.282375183555290121e+00
1.222267295292894573e+00
9.723295218145934227e-01
1.025348272964651919e+00
9.820228772890969848e-01
1.049732342001173491e+00
1.055628734645389644e+00
1.264616673759325183e+00
1.753896981047778247e+00
1.529075720631114965e+00
1.683218262015936606e+00
2.167714761931485157e+00
2.728861275549217424e+00
2.597048719256914939e+00
2.295160597171612249e+00
1.856266706893436425e+00
1.831975201045025869e+00
2.095689549457460554e+00
2.143222609933706835e+00
2.047914194474837135e+00
2.023295262589650090e+00
1.704838740375502315e+00
1.983275242959142037e+00
1.749004762444694938e+00
1.667594238014521002e+00
1.671088557655010520e+00
1.756231641248733766e+00
1.653821296159840415e+00
2.060324764080252891e+00
2.425304924132484885e+00
1.893099858996038165e+00
1.936385340864686500e+00
1.791317601341769761e+00
1.852149110757613348e+00
1.725169956139198435e+00
1.809947106466758049e+00
2.116827022597892238e+00
1.577438939648136973e+00
1.362609257033516430e+00
1.897791150812341288e+00
1.729955687077060489e+00
1.791034929035590473e+00
1.512136044432806026e+00
1.804115387390025749e+00
1.915410682909353568e+00
2.014886909136334392e+00
2.380890165406319259e+00
2.211589500306736067e+00
2.297974403801866572e+00
2.364888700820475531e+00
2.150601285516999805e+00
2.132708862609658862e+00
2.066913042771421960e+00
1.706553028782492154e+00
1.524488199922140019e+00
2.099310858984029249e+00
2.041789538009506799e+00
1.896526630642674238e+00
1.788047462896838802e+00
1.683874023066840309e+00
1.692973373792884040e+00
1.654346674181338406e+00
1.470231749755787964e+00
1.156048951926930579e+00
1.211535990043532296e+00
1.226280195997667910e+00
1.012180892416910671e+00
1.208890165570917219e+00
1.102467434274698288e+00
1.203604732668324129e+00
1.550075879579239091e+00
1.822620175586573188e+00
2.001413350073252939e+00
2.125887979576465359e+00
1.718636855906321204e+00
1.465262968242721398e+00
1.617277339419572746e+00
1.707447672919971460e+00
1.975725807884902485e+00
2.025693532515104422e+00
1.769390260832481410e+00
1.927170888100485202e+00
1.911322664150281625e+00
1.822212546543750200e+00
1.733567765904948876e+00
1.300834575418480910e+00
1.400481645019800547e+00
1.444943597683470138e+00
1.410624391324950766e+00
1.952022488158539737e+00
1.563121026633500055e+00
1.594600340828710605e+00
1.620562031061996811e+00
1.613468661760470546e+00
1.209700328171968264e+00
1.214784776788139009e+00
1.084524745479319874e+00
1.441010697036335664e+00
1.123469970014152386e+00
1.061500296238481633e+00
1.291132933208471778e+00
1.011669400629047200e+00
1.062188031297236490e+00
1.309327665092054005e+00
1.368421382900701255e+00
1.180679999444490091e+00
1.347558528687716306e+00
1.478783416902135217e+00
1.405177140209084685e+00
1.267070638121222892e+00
1.398324102885789344e+00
1.286221173924277927e+00
1.332444276442063646e+00
1.046584168168485096e+00
1.154684185396322560e+00
1.103891496152989538e+00
1.527353662052369110e+00
1.735295897089166317e+00
1.978331652202653279e+00
1.875574858793757294e+00
1.571289725101809420e+00
1.618862045705337538e+00
1.387046257925517390e+00
1.202030027707197357e+00
1.363625426721472467e+00
1.563028070010270998e+00
1.784560087725836297e+00
1.917928030933796713e+00
1.491636706126986844e+00
1.505230961215145324e+00
1.476315989963862485e+00
1.560013016517124207e+00
1.347909948271031055e+00
1.631801165104912688e+00
1.804376308634758619e+00
1.300785319118574979e+00
1.631422384922990521e+00
1.939528575593472581e+00
2.468842338151917559e+00
2.141817973724284840e+00
2.090766564364976432e+00
1.677235463571667751e+00
1.784773448564438203e+00
1.600294800746444368e+00
1.366929899153597638e+00
1.504564105226958493e+00
1.968136100628731233e+00
1.940553723967028965e+00
1.963704817829367677e+00
1.911809973339762214e+00
1.625869837224069414e+00
1.600742198427684393e+00
1.512605301141671577e+00
2.290261029441271745e+00
2.005401763511666768e+00
2.115147131231192912e+00
2.397948429636204803e+00
2.067966304808652733e+00
2.243737091182621768e+00
2.267990379941840384e+00
1.919165571431974859e+00
1.881064303026560358e+00
1.979476322209357209e+00
1.531139552647661439e+00
1.541380635134053989e+00
1.197849840923309372e+00
1.516999006464885058e+00
1.518908151714504662e+00
1.212508719545281943e+00
1.524396178257687362e+00
1.407114023603458497e+00
1.524997345841146323e+00
1.381990685301150767e+00
1.107763460335579930e+00
1.244395700282921347e+00
1.230274140832884555e+00
1.625258462428898376e+00
1.481945132923790265e+00
1.802431824850426301e+00
1.404033839088191016e+00
1.651104829186428091e+00
1.828607823952354217e+00
1.798331050383760399e+00
1.647234853400438626e+00
1.980479942759163725e+00
2.074932621068432237e+00
1.927432131453015618e+00
1.399044475171628887e+00
1.086610264608060872e+00
1.260844576691642072e+00
1.079439473117346004e+00
9.296171826330379417e-01
9.920269759531665787e-01
1.339254303665499135e+00
1.527061842310526441e+00
1.393959972077370990e+00
1.264474462891026940e+00
1.312216193958060551e+00
1.530252304789065931e+00
1.435921902816207130e+00
1.462728526490377767e+00
1.345857231827636058e+00
1.328726144822472088e+00
9.536956898079819167e-01
1.112890827168455443e+00
1.123970770033712263e+00
1.396931396618040555e+00
1.262202958570870726e+00
1.324765574867183826e+00
1.291382935004776078e+00
1.330162399286433317e+00
1.405015054023348142e+00
1.360299633147419973e+00
1.502246372856956391e+00
1.490760507462769224e+00
1.040157615953165804e+00
1.003001988590544791e+00
1.179413105703936759e+00
1.251761586048760977e+00
1.356483904830157350e+00
1.219197110766673697e+00
1.351451332700420949e+00
1.519283362854212172e+00
1.377480652743951373e+00
1.097993678503877524e+00
1.907863355452604992e+00
1.468885175899134587e+00
1.866643982465843621e+00
1.441128917294675738e+00
1.314038886705508613e+00
1.288969642320732634e+00
1.294557331523488175e+00
1.538905656391340360e+00
2.120955781475423851e+00
2.120534939198130076e+00
1.646067452413437993e+00
1.532924029801725929e+00
1.695164580888932626e+00
1.770896229249274700e+00
1.787149926268294386e+00
1.424999333344967312e+00
1.504280662813907821e+00
1.590613159739515003e+00
1.375442767553488599e+00
1.557885199906966056e+00
1.350906421956567627e+00
1.334877618218627049e+00
1.540164391731770444e+00
1.455886613667743745e+00
1.142178398711797938e+00
1.132847956060831107e+00
1.125040448373849866e+00
9.965157591367369561e-01
1.030737243663575553e+00
1.408697195827264270e+00
1.155983222391247400e+00
1.295881657934962128e+00
1.771795463106524693e+00
1.715806021082744381e+00
1.585491928800441208e+00
1.752594127090245202e+00
1.675453676929250069e+00
1.477465363401465392e+00
1.387655258074264264e+00
1.282455566793031743e+00
1.717921180346781540e+00
1.567994702999133239e+00
1.661820877812159480e+00
1.495141614284575482e+00
1.618323939626860941e+00
1.733101754124369398e+00
2.068800351782863700e+00
1.653965738681379749e+00
1.886218969059944461e+00
1.758895876974142514e+00
1.648092349140316548e+00
1.590528214788137440e+00
1.647468295529123328e+00
1.681363769089855742e+00
1.971868939960327083e+00
2.290466879460738792e+00
1.574220010407454629e+00
1.393513865164412779e+00
1.128320889385549641e+00
1.024252540126161071e+00
1.091934467124101360e+00
1.384416736205629217e+00
1.324036573152262530e+00
1.236736588567132866e+00
1.180759217548613460e+00
1.180099408909683456e+00
1.435584539281167027e+00
1.413380877353132670e+00
1.344887937767269781e+00
1.429693784710092119e+00
1.621964128063602573e+00
1.780128525527577388e+00
1.176754193486922784e+00
9.802966262593626467e-01
9.829084420815082934e-01
1.025163926935291014e+00
1.151945682484739386e+00
1.538434508721907568e+00
1.455252858726771237e+00
1.690288062019305260e+00
1.450574242533346769e+00
1.629051210309823361e+00
1.828768495356809076e+00
1.464176721250299407e+00
1.376551112692003809e+00
1.334379108196558583e+00
1.142336568286845155e+00
1.351933350693468538e+00
1.594932403459025538e+00
1.529002253164181147e+00
1.315412409942820826e+00
1.164473422851669104e+00
1.021491838640609773e+00
1.264269452160407425e+00
1.149324309294304625e+00
1.062830419421028294e+00
1.068364182995442668e+00
1.470407050688725015e+00
1.454363210467690237e+00
1.190787843471825092e+00
1.168602438710817371e+00
1.120306487092257441e+00
1.313715714675913304e+00
1.105037670374782621e+00
1.029059142945923266e+00
1.202401490577825749e+00
1.341392613761036579e+00
1.185948943802563438e+00
1.305753329077734559e+00
1.219074569280928166e+00
1.022366977934085597e+00
1.308962517555322336e+00
1.275120766212460621e+00
1.345879469982295129e+00
1.552177190695170905e+00
1.264794435751611879e+00
1.551045116806059720e+00
1.317886643051028539e+00
1.325963117341105058e+00
1.265829923741647267e+00
1.159144621643751316e+00
1.272434575045044092e+00
1.415398228256869562e+00
1.073539137863629866e+00
1.092247415536555355e+00
1.404318125557772801e+00
1.672543938875051595e+00
1.522751278883879955e+00
1.559616670166618091e+00
1.865509203832891316e+00
1.929967414762111533e+00
2.283466762384871895e+00
1.787793897874883520e+00
2.027664674153365265e+00
1.977168987882019113e+00
1.833063345490575591e+00
1.704462619679141033e+00
1.701143691428711469e+00
1.893545714137351510e+00
1.805730965080162065e+00
1.655982574226007031e+00
1.401172498063871785e+00
1.704448439475647392e+00
1.683946806206280788e+00
1.385252852542773638e+00
1.580372999452784866e+00
1.408185846115050488e+00
1.849887681401043871e+00
1.677799725393632757e+00
1.607025816830746967e+00
1.466511063846352769e+00
1.415121121706589991e+00
1.548667705781967996e+00
1.119756170675467954e+00
1.155128405797613222e+00
1.181287153387095001e+00
9.251190114333818215e-01
1.281846714337061544e+00
1.337511535379647398e+00
1.323185129303425800e+00
1.799503047650075294e+00
1.580216370792734137e+00
1.681820999008695638e+00
1.954464643509298272e+00
1.682275198224329360e+00
1.572418258888807596e+00
1.724367040346301838e+00
1.657903205642058175e+00
1.902122714252858060e+00
2.027973033077489884e+00
1.975116072031287251e+00
1.732765600878054757e+00
1.763987482032474574e+00
1.595723178528731578e+00
1.171618644242251372e+00
1.326401656266687379e+00
1.433023236789428001e+00
1.360944469770691834e+00
1.695758784024479215e+00
1.670712280438797270e+00
1.716892087157843028e+00
1.254599321650820443e+00
1.198772494511196163e+00
1.020283593673219524e+00
1.138304248025014065e+00
1.283169357629968088e+00
1.148033959909425139e+00
1.121293147282133251e+00
1.211225723713782898e+00
1.045620418744756419e+00
1.225658527610933746e+00
1.021397541473292758e+00
1.121999366739803383e+00
1.362625363486540842e+00
1.450950191434458025e+00
1.529207416855597357e+00
1.547724641488531727e+00
1.512899234190203446e+00
2.062025262109411283e+00
1.993340426963203571e+00
2.032833436052386311e+00
1.829462291642475869e+00
2.004089877068788272e+00
1.999628795567637063e+00
1.873773954047412760e+00
1.724824601147189274e+00
1.726481791552159750e+00
1.687892472995129900e+00
1.859023465292442001e+00
2.253674050743880830e+00
1.890491423670044968e+00
1.928176065026927732e+00
1.795928336296123806e+00
1.838789496024928916e+00
1.956942383681633535e+00
1.839268867879357616e+00
1.531828078161665552e+00
1.752200229169985635e+00
1.707605432211653396e+00
1.905576781997731395e+00
1.319731697910592416e+00
1.976556902889947898e+00
1.979528041969197183e+00
2.110105726009006588e+00
2.000968360629415965e+00
1.629345171050592400e+00
1.482480772041749217e+00
1.350598508327356395e+00
1.559007619371517439e+00
1.285203419606567365e+00
9.511547597492470141e-01
1.117763226080840777e+00
1.182591334502373526e+00
1.031519267497943870e+00
1.189787475001223394e+00
1.259177665402342328e+00
1.577058215624267845e+00
1.998443189563415601e+00
1.932308979011712502e+00
1.425675467524012641e+00
1.308717289194984312e+00
1.644329555955735600e+00
1.504539606986346367e+00
1.434504377630452909e+00
1.761967220314820670e+00
1.562998088355426196e+00
1.518483048740062680e+00
1.516854062678334003e+00
1.953585466016326766e+00
1.888408357221828204e+00
1.903612219474587253e+00
1.371574540055856106e+00
1.280486865336577740e+00
1.576952287754438853e+00
1.218711185297657984e+00
1.181328046771332296e+00
1.291919535207735281e+00
9.668238643009070543e-01
1.068256343534931041e+00
1.322748243561295389e+00
1.536892995684027596e+00
1.449208720312120668e+00
1.170973359778135547e+00
1.270079073296557670e+00
1.091034177881064826e+00
1.185458690624962452e+00
1.065658882561131060e+00
1.070633916287616838e+00
1.265742481497110772e+00
1.189162591610290587e+00
1.137400621092346853e+00
9.552953324356636688e-01
1.063013840218540285e+00
1.194444434034779512e+00
1.215175772286530176e+00
1.408908662429330549e+00
1.717232003260326767e+00
1.959848585553278344e+00
1.584800608420706913e+00
1.703320714808652658e+00
1.468643062532356103e+00
1.713804062560803976e+00
1.832949903775305422e+00
1.530084951790349201e+00
1.896738760219120357e+00
1.866511970093528650e+00
2.035777428015927537e+00
1.916678173491678239e+00
2.469384416675863392e+00
2.424021138965073430e+00
2.132032218623759690e+00
1.966449104941668358e+00
1.886400838660077461e+00
1.689908802544510369e+00
1.851960844592654531e+00
1.933615432546755830e+00
2.180731324267154214e+00
1.909366182061214889e+00
1.661341929431858988e+00
1.586127824803486908e+00
1.874931145720139192e+00
1.673254828747989365e+00
1.554317389226962831e+00
1.433815902525311881e+00
1.570077538452665067e+00
1.819053524916488973e+00
1.918176918858931046e+00
1.880415131478239577e+00
2.060965665095827237e+00
1.908053627101510941e+00
1.588828295762791498e+00
1.722930966092691696e+00
2.024744179429603275e+00
1.669863396054888982e+00
1.544544769394876393e+00
1.313803539098642226e+00
1.435321339281600217e+00
1.352089938711828809e+00
1.538832997449657736e+00
1.438074633958207782e+00
1.473845398350485780e+00
1.595004100552741111e+00
1.688323052475262376e+00
2.212949641465245421e+00
1.610014651704252620e+00
1.970812511435894976e+00
1.905750521747901605e+00
2.015361315412593779e+00
1.503003613991424459e+00
1.340757047383709377e+00
1.400955205316877894e+00
1.504443957338310378e+00
1.220862226600872624e+00
1.226501480322491178e+00
1.104840749124139210e+00
1.303745430950952411e+00
1.204375465150620883e+00
1.365709704423010651e+00
1.545666909387287014e+00
1.552543498467166438e+00
1.712314773773922383e+00
1.695944046106438341e+00
1.506141473441559464e+00
1.577884389330432624e+00
1.455528032525946980e+00
1.856055660830528753e+00
1.814843682972927530e+00
1.396338010208408642e+00
1.278626260341042098e+00
1.202937574695007505e+00
1.154825499540938827e+00
9.496992011548623935e-01
1.025075882338387201e+00
9.793811533357624777e-01
1.212681657156516435e+00
1.175484166290557075e+00
1.253459477975307657e+00
1.257939530034932751e+00
1.292194037869109247e+00
1.561982373310048189e+00
1.718398987672528522e+00
1.380796249653376329e+00
1.178955959746717630e+00
1.250735630862783498e+00
1.382460654973946435e+00
1.313312526786405421e+00
1.355746199997113433e+00
1.395381662072243456e+00
1.399732697252837443e+00
1.220430592737155040e+00
1.242090403005041255e+00
1.438229554971560020e+00
1.767965247012747376e+00
1.897362744861888162e+00
1.855175723423661882e+00
2.004574027713450945e+00
1.872229672674192047e+00
2.236702560243041482e+00
2.359542347291216924e+00
2.498576653760386179e+00
2.257233186030966010e+00
2.245194306452428901e+00
2.120847446959380544e+00
1.867645842806219481e+00
2.039194598605426290e+00
2.030241378123130325e+00
1.813101713568222806e+00
1.712641506571871419e+00
1.523501315918503574e+00
1.829053345187772850e+00
2.088667990620313386e+00
1.665713009809954404e+00
2.265987618902431056e+00
1.863709395233322796e+00
1.848286508848060450e+00
2.070863290839055182e+00
2.138864215070058972e+00
2.290482169081557995e+00
1.970100021241881549e+00
1.465215887302148801e+00
1.515825765299198880e+00
1.313990042835252448e+00
1.361526768114231789e+00
1.452335800866114912e+00
1.585496928813572071e+00
1.334221940897734271e+00
1.129743465290969473e+00
1.455531324585193076e+00
1.399264674192615576e+00
1.497275716186337924e+00
1.753738494376549939e+00
1.753240167255443627e+00
1.976499122199507852e+00
1.493652715225526784e+00
1.930102619273120546e+00
1.770129188728107650e+00
1.229340520944649073e+00
1.182691304771506413e+00
1.211673873259694112e+00
1.184162359030927369e+00
1.182859512123033197e+00
1.452411206263400700e+00
1.467444290643971083e+00
1.696640532609442475e+00
1.633303714425669684e+00
1.696296537404978100e+00
1.689972218959600925e+00
1.254914007122932773e+00
1.516712485534069899e+00
1.797378721963717840e+00
1.552126075949810780e+00
1.086160889272360430e+00
9.837185570871418427e-01
1.087639330214877686e+00
1.225456189086338910e+00
1.306719177100997165e+00
1.770918695681770849e+00
1.672105332531796940e+00
2.254598133718906272e+00
1.675214130273250168e+00
1.650499179659453919e+00
1.867058021623831499e+00
1.902030062793121479e+00
1.643260286083708666e+00
1.807502327385475782e+00
1.858298962789153741e+00
2.066950318218614857e+00
1.730281896771985961e+00
2.271775782817918365e+00
2.201081744268508888e+00
1.924786813822297660e+00
1.587993259968446758e+00
1.807008483732687409e+00
1.663930169365744893e+00
1.853069628209910391e+00
1.867426270747204242e+00
1.801402171405942498e+00
1.579995456699130552e+00
1.918186661678990212e+00
1.432810683093150184e+00
1.478968681710603583e+00
1.135220692292750577e+00
1.329483380193622999e+00
1.474074902615682081e+00
1.118199237214929864e+00
1.208389625072530338e+00
1.293027177617505963e+00
1.054076262784405138e+00
1.140628255983365147e+00
1.308348185446936318e+00
1.106140101006695353e+00
1.415859218593423785e+00
1.352571296870970885e+00
1.449410226442837013e+00
1.145747233631475792e+00
1.100659955972389303e+00
1.058619002411885335e+00
1.423959008929148728e+00
1.649858648204104883e+00
1.765065730315445780e+00
1.685343029833509476e+00
1.763475799909750341e+00
2.094754359406412192e+00
1.801450612716495758e+00
2.000501034831940750e+00
1.608325958865295169e+00
1.748511290636302284e+00
1.214479291033937480e+00
1.717138306993291286e+00
1.989398045688305361e+00
1.839277055982543985e+00
1.752674908515831298e+00
1.471603281233033300e+00
1.930263490873480370e+00
1.679212388550389790e+00
1.401752147595286102e+00
1.666688520485538394e+00
1.592272378483150952e+00
1.562821731163475114e+00
1.512896437114182646e+00
1.764713422196387604e+00
1.796136971834712215e+00
2.095558318799863873e+00
1.985452591832858715e+00
1.935221844933853408e+00
2.389552496756457423e+00
1.926006620389623114e+00
1.903774754928339696e+00
1.881013403266146078e+00
2.258980012824193917e+00
2.017848127087801924e+00
1.995332822374994652e+00
1.623065531089788127e+00
1.136941596343194361e+00
1.061325859412731054e+00
1.275495866156466596e+00
1.091975260988871099e+00
1.068793464927323411e+00
1.302543232988313981e+00
1.163428368155025483e+00
1.299026208072651123e+00
1.256739601810238360e+00
1.240030833448601877e+00
1.243302557030882660e+00
1.356309968323408111e+00
1.360584710840642142e+00
1.122180704733514167e+00
1.204293361265523554e+00
1.124180384738127314e+00
9.358742306442412451e-01
9.726004780607357958e-01
1.141664490992592595e+00
9.875065619003543516e-01
1.121701267835406801e+00
1.256596572565802816e+00
1.495786923370984844e+00
1.174482099964093251e+00
1.189030725988323489e+00
1.348793619997255000e+00
1.219916280806980557e+00
1.503928311087635139e+00
1.542340402892207640e+00
1.489495254769363175e+00
1.613826426868956609e+00
1.593458467828640535e+00
1.547411531887944225e+00
1.280421943676747887e+00
1.049307056014190831e+00
1.028650931388564116e+00
1.103389645462861113e+00
1.241297891028730227e+00
1.375301957609895043e+00
1.173860460564172925e+00
9.415565985717494479e-01
1.021903187034908678e+00
1.036622464182399339e+00
1.047424753735963110e+00
1.070871427975990775e+00
1.138910832469484102e+00
1.345535520245860983e+00
1.091859768245489137e+00
1.116667847733957331e+00
1.323963441857216594e+00
1.386380782968074765e+00
1.514578097977356652e+00
1.660474124917921124e+00
1.712866220613455726e+00
1.757106554009119082e+00
1.924347638050945664e+00
1.877009228727729795e+00
1.588266259746678122e+00
1.859524175326806805e+00
1.600756453926945655e+00
1.878473054883198490e+00
1.893524581941537610e+00
1.784890816897577670e+00
1.954246850145713310e+00
1.911509758700109529e+00
1.937392249190806215e+00
1.680350081685163977e+00
1.741872481284781449e+00
2.050827772077023603e+00
1.787170615863901579e+00
1.958074201902307410e+00
1.848038874860799652e+00
1.741145165778797299e+00
1.926042067848396044e+00
1.681513530868805617e+00
1.601082502324657986e+00
1.787539090430477984e+00
1.912133780719715848e+00
1.950184086738135480e+00
2.107180309547370456e+00
2.037747521158215669e+00
1.903133729456551571e+00
1.605944151400712006e+00
1.401312985928870880e+00
1.412096308471900707e+00
1.315949204307753417e+00
1.292582019182318964e+00
1.414576565275990516e+00
1.477210790946488217e+00
1.541860002055877477e+00
1.400798690047050821e+00
1.238262094163789628e+00
1.323513911744395699e+00
1.721542513606669988e+00
1.798744422746406446e+00
1.999687878129251750e+00
2.157779689699584669e+00
1.815771338046409999e+00
1.773170757622905658e+00
1.790680619828631581e+00
1.933666618947508686e+00
1.599924619741643683e+00
2.026946185858149008e+00
2.017406049563637449e+00
1.748314827112888770e+00
1.544815044645069468e+00
1.816763517609924383e+00
1.756900603775697123e+00
1.527764780295300495e+00
1.779991372264903227e+00
1.691067938665314019e+00
1.686397029741237619e+00
1.535890357228905323e+00
1.687354498476225650e+00
1.444609728940782878e+00
1.327022648255127280e+00
1.250958783769758664e+00
1.292373110207251763e+00
1.392435219271953351e+00
1.399525950650316375e+00
1.547817927159387708e+00
1.348200179481626293e+00
1.523972269534065838e+00
1.324543556133845668e+00
1.577411557095567129e+00
1.585420198377630374e+00
1.849990842547636349e+00
1.700674634477479463e+00
1.496565654090339814e+00
1.413458621732831766e+00
1.604238982084023268e+00
1.420467040400545500e+00
1.599664175436827263e+00
1.237257015398866900e+00
1.385959326925658264e+00
1.196794735671665055e+00
1.235510559193913949e+00
1.567102000490108615e+00
1.434691404168322082e+00
1.318381990516026558e+00
1.469407225074504497e+00
1.051370354816762998e+00
1.256827316867308086e+00
1.055761680051923390e+00
1.224292562235666626e+00
1.231750667314956971e+00
1.474397175525381298e+00
1.129218939616823736e+00
1.429173581609471055e+00
1.482402060356757145e+00
1.012704926457701715e+00
1.004548027509043928e+00
9.787878120723295661e-01
1.403291580421630602e+00
1.310598781605269103e+00
1.208670420058867156e+00
1.165801705049637205e+00
1.263309434800083286e+00
9.997777379393139041e-01
1.140936447126841058e+00
1.322296417327014861e+00
1.415168184600463119e+00
1.615640341922706114e+00
1.451216695117878430e+00
1.586715986596973993e+00
1.641907204150597099e+00
1.481267063251640259e+00
1.933294608420452976e+00
2.004068774215642446e+00
1.975034486263337774e+00
2.211462241774645676e+00
2.162388132464090340e+00
2.090179583593533508e+00
1.675866166020535619e+00
1.545380494000221816e+00
1.552013767021877655e+00
1.353623511831772097e+00
1.664451739883748616e+00
1.375480559258574376e+00
1.486171703807041444e+00
1.288389060853204482e+00
1.768319042024246279e+00
1.572268744294520237e+00
1.191376330890357105e+00
1.225123493478767145e+00
1.404432875650485135e+00
1.536548989502688700e+00
1.526010131992853180e+00
1.550038272605384959e+00
1.453297655719192560e+00
1.658263009782452890e+00
1.852844343174097519e+00
2.082075282909839231e+00
1.872261190806367104e+00
1.929411793755042126e+00
1.902953855480733925e+00
1.616524987607889319e+00
1.458922714136718479e+00
1.420715717561236602e+00
1.350936783651500717e+00
1.213795646681404605e+00
1.575646322654842502e+00
1.877330880107994648e+00
1.710663964221273758e+00
1.512402511175264141e+00
1.553863816704033507e+00
1.612594587474926788e+00
1.418384627991418956e+00
1.628142256672506782e+00
1.557025478235464000e+00
1.269018298849340365e+00
1.461388295126782033e+00
1.463786887600375008e+00
1.176319621993135778e+00
1.510017322949579910e+00
1.511773206501638489e+00
1.350501571970627701e+00
1.468099269327415080e+00
1.480551521711987117e+00
1.567320226625449342e+00
1.522025000427251973e+00
1.202887130247144221e+00
1.158621395659056974e+00
1.335254437199326238e+00
1.098477341175244648e+00
1.134696045285570332e+00
1.361361599965471347e+00
1.056427964486406301e+00
1.114644977458916220e+00
1.542504111448164794e+00
1.187152955612948091e+00
1.280033138372075330e+00
1.528582972971427978e+00
1.358440450221838791e+00
1.707524098258288880e+00
1.849114077708053250e+00
1.961733366929013345e+00
1.925482763334898983e+00
1.933419313998756328e+00
1.677043494148066971e+00
1.777882315741749153e+00
2.023555328611315929e+00
2.080281040423238803e+00
2.121437336812634022e+00
2.067245161761611438e+00
1.363636438271011997e+00
9.869984908977409432e-01
1.061684498198692150e+00
1.050440983816515184e+00
1.217425229476956083e+00
1.504210417746136397e+00
1.547235204310977608e+00
1.312169451142463972e+00
1.529716240187988685e+00
1.320446341569425641e+00
1.298854005422314106e+00
1.012937638064959955e+00
1.048090284935331296e+00
1.272027453346455950e+00
1.345971193235262042e+00
1.234707806133572561e+00
1.369117388214821096e+00
1.431996640318300651e+00
1.747266526017137611e+00
1.721900451951484001e+00
1.539522074183594436e+00
1.384012112492468027e+00
1.444800567866080687e+00
1.943636158192845631e+00
1.703653973470202532e+00
1.582724526473382465e+00
1.697762995385653007e+00
1.728179646817943782e+00
1.749814338896327870e+00
1.592768287409759287e+00
1.854794915921027965e+00
2.342436828484074862e+00
1.914788655544384488e+00
1.905342874260193886e+00
1.443241852351818233e+00
1.379705535403126682e+00
1.262377354805625407e+00
1.177683415192992689e+00
1.349136445250446403e+00
1.489787036578965385e+00
1.415901358278786937e+00
1.484547879977839990e+00
1.428989715995255150e+00
1.219322684217055031e+00
1.301963999118476600e+00
1.140586432801516503e+00
1.234231909553760831e+00
1.268039066804883319e+00
1.047732559117022788e+00
1.100823911552668788e+00
1.489148900941111631e+00
1.348298577281148214e+00
1.647245630310638198e+00
1.633935465834486456e+00
1.658901266725273160e+00
1.898778691142235964e+00
1.711177198073787542e+00
1.628073900687427411e+00
1.724646437662178844e+00
1.833789646885035651e+00
1.493996602140324814e+00
1.665255178163259409e+00
1.245072676860879968e+00
1.113355540948239630e+00
9.918856881053397245e-01
1.205247389234597621e+00
1.256009702858947419e+00
1.301035951524575296e+00
1.374730479952142481e+00
1.218536460890552897e+00
1.078827799704268342e+00
1.117078445194531255e+00
1.438704984339201021e+00
1.342922393666439174e+00
1.206686871655719528e+00
1.233024424924618057e+00
1.426023038379617747e+00
1.274817684134102569e+00
1.625607880864502253e+00
1.985371740705048182e+00
1.660988153003408740e+00
1.546338562297832286e+00
1.822498752636638741e+00
1.828061265844876049e+00
1.771690769131406995e+00
1.389327760192035299e+00
1.454388711317140981e+00
1.378588863154602162e+00
1.885359673973090455e+00
1.880560444152991728e+00
1.914385176756621121e+00
1.864857002518193640e+00
1.531799631092845004e+00
1.419625377593227489e+00
1.319613426669928868e+00
1.373843004040400828e+00
1.346028588364998946e+00
1.140174726990435650e+00
1.186539231786195137e+00
1.509850976363426023e+00
1.482183394322261316e+00
1.861957136438267657e+00
1.615821171452615834e+00
1.863280069203994360e+00
1.354296689787279684e+00
9.908698876226369467e-01
1.266156879765461207e+00
1.060128753540270141e+00
1.069656007104228479e+00
9.663110602515404546e-01
1.085130444036415787e+00
9.773267787460631073e-01
1.437566281431500226e+00
1.275090849509822100e+00
1.662462316067113255e+00
1.768443601449941838e+00
2.043896422672837776e+00
1.923012401178624264e+00
1.569512051053698842e+00
1.284776340204594636e+00
1.667832567491388751e+00
1.576579842138845722e+00
2.032052280217689244e+00
1.802698113359494814e+00
1.686283982711847207e+00
1.928808860596276986e+00
1.647752672314540368e+00
1.802484312976018632e+00
1.643560218007844798e+00
1.464905728107759764e+00
1.561518708687505308e+00
1.971571026240427349e+00
1.540161025112287474e+00
1.524640526889954772e+00
1.681768582609730167e+00
1.683125050766793640e+00
1.666999291077384093e+00
1.344009999812718625e+00
1.828485455538881865e+00
1.430082978066331556e+00
1.161162302934125812e+00
1.679082102717743830e+00
1.946951687154038657e+00
1.838575432078721095e+00
2.047102652532329259e+00
1.711148987567810087e+00
1.934763273939364758e+00
1.773060447799074346e+00
1.839534963116355115e+00
1.739918530272279273e+00
1.689827922595263265e+00
1.565826565085806532e+00
1.713826910020337380e+00
1.914433689716647180e+00
1.688731456818256538e+00
1.461356504141360979e+00
1.191100856850175749e+00
1.504335598146830044e+00
1.555209682118826597e+00
1.606604119944975428e+00
1.742541112894690158e+00
1.868966152627651756e+00
1.713958852367580610e+00
1.359918404720304341e+00
1.424115436358558417e+00
1.389483932874946648e+00
1.531682015627314541e+00
1.333509859206198911e+00
1.480028506972360214e+00
1.757060152125025754e+00
1.743598518299071642e+00
2.223490177546155078e+00
2.194551177431896871e+00
1.753235392358005518e+00
1.601011574184697750e+00
1.539730270174693993e+00
1.256850317817882257e+00
1.348747690631535434e+00
1.109528989184460412e+00
1.126430494391525761e+00
8.400844851665250079e-01
1.175680280409204803e+00
1.951121600122709854e+00
2.033883840214137706e+00
2.086511987170857729e+00
1.679779733378950146e+00
1.770847890136679315e+00
1.964892989493806530e+00
2.171579504288831952e+00
1.991899413761123672e+00
1.967492233380087274e+00
1.957654975002100617e+00
1.951625823425051864e+00
1.991375587535612501e+00
2.159753863185633005e+00
1.774348361977742261e+00
1.379261220757553197e+00
1.990206952981190769e+00
2.183807071922611254e+00
2.255656813137699057e+00
2.121771404360097257e+00
2.084583403496460541e+00
2.005104459178644660e+00
2.045623633547348330e+00
2.277392772036245017e+00
1.957925149688265920e+00
1.701161971373063242e+00
1.343372742956084442e+00
1.102380399275257883e+00
1.241640890852099055e+00
1.206460039622377023e+00
1.675129357263560381e+00
1.860426302957197464e+00
1.744611009572598181e+00
2.094415327159292683e+00
2.272724374328240149e+00
1.865314056543490029e+00
1.982148042309657798e+00
2.130633697374537228e+00
2.046392217977839767e+00
1.937338155860679256e+00
1.811572364559583370e+00
1.818832555168888199e+00
1.913999549968832259e+00
1.548441955769342293e+00
1.521418842363609469e+00
1.871788710995271332e+00
1.798266640704651032e+00
1.555559781106386597e+00
1.611801153800909603e+00
1.489934886564155958e+00
1.838002196033148072e+00
2.114657756774451336e+00
1.927209333728403751e+00
1.724364668359610553e+00
1.704037035450141291e+00
1.689381887494999734e+00
1.345173178580570728e+00
1.287483011846625836e+00
1.394549441089917519e+00
1.669074896974705347e+00
1.809087361777939940e+00
1.953784324583010878e+00
1.668603871124144433e+00
1.671888642829398863e+00
2.165703686964989938e+00
2.219644506482646218e+00
2.008386894389148747e+00
2.142131571649661392e+00
2.345897996996212154e+00
2.344277647158258482e+00
2.086708737994466656e+00
1.894563589140861426e+00
1.851707137335338205e+00
1.624971046975294486e+00
1.565508568524438537e+00
1.637539043258799287e+00
1.604511908159604650e+00
1.718839565796375979e+00
1.448070132541077637e+00
1.495536046531041219e+00
1.633392194660351127e+00
1.714499300298698348e+00
1.597126879022127355e+00
1.452564164545060876e+00
1.298198786119094228e+00
1.219588833766399372e+00
1.268517803783270947e+00
1.283666136603647701e+00
1.352059923867303892e+00
1.186689816172279865e+00
1.428918051818912183e+00
2.184249292957222810e+00
2.108763241498620822e+00
1.843496485718603140e+00
1.895332493075333247e+00
1.714974839242129123e+00
1.639711634365029980e+00
1.916062320270444097e+00
1.988581963873800040e+00
2.042371306494740857e+00
1.901703131242954647e+00
1.826495324182421776e+00
2.233553148381660858e+00
2.008028891897974955e+00
2.222318872345053098e+00
2.399377897127931814e+00
2.248721585059915817e+00
1.564613445531332747e+00
1.979569242255204031e+00
2.167353003274868684e+00
1.811176666331280494e+00
2.121238602658194861e+00
1.836267996443679440e+00
1.930578358383945314e+00
1.431930884542936155e+00
1.633451166495690110e+00
1.362368868841391745e+00
1.557725968203819811e+00
2.121614601765949182e+00
1.927315084306959747e+00
1.707038365991637718e+00
1.431854772258711606e+00
1.584156952806911045e+00
1.647895092040299492e+00
1.816749691475541884e+00
1.756102568295396793e+00
9.512956931658799187e-01
1.149891905631553302e+00
1.195474457381072719e+00
9.738429427499666335e-01
1.319234197049243162e+00
1.540739444550448090e+00
1.426674094619717836e+00
1.813937772934596682e+00
1.822300135260195297e+00
1.701409183505089295e+00
1.810913970966784525e+00
1.686287041560184718e+00
1.522299992954844416e+00
1.533434115130116959e+00
1.416416497928476126e+00
1.543598418510944148e+00
1.452560288636086661e+00
1.464354178615282942e+00
1.334849018739481918e+00
1.466519937433932386e+00
1.584387435964244251e+00
1.329140062740526984e+00
9.589129359893894256e-01
1.050723017919582336e+00
9.727312860311351228e-01
1.070751075033587352e+00
1.216723875874916372e+00
1.138973403132022222e+00
1.245890624972817662e+00
1.193788090825730785e+00
1.165706991898876721e+00
1.456902215217268370e+00
1.294053492118127480e+00
1.339738092486502996e+00
1.796561458603744832e+00
1.707277755741111847e+00
1.676219401036548540e+00
1.352112243891645527e+00
1.039776803916790282e+00
1.235421404009122259e+00
1.250577090353818033e+00
1.548801012391290755e+00
1.395002226993030447e+00
1.355100458649229234e+00
1.207904718528731047e+00
1.124766494707968745e+00
1.435027838112812537e+00
1.457521048630855631e+00
1.277162595025670200e+00
1.044995358490216741e+00
1.119197648477292084e+00
9.912527506808100908e-01
9.980802934312317243e-01
1.085503248527152964e+00
1.179773638792054324e+00
1.488054252082297468e+00
1.571316974197264571e+00
1.487416089326608848e+00
1.602859249169877209e+00
1.665142274071994777e+00
1.660737918385362111e+00
1.683432982850610715e+00
1.130523878137393634e+00
1.320846424111681294e+00
1.278591120780713908e+00
1.366872258281871977e+00
1.481273141872375909e+00
1.591278038827078189e+00
1.471401284134539633e+00
1.585764184203270588e+00
1.700316111038751687e+00
1.737664946524675180e+00
1.867577197118597709e+00
1.671751899064097380e+00
1.369541807225323593e+00
1.370232811141309348e+00
1.754327784299739124e+00
1.987240231120675382e+00
2.051208893037360870e+00
1.801067852457258311e+00
1.649082346411004485e+00
1.581961288411236177e+00
1.395336659498212395e+00
1.417535084064808659e+00
1.639925060241143484e+00
1.215257444584866064e+00
1.525525350165879424e+00
1.513104013230788247e+00
1.467674612721978189e+00
1.445829791977411682e+00
1.342783184748724379e+00
1.421562590393208980e+00
1.202837794707453334e+00
1.535369748866125539e+00
1.455562523385525164e+00
1.472448501361357076e+00
1.497910086079569103e+00
1.492861950804058369e+00
1.665987237286334022e+00
1.458840385776955628e+00
1.674828452843176940e+00
1.497657198768915343e+00
1.870110967320758322e+00
1.763688489294597650e+00
1.949975682931889498e+00
1.837460085048088665e+00
1.578063699160435540e+00
1.299641100087354673e+00
1.691194481939374272e+00
1.401436026466574614e+00
1.252696583278987141e+00
1.426179091388873665e+00
1.521983665662166585e+00
1.513196419587693242e+00
1.641756626870637392e+00
1.683594028853219404e+00
1.636847698991776401e+00
1.174169156695280769e+00
1.522460695892707827e+00
1.578720923895357897e+00
1.636529540274708427e+00
1.781425641518351588e+00
1.699025671907547164e+00
1.727234254168162231e+00
1.568333068076223968e+00
1.860284213652141805e+00
1.766815100889531198e+00
1.406511873129743684e+00
1.317601610248046562e+00
1.385165763133930694e+00
1.596448314387267864e+00
1.510974208171782740e+00
1.471435723984322541e+00
1.150529584645617165e+00
1.143518192097036312e+00
1.313102103500414231e+00
1.466877245170882915e+00
1.429964718788510503e+00
1.441409339353064478e+00
1.777599051064836067e+00
1.979366774273877638e+00
1.689140945416109707e+00
1.501542784417216669e+00
1.312046111754678890e+00
1.355328796528602275e+00
1.368647078426994179e+00
1.377690244785529261e+00
1.418435559946632063e+00
1.460060159863206364e+00
1.627645116707405526e+00
1.857727528536888828e+00
1.639325167589884336e+00
1.468848526528441667e+00
1.702008924346109175e+00
1.903582000240247929e+00
1.972676767746462279e+00
1.873524966160906580e+00
1.810596304764158448e+00
2.213235386964491624e+00
2.505616281052024608e+00
2.550654216199227164e+00
2.277412086889072373e+00
2.149197582014783947e+00
1.289331232371571101e+00
1.415954452081531034e+00
1.722977889006174212e+00
1.159141916596960087e+00
1.184437268789569009e+00
1.785036506745776963e+00
1.688934456131886197e+00
2.023055760837399575e+00
1.825141056609606016e+00
2.016505640955868373e+00
2.176110848683442178e+00
1.918151530273307204e+00
1.762213260254853697e+00
1.672741604580567643e+00
1.585816533977261189e+00
1.802012263563544936e+00
2.146734294848781754e+00
1.829342820002041625e+00
1.701765377976940385e+00
1.609913859598380403e+00
1.760566587813335637e+00
1.528889045727675366e+00
1.484668218873804513e+00
1.741656345017901675e+00
1.318589798719044470e+00
1.326762929464196716e+00
1.354228591572267382e+00
1.603071906870453534e+00
1.699642503685704131e+00
1.372008817384612556e+00
1.239176047762945210e+00
1.447933053742820775e+00
1.419250181698045621e+00
1.435859006704084395e+00
1.316587448573194985e+00
1.599493762580197043e+00
1.287971496551213235e+00
1.329017623443142782e+00
1.475290281039515650e+00
1.388992849256221129e+00
1.362989423511600906e+00
1.527908507440395081e+00
1.553715633081137693e+00
1.596994091785726821e+00
1.465644902558955520e+00
1.322405401546947967e+00
1.277274711568159304e+00
1.023307556513985972e+00
1.222714653613290903e+00
1.216487556335435150e+00
1.083073528563755383e+00
1.133801604964730814e+00
1.513548189062779770e+00
1.819009867900763799e+00
1.698570953097773728e+00
1.497908754992588243e+00
1.418594655116642178e+00
1.705951760773916526e+00
1.593472583896552885e+00
1.532548268222799992e+00
1.360510175965306878e+00
2.002972304777227652e+00
1.960425180214468543e+00
1.670618440411089756e+00
1.723573608477843910e+00
1.313915065172667429e+00
1.175471110399880059e+00
1.123859238970942309e+00
1.325252832757222166e+00
1.343155056897610944e+00
1.729092768500432031e+00
2.039578534283834177e+00
2.019866282875190322e+00
1.753179574287361930e+00
1.812981724213727164e+00
1.461537056795012557e+00
1.412277911710989597e+00
1.220123324732902859e+00
1.337637192716630175e+00
1.468953000704987133e+00
1.537341793510493604e+00
1.456314560924095280e+00
1.420606988253647396e+00
1.486751430713638911e+00
1.438961549043113353e+00
1.501214776279659047e+00
1.385369191274769429e+00
2.102251926928155878e+00
1.992737648125692651e+00
1.577676025514187730e+00
1.685889563845077710e+00
1.149307448316299052e+00
1.016109803234367392e+00
9.891061626406708607e-01
8.609870468929342602e-01
1.140497160433067148e+00
1.226205458364883816e+00
1.026049335295208698e+00
9.689026546863559464e-01
1.266590279953691445e+00
1.201284409302296741e+00
1.019041336809687337e+00
1.228323609063580735e+00
1.496969035835720163e+00
1.367069098165834884e+00
1.226450737603776542e+00
1.219883129976809810e+00
1.405544611357716356e+00
1.179146821842410597e+00
1.148418483939577461e+00
1.041724281753930059e+00
1.280524298722284904e+00
1.707508908924372237e+00
1.579968214567961660e+00
2.029221966297890756e+00
1.661134317986344477e+00
1.823854137520513952e+00
1.843839134522190726e+00
1.812034129510761815e+00
1.355154050240659158e+00
1.562860513531229900e+00
1.718831993647629064e+00
1.653816491392842369e+00
1.779253600204025787e+00
1.586637235760107956e+00
1.770705811905238569e+00
1.908941774376957667e+00
1.540390900858483514e+00
1.544473422063261658e+00
1.272817730367469480e+00
9.732692046664640495e-01
1.009939673580988906e+00
1.380199779612216959e+00
1.297471528749434277e+00
1.276682931440742408e+00
1.113218814465334106e+00
1.353265762382116932e+00
1.524759361522343593e+00
1.006262112665490260e+00
1.101630861216841062e+00
1.703364148001134115e+00
1.938716429847188838e+00
1.472642426409394689e+00
1.247018764346642605e+00
1.575671401013909234e+00
1.512172961053671605e+00
1.363703490352169645e+00
1.633865839664896846e+00
1.719951103412670435e+00
1.747598635101437425e+00
1.722213974538541637e+00
1.862849273820680329e+00
2.037740583681131312e+00
2.425669855118464557e+00
1.961849603101416539e+00
1.548560775856763216e+00
1.253738593938911849e+00
1.445449238227934474e+00
1.202837336728529216e+00
1.475876632415512146e+00
1.510801861691966952e+00
1.751402977765011748e+00
1.562516306707355529e+00
1.738401505394496782e+00
1.403933465507997580e+00
1.402679208380687159e+00
1.463476684719462018e+00
1.366132271818680355e+00
1.724898938421288719e+00
1.326694580364137899e+00
1.468487754184243599e+00
1.382065427753981446e+00
1.569763583582454824e+00
1.061580973489125501e+00
1.157821406579748524e+00
1.140844176604871141e+00
1.424079717928470323e+00
1.297096687166375384e+00
1.373302993476908096e+00
1.117967982827256401e+00
1.161185008130180440e+00
1.030954459093987863e+00
1.236530105128343493e+00
1.219512480630026374e+00
1.146376450384532397e+00
1.091141435909040558e+00
1.145865946405017599e+00
1.229400196879133933e+00
1.333962770039566870e+00
1.001500762738474659e+00
1.051834914187069092e+00
1.069293472968597669e+00
1.183558107388678504e+00
1.081475257985546889e+00
1.309755112601655114e+00
1.429492148928884099e+00
1.156278446535980997e+00
1.796712813520971341e+00
1.506222759482666262e+00
1.457736048143958518e+00
1.890312586489237834e+00
1.670440773876573859e+00
1.779512471231262438e+00
1.773086837069605792e+00
1.992903058689723395e+00
2.294594601057414973e+00
1.741733509795843737e+00
1.824579702020057370e+00
1.914369584296704563e+00
1.722184345958650553e+00
1.697518558139616607e+00
1.355276328356924020e+00
1.692571050240315289e+00
2.119920378404645867e+00
2.269876130263119407e+00
1.851365386332136653e+00
1.778765984380248133e+00
1.866344050468696780e+00
1.780705202039666535e+00
1.878352143356533110e+00
1.503109117076184331e+00
1.485825802818805386e+00
1.289177310551687716e+00
1.356115334936346617e+00
1.498014080031717876e+00
1.530594143055323597e+00
1.460944396013408531e+00
1.643156431720180777e+00
1.283354246585384661e+00
1.625488948879439732e+00
2.074026156680195410e+00
2.200307966802525161e+00
1.963000559109755461e+00
1.949723618124181046e+00
2.067556875809857697e+00
1.799564592613644098e+00
1.929651581999344945e+00
1.935194036586858735e+00
1.816308422054510707e+00
2.222534258180783873e+00
2.084025887914915387e+00
2.356236107250412992e+00
1.931794697923616910e+00
1.604652618376692264e+00
1.552885359118211905e+00
1.720403165700672421e+00
1.687010113789225718e+00
2.202776146765179188e+00
1.831118026951829014e+00
2.211961218114399053e+00
2.085543816094606928e+00
1.726763420011067085e+00
1.856024137277075159e+00
1.799125812013772308e+00
1.645886345057452349e+00
1.964711640842101703e+00
2.309926934255055908e+00
2.636675439486290351e+00
2.087136610158195182e+00
1.958591338444839014e+00
1.555134432019298574e+00
1.483536330390596403e+00
1.468077138381423508e+00
1.541517558168567614e+00
1.285920517669298269e+00
1.300080694543791715e+00
1.060004728520127726e+00
1.180632829702698894e+00
1.370254792439206559e+00
1.380398999127482096e+00
1.300678792200949951e+00
1.324624707975294413e+00
1.615295726082914829e+00
1.643324371465341827e+00
1.692831287895190329e+00
1.610907344517576112e+00
1.387845967235389999e+00
1.838956332598397525e+00
2.129544232313154595e+00
2.147635348696721014e+00
2.415247527998973354e+00
2.341251553512797567e+00
2.145862887896710092e+00
2.264245441157026750e+00
2.511229376565728533e+00
2.298098049056921166e+00
2.180150140193751085e+00
2.055812475576136222e+00
1.764275365376883897e+00
1.390639967306589897e+00
1.769342835390500301e+00
2.089981836446911156e+00
2.209034387922758302e+00
1.763321524123379280e+00
1.785894038784201499e+00
1.914528422163674026e+00
1.632701785931150340e+00
1.893793938169705982e+00
1.846129948271353349e+00
1.940172149763732534e+00
2.080648040185198777e+00
1.985455376386741300e+00
1.814537108625794648e+00
1.866601435950506760e+00
1.774230057610167721e+00
1.667024254378289605e+00
1.569660321663423508e+00
1.556237683999057486e+00
1.385587634360057940e+00
1.224206003208539784e+00
1.397973480614906894e+00
1.497852019919146960e+00
1.365771174413124234e+00
1.378413776426700599e+00
1.480911209641480486e+00
1.188734505556178433e+00
1.386345950432565921e+00
1.247226604525679461e+00
1.275433473027881348e+00
1.719838614871288529e+00
1.466337116690327624e+00
1.259971327150267051e+00
1.204256234452211194e+00
1.067118193811339211e+00
1.948939800624026164e+00
2.171267028900640383e+00
1.402920411547917245e+00
1.252651616146625679e+00
1.246443227874733495e+00
1.559096630721911403e+00
1.493916029910526078e+00
1.845974529999021563e+00
1.631137259016647079e+00
1.624616005764124793e+00
1.664322930988218818e+00
1.896816650402049609e+00
1.775686774569031234e+00
1.440142531480922639e+00
1.473494700408691571e+00
1.608533476843358123e+00
1.302773662392641807e+00
1.754092424525714122e+00
1.916735203240384600e+00
2.146173967124508586e+00
2.132702445230645782e+00
1.846030132350850783e+00
1.924312526377909949e+00
1.263403714130585387e+00
1.610806749845998143e+00
1.630974187652160623e+00
1.873391783571657143e+00
1.664187757565567694e+00
1.569724988935083942e+00
2.094685063088185029e+00
2.107295780042770961e+00
1.680761968000557660e+00
1.647339839845064491e+00
1.760472619850432352e+00
1.948679402160463869e+00
1.935051464674685695e+00
1.792582434382928858e+00
1.770791337211947480e+00
1.896109916883788493e+00
1.812005453260749022e+00
1.885597615107670322e+00
1.631959579304660402e+00
1.496217821146192284e+00
1.795320941702724937e+00
2.191158314247060535e+00
2.194633232910479848e+00
2.107026106693169254e+00
2.294939102386761132e+00
1.675187788738744743e+00
1.578688773846026017e+00
2.063631695246209929e+00
1.860603044295205510e+00
2.274250122579302147e+00
2.337674435516484461e+00
2.140172485305212202e+00
1.837950131507178231e+00
1.244033202171547225e+00
1.203276880451000341e+00
1.438800628391450509e+00
1.244566174282504711e+00
1.601714478295423794e+00
1.242613107276102191e+00
1.160013008023702996e+00
1.470973741353274855e+00
1.530585932508641722e+00
1.496452278353303633e+00
1.488189988450694834e+00
1.348098894373475742e+00
9.510889361682833831e-01
1.050539771879910100e+00
1.295253133943242485e+00
1.268123114527983875e+00
1.142776934609875950e+00
1.000588320338811954e+00
1.097456697356428590e+00
9.688113215596358963e-01
1.007176008637651110e+00
1.097369625634823098e+00
1.142998762742932106e+00
1.274195316301239389e+00
1.183313859063666262e+00
1.069541175665732480e+00
1.275761205350965488e+00
1.596471580103617116e+00
1.190419628296390586e+00
1.350018134361524513e+00
1.445599946135973646e+00
1.420794086376477416e+00
1.237852446509151605e+00
1.172622721039580984e+00
1.335911538032958035e+00
1.319667052361311876e+00
1.487446123375138374e+00
1.345073939426480791e+00
1.384531035685824030e+00
1.389371936236028393e+00
1.228772498134121038e+00
1.419970219053230176e+00
1.173113425316915315e+00
1.485824257246855629e+00
1.121274654760154865e+00
1.338827704321590151e+00
9.177008694009822776e-01
1.017293672674099314e+00
1.660364070000951431e+00
1.692446815722862929e+00
1.440730770119350579e+00
1.288084031979898292e+00
1.609653993253863380e+00
1.714591963663077978e+00
1.965842324074797975e+00
1.895918463569376655e+00
1.366143356972545186e+00
1.699102368323406997e+00
1.308715100691648203e+00
1.282312321935707544e+00
1.296073394805945966e+00
1.539450226995680460e+00
2.104260574203310252e+00
2.285679799267482437e+00
2.126434008072967341e+00
2.132652058600094325e+00
2.234721992701389492e+00
2.491412524624230240e+00
2.576246892738546457e+00
2.253179109997935470e+00
2.182452861469083683e+00
1.737803494533961102e+00
1.341031452953616920e+00
1.398451049050052797e+00
1.256493181306089113e+00
1.554970970135608255e+00
1.465726557128708363e+00
1.011207946130922464e+00
1.110986025688049716e+00
1.356737556326800043e+00
1.399346216906875551e+00
1.374179741150139300e+00
1.601249940465752530e+00
1.264130168948189192e+00
1.267468011875531486e+00
1.230281773291766800e+00
1.311055055510295109e+00
1.011313570833712872e+00
1.269813079934836386e+00
1.233610460668108644e+00
1.376397596202180607e+00
1.261438690773786897e+00
1.276199874796078104e+00
1.375634648447649822e+00
1.398653032314168820e+00
1.599568470527594100e+00
1.820475749990331016e+00
1.998933838564382670e+00
1.837857723315966085e+00
2.376376004481988602e+00
2.348425886541599450e+00
2.171639476482666087e+00
2.193877317799766580e+00
1.990722093884006227e+00
1.520700712737950377e+00
1.335694758398984661e+00
1.111811782614172683e+00
1.307274848317813598e+00
1.209214703886323683e+00
1.460693753147421559e+00
1.348730522816170119e+00
1.784166669091788782e+00
1.584108673585107097e+00
1.869107632183643508e+00
1.686021782189635720e+00
1.485663344675690389e+00
1.604322805371546368e+00
1.194565609915994697e+00
1.030923242349971458e+00
1.110036951283569939e+00
1.154126853255908136e+00
1.233050022858910300e+00
1.274324348465974976e+00
1.281460154335118062e+00
1.182698475530183257e+00
1.327209138945683931e+00
1.439998573713323182e+00
1.207251149893530773e+00
1.155773815947642280e+00
1.055561069506852689e+00
1.123086019144004188e+00
1.396676693199742747e+00
1.179985804915651526e+00
1.054265117603371271e+00
1.171703893624431947e+00
1.102333190666401785e+00
1.198217245753679050e+00
1.215848620725829221e+00
1.312300465895092749e+00
1.361579583170083207e+00
1.892093999130584070e+00
2.075052449352743800e+00
2.084570075322502269e+00
2.123947731697247487e+00
2.042626085600227182e+00
1.949334452954223584e+00
1.620534025403346678e+00
1.529499301770869124e+00
1.492914990489765836e+00
1.432603180844459700e+00
1.703989801828702966e+00
1.896384946327199117e+00
1.616628086307812184e+00
2.205055367301193225e+00
2.302837198360362603e+00
2.007860372338723387e+00
2.016591252639142962e+00
2.246842259349606685e+00
2.126953184743195724e+00
1.676983405226962764e+00
1.723637405276852164e+00
1.880553972911877869e+00
1.666672386423919683e+00
1.762851842033123395e+00
1.631061258182115559e+00
1.546437755086593313e+00
1.445556304149211879e+00
1.498661240943214068e+00
1.403869922150851046e+00
1.812226278141467084e+00
2.267603715322754621e+00
2.057675831388333876e+00
1.834095915129933863e+00
1.460404401615404746e+00
1.433065537098971776e+00
1.441148617286833078e+00
1.946323900803672124e+00
1.776634973359942027e+00
1.924719040539748738e+00
2.092913687878474427e+00
1.965997902734069713e+00
1.913536240885059803e+00
2.407253154221680180e+00
2.061732175801768818e+00
2.252103679026850269e+00
1.630506110564624356e+00
1.487496447856370807e+00
1.702593118455633547e+00
1.970232089277143217e+00
2.002496712288226455e+00
2.129408638444860280e+00
2.074004588697756279e+00
2.368325300846123582e+00
2.079804305901590933e+00
2.039308581833219947e+00
1.911244613757712374e+00
1.936233536225798524e+00
1.837951139795101385e+00
1.505371364501159936e+00
1.055509269407561623e+00
1.665443484830873899e+00
1.556500100104051043e+00
2.007681922866225932e+00
2.229412545772572418e+00
2.019459750259740893e+00
2.020233570085975927e+00
2.114910178806856944e+00
1.875480123834288193e+00
1.989595383347007029e+00
2.067813722511040009e+00
2.105550784069986303e+00
1.770174797775444064e+00
1.850610124581399063e+00
1.528426779199165919e+00
1.618116057612072556e+00
1.744695490796195791e+00
2.007457504272858184e+00
1.886489567339717288e+00
2.166383252799865211e+00
2.035049036962135460e+00
2.300217826114596686e+00
1.886544142149852110e+00
1.691421747207605408e+00
1.836394611835256319e+00
2.043981419974568947e+00
2.085258475257426802e+00
2.068788700104357670e+00
1.567012432322716586e+00
1.659007498033957972e+00
1.912408531270976431e+00
1.686737117515737072e+00
2.286330005343379934e+00
2.274265482308710951e+00
2.771431485329752586e+00
2.332323939317873407e+00
1.995564403039814527e+00
2.031542764821001601e+00
1.948412479040942280e+00
1.991039609304783742e+00
1.831462691150556488e+00
1.952658301479873515e+00
2.068549493056397459e+00
1.821245148687649085e+00
1.547705903836288144e+00
1.678701814179989205e+00
1.506017067958120625e+00
1.561923380698388986e+00
1.959741529198831378e+00
1.832537817785015122e+00
1.783246991142594773e+00
1.641764457612275185e+00
1.856435040882056686e+00
1.589589247303659469e+00
2.444361774885603911e+00
2.294581155270482231e+00
1.843681626882769597e+00
2.112664987442181452e+00
1.979545528738155369e+00
1.856235586734689136e+00
1.646843882580040885e+00
1.945080486399197062e+00
2.138754628372491862e+00
1.899551194602805415e+00
2.142732059898256658e+00
2.335375360837328440e+00
1.923565094042070545e+00
2.318825876246075612e+00
2.196260650174671536e+00
1.878605131329004863e+00
1.754270895774237449e+00
1.850209085952969623e+00
1.684125232874319700e+00
1.302645227294164432e+00
1.692475132318782771e+00
1.813560993289354162e+00
1.641352791245096032e+00
1.906623298123367283e+00
2.175679911632813823e+00
1.680609631078467281e+00
1.659843897580281613e+00
1.720825176303078186e+00
1.938823546660757957e+00
1.893792347718961544e+00
1.427817050995432213e+00
1.330498895525885183e+00
1.408926202101110192e+00
1.100353774184726685e+00
1.210783892247770721e+00
1.396272908004697610e+00
1.429041212352063939e+00
1.160256240371294600e+00
1.328391196009953257e+00
1.211855656417843985e+00
1.430511234594339820e+00
1.455673290329875691e+00
2.082449006028342708e+00
2.048684221314008180e+00
1.959125055135135574e+00
1.743538932178907874e+00
1.654333629609603840e+00
1.357544769940802087e+00
1.230162525967059883e+00
1.442085097988497822e+00
1.988142417888724811e+00
1.755203352634989500e+00
1.918937499327467044e+00
2.074149466703131939e+00
1.760407479836927358e+00
2.111563581635843345e+00
1.641392248969492762e+00
1.623719881656411124e+00
1.656521171137337989e+00
1.707569139823196469e+00
1.938747744526130079e+00
1.903534921578966976e+00
1.494799142590826024e+00
1.771799438053947018e+00
1.922933950510776757e+00
2.080360850624584756e+00
1.619064896620776128e+00
1.361576867296642401e+00
1.158178107119354427e+00
1.406128744158310795e+00
1.319780801558014360e+00
1.339823528782982276e+00
1.589498712631836508e+00
1.498520403452361149e+00
1.611026080366954050e+00
1.434627136441014583e+00
1.350803903784925764e+00
1.291930377787264383e+00
1.208495974228899872e+00
1.156032281971227871e+00
1.315459874985578148e+00
1.565866115579925832e+00
1.432349139863909659e+00
1.648693816340435436e+00
1.839159323490588527e+00
1.605683778965178110e+00
1.414811470857714415e+00
1.598097562690135032e+00
1.495870054660715764e+00
1.698462897735431243e+00
2.074981619842791947e+00
1.753946279402682995e+00
2.032678871906500984e+00
1.951918385057505478e+00
1.741134648003874963e+00
1.727014209100605768e+00
1.920269426543898206e+00
1.518266485615577865e+00
1.769570456486757370e+00
1.608687909074905109e+00
1.508435168895756462e+00
1.658782517530481115e+00
1.988535092758190848e+00
2.081394011756401152e+00
2.150300287604345328e+00
2.349376650144603840e+00
1.980458078653610787e+00
1.854650825764145416e+00
1.558236925183806632e+00
1.340471254376963461e+00
1.152502387056765887e+00
1.337717976449271928e+00
1.408316238350047822e+00
1.447757442023030805e+00
1.324203024148068231e+00
1.092787181482465453e+00
1.143544716615889190e+00
1.105173083013279101e+00
1.293832840546013552e+00
1.405686934933700893e+00
1.184893994212565582e+00
1.145108303940758576e+00
1.477366474255749518e+00
1.392432121503286879e+00
1.295626902478861364e+00
1.425664020317187308e+00
1.334959068799178139e+00
1.259130565888948006e+00
1.129756472857212257e+00
1.491197021833756242e+00
1.394057368371795613e+00
1.528167113262001386e+00
1.646458857583610769e+00
1.854501956560594911e+00
1.963744239780210510e+00
1.685751693149263097e+00
1.671211784622874674e+00
2.007829825887450070e+00
2.164056636471385353e+00
2.190624103577901494e+00
1.874315661901106767e+00
1.683537572802377369e+00
1.667069231066564017e+00
2.003288351845156523e+00
1.935212264951950090e+00
1.716118409924511035e+00
1.539161898811027385e+00
1.635660306623514915e+00
1.861252481617773569e+00
1.799905488987405988e+00
1.564359646186190167e+00
1.549878464410624268e+00
1.923072839241252385e+00
1.917722526707286157e+00
1.728690153036879451e+00
1.845248068735848568e+00
1.692801927156121655e+00
1.621293392349520524e+00
1.120621223873759176e+00
1.059382868397455546e+00
1.149258609926260055e+00
1.269294497549001699e+00
1.077577814843281523e+00
1.064475858657243590e+00
1.449705183241490225e+00
1.494968643811560804e+00
1.328828335423372753e+00
1.186832048485372937e+00
1.273836716822090764e+00
1.401570129757015781e+00
1.386610627240390192e+00
1.343367790930839467e+00
1.648415881090275370e+00
1.606106116086073232e+00
1.755141419747520137e+00
1.597585044587746639e+00
1.973116366528964605e+00
1.759787968565428518e+00
1.303197631187160255e+00
1.482287298091137684e+00
1.520276401841315295e+00
1.505334251327005157e+00
1.185134557553154000e+00
1.004141733322258201e+00
1.143063308229123276e+00
1.047581996835245999e+00
1.150630939571628097e+00
1.109271763876379602e+00
1.082023079793632325e+00
1.076020241549671352e+00
9.866240547660134474e-01
1.155680565266590243e+00
1.219722653009930546e+00
1.304651948266803752e+00
1.176125355980166765e+00
1.091375695353258291e+00
1.214965620444644623e+00
1.415029029121381399e+00
1.056608081747784977e+00
1.054465681492276152e+00
1.023262751426208927e+00
1.276806367879253168e+00
1.018933730699535856e+00
1.191213691870914859e+00
1.558130036304595345e+00
1.673683485461312515e+00
1.317872230931561583e+00
1.470142145661010424e+00
1.480938796543890490e+00
9.846029219835954471e-01
1.577521386692954941e+00
1.427326588535945406e+00
1.702123902761266683e+00
1.355692494888595112e+00
1.637017454278844930e+00
1.786177924618403301e+00
1.837903214464765345e+00
1.807281486908633772e+00
1.794114944973670633e+00
1.455495533862843471e+00
1.273381486225943826e+00
2.126982776837237576e+00
1.825448145319685356e+00
1.572269393528384906e+00
1.681877758853626892e+00
1.410611144382321047e+00
1.236643486414515714e+00
1.608236485265856830e+00
1.593509097864888258e+00
1.587877051715217647e+00
1.719165607023708464e+00
1.593478762840851770e+00
1.500361937600324769e+00
1.301993705308325033e+00
1.217559880138716855e+00
1.586527988039154291e+00
1.331734347159446497e+00
1.378986123745863379e+00
1.366109116398099399e+00
1.343747213583048383e+00
1.541857290353473742e+00
1.636629925561532861e+00
1.354000476867194713e+00
1.496268306116279145e+00
1.592883953735948488e+00
1.600771986830562099e+00
1.725781629132326689e+00
1.894644667411674366e+00
1.640172185922537995e+00
1.602846323794126837e+00
1.929600290894173176e+00
1.809186459661274116e+00
1.643374585135808363e+00
1.715339468643376497e+00
1.945928768159675304e+00
1.860096311481995945e+00
2.017262573629410749e+00
1.881660462624878738e+00
1.958085066935246976e+00
1.872965614644547472e+00
1.883134785144746859e+00
2.020889429541241622e+00
2.193802672484402638e+00
1.985622469452207994e+00
2.612626709749837239e+00
2.591709782109727023e+00
2.574817342858597868e+00
2.474494071928683425e+00
2.289999614736731637e+00
1.991924184693644406e+00
2.157581830439202264e+00
1.455864817055779303e+00
1.648807934091953475e+00
2.121439589830622641e+00
1.742173758997175526e+00
1.876408074840864693e+00
1.961865526487998501e+00
1.801020912805810559e+00
1.845985664487589162e+00
1.917511963624944471e+00
2.120590359785536005e+00
1.773080432953691776e+00
1.622187996846954139e+00
1.389902854954697897e+00
1.314660880003367893e+00
1.559829712566096926e+00
1.149092582235772708e+00
9.405576506570165751e-01
1.108396579453368780e+00
1.554918213500011914e+00
1.182573886997208890e+00
1.480040036924090030e+00
1.427868113158228702e+00
1.266020378428779347e+00
1.265363031262421334e+00
1.524473767041283345e+00
1.345163426245900018e+00
1.342939312911083150e+00
1.080007325381668881e+00
1.237731797778762965e+00
1.398738871665225370e+00
1.483038567081117698e+00
1.773566970371856844e+00
1.472948675390968853e+00
1.876549726982477795e+00
1.854791978414505271e+00
1.690033244650901878e+00
1.470168989776476254e+00
1.764060090244423229e+00
1.514379938776502454e+00
1.124005331921682282e+00
1.012708476094987153e+00
1.167585188152553632e+00
1.199711271212285935e+00
1.334811185694892099e+00
1.190366975597720867e+00
1.615523175272541856e+00
1.385327894702729878e+00
1.641004748965550153e+00
1.180396025054662124e+00
1.477802393185466912e+00
1.648303095777709393e+00
1.339026303591981604e+00
1.325757967059715492e+00
1.315811287065981050e+00
1.112375199119558733e+00
1.142497869695647816e+00
1.421484084018317162e+00
1.298851025672537851e+00
1.230916989790679761e+00
1.266825575712849705e+00
1.258135125210881666e+00
1.152760382286776686e+00
1.502247644557264117e+00
1.402140951073073349e+00
1.287994750965616220e+00
1.592514356907524187e+00
1.241945600803715966e+00
1.215868989426468261e+00
1.420705232963085152e+00
1.344437711150851200e+00
9.497015024166423069e-01
1.433184722881351902e+00
1.424532811098802476e+00
1.598178874806600813e+00
1.438407907691776844e+00
1.195496833863782360e+00
1.161904650581570442e+00
1.115248326906076892e+00
1.053538644121885026e+00
1.181880967810496008e+00
1.762290811765252485e+00
1.682678072179250250e+00
1.146868074003043914e+00
1.059902648659339919e+00
9.191809616447929043e-01
9.472366575310529058e-01
9.652315228715440121e-01
9.745707243955218368e-01
1.251026800576846343e+00
1.183128952528664568e+00
1.185104901448569059e+00
1.376973743620383939e+00
1.247807412677963912e+00
1.223714399746359538e+00
1.207753056848064777e+00
1.155320785238044268e+00
1.268370877647650552e+00
1.044539577888021098e+00
1.176664415613754455e+00
1.196758370327146048e+00
1.381020780827361349e+00
1.273777056987888123e+00
1.165406283653831476e+00
1.011755615505730566e+00
1.094890275684698544e+00
1.357442417552120251e+00
1.071652881962374293e+00
1.263099773565976136e+00
1.350273252377971911e+00
1.193712265784137472e+00
1.117116103406140093e+00
1.226809337165365887e+00
1.618462504520186362e+00
1.297576593405557865e+00
1.244166048864830509e+00
1.279105130040979921e+00
1.350928697942133105e+00
1.578030025133829284e+00
1.825666767128759860e+00
1.521792833249371313e+00
1.260877460014214968e+00
1.191642067606867750e+00
1.123984833069850087e+00
1.222200593421714832e+00
1.143992301480652563e+00
1.436935586654250585e+00
1.461018231908806086e+00
1.695529627590004473e+00
1.753656292461265087e+00
1.343931073014348998e+00
1.311205150634381367e+00
1.148440402012667949e+00
1.098169730434470637e+00
1.255274780229082898e+00
1.444513976133227295e+00
1.107625464332121723e+00
1.046676103240120836e+00
9.113955682894409049e-01
9.855642137670888037e-01
1.110564850179210472e+00
1.202033293188065066e+00
1.199393002509198780e+00
1.459644363320606208e+00
1.511035715886605235e+00
1.419313436909339643e+00
1.474350866198326671e+00
1.515223220381359814e+00
1.690244862698211836e+00
1.935415831980845214e+00
1.563961685275268021e+00
1.428490854609548721e+00
1.293442518911301908e+00
1.089776737356957126e+00
1.019019428089465551e+00
1.329128317671279813e+00
1.963717779868487057e+00
1.587810231105450498e+00
1.494197712565279001e+00
1.752605431182166829e+00
1.522797898750964052e+00
1.726346078471112211e+00
1.526500098031860375e+00
1.873710643361985895e+00
1.472583856953732395e+00
9.999113478109254993e-01
1.791975736777542183e+00
1.724126473094476752e+00
1.984961504985730762e+00
1.843174054800080119e+00
1.876443724944611979e+00
1.745751366379490577e+00
2.064342903538467944e+00
1.721436867969390327e+00
1.728914609721755369e+00
1.535176235784003529e+00
1.513199021899429342e+00
1.228384911132190727e+00
1.421528857879828633e+00
1.493406599754705688e+00
1.635406147597225246e+00
1.582287153639369892e+00
1.643250346609217871e+00
1.344406879375247499e+00
1.445871507474106643e+00
1.642092117017328823e+00
1.533810129413528678e+00
1.430943747342978467e+00
1.684421221448693107e+00
1.937406931864357418e+00
1.735831779229443761e+00
1.695248853923023935e+00
1.950080668202678780e+00
1.696788587706098417e+00
1.549605041591375354e+00
1.615697106545431971e+00
1.243712827798014064e+00
1.371329270085504870e+00
1.653562479638443383e+00
1.943877852693240316e+00
1.915493693929692043e+00
1.712963780725314855e+00
1.615930878778867097e+00
1.489455436047500747e+00
1.686075583072051742e+00
1.729762045859186914e+00
1.529546114850954819e+00
1.865023704153598194e+00
1.744657163693302371e+00
2.138553603025895367e+00
1.992424786223617961e+00
1.927816108290291597e+00
2.128225323136978098e+00
2.330676649790683452e+00
1.840011737555813598e+00
1.794933906884877750e+00
1.875451207560176359e+00
1.551378187271775344e+00
1.319855364692565924e+00
1.308686359517986952e+00
1.407120030247549725e+00
1.233696729064113651e+00
1.375788980020775210e+00
1.381166756435763698e+00
1.249783938504980485e+00
1.390903174229247030e+00
1.683333453161683257e+00
2.052020196925088413e+00
1.771793694646992323e+00
1.718957563870197935e+00
1.417272417194144207e+00
1.657340560192023249e+00
1.370867205292533919e+00
1.296560675803225315e+00
1.400725397322612364e+00
1.386905652777121967e+00
1.323446244202730604e+00
1.228807112655617928e+00
1.292081807069060284e+00
1.087149536658452487e+00
1.219266010734207928e+00
1.210304859981075953e+00
1.133844399546398041e+00
1.204999666270643921e+00
9.556287760491329886e-01
9.858788851776081330e-01
9.124986734801810995e-01
1.574320615374104060e+00
1.623514839888983374e+00
1.696566054255562506e+00
1.824078559437014135e+00
1.645342219199514622e+00
1.870041189209051824e+00
1.204923570565697988e+00
1.211911383420521071e+00
1.307849137934747885e+00
1.220109153085514153e+00
1.660833167584781833e+00
1.693342068304176884e+00
1.677441892823489766e+00
1.336196055809717231e+00
1.342890893097485661e+00
1.178829375141483116e+00
1.453890105690573753e+00
1.327636084129105498e+00
1.139444508592913019e+00
1.393926156198892485e+00
1.295921489580346586e+00
1.285734793937066023e+00
1.186485609580157474e+00
1.312175938956579468e+00
1.309118518294324574e+00
1.010341865500083314e+00
1.487238909844467827e+00
1.148797451923940782e+00
1.075572304171645177e+00
1.042353829078676908e+00
1.037501501478694355e+00
1.033229204942100798e+00
9.966932780963784211e-01
1.051446952482927077e+00
1.060757485551937718e+00
1.052262209805936211e+00
1.464193246417460736e+00
1.150642739667420811e+00
1.152017239579255614e+00
1.336067774775854700e+00
1.350930180985624229e+00
1.598956579385763410e+00
1.621591271928596090e+00
1.440986904272149260e+00
1.789371769152530822e+00
1.780907238524006564e+00
2.242292882614400629e+00
1.950597090158646241e+00
2.011077257080910119e+00
2.100326001409930310e+00
1.912882810591571392e+00
2.234340013719684936e+00
1.516945560205140486e+00
1.629248632456539170e+00
1.394900444589491029e+00
1.195212907780750733e+00
1.126761950796693501e+00
1.125129890742481154e+00
1.124494078249468343e+00
1.056729395843404307e+00
1.388242742779454808e+00
1.394144614154701145e+00
1.316028003942498081e+00
1.423299413389957024e+00
1.177853839028340621e+00
1.297282871484314315e+00
1.742805200412555600e+00
1.500817542443529717e+00
1.355516303165922753e+00
1.680360274343274840e+00
1.726322752211548739e+00
1.480476642945074639e+00
1.655502711239591251e+00
1.622139715525594328e+00
1.664075433419951455e+00
1.544000910930614978e+00
1.763544690252296876e+00
1.437410584086499021e+00
1.380293392453994628e+00
1.455080481302912787e+00
1.453916096500698529e+00
1.490378774604295797e+00
1.643927721384208285e+00
1.848215846354147374e+00
1.459793190044720745e+00
1.760544193146206915e+00
1.928987084604457003e+00
1.902314737737690553e+00
2.010473250112357668e+00
1.942720131929142724e+00
2.103102261717968435e+00
2.177979784484550319e+00
2.239417844856104178e+00
2.031354914637236941e+00
2.081336511427721803e+00
2.336201159194407406e+00
1.887286069190164728e+00
1.757390926096555894e+00
1.832558646253177548e+00
1.874552468327990162e+00
1.922001774739808155e+00
1.873902027923708191e+00
1.663983622342134261e+00
1.397238691351907480e+00
1.184273144029193814e+00
1.349469124012884658e+00
1.481873316209536995e+00
1.486699440650301351e+00
1.579073200307022917e+00
1.569216506481618145e+00
1.145351907084706911e+00
1.176516590944191698e+00
1.350371876400487059e+00
1.241755590903730777e+00
1.156103368882798410e+00
1.416895019555318491e+00
1.194229298851922527e+00
1.153393350020904817e+00
1.242642950622762754e+00
1.469266160228477336e+00
1.588534314074004250e+00
1.818841303925002650e+00
1.802388881962415867e+00
1.650609762820831383e+00
1.661600278551002674e+00
1.889463616077621033e+00
1.834208236257149238e+00
1.767531000341131531e+00
1.625845752461782867e+00
1.751727963338477911e+00
2.265542681136530234e+00
1.952874980117105697e+00
1.940445688933513324e+00
1.826214333356390718e+00
1.672311048778801990e+00
1.970705478291409962e+00
2.315642259774670642e+00
1.551283057721177583e+00
1.460989520606132075e+00
2.047898804572190645e+00
1.703795339596292369e+00
1.621635502317173128e+00
1.748961058762205090e+00
1.647982257120621519e+00
1.995413674074097976e+00
1.786698152030560038e+00
1.992945896311275833e+00
2.138315998326327350e+00
2.584739349125728225e+00
2.657925509024866795e+00
2.004961612431926721e+00
1.914531392602880633e+00
1.921842773763657197e+00
2.139187746881487051e+00
1.470678151256560318e+00
1.659895715605579358e+00
1.399761657151525007e+00
1.263981279263911794e+00
1.042787394990660976e+00
1.124943058770584869e+00
1.169838469544012716e+00
1.593948077677765696e+00
1.711473126826838387e+00
1.706005914488882169e+00
1.675544745704210747e+00
1.724830188119840901e+00
1.397174466893558842e+00
1.380559453364353928e+00
1.414426247916510837e+00
1.279713214825534351e+00
1.219865460953510228e+00
1.336968043780382143e+00
1.093545421735011569e+00
1.145818992727356100e+00
1.158152776195218614e+00
1.365286010850861764e+00
1.278167163211745061e+00
1.505701614871536309e+00
1.599355663612966882e+00
1.646755300720802229e+00
1.535678280025670306e+00
1.910543147606036385e+00
1.751278788585530100e+00
1.756021673430552488e+00
1.496862354280171115e+00
1.472167605148975378e+00
1.537521534116060407e+00
1.579035860547869818e+00
1.444965214248558505e+00
1.920311733363297080e+00
2.000409307101953971e+00
1.624279409022539200e+00
1.722531399706625610e+00
1.903292934125578428e+00
2.032754838325030011e+00
1.638956349526428102e+00
1.462185950201886353e+00
1.660414788178371515e+00
1.380569874494045779e+00
1.369411217592094943e+00
1.358867147922740770e+00
1.666920550651608268e+00
1.466517263340881838e+00
1.802070682660101175e+00
1.850335650229209428e+00
2.004866149662997366e+00
2.244835564815931939e+00
2.245911640413110977e+00
2.088546718762714693e+00
1.998948048733351746e+00
1.615415826590069104e+00
1.472810845160805959e+00
1.349128743219486726e+00
1.749876507193748099e+00
1.543515143028050707e+00
1.038870767789177751e+00
9.759080739494750967e-01
1.188662256898832537e+00
1.242525660844141955e+00
1.292449212662632574e+00
1.453061233932455121e+00
1.488632676434479718e+00
1.155706034283419115e+00
9.665109625155405837e-01
1.134705471546082478e+00
1.589682094862151063e+00
1.353147058673401126e+00
1.141758334025804400e+00
1.004170485340745822e+00
1.247050581201226471e+00
1.192712319826439105e+00
1.018010135644883407e+00
1.129522532373213650e+00
1.051501669372929770e+00
1.077119476402939924e+00
1.351785766189006033e+00
1.149226979649317526e+00
1.309733072232486917e+00
1.133266516313973238e+00
1.551505076729135180e+00
1.501569526139167277e+00
1.532529932105598292e+00
1.531299884463298122e+00
1.571144229770433220e+00
1.278197726767932751e+00
1.584821955131190174e+00
1.206339800618954738e+00
1.207758870144115093e+00
1.115842838009442728e+00
1.457287812255803061e+00
1.283600789931889752e+00
1.144587685034152535e+00
1.305575764905107627e+00
1.848197252687059366e+00
1.706262373664333865e+00
1.457098296390704206e+00
1.251947441592137000e+00
1.468373463661515999e+00
1.674801721355230644e+00
1.716244454666394859e+00
1.477602645297207307e+00
1.459974957665624906e+00
1.298252346193279338e+00
1.532182789070078099e+00
1.206959941409858406e+00
1.169803488284679949e+00
1.173848441543202226e+00
1.193116794931962543e+00
1.054155608918088127e+00
1.107303425856005719e+00
1.078630170228507934e+00
1.209842146901243254e+00
1.270820598298499249e+00
1.289056723257928416e+00
1.290114811718853449e+00
1.285825052524633527e+00
1.034881619889626903e+00
1.038520773468778247e+00
1.238253585025030912e+00
1.178144672745400579e+00
1.096249918858759775e+00
1.322559577048466384e+00
1.805522861125533396e+00
1.554439699593422652e+00
1.775481281633134900e+00
1.614339723902911805e+00
1.359933505937217513e+00
1.412821179906549096e+00
1.244601238569379209e+00
1.386785306875425228e+00
1.341251980754036843e+00
1.243572315264214190e+00
1.202831338207128065e+00
1.046766366978295393e+00
1.351127605274533128e+00
1.056284339463153144e+00
1.040591548356050833e+00
1.189791307387052077e+00
1.033769429484258096e+00
1.090631360599419786e+00
1.219943924689025572e+00
1.279978614286745531e+00
1.092218175489634513e+00
1.088082097046230379e+00
1.409692574283337052e+00
1.519980730759002974e+00
1.757881223995132025e+00
1.592391644521410132e+00
1.618284000071173345e+00
1.387923113708474654e+00
1.212682181770530221e+00
9.895193379728983718e-01
1.277068108153924575e+00
1.297979242661842392e+00
1.262650733916589330e+00
1.319958679749456687e+00
1.225160994922524837e+00
2.303798087635193781e+00
2.546248902247223445e+00
2.486918544447513479e+00
2.469204272493735086e+00
1.923897559880576313e+00
2.397515918936766521e+00
2.282291714730867671e+00
2.235869005950588573e+00
1.848253854405620178e+00
1.926972075420196440e+00
1.736582873538103700e+00
1.569359948078336231e+00
1.760808580101325349e+00
1.850286647380280813e+00
1.335257207731430862e+00
1.343597668265325673e+00
1.228453847710492708e+00
1.151697696590030517e+00
9.202503420225686126e-01
1.023525223635415538e+00
1.177690830636938912e+00
1.301938967378327483e+00
1.320531635674297322e+00
1.167104764559977248e+00
1.139831166685255637e+00
1.183400569269598357e+00
1.162767106754804880e+00
1.406985481171374897e+00
1.517128646373316236e+00
1.367744684900701557e+00
1.622778635549517068e+00
1.383952793574094731e+00
1.235224752657715586e+00
1.190385587952245805e+00
1.407719829262739752e+00
1.146504054632299985e+00
1.521128396953142170e+00
1.206118280135633603e+00
1.242265156929699854e+00
1.230621080973210546e+00
9.936086278467182176e-01
1.297624655232364921e+00
1.213406197840881440e+00
1.412300372938832371e+00
1.617885663164248644e+00
1.745114942254342383e+00
1.679836791895043424e+00
1.813763253134099251e+00
1.893301235967419949e+00
1.628387615601895710e+00
1.618802162812845724e+00
1.798791328454708349e+00
1.981675492012325179e+00
1.631905510012174876e+00
1.516795978349762875e+00
1.601026683839517517e+00
1.520778772012449709e+00
1.821612801852774410e+00
1.986731287840004967e+00
2.033791356718934296e+00
1.941313316991957638e+00
1.553135638419207654e+00
1.777133252986088596e+00
1.603980017253476831e+00
1.412149321825429515e+00
1.281774726055965097e+00
1.545640547323843039e+00
1.442910943442545335e+00
1.468622434851558189e+00
1.464256429620292010e+00
1.605954927157108747e+00
2.053428732158786740e+00
1.300640973694256353e+00
1.373506034433372491e+00
1.448614940847632759e+00
1.275864385896288589e+00
1.248162524813724250e+00
1.401523502946295796e+00
1.771773497134893294e+00
1.776065917002678463e+00
1.474163532539621624e+00
1.916638504429637013e+00
2.010516909074893999e+00
2.001625576130461326e+00
1.970007027247785647e+00
1.988375596077478935e+00
1.709997240105633143e+00
1.832039116972943082e+00
1.584787971848319765e+00
1.685841470603111292e+00
1.563348836898949656e+00
1.615442834808087813e+00
1.410976040868231030e+00
1.149076899801553031e+00
1.538832971963290497e+00
1.523056623514145391e+00
1.379693993428961596e+00
1.208515801807587664e+00
1.074955514119735556e+00
1.110765438127562010e+00
1.172228548784386204e+00
1.185199212425963822e+00
1.277141035450940487e+00
1.292743242047214025e+00
1.415495746270492905e+00
1.284498054080855711e+00
1.256001264965309394e+00
1.160625357947382197e+00
1.246216819990603852e+00
1.484195843663530301e+00
1.184497925362415049e+00
1.038008925818165729e+00
9.618834639088872374e-01
1.296664360756010437e+00
1.060988190116145757e+00
1.126318842078868343e+00
1.348989792067205595e+00
1.199195576191127932e+00
1.419569555750636480e+00
1.256061402915907399e+00
1.810511685722361541e+00
1.765465216718500763e+00
1.774866718430021528e+00
1.762094752434028244e+00
1.671916583751113849e+00
1.870020927876671735e+00
1.803136628670432451e+00
1.589303980568269381e+00
1.295643393447461378e+00
1.150921649091665833e+00
1.175836652158823936e+00
1.330301240966656584e+00
1.371972927943011289e+00
1.461665309487121256e+00
1.533621898530597605e+00
1.077353288156906119e+00
1.314285746959689805e+00
1.393817463777218713e+00
1.458162242467577308e+00
1.646029976828735641e+00
1.649652265506696969e+00
1.560319904188986362e+00
1.531054348957428868e+00
1.401413774939837431e+00
1.463712491998389709e+00
1.562460428919934641e+00
1.951022648204152832e+00
2.184643663770575284e+00
2.229200875955794636e+00
2.155318355118828411e+00
1.973285078761088052e+00
1.715868480642729343e+00
1.910486294743967806e+00
2.199028265217955802e+00
1.879871773973784688e+00
1.942980428301069651e+00
1.562891458637441833e+00
1.685369319339338645e+00
2.138351998582586067e+00
2.296664860977367439e+00
2.170813086834957772e+00
2.498946812604290191e+00
2.353602253345074224e+00
2.633550735841073909e+00
2.402916107206387153e+00
2.079025376556465243e+00
2.159388518298388959e+00
2.053162569186053332e+00
1.928927341277890450e+00
1.801930831958738155e+00
2.100682757201890904e+00
1.879672029282268841e+00
1.841919933238040485e+00
1.967817019057921613e+00
2.201618590842207013e+00
2.340670682902014743e+00
2.367684163171803302e+00
2.090055057797906013e+00
2.057066964696688149e+00
1.758005310722467129e+00
1.681085257403557520e+00
1.882777783899349133e+00
2.047598891669013099e+00
1.977202741951274989e+00
2.345923457662733025e+00
2.176434281913228297e+00
1.826841257797345186e+00
1.865691859972140154e+00
1.591815650056115139e+00
1.368415270849971721e+00
1.605376745702497887e+00
1.382764936495941344e+00
1.669361132089941968e+00
1.306535074780385663e+00
1.415029839978139803e+00
1.380929726386987300e+00
1.452989023407298630e+00
1.496518846045817863e+00
1.374717388185500155e+00
1.693127192790208513e+00
1.792854917890895905e+00
1.456423213832334307e+00
1.431178751874454091e+00
1.209438083944243125e+00
1.336744693875440371e+00
1.406383795138967940e+00
1.477828848390912775e+00
1.707742981946836824e+00
1.653815341926204496e+00
1.662868826718321147e+00
1.248120130967361741e+00
1.204740315721816835e+00
1.066064239934611413e+00
9.798345008467800321e-01
1.026065854722107096e+00
1.030968232785145267e+00
1.125754576372285376e+00
1.354348342701582553e+00
1.278965390603872043e+00
1.241802048898531297e+00
1.334317970391671437e+00
1.246052911294222021e+00
1.618145347412949464e+00
1.645434703773799079e+00
1.995869971699210099e+00
2.011127618140216455e+00
1.853444886408942116e+00
1.713053612787056368e+00
1.665932833169195604e+00
1.477470673422978553e+00
1.908239092073438670e+00
1.792126334988441760e+00
1.938795433444663319e+00
1.710222714136955036e+00
1.992059864072222242e+00
1.810949231854174002e+00
1.874593631347837519e+00
1.860407427729031005e+00
1.762439140416507177e+00
1.614765732391682640e+00
1.607532374238378914e+00
1.607635168580759499e+00
1.351177762423017903e+00
1.724283057424621068e+00
1.618000419677122270e+00
1.638479600558108817e+00
1.639971975438125229e+00
1.732476334313165056e+00
1.482483653499285126e+00
1.610684983300073814e+00
1.069450269503356310e+00
1.100975837825353132e+00
1.239207086287009485e+00
1.221091595283008369e+00
9.864491251150930839e-01
1.155173736765539916e+00
1.288572015388842029e+00
1.434614808195495916e+00
1.267091547221602887e+00
1.281897143152191942e+00
1.475469586100238040e+00
1.287892224549502140e+00
1.539325300473028513e+00
1.692137152876575401e+00
1.610909362458075922e+00
1.836850995689056409e+00
1.574135825945070843e+00
1.774961032501066072e+00
1.465437474966279519e+00
1.475474205430207020e+00
1.184234055466540259e+00
1.292343153996635241e+00
1.215533267674338003e+00
1.107252445036766897e+00
1.118724474206401975e+00
1.090428114941112581e+00
1.231306821902429238e+00
1.095191934378909826e+00
1.104946587681156389e+00
1.155824178993100748e+00
1.069057440885031740e+00
1.037304577085196300e+00
1.267922003523488383e+00
1.240305122563305051e+00
1.194989028521744379e+00
1.233275345581621441e+00
1.201916788679465942e+00
1.264719221663743287e+00
1.015988847359405201e+00
1.363767927388469525e+00
1.429876965147526491e+00
1.208888565591351050e+00
1.213677007356320781e+00
1.530462244198930177e+00
1.763048380129228265e+00
1.862044798476921503e+00
2.207918651617256867e+00
2.327260229997141217e+00
2.309281875633657055e+00
2.184724611511752013e+00
1.656106060963544069e+00
2.129348569633194632e+00
1.947496709250292390e+00
1.751801706976921613e+00
1.893715593891516669e+00
1.702371545794718832e+00
2.269304006908728244e+00
2.087554380673967369e+00
2.138026446494861954e+00
2.165622380527004953e+00
2.214924969133885480e+00
2.256585450271683335e+00
2.313888785695116024e+00
2.413638016166853362e+00
1.916778614565870731e+00
1.594799767325985718e+00
1.523546614088880702e+00
1.444193967042182170e+00
1.471378711047961474e+00
1.748268194797891972e+00
1.547633067452260924e+00
1.523176929573374583e+00
1.710421181463680274e+00
1.677371107666511652e+00
2.085216605999374639e+00
2.110138252879855791e+00
1.421714600972248554e+00
1.615810763499429203e+00
1.610256568123879850e+00
1.630017864476712930e+00
1.463933037445136032e+00
1.698360680851775051e+00
1.651824088226008458e+00
1.870102547033510865e+00
2.061394237548251240e+00
2.271973721662446266e+00
2.116141152846413576e+00
1.605674921393308141e+00
1.307167170182605531e+00
1.551459906465394889e+00
1.715389683817849509e+00
1.867816153978624660e+00
2.028213220052537569e+00
1.676502475990289120e+00
1.520203060620239688e+00
1.562227070157450326e+00
1.807123202389923522e+00
1.832261818836510514e+00
1.344177928377964237e+00
1.437438211975526015e+00
1.374164515902061234e+00
1.113373368936288799e+00
1.326113109106067611e+00
1.433500543731301313e+00
1.171042502470464486e+00
1.202894833322931234e+00
1.204905409564300811e+00
1.235471788387098258e+00
9.810972599716315523e-01
9.882882567340907087e-01
1.087021220049696923e+00
1.286194590103365343e+00
1.477519413201365595e+00
1.290108230529393385e+00
1.487293757557224261e+00
1.798360943379922139e+00
1.875198069888750485e+00
1.801427546786262823e+00
1.541747724916580076e+00
1.342908868684303814e+00
1.296156591564930238e+00
1.420994342328962379e+00
1.335794972586092033e+00
1.358302186439719339e+00
1.202207810363967733e+00
1.193460076011758408e+00
1.084821169225727022e+00
1.155129406970688111e+00
1.361731399143395693e+00
1.684710282867418307e+00
1.310803061531049529e+00
1.500445661882540360e+00
1.340755997325445925e+00
1.308639384300225084e+00
1.480939033102948388e+00
1.154224367005266982e+00
1.735442975084711792e+00
1.848502024203802385e+00
2.014114847043404932e+00
2.142347525881788339e+00
2.450595827049175668e+00
2.282338347798664291e+00
2.222159457037782282e+00
2.108842490301526595e+00
2.341105690856563282e+00
2.137523165022803706e+00
2.140978219776922042e+00
2.288553213046398582e+00
2.277928372931071976e+00
2.065591347160153912e+00
2.491608617740181053e+00
2.302070203847032648e+00
2.078419894458804595e+00
1.792220964800266492e+00
1.644829024933275541e+00
2.116403262080472469e+00
1.576242267873297243e+00
1.213531373796982393e+00
1.309872021455252611e+00
1.604443202279469904e+00
1.410850973846129230e+00
1.442972576512796756e+00
1.328973684829273472e+00
1.281968938793068169e+00
1.004153514197196451e+00
1.065530811050309445e+00
1.319107388139185710e+00
1.288134318977446569e+00
1.478316243129917495e+00
1.360582174977301495e+00
1.325690116266425855e+00
1.365788006036468660e+00
1.095548690914759149e+00
1.242342907510787242e+00
1.166343501811748284e+00
1.664604730113096398e+00
1.633980813104682683e+00
1.355137941741648255e+00
1.416658366641616151e+00
1.153508761418330364e+00
1.347767165747243867e+00
1.448903096604141627e+00
1.743774971563971654e+00
1.789970044040085639e+00
1.944822334100437589e+00
1.997238581844108074e+00
1.594080885608593512e+00
1.473203697864555073e+00
1.448718346719452432e+00
1.365768160738166204e+00
1.229384680461104828e+00
1.349537179772154261e+00
1.203008958625133129e+00
1.534382225769292951e+00
1.524728860656345608e+00
1.693409118057462637e+00
1.679507905878456331e+00
1.552492354308797173e+00
1.527558920506562945e+00
1.646706932886341068e+00
1.585709749735360941e+00
1.563819646848387368e+00
1.435017953831984050e+00
1.388932683626500131e+00
1.277157345578066261e+00
1.283626599435257587e+00
1.117797492150456540e+00
1.196481282851623806e+00
1.016099008507119761e+00
1.317303636189856242e+00
1.388561950894998454e+00
1.268212810542198810e+00
1.232154431304761877e+00
1.380081498345346658e+00
1.176495866299000381e+00
1.603182459867180887e+00
1.331839009732875168e+00
1.487219423295904619e+00
1.656316833472766703e+00
1.381842334961084662e+00
1.229431712842848023e+00
1.333067346017575261e+00
1.102989880944277967e+00
1.421412668401720758e+00
1.223704292547557859e+00
1.378593274602461838e+00
1.438812415358387442e+00
1.173581386038625274e+00
1.204506353402982066e+00
1.387120283955646682e+00
1.259711099787632849e+00
1.648305842926486520e+00
1.550868927622558680e+00
1.752579899608409653e+00
1.492155218432703601e+00
1.431757017767691265e+00
1.185503274025544007e+00
1.291880001248197907e+00
1.535486834817160862e+00
1.620262186495879719e+00
1.408991075637044066e+00
1.304293941606748941e+00
1.304705832914432984e+00
1.519060012494779732e+00
1.587350356106723481e+00
1.719259360731676622e+00
1.492529469535371911e+00
1.595651124028371726e+00
1.395266848342040289e+00
1.548014587700405453e+00
1.833906998388110665e+00
2.054461466275090409e+00
1.763325161559846199e+00
1.723101715462623140e+00
1.731089479942892417e+00
1.598487951432508325e+00
2.045247507985793245e+00
1.886871224178732875e+00
1.913654031934578725e+00
1.797958390907889781e+00
1.619480528079556336e+00
1.433771230090100435e+00
1.289831722294671357e+00
1.484890697196995291e+00
1.423417181672105736e+00
1.455055833513690722e+00
1.388328429983445744e+00
1.367407558530797651e+00
1.308738627994084247e+00
1.163995941468336737e+00
1.216399956554340189e+00
1.150177226198270342e+00
1.221949394149580481e+00
1.416164214679771050e+00
1.050910522836604910e+00
9.849312842929773826e-01
1.203602300468199937e+00
1.354928919432326184e+00
1.380284812275143436e+00
1.532586764093426979e+00
1.386572215224315840e+00
1.345033711945108124e+00
1.246594645472374641e+00
1.547362368418338852e+00
1.834265527787653172e+00
2.012940407884535432e+00
1.465204269345662391e+00
1.199678015680472720e+00
1.348691231090318743e+00
1.823749432895947820e+00
1.555668470240636925e+00
1.497377587302018753e+00
1.116891376479505649e+00
1.133797646375936274e+00
1.341581848765434515e+00
1.924265413855507534e+00
1.198846616971703360e+00
1.151524027516589221e+00
1.269622925899280164e+00
1.231748786252264694e+00
9.759992235750865053e-01
1.262459858801854073e+00
9.618631802907686712e-01
1.206197786130492888e+00
1.174415600872015020e+00
1.193273800134303064e+00
1.808439351775877446e+00
1.400523259514971475e+00
1.355824637600988147e+00
1.361230517231465376e+00
1.527516779217489296e+00
1.774339324151503083e+00
1.784658470537142883e+00
1.514774118919940848e+00
1.588220054101384227e+00
1.261460934889717445e+00
1.593234229984215489e+00
1.378188216111687403e+00
1.431362187502671190e+00
1.240027278214729911e+00
1.255293105494162731e+00
1.428857045427282202e+00
1.370766381639485942e+00
1.734148507594883926e+00
1.886822334592323180e+00
1.874596362004223415e+00
2.060306026829963333e+00
1.939470705444399146e+00
1.847033715380111962e+00
2.107051252251768148e+00
1.801809768215353991e+00
1.532547488094994748e+00
1.546923963403758151e+00
1.853182004160012886e+00
1.927307514739956096e+00
1.796801181872216491e+00
1.993988095808366445e+00
2.302893787956225236e+00
1.867279778639035603e+00
1.370564334058253841e+00
1.644266136679148005e+00
1.593322737930665811e+00
1.489814299124092578e+00
1.319082381566700768e+00
1.317996027845002249e+00
1.875828056901885921e+00
1.746569503499837417e+00
1.975881647808966468e+00
2.044379513771758194e+00
2.021772593508877947e+00
1.989121684999856754e+00
2.439236542319729306e+00
2.211809187032354185e+00
2.127872909891669106e+00
2.001211765681672361e+00
1.965151970326965758e+00
1.946350814454002709e+00
2.389694651881075327e+00
2.098038105295140010e+00
1.903266410474437453e+00
2.086448122998989518e+00
1.701077199369166015e+00
1.762532884564113944e+00
1.489519794048924650e+00
1.270484367575068330e+00
1.458034253287690873e+00
1.518233484544073697e+00
1.465563478864172264e+00
1.134338254697652371e+00
1.246535912226616194e+00
1.693873988459035917e+00
1.842968633467467532e+00
1.831601222842101251e+00
1.825887159282569172e+00
1.390721795819821471e+00
1.198060995742545876e+00
1.046045934691855583e+00
1.250810776813322311e+00
1.038882489566309131e+00
1.215167182227578913e+00
1.029126130246629689e+00
1.006757794620140478e+00
1.125949921716169255e+00
1.156286193308646792e+00
1.160198646186338278e+00
1.028257342813826636e+00
1.383284631906026130e+00
1.519499913963953119e+00
1.458668591839247686e+00
1.871445641402665672e+00
2.024541572979710935e+00
1.823296965992961649e+00
2.020606063032353905e+00
1.813265461721240035e+00
1.885452622852251459e+00
1.673736164598397025e+00
1.309867623947604143e+00
9.812135677397013644e-01
1.248927885637003632e+00
1.373392675005375096e+00
1.299090982361265745e+00
1.435312627619300896e+00
1.496940467024146626e+00
1.254345497296551315e+00
1.130862103587452872e+00
1.150083050759220793e+00
1.025622642839894016e+00
1.354391345161475524e+00
1.504247859686800304e+00
1.793251020775849414e+00
2.047379818478510582e+00
1.473342614770867476e+00
1.094572997744071685e+00
1.283584503711449054e+00
1.262860138347886352e+00
1.273033312638884196e+00
1.324348896435630252e+00
1.099298132091864444e+00
1.296710588759622196e+00
1.265842672836880345e+00
1.007897911165613225e+00
1.177400340928364875e+00
9.734690208312617443e-01
1.232909150244920315e+00
1.468558935362216156e+00
1.143143356101615549e+00
1.328893758461086483e+00
1.399387103334967852e+00
1.058522877616371316e+00
1.058770585344099624e+00
1.075092865269333897e+00
1.581195961364742386e+00
1.280590740455014531e+00
1.853462390672015792e+00
1.712490393691642909e+00
1.715314320826837324e+00
1.815171520851227349e+00
1.451115129475802901e+00
1.876106612345091351e+00
1.912425054140411973e+00
1.609997313425076459e+00
1.311996701615319783e+00
1.172382669665800847e+00
1.272995298070729309e+00
1.597289271188625959e+00
1.626273237899847235e+00
1.457132871128240748e+00
1.206836696633989847e+00
1.063578572172514392e+00
1.236010392779934186e+00
1.273238859037355342e+00
1.342516924963837566e+00
1.141444734028961516e+00
1.312551863798884888e+00
1.199263461253224916e+00
1.283490938894735089e+00
1.446151637290924663e+00
1.179877870966153486e+00
1.350661184277128335e+00
1.173122670119509436e+00
1.301659447577664608e+00
1.432602610796925413e+00
1.528043226469990135e+00
1.236218306891821328e+00
9.959729658122983276e-01
1.042189850431364029e+00
1.265285387555357133e+00
1.263702177470820587e+00
1.181529559883180758e+00
1.520108288781233385e+00
1.622856565727072153e+00
1.486995792631004676e+00
1.633679185482369789e+00
1.709660751427257042e+00
1.354896588069862240e+00
1.459524554366657290e+00
1.239110638369270934e+00
1.591920017542272525e+00
1.888361746519703788e+00
1.709206557686391292e+00
2.089970615489203709e+00
2.150265996128234214e+00
1.945942471127667606e+00
2.400563722764274210e+00
2.487175714347705568e+00
2.113379234881775037e+00
2.112284636984715025e+00
2.087121597059275135e+00
2.443241508509690796e+00
2.092133119499476557e+00
1.733051468851287913e+00
1.844578938186489214e+00
1.847742719184315874e+00
2.089460084355248437e+00
1.827680861104895804e+00
1.580087237699753455e+00
1.837005158918171066e+00
2.032035727779854639e+00
1.732646538161546790e+00
1.960431246746052070e+00
1.949889322342291287e+00
1.914013960722613206e+00
1.731224714295362066e+00
1.615353397683656045e+00
1.960718265699763485e+00
2.023277659040786158e+00
1.988674807182167825e+00
1.621345765066646738e+00
1.397342095558160802e+00
1.542168892397054458e+00
1.453705377194359105e+00
1.186700344533700768e+00
1.288014758736518717e+00
1.453443089122551601e+00
1.706454832303882840e+00
1.809040376031901154e+00
1.489519267658433899e+00
1.530121964647121580e+00
1.651881105655137905e+00
1.593632683922433735e+00
1.875659662844495035e+00
1.658278022687348141e+00
1.497214082326226325e+00
1.629449475432671823e+00
1.384180673235679615e+00
1.583159571477628091e+00
1.884425977923303464e+00
1.903310161895939379e+00
1.999888117200259829e+00
1.799026324689164014e+00
1.654509331929409299e+00
1.867749391617910648e+00
1.529270201922190431e+00
1.483482254090245700e+00
1.306810104225097247e+00
1.416077484894977090e+00
1.055586498424492481e+00
1.389083284643956251e+00
1.325368049825303096e+00
1.414257738419578914e+00
9.915430576429214993e-01
1.523926774243880677e+00
1.505586148478869291e+00
1.413939405443864983e+00
1.277028637510681186e+00
1.335568184431672467e+00
1.194361606448090862e+00
1.086968016925025982e+00
1.232682902329844676e+00
1.323355208066668176e+00
1.020853334087935549e+00
1.131645061344526582e+00
1.132988550121974525e+00
1.005886445133854279e+00
1.268647527439537903e+00
1.207942253511735231e+00
1.225054697381256830e+00
1.101265467193445202e+00
1.170684831178123719e+00
1.534885646144578342e+00
1.674747964413375145e+00
1.377877803955365632e+00
1.413864824817872901e+00
1.326927048982287971e+00
1.330378267287443128e+00
1.153635103714151233e+00
1.065540779818544559e+00
1.108105840632252370e+00
1.093235231965148602e+00
1.235131188684047032e+00
1.337201306956621316e+00
1.291103918469750811e+00
1.049850837304866280e+00
1.317575266619948726e+00
1.608924481399226725e+00
1.503231018129812302e+00
1.362725854123693514e+00
1.136303903916580316e+00
1.253292002958118712e+00
1.250270543799466338e+00
1.206632401337399907e+00
1.554521233354280829e+00
1.246997344654952933e+00
1.134320920054618931e+00
1.212820627302647836e+00
1.206711642586526079e+00
1.452878111844111864e+00
1.755091448870051085e+00
1.631470308750980980e+00
1.576968990641588464e+00
1.819980507549722848e+00
1.666000667355709286e+00
1.481282265775971663e+00
1.342120010023641896e+00
1.577573129559532550e+00
1.454288980089722738e+00
1.405897494535596204e+00
1.489577263549144881e+00
1.582460263194681360e+00
1.642364812607672864e+00
1.450338675196787275e+00
1.204280832123099776e+00
1.469831467992568586e+00
1.576363951146761089e+00
1.181022418583856926e+00
9.882828981624123266e-01
1.146759581545818030e+00
1.005777694113976661e+00
1.235453048086891270e+00
1.267946698359569302e+00
1.706901460984449947e+00
1.763024952221404096e+00
1.552659157642836796e+00
1.810134447979141914e+00
1.527150002424772168e+00
1.570750272200343467e+00
1.579436768209919961e+00
1.465972649933178218e+00
1.574227596390074035e+00
1.603564058674167292e+00
1.709985627143068232e+00
1.885926417451339709e+00
2.130599826544492092e+00
2.225915963445060264e+00
1.975042381511775025e+00
2.239699023717576676e+00
2.181729599411347031e+00
2.414693034362034751e+00
1.723601755067190711e+00
1.752215561509931963e+00
1.471937606934215381e+00
1.498662083644501264e+00
1.824369879301053210e+00
1.310364095592034595e+00
1.293590962335091188e+00
1.222882651711619140e+00
1.370161137183071309e+00
1.437733482615218605e+00
1.349536466325473638e+00
1.362232612136196508e+00
1.392230517396559009e+00
1.202693106553785363e+00
1.431776705496309088e+00
1.678815512411363065e+00
1.746024778682226941e+00
1.653900534675315503e+00
1.729858956604887199e+00
1.753902887891898077e+00
1.752150875394185681e+00
1.818988052962544621e+00
1.715506608846589565e+00
1.941867412175125374e+00
1.634790888395150521e+00
1.608724601770482154e+00
1.362311507907143060e+00
1.265799678133911810e+00
1.268040948785338351e+00
1.713363575739259792e+00
1.815384729366526617e+00
1.781687054708607665e+00
1.474455550718379415e+00
1.479880169863097228e+00
1.193243793563069977e+00
1.468995389660846751e+00
1.517916234269965914e+00
1.599779053878734203e+00
1.584707554659765316e+00
1.991974356788114298e+00
1.843846037258130011e+00
1.707407681852042280e+00
1.443293599228161472e+00
1.363833222083473906e+00
1.497048528632622055e+00
1.372419156609522295e+00
2.234610852901286915e+00
2.102755945675315097e+00
2.189909821105197274e+00
2.430989882081750597e+00
2.307188483979638161e+00
2.104861737411277911e+00
2.340086409882055296e+00
2.164921739791381583e+00
2.144927483770370458e+00
1.449750446246132585e+00
1.558234329003919116e+00
1.281611734892005083e+00
1.266163845886166817e+00
1.515372130105962611e+00
1.592259835759352704e+00
1.434840983929891012e+00
1.703619838391287278e+00
1.903909211702211168e+00
2.456662194998452620e+00
1.955483582824129929e+00
1.602987797058358810e+00
1.230693527441871993e+00
1.649583252826413826e+00
1.084372562012710040e+00
1.105937403369194216e+00
1.067537899481454833e+00
9.960977904145651429e-01
1.153531107736454508e+00
1.088582596996742202e+00
1.142943627906878534e+00
1.465405761236367344e+00
1.806695910714406494e+00
2.032127975952027654e+00
1.831819671421496709e+00
2.138146991763265614e+00
2.017885402662394245e+00
2.124423124552772713e+00
2.254242363465486676e+00
2.156155801650790238e+00
2.141988297036577116e+00
2.398618907302823455e+00
2.094494075104818442e+00
1.848012551222181221e+00
2.288662311221693724e+00
2.078203514506161920e+00
1.796028860367167468e+00
1.708431664894385138e+00
1.670234362443096643e+00
1.336589787829634224e+00
1.340820080309999662e+00
1.471461592045799627e+00
1.649154688094092380e+00
1.482403876182985414e+00
1.248345763883942139e+00
1.108299634514240406e+00
9.141804024318953559e-01
1.074571484675630240e+00
1.004826834409894287e+00
1.141705076038806999e+00
1.321217198110959945e+00
1.044508649592748695e+00
1.080290925284189241e+00
1.572402159630426510e+00
1.510120181528636918e+00
1.265684865599543407e+00
1.339167294321861323e+00
1.328768903536222901e+00
1.220513200028175316e+00
1.174055047009557651e+00
1.206178882512933370e+00
1.418047243814265501e+00
1.362697407302735808e+00
1.640035035960898391e+00
1.414810838215182942e+00
1.551351785444983200e+00
1.150709989397043165e+00
1.108411710560947894e+00
1.379551081378235233e+00
9.722782964989202803e-01
1.090543609887988152e+00
1.114180126261094195e+00
1.219906560296241338e+00
1.216933719981239559e+00
1.204649019581182978e+00
1.105775110700260688e+00
1.132207213476461360e+00
1.044844921914082070e+00
1.219330379085049598e+00
1.431962411682553338e+00
1.738109682059324257e+00
1.834986421534644752e+00
1.812064439904193414e+00
1.620500423058138129e+00
1.740484707712763202e+00
1.605936765588034776e+00
1.531479633876249968e+00
1.938108113295714752e+00
2.001960423371556885e+00
2.143692293139340066e+00
2.325484906992408618e+00
1.984502146952201063e+00
1.800284695901709586e+00
1.485304669143621581e+00
1.571725868521778313e+00
1.440943309815155615e+00
1.524519330877581513e+00
1.394122662607717444e+00
1.730312446338543753e+00
1.972121470747563166e+00
1.331851997498661122e+00
1.233573635024166837e+00
1.386845399680885382e+00
1.251430149905495393e+00
1.534501948213086830e+00
1.662971710340135578e+00
1.764541014797703866e+00
1.343680403807700152e+00
1.663928109712954795e+00
1.747917852366881464e+00
1.563357046920945015e+00
1.749610481349087809e+00
2.088573589025451316e+00
2.166762924192740858e+00
1.858368311083667512e+00
1.933323197570017804e+00
1.756233703880640595e+00
1.338568169835645749e+00
1.617795535717942101e+00
1.295255616692872591e+00
1.342594531401734681e+00
1.416926064000086916e+00
1.318741568287548516e+00
1.068174533527300074e+00
1.281767814223215396e+00
1.225504685474983591e+00
1.402574906651810061e+00
1.566773432201958194e+00
1.375211231972864434e+00
1.511075820473431364e+00
1.563794532037906304e+00
1.671085022113173668e+00
1.271159210778551651e+00
1.385477482044398911e+00
1.370999649667627329e+00
1.123654518635968325e+00
1.318604136978049901e+00
2.114693319174745678e+00
2.163946073431089356e+00
2.194684991388017536e+00
1.971634599376797858e+00
1.488975250059908051e+00
1.746647342496665534e+00
1.951332921891537397e+00
1.544819703029347568e+00
1.561639096917521563e+00
1.688145034066613093e+00
1.733164518750905492e+00
2.165181523932092844e+00
1.966091433758483831e+00
2.052009109171803569e+00
2.254283271347127027e+00
1.934132958221522092e+00
1.611578586185522965e+00
1.709282728692726794e+00
1.273886319505587617e+00
1.368633569065471178e+00
1.205712324753752229e+00
1.277669146446473780e+00
1.232018424232127707e+00
1.078474345020397296e+00
1.350003392113330092e+00
1.559319773288299515e+00
1.528035964949052472e+00
2.135043564505914482e+00
1.974988514312022492e+00
2.158741460920587496e+00
2.308763704928495031e+00
2.291357308591643438e+00
2.407389477375682763e+00
2.009442048556535187e+00
1.834254235000487343e+00
1.908927058476144856e+00
2.046789052635508366e+00
1.891860934885015499e+00
2.101710287108160102e+00
1.980556514737184193e+00
1.671608943330750385e+00
1.985823694183900701e+00
1.556624410158924166e+00
1.820287373776295459e+00
1.911308818811537469e+00
1.732863631261543524e+00
1.712933018463976609e+00
1.820125836171077927e+00
1.676799170902643965e+00
1.741512771543377802e+00
1.765028832790896063e+00
1.998368313751214931e+00
1.814283828661558351e+00
1.494230549552243881e+00
1.387133211088588558e+00
1.666503117976529724e+00
2.097653571420061702e+00
1.660898193643983056e+00
1.615250716054083657e+00
2.111070889682507890e+00
1.797718254437874030e+00
1.923876744647436965e+00
2.211975165256924836e+00
2.018140075064163597e+00
1.734110079482981792e+00
1.621334399414761762e+00
1.690005615619949886e+00
1.526177113620872161e+00
1.642407768258116407e+00
1.271838718208958996e+00
1.231630406777801001e+00
1.307596066170083171e+00
1.494571924577317690e+00
1.569720012760460470e+00
1.696025503990019834e+00
1.685289002587039509e+00
1.821490918555759508e+00
1.803738422214035353e+00
1.922641719552584894e+00
1.874681188682552735e+00
1.783373192894869064e+00
1.641238058728170746e+00
1.776098432561220797e+00
1.681841508900162596e+00
1.429519059460225172e+00
1.265567842990361846e+00
1.367089964943235314e+00
1.579431712080121120e+00
1.248600513292260183e+00
1.105142446520805066e+00
1.042295307149324834e+00
1.171188335711131012e+00
1.216193120077631251e+00
1.167300096643682172e+00
1.038375074907689877e+00
1.262369895788021834e+00
1.329166361983412648e+00
1.364831477379444769e+00
1.668500070631361965e+00
1.440584364714270205e+00
1.391824445366088847e+00
1.165805700037250370e+00
1.345520107008938648e+00
1.149383309507496120e+00
1.411981115157188382e+00
1.634218933805007046e+00
1.114972436409005674e+00
1.346642738544653994e+00
1.890011677316033145e+00
1.836570095799526348e+00
2.167166158393607045e+00
2.194992575914469501e+00
1.818711663228671505e+00
1.513072408929390988e+00
1.219715233374523589e+00
1.494359264557789890e+00
1.206491769315451990e+00
1.966136706325700034e+00
1.567029087974401325e+00
1.429879161185270364e+00
1.470014984020254545e+00
1.469670801120255499e+00
1.608562776568119190e+00
1.381365730482038146e+00
1.307970943201002045e+00
1.205380809680465681e+00
1.140775162125537756e+00
1.087138871742178825e+00
1.357815676823294071e+00
1.901947757254895954e+00
1.602689284576370277e+00
1.716196856093068490e+00
1.854934174139072356e+00
1.813374857008219099e+00
1.501944689367872288e+00
1.693258278640198400e+00
2.039302127564896594e+00
2.361380900299348884e+00
1.939710235031872898e+00
1.783375644714204844e+00
1.890858703166739208e+00
2.371778880512962928e+00
1.645792216669275110e+00
1.651418596731071053e+00
1.846055087185999533e+00
1.425057118466114048e+00
1.673051875559102619e+00
1.804358563803292403e+00
1.791689264124103786e+00
1.566522617737955869e+00
1.903727603044243821e+00
2.061022843338172095e+00
1.791163962668138598e+00
1.743701949746035318e+00
2.038753117658953951e+00
1.894074178248537299e+00
1.826066926905193233e+00
1.509136197767395604e+00
1.503665782070782608e+00
1.387597759897358118e+00
1.583215050540102808e+00
1.470106197090734312e+00
1.442213494541344510e+00
1.114899672434560784e+00
1.222052074476810413e+00
1.098659971089961829e+00
1.230209162013649937e+00
1.337680719476115332e+00
1.271143349050347426e+00
1.305995568646062921e+00
1.555310746446038728e+00
1.694874724860921944e+00
1.528776618158108169e+00
1.804637141467402506e+00
2.052748901699761763e+00
1.271734667087191184e+00
1.687805256552199040e+00
1.500802407623406554e+00
1.960635190678366335e+00
1.447579877325007036e+00
1.359264851901491600e+00
1.199063765324575703e+00
1.196802597255231859e+00
1.215444478984938570e+00
1.332972028611274506e+00
1.367462069983933270e+00
1.178169081459847112e+00
1.069919462904184826e+00
1.150329201736652873e+00
1.287427728685593742e+00
1.145659021589646498e+00
1.407994293162870392e+00
1.316396427179817197e+00
1.728967344903934888e+00
1.594405036354673344e+00
1.936066323978180126e+00
2.054666724880169770e+00
1.273601914489224107e+00
1.239211278232457580e+00
1.639530742170513866e+00
1.410602872461131030e+00
1.417751014542734334e+00
1.759455447390892990e+00
1.927306612441005207e+00
1.833185300911956972e+00
1.981010806341259700e+00
1.703995957357459012e+00
1.510045330257554941e+00
1.825935526155311628e+00
1.480215115143793003e+00
1.339102576774479081e+00
1.646664629891748666e+00
1.710895830378566407e+00
2.024101458261692965e+00
2.062338377950677870e+00
1.419565259184573769e+00
1.966715332947166495e+00
1.919236029920176057e+00
1.710312657930245228e+00
1.975397960592703006e+00
1.926519485195036019e+00
1.523657960262822186e+00
1.740779759643208635e+00
1.397716734585532805e+00
1.304475382020502616e+00
1.234522942381663047e+00
1.155524247516837910e+00
1.407514840515102117e+00
1.461937382832999566e+00
1.727069894006728390e+00
1.147201268008740671e+00
1.195849046168554919e+00
1.486076525952380933e+00
1.935514507937335260e+00
1.709015307277429674e+00
1.683731731717752700e+00
1.439384842596997061e+00
1.624905643230915020e+00
1.567654284478324334e+00
1.457745673232350159e+00
1.118574346641822093e+00
1.239492638662296642e+00
1.267567738738777816e+00
1.124419546727175812e+00
1.369951514549032190e+00
1.194141715420784289e+00
1.065244484358509602e+00
1.329891007356089450e+00
1.169601895149807280e+00
1.464302420708918806e+00
1.595944826576368269e+00
1.563331964434059307e+00
1.598345129369983297e+00
1.595829944785827736e+00
1.648856213739961607e+00
1.806649837978072659e+00
1.856911406951313737e+00
2.121082535065413666e+00
1.850520562258761048e+00
1.662980951674607688e+00
1.985691649360305622e+00
1.856590620810605774e+00
1.725021282396836941e+00
1.464107833746978171e+00
1.288443587049522998e+00
1.159586861471114227e+00
1.328315756258593439e+00
1.699151320904787710e+00
1.300510092254959726e+00
1.412230317864701989e+00
1.206654935424539943e+00
1.199407004493133533e+00
1.401782725240102501e+00
1.387202025498299518e+00
1.695223144566911477e+00
1.331606916848409261e+00
1.465295032765228100e+00
1.482979762697964832e+00
1.304646235959892708e+00
1.390372613387506062e+00
1.092672678592918167e+00
1.111891587399340686e+00
1.479617911254727192e+00
1.305607557064482505e+00
1.654216939007207676e+00
1.473126605830722191e+00
1.235473044619022076e+00
9.352869693570240450e-01
1.659034240901748225e+00
1.415837412360122727e+00
1.335425340017237339e+00
1.363158047714149612e+00
1.585968659630242694e+00
1.376581182931780001e+00
1.456769095451062368e+00
1.358186235710125089e+00
1.251871176513010830e+00
1.132474531844655186e+00
1.436346748298159115e+00
1.156913907467354674e+00
1.075300281156344129e+00
1.125391774143348789e+00
1.193078157940598905e+00
1.203201279786935141e+00
1.266608177842157623e+00
1.138523775980478048e+00
1.124767487951895628e+00
1.312847388341572996e+00
1.540199339800193412e+00
1.591759631840972355e+00
1.463148781645224883e+00
1.392170197608410653e+00
1.456052327020963988e+00
1.318795007449152124e+00
1.381553554810422746e+00
1.479961141928372470e+00
1.320321701560289718e+00
9.830841944371452312e-01
1.089653646011800481e+00
1.112909515900158963e+00
1.198315114961450822e+00
1.282193666189169967e+00
1.688405695200276613e+00
1.542212583203372844e+00
1.784656514469020294e+00
1.620627822513616367e+00
1.393664553888957602e+00
1.342047784337350613e+00
1.220726321968603090e+00
1.392961615752041471e+00
1.693608862382603553e+00
1.726862338970899247e+00
1.315987183909946623e+00
1.371173273626025590e+00
1.699997664406486031e+00
1.876924019336551730e+00
1.809210112963213879e+00
1.691294370680991754e+00
1.805857387936973923e+00
1.991096399997432265e+00
1.708758826287359200e+00
1.400766737793166294e+00
1.388358523617200246e+00
1.297756425198386854e+00
1.571076427846577195e+00
1.734047227111837675e+00
1.502395020994192976e+00
1.792749025975181487e+00
1.903025186763661836e+00
1.599611419834933823e+00
1.618488428585017180e+00
1.706026091929157218e+00
1.613564184794657352e+00
1.589184095381637407e+00
1.323502910654945408e+00
1.253533818287170476e+00
1.027014960574949454e+00
1.091049398355328881e+00
1.068293482954632001e+00
1.504788405554485786e+00
1.608234807543987843e+00
1.896323845386624685e+00
1.933515612970961417e+00
1.797332817648247927e+00
1.674061374317416639e+00
1.562384836322457282e+00
1.448899404051158468e+00
1.349073163559455502e+00
1.462433735291952530e+00
1.138573659126153048e+00
1.538985155958117801e+00
1.064485082783902525e+00
1.088077092103927335e+00
1.101253706753472672e+00
1.057796917963725214e+00
1.078227852243943685e+00
1.526879538580974582e+00
1.520105810938821689e+00
1.825703258465876999e+00
1.480791051654565704e+00
1.325611195812798959e+00
1.488088692228263454e+00
1.429674383441874808e+00
1.262907022838325899e+00
1.183472934162018930e+00
1.049283362490871729e+00
1.132052021851280621e+00
1.550508056608185470e+00
1.608175654524491849e+00
1.470094872767125471e+00
1.554298403677551121e+00
1.324557089059491766e+00
1.658733610966677263e+00
1.503905820133486948e+00
1.440474881561329301e+00
1.605763222159484416e+00
1.407257389749137610e+00
1.253766715213918470e+00
1.203283578247758001e+00
1.279693642457691460e+00
1.632907877625554782e+00
2.196604141558029522e+00
2.134472251757361327e+00
2.112176670575019788e+00
1.958117330260920275e+00
1.465166938246200257e+00
1.638652269973327691e+00
1.789065718774216496e+00
1.543780656219256642e+00
1.473262824744739019e+00
1.316584843112316827e+00
1.057052401456408885e+00
1.319314331394856321e+00
1.376850047280500755e+00
1.161951453168914794e+00
1.375527646563744710e+00
2.242498800173442497e+00
1.888591066340437497e+00
1.901088939876425021e+00
1.804905058520569261e+00
1.523358380496355302e+00
1.399669163226973101e+00
1.705459180514287354e+00
1.612707615365386538e+00
1.636859253837803285e+00
1.931843079652426187e+00
2.028071303105682510e+00
2.087269726391852931e+00
2.048416875095055101e+00
1.883259111984588507e+00
2.112444891678486592e+00
2.197070899286808654e+00
2.131991569962043087e+00
2.371699506820798664e+00
2.082151384419008711e+00
1.689609466911981217e+00
1.923625725029714850e+00
1.492593811093984923e+00
1.568036240480304322e+00
1.388276851844365778e+00
1.240595062838041995e+00
1.261398124564700129e+00
1.130136808221968270e+00
1.148992115503256750e+00
1.237721767349944324e+00
1.144368092301030870e+00
1.036195325266006995e+00
1.207260664363144498e+00
1.455193738829321015e+00
1.574828281871107238e+00
1.451903611289128371e+00
1.706021213360353617e+00
1.673365135534037540e+00
1.838032027681387737e+00
1.742586512679337618e+00
1.804238697423958815e+00
1.868455749138279165e+00
2.148696070922499146e+00
1.571095442289288657e+00
1.647172066425917070e+00
1.432467012115790972e+00
1.268178921002746318e+00
1.721193548258891370e+00
1.954657394265154613e+00
1.909097994807559262e+00
1.759065050572356625e+00
1.971242325937933693e+00
1.673532882923906673e+00
1.646740620652216380e+00
1.695335946111616199e+00
1.843752295422782517e+00
2.048091351078943578e+00
1.585915365169022762e+00
1.306620364961868841e+00
1.462972904014173459e+00
1.366869837137686838e+00
1.543599479698440469e+00
1.330884860742771680e+00
1.471584561604811325e+00
1.629165769952723331e+00
1.521672108927244693e+00
1.533354531830704692e+00
1.522634579319913861e+00
1.371784394109794247e+00
1.371796330939733410e+00
1.280135809864269891e+00
1.461924064786942923e+00
1.361583037203741853e+00
1.361701061288635328e+00
1.428116073030382349e+00
1.112379483480094633e+00
1.258411917751060649e+00
1.668952666828220632e+00
2.029418011141614464e+00
1.789076245116231867e+00
1.859606929327916491e+00
1.659368852164973873e+00
1.411802757227553551e+00
1.777229644376872031e+00
1.766474971493242840e+00
1.810667508335788600e+00
2.007463748281753890e+00
1.990797018369086402e+00
1.847046902943719537e+00
1.966796785155571214e+00
1.432640644483876180e+00
1.408326970156968727e+00
1.502060786321467667e+00
1.254680384836323714e+00
1.515245205872166823e+00
1.072691338781247783e+00
1.250058100775911507e+00
1.137945402105865256e+00
1.298150432284714384e+00
1.099503637292483127e+00
1.414106613012715563e+00
1.694711190559658354e+00
1.543270079884920820e+00
1.425974179436374722e+00
1.275730308257395862e+00
1.440330245443151469e+00
1.248531000471882590e+00
1.482919069737968387e+00
1.330090188745179924e+00
1.547738839154344070e+00
1.365639896399578168e+00
1.471138508581870452e+00
1.561382020433004669e+00
1.495128152864910298e+00
1.627929058664512318e+00
1.615643159180831789e+00
1.231909953512553280e+00
1.217839002583901653e+00
1.295381669819963832e+00
1.067992184024639135e+00
1.270531769430670366e+00
1.285047373332687481e+00
1.263090119985449400e+00
9.758616438377288871e-01
9.711183084702700308e-01
1.106754043730093562e+00
1.447860908868784602e+00
1.792910459946265078e+00
1.588420451862880611e+00
1.628665408016760185e+00
1.760758600364700888e+00
1.560886767651100016e+00
1.226862426913112536e+00
1.275322743097312417e+00
1.097971895009494769e+00
1.214036368532890986e+00
1.233152343905866255e+00
1.442797214579898180e+00
1.290427059361768158e+00
1.405553767392498266e+00
1.327256788230731566e+00
1.426587306447113956e+00
1.482083409141997876e+00
1.135548164253664893e+00
1.474451209410865049e+00
1.344411553850008545e+00
1.432988828191064545e+00
1.890394053061652535e+00
1.594808546050847875e+00
1.492610913320901567e+00
1.325403160786310153e+00
1.286632973639517230e+00
1.353786268413899485e+00
1.403515259418728567e+00
1.120522274705366472e+00
1.115208647763542116e+00
1.595275365358968411e+00
1.431320211561931233e+00
1.539216709834977603e+00
1.639032335830580056e+00
1.181434343454676794e+00
1.358470911641023404e+00
1.509278712415720980e+00
1.314246913946668371e+00
1.102448123777990174e+00
1.220584878781802551e+00
1.242593338339736286e+00
1.195767234202397500e+00
1.375156618080433768e+00
1.542567842653203680e+00
1.861234052829479069e+00
1.514731705807432327e+00
9.816750247512395777e-01
1.368249851145652229e+00
1.733066020182964184e+00
1.587934090459196979e+00
1.756921245169534629e+00
1.760244790491810596e+00
1.614748640586421535e+00
1.673862471238202865e+00
1.963465420316659049e+00
1.852177694824523435e+00
1.902264444287220746e+00
1.437707788914678764e+00
1.752769440279461355e+00
1.634023618331227556e+00
1.707035181557529757e+00
1.778993395525304555e+00
1.808958149528456349e+00
1.101251821256215013e+00
1.264859146770381804e+00
1.847226741863138288e+00
1.700171419837293474e+00
1.511395898853105990e+00
1.498982725642770575e+00
1.239911896336497232e+00
1.024949318451539915e+00
1.332193712585643786e+00
1.368812207686678883e+00
1.380091707322550709e+00
1.244688844838834685e+00
1.171473801804461479e+00
1.325491110399451333e+00
1.384949544688494960e+00
1.538249104396729905e+00
1.196265993052827659e+00
1.021515495982000532e+00
9.530619214545859030e-01
1.089484688398991707e+00
1.177265113222974779e+00
9.878921874147243987e-01
1.011372853931868487e+00
1.025033044977583296e+00
1.098317285941130539e+00
1.147637589383194268e+00
1.314218161095329629e+00
1.132432926309552057e+00
1.327880226845693734e+00
1.207805783070251104e+00
1.282231820595586269e+00
1.276810066332048743e+00
1.086784381094779706e+00
1.219457312898778234e+00
1.115679372504493783e+00
1.042621570162589384e+00
1.016876219654488045e+00
1.122681562876502115e+00
1.050839318371218800e+00
1.109268126805600607e+00
1.102980762593542385e+00
1.127938400378457606e+00
1.089932086197698657e+00
1.296738132763718854e+00
1.497059568989725697e+00
1.482573419629835021e+00
1.373497060472652187e+00
1.514272365870770187e+00
1.772514117463741101e+00
1.463605981711949333e+00
1.705644476483593408e+00
1.625548024046600704e+00
1.664182371840841057e+00
1.709804955146441374e+00
1.624154828147547525e+00
1.837373161435256197e+00
2.453454197282500360e+00
2.144294394712797480e+00
1.747111107437751887e+00
1.681407396842648172e+00
1.469609833788312336e+00
1.803886063304851461e+00
1.598865461750005323e+00
1.809747901922168056e+00
2.008109280816302356e+00
1.964294219498502914e+00
2.402617683022586270e+00
1.928471487512045890e+00
1.759919546345197761e+00
1.692252312871689313e+00
1.635330637913171792e+00
1.721800708775143463e+00
1.949892728345710369e+00
2.329805523560137370e+00
2.457636575653526112e+00
2.300870215096026516e+00
2.343918531209284506e+00
2.549857815874748468e+00
2.618593361289431432e+00
2.031027822138691707e+00
1.855472729177595870e+00
1.779509030247506729e+00
2.161549871054748717e+00
1.741951906648765203e+00
1.521003871134147145e+00
1.398525996238610958e+00
1.264158654531894355e+00
1.735665321009616235e+00
1.799107622281034713e+00
1.694797388660766124e+00
1.769391329887846087e+00
1.774947730957225467e+00
2.166052633656852855e+00
1.612226848167946258e+00
2.062776902581767935e+00
1.954372271493834745e+00
2.172436695277541130e+00
1.799597219315551389e+00
1.732459456156820510e+00
1.782979276303943372e+00
1.938370341844814382e+00
1.891524706234490871e+00
2.188881527482514411e+00
1.689178593764056657e+00
1.720476347951199303e+00
1.797216096678154518e+00
1.715647560049383902e+00
1.783607792038425677e+00
2.097453382429898205e+00
1.607898348613735040e+00
1.852473330727092637e+00
1.338727184776720591e+00
1.101406836003931078e+00
1.317819123690741057e+00
1.288802850608667727e+00
1.124470570159613825e+00
9.540684887946359050e-01
9.799661154889873771e-01
1.098023629705291215e+00
1.173599604589662837e+00
1.134727348609661624e+00
1.319902389929116238e+00
1.309671734927489783e+00
1.352463393545882298e+00
1.330095766687193759e+00
1.429964305488028220e+00
1.466347735636077232e+00
1.434849782077862734e+00
1.406975048263675143e+00
1.271359400301346421e+00
1.444767855409113455e+00
1.433808599594913469e+00
1.246980826745523352e+00
1.735348572782332344e+00
1.731232611678609645e+00
1.980865609183531495e+00
2.108184769657083013e+00
1.873846687053394522e+00
1.685889255167823952e+00
1.604501259133454871e+00
1.567835872880368520e+00
1.468605493126674322e+00
1.751553444872961940e+00
1.857034507512086652e+00
1.546583496803707991e+00
1.740506985670245532e+00
1.584309308816430617e+00
1.265607974633245147e+00
1.253871451569981588e+00
1.177146625586393824e+00
1.388371740538701271e+00
1.139132754447811591e+00
1.381694790553474883e+00
1.295238939747410889e+00
1.432005995313387015e+00
1.398113797332588115e+00
1.079097205863516429e+00
1.071243943440638224e+00
9.958948116165111664e-01
9.876586492590784250e-01
1.183027100317936453e+00
1.192065650828457946e+00
1.052614311325430707e+00
1.241850404708119804e+00
1.382839439289103467e+00
1.329732229874603933e+00
1.666113012088906276e+00
1.546630518114789243e+00
1.567177170984943579e+00
1.421264106739781985e+00
1.258495807044647918e+00
1.244906066475804929e+00
1.237177437343174091e+00
1.151693262433804099e+00
1.650066681210444530e+00
1.334050377445380020e+00
1.534710585399158722e+00
1.311915226576923610e+00
1.138120119615135373e+00
1.194981229697366087e+00
9.959593604970893299e-01
1.048843696411897453e+00
1.097355705769004430e+00
1.288265978018939606e+00
1.177234100705035535e+00
1.121146635275950265e+00
1.209318910565507332e+00
1.223815541638799020e+00
1.440355275312898753e+00
1.501432719488283496e+00
1.339503003283350147e+00
1.206580495840444911e+00
1.539541881759825648e+00
1.725417853436707283e+00
1.462117999955285574e+00
1.604585332967921829e+00
1.629737637511801784e+00
1.563855717136581225e+00
1.562223960246047483e+00
1.602348062945029072e+00
1.942562921001367293e+00
1.951540094284766713e+00
1.824755840207587854e+00
1.917986153195007537e+00
1.757655661180701490e+00
1.312532041253511750e+00
1.582972958080838488e+00
1.963624991432682876e+00
2.199593990151767375e+00
2.146616457350353002e+00
1.996963901539985375e+00
1.734720249198371977e+00
1.547941069074675546e+00
1.707475770588339437e+00
1.377850307782277905e+00
1.210234453150727640e+00
1.474278159255761445e+00
1.925046301698102313e+00
2.081531336382448139e+00
1.903263449242995620e+00
1.939373223158462167e+00
2.240863065190379810e+00
2.015966841060199854e+00
2.078653929166269343e+00
2.358106079502336527e+00
2.318017463013699153e+00
2.000154654286207201e+00
1.830682668276121916e+00
2.072089258319729232e+00
2.041600017869489303e+00
2.107196305723753493e+00
1.811773995526225534e+00
2.263181494221087497e+00
2.254383557945864869e+00
2.246761484288781752e+00
2.264873487378360029e+00
2.300765706541648470e+00
2.177512744163442093e+00
1.621913633423105017e+00
1.643899104794566135e+00
1.597067852682110933e+00
1.341883570076834786e+00
1.352926313442728734e+00
1.308596843430700707e+00
1.578052047043680073e+00
1.595434953421847712e+00
1.621076253466088746e+00
1.269780080903227359e+00
1.657537499293233685e+00
1.637100550649675190e+00
1.459516235283897956e+00
1.417553435792344718e+00
1.480142873965315964e+00
1.307573763573755876e+00
1.507779058704667996e+00
1.476165106331348786e+00
1.383817832922643598e+00
1.205131181774690807e+00
1.150870979437066177e+00
1.235106383775072203e+00
1.706949227202096964e+00
1.698955173454266721e+00
1.967254238658614263e+00
1.881091723687859929e+00
1.544047852046542602e+00
1.225579710611349515e+00
1.129764642497242733e+00
1.276924522946790930e+00
1.507554544697288224e+00
1.095080692132045730e+00
1.085356245423749089e+00
1.395179578211793725e+00
1.318295777844939787e+00
1.598368837686996224e+00
1.865056708142837083e+00
1.591799044780269012e+00
1.470716286578531262e+00
1.398492161242414156e+00
1.485448515987502605e+00
1.371718415528273560e+00
1.243677736953747059e+00
1.249341310409612049e+00
1.308399834860321187e+00
1.079212480939299557e+00
1.422867926223037705e+00
1.315522574378902965e+00
1.504004135098811812e+00
1.518395678751747413e+00
2.026873769677127068e+00
1.798733239120451799e+00
2.208010816551571498e+00
2.463906255594215722e+00
2.071264517738967470e+00
1.512447297872252072e+00
1.658815237318136626e+00
1.667948682421345641e+00
1.477721998869329534e+00
1.557101921725877913e+00
2.034317877086530224e+00
1.611085084629799713e+00
1.788413168940564235e+00
1.677619806194753371e+00
1.360227473974510826e+00
1.727448396154269705e+00
1.583490731589252576e+00
1.061248108303694870e+00
1.227103791688217926e+00
1.232335492746304606e+00
1.109164537625821678e+00
1.217649064958802763e+00
1.149971931570210826e+00
1.035471848865231470e+00
1.149344667348902282e+00
1.453092724800452817e+00
1.420618825349442504e+00
1.563060060488346004e+00
1.314579424479283221e+00
1.240458819192463258e+00
9.737033671102507393e-01
9.351886037157902676e-01
1.065172808597235621e+00
1.261022182445420858e+00
1.073684015038404826e+00
1.358571661594172753e+00
1.548003348507289934e+00
1.313837452635149061e+00
1.376987263472591483e+00
1.236672748791716181e+00
1.127477278138344863e+00
1.249377452480902928e+00
1.066806014087326338e+00
1.320089010632910620e+00
1.695005876987784710e+00
1.417324789846573729e+00
1.311881943347896762e+00
1.269569869286948371e+00
1.263324340151179115e+00
1.293201256923500075e+00
1.631612733874946208e+00
2.059771716092565708e+00
2.006659232522899128e+00
1.510925985219925938e+00
1.740890253983027325e+00
1.733191032255670727e+00
1.571050014351235369e+00
1.261289736554822793e+00
1.644735213081117697e+00
1.719179764936304089e+00
1.487568604021309637e+00
1.775961394870769317e+00
1.540447692896691034e+00
1.817792590597038682e+00
1.923277866405458614e+00
1.759523202929731189e+00
1.843996230807004366e+00
2.238822894676010034e+00
2.113972149372466358e+00
1.870767272275788429e+00
1.918091212457692540e+00
2.176132666018482542e+00
2.228209470434156625e+00
2.259956506271043164e+00
1.939133042557911857e+00
1.507298107563538547e+00
1.585172410077938743e+00
1.509815240336346953e+00
1.813762737692901972e+00
1.633944804664096528e+00
1.589738598797386437e+00
1.109382079687084799e+00
1.214775718042930386e+00
1.535150353809128232e+00
1.219694591223275060e+00
1.040721797583896935e+00
1.244582953337799225e+00
1.068228241660802658e+00
1.232615835159986295e+00
1.232996913052234689e+00
1.180035890477990623e+00
1.130327647969199045e+00
1.196989430969848334e+00
1.193373039211606423e+00
1.080065499093092685e+00
1.197080995998152986e+00
1.225349263686094758e+00
1.038550341798726739e+00
1.107641381911913525e+00
1.161169341104800079e+00
1.023464914174052387e+00
1.073533775839816240e+00
1.338466117899509644e+00
1.306305873027629794e+00
1.465940718380683627e+00
1.348741422782334887e+00
1.259513364493747734e+00
1.508255616303474822e+00
1.343918872575954992e+00
1.099981118428382310e+00
1.069142613127163743e+00
1.031525962628585091e+00
1.075301660842086227e+00
1.074713505493861243e+00
1.352148363747203375e+00
1.161484449348514358e+00
1.513967750475915919e+00
1.442524597489588389e+00
1.203067145119056214e+00
1.454519287797364502e+00
1.676745688981521099e+00
1.562757022321178191e+00
1.544772469120240466e+00
1.306649983928173997e+00
1.270164813963633899e+00
1.280447140883096191e+00
1.356651530417033902e+00
1.112967568898469484e+00
1.097404773208694229e+00
9.668232028636914999e-01
1.437105308430425277e+00
1.415073923987654858e+00
1.949816996778764411e+00
2.243410930350885124e+00
2.313452224321426609e+00
2.044463380262250052e+00
1.737746495547187964e+00
1.561812304657928863e+00
1.429643525672782189e+00
1.760786905495071997e+00
1.506265875206423077e+00
1.061994654649717651e+00
1.439152222065193554e+00
1.473500412969481310e+00
1.466026150849441212e+00
1.439946726887104678e+00
1.320939645449085820e+00
1.886703040819824650e+00
1.886090139752474748e+00
1.885652330805951626e+00
1.662109889238541305e+00
1.573568794655491487e+00
1.571880656621709615e+00
1.432633885771295246e+00
1.591472281170809744e+00
1.841911153050273642e+00
1.605554904722384935e+00
1.230273322485552212e+00
1.070429404131008733e+00
1.052873530125764567e+00
1.243884854939146356e+00
1.293201006423017940e+00
1.712610739369919033e+00
1.611296571534575506e+00
1.539751115313348961e+00
1.138364797054415067e+00
1.073797176962403066e+00
1.157103135252235626e+00
9.385576572647308380e-01
1.202806775209969814e+00
1.097756719376387968e+00
1.239716129937467048e+00
1.262106715031213966e+00
1.313244954983260770e+00
1.524863092299866274e+00
1.851535000160289490e+00
1.959263924748572583e+00
1.740695921046842232e+00
1.647265220284886089e+00
1.671245670712468767e+00
1.718103197148493910e+00
1.878429478014794984e+00
1.700756962883306134e+00
1.186664506020281395e+00
9.489558731125067315e-01
9.446059121707318651e-01
1.181681069870373912e+00
1.632413810696874412e+00
1.453079452120857429e+00
1.564470151692165079e+00
1.790266782339746676e+00
1.789523323589719217e+00
1.663258571501513350e+00
1.395185545762342993e+00
1.447938315335576265e+00
1.398113380064510469e+00
1.775048730435220934e+00
2.188936726261077492e+00
2.250586180150242921e+00
1.897470999499977440e+00
1.605840463014029273e+00
1.517780232923348294e+00
1.298459129678417368e+00
9.634184604027515864e-01
1.087673015900472828e+00
1.029325818402993642e+00
9.446668387456598204e-01
1.155112658501382894e+00
9.667732036311360577e-01
1.376912412250877571e+00
1.294135513563039463e+00
1.327996578569351493e+00
1.228640947148258222e+00
1.053145461648598014e+00
1.015493134410518916e+00
1.192796045496373081e+00
1.513033479446096230e+00
1.085170915713405071e+00
1.195211349974450998e+00
1.031464195183202870e+00
1.191712856132533194e+00
1.316011170079391279e+00
1.243915206375292293e+00
1.493578908656773452e+00
1.900410872467697132e+00
2.291202336438389331e+00
2.263764962883117793e+00
1.869675176847987785e+00
2.057246839117184312e+00
1.480839759507726727e+00
1.714741688686862275e+00
1.697445573767135230e+00
2.039718200446900109e+00
1.866402622282403279e+00
1.358180583299438693e+00
1.454009249724864450e+00
1.758959936860836848e+00
1.565728708821769288e+00
2.009693803474760010e+00
1.897047337902350028e+00
1.495413871694150965e+00
1.549058018282675864e+00
1.677153323550702346e+00
1.248523832696513125e+00
1.518430296823588543e+00
1.519089712432046824e+00
1.894643214831132738e+00
1.941285749866100252e+00
2.247604906571754935e+00
1.959479238447567440e+00
1.671667468561409908e+00
1.913007962042625243e+00
2.081233686025194540e+00
2.090467611160215622e+00
2.540804478704824287e+00
1.934174349600555676e+00
1.520266903623663346e+00
1.306761513975024158e+00
1.242813828677909349e+00
1.354419576876545905e+00
1.683237063553892243e+00
1.481909922034013727e+00
1.765032158505534188e+00
1.740740205771968974e+00
1.860116212111356804e+00
1.452005595903860247e+00
1.361049182436243177e+00
1.336748482781497493e+00
1.195057454922255014e+00
1.238545139546247675e+00
1.165601653800948156e+00
1.195684755500957985e+00
1.237401350378577236e+00
1.583856190743840209e+00
1.653564797512981244e+00
2.477652582228747846e+00
2.531896358463027852e+00
2.694423494796419405e+00
2.419610642785017696e+00
2.016590579597468569e+00
1.872071823789010825e+00
1.644292011734083125e+00
2.263477319051649062e+00
2.287623636030453156e+00
1.992364072661840568e+00
1.546924350959085537e+00
1.442518193555323736e+00
1.488058787717024378e+00
1.823240674792216076e+00
2.071314570369643615e+00
1.834244747082178995e+00
1.765215217263190972e+00
1.625188730271402537e+00
1.714239454093464676e+00
1.682162713296013523e+00
1.728018417545226670e+00
1.569124736147286647e+00
1.568487654312503254e+00
1.477144527346577751e+00
1.463247518885462561e+00
1.406566438257233598e+00
1.614991765895439357e+00
1.787751341790400295e+00
2.260785262229375370e+00
2.115997886044952647e+00
2.196267293453774361e+00
2.039451858556005970e+00
2.036876576890491730e+00
2.014031106279894789e+00
1.804044809650185988e+00
1.801507839881422601e+00
1.598707833798720834e+00
1.293839761549536505e+00
1.400580206554274509e+00
1.706303749427828809e+00
1.893078950356988477e+00
1.697689444461737196e+00
1.815922715195974479e+00
2.472409392760642532e+00
2.667709614981304878e+00
2.269993007378409811e+00
1.884520221289820441e+00
1.271754196331172704e+00
1.408113940123505214e+00
1.331509784876049318e+00
1.228360952506624582e+00
1.279977185165944720e+00
1.407831910351533544e+00
1.648621908071735254e+00
1.384031385728194952e+00
1.224651700191795811e+00
1.556607918028919402e+00
2.174032779407549132e+00
2.321848857293420831e+00
1.890433758921844731e+00
2.056252551971907927e+00
1.849148141355210662e+00
1.907377072811040186e+00
1.384048677766629432e+00
1.476288592373028896e+00
1.311604856098721683e+00
1.210291879765278189e+00
1.092941850813122118e+00
1.324911501488901244e+00
1.289086782208369586e+00
1.353283679232463177e+00
1.313091506471154801e+00
1.334713567239722565e+00
1.379658704106908829e+00
1.673239091570187576e+00
1.500630897461585178e+00
1.241233166521625186e+00
1.386644858729894514e+00
1.447779688956730038e+00
1.065263588407180606e+00
1.436886513396105958e+00
1.641143749608423796e+00
1.262408745766382845e+00
1.306210623747483091e+00
1.433058224655609614e+00
1.323564179619183045e+00
1.378815700688420076e+00
1.679039831894008294e+00
1.372617353544618890e+00
1.286721824262259117e+00
1.267902644268491530e+00
1.202612244379741124e+00
1.081395080375714857e+00
1.442825444756099307e+00
1.238150779600916795e+00
1.044000557947771801e+00
1.110673086170136825e+00
1.146435402016373173e+00
9.558601091239051772e-01
9.680563800670735075e-01
1.218059986561117469e+00
1.381283062808957407e+00
1.411086590635590943e+00
1.234285085665212556e+00
1.084641857124355235e+00
9.093548077746483882e-01
9.970062599181297447e-01
9.312327350959057615e-01
1.047590856477739640e+00
1.343117891155765964e+00
1.251155398141443165e+00
1.423007789167459958e+00
1.699833010320291882e+00
1.487012605942806598e+00
1.334954202069840168e+00
1.238541947541698995e+00
1.287942395009756602e+00
1.117463905224112208e+00
1.062331357681677968e+00
1.046857967218060681e+00
1.141585311048699092e+00
1.309986682298273086e+00
1.432881050687260460e+00
1.159586246971347379e+00
1.225203074661405322e+00
1.108364072563938318e+00
1.088409052019688961e+00
1.061005824839891032e+00
1.191056054440465806e+00
1.269061344547806502e+00
1.192080261959657328e+00
1.557995998415295347e+00
1.295799967601050318e+00
1.512020448997987154e+00
1.750858252211738408e+00
1.561989582627483442e+00
2.168644344825753301e+00
2.243164826431820469e+00
2.071827647744383771e+00
1.684402359211531808e+00
1.745003568508391112e+00
1.388174731698852193e+00
1.218571853509905045e+00
9.595218359868602498e-01
1.157227930456136811e+00
9.883326139224832829e-01
1.169786903532817002e+00
9.988883518632107883e-01
1.095776753284195548e+00
1.075277299685591492e+00
1.110025408972619809e+00
1.401282626539640752e+00
1.245131797208926638e+00
1.462528823121704402e+00
1.488732082247230970e+00
1.913593351350745708e+00
1.385362838458301660e+00
1.373998049853458525e+00
1.563350633953916047e+00
2.115738286900834986e+00
1.971092120345742771e+00
1.691364327613117169e+00
1.718621971736230325e+00
1.459969410629606834e+00
1.965930149504510283e+00
1.914393442649645838e+00
1.616145055247981022e+00
1.606432207872552809e+00
1.473882428536501754e+00
1.631163244488042396e+00
1.684225009825413899e+00
2.014717792219880899e+00
1.999739036491075428e+00
1.546563980477142941e+00
1.235747277017134049e+00
1.407031344806909168e+00
1.614930350752830979e+00
1.537777161235716505e+00
1.319308988703194796e+00
1.215864051719035999e+00
1.253291117876691452e+00
1.214926752990761916e+00
1.552890157072244648e+00
1.617515853535790304e+00
1.100976592748583505e+00
1.108408802706603691e+00
1.178936788493942345e+00
1.199838285224817724e+00
1.386896138158775882e+00
1.280512111629421801e+00
1.404245677041205509e+00
1.562726608532514661e+00
1.504091308261183757e+00
1.377934698597051533e+00
1.564045327637044736e+00
1.679522132356735753e+00
1.459921156014520882e+00
2.157562980983031231e+00
2.078020377400393137e+00
2.134604310683462014e+00
2.056346504219503935e+00
1.905995951590743420e+00
2.258791683695971386e+00
2.229938791866020065e+00
1.729817751370648971e+00
1.975659821811999173e+00
1.400541020935596626e+00
1.272802950026826974e+00
1.025599641565404729e+00
9.923903299528327171e-01
1.168995077245449599e+00
1.434700665942165054e+00
1.624300469294728488e+00
1.513617154880395166e+00
1.404521679481608443e+00
1.902723496171583539e+00
1.501357163030081265e+00
1.721346272914696884e+00
1.686338357517231490e+00
1.064470008859407679e+00
9.784632197357251426e-01
1.249758450419744982e+00
1.115771457398906374e+00
1.098187708142816854e+00
1.161797462867888653e+00
1.320932083412829527e+00
1.343999312758821008e+00
1.452947256433598788e+00
1.192976577141322325e+00
1.170583769992264100e+00
1.096015586886234017e+00
1.118707641303445799e+00
1.000849514266498819e+00
1.124534325827430292e+00
1.321402188688902468e+00
1.090180765852721834e+00
1.095308365684332985e+00
1.050456112070895731e+00
1.454671645483516240e+00
1.450248760196510389e+00
1.542402833564718190e+00
1.479769616429829293e+00
1.440141974096603938e+00
1.213314797600144823e+00
1.569377900729995279e+00
1.578864394506884317e+00
1.832019266473749797e+00
2.106466675745634731e+00
1.689660222480412477e+00
1.618021127538096016e+00
1.440883666115693629e+00
1.282645554295287260e+00
1.283376599400756213e+00
1.318438221585870762e+00
1.335418175430220566e+00
1.568004719048215367e+00
2.172932654897669291e+00
1.955367825849000374e+00
2.149841112791498698e+00
2.082598940340397942e+00
1.952853656815600747e+00
1.939269449831302339e+00
1.910878773592628921e+00
2.420407795233664228e+00
2.165721199222854221e+00
2.119800197714030165e+00
2.298096503588955120e+00
2.047829326201128008e+00
2.006229771399096862e+00
1.893289457402654197e+00
2.046228428804131028e+00
1.781534168711304433e+00
1.711494776996458356e+00
1.535729259781613010e+00
1.203829692751170688e+00
9.677450497790183181e-01
1.163426254342585064e+00
1.038971062052917338e+00
1.378430652747968832e+00
1.738164768561125229e+00
1.685446834667307492e+00
1.653468223996522601e+00
1.607362505643939343e+00
1.740895056099978966e+00
1.603163868535717462e+00
1.585688795003995510e+00
1.694122118381226727e+00
1.892325151835626773e+00
1.928013461653515170e+00
1.773805535909976916e+00
1.535572540745484105e+00
1.813149983960085088e+00
1.796107782258141938e+00
1.726924442777209023e+00
1.625487492477166063e+00
1.771853598672036290e+00
1.526252804012953490e+00
1.130703701032534259e+00
1.049513964910836261e+00
1.274388484919954712e+00
1.313607099240616805e+00
1.383288872188565000e+00
1.452904291795257263e+00
1.539724395950899716e+00
1.581699357722279098e+00
1.490032385833697681e+00
1.623407573618627087e+00
1.371309042275585144e+00
1.644552103502812335e+00
1.454775798488320948e+00
1.444174190506704036e+00
1.490513975585267215e+00
1.173142571705553916e+00
1.460817551416312865e+00
1.527339833735099850e+00
1.489116657751182959e+00
1.456213894884318627e+00
1.627364524267393975e+00
1.749036213125484851e+00
2.167983317957595801e+00
2.268350588576161453e+00
1.892204204968683356e+00
1.703094362965743347e+00
1.650394726107604404e+00
1.886154450968422047e+00
1.694981440515544113e+00
1.470503659741460023e+00
1.288870555497313886e+00
1.543011591926116477e+00
1.320296191234134220e+00
1.420926159689376078e+00
2.030517460210122582e+00
1.838720010040168162e+00
1.420603998500165721e+00
1.562741363809292627e+00
1.638193093121664390e+00
1.249365904201056310e+00
1.317180373312754504e+00
1.502957575633596221e+00
1.555352744266917719e+00
1.288684336521690232e+00
1.441612014745319081e+00
1.232511369701839499e+00
1.167568911219543315e+00
9.676264638524143535e-01
1.192087144917301833e+00
1.343052852214229764e+00
1.166435959346309614e+00
1.136199075091420374e+00
1.555282030226064371e+00
1.893299978039289844e+00
2.306741256981879928e+00
2.267500032411674749e+00
1.767189339955846039e+00
1.450646862562752659e+00
1.597902776104883849e+00
1.906434900285868927e+00
2.162912570114605249e+00
1.915299149256410205e+00
1.624049348800283843e+00
1.537762199711809608e+00
2.086874464136913243e+00
1.906709421944689176e+00
2.087600606272855597e+00
2.147955406995361471e+00
2.284715328286468949e+00
1.626772972461677513e+00
1.784864645496687663e+00
1.935529772102871249e+00
1.525861968832731952e+00
1.632590633777154965e+00
1.708696249643894660e+00
1.770881585666183700e+00
1.398225201380667304e+00
1.773630706236038579e+00
1.618703807239362469e+00
1.390023835901817328e+00
1.411694399697900337e+00
1.602272855720949796e+00
1.430717094592327765e+00
1.812698993477309672e+00
1.593527055356480204e+00
1.440773186233211600e+00
1.395300660042425811e+00
1.530268054982740544e+00
1.451920887550325556e+00
1.482531181979443557e+00
1.417778152871423947e+00
1.346106312492250767e+00
1.553491753111761353e+00
1.778455978583530328e+00
1.737250223859141407e+00
2.033626198806185226e+00
2.050617950663302658e+00
1.861700643307861114e+00
1.891139431588083175e+00
1.639623242496616617e+00
1.686837898689047099e+00
1.577364733326365176e+00
1.833244331427426488e+00
1.817298792271581975e+00
2.028162017652215265e+00
2.132218248156603657e+00
2.194750782303569459e+00
2.113282274989413789e+00
2.146811644523593188e+00
1.709376489094375007e+00
1.524281419286397821e+00
1.654556347427343699e+00
1.706883115355805280e+00
1.691402814926912690e+00
2.003685452278723300e+00
2.004341362632035661e+00
2.263447002926254559e+00
1.816454425221610824e+00
1.473761168771354990e+00
1.213271174585341283e+00
1.130803495509829393e+00
1.098045591099213958e+00
1.371680723624049136e+00
1.821941673652917704e+00
1.787203138785245393e+00
1.494477963621856587e+00
1.450453968475197142e+00
1.526504301139061770e+00
1.599096118057302673e+00
1.279209565960040207e+00
1.429500268174509259e+00
1.286803693271289406e+00
1.345705751709761477e+00
1.699333381837055512e+00
1.651727545781685125e+00
1.619028382729497784e+00
1.430608116950410347e+00
1.347876360970194254e+00
1.063390819237468365e+00
1.156446858030874880e+00
1.371459816649737817e+00
1.287924716765502353e+00
1.417583389201129362e+00
1.332944483935997848e+00
1.401611632104014404e+00
1.651577121613830856e+00
1.468949305914797776e+00
1.207921442098349285e+00
1.413998670949213610e+00
1.299149862875480954e+00
1.495049319489988537e+00
1.210160155470361154e+00
1.312534776587785723e+00
1.321895125524614523e+00
1.275627335465689072e+00
1.466156175199900602e+00
1.885021359930983964e+00
2.076844227216813721e+00
1.963677450745803243e+00
1.829991125646252215e+00
1.951368379153784804e+00
2.126104715063549477e+00
2.314667930655552652e+00
2.302564977896280674e+00
2.483030763353877290e+00
1.640741207817347336e+00
1.751406492227586043e+00
2.011413127138294676e+00
2.049052797177743912e+00
1.758710785087323814e+00
1.675451736463042796e+00
1.670475859925214523e+00
1.350425389620890648e+00
1.406364350183353817e+00
1.409100969257287339e+00
1.405468952285544137e+00
1.418438384851299361e+00
1.371649100452134507e+00
1.440928026804183526e+00
1.761413536426901238e+00
1.763647958161333351e+00
1.390174944294238379e+00
1.628648405981765412e+00
1.792748002709527499e+00
1.497171200479633590e+00
1.532151933297837720e+00
1.486989120218999982e+00
1.484141684638383474e+00
1.236449062381574260e+00
1.313992835525312319e+00
1.751813897611979698e+00
1.574346123153855581e+00
1.529006230810767697e+00
1.426442264833629903e+00
1.382430192427665405e+00
1.434666311796063187e+00
1.788651665611064701e+00
2.103275296456597054e+00
2.476086535986764758e+00
2.563603986382137379e+00
2.437940841465036979e+00
2.541096703696285264e+00
2.051002622974003486e+00
2.022847070575339856e+00
2.327320848314182733e+00
2.817762491684830728e+00
2.531806842257475321e+00
2.656199931641372913e+00
2.541379162149385973e+00
2.136870153110389303e+00
2.085019018410699143e+00
1.897556085321951747e+00
1.758078651854031449e+00
1.408516395989935610e+00
1.368608724787073072e+00
1.543013078551555894e+00
1.331222013781409474e+00
1.295401748259699115e+00
1.407795167545615733e+00
1.251682424009125993e+00
1.233131429508588672e+00
1.483792263598161076e+00
1.296505858858973959e+00
1.284012165673956041e+00
1.205744713907892951e+00
1.259749367294575428e+00
1.133846430788702175e+00
1.205429661633920402e+00
1.260052045486587780e+00
1.246552764167829119e+00
1.110345413241649259e+00
1.272174484044841236e+00
1.623729590953413293e+00
1.623338848767560183e+00
2.033573186494253893e+00
1.972896401265658683e+00
1.522283781881588416e+00
1.475085850642165575e+00
1.560463212086601104e+00
1.516269387468808016e+00
1.887544324371805748e+00
1.875778149093196623e+00
2.089026758423791374e+00
2.014769716294052326e+00
1.375436418862942212e+00
1.401292884400003658e+00
1.198675296957300018e+00
1.344506294876062880e+00
1.318842446823448533e+00
1.445895922939670619e+00
1.482281788934124211e+00
1.819501830101895923e+00
1.939840234945564124e+00
2.185906811479569445e+00
2.444008962645321859e+00
2.167297310925019538e+00
2.168091801112635775e+00
1.726826845658338883e+00
1.882673379582465500e+00
1.637940783552500612e+00
1.331057190292388448e+00
1.174545802587114052e+00
1.467451612189285104e+00
1.616701370354445944e+00
1.733012402602380764e+00
1.789910315480969905e+00
1.746359568117750616e+00
2.083381353474853537e+00
1.958208233835969425e+00
1.996796009136620142e+00
1.939794733460456388e+00
1.783237585809423820e+00
1.500332795352679049e+00
1.500179739223717723e+00
1.012240821355918641e+00
1.107518466112735078e+00
1.018176706383614016e+00
1.012329858031795871e+00
1.206953902919590593e+00
1.152667629847810238e+00
1.124750722406622438e+00
1.147645373049287043e+00
1.226632331632121264e+00
1.167326155466391846e+00
1.384712073876274596e+00
1.583986264189531701e+00
1.514815603403800504e+00
1.503643227222416501e+00
1.493665838141728930e+00
1.404520293447099277e+00
1.642096730496436452e+00
1.249674466972596321e+00
1.237017447746985077e+00
1.173319661186114304e+00
1.050855529376450326e+00
1.192009331389929150e+00
1.792629337912596599e+00
1.773885862370795596e+00
1.672880360233948593e+00
1.426957974989651934e+00
1.286404453080634447e+00
1.560541515410718949e+00
1.648340742194574382e+00
1.523944146649535369e+00
1.668726005591945283e+00
1.375392914370822783e+00
1.166991876081213242e+00
1.102624492904991538e+00
1.219913860341204748e+00
1.358133637452858089e+00
1.220428264108107896e+00
1.214461264457122658e+00
1.165525095809327283e+00
1.045656316105496364e+00
1.057295599588795820e+00
1.048216984185505352e+00
1.171860838081110412e+00
1.017274515104350519e+00
1.242579122592743834e+00
1.182294042805737133e+00
1.312972196662716584e+00
1.038426473061709432e+00
1.403012943534371892e+00
1.334616232289281390e+00
1.143620731641429522e+00
1.200972474750608754e+00
1.181286495966558325e+00
1.439829510185628214e+00
1.680314037429603502e+00
1.288695020590936657e+00
1.324725348728803986e+00
1.231017100050138868e+00
1.129761656072427956e+00
1.007170142473298391e+00
9.651388550540899169e-01
1.132733930629597152e+00
9.067319572291767660e-01
1.007517027722247382e+00
1.115650819005255423e+00
1.177515197175550421e+00
1.292040705387077715e+00
1.596108879102019484e+00
1.793527799065401274e+00
1.869527884134045470e+00
1.752639698391703194e+00
2.141520647837955149e+00
1.958785812887725131e+00
2.170037301674372365e+00
2.298254561748454439e+00
2.103688917655792245e+00
1.615221940312471904e+00
1.713452855911246964e+00
1.633209380707183689e+00
1.559045750140663156e+00
1.345632103661335899e+00
1.319120795813918612e+00
1.250842309596677859e+00
1.121588095736829827e+00
1.117530485717483257e+00
1.192889302215577763e+00
1.280185131038254376e+00
1.484252121972707616e+00
1.254605201733456132e+00
1.142057262430524744e+00
1.414554434830086915e+00
1.502797719575832636e+00
1.417837075655519641e+00
1.523636962704623121e+00
1.571790335921501081e+00
1.402104371818381878e+00
1.525520340885156756e+00
1.419249739722357795e+00
1.221254046167882024e+00
1.541583743808859763e+00
1.493426394300549909e+00
1.452832936797365138e+00
1.670795574924627491e+00
1.309683819611842104e+00
1.438147902483030371e+00
1.230777721316769213e+00
1.338996418415253187e+00
1.240129775015650360e+00
1.481282043010725857e+00
1.680634741198719029e+00
1.525007724083248251e+00
1.640727127049777412e+00
1.700541794576958088e+00
1.804091173595927744e+00
1.969267128656086774e+00
2.165021032540944912e+00
2.074681106902848793e+00
2.206988751303471386e+00
2.149001504337276547e+00
1.917172942010910930e+00
1.840888537517278323e+00
1.936513404543965366e+00
1.782754212155016837e+00
2.058753715021627517e+00
1.941513644309050157e+00
1.721452936684201962e+00
1.662992668971110310e+00
1.401165082027738151e+00
1.077430724395833872e+00
1.444111171511415437e+00
1.448787825794443762e+00
1.797694133025044883e+00
1.750080840516401004e+00
1.800798809779061038e+00
1.580559844641789891e+00
1.687018448074737442e+00
1.427069486392715358e+00
1.470207237165626957e+00
1.871730000714185493e+00
2.071837063301878334e+00
1.882969994437034167e+00
1.272996265533364424e+00
1.221706229342197858e+00
1.041293323461478959e+00
1.190264419935400886e+00
1.357530819096028019e+00
1.304549390869876868e+00
1.795126272172647752e+00
1.516949379960425670e+00
1.131380575390634080e+00
1.392407974428064632e+00
1.195276407207901403e+00
1.479440845755624290e+00
1.532149016718532097e+00
1.995184040955706894e+00
1.505748848402392204e+00
1.629566826840787463e+00
1.451731226858842039e+00
1.925346541280107848e+00
1.691479141463712255e+00
2.021973737340823529e+00
1.841884728175987807e+00
1.399705941799373576e+00
1.236649136246967151e+00
1.178513172613284699e+00
1.204017887344049464e+00
1.605617532244791423e+00
1.800948546416993423e+00
2.068717155913082806e+00
1.604624915929174112e+00
1.658907731569561950e+00
1.577755547692355043e+00
1.628752933447270124e+00
1.486462722452542629e+00
1.372994586500376979e+00
1.451745724414005734e+00
1.322592980208140423e+00
1.683931178357942038e+00
1.149894866577975572e+00
1.220389903333790604e+00
1.366381680913783647e+00
1.798763107723607479e+00
1.708435857533169289e+00
1.678005600969794120e+00
1.600766844146189971e+00
1.453363395276475956e+00
1.534021769986704697e+00
1.483056631194929365e+00
1.537631407671316452e+00
1.752785658734092866e+00
1.036982026743416219e+00
1.137473127574557763e+00
1.584474717411298084e+00
1.842795324328707851e+00
2.119202385321945492e+00
1.686201964581844237e+00
1.746759736132305951e+00
1.279011144317677484e+00
1.283336222778226121e+00
1.614854339392600258e+00
1.595550434722573963e+00
2.004847370916774008e+00
1.741090114550150503e+00
1.493154587426837043e+00
1.769289085685167295e+00
1.712152654819179665e+00
1.432833845383607141e+00
1.455114565725527775e+00
1.437615026854518030e+00
1.454883558373044394e+00
1.134561768830871564e+00
1.481602291455277776e+00
1.095680660539328777e+00
1.278793423971552601e+00
1.297418246538110553e+00
1.332918563137494017e+00
1.113514501877938878e+00
1.086912845365696434e+00
1.242219686221064157e+00
1.199170365543596350e+00
1.105050834369962542e+00
1.229170709759319857e+00
1.132073508713318466e+00
1.232122675754266483e+00
1.470042316405981708e+00
1.673794940066841264e+00
1.682664149516438945e+00
1.328688786052166781e+00
1.342786575876349309e+00
1.330880923026804163e+00
1.448068482996552664e+00
1.645513209832625057e+00
1.263844692665569980e+00
1.428903828299949552e+00
1.314780331663192303e+00
1.177303348426942176e+00
1.007902837628509962e+00
1.334861609221269507e+00
1.262446168433196014e+00
1.627077274257130002e+00
1.555303189489424476e+00
1.056485824760419634e+00
9.884630999283623431e-01
1.070685184323192596e+00
1.026305404171874214e+00
1.296184318379043576e+00
1.254551590423481189e+00
1.144975819992348320e+00
1.127378050557091838e+00
1.402728058072792106e+00
1.488892483937790834e+00
1.884730680103304579e+00
1.968621407003250612e+00
1.763467208550649534e+00
1.360898957446377011e+00
1.431225663867433218e+00
1.307330650254369786e+00
1.502165094811623636e+00
1.353355775684939921e+00
1.292996710851465281e+00
1.257366304873381857e+00
1.100144687405895549e+00
1.371729575403201062e+00
1.328140415904810467e+00
1.723777930031275663e+00
1.809709143772950002e+00
1.761135650451524981e+00
1.678107847806120212e+00
1.814416017776580903e+00
1.893108597385525060e+00
1.779997544494122952e+00
2.188331460697836128e+00
2.401747493051913374e+00
2.648307815148905675e+00
2.345532078170305734e+00
2.147646823001093885e+00
1.951195315182199685e+00
2.280948170038512579e+00
2.302553753855860919e+00
2.094820374815075326e+00
1.739856618298691204e+00
1.829998346449778879e+00
1.555198693771577378e+00
1.395771334136890474e+00
1.513617369185289441e+00
1.122818304297025893e+00
1.622706052905863006e+00
1.799390177685694425e+00
1.643453637197373141e+00
1.376408320490669857e+00
1.252315105287667762e+00
1.380983160781388941e+00
1.306980816652306032e+00
1.354224993298864810e+00
1.363638839922513668e+00
1.470902560355111133e+00
1.996833836611632940e+00
1.574594324357334152e+00
1.782137279764059556e+00
1.690322004855617344e+00
1.952054636324150882e+00
1.686470049916041880e+00
1.730427642627056173e+00
1.656831349835485412e+00
1.931097901743760836e+00
1.721977944235442592e+00
1.513595219341382636e+00
1.511839124870405504e+00
1.190801133856050020e+00
1.343779161022521818e+00
1.431120307279396098e+00
1.290862713740001277e+00
9.979748340761406267e-01
9.879601324055441447e-01
1.606911328129345451e+00
1.627062797414017936e+00
1.454027261118420844e+00
2.121266835008634111e+00
1.949258750504687221e+00
1.881522558119257171e+00
1.861670438119108928e+00
1.567710055213451525e+00
1.855061033314040930e+00
1.599624536044771839e+00
1.327485103601771188e+00
1.321465117915814558e+00
1.385194820025362983e+00
1.445930851706342501e+00
1.378355902644930131e+00
1.469627501476847620e+00
1.298101877904383805e+00
1.138221966461369972e+00
1.650887175670138651e+00
1.790351717336639670e+00
1.268604539547589782e+00
1.495236597793500266e+00
1.246853832381011884e+00
1.142262196206971003e+00
1.266003362721763281e+00
9.653832467801994888e-01
1.034268493892687379e+00
1.008795095086350013e+00
1.069754767068258117e+00
1.284498098285135725e+00
1.492819484018677922e+00
1.476842109139580250e+00
1.319819758551916244e+00
1.453469432832927843e+00
1.494684510280669398e+00
1.296187646231104384e+00
1.464250123099954948e+00
1.044071726992673810e+00
1.156526622773181856e+00
1.419836889128927249e+00
1.021487536108501182e+00
1.291911530928300911e+00
1.030851447768181606e+00
1.296191532131558688e+00
1.198906981560873053e+00
1.381748755473878321e+00
1.375559637013343384e+00
1.363405519308327207e+00
1.950954758162377622e+00
1.677217024868564055e+00
1.459013827724870982e+00
1.627101304101220780e+00
1.486696298063231891e+00
1.366618209881814039e+00
1.520003124869205635e+00
1.298009638108485131e+00
1.272097358152327828e+00
1.340054295933452266e+00
1.183546171994533491e+00
1.101296275659079171e+00
1.157555164719731078e+00
1.375866846849759018e+00
1.543497382945001606e+00
1.377609449469686442e+00
1.455312998992524420e+00
1.694874119339238483e+00
1.461477254978830853e+00
1.127856323778803516e+00
1.360532406910021974e+00
9.789003922420435044e-01
1.070036837477468472e+00
9.947343445945797669e-01
1.040685380017340345e+00
1.171536051496915531e+00
1.150190017878218285e+00
1.457615817906439126e+00
1.568768894951523052e+00
1.559595185631409864e+00
1.914063740347416998e+00
1.562553189416282740e+00
1.046806781864056735e+00
9.342281914745886873e-01
1.463400889543374106e+00
1.800976164069372221e+00
1.882434719362631403e+00
1.372903071821722776e+00
1.344841049532549571e+00
1.069550044853560200e+00
1.151818478666947199e+00
1.031901375192939119e+00
1.023882311568652392e+00
1.034979111096844262e+00
1.018445854005501028e+00
1.196364109198317927e+00
1.600906724367154643e+00
1.331118582086895596e+00
1.326415568463166439e+00
1.457827408095913935e+00
1.477126197390469242e+00
1.421824163518904616e+00
1.440070891541482823e+00
1.330273414463968074e+00
1.493364566481072631e+00
1.584507428661998674e+00
1.181496099349319540e+00
1.100893099461700997e+00
1.276170372384004992e+00
1.227606683586117686e+00
1.032735127253009644e+00
1.182755712020819194e+00
1.026306207857121455e+00
1.214561997449594033e+00
1.380709004123371164e+00
1.418568499947939321e+00
1.280887296637025718e+00
1.235011326641056728e+00
1.252220725641272070e+00
1.533543753843944035e+00
1.326232385659374957e+00
1.312879548636403548e+00
1.031263790530519087e+00
1.572856789910458630e+00
1.856651082226844496e+00
2.088345078064499205e+00
1.856447366372660390e+00
1.712847390155846972e+00
1.416399876388205969e+00
1.428552469132403857e+00
1.700498775482893299e+00
1.420883163148176198e+00
1.404650574458054857e+00
1.159361260370168623e+00
1.083120034639900586e+00
1.137482546087462909e+00
1.087779462677040287e+00
1.018078054478147143e+00
9.598551728706422592e-01
1.173330406330276521e+00
1.217160412429657335e+00
1.370055612103295184e+00
1.630336158182560613e+00
1.650934380674850432e+00
1.459555279551684182e+00
1.356608394305842902e+00
1.144088338610131705e+00
1.247763626182492702e+00
1.365316738129745744e+00
1.836565659901333580e+00
1.789809914334021590e+00
1.736019063022107289e+00
1.986238783673005548e+00
1.803946695873676065e+00
1.465335227740090396e+00
1.661695099798240705e+00
1.355468319064957239e+00
1.286986750570656035e+00
1.370224097729403345e+00
1.309036759533677152e+00
1.102398710681883998e+00
1.086575576771486418e+00
1.159226367932114865e+00
1.221312464914687368e+00
1.382032491720492695e+00
1.611651779402033746e+00
1.669128571673353711e+00
1.373890085841101616e+00
1.311688298551843435e+00
1.578454439270988496e+00
1.648845477050151720e+00
1.691912285219240530e+00
1.462641401893860937e+00
1.706631437260649919e+00
1.947325415316017105e+00
1.947238962740117207e+00
2.186619340370249187e+00
2.356449051063380207e+00
2.363839563159191748e+00
2.059531430759410142e+00
1.802495135616770217e+00
1.864426529208293992e+00
1.645052971476909098e+00
1.662675217292091112e+00
1.731448959624177109e+00
1.809025378012461438e+00
1.564494431519470430e+00
1.487617325270278901e+00
1.227705894225860739e+00
1.443929400313686884e+00
1.738517862724623830e+00
1.609333881070408756e+00
1.784544023313978656e+00
1.993439867914786223e+00
2.013080193518884453e+00
2.118549493122701133e+00
2.326611296276321461e+00
1.953218050542120388e+00
1.638715247276758991e+00
1.637104292080943768e+00
1.520454367276992125e+00
1.626821910576195407e+00
1.060995517433911628e+00
1.045995723657249021e+00
1.054171382166002813e+00
1.230004649495946012e+00
1.319760807992926388e+00
1.307694310455684850e+00
1.251892891766706928e+00
1.234487413685427581e+00
1.160320143429729001e+00
1.086113543081415278e+00
1.222230247510823320e+00
1.300557801123535695e+00
1.528312065382005924e+00
1.460986414515946352e+00
1.299460284928693810e+00
1.727106421216120014e+00
1.692780521533389759e+00
1.622933811749473154e+00
1.308019177723229731e+00
1.434407528889106276e+00
1.435146553945497283e+00
1.606231916076777511e+00
1.620078944020802325e+00
1.807784116595028356e+00
1.858428272131602332e+00
2.100923722672411120e+00
2.019263245379562033e+00
1.885158697472038458e+00
2.094423018805082748e+00
2.114952907960842676e+00
2.330909983417666975e+00
1.816821994948051078e+00
1.835550010586106673e+00
1.902757449687462854e+00
2.008012979573016832e+00
1.747641960235928993e+00
1.450491730573470361e+00
1.283465865648176552e+00
1.383317491578154756e+00
1.356226910739173785e+00
1.267658234856134714e+00
1.201272800624914927e+00
1.442310638605262874e+00
1.398327858229936105e+00
1.673162118826043709e+00
1.500875032169435963e+00
1.567112164028898080e+00
1.653436581631837488e+00
1.601030223537609487e+00
2.011787112184707293e+00
1.908094812168133148e+00
1.849928472155654591e+00
2.040306751511609118e+00
2.020527217561581157e+00
2.541299904058414327e+00
2.611427064998478542e+00
2.387016401221009332e+00
2.403307116686423939e+00
2.646462219945129313e+00
2.278200341365606008e+00
2.324720048929385996e+00
2.221835039833061298e+00
1.867919392753248475e+00
1.893063161547475559e+00
2.179279297740518206e+00
1.992767247967311306e+00
2.130821466587903945e+00
2.000358750145215136e+00
1.908735893434734709e+00
2.465753001483554030e+00
1.657165101748840685e+00
1.534709954869846182e+00
1.373639091462700801e+00
1.958621598079673731e+00
2.024004683273570304e+00
1.960113245630991763e+00
1.600996764045222509e+00
1.421505882745361049e+00
1.466562236053397861e+00
1.312376948709734314e+00
1.319357728022045428e+00
1.600812416019692819e+00
1.507966063324666761e+00
1.389937073299444936e+00
1.262432190820281130e+00
1.284956087028302774e+00
2.100750891661753883e+00
2.171702651968093090e+00
1.625158412958252363e+00
1.676107919354668851e+00
1.761966131150302761e+00
1.253304382164220021e+00
1.518210317548677635e+00
1.377910759872850610e+00
1.275265096956591959e+00
1.272017765593721483e+00
1.163419274402817560e+00
9.669681427186296307e-01
1.162760452949759715e+00
1.081402081017649897e+00
1.068456985114647040e+00
9.765215361963139884e-01
1.407432366961311132e+00
1.511850873369861459e+00
1.807491910799305490e+00
1.498946864637511922e+00
1.729374535713302130e+00
1.891518438531056390e+00
1.872928304840591140e+00
1.835797949892176151e+00
2.361982300925334233e+00
1.975804024077809862e+00
1.641726412604154195e+00
1.681269664942914410e+00
1.855931656134922170e+00
1.724198064994225676e+00
1.846907526641942354e+00
1.917944920384015095e+00
1.916073567714613235e+00
1.798370398571806916e+00
1.445552222670070996e+00
1.283080256257718377e+00
1.187013425017413804e+00
1.044370595008594860e+00
1.109358324818201513e+00
1.184765183334693495e+00
1.043447251450672297e+00
1.240269291277890762e+00
1.717521840615163997e+00
1.524082895415888705e+00
1.202488904601383579e+00
1.165024713453996830e+00
1.369046059723227460e+00
1.361104185682039169e+00
1.534964888706875641e+00
1.392388789511609382e+00
1.392542555613567545e+00
1.229703938633200933e+00
1.326933816153132106e+00
1.495739350035809823e+00
1.230686263097710231e+00
1.312419776497782964e+00
1.030790623420527963e+00
1.396591186576855659e+00
1.386242477419679320e+00
1.132757520218669267e+00
1.319594724417243459e+00
1.645756952140043472e+00
1.647977974237315513e+00
1.677636678426437600e+00
1.493300726721829896e+00
1.931796528648053624e+00
1.951214695750847383e+00
1.911042990569806310e+00
1.850015203364970162e+00
1.597799512873823158e+00
1.724454250191983506e+00
1.232280180023054950e+00
1.322125997821691712e+00
1.503835090288696330e+00
1.513954723225056531e+00
1.303473621544967376e+00
1.555981562659306094e+00
1.771467497592536411e+00
1.570089234212479923e+00
1.173222519262539620e+00
1.224322378655432253e+00
1.745578669547678707e+00
1.922102483023635733e+00
1.712491133378496899e+00
1.902704407286112342e+00
1.778417714834179097e+00
2.077970916092784837e+00
1.584430937414704310e+00
1.734183782521930617e+00
1.848859442924853047e+00
1.355545544677922543e+00
1.354753133753055394e+00
1.469235978169133983e+00
1.619516843339773748e+00
1.713768629525435516e+00
1.568638782969257850e+00
1.679120882944321158e+00
1.959165813296944725e+00
2.032349635989892267e+00
1.965811688701539772e+00
2.192337063317431944e+00
2.220257355028445456e+00
2.384040177429155083e+00
1.989882368422288828e+00
1.844862325148206139e+00
1.984178686276943937e+00
1.796636567290809117e+00
1.860246565155426968e+00
1.851992086484614219e+00
2.145225968229006241e+00
2.259361806156810371e+00
2.139954721170366891e+00
2.309529870075787805e+00
2.216642933374290081e+00
1.804857464031210057e+00
1.544518066121655320e+00
1.299609372693528719e+00
1.134165081827385846e+00
1.228765364114692726e+00
1.391749860009630746e+00
1.289335939938793807e+00
1.852297331711856732e+00
2.058302298726637503e+00
1.980321813573119316e+00
1.670754963854323094e+00
1.876260039485348363e+00
1.993019058757907302e+00
2.248890571446849229e+00
1.891271025013603779e+00
1.746067970160259497e+00
1.810626651673846510e+00
1.949576231463624909e+00
1.611067223667707937e+00
1.368620113331739052e+00
1.682115526991196930e+00
1.559971171452414485e+00
1.680097594236158898e+00
1.439937280431491828e+00
1.846425035012078997e+00
1.873591470731248876e+00
1.809520838279469190e+00
1.797835808514845368e+00
1.483126394261942371e+00
1.358824879214417969e+00
1.585246018928640588e+00
1.237432228727842087e+00
1.184613104799461913e+00
1.307290674941837594e+00
1.462298335987304299e+00
1.256020974647552579e+00
1.110404460218728850e+00
1.190160014342362294e+00
1.317748086763060211e+00
1.518724123905251577e+00
1.581625297435157229e+00
1.626405482321498175e+00
1.728259522820361882e+00
1.350582634256055847e+00
1.244245208354339383e+00
1.373590740001888744e+00
1.554788199712421770e+00
1.732359406770843879e+00
1.444542214420195370e+00
1.913168784916789322e+00
1.997117520710736560e+00
2.114943370915160603e+00
2.570385677900914878e+00
2.287001950801222705e+00
2.266265623823094710e+00
1.889985886127252490e+00
1.428304464974225141e+00
1.080857215910276059e+00
1.668395204537088450e+00
1.617395045004606402e+00
1.669417741349549900e+00
1.568667000463417338e+00
1.326640489636453646e+00
1.161340701782855644e+00
1.127965027454855607e+00
1.496224777890763358e+00
1.684376889058279758e+00
1.593432305768873292e+00
1.571418684036196112e+00
1.672144960079910536e+00
1.757860174006083076e+00
1.505795476644269382e+00
1.825582729156381312e+00
1.399953912375876630e+00
1.700631695826559042e+00
1.758869047257657803e+00
1.497106839312951188e+00
1.897992101743206650e+00
1.633473544102135300e+00
1.859212925931689186e+00
1.537903349444939671e+00
1.355618651526526941e+00
1.207559085967832679e+00
1.250122472317373612e+00
1.147331550265077826e+00
1.268079896953700825e+00
1.608040048940278410e+00
1.343659604968768351e+00
1.222096182890870963e+00
1.344696549420701270e+00
1.408149349310819476e+00
1.512118388720208317e+00
1.582302471737217608e+00
1.444612406078720435e+00
1.267346877140809402e+00
1.092835464031868709e+00
1.008834971347242426e+00
1.148474735382397860e+00
1.223666010571755614e+00
1.368685116814940317e+00
1.753046639764532344e+00
1.713407487204858359e+00
1.609840071644199178e+00
1.682873992653046713e+00
1.744245653622598979e+00
1.547576931569605518e+00
1.800239560058593202e+00
1.496896505682065559e+00
1.622126439405596532e+00
1.404953347208091508e+00
1.908855186934418136e+00
1.660329546433182202e+00
1.697887554776020380e+00
1.363937053410209543e+00
1.513547511522767675e+00
1.859566483511422064e+00
1.738913805390792433e+00
1.286503055842171506e+00
1.304230413534327226e+00
1.238835456253563949e+00
1.111574480378319851e+00
1.268666023021889577e+00
1.078247442618860408e+00
1.388882106543318784e+00
1.211585131937705118e+00
1.923142237606769500e+00
2.449124609283998222e+00
2.558002631712018360e+00
2.102970260935813851e+00
1.402761418251991188e+00
1.695990878469068042e+00
1.779723698677676769e+00
1.984675806849018675e+00
1.939115323517780487e+00
1.932364250699982300e+00
1.647015093455774792e+00
1.716304794516658960e+00
1.767036985254818449e+00
1.453382490977744634e+00
1.314842135577168669e+00
1.124056496597321653e+00
9.797483867617217124e-01
1.294301402178536398e+00
1.553726670415763955e+00
1.610589942757571835e+00
1.612026872848869363e+00
1.775646192025572168e+00
1.674913919438844934e+00
2.049367953289880528e+00
2.040446134583306925e+00
1.871755124825605909e+00
1.598811150758424837e+00
1.719899586767765998e+00
1.317505889966223087e+00
1.721963992361285722e+00
1.812499936894048647e+00
1.939979010532818293e+00
1.669887263372847430e+00
1.630113566023106531e+00
1.421941782674522869e+00
1.683606201201119923e+00
1.470862193813018415e+00
1.579769632756253817e+00
1.637915299858514917e+00
1.369971357407171242e+00
1.675442531908930111e+00
1.364612608981984110e+00
1.462027309000082376e+00
1.535976638954503315e+00
1.506789773221406836e+00
1.548017668044032069e+00
1.584217796313746485e+00
1.954333738486150329e+00
1.284687309525247789e+00
1.012696895592862356e+00
1.080090813481094703e+00
9.483321485769569126e-01
1.056912565062013032e+00
8.854120633111302041e-01
1.119053788210612632e+00
1.103030557411605272e+00
1.503964801388200767e+00
1.722198788751236664e+00
1.361892991579696233e+00
1.669226738970589707e+00
1.485337886089541648e+00
2.189159210886241880e+00
2.188349689427234068e+00
1.929159393972110337e+00
2.089249910661904241e+00
2.035044305100181639e+00
1.873993563106779447e+00
1.861080919908145503e+00
1.976168758112872625e+00
2.236104740803779745e+00
2.392440317870995425e+00
1.663455990120504602e+00
1.542546437236264056e+00
1.935682744183080395e+00
1.950182201677221006e+00
1.699071841231795332e+00
1.457807055027784848e+00
1.553873906651903392e+00
1.431898333894997544e+00
1.834051157085006878e+00
1.632252841729894488e+00
1.689695080626047563e+00
1.956879222123426132e+00
2.085526750792498163e+00
2.076585856407726194e+00
2.052115432670372552e+00
2.324041183337262062e+00
1.822264950290463537e+00
1.766611994354349680e+00
1.775754571830826967e+00
1.717367146512467802e+00
1.960114991175361032e+00
1.921933591712386091e+00
1.661433646829396427e+00
1.890109026680926618e+00
1.794558166053493942e+00
1.909763916754383617e+00
1.753831890030761897e+00
1.809101507896150540e+00
2.649387698435479166e+00
2.221891050843427529e+00
2.259749413935636220e+00
2.258567284719672497e+00
2.256881505619498185e+00
2.212584074329821515e+00
1.810900593190937435e+00
1.527558524231927839e+00
1.809989976057833294e+00
1.584537297505776765e+00
1.753775917699833320e+00
1.911456624840192298e+00
1.950651333936131993e+00
1.697563025463536990e+00
1.350956425945856409e+00
1.353168321921661921e+00
1.239979362414440178e+00
1.150762306076126285e+00
1.074641889027861286e+00
1.141863406544806336e+00
1.411203455328054579e+00
1.660442836137597800e+00
1.832575600860286702e+00
2.172822007353429008e+00
2.043937454425884148e+00
2.320735134401251454e+00
2.110407821887128943e+00
2.275824804022132053e+00
2.407231645360901950e+00
2.325928979088476733e+00
2.251123835168721499e+00
2.325173631283417475e+00
2.103418398980221315e+00
1.455789803867922227e+00
1.513999908298374386e+00
1.410323883769771136e+00
1.690107522642555482e+00
1.519276635688186383e+00
1.348186910953937279e+00
1.688531614029140648e+00
1.424162371339672495e+00
1.260055361308053845e+00
1.266687189775856037e+00
1.003613401238247382e+00
1.064869773167467226e+00
1.108151937366119721e+00
1.406133096880997968e+00
1.772191777780356192e+00
1.755265136142232230e+00
1.392228615609170106e+00
1.262199841795704769e+00
1.325930286139802572e+00
1.377466757642637152e+00
1.327481428068428171e+00
1.602042522982465744e+00
1.016053208219768633e+00
1.309427597865893578e+00
1.512290396288168859e+00
1.402095773465660278e+00
1.844278704392617874e+00
1.477311598364578149e+00
1.325124708525557304e+00
1.027080122667715090e+00
1.477377550609897838e+00
1.100487857003300096e+00
1.292995776264802998e+00
1.135249243278873221e+00
1.455888441717073434e+00
1.570940188407940585e+00
1.442458843060230533e+00
1.162789295032383707e+00
1.389243288040718172e+00
1.509089669617399210e+00
2.083004425104584723e+00
1.995949256759105728e+00
2.268250735396839968e+00
2.100044591089547108e+00
2.109616373317260152e+00
1.678303686543807904e+00
1.868888704224245023e+00
1.979663099110897440e+00
1.782844476437673409e+00
1.725911925196395913e+00
2.233959878516882380e+00
2.309903350627658281e+00
1.455584906315777749e+00
1.665580719625758821e+00
1.911867722417077253e+00
2.190291278857674495e+00
2.153140155443727277e+00
2.046185923614341373e+00
1.489852706513947300e+00
1.692275400595140589e+00
1.675140747115657192e+00
1.412906908077588897e+00
1.966779824240020735e+00
1.924938022401891491e+00
1.852133306221680931e+00
1.788201829122795905e+00
1.937597947588783898e+00
2.022112697274176085e+00
1.955887957806629274e+00
1.716837865734694990e+00
1.596392701597519004e+00
1.597338684579342249e+00
1.401332580236550607e+00
1.502624916579312631e+00
1.289705458259014614e+00
1.254585222591138249e+00
1.302012940241458860e+00
1.136578246355155253e+00
1.046161550322446843e+00
1.057222057314080477e+00
1.108179307681313563e+00
1.132093453488177914e+00
1.011610429772700659e+00
1.091447274052094407e+00
1.184389745973981833e+00
1.311795363466714326e+00
1.392640224755673728e+00
1.494382158149183848e+00
1.656046068544771321e+00
1.659912773182451007e+00
1.609484962008087994e+00
1.542098902711536157e+00
1.654112296082673739e+00
1.319331453677441868e+00
1.327878988006427674e+00
1.114280375802326750e+00
1.456399788095941394e+00
1.344599368583526910e+00
1.378136062814636631e+00
2.085478467710576655e+00
1.898561320395396379e+00
1.960291914596737683e+00
1.565409090393242941e+00
1.565353148342424783e+00
1.410968307387558518e+00
1.460821797375526643e+00
1.447310438875346161e+00
1.540012370291242050e+00
1.451676001392638415e+00
1.287780527286043641e+00
1.472022583595432588e+00
1.599817165583458545e+00
1.235530290789632168e+00
1.081817121838984930e+00
1.147954493607625581e+00
1.388599841070225160e+00
1.221793508677595508e+00
1.250530540058063300e+00
2.235629966524182333e+00
1.752216935375502604e+00
2.148742363775109521e+00
1.910140774816579956e+00
1.868517512690571980e+00
1.504714224079945373e+00
2.198246911304519990e+00
1.925505320434352630e+00
1.694670324304397901e+00
2.111230053974903598e+00
2.182309868778012696e+00
2.687167581215812007e+00
2.143828687991909288e+00
2.183755081512101626e+00
1.732639823105560417e+00
1.399564396432098290e+00
1.556028831552841885e+00
1.843385037552837336e+00
1.661728394211569482e+00
1.482472998467519787e+00
1.735923363343406578e+00
1.787058861252682096e+00
1.807320734850139887e+00
1.452731297678342859e+00
1.566598436664707661e+00
1.240318341719477413e+00
1.575471335689522689e+00
1.381551695634617882e+00
1.405738740321802904e+00
1.656649561266419157e+00
1.406058662635568668e+00
1.116695828986757455e+00
1.095734733432297769e+00
1.008284383264389072e+00
1.243331194962295383e+00
1.131799243679481037e+00
1.639208405662469392e+00
1.961245896537527678e+00
1.734158899930335229e+00
1.696456828131573946e+00
1.201300952885190565e+00
1.171314439506087712e+00
1.670049851800713858e+00
1.684869889909322627e+00
1.877978706234182615e+00
2.027411862967162914e+00
2.172827855862460300e+00
2.423965069507474812e+00
2.176180919200660480e+00
1.983201632290268579e+00
2.127089348000309244e+00
1.528555979622357119e+00
1.503745546104190423e+00
1.743788545787806399e+00
1.470738589980645106e+00
1.635180009431783432e+00
1.862177720423340510e+00
1.902879945288254993e+00
1.553965927768137023e+00
1.562127782242509477e+00
1.852578423217768666e+00
1.710647819094580857e+00
1.812496119879504652e+00
1.809338156067223480e+00
2.035696915140944530e+00
1.879916008722737120e+00
1.635495448577522826e+00
1.581098564484520130e+00
1.492989980815489615e+00
1.394742420538752192e+00
1.192699964135591761e+00
1.224386792876672070e+00
1.412601717485039599e+00
1.241704934330830845e+00
1.271775102311636374e+00
1.078432252558913618e+00
1.304317858614158609e+00
1.057546928517077767e+00
1.097210104049453960e+00
1.263367006361017175e+00
1.186028280586090222e+00
1.080309996802018002e+00
1.072579235300266332e+00
1.443962776156308303e+00
1.820691509642835770e+00
1.534730479451979601e+00
1.648944325361854313e+00
1.496763625531904118e+00
1.441921990166491474e+00
1.583521607033925527e+00
1.717834949204209538e+00
1.494461238417081006e+00
2.015949882872669630e+00
1.938038325372571480e+00
1.968363651157218230e+00
1.356093940658928743e+00
1.327502665042896490e+00
1.402151530729305096e+00
1.807459408127522371e+00
1.723662639045042910e+00
1.249524188381176293e+00
1.524496513072197690e+00
1.270959349258336424e+00
1.430708168747114151e+00
1.448233964446303368e+00
1.478038742207983702e+00
1.770714871005678592e+00
1.558116373354921258e+00
1.819833903137118014e+00
1.788840679237734266e+00
1.777649559185381811e+00
1.754483559246760471e+00
2.099117246001115156e+00
2.116686478212284950e+00
2.338428544224003147e+00
1.749816859666030400e+00
2.252873083219328887e+00
1.935459638589076325e+00
1.926846531111707783e+00
1.703245365328966088e+00
1.525660406998138541e+00
1.082382679011408388e+00
1.242279003857705622e+00
1.338218752502567277e+00
1.520577008980800837e+00
1.279307708953314915e+00
1.254817762759833588e+00
1.217712447011920718e+00
1.802299796762800499e+00
2.205808554291416090e+00
1.671771045703566605e+00
1.416582120457461791e+00
1.320282804637906038e+00
1.416055983382908057e+00
1.419188287302646456e+00
1.153406178878100485e+00
1.052968280581117133e+00
1.351563058829179598e+00
1.262936633956304178e+00
1.185990618535953223e+00
1.227992402428166763e+00
1.178059355258133323e+00
1.078424584999465807e+00
1.257025498256632234e+00
1.445814712994000883e+00
1.201722198856552959e+00
1.410113547255373190e+00
1.340879375357059144e+00
1.410874127623831686e+00
1.263275545000185573e+00
1.617394907864948328e+00
1.422502039949914421e+00
1.290444220892809080e+00
1.564858813324282893e+00
1.581945238256533104e+00
1.409913015803281100e+00
1.587922981019189717e+00
1.259989320168972471e+00
1.339322490544688327e+00
1.372008599205889245e+00
1.107456822262835594e+00
1.588170119733976593e+00
1.719013649819153278e+00
1.535881695196869456e+00
1.435912799976348353e+00
1.452545848044739074e+00
1.301199225946853222e+00
1.556822772150368461e+00
1.608723033082145371e+00
1.207797263405253396e+00
1.371193067907337859e+00
1.495180405244204813e+00
1.454806948575106729e+00
1.318060094581529729e+00
1.843543199003362609e+00
1.281390194119190973e+00
1.259357612892757938e+00
1.336576542873068263e+00
1.840847540734948273e+00
1.879346989229018439e+00
1.678050447017059188e+00
1.720644788574564821e+00
1.735858352371798308e+00
1.849020795183383470e+00
1.650709374645449090e+00
1.936384234615908584e+00
1.860960321585839239e+00
2.164739038274008376e+00
1.822866658372420678e+00
1.700514000688880145e+00
2.088223446691209073e+00
1.358065817302470890e+00
1.561436456379778903e+00
1.599740997956807353e+00
1.982455541278097089e+00
2.174114990721748519e+00
1.815624804001600756e+00
1.644716563674959664e+00
1.282187210765408203e+00
1.216002397641087640e+00
1.272157848767497157e+00
1.546884979382656899e+00
1.564240574713583465e+00
2.033440556687146294e+00
2.531344276863980003e+00
2.534654363550883360e+00
2.194409718252799291e+00
2.074381163635073744e+00
2.387125420586828195e+00
2.413538507650252019e+00
2.511873149503620173e+00
2.183213768773110797e+00
2.106305345434515086e+00
2.294478741943864364e+00
2.113849348717942611e+00
1.929697902598350057e+00
1.965749903057496528e+00
2.112253400069348253e+00
1.856384540291670993e+00
1.519610359931397703e+00
1.898895514741989032e+00
1.848611715459228755e+00
1.761894214083527421e+00
1.755539595421421240e+00
2.079963074686224100e+00
1.650327752884291677e+00
1.326910588096472443e+00
1.773666028283860996e+00
1.908621639484881172e+00
2.209637005936554655e+00
2.348667919490885048e+00
2.131795903509701606e+00
2.063529927830572763e+00
1.887050639176315103e+00
1.630739244553914391e+00
1.475259529432491279e+00
1.151405868397109122e+00
1.067624550384790316e+00
1.192082124989538361e+00
1.188722588525667812e+00
1.296151035526702966e+00
1.577134295673066289e+00
1.730690762325787890e+00
1.952213819374051029e+00
2.021051835041162814e+00
1.833252453566257545e+00
1.889377917394707174e+00
1.485415000575841749e+00
1.335436891105404422e+00
1.326591305918930264e+00
1.114422593249205340e+00
1.327358715524989741e+00
1.210728359821932942e+00
1.187391692504282670e+00
1.198701030214692542e+00
1.336585755472476045e+00
1.755063621910348148e+00
1.821223885666733100e+00
1.566517328481564553e+00
1.318678703752019787e+00
1.416619159421569796e+00
1.291786000652181299e+00
1.388231336964170115e+00
1.317563971958335189e+00
1.642396532413510801e+00
1.832938510456472603e+00
1.681110345661778638e+00
1.963668802466855823e+00
1.865028951502504917e+00
1.686312712117874035e+00
1.527431951346703620e+00
1.381651129240814679e+00
1.243011196253854811e+00
1.575960294098402326e+00
1.501527179923831223e+00
1.573743275344851256e+00
1.749854843142431227e+00
1.726269458871470208e+00
1.761158200683428987e+00
2.451645259749803074e+00
1.802485802956610206e+00
2.364988413963363012e+00
1.798168830788438477e+00
1.929829578462093131e+00
1.276036239506017411e+00
1.231848091140776313e+00
1.526311267268404492e+00
1.651538573573564150e+00
1.323033830134984434e+00
1.292677393911994876e+00
1.651211615900614937e+00
1.546922496424369520e+00
1.726429076498007253e+00
1.265904315564247096e+00
1.384238598238594298e+00
1.544992343442353144e+00
1.754580131439082979e+00
1.872269889927640207e+00
1.738191243612569714e+00
1.657647824797361169e+00
1.850408755128926330e+00
1.558420487350755224e+00
1.689480382793077773e+00
1.607510615973352763e+00
1.776461374718847130e+00
2.027997811192297828e+00
2.041062763994987872e+00
2.133522162724856397e+00
2.104900145614994944e+00
1.658349733329733899e+00
1.822856394312171391e+00
2.041581878388440963e+00
1.813404103621535812e+00
1.581774355263018128e+00
1.722562399259510713e+00
1.576458521519495726e+00
1.335760018074070743e+00
1.629753115799938090e+00
1.646235794861335755e+00
1.328515605931005483e+00
1.470496492297951541e+00
1.625595278061585436e+00
1.951837495960633051e+00
2.084557715101889031e+00
2.103867417876385648e+00
1.531672206613976517e+00
1.612359986689682945e+00
1.833496547996677606e+00
1.849858025118447546e+00
2.186117624583653107e+00
2.298001935905833903e+00
2.183702640399331152e+00
1.928105300696681290e+00
1.439126281558417375e+00
1.521132139530608551e+00
1.366183129513624417e+00
1.055068908722186061e+00
1.056190931979695380e+00
1.074550621027328345e+00
1.393293985021609060e+00
1.437542292208078276e+00
1.221521278354908313e+00
1.123238905998417581e+00
1.339060658610351950e+00
1.585037575461335724e+00
1.309622855322655433e+00
1.473343156270511933e+00
1.310921992333208053e+00
1.134465221445790872e+00
1.274244605767344662e+00
1.179412371750366173e+00
1.136277486949876847e+00
1.517779048142547937e+00
1.653870441703139349e+00
1.367602438875121562e+00
1.175456105747079372e+00
1.084761378638597895e+00
1.096538434979439813e+00
1.043363491293397116e+00
1.301737119349533067e+00
1.688599030958042313e+00
1.571239154595846177e+00
1.459782099649651776e+00
1.606388748575967362e+00
1.429620917654785828e+00
1.045577403021608509e+00
1.241805967211215389e+00
1.441040243419844380e+00
1.414511745937845344e+00
1.268000113658295902e+00
1.455698074239795803e+00
1.297921094080719762e+00
1.146395297312870598e+00
1.399026942384996808e+00
1.444896843853583634e+00
2.038351763462528332e+00
2.311352143972416062e+00
1.896773787598856842e+00
1.850579919847678445e+00
2.000853284768304707e+00
1.816438075894929227e+00
1.719107886405149443e+00
1.749566139198979187e+00
1.848552352093258522e+00
2.068314460869203675e+00
2.311767121932657432e+00
1.992664453125471358e+00
1.911655909863510860e+00
1.312144691365822791e+00
1.603621135557449895e+00
1.710149877094089277e+00
1.266215448615726213e+00
1.378539163488455177e+00
1.569522090706415574e+00
1.491104933073025274e+00
1.321341255211380350e+00
1.392648181644517535e+00
1.358855864508658806e+00
1.754870883092426670e+00
1.435099808710602165e+00
1.246682503270617026e+00
1.617680873539992792e+00
1.441498124370337086e+00
1.412266712400064517e+00
1.405519709561407149e+00
1.291390333228208176e+00
1.399175292014791960e+00
1.618159762769175503e+00
1.396870806278916355e+00
1.473126714229083589e+00
1.339699253895539233e+00
1.192734279063521585e+00
1.223771631553835171e+00
1.111488985361131610e+00
1.052169640420441699e+00
1.094719071680510636e+00
1.027578897655441192e+00
1.025126980501767537e+00
1.316156761753208837e+00
1.030091330211154732e+00
1.028871176384647201e+00
1.125847996537531648e+00
1.003521171574724091e+00
1.298660738103764700e+00
1.185598805128240896e+00
1.251587824719029740e+00
1.171560845704574971e+00
1.347789543208885110e+00
1.652263420609267230e+00
1.489680139650379376e+00
1.700088817665460938e+00
1.392384603719902580e+00
1.496868546767844421e+00
1.522749261862170078e+00
1.761227797307490128e+00
1.792628234684520372e+00
1.765292662644763588e+00
1.875874790700903239e+00
1.835649496144289516e+00
1.832222324746549447e+00
1.690220003577001640e+00
1.696057970083978184e+00
2.019824496588048302e+00
1.904404073648697127e+00
1.991428130212606007e+00
1.937336096373583949e+00
1.614049934383656737e+00
1.610779050156204706e+00
1.602244868374059328e+00
1.367009926180974277e+00
1.770405698732834487e+00
1.793560419208742207e+00
1.759261090850781972e+00
1.211890844891446717e+00
1.557297894267003269e+00
1.873254878579644789e+00
2.033971512117057401e+00
2.419020559850685537e+00
1.864431771358019851e+00
1.865035741993523288e+00
1.434223923599535766e+00
1.130089724391641015e+00
1.489570057765025712e+00
1.424207900992744857e+00
1.136538261874515010e+00
1.467463761465724659e+00
1.498906242882008577e+00
1.543609860201588857e+00
1.825534998090398764e+00
1.963121615585243340e+00
1.682298845501301487e+00
1.867311865038966179e+00
2.130272409406735346e+00
2.375506842361753357e+00
2.121463612787489961e+00
1.773905610604061822e+00
1.371505557274698139e+00
1.422800340057608359e+00
1.272968220527104233e+00
1.352001268553570945e+00
1.138459940348812038e+00
1.025771086495590900e+00
1.273519929601123035e+00
1.483840209873865446e+00
1.299632148223064387e+00
1.329849775059541939e+00
1.420664875949042782e+00
1.311085368193873224e+00
1.518993114849637172e+00
1.966399907058223206e+00
1.916444568387609682e+00
1.477737599205922514e+00
9.716936112817752269e-01
9.939572140928154553e-01
1.035401237191972967e+00
1.127785731679792125e+00
1.230161893185448996e+00
1.185629590214379858e+00
1.162645153120419161e+00
1.068218239936356673e+00
1.267997732123342436e+00
1.089174776175749981e+00
1.318167916604197965e+00
9.996451379309814200e-01
1.074394509533495023e+00
1.312028456245087460e+00
1.644121631040558640e+00
1.717027612669755232e+00
1.726866481931997432e+00
1.532497108068875624e+00
1.346106836930483386e+00
1.321858240449010014e+00
1.304730143023684397e+00
1.404024031035286280e+00
1.359977646135145601e+00
1.076300783449418708e+00
1.274659523737768030e+00
1.224673508397566390e+00
1.286027226587279859e+00
1.581148003831426285e+00
1.490507276008259163e+00
1.966671052269381326e+00
1.898827563886609671e+00
1.722499751993903594e+00
1.975278210429411097e+00
1.701621718783048909e+00
1.989268705842586193e+00
1.802461441753795413e+00
1.439005629457418056e+00
1.842772631107149728e+00
1.608489218846411051e+00
1.459667365804038219e+00
1.512148664241619755e+00
1.291647032950043128e+00
1.105359115395044167e+00
1.557290704643761625e+00
1.502071843933082018e+00
1.414376225089916339e+00
1.139774999282756829e+00
1.006341741184871852e+00
1.163811793535749040e+00
1.084131362048026181e+00
1.069805530358181933e+00
1.046422879810052109e+00
9.647663902184100415e-01
1.101762543251735949e+00
1.104637847474446044e+00
1.517581715508399487e+00
1.594703897419822880e+00
1.539555667031401454e+00
1.747218472564619818e+00
1.775611762569454299e+00
1.903211930025014986e+00
1.714870364587378848e+00
1.540077334822049782e+00
1.161225566493681027e+00
1.282889501382306063e+00
1.093328204171635010e+00
1.427479977974002834e+00
1.938838144927236273e+00
1.880202999058792734e+00
1.729353053075588953e+00
1.869143193614085208e+00
1.578330742173261747e+00
1.868222502194005985e+00
1.690593385772907631e+00
1.927793383429143192e+00
2.161496282770880129e+00
2.180060424862888979e+00
2.003716218085803025e+00
1.993613708028895593e+00
2.697070350960133478e+00
2.389769935303726278e+00
2.271474852192719052e+00
2.337105538408712047e+00
2.161288576735560518e+00
2.181577042844522918e+00
1.789553603255518155e+00
1.487792536232380947e+00
1.331655706634502501e+00
1.332161370758088381e+00
1.536631239780084757e+00
1.939015994526978703e+00
1.855353147030516459e+00
1.599291340591825428e+00
1.574376855633110361e+00
1.840507984059763791e+00
1.996377363439845842e+00
2.063924529849133105e+00
2.099186271399660075e+00
1.839087291332769825e+00
1.725785354357674883e+00
1.955698701871177780e+00
2.135171846988420885e+00
2.057355072474484015e+00
1.993570786352163005e+00
1.847596653031619018e+00
1.580605387905319903e+00
1.705225738268775659e+00
1.796561313851142039e+00
1.493534817533563208e+00
1.396761449592859972e+00
1.374561628518732759e+00
1.547452853762166569e+00
1.664276462570739357e+00
1.639325476730612685e+00
1.536077349370327916e+00
1.664522958966156985e+00
2.062245750512797127e+00
1.776162994551499841e+00
1.678377011074152270e+00
1.266594955115719401e+00
1.175554140486476662e+00
1.182507465166935612e+00
1.264380264903142592e+00
1.329506584544914993e+00
1.252751433500979283e+00
1.414993798343749276e+00
1.898863389065323704e+00
2.625974751802633733e+00
2.158853425031675322e+00
2.234133346149624000e+00
2.223425748790222922e+00
1.955794104664093425e+00
2.021283412948948310e+00
1.781464970236186218e+00
1.967171309341048335e+00
1.850131736515016279e+00
1.581003048854493720e+00
1.757140405354927770e+00
1.813580783094365545e+00
2.296347928567713748e+00
2.036084079948586201e+00
2.234710705497441108e+00
2.221109658850029422e+00
1.586545371018670325e+00
1.560233133734587163e+00
1.315190796945309160e+00
1.206952753376514087e+00
1.341621488120698258e+00
1.054288528234270883e+00
1.140388339206852564e+00
1.253276181999138483e+00
1.259684741414722309e+00
1.434517773171523292e+00
1.424360062478643663e+00
1.343436344691762763e+00
1.227859214982195413e+00
1.406485012152721481e+00
1.314575194458435847e+00
1.189068374844354459e+00
1.192263917846401178e+00
1.153727134909498409e+00
1.272261528362025551e+00
1.210674591461661009e+00
1.238136507889764593e+00
1.565375561769118296e+00
1.395033806838383406e+00
1.504907802827927688e+00
1.943954296553828121e+00
1.805243245560443244e+00
1.374648148842483542e+00
2.004647812990993483e+00
1.938337088245850159e+00
1.224596249163125927e+00
1.631095966882438519e+00
1.508251041711335061e+00
1.680243128067572034e+00
1.362064020456015490e+00
1.630674046381193065e+00
1.701595520200464451e+00
1.752814368591552485e+00
2.084843144494511691e+00
1.882868577422750711e+00
1.575330155543771093e+00
1.590499258119774106e+00
1.132470854819078276e+00
1.250193441352261958e+00
1.098139478923779055e+00
1.271643596426229594e+00
1.460108748899923148e+00
1.678561322239710663e+00
1.384702517750937556e+00
1.468983015906624168e+00
1.781435791524184742e+00
1.349462805385674313e+00
1.369546373952041041e+00
1.359893877583488564e+00
1.224451180943908923e+00
1.326429126225707300e+00
1.288993885834732733e+00
1.393121158330025366e+00
1.266833348987625119e+00
1.553501950326399150e+00
1.128905652829744310e+00
9.665382035037382025e-01
1.298924321310002794e+00
1.464049878731706666e+00
1.516863982629280017e+00
1.394657796850700349e+00
1.665089240839707108e+00
2.247868739009254213e+00
1.864072885714738170e+00
1.586237018237311114e+00
1.759718908305956120e+00
1.849141355193414160e+00
1.395355749954729330e+00
1.794215313045620208e+00
2.200773449708169682e+00
2.088610639151748938e+00
1.664466590365600185e+00
1.509032448883393274e+00
1.668622648146900422e+00
1.272536571230523217e+00
1.614023708111594235e+00
1.768835343679581618e+00
1.925590305996489171e+00
1.781041176807973692e+00
1.417067608775026466e+00
1.641498953514233028e+00
1.317077014688269987e+00
1.500016094749319961e+00
1.093130625473059281e+00
1.390436230399324735e+00
1.729607236357474820e+00
1.283130077909867772e+00
1.606302883246419233e+00
1.411685117861867234e+00
1.659155304372608830e+00
1.723331370136210072e+00
1.525461841854782730e+00
1.550372521045347618e+00
1.164753086947042382e+00
1.670390734273509370e+00
1.593515006760722219e+00
1.383975283835115810e+00
1.223404667778093202e+00
1.045261841290947125e+00
9.721347585158416349e-01
1.153722801951114763e+00
1.546758937599164607e+00
1.818410137485381384e+00
1.937608186302358426e+00
2.090249356092177990e+00
1.849215354991768256e+00
1.831087258233320858e+00
1.913956653175508338e+00
1.544663549399534874e+00
1.506061778053629618e+00
1.804207106324326348e+00
1.762479658721090248e+00
1.949495462250312006e+00
2.423537747846418622e+00
1.958754535920273376e+00
1.389945114083089184e+00
1.256088494987036341e+00
1.263489126321791778e+00
1.542346123228376165e+00
1.769010853282020790e+00
2.056312018796180308e+00
1.609398073986778588e+00
1.574027566352087737e+00
1.358317971256124190e+00
1.358267267777323539e+00
1.455231235178908955e+00
1.502922202798568252e+00
1.671285734292013103e+00
1.335791324910228006e+00
1.682297554622406821e+00
1.878629495709279951e+00
1.784860208675195681e+00
1.546936054478638356e+00
1.733044758286252263e+00
1.607211530270516109e+00
1.846527528607619706e+00
1.745856968445430812e+00
1.330464329413556079e+00
1.315898731460623194e+00
1.362434806617579985e+00
1.532170414922134460e+00
1.483779557784282721e+00
1.556935424881054963e+00
1.583641186610845075e+00
1.677168142271290963e+00
1.253330644871555988e+00
1.105782741162367078e+00
9.883168902396118893e-01
1.545417280589456155e+00
1.419158763818064717e+00
1.270099943247891439e+00
1.265886240296118403e+00
1.250370458681918429e+00
1.267209663234516892e+00
1.615553331065499254e+00
1.604779312944587311e+00
1.391023939462395331e+00
1.508989315571720446e+00
1.627079607136505679e+00
1.559158358086660368e+00
1.182811375014051647e+00
9.303713519171445956e-01
9.634645127151421073e-01
1.258332263704075471e+00
1.143110578011175216e+00
1.255569561805111922e+00
1.564461632711377170e+00
1.136086466718246424e+00
1.211325700734807720e+00
1.118215999441905639e+00
1.298166122354350804e+00
1.105935950202380003e+00
1.187558312983657549e+00
1.196969269827246940e+00
1.134806406515062704e+00
1.085082294216914489e+00
1.233887684090280379e+00
1.240027170028910275e+00
1.339128375742880017e+00
1.261215298801548146e+00
1.707862065404322394e+00
1.853254516467957691e+00
1.971283777839704321e+00
1.844044465100001196e+00
1.644006554013914601e+00
1.549347761138254675e+00
1.677415255350317880e+00
1.500926907152959844e+00
1.707600938430864801e+00
1.382891320690013970e+00
1.713593726919407700e+00
1.331358513039494262e+00
1.424530653087808574e+00
1.898901608309022215e+00
1.872616923326471339e+00
2.002255820269526865e+00
1.618367418546390102e+00
1.203798896516309336e+00
1.157250795497565266e+00
1.123617282984705978e+00
9.800485677076500313e-01
1.032875201038440993e+00
1.215159167843308463e+00
1.160376849957110990e+00
1.332015810159228986e+00
1.322149297033822890e+00
2.052754556572016220e+00
1.757046112928324355e+00
1.873551739186783749e+00
2.015346542525059625e+00
1.650722080523661761e+00
1.215236948637109071e+00
1.227651599376329949e+00
1.366002914136090762e+00
1.525702149823615628e+00
2.170432157044619448e+00
1.934039585949518303e+00
1.552965610908770167e+00
1.688963303263156579e+00
1.519340406084145334e+00
1.130115809409056649e+00
1.234973628910340127e+00
1.589841589506137520e+00
1.481430196408337174e+00
1.674865859244199617e+00
1.800585174165144409e+00
1.906982691186033252e+00
1.666452504528643352e+00
1.271266543284479633e+00
1.297824371509571861e+00
1.381212486966950426e+00
1.602878287164116733e+00
1.895925858038371992e+00
1.854983497688131200e+00
1.634237597400363118e+00
1.717185328753140672e+00
1.644735227091846497e+00
1.482769542180020661e+00
1.333633999908367729e+00
1.520822756233665363e+00
1.621911783924560257e+00
1.432382407115158962e+00
1.242243538610913411e+00
1.136455065770303419e+00
1.036983031974308522e+00
1.315125442142362600e+00
1.332511328045264065e+00
1.658468509358829168e+00
1.670464910222548172e+00
1.776524185832133895e+00
1.489345258070932543e+00
1.460210177281056509e+00
1.420814945413607866e+00
1.453905259635059677e+00
1.082045587230422212e+00
9.427350062784016771e-01
1.077156620036454848e+00
1.134112669690527264e+00
1.264365993289144896e+00
1.045378929732492468e+00
1.064302797715901638e+00
1.136320837004216600e+00
1.361182316169084583e+00
1.412100656033315360e+00
1.392122450676498868e+00
1.342501664593915622e+00
1.178465019941168812e+00
1.249942163843601017e+00
1.283147977122130357e+00
1.039656339243922423e+00
1.470027598525472934e+00
1.941797877822718510e+00
2.166752158859184707e+00
1.964730399775765024e+00
1.850944566706518302e+00
1.414229082407508553e+00
1.330153255257135791e+00
1.329595698452450181e+00
1.196478320982751198e+00
1.456252189243741002e+00
1.414348550260227988e+00
2.059080219235507769e+00
2.170377805524416726e+00
1.955392949500454947e+00
1.355176544735772426e+00
1.136307349350694329e+00
1.499962882883840720e+00
1.487228133698453858e+00
1.831924950975066357e+00
1.742211729738014858e+00
1.463515036903225486e+00
1.147073338085656369e+00
1.237205122957486525e+00
1.395577986115428715e+00
1.310053718696548408e+00
1.388840249288255002e+00
1.353560203170236287e+00
1.258801366205576144e+00
1.180714196811777583e+00
1.438625961712406420e+00
1.332304186000264901e+00
1.255695492984564288e+00
1.195344517570476439e+00
1.111798251034465945e+00
1.431305156411839530e+00
1.127563376771060666e+00
1.134306317786802687e+00
1.106542140207030789e+00
1.328982652308407619e+00
1.710845840760814474e+00
1.711398471626164541e+00
1.472298114197700070e+00
1.634381994349875633e+00
1.556067577006241986e+00
1.186969745522216790e+00
1.332088159525007143e+00
1.528256563206380925e+00
1.648011886615690758e+00
1.620980375654166084e+00
1.475391771592935886e+00
1.366342291241063434e+00
1.630074776472242526e+00
1.336264359075767461e+00
1.239840270001794309e+00
1.235305314672226817e+00
1.324563502045098984e+00
1.560138629248242204e+00
1.840081617503290135e+00
1.911529177072873287e+00
1.855827849031028709e+00
1.732652395544924007e+00
1.862467376480076098e+00
1.588790509454235167e+00
1.919596051704828277e+00
1.421723063140124310e+00
1.302000292385544933e+00
1.148350112133841749e+00
1.452641930332924991e+00
1.771558917519431509e+00
1.505916238151274511e+00
1.316797192983953479e+00
1.546205817084167711e+00
1.459491001140241551e+00
1.856540831469238872e+00
1.710159139526656880e+00
1.486779497801333783e+00
1.221325170087198320e+00
1.417583889536256692e+00
1.911731983751595365e+00
1.693151851629353333e+00
1.923503279129209931e+00
1.643880681894728246e+00
1.400847980232546863e+00
1.398977593192316071e+00
1.498972221883394518e+00
1.630283489075380787e+00
1.339525115899507401e+00
1.493147525357031657e+00
1.587418221104361038e+00
1.626087755495335463e+00
1.471236429133861323e+00
1.471266202921655664e+00
1.093287883042407094e+00
1.242789896819569861e+00
1.470552431991977604e+00
1.410897208449809925e+00
1.143446377209268894e+00
1.230542898120413842e+00
1.223831992441565042e+00
1.401398833402754285e+00
1.987983577759435683e+00
2.116627574972410830e+00
2.205812786155669336e+00
2.118306238882227799e+00
2.190379468790560225e+00
2.101922086843555082e+00
1.764109677555419031e+00
1.263353198513939457e+00
1.664127435539035638e+00
1.398812293320842004e+00
1.664851644876144565e+00
1.844108323898233426e+00
2.095191367674664296e+00
2.168504520064670427e+00
2.396238630133713965e+00
1.913538376140111019e+00
1.542346610993234890e+00
1.690210498089419922e+00
2.033951773476053049e+00
2.305737594245806932e+00
2.020832121813485482e+00
1.320103403025335131e+00
1.599227454176807894e+00
1.386488761674731451e+00
1.670278414406428658e+00
2.145153361278884230e+00
2.161942150639084570e+00
1.859220548771396864e+00
2.008943172625965889e+00
1.683588086332610700e+00
1.892641528092658065e+00
1.872177257372988679e+00
1.852575705752845581e+00
1.836903095324616375e+00
1.964489820475820325e+00
2.031520834130823072e+00
1.865692078950717647e+00
1.689917497993662643e+00
1.651044627045165747e+00
1.854324247638913237e+00
1.680383682262256873e+00
1.829056920237196016e+00
1.633626107770020486e+00
1.363551257600115418e+00
1.373092504202630515e+00
1.527673204171460242e+00
1.398064383402840782e+00
1.228149090005349331e+00
1.088606717132656332e+00
1.129317547287102430e+00
9.759453793240135955e-01
1.447090500221443143e+00
1.266218827384776313e+00
1.000790325292895799e+00
1.075534521420711931e+00
1.152182065148161128e+00
1.174749066051563373e+00
1.111202131421168415e+00
1.131675239891903217e+00
1.050890285658103052e+00
1.201969613310616580e+00
1.267510877381301304e+00
1.238435216047204301e+00
1.103909484437964883e+00
1.109304946926912949e+00
1.294966088189567932e+00
1.582472104398658486e+00
1.518453123230709245e+00
1.217824610528357221e+00
1.562711093470406265e+00
1.514303605801399222e+00
1.674439137329934546e+00
1.696459709809082117e+00
1.899500159782302466e+00
1.887059433583261114e+00
2.114940479180737132e+00
2.080396850726227154e+00
1.775483959604761797e+00
1.409869892528956559e+00
1.381992505934499071e+00
1.235788355619019230e+00
1.277263207323089844e+00
1.600351174651595931e+00
1.246701417450386318e+00
1.598539418914318055e+00
1.076355860687053356e+00
1.045720143145834724e+00
1.102596819501796555e+00
1.357146381759747555e+00
1.372884858451748791e+00
1.144495977432163469e+00
1.179996215497258083e+00
1.422244026483027390e+00
1.263761796064061027e+00
1.434513305543517747e+00
1.178227232192498919e+00
1.493125851806047066e+00
1.527022542910125846e+00
1.272789095469751164e+00
1.414683598165474399e+00
1.338274250260586218e+00
1.556655482199216900e+00
1.604333615582109518e+00
1.719551729670528717e+00
1.463848495734323629e+00
1.784085274006689703e+00
1.626861189142282615e+00
1.747176146923148821e+00
2.066301760115167863e+00
1.893014878135841572e+00
1.440596402270789778e+00
1.334639469939095102e+00
1.439554260214171766e+00
1.786982567396763644e+00
1.622731105657520878e+00
1.535582646944296359e+00
1.547815613527339096e+00
1.719800165271770487e+00
1.610404292680591709e+00
1.693030454969766119e+00
1.546778171496179688e+00
1.406297201648452511e+00
1.267819655283168423e+00
1.317448852511359902e+00
1.405895880731725001e+00
1.258488588802433084e+00
1.307995165238349244e+00
1.101927382470685890e+00
1.283271760120992644e+00
1.369825005260797868e+00
1.324284916835106740e+00
1.459471700968032248e+00
1.709276694073571079e+00
2.177624060902309644e+00
2.281456466891086166e+00
2.031554666554681088e+00
2.136121755899922814e+00
2.127436688781681351e+00
1.909950734467958711e+00
2.196646942810609016e+00
2.092000760171824680e+00
1.471276068109826696e+00
1.205262014516674141e+00
1.350498982924359437e+00
1.266740859816433362e+00
1.670254107296078816e+00
1.625379653135978986e+00
1.246785666310584517e+00
1.336348919134548785e+00
1.166475529728179472e+00
1.412115728909977053e+00
1.456866277667875131e+00
1.692355867916784717e+00
1.560729004798342423e+00
1.433474948888036282e+00
1.396346256039660672e+00
1.686543302942534739e+00
1.651681130350224569e+00
1.424062273283664748e+00
1.132937085986578607e+00
1.117113706560035613e+00
1.064854993774943415e+00
1.003908006205119996e+00
1.154385223903416469e+00
1.249751994229474361e+00
1.292417705927771054e+00
1.428815691595410442e+00
1.346715873264920926e+00
1.510622858795034551e+00
1.361066258673701235e+00
1.287319681805950244e+00
1.193032491943213147e+00
1.323923773920687941e+00
1.527568039549147549e+00
1.982732039204674557e+00
1.820155630055593221e+00
1.557635180815579723e+00
1.369900644620581476e+00
1.250745267991486109e+00
1.865061377395127895e+00
2.493485293871559705e+00
2.619884606480119338e+00
2.338715987707864041e+00
1.974285046601892635e+00
1.646868893860960359e+00
1.692679430241666116e+00
1.359468931476255360e+00
1.603237017459406388e+00
1.442533127989223507e+00
1.589169675676544102e+00
1.398312116819955042e+00
1.391888191182097056e+00
1.454525829468254150e+00
1.509048389162526371e+00
1.537730187634936962e+00
1.767524722589520536e+00
1.685004625570648118e+00
2.094257700434556835e+00
2.117501136674552864e+00
2.140307914231412756e+00
1.582103742250398959e+00
1.938400932219055406e+00
1.726930357727372467e+00
1.807481174960499093e+00
1.627793601989437011e+00
1.520076942112586371e+00
1.617449621837111273e+00
1.672853589382023332e+00
1.746695880587022520e+00
1.931511925844260125e+00
2.002776352260321691e+00
2.482555448817381105e+00
2.388645813800948758e+00
2.473084265214755106e+00
2.452692211129901878e+00
2.678239673297291290e+00
2.159916387231914037e+00
2.430839214119560499e+00
2.531147400445059148e+00
2.257268871168777391e+00
2.281718373688887525e+00
1.712000385702937111e+00
1.745283185532488845e+00
1.885878210901279717e+00
1.966590563780130196e+00
1.219522792963890545e+00
1.640508310047380292e+00
1.733687851163565385e+00
1.911452654648307492e+00
1.871086318808271365e+00
1.870902637071520491e+00
1.798675542914735193e+00
1.646586402083872303e+00
1.009834448738521129e+00
1.169740918244410954e+00
1.388976711558359556e+00
1.519362358962480508e+00
1.649135123263774760e+00
1.763697706347379102e+00
2.154908123870735714e+00
1.545353556150815155e+00
1.794495665688008890e+00
1.787733895434964415e+00
1.489751947703211066e+00
1.425357941626042013e+00
1.569278920772519514e+00
1.783696693285136137e+00
1.965220133022949511e+00
1.795542284155229984e+00
1.770795369193959745e+00
1.418410925166123882e+00
1.619664234634986322e+00
1.869172597602711150e+00
2.296487179962767300e+00
1.827474927394003856e+00
1.702284400919774843e+00
1.788804217264235552e+00
1.563722861413877840e+00
1.717116503893087343e+00
1.388817968261017111e+00
1.293593240273344547e+00
1.606782723199580376e+00
1.500163619366762235e+00
1.364024205607045737e+00
1.526661452857210222e+00
1.587547309231638781e+00
1.617914850768375601e+00
2.023659981316133560e+00
2.157300405565016899e+00
2.034546253582308228e+00
1.674231335252772013e+00
1.668088031342047861e+00
2.171813235797199315e+00
1.750881614316847079e+00
1.877583049778703161e+00
1.441282781930881329e+00
1.820364883290997104e+00
1.971789918129181363e+00
2.455677330127143509e+00
2.438371201625274320e+00
2.457811200765656956e+00
1.977091987012270069e+00
1.974254511760151320e+00
1.750033583274382964e+00
1.657258946433688429e+00
1.849894980563044022e+00
1.770944608232272621e+00
1.305833065517767233e+00
1.039745380886247350e+00
1.151687029486592628e+00
1.216885578859518979e+00
1.113388467300570062e+00
1.443196712792172320e+00
1.640749338579048811e+00
1.854601078560432104e+00
1.687668384360128560e+00
1.631967082956921722e+00
1.931818054511754257e+00
1.407418674631469413e+00
1.654133210342441984e+00
1.698304693344112826e+00
1.270569664617624994e+00
1.235993270241968922e+00
1.058065526012428537e+00
1.241636767917150497e+00
1.241422520191302725e+00
1.095141983493005178e+00
1.269611056645354896e+00
1.219100749211610379e+00
1.051033495667220485e+00
1.034472068505480236e+00
1.135804330321040778e+00
1.242122542282073194e+00
1.255270615924081179e+00
1.298062940911427043e+00
1.341825216958449030e+00
1.212402087938583284e+00
1.167862313412197706e+00
1.080177610123120191e+00
1.261129982848849584e+00
9.849882916523897691e-01
1.249685080065381371e+00
1.373181592929056283e+00
1.753386790405934592e+00
1.881145838084351540e+00
1.854664349577762383e+00
1.867512007064777935e+00
1.929080678009339911e+00
1.906037981712495721e+00
1.677113970395526010e+00
1.752282385828015654e+00
1.833483656126421613e+00
1.722655901832143899e+00
1.481870925796330285e+00
1.654624471325678803e+00
1.813493817455373636e+00
1.920368034973246374e+00
2.388889635203339523e+00
2.145927513603721248e+00
2.045095637486467055e+00
1.932564127707093293e+00
2.195632487865705418e+00
2.449595253597791178e+00
2.385932757092266154e+00
1.807117066922645510e+00
1.551128968667935482e+00
1.844705467403692900e+00
1.332906757078368143e+00
1.195647191313159219e+00
1.404391010182670430e+00
1.897736873759491516e+00
1.969813119966871584e+00
1.629844780084616973e+00
1.523705273926406978e+00
1.162117859310754620e+00
1.479544029091372392e+00
1.313034275357198188e+00
1.376668786908407327e+00
1.540541330015319454e+00
1.524115082884458960e+00
1.464368786891403262e+00
1.775922775603119952e+00
1.030932457574759376e+00
1.267650372535009451e+00
1.270637219689220387e+00
1.486532385034008641e+00
1.698651929154926465e+00
1.454373158832658275e+00
1.381307176113381052e+00
1.446790875229419626e+00
1.090147315115017390e+00
1.234692619184717621e+00
1.455876641461568699e+00
1.477242343684707748e+00
1.329289647146868480e+00
1.268897064511530726e+00
1.390979348337735289e+00
1.221287871604475717e+00
1.517508250787378721e+00
1.334958674354369990e+00
1.235194080185548549e+00
1.488432364018068554e+00
1.468300962412930843e+00
1.442069943941965304e+00
1.735679165116566169e+00
1.760021223464459883e+00
1.697795586175655735e+00
1.383699591287549602e+00
1.499967386400157476e+00
1.589410590078654373e+00
1.438402882352352030e+00
1.258928446215762387e+00
1.376651456874476764e+00
1.144870668783797285e+00
1.058870230726946637e+00
1.263354114496409109e+00
1.721375900959486449e+00
1.854194997419337243e+00
1.695369007422075969e+00
1.256676086025003469e+00
1.335316048463979888e+00
1.209467313834206470e+00
1.302129839443568082e+00
1.302096391559929955e+00
1.548448914836532575e+00
1.493878863559367165e+00
1.391715925120137198e+00
1.300027446488789984e+00
1.270328423296253062e+00
1.632574300501045572e+00
1.782964676532914572e+00
2.201776853626060237e+00
2.262868492214700655e+00
1.916205864433426775e+00
1.899264743006420675e+00
2.046280592850140412e+00
1.935205891483144036e+00
1.650507236381878018e+00
1.647693001420164727e+00
1.453966618188215598e+00
1.499596967934984315e+00
1.683748995525381931e+00
1.803993598906852514e+00
1.928930336564693038e+00
1.648413491007969300e+00
1.920897647441415224e+00
1.243195760228121616e+00
1.572316530857505557e+00
1.772928979232472502e+00
1.725342883651075798e+00
1.367455424698636346e+00
1.674126560834345190e+00
1.523906980134354994e+00
1.367256293175509896e+00
1.313200995650082303e+00
1.367337999750294575e+00
1.382582955020288384e+00
1.366147473294178072e+00
1.515703299577396468e+00
1.606204278288562382e+00
1.649772089529668140e+00
1.195677397880423598e+00
1.597161455304970445e+00
1.081231130134540752e+00
1.309619503027962262e+00
9.728691131945839121e-01
1.052509440117264328e+00
1.216592671195295683e+00
1.124463045226518743e+00
1.228295553984757760e+00
1.240635744130301088e+00
1.105159605716058868e+00
1.297967474708354718e+00
1.391030492888523984e+00
1.420302665513972107e+00
1.335065238532472831e+00
1.278552218035659438e+00
1.085910293072342103e+00
1.072570695480004943e+00
9.611211362770663014e-01
1.141456982948046761e+00
1.234273979999283233e+00
1.239849431559435944e+00
1.007610102771979488e+00
1.179239729317857810e+00
1.262176224669395275e+00
1.232421085939881200e+00
1.072851302787489081e+00
1.225207066146702495e+00
1.483658494858677512e+00
1.675898538373848723e+00
1.943413158525025386e+00
2.049830285320718648e+00
1.971688353120022219e+00
1.837440273664963541e+00
1.288500246972885233e+00
1.342875533647567288e+00
1.332154234354859135e+00
1.250826339454023328e+00
1.684933276974438732e+00
1.450707891172390074e+00
1.471519560177761310e+00
1.641014778613857361e+00
1.754011259620283703e+00
1.522950420616180356e+00
1.521919057822573418e+00
1.461656069217279974e+00
1.052613694658459442e+00
1.380884528815238044e+00
1.533410462489519732e+00
1.691541326405661128e+00
1.810914433218614228e+00
1.778759457080537176e+00
1.894255939268430611e+00
1.652336063650364117e+00
1.625970369117758496e+00
1.299182623646462753e+00
1.262678441858553047e+00
1.173689203710291729e+00
1.272864491821977362e+00
1.137503441670798088e+00
1.341740064555953849e+00
1.073720881049966769e+00
1.086414122507185276e+00
1.003076107410345141e+00
1.140069842141277601e+00
1.134684821886820849e+00
1.256397133618398332e+00
1.113185441260551078e+00
9.415511795917104187e-01
9.596889174999196914e-01
1.216290356133229444e+00
1.033337566947176045e+00
1.488535696216429116e+00
1.870764204733264879e+00
1.286478395894995685e+00
1.812133829844037924e+00
1.282849648588379798e+00
1.300444401479559087e+00
1.371075476264595583e+00
1.678325878351666134e+00
1.513340767395507491e+00
1.625403595609656637e+00
1.751656585740816396e+00
1.581811052896328285e+00
1.470683084787032024e+00
1.618261700102991085e+00
1.512216595448991230e+00
1.726860139448089804e+00
1.852777285286245190e+00
1.866258661508518601e+00
1.812242967650296244e+00
1.645712424299437648e+00
1.205960332559135928e+00
1.115196603161876299e+00
1.065059345285866543e+00
1.224018756856424028e+00
1.136024352368411927e+00
1.219307436100055320e+00
1.534408403390955078e+00
1.546414412867239241e+00
1.559375691414309095e+00
1.509608654427916141e+00
1.548048387539238346e+00
1.311597006048205394e+00
1.102080169415262878e+00
1.423751781096674440e+00
1.458834730099794585e+00
1.774669111460711379e+00
1.581243029894971563e+00
1.323214119866753080e+00
1.351211135041473055e+00
1.501604944715377421e+00
1.540540550562268018e+00
1.615195046314684468e+00
1.378145261566107171e+00
1.286457714139225716e+00
1.328447190100755515e+00
1.291892936217053922e+00
1.342477479201779067e+00
1.949144852321478938e+00
1.569034723654749053e+00
1.133408135397832250e+00
1.228946010287484514e+00
1.439523875687848564e+00
1.495145661439006624e+00
1.362755268547518162e+00
1.316053327880574164e+00
1.238946432010925358e+00
1.428464045614290301e+00
1.526520565836793075e+00
1.843622783541946974e+00
2.172424974563273548e+00
1.788096093160426170e+00
1.570104423197764332e+00
1.524654918751662480e+00
2.100146081917842800e+00
2.011406204089778438e+00
2.380935083245568684e+00
2.088439727508302646e+00
1.816689568396248067e+00
1.790633681231849073e+00
1.713211608225699623e+00
1.929009896425722959e+00
1.792649641750690082e+00
1.466700125067700533e+00
1.628440744383342409e+00
1.691947392607882739e+00
1.320704670326245500e+00
1.555956993451379944e+00
1.588501896151147896e+00
1.567989585729552493e+00
1.562066614667026343e+00
1.629031824686540064e+00
1.695256686312208716e+00
1.527264197333207063e+00
1.488178616019392830e+00
1.339061358909014787e+00
1.203249058200051014e+00
1.412650056347108496e+00
1.606080991887676834e+00
1.405157175336156250e+00
1.523272262946016031e+00
1.746804793008213341e+00
1.380761820724193178e+00
1.962953862998236820e+00
1.979183789311535158e+00
1.399272937960545526e+00
1.924131435378354071e+00
1.977132451202404884e+00
2.320178902091394768e+00
2.047784643459956477e+00
1.788367353458044207e+00
1.435556998640070914e+00
1.461040939375386927e+00
1.629189516372193669e+00
1.685268440116122868e+00
2.014493102629745014e+00
1.917475504257880603e+00
1.871441578790250304e+00
1.699640858281322497e+00
1.471928343017230523e+00
1.538647469584582872e+00
1.446484684508932750e+00
1.384013877000013437e+00
1.382412920247243049e+00
1.189234496488968063e+00
9.745299469981140161e-01
1.372607151207053455e+00
1.447745105092189455e+00
1.198402867263154148e+00
1.068314430599095033e+00
1.130307658290609751e+00
1.454233554750557378e+00
1.539130883321395693e+00
1.280045709094077777e+00
1.373100923870321566e+00
1.702419623437638307e+00
1.720111974640487151e+00
1.686640629991265072e+00
1.780370475228289395e+00
1.462384917331646328e+00
1.572495365639960951e+00
1.208264401144851119e+00
1.356777823625872959e+00
1.306893019196719852e+00
1.385593593522813860e+00
1.632480173647611998e+00
1.826190550742805785e+00
1.658415997523163377e+00
1.608694679814172135e+00
1.859783306752128773e+00
1.512949677386004055e+00
1.154720314532090564e+00
1.467151222475881145e+00
1.533683588244001639e+00
1.691707121253916091e+00
1.627730119222237981e+00
1.901157855783848438e+00
1.880911587637874138e+00
2.236547420524920948e+00
2.259939880409137292e+00
2.115120478208537769e+00
1.973654844779690665e+00
1.792834995118224528e+00
1.923849198903089253e+00
2.154599902500538455e+00
1.731204810992960308e+00
1.652634576681833556e+00
1.714114456324402624e+00
1.622775790328974344e+00
1.805569457941092582e+00
1.466735601487325624e+00
1.990950375391200566e+00
1.552704856809343781e+00
1.674357537318297950e+00
1.656297941931434536e+00
1.488929143631165353e+00
1.517273211273800992e+00
1.677765688765869179e+00
1.393548851983671177e+00
1.167800065298868040e+00
1.172997543625803329e+00
1.225591267371123116e+00
1.633438709326189286e+00
1.938931150793193003e+00
1.462327260728966571e+00
1.536525493072304238e+00
1.340277919025798958e+00
1.119313326378114537e+00
1.413153071534427374e+00
1.252515918181993371e+00
1.178908612920058774e+00
9.583517452454674013e-01
1.309626025214086997e+00
1.322043734933676440e+00
1.246228413313344996e+00
1.097569426348669719e+00
1.220188263128058503e+00
1.638538080105423234e+00
1.674359473938107357e+00
1.916997696510001070e+00
2.015122741665633654e+00
1.653785584272826625e+00
1.822083691665116634e+00
1.924158237708144314e+00
1.640677474375231260e+00
1.929261962459069668e+00
1.912596083142301673e+00
2.049070447062070865e+00
1.837808469218084939e+00
2.141449999493765244e+00
2.380237173669076167e+00
2.337053191089146775e+00
2.187254209929761384e+00
1.859184003504659177e+00
1.574425105087072563e+00
1.392386749400052581e+00
1.352968711659578993e+00
1.445863230451168491e+00
1.203533849962551194e+00
1.284153880015892257e+00
1.308530486664130521e+00
1.115983668680792462e+00
1.343001304771740623e+00
1.081821967796835260e+00
1.018267307789395115e+00
1.345911572232464826e+00
1.355940952791957699e+00
1.716700119142266390e+00
2.045228086804599776e+00
1.935632133598756077e+00
2.123666798668721878e+00
1.864107789432503770e+00
2.051783676622948249e+00
1.717355776477502705e+00
1.502243373119969361e+00
1.284659452216105002e+00
1.139475269685311654e+00
1.236682341045109768e+00
1.103290301492291459e+00
1.360460035168418624e+00
1.580647378444191009e+00
1.363156922092541024e+00
1.428475298092967138e+00
1.295878559544490605e+00
1.247437472747387588e+00
1.572030371102719926e+00
1.441144452807235243e+00
1.282289514817634535e+00
1.154852741660838733e+00
1.107577524310206174e+00
1.135949840748493811e+00
9.274808587289667949e-01
1.242551110660989666e+00
1.053090432621292205e+00
1.013195495823138392e+00
1.085063713795553664e+00
1.252235541610907221e+00
1.130195143464233887e+00
1.170957657440655719e+00
1.397917396071320706e+00
1.439038723917051010e+00
1.511112699259145709e+00
2.072817700603534430e+00
1.888443167142126455e+00
1.736280101469207526e+00
1.743117860628995430e+00
1.950601568350936121e+00
2.236925951623140119e+00
2.036038723132152395e+00
2.405462549428536434e+00
2.084776481552359062e+00
2.305523119153044753e+00
2.047935839077891007e+00
1.643203106484192988e+00
1.415021058184736225e+00
1.465219334661635564e+00
1.095870051342600515e+00
1.200326535254239824e+00
1.018954156813233647e+00
1.007960900718693154e+00
1.211764268655639798e+00
1.408457176734099647e+00
1.777239578584628221e+00
1.858641259182809424e+00
1.662459832803137250e+00
1.423021204406933249e+00
2.013839970127198509e+00
2.138998268660393887e+00
1.815900203647147881e+00
2.254195481303365334e+00
2.372057541917236279e+00
2.036388824156294852e+00
1.998173477370566609e+00
1.598604163864389305e+00
1.762270023620956527e+00
1.415705192629396203e+00
1.249598033055759227e+00
1.267070304963962224e+00
1.365681807455652486e+00
9.818893299992835777e-01
1.091552342641416873e+00
1.122002117597287407e+00
1.218925780771232814e+00
1.547535842341401846e+00
1.326271300108624374e+00
1.097121587535835996e+00
1.019908467546776221e+00
9.869749244813652567e-01
1.008409389523301725e+00
1.328662650583365190e+00
1.447050453408315285e+00
1.616460523830707707e+00
1.564597637089879312e+00
1.706299277544707227e+00
1.677763827714643385e+00
1.878086995417842076e+00
1.899872390803362565e+00
2.147174160212612204e+00
1.993874094263985874e+00
2.095819310062599694e+00
2.095826521330137915e+00
1.976616892247740287e+00
1.736954019597252596e+00
1.512277628480559244e+00
1.399180077534410760e+00
1.118657815961510371e+00
1.346867488512922595e+00
1.246491537389085469e+00
1.446935878656844032e+00
1.514913165339161649e+00
1.454900014758127469e+00
1.333276254637468794e+00
1.521893476534675216e+00
1.684950973257165474e+00
1.863288224368701895e+00
1.987412789778048250e+00
1.939420180994675169e+00
1.733084570015215098e+00
1.814698753041107615e+00
1.534538552496474972e+00
1.736520070788518444e+00
1.716974838141156701e+00
1.863819799089426299e+00
2.091040530369409289e+00
1.870637809000187390e+00
2.049855812299769209e+00
1.734210631995915852e+00
2.187364584242629029e+00
2.602755301755567796e+00
1.944950354770995649e+00
2.176430578385029957e+00
1.925465651725959404e+00
2.119311117419577339e+00
1.505001916191236688e+00
1.783637143986262164e+00
1.902333744517004988e+00
2.212069776021847733e+00
2.017429829320565471e+00
1.591495010934888654e+00
2.270277666418009321e+00
1.933070019853141197e+00
2.021805603334387857e+00
1.672517357842227881e+00
1.350175391623863241e+00
1.297470822161117976e+00
1.793090795109108404e+00
2.062249347638890562e+00
1.939914804785799252e+00
1.972157243161620777e+00
1.981470990254964981e+00
1.844485188569394030e+00
2.628884713689682240e+00
2.267207001989427706e+00
2.059170828935467323e+00
1.916955026740400969e+00
1.765629210134228799e+00
2.303688519263647816e+00
2.185272423027420086e+00
1.664302162881332592e+00
1.591021143876923283e+00
2.167105286255762042e+00
2.085917648288924564e+00
1.837763488661664057e+00
2.057702403190968976e+00
1.738182508632117207e+00
1.793647543118527254e+00
1.620871594264309934e+00
2.169552059303537561e+00
1.963426059399595580e+00
2.112185231757742532e+00
1.425547018476706951e+00
1.140725528605400552e+00
1.116021099297843211e+00
1.247620861527108049e+00
1.160198849648925501e+00
1.420095005272903110e+00
1.328850123561248209e+00
1.622956692175666182e+00
1.603551018695488439e+00
1.327081723615763931e+00
1.659270269400952458e+00
1.478788860237629565e+00
1.293531759273420123e+00
1.353335244776787016e+00
1.725205903869083457e+00
1.842987075243907924e+00
1.998858888993865435e+00
2.328901592864494052e+00
1.769024698641014526e+00
1.386985253636104032e+00
1.538622802917106291e+00
1.622651899178580326e+00
1.516971001323939472e+00
1.505544719373029361e+00
1.692338713093161306e+00
1.870927576599266562e+00
1.708226434704097407e+00
1.276242302617791813e+00
1.561984653221061947e+00
1.397841771737981631e+00
1.387329864586148709e+00
1.464305167379946537e+00
1.740267601274310127e+00
1.539333984918477283e+00
1.429451294916252113e+00
1.461329334695858906e+00
1.617068648611994952e+00
2.015466101116769160e+00
1.531596996073585348e+00
1.718154084553257466e+00
1.141124556987588745e+00
1.209194532045543502e+00
1.203180381144554723e+00
1.163024276263099122e+00
1.064860571316833981e+00
1.066000003231604820e+00
1.021074522586460143e+00
1.148641538290569919e+00
1.325319506233544553e+00
1.240218906350298189e+00
1.277187040176353428e+00
1.581811359000266259e+00
1.136955626212186266e+00
1.382115823413385236e+00
1.634806061346161021e+00
1.301124979035591656e+00
1.419368574605085698e+00
1.517250076377121948e+00
1.693000586665605489e+00
1.947488590568229760e+00
1.711427360849714363e+00
1.437136455781314659e+00
1.696054003285380363e+00
1.845001294622962140e+00
1.989278875650728473e+00
2.030141635009897083e+00
1.855264423193386136e+00
1.863849191135860339e+00
1.575536009996016951e+00
1.345859928340415346e+00
1.444705322347278331e+00
1.505241746929876445e+00
1.355864816102232862e+00
1.074780501643377351e+00
1.272703039669836667e+00
1.278709457878032696e+00
1.356996567692805300e+00
1.343245456397571092e+00
1.308500526734848846e+00
1.235947580661246992e+00
1.190733675967812655e+00
1.456447860700388564e+00
1.511477550118253355e+00
1.031819767545234967e+00
1.221794913147021822e+00
1.472792315800106167e+00
1.376267429035256784e+00
1.154925138618851044e+00
1.250643117112597569e+00
1.111708959089942939e+00
1.209935885022535018e+00
1.855698174151866331e+00
1.800875764687072778e+00
1.537951206322548225e+00
1.777414924992610556e+00
1.604991809629378485e+00
1.541498715138767572e+00
1.912010286444625340e+00
1.842953980920079449e+00
1.679329640765251375e+00
1.180802443839531257e+00
1.236680415643569342e+00
1.212362263189525891e+00
1.089345501722387644e+00
1.601551255748519864e+00
1.374187175476727418e+00
1.155812626439123747e+00
1.423445453112099912e+00
1.347031114793312057e+00
1.302531754740952730e+00
1.502747670475265807e+00
1.255011542190551665e+00
1.442653215889506457e+00
1.548563387533254954e+00
1.784514815140203714e+00
1.753567076284603843e+00
1.916711008694970575e+00
1.909265350344041101e+00
1.905921982827693428e+00
1.556022545686697178e+00
1.721112910664486906e+00
2.109601592064700437e+00
2.293982245017593957e+00
2.221504835093452535e+00
2.241146637571736822e+00
1.936994724153599412e+00
2.256656691040642482e+00
2.262470597176416298e+00
2.569887732098982802e+00
2.487124480344318211e+00
2.307917083812722314e+00
2.242274754795776204e+00
2.098417979839767078e+00
1.896053583151074751e+00
1.899209213034896537e+00
1.809288725086813265e+00
1.842498565420644940e+00
1.877540091062324557e+00
1.712074884526322283e+00
1.655561638164498195e+00
1.562869879014786356e+00
1.755988362677208148e+00
1.901603996883939551e+00
1.871701561569716565e+00
1.612940753833421059e+00
1.375404845104429397e+00
1.348279694736557621e+00
1.045761818795065468e+00
1.356824330706865922e+00
1.319851577230747530e+00
1.477485958464443305e+00
1.728318631594372379e+00
1.781969807775007686e+00
1.782014532860160649e+00
1.754671110022849367e+00
1.730912558960291836e+00
1.851188162900384349e+00
1.984445625896945842e+00
1.773569924708920942e+00
1.606327666646632624e+00
1.908369117653713865e+00
1.773144361824749771e+00
1.979180278539847793e+00
1.792556032613109807e+00
1.918395510759239642e+00
1.688942973441601714e+00
1.452466497965250181e+00
1.155188176935616928e+00
1.219238293145575192e+00
1.127579200364325240e+00
1.387220238344114787e+00
1.521393194401609250e+00
1.880970850436626707e+00
1.992803687459355544e+00
1.462262726914776323e+00
1.798998086048550604e+00
2.067253000893112702e+00
1.879653519037671305e+00
1.421925211812709477e+00
1.625607222809044350e+00
1.580578583018763306e+00
1.476817236379434739e+00
1.423949934865824662e+00
1.325869924614568429e+00
1.416810017901783958e+00
1.490977736454992764e+00
1.808172229012388499e+00
1.524910034577855233e+00
1.957115699047089041e+00
1.322196735328819095e+00
1.462387649122937505e+00
1.174428772887491812e+00
1.499320945833173546e+00
1.379363996775779810e+00
1.368946517577289690e+00
1.415096417247408311e+00
1.385206683606576838e+00
1.325487688098856864e+00
1.465239493447247909e+00
1.259296154425122660e+00
1.110545838651509687e+00
9.481333939006456601e-01
1.040465654245758875e+00
1.144704843251401982e+00
1.278884876981769558e+00
1.462291545804847104e+00
1.693042461428118761e+00
1.625087511539443641e+00
1.857885328050870699e+00
1.930699679721378237e+00
1.861093965452719434e+00
1.532247231197565895e+00
1.592620456143786889e+00
1.637871556522152661e+00
1.547785645584148106e+00
1.458384243457768292e+00
1.423960469435062492e+00
1.137923277018892732e+00
1.595691309585708595e+00
1.887404573915074879e+00
1.876474091027059643e+00
1.596445543568645986e+00
1.982443517675187783e+00
2.088417301127210024e+00
1.921788940952386726e+00
1.798003203775416559e+00
2.097300421119452807e+00
2.204201998774576232e+00
2.107935757868351967e+00
2.450557571430449055e+00
1.937813192735977630e+00
1.639630328916149571e+00
1.616064378854620287e+00
1.840812618852684324e+00
2.459326190088124697e+00
1.942292363444826808e+00
1.802408393407461507e+00
1.611775907218509163e+00
1.384629464338099192e+00
1.166400402823154936e+00
1.606981098146070597e+00
1.510615966657405274e+00
1.950073295935652595e+00
1.994730917176778640e+00
2.358154920534578647e+00
2.057161551595080518e+00
1.805334143291537519e+00
2.510776171441271298e+00
2.377084416898890940e+00
2.367074129667956495e+00
2.223037882172182123e+00
1.993885396626214446e+00
1.708633813031490423e+00
1.328531375765448885e+00
1.624488031652787656e+00
1.283536616680046372e+00
1.416804367590455582e+00
1.634114961449941505e+00
1.796436425542441873e+00
1.425448500263950091e+00
1.516155244672100499e+00
1.323763528063989892e+00
1.440950227619884449e+00
1.679460758340391990e+00
1.490708989914351745e+00
1.318802121508245939e+00
1.164272555988409952e+00
1.092773268580848667e+00
1.185871522401487299e+00
1.178711122449725535e+00
9.968652246164334541e-01
1.039356741478453916e+00
1.026674406636837622e+00
1.007101633187752698e+00
1.089409244015769440e+00
1.020030798011945183e+00
1.295777610389950318e+00
1.202982234581226439e+00
1.236941772024953146e+00
1.139259867289816652e+00
1.231470985751646818e+00
1.159643823082538550e+00
1.285362099685542825e+00
1.248933411639124191e+00
1.358714394026088179e+00
1.193766700658827506e+00
1.290899914597360310e+00
1.146757528535128356e+00
1.266687104141315023e+00
1.352482987156877980e+00
1.486294870506317700e+00
1.732219728144412274e+00
1.961018567075615060e+00
1.530608161438175019e+00
1.921792410287611164e+00
1.802785335783513077e+00
1.985148286479819113e+00
1.957732443060102190e+00
2.059142287577332198e+00
2.364248300615815701e+00
2.274864008279363414e+00
2.131130254527689338e+00
1.491736680125099745e+00
1.485129705209754958e+00
1.604911811388504361e+00
1.722594302919133291e+00
1.628474249514202832e+00
1.510543857984624649e+00
1.642821559059534753e+00
1.811524673136304830e+00
1.657619933500963372e+00
1.559236470582631151e+00
1.706586400181675067e+00
1.148142559799468332e+00
1.022002331948692166e+00
1.206804393340799031e+00
1.392257484233850429e+00
1.027715533599936171e+00
1.165527716556954196e+00
1.185585908094726637e+00
1.351745169888173947e+00
1.165671059303848400e+00
1.422827588683425404e+00
1.579407381330629967e+00
1.874039239572733440e+00
1.852817778989060304e+00
2.019911016328284514e+00
2.176670894133859502e+00
2.171251580363600553e+00
2.190244462766343769e+00
2.390684504567059054e+00
2.491186498600695742e+00
2.052322617425789808e+00
1.297043290568145935e+00
1.244184300673264021e+00
1.500428388245781175e+00
1.331813752342751789e+00
1.251498171213774491e+00
1.565063048434752080e+00
1.422289530374604816e+00
1.546821547854548395e+00
1.576044752329530230e+00
1.812576054964593952e+00
1.886233697741250159e+00
1.994049702853508910e+00
1.961632716358828077e+00
2.018200724642485788e+00
1.618073967381725708e+00
1.606799403674339377e+00
1.365420637422281036e+00
1.044402800620541472e+00
1.030403162854826915e+00
1.074317223150317302e+00
1.174420697930590007e+00
1.044315608257924577e+00
1.071878306671206538e+00
1.011482890377622068e+00
9.832588271201869734e-01
1.050269039714635033e+00
1.002371290757571698e+00
1.133737355783085210e+00
1.203897893530050611e+00
1.183751839561931751e+00
1.144681859010260316e+00
1.252436069041022337e+00
1.185184831759442003e+00
1.271147904992383060e+00
1.756828143147855847e+00
1.634272747996152297e+00
1.302461135876219700e+00
1.313456940867557599e+00
1.714842359129467475e+00
1.408611531853235066e+00
1.383905495573089617e+00
1.471513201215716826e+00
1.606150952253460718e+00
1.554237385200358590e+00
1.808930724748754493e+00
1.620484907678141129e+00
2.056532847673815834e+00
2.009787543431080792e+00
2.138875492567447356e+00
1.789446849199493927e+00
1.662318864636347371e+00
1.905550032386379655e+00
1.509855759015823251e+00
1.440846453785303627e+00
1.236108620912572231e+00
1.418208766987951286e+00
1.392340021668682759e+00
1.268597062761525285e+00
1.269302764481897494e+00
1.917107691186392238e+00
2.132427706317112648e+00
2.025419522101663983e+00
2.088729054565228171e+00
1.824029018034190486e+00
1.375430473250939256e+00
1.194367585734424475e+00
1.220154615283274957e+00
1.184462565267798917e+00
9.569120803296977673e-01
1.048598796036835035e+00
1.137240152116287151e+00
9.028817187197049066e-01
1.027609514405943614e+00
1.040436744038728101e+00
1.174235613559834635e+00
1.311779400186408928e+00
1.351433881055388087e+00
1.088052159424493182e+00
1.189355479637287605e+00
1.507482823308890385e+00
1.473585443468735878e+00
1.869194964689379734e+00
2.083127017716140283e+00
2.209719590503401943e+00
1.990485787441157672e+00
2.252764579347426022e+00
1.795063019503317925e+00
2.291457667384344088e+00
2.220659217853973910e+00
2.137963348744311265e+00
2.206911362683987132e+00
2.061677598904015252e+00
2.428850188091159712e+00
2.135553071847056117e+00
1.909530333949397196e+00
2.110919069427547701e+00
2.453624933046459233e+00
2.086801986295495404e+00
2.380820469358881919e+00
2.202877473618206405e+00
2.030648915641104502e+00
2.060647439119434932e+00
1.892248515801183917e+00
1.675391396854452486e+00
1.496999846166060300e+00
1.628272820335323168e+00
1.591868131524102559e+00
1.471507380190983261e+00
1.445288464169898868e+00
1.482867762973339554e+00
1.329946031571370924e+00
1.495576374763611049e+00
1.226761902851047914e+00
1.248151761531894888e+00
1.413282189850338488e+00
1.416654123625532558e+00
1.597410420074467652e+00
2.207389711796369891e+00
1.937029215799981330e+00
1.304794113458643601e+00
1.476769893897376562e+00
1.862498766923694760e+00
1.633819938424705187e+00
1.743488924913050298e+00
1.887529321040330776e+00
1.488643722622106536e+00
1.812451834687193175e+00
1.733134546860118697e+00
2.094275893266506650e+00
2.246168114968152718e+00
2.172158219889602560e+00
2.055975662704109919e+00
1.694654891900198912e+00
1.853420427810541726e+00
1.490905172103445198e+00
1.189713030991925935e+00
1.337018458757157191e+00
1.299370460722474085e+00
1.324134668266802262e+00
1.333858765552726311e+00
1.301132653605607148e+00
1.353280748058635075e+00
1.424490104550081959e+00
1.478392206793130770e+00
1.177620988637922084e+00
1.037815594776199113e+00
1.226228816437208158e+00
1.457637264078727846e+00
1.349243400381922031e+00
1.356022808094289100e+00
1.620759593206466675e+00
1.764824166087598289e+00
1.846618492130509104e+00
1.591585301166861699e+00
1.262856134571701094e+00
1.834444400471753056e+00
1.680492864433155820e+00
1.451796544340913764e+00
1.597422780161267708e+00
1.849237231946533333e+00
2.022287975057138532e+00
1.879964814872835177e+00
2.209809288433484564e+00
1.785357436466176173e+00
1.898991212150550112e+00
2.074014271065434123e+00
1.813314384221076825e+00
1.716214760399758177e+00
1.749565700060804252e+00
2.137697670084234502e+00
1.998747081081700516e+00
1.759904189885783898e+00
2.073070776161539452e+00
2.294079325049112938e+00
2.631939563870060894e+00
2.198374937663969408e+00
2.075162641870035518e+00
1.874937777220725854e+00
1.820282912554935351e+00
1.688357942326407901e+00
1.503235622171721353e+00
1.832122789492859560e+00
2.051663207903288377e+00
2.072852974828804484e+00
1.638053570371737155e+00
1.599195073759755559e+00
1.585205746204158217e+00
1.732969276525050395e+00
1.571328711154626578e+00
1.753208045031470208e+00
1.935337140529879596e+00
1.801729482515224579e+00
1.624075236594071603e+00
1.390518724270671136e+00
1.619228065176151476e+00
1.675672104558850739e+00
1.234137690036782864e+00
1.339309048123224599e+00
1.284877817079044249e+00
9.513302275716215561e-01
1.002344926080747545e+00
1.137219737129519848e+00
1.195988954203818677e+00
1.171286884261957040e+00
1.289406879446140408e+00
1.347515738450731471e+00
1.773074238963108673e+00
1.690815042821190106e+00
1.973324503738469238e+00
1.847182761898675141e+00
1.736839700549019483e+00
2.124075885630270388e+00
2.092526749004656406e+00
2.145799142918350721e+00
2.196958446594083902e+00
2.035264300017161521e+00
2.193466835946929372e+00
1.604779621957104441e+00
1.262174214147241624e+00
1.288253886872774867e+00
1.365812866115651891e+00
1.288987719867899617e+00
1.273014209363455773e+00
1.213533431998012668e+00
1.452162096610345010e+00
1.096149728775679399e+00
1.162929725988156582e+00
1.179307396484863935e+00
1.348832020045489299e+00
1.250497632855662289e+00
1.215147519534951925e+00
1.203765103149504245e+00
1.399851331897745466e+00
1.486694379965016077e+00
1.412096457427251650e+00
1.628449088053966598e+00
1.589341215054820289e+00
1.827196730344715636e+00
1.947748782118280175e+00
1.701975818348167913e+00
1.524140823621647156e+00
1.723386003318263748e+00
1.757957377782761954e+00
1.830828633438533748e+00
1.587144193463443820e+00
1.548741434491389013e+00
1.778395951938865016e+00
1.651210613635452518e+00
1.620318220958531841e+00
1.286924700862954518e+00
1.351542437973705324e+00
1.561910852223526547e+00
1.441280329810481931e+00
1.560724638122454433e+00
1.513803048304992238e+00
1.514239983683961066e+00
1.828203627344924698e+00
1.455267756910539667e+00
1.414160032988086790e+00
1.410399435706215066e+00
1.422133296740169861e+00
1.282277097812339006e+00
1.206353477439006783e+00
1.237845956277422887e+00
1.276454563396165476e+00
1.278363148066458121e+00
1.124413895389803741e+00
1.561067538721502723e+00
1.399784364952541216e+00
1.399170624910355043e+00
1.433239765270154731e+00
1.240502264536003985e+00
1.710306598709611992e+00
1.408837891142481924e+00
1.093926026235870763e+00
1.269174739256125672e+00
1.734046526318429260e+00
1.590481011293670921e+00
2.004460752236671084e+00
1.862096401655633393e+00
1.759258587568252041e+00
1.812517324176127209e+00
1.221720976899894007e+00
1.564809137811550288e+00
2.038051773029588620e+00
1.840321141044711784e+00
2.144224200267049074e+00
2.181821256283166921e+00
1.812180496658530648e+00
1.749691199710639911e+00
1.567236713118516755e+00
1.461855845961943734e+00
1.518611615427321704e+00
1.665058161326708586e+00
1.627109537363568226e+00
2.021643361763845625e+00
1.657940522672024519e+00
1.185289363526659701e+00
1.263471912682010423e+00
1.184724242242954029e+00
1.335172998076762596e+00
1.470020379355305273e+00
1.480074897060992489e+00
1.789776061201379775e+00
1.757499856885176515e+00
1.788081832582653297e+00
1.813403507492784117e+00
2.116802032794591337e+00
2.135577627959273972e+00
1.934969781511994391e+00
1.675142345464990745e+00
1.762443877269422643e+00
2.023535974834110629e+00
1.884757665100684321e+00
1.786493635000229396e+00
1.539233683901735761e+00
1.915110759230971516e+00
2.010423118005158827e+00
2.243038905291864449e+00
2.027008168032405244e+00
1.687105214533783482e+00
1.547369377027346893e+00
1.604828511307067274e+00
1.784251160808391079e+00
1.495872166140115533e+00
1.536984967260095480e+00
1.628101664717116481e+00
1.767424832814900926e+00
1.504443773848055166e+00
1.784822200102292200e+00
1.976889269448371511e+00
1.689283615717513953e+00
1.962532534353217173e+00
1.706910882327406176e+00
1.406684519782111398e+00
1.452730154280781782e+00
1.285551114856337662e+00
1.041090725746604662e+00
1.243355292177053872e+00
1.280429539038168585e+00
1.440505478197716904e+00
1.278927613251038986e+00
1.157856337988080186e+00
1.330569983131582701e+00
1.170132039768281729e+00
1.287544735923372929e+00
1.054606351613846194e+00
1.059007377130017247e+00
1.000299122221460557e+00
1.006058599009647336e+00
1.196999797978173241e+00
1.226270400676539030e+00
1.098031381613768342e+00
1.127329135899941326e+00
1.311185283532632528e+00
1.604587757564036599e+00
1.743457214405687239e+00
2.080377800594493731e+00
1.707876764806498748e+00
1.773498002195535328e+00
1.376135214476350122e+00
1.438197572861051654e+00
1.697735527396276867e+00
1.404014868436993968e+00
1.375153346292347534e+00
1.413112540282084995e+00
1.539728119845882759e+00
2.056772575281449189e+00
2.343821264688954464e+00
2.146137036428672484e+00
1.537539774943051718e+00
1.842125961270353773e+00
1.362130603565227638e+00
1.217336623813497276e+00
1.120941360178918877e+00
1.299769047708010161e+00
1.347611019283675438e+00
1.176180994027661297e+00
1.168721169499833623e+00
1.238227346244045846e+00
1.565551106126039871e+00
1.034762455748323484e+00
1.205451887313188086e+00
1.456249847974304679e+00
1.601249747199849693e+00
1.908943246691003015e+00
1.801099861671404234e+00
1.369253509069554564e+00
1.558829364559493058e+00
2.000785445981314137e+00
2.001239865365845194e+00
2.108500439277573246e+00
2.621016661547759696e+00
2.158311397892802130e+00
2.039690607926009314e+00
2.230057641299428628e+00
2.120749349748482171e+00
2.173633383073949599e+00
2.048122598951857665e+00
2.450679071225704497e+00
2.340854281634714873e+00
1.858432305276944696e+00
1.927416848002684535e+00
1.727802219822778929e+00
1.574946373950254497e+00
1.645597580699054596e+00
1.199387858407148899e+00
1.219348355414161311e+00
1.168420200650177820e+00
1.148279288494331807e+00
1.379102518753596573e+00
1.287640239454995283e+00
1.330291564412102501e+00
1.260202827243589896e+00
1.281184669116644415e+00
1.364947482074817753e+00
1.285360273410798504e+00
1.245056435774644310e+00
1.039658525729024952e+00
1.257435436052887878e+00
1.295286022752931920e+00
1.717296451716621597e+00
1.457176151644494322e+00
1.832236688096569033e+00
1.994612350760557096e+00
1.592619842592314150e+00
1.601118636313478394e+00
1.737643137121061221e+00
1.497678550245948648e+00
1.381671455108832269e+00
1.656533739587625620e+00
1.386888541306974476e+00
1.716074818615928699e+00
1.720904405545993221e+00
1.504113636440260304e+00
1.513507422601503727e+00
1.937101239154722210e+00
1.604183100855152588e+00
1.573451912756524518e+00
1.822647527729781336e+00
1.865333885701782934e+00
2.060068082830013747e+00
2.149980530678917479e+00
1.870952849764329073e+00
1.261076954469672273e+00
1.181758086122401741e+00
1.277787454833474223e+00
1.124627517905113505e+00
1.315169225801694042e+00
1.105660451917846121e+00
1.319710915903068660e+00
1.271499816166836494e+00
1.272714969337149782e+00
9.842086189247617467e-01
1.223086452688139092e+00
1.390354627366139351e+00
1.543008501503611907e+00
1.381493730018492849e+00
1.167553937897053418e+00
1.292875503340270793e+00
1.808808798663695150e+00
1.549519098823541663e+00
1.252356428923386833e+00
1.521302925554583352e+00
1.628452251712691812e+00
1.378583813028522620e+00
1.571091581126822012e+00
1.130687999745628280e+00
9.876241190815676640e-01
9.959842418643497508e-01
9.967565039435687391e-01
1.134738497160354687e+00
1.063543188677523510e+00
1.542886537775519207e+00
1.153706058519526456e+00
2.011584961653047898e+00
1.922880259855709983e+00
1.832459208641126880e+00
1.480817146296182107e+00
1.538216963187795994e+00
1.738651365380071701e+00
2.130030922006973970e+00
2.087009854216680171e+00
1.993963785876532446e+00
1.734222126530730712e+00
1.334772374050440691e+00
1.025379543440592789e+00
1.097032642929760327e+00
9.998477715917073461e-01
1.209631364432506295e+00
1.288759558140178063e+00
1.070698783642968221e+00
1.127704606831368528e+00
1.055191516523267259e+00
1.213782298173279983e+00
1.077047942099114808e+00
1.012363949257121920e+00
9.170160537532258127e-01
1.359603014125666087e+00
1.046130368021012780e+00
1.174729857288146162e+00
1.512392828407272738e+00
1.355110174290963698e+00
1.262671618766772363e+00
1.329170334690923827e+00
1.333489500490125268e+00
1.250368862411626258e+00
1.430913217730163556e+00
1.166317066722655005e+00
1.073981118875428686e+00
1.008496616744078755e+00
1.258727623994600586e+00
1.086196111396323216e+00
1.281439064315098131e+00
1.359192009777477228e+00
1.368726347584948044e+00
1.057484054946578267e+00
1.009703611604959361e+00
9.079388769316438790e-01
1.346197810664926831e+00
1.407069025313553157e+00
1.578185004164380789e+00
1.633021386662908192e+00
1.639595930997625572e+00
1.572316274933278191e+00
1.391321551381863753e+00
1.375981288493235644e+00
1.295750339758215519e+00
1.559126571867742062e+00
1.493533946962150027e+00
1.509253406517509610e+00
1.210134288743294206e+00
1.235397256797138299e+00
1.589536671588069883e+00
1.702747653209081946e+00
1.537173529499749280e+00
1.422612361849886264e+00
1.594522017100195255e+00
1.608140631965961909e+00
1.596176969883023711e+00
1.192510125254491848e+00
1.441593818286311945e+00
1.181856260327146746e+00
1.366114042978901821e+00
1.481697685454211211e+00
1.328832786892037099e+00
1.201066291575897393e+00
1.155034983015317485e+00
1.187972969633915632e+00
1.225966411062022976e+00
1.548938381399727282e+00
1.401355868753023870e+00
1.612712642369638516e+00
1.463959571436521223e+00
1.432331949520149861e+00
1.617414806003080630e+00
1.410174773660708203e+00
1.228731942090468543e+00
1.297585224382700408e+00
1.716484030071932398e+00
1.175432367361295194e+00
1.029814068852588083e+00
1.029216586550663726e+00
1.199129776649390466e+00
1.497366854228632027e+00
1.403710040970948647e+00
1.262446795851346115e+00
1.061127012872878250e+00
1.286568363665712367e+00
1.014765099607501275e+00
9.924129570641178066e-01
1.001190398276446292e+00
1.049390024999194981e+00
1.031926023363848754e+00
1.187956035775901142e+00
1.192307248757756621e+00
9.485565438505094704e-01
1.177333950615985003e+00
1.366183853660261516e+00
1.121707178921878212e+00
1.121941566785617850e+00
1.472579868946510828e+00
1.384136082834914738e+00
1.049375664077739634e+00
1.260612811947913414e+00
1.692046789323121692e+00
1.172239709839554278e+00
1.373901511527855446e+00
1.865622793699689641e+00
2.200113695311086914e+00
2.214603183465274405e+00
1.870262270722452547e+00
1.323960444680800208e+00
1.680767789427845660e+00
1.556556014515651620e+00
1.578760807490530604e+00
1.518607927569020077e+00
1.946059945517510048e+00
2.183594570091609288e+00
1.711714495787250989e+00
1.413061281587633999e+00
1.737228032232633446e+00
2.028047542521748792e+00
2.021523273501848461e+00
2.055082488562050003e+00
2.310575112997180991e+00
2.444601306305710153e+00
2.070369634386266089e+00
2.094133642745569457e+00
2.236968938303506516e+00
1.999404900479709646e+00
2.571506339697434917e+00
2.050198267430860533e+00
1.548486284220214060e+00
1.686592147847635337e+00
1.675964138124193870e+00
1.497768605788048824e+00
1.451531383159801347e+00
1.414313332855078098e+00
1.116662385586582706e+00
1.222346167616633617e+00
1.169279822579805117e+00
1.092011105297207019e+00
1.196220745055837309e+00
1.281902933389183374e+00
1.489598894973034326e+00
1.200101313253886470e+00
1.546922658118853100e+00
1.360455555681647555e+00
1.703027078309328424e+00
1.904455814335627828e+00
2.115469142925289869e+00
1.981874297133551899e+00
2.060329005596289509e+00
1.949844035341520287e+00
1.563297331137128765e+00
1.635207239088906750e+00
1.553596396754971520e+00
1.354243791682266274e+00
1.345473941271454477e+00
1.437271570443802160e+00
1.329214565455794306e+00
1.153298982739249690e+00
9.902036584366427086e-01
1.463224680782300391e+00
1.408650493803008441e+00
1.269918418899728119e+00
1.529211791836527334e+00
1.494423098020589258e+00
1.928761895366117418e+00
2.004684480032165705e+00
1.906109797322351973e+00
1.720595323304542124e+00
1.390230259578793204e+00
1.263655121795447034e+00
1.233005263369385096e+00
1.242025268768706114e+00
1.284549951888603214e+00
1.585016904592520870e+00
1.996320659482619053e+00
2.122927686843724793e+00
1.565862185232989257e+00
1.420067521701273705e+00
1.367165533419853585e+00
1.594821025716120388e+00
1.389548420768343728e+00
1.357575808131062489e+00
1.076910627566372680e+00
1.185401306797839283e+00
1.468932283873719991e+00
1.307765756655270950e+00
1.290866477175419025e+00
1.052737853431201076e+00
1.506596840478344745e+00
1.527427888182746551e+00
1.487024433436530568e+00
1.799347199404088826e+00
1.677815238218252958e+00
1.463575989321906912e+00
1.877282749489289415e+00
2.071152104903384306e+00
2.090430968213284668e+00
1.797894838177139354e+00
2.200715445351976385e+00
1.945901653923674424e+00
1.568337472289549117e+00
1.923948549276588871e+00
1.849181757514635427e+00
2.052770517010298779e+00
2.019602862329294979e+00
2.065753534995141916e+00
1.880964142757987290e+00
1.589178630885774268e+00
1.730748559346374726e+00
1.714102679214505986e+00
1.877724262076319039e+00
2.184697710223091338e+00
1.735849149750508635e+00
1.574918029343688852e+00
1.395687520052746544e+00
1.699317758751291763e+00
1.895653893681806146e+00
2.217654914879189754e+00
2.249606989786514077e+00
1.686199763623566161e+00
1.609393658063484667e+00
1.252100340240035470e+00
1.350518330161395220e+00
1.277671344239004636e+00
1.707970887479860700e+00
1.798655680838266324e+00
1.938586648753190644e+00
1.501782207227291055e+00
1.765408425410135429e+00
1.816101660335368795e+00
1.793810319127183028e+00
1.783405770769371346e+00
1.694422425014331157e+00
1.650736686758043748e+00
1.841824484596209732e+00
1.844846761905020394e+00
1.827959896187815847e+00
1.764879921489380443e+00
1.587667030523937983e+00
1.521762537157910877e+00
1.750094939317993870e+00
1.569319107998814244e+00
1.960663486176452697e+00
1.955304405508766941e+00
2.117126203901128711e+00
1.684123708727494950e+00
1.628472075248394990e+00
1.642051548018327978e+00
1.198513704749248454e+00
1.382461963482024991e+00
1.155378242035509873e+00
1.304027795907637399e+00
1.590814875590947919e+00
1.473043764170446801e+00
1.711852288436576774e+00
1.769914781754505784e+00
1.793120660773195318e+00
1.970302329446334655e+00
1.846283531969453051e+00
1.372285695610896861e+00
1.509602363394722868e+00
1.462175679210031554e+00
1.829150459301820852e+00
1.601651030908561424e+00
1.871595828218289403e+00
2.072249618871154997e+00
2.187301911188860082e+00
2.031939550399147532e+00
1.964786023236394064e+00
1.405589701716156936e+00
1.728048791226569847e+00
1.806701610446704187e+00
1.943379614329437288e+00
1.789857317324939245e+00
1.926999332896380812e+00
1.903606757567872565e+00
1.846242458964645339e+00
1.854952181343097806e+00
1.946607213341346343e+00
2.079572996002628571e+00
1.981598811992931530e+00
2.016826301263106913e+00
2.011401290174999357e+00
1.924949255191975794e+00
1.641555144456908311e+00
1.256125533600723765e+00
1.200427552753430938e+00
1.185175115922425304e+00
1.285174202860490000e+00
1.326536783868895952e+00
1.694504970366099927e+00
1.313570025683400422e+00
1.365210760119371924e+00
1.540221847359845020e+00
1.546153211460013388e+00
1.663465933163098320e+00
1.589342968186134186e+00
1.704485366727075846e+00
1.624572592578795494e+00
1.726339398550382542e+00
1.615713361308129370e+00
1.707524997529784150e+00
1.609274544365946191e+00
1.602773347332860254e+00
1.930415532549875302e+00
1.749687476888331039e+00
1.455220173841795139e+00
1.277122886280549485e+00
1.195006893063742082e+00
1.178120962176901765e+00
1.231274546005147963e+00
1.211511592510156055e+00
1.254947614832357061e+00
1.332880955972368664e+00
1.233766380297005139e+00
1.576472044930555150e+00
1.942443550367186411e+00
2.102860685933980456e+00
1.776243244964693879e+00
1.531797652760604089e+00
1.812726871366700410e+00
1.322700944274135315e+00
1.274822807800687130e+00
1.741132173491912072e+00
1.515238325935371444e+00
1.792463777690460836e+00
1.684055723304803465e+00
1.824887539150875426e+00
1.740648821422993819e+00
1.700768394307464959e+00
1.797911979021540319e+00
1.782068733612723221e+00
1.522129924967226655e+00
2.095507733497053771e+00
1.816760550835900823e+00
1.540910767559161787e+00
1.685099354223467349e+00
1.415783252963791483e+00
1.553028830978304686e+00
1.479788735106936315e+00
1.166904395771831915e+00
1.439718846581339751e+00
1.188271775548905396e+00
1.429861759594019732e+00
1.683899428151921729e+00
1.433440105867837211e+00
1.498007534501609284e+00
2.010198403821342072e+00
2.290031374565496325e+00
2.068983986921182794e+00
1.745790228771937569e+00
1.575369979587924574e+00
1.274364830224131273e+00
1.036133608527447070e+00
1.233744115269351127e+00
1.426561779640583394e+00
1.215692055839854513e+00
1.610654076675607671e+00
1.611377225478973774e+00
1.732449921481006960e+00
1.597359919205964873e+00
1.750627336708185045e+00
1.882971814740076244e+00
1.300129157147423387e+00
1.465480542149540266e+00
1.773972151754759086e+00
1.596241241556422663e+00
1.132277266234732016e+00
1.727170464352322021e+00
1.607866288659707266e+00
1.540232134442253598e+00
1.591583620233449237e+00
1.446630307476339583e+00
1.550978112048279067e+00
1.774585914955780552e+00
2.075483502664460467e+00
2.513757330809737400e+00
1.752780594246676094e+00
2.026728301995258885e+00
1.722216346847412538e+00
1.693070160155358383e+00
1.733254595673008103e+00
1.878350102184196180e+00
1.524494358385262593e+00
1.886145501833820681e+00
1.632415474674746125e+00
1.530180969369268951e+00
1.367826594464642831e+00
1.292806895798110922e+00
1.518225266400906159e+00
1.330822374142700992e+00
1.249048072498342821e+00
1.404103627875181060e+00
1.640277893903306694e+00
1.706479991565030607e+00
1.963328317632647702e+00
1.784654068286349204e+00
2.052946999364192671e+00
2.641024560730955706e+00
2.571037509422080980e+00
2.063180766819283196e+00
1.901256767298706407e+00
2.150423618394201153e+00
2.195541767340657646e+00
1.856821904468592299e+00
2.040892291825729732e+00
1.721898378638562210e+00
1.563477332306576928e+00
1.721536548717469861e+00
1.987441450351695282e+00
1.378081288951688244e+00
1.447488940563856241e+00
1.405074363884652344e+00
1.560910906498082173e+00
1.623919739046556288e+00
1.721899691455139436e+00
1.193142407928030835e+00
1.532231777346819923e+00
1.492226539117586626e+00
1.452040480126222999e+00
1.424719862368526879e+00
1.475778467636945201e+00
1.564373495762051647e+00
1.376154335065717937e+00
1.574190627683713206e+00
1.422218161768307176e+00
1.631783607390659974e+00
1.737897992682710058e+00
1.574127187751754420e+00
1.518974504812251602e+00
1.388451046754880069e+00
1.208325869596567959e+00
1.214135885960069494e+00
1.114591931950423387e+00
1.153536513444305411e+00
1.211835592855748711e+00
1.029217682288971591e+00
1.086237632531718011e+00
1.209288200784449430e+00
1.339628021496186649e+00
1.881091370498133575e+00
1.536692309414292135e+00
1.630634995349690586e+00
1.396080433032613977e+00
1.386306016645287187e+00
1.367350859491191395e+00
1.662986592302368116e+00
1.370536612817077282e+00
1.432680262319351527e+00
1.413647143262475092e+00
1.244236272468478122e+00
1.653427897597737006e+00
1.466934083012883194e+00
1.466209701746997496e+00
1.546606073765149914e+00
1.318540225630006280e+00
1.664008399967519924e+00
1.614689963208769008e+00
1.389717863506180429e+00
1.319643230660738409e+00
1.425131998810696743e+00
1.523797295712042033e+00
1.794275132209004031e+00
1.511829816657817904e+00
1.345563520103210120e+00
1.464427116449704025e+00
1.488418606199291006e+00
1.230370596583767462e+00
1.304731881236610214e+00
1.218102687994578437e+00
1.052666819000745768e+00
1.124961989279926966e+00
1.347154140397538669e+00
1.618939542705385648e+00
1.521037652886782610e+00
1.445693435139765448e+00
1.066257975691289550e+00
1.122787507421329378e+00
9.502609961786975257e-01
9.675999564137769404e-01
9.593951458946659017e-01
1.004744973126290075e+00
1.007590441635480394e+00
1.046972733501489339e+00
1.496368403480549558e+00
1.451093877937313703e+00
1.533282107032622354e+00
2.124287251138260224e+00
2.389322831261476043e+00
2.173117696893170692e+00
1.729962283448581051e+00
1.997637412001441959e+00
2.171470496254609195e+00
1.834506442301060192e+00
1.474580268977467412e+00
1.665701276515938023e+00
1.096897005179877205e+00
9.990019318797198622e-01
1.241046243030698992e+00
1.191629984347656324e+00
1.409023248720792543e+00
1.449465228451576992e+00
1.569404533583183659e+00
2.058012571710177596e+00
1.977239960920360140e+00
2.020276058265607855e+00
1.828882030756197707e+00
1.741898763066776157e+00
1.543041464436223809e+00
1.814303794002172898e+00
1.416856598949263635e+00
1.287949376488999098e+00
1.473671044240785655e+00
1.453473732622616810e+00
1.509058446229165185e+00
1.501695551543992257e+00
1.391062457471660352e+00
1.299183131516280509e+00
1.568441460031448020e+00
1.346430585235161681e+00
1.420960984087185075e+00
1.216967345126599653e+00
1.099205799262073180e+00
1.100882527293739477e+00
1.308542103990992356e+00
1.297791548572425846e+00
1.368118117256045041e+00
1.608987173791189607e+00
1.332119307100398942e+00
1.489260643205200907e+00
1.427464894729074674e+00
1.208292741019186822e+00
1.014349344172486234e+00
9.652273621674516413e-01
1.113183496318846055e+00
1.310399193984822519e+00
1.498771847179077632e+00
1.581458385659858301e+00
1.351812375191822513e+00
1.152216342602594201e+00
1.429561407828144226e+00
1.412190866768250785e+00
1.175918410776465306e+00
1.407512239237927787e+00
1.262869811155614919e+00
1.632518057651199506e+00
1.504462527972106445e+00
1.877206778183784452e+00
1.654543550326609269e+00
1.905704922007340762e+00
2.002082978612534259e+00
1.856796960428408472e+00
1.250700213319243526e+00
1.621450713137731814e+00
1.474299229823000434e+00
1.797485117206919059e+00
1.908588980341611618e+00
1.540591521246617912e+00
1.265355191729567341e+00
1.313423907617194297e+00
1.152613223287957345e+00
1.903245693043308151e+00
1.857624700560870812e+00
1.662521467547452447e+00
1.763742855479512706e+00
1.686965844817401194e+00
1.787007097592537397e+00
1.903841369838695785e+00
1.924233278131641800e+00
2.218729379351680020e+00
1.930997064537212315e+00
1.953716591208658260e+00
1.898305072539510974e+00
1.389424516460131542e+00
1.433759891332810454e+00
1.393527186985512811e+00
1.248217485112536274e+00
1.406668600225309929e+00
1.023867099908030820e+00
1.033865253461919709e+00
1.041635644293294582e+00
1.222989341775977401e+00
1.088607749705784000e+00
1.277617301252821358e+00
1.263475657317168377e+00
1.372744945587045962e+00
1.489737904074128760e+00
1.915230814016359862e+00
1.594904644399325555e+00
1.293217530207484200e+00
1.209129888910683848e+00
1.261840352676210752e+00
1.572557137711077635e+00
1.537522590720223903e+00
1.496480642452917342e+00
1.665920842884735409e+00
1.800190353142231192e+00
2.400687413440756313e+00
2.079701486472365968e+00
2.158112989101824475e+00
1.882222779566151916e+00
2.197791429335161695e+00
2.239963547380024789e+00
2.079034588062525390e+00
1.767716030208745792e+00
1.578302789856699695e+00
1.658493226854817593e+00
2.009349778249263974e+00
1.973290482638427434e+00
2.258321818407892145e+00
1.568641866752991554e+00
1.633861204547597312e+00
1.905350718870706617e+00
1.967825523534355803e+00
2.146934945132335848e+00
1.908481588958547803e+00
2.023641305727678752e+00
1.729975021496587662e+00
1.949443351850199235e+00
2.055134128102703794e+00
2.021483414805734569e+00
1.740099687505553661e+00
2.312439999453285822e+00
2.078121559468328883e+00
1.920863244881340526e+00
1.787600966415755499e+00
2.165868133248060712e+00
2.191534814048139879e+00
1.933687224133363802e+00
2.116397671921232071e+00
2.108045607771253049e+00
2.004259905271786213e+00
1.772485123933863038e+00
2.096570721781351843e+00
1.809902210551985080e+00
1.500458968561528161e+00
1.580687392318519846e+00
1.309503164169075973e+00
1.233625358659475646e+00
1.496804620951841303e+00
1.378869885162750109e+00
1.511978721911543033e+00
1.200766566898222365e+00
1.145292371763803052e+00
1.500051952868273419e+00
1.244850250547722359e+00
1.230698354971000219e+00
1.297046136095036495e+00
1.308840062072207377e+00
1.561392501472598893e+00
1.605536869448491943e+00
1.574952136250692636e+00
1.431731366344395795e+00
9.855466656224876054e-01
9.581138568122282706e-01
1.158687251381020022e+00
1.436893096821691973e+00
1.380923600642064875e+00
1.473163879822254829e+00
1.431810572856880404e+00
1.312451134312974776e+00
1.324869538901307875e+00
1.441159146116086642e+00
1.149671706208775124e+00
1.078056709325150075e+00
1.175650229653936840e+00
1.101376794954963767e+00
1.056276245723639651e+00
1.189922402939323165e+00
1.061319640483704418e+00
1.527820489451757524e+00
1.659481658665575843e+00
1.470183128249708648e+00
1.709961034381539235e+00
1.586016363784118255e+00
1.341587015766444013e+00
1.303295775331382300e+00
1.708040026271044454e+00
1.205594231327719257e+00
1.405486891974185859e+00
1.521941668304779949e+00
1.292308255908612757e+00
1.411001426144517845e+00
1.359549388144216220e+00
1.264704544771236838e+00
1.193184843909144366e+00
1.770207256522215999e+00
1.616058135578841259e+00
1.989170017725091499e+00
2.112010329149927035e+00
2.198486464951728170e+00
2.046601124669387595e+00
2.102970080754981819e+00
2.348821699559020981e+00
2.178214136688519709e+00
2.247816604539152774e+00
1.830832489952646247e+00
1.934727214906071247e+00
2.204513803917511172e+00
1.915914029620213732e+00
2.204314593454940407e+00
2.253071094693380072e+00
2.038955084440072341e+00
1.857606850411613664e+00
1.585241931975167162e+00
1.569047691303531389e+00
1.813327369687469659e+00
1.641649462270050819e+00
1.260684902268017105e+00
1.370815043821240753e+00
1.479046441992023730e+00
1.162932933828908055e+00
1.096004377489164350e+00
1.448395560214346567e+00
1.393800671743621322e+00
1.090759110612066207e+00
1.043903771749718823e+00
9.521389042982907336e-01
1.240579000753992078e+00
1.232646563551312635e+00
1.072766404697401699e+00
1.187967043469131623e+00
1.142519416542307154e+00
1.370633031762879428e+00
1.369669998848106696e+00
1.234415669892963585e+00
1.307890192918118588e+00
1.415518451199495154e+00
1.609808110295267047e+00
2.014366410708342769e+00
2.056432121657726597e+00
2.342694384676967445e+00
2.146469032426856938e+00
1.701029270073165511e+00
1.524304764840616278e+00
1.654947126276702152e+00
1.657176781579633662e+00
1.575494421381856691e+00
1.702179101326449784e+00
2.079681295482947334e+00
1.711528493470689360e+00
1.746720247876479171e+00
2.226048435965739980e+00
2.266585831885392643e+00
2.200376481078549773e+00
2.067764113324901842e+00
1.548809601920769108e+00
1.456422861829282933e+00
1.632592849053931872e+00
1.539560415960149475e+00
1.703422840476663147e+00
1.842762217224974242e+00
2.034667005540085949e+00
1.665341858183657653e+00
1.733425012065842985e+00
1.900916601353993762e+00
1.626301335595821129e+00
1.692396533866843189e+00
1.902008658982579536e+00
1.419004679993815854e+00
1.261230341762784590e+00
1.327841396858024936e+00
1.384473232452164693e+00
1.346622695978913820e+00
1.753764209350945569e+00
1.364177107116078425e+00
1.382610505147424451e+00
1.547238262747850479e+00
2.262121981246077329e+00
1.282778989270679570e+00
1.044445082672941449e+00
1.087300636685318622e+00
1.099839141586027358e+00
1.223936361995446198e+00
1.162182858835479005e+00
1.165028586566438262e+00
1.846512897198871350e+00
1.740784852667475624e+00
1.746478372123568157e+00
1.301336622709200697e+00
1.162617937010176350e+00
1.179348890708246778e+00
1.058168659974275672e+00
1.272660644351653714e+00
1.633234280543083505e+00
1.577133451949649379e+00
1.896348815649662178e+00
2.158964455325479204e+00
1.869671469386112506e+00
1.905731330150093106e+00
2.114116039976985828e+00
2.012670076213502135e+00
2.231444364418460058e+00
1.688647052432789897e+00
1.673474092251344247e+00
1.403033136825697635e+00
1.335598205782333459e+00
1.294320807611822888e+00
1.964753821537739142e+00
2.192327200549081923e+00
2.119870389899989771e+00
2.001584326398590630e+00
1.869762541402859135e+00
1.327221458980319069e+00
1.144820581851403452e+00
1.044947672922449167e+00
1.191601597360746556e+00
1.185408136179287641e+00
1.248538354239178805e+00
1.238629219941439930e+00
1.259022841045654095e+00
1.457176282764486963e+00
1.477459192119710885e+00
1.661975564432071728e+00
1.189542862762471120e+00
1.553333488031245047e+00
2.033735937525788184e+00
1.565357796521594569e+00
1.283900457030791697e+00
1.445248854239226999e+00
1.696742461058050822e+00
1.742851910001535165e+00
1.561086606048116110e+00
1.479193707814300929e+00
1.571534440766225060e+00
1.355602862084193783e+00
1.544624197995344561e+00
1.321156453953542531e+00
1.457493324249302002e+00
1.664250630857939228e+00
1.354938216454117272e+00
1.482844878978398784e+00
1.764241055172801609e+00
2.078434686136038767e+00
2.062466323216862740e+00
2.185221083723190905e+00
2.329288574071617823e+00
2.362189819437165994e+00
1.913874825956269010e+00
1.716750961129739128e+00
1.426358285259968328e+00
1.601758713571204140e+00
1.515768817803759161e+00
1.409887348252862216e+00
1.417012819002047008e+00
1.197045112270114675e+00
1.197279145188749672e+00
1.434155186238949442e+00
1.333792355731022283e+00
1.362935821960296279e+00
1.988751923241897090e+00
1.871203434742283678e+00
2.103470691853483565e+00
2.294340878314698795e+00
1.866464768032111810e+00
1.882538134598293444e+00
1.575420463691104223e+00
1.547107975219171871e+00
1.308179178287919520e+00
1.243436061483855326e+00
1.150181432166304418e+00
1.267039770321357173e+00
1.121861562163911419e+00
1.289229068216482421e+00
1.238982444474185263e+00
1.355501770459882405e+00
1.757679964489947899e+00
1.412261261036677817e+00
1.305751861320434859e+00
1.181163764266275562e+00
1.331988345589665279e+00
1.425323525577861128e+00
1.510894091672437156e+00
1.869809652320657323e+00
1.860688563943931673e+00
1.949006600531603794e+00
1.859244197353199457e+00
1.215444531390496463e+00
1.469450364702872047e+00
1.801964828615349123e+00
1.712165461067501226e+00
1.827318471546812040e+00
1.962745870964153871e+00
2.092348522477319506e+00
1.551071566356107434e+00
1.443054083172398361e+00
1.490463250504542092e+00
1.415454914212460391e+00
1.640593426577128033e+00
1.655500242161823010e+00
1.848982944758136071e+00
1.724750758394303141e+00
1.381375765184196247e+00
1.538583901244688690e+00
1.544055006480876457e+00
2.001303427966357074e+00
1.874506461001951951e+00
1.708091772888245874e+00
1.923449677205027131e+00
1.700879448903041213e+00
1.964298657469870868e+00
2.101513126124570086e+00
2.132176225258135105e+00
1.860037036605686644e+00
2.019583259410871801e+00
1.676574419337353739e+00
1.473022555932529842e+00
1.626111103889019027e+00
1.303547568732672524e+00
1.106947338135072512e+00
1.356257191761281788e+00
1.714004807746662085e+00
1.668506957821443315e+00
1.270541435142539255e+00
1.032025780569771234e+00
1.317985542095424289e+00
1.575378465365058878e+00
1.523964154142427141e+00
1.793854262629833052e+00
1.447694913381366799e+00
1.359185301733155438e+00
1.193003829997146381e+00
1.208882277602003175e+00
1.162481825871776397e+00
1.101130931943145930e+00
1.283916266958893271e+00
1.764930181799292175e+00
1.619847933235714521e+00
1.204830349381906585e+00
1.698641778486567944e+00
1.445303372879700454e+00
1.102499875314732369e+00
1.189842018097980292e+00
1.489725157228716457e+00
1.811803683922034169e+00
1.512923467570861602e+00
1.630265902222580721e+00
1.586217137554672529e+00
1.998347812509867927e+00
1.889008969340835398e+00
1.314206608680729360e+00
1.072927223087585924e+00
1.545549794718733772e+00
1.589326349737524069e+00
1.492361543822394943e+00
1.669052711280905044e+00
1.094790070024033168e+00
1.042358700161832630e+00
1.156274180232303994e+00
1.317061908230965805e+00
1.114581198718548771e+00
1.120589423498320247e+00
1.195597121561554399e+00
1.282829889655692668e+00
1.196472610190455255e+00
1.238413976199941535e+00
1.179067784267257224e+00
1.174940206324665448e+00
9.960099544738749699e-01
1.005337027767459590e+00
1.156112326815744051e+00
1.399764721202899409e+00
1.445925822947673467e+00
1.784252735668598211e+00
1.882269297623156312e+00
1.497665290344280642e+00
1.343519292660545483e+00
1.131456822663519990e+00
1.384614226490884725e+00
1.364548968803497075e+00
1.378434373917649225e+00
1.172603113345139780e+00
1.281125766064173277e+00
1.433642929147098677e+00
1.977238817110365421e+00
1.982951228649867836e+00
1.830055402524951802e+00
1.285626835051241867e+00
1.310627945197326172e+00
1.198612840519685863e+00
1.609979116715797964e+00
1.277638436316611781e+00
1.076058888532750224e+00
9.309255016756110557e-01
1.039021696500745939e+00
1.055572499230583938e+00
1.170009952764247796e+00
1.145717536967303163e+00
1.369936037832621523e+00
1.350987605535493241e+00
1.464365527193987493e+00
1.157350627279752464e+00
1.121879741509891115e+00
1.050657206333317273e+00
1.306709352073006869e+00
1.528437469566091167e+00
1.571331346545165042e+00
1.629253595722273573e+00
1.941519117467682465e+00
1.885843156416450173e+00
1.588491496460260111e+00
1.934631886753374275e+00
1.654696845437083175e+00
1.439119617456540823e+00
1.522614858284367934e+00
1.946229490250483751e+00
1.640031346911839494e+00
1.471000848010795448e+00
2.016310351401359835e+00
1.898643611443484147e+00
1.993351886870563083e+00
1.902830288122427493e+00
2.100596107634650433e+00
2.342140041585235366e+00
2.089170187985819993e+00
1.877091920009062775e+00
2.287820605976449428e+00
2.124323898934080468e+00
2.213590328097204019e+00
1.718714231196601716e+00
1.514173604185436339e+00
1.208991139275711335e+00
1.531280230817657184e+00
1.491478296963251848e+00
1.527175279942703412e+00
1.160201698696704531e+00
1.233348974225664252e+00
1.234718156329907446e+00
1.209595497464128755e+00
1.294490975574968061e+00
1.324971973654355040e+00
1.555680122804811161e+00
1.542640462069763796e+00
1.218183412319546299e+00
1.203417332625090319e+00
1.046646751323863089e+00
9.966202431118917904e-01
1.080663757251382417e+00
1.006271237954063924e+00
9.316947212872324080e-01
1.056400326906783205e+00
1.219408831515317981e+00
1.456291823140202446e+00
1.471908444380402914e+00
1.163530003919155176e+00
1.381595278080367972e+00
1.346630058365125615e+00
1.188349852559337005e+00
1.241663176304410809e+00
1.384861234641870276e+00
1.343475393165879161e+00
1.222065947793750329e+00
1.454488521144982283e+00
1.431712542433102975e+00
1.416134706688435330e+00
1.885609732876972089e+00
1.982808791673280169e+00
1.667356874783619602e+00
1.404014397003702452e+00
1.774249107897071243e+00
1.785874507030230651e+00
1.676606636443763509e+00
1.514638059490394761e+00
1.226254757069664247e+00
1.300506032213604612e+00
1.167513783201067135e+00
1.578518944139078561e+00
2.024766672007327184e+00
1.643877922246925083e+00
1.115490984176574774e+00
1.094552862296151785e+00
1.233820463470557627e+00
1.226058708608488423e+00
1.121364753190385866e+00
1.268770973264980118e+00
1.314515934235455097e+00
1.234763359961656759e+00
1.102590468607044016e+00
1.611136087463102218e+00
1.669397918004921655e+00
1.578996778308878746e+00
1.472682540482016744e+00
1.337350222043877324e+00
1.260166313800188176e+00
1.690755395933487115e+00
1.588163666586288603e+00
1.685527411986656121e+00
1.485403256740197797e+00
1.615755673476779286e+00
1.379684325964013247e+00
1.483286591760423878e+00
1.051922319257940330e+00
9.986492180432660071e-01
9.774552398918811003e-01
1.116528127730644471e+00
1.400760111883738279e+00
1.795465821489573344e+00
1.834279995849242839e+00
1.371269930911728885e+00
1.940049368164010524e+00
1.761093627255507332e+00
1.804991943793709197e+00
1.801211200623796138e+00
2.017714600535185365e+00
1.774619820140163062e+00
1.816327631869191439e+00
1.536750362249327706e+00
1.367298810282405519e+00
1.529016624575226579e+00
1.594309820987845017e+00
1.435864844081184755e+00
1.403494594829435727e+00
1.445218407235643987e+00
1.410623405173375255e+00
1.456787419237149495e+00
1.036331948485342380e+00
1.391508163814165089e+00
1.281107343160887702e+00
1.492202500062179915e+00
1.617807691895310374e+00
1.410724053694276670e+00
1.622962321067432434e+00
1.449960530126125580e+00
1.351261379061776013e+00
1.091668106110553316e+00
1.343862460577472273e+00
1.524006235776801832e+00
1.737470372111423078e+00
1.632087210407580757e+00
1.468550099748824334e+00
1.412639143765164862e+00
1.448545567191444672e+00
1.162460176369658260e+00
1.430532184657411499e+00
1.585102645164682578e+00
1.276613674101333418e+00
1.648747511638583463e+00
1.530236356334422565e+00
1.645548502675074465e+00
1.710301757625384500e+00
1.600838829312523082e+00
1.531422819140614067e+00
1.577676821543521068e+00
1.687774495658763474e+00
1.587445230396645535e+00
1.399966249664138962e+00
1.566763506242637938e+00
1.496986806407743398e+00
1.545032289905950984e+00
2.124596429329059344e+00
1.340118042492839168e+00
1.598776720134246432e+00
2.126482329971424168e+00
2.166223942847588013e+00
1.963558347052051012e+00
1.785835307293311747e+00
1.789135163163459330e+00
1.725497301069800926e+00
1.739736231733548522e+00
1.549188613384736346e+00
1.246369529172017376e+00
1.474041843078154113e+00
1.497479061591763916e+00
1.448395985663113450e+00
1.720769567346274176e+00
1.447218543270030633e+00
1.728650501438443232e+00
1.996003765881353864e+00
1.549948164133191586e+00
1.392284005537753666e+00
1.403261386580489711e+00
1.656613206010328021e+00
1.470364967230445297e+00
1.363555254372482040e+00
1.198582031885529142e+00
1.127226375050468299e+00
1.162067797072914965e+00
1.265578430264834298e+00
1.216765480396767352e+00
1.710622273715462160e+00
1.651801446451297339e+00
1.282257040538893778e+00
1.466581986391715997e+00
1.814812473417203753e+00
1.574705080274091173e+00
1.889213872908330094e+00
1.813910823510946901e+00
1.945993511202233739e+00
1.633326842845310045e+00
1.545630750187277913e+00
1.538851471921585556e+00
1.451650945863810049e+00
1.611299042222865685e+00
1.233054367724538913e+00
1.546004647492735806e+00
1.329349633247377538e+00
1.556822404781304403e+00
1.103229313722221994e+00
1.103453387258907847e+00
1.044076737310388969e+00
1.022757161782696711e+00
1.046986950596018318e+00
1.028826137284346798e+00
1.006764850892231777e+00
1.053041852515544274e+00
1.074053834032692611e+00
1.209145321209099011e+00
1.104161988541576989e+00
1.053602900738362269e+00
1.144618421093463345e+00
1.143875953846696714e+00
1.366246314356327041e+00
1.008313196616216656e+00
1.364386349167249435e+00
1.380590796902293693e+00
1.305577847062123098e+00
1.173098389277591469e+00
1.146807289623490433e+00
1.037655208011580843e+00
1.198999625852161355e+00
1.230723054076520606e+00
1.196418436144571329e+00
1.277244116387607376e+00
1.445701928750941612e+00
1.321019807121617262e+00
1.252574364457072820e+00
1.101202619870374377e+00
1.105896484782282974e+00
1.197182005470868171e+00
1.102641984650722495e+00
1.097818833616159173e+00
1.077815921358425300e+00
9.239249090301137057e-01
1.182359322296129278e+00
1.077096881347100910e+00
1.107172582539191374e+00
1.460621820374071955e+00
1.593706072756380543e+00
1.625472959659321148e+00
1.524790197170871942e+00
1.771946677912809465e+00
1.762423537401144102e+00
1.467400539955109551e+00
1.425326033656115765e+00
1.382433492611004233e+00
1.259371660251840996e+00
1.045220185168311833e+00
1.134912291320250732e+00
1.235990854512207360e+00
1.469524945984742148e+00
1.818799664104546743e+00
1.837465357142999522e+00
1.642168575970125222e+00
1.556563094911969092e+00
1.601463765052373311e+00
1.519075032453064189e+00
1.718290373748289745e+00
1.668359291497308439e+00
2.415755209187562258e+00
1.997706391462072517e+00
1.900411852160948101e+00
1.955681997100148450e+00
1.801874740562232624e+00
1.625077882927453476e+00
2.035405782383205686e+00
2.141507229256349287e+00
1.840763623338791177e+00
1.537384482726002588e+00
1.959176783478522088e+00
1.951610353560242705e+00
2.103318051659213150e+00
1.801304675153546642e+00
1.733719694862972949e+00
1.859859553516702624e+00
1.819969699855976009e+00
1.610847147225825227e+00
1.336828497661636028e+00
1.534392475980728587e+00
1.511633283192820087e+00
1.030031606497527674e+00
1.215310689097190533e+00
1.152604388851340644e+00
1.224719013824844049e+00
1.390103363196266262e+00
1.566239017584928117e+00
1.368588771671713333e+00
1.638034321103521096e+00
2.049287578738017590e+00
2.220943817280363497e+00
2.338987268101504480e+00
2.488338430257911682e+00
2.153117627062790529e+00
2.024464286344780373e+00
2.391136536498430942e+00
2.429942061120355490e+00
2.344576805870763891e+00
2.213343274707522124e+00
1.760917108391621744e+00
1.686037784901018632e+00
1.727875436998677960e+00
2.042000071292332741e+00
1.931733344785978801e+00
1.597460146663658875e+00
1.490743598696996131e+00
1.628909257523844190e+00
1.544508762843486371e+00
1.336169509753208251e+00
1.097887591499412840e+00
1.161502581484527008e+00
1.099763896793558349e+00
1.165292343092348970e+00
1.199845214839031282e+00
1.050404434391293940e+00
1.168587411604090409e+00
1.078135856678992699e+00
1.614452026056862000e+00
1.811315445671439761e+00
2.006136789921586505e+00
1.726045996356425194e+00
1.658388650702950162e+00
1.620734875795114327e+00
1.599977884339149448e+00
1.473309241481740806e+00
1.668886943996229055e+00
2.144832164280679798e+00
2.408505798891035887e+00
2.219444006600974628e+00
1.619661151738238658e+00
1.522460427555609508e+00
1.679420371196908679e+00
1.420892108350438887e+00
1.337729247952283096e+00
1.585302554931007357e+00
1.506227955813948194e+00
1.190845238830601671e+00
1.342572412960148398e+00
1.103989320941205277e+00
1.126057059966071527e+00
1.112511930998075327e+00
1.091438808131298455e+00
1.130157556689685094e+00
1.600990443869870550e+00
1.655420547808497123e+00
2.271198594489724609e+00
1.890754483549572429e+00
2.021707229481880752e+00
1.964415452582288779e+00
1.823279809710939281e+00
1.970422229192071883e+00
1.451685740144027514e+00
1.786539196524360440e+00
1.719495782787749505e+00
1.319099116922752835e+00
1.227542009532789580e+00
1.302146092353024809e+00
1.273064837330533550e+00
1.155487237259816835e+00
9.710130063072575091e-01
1.328628841726429810e+00
1.413514590710406971e+00
1.481367995655678449e+00
1.241908572271301692e+00
1.600841382645165956e+00
1.673840932261017489e+00
1.972611718713025653e+00
1.793032423513301943e+00
1.862141488457212724e+00
1.596511665428039350e+00
1.268243498390301482e+00
1.432688943445505902e+00
1.419339668332043836e+00
1.125599663924805371e+00
1.639459531335666576e+00
1.268755261603642603e+00
1.267427043094161210e+00
1.079217446141381265e+00
1.141542842446453099e+00
1.375349259533257040e+00
1.094932884549956187e+00
1.128290408574746717e+00
1.301103087068876674e+00
1.268876787801068717e+00
1.416065747745621550e+00
1.249269182643696130e+00
1.403819962076223504e+00
1.364363694512170211e+00
1.367141366616025921e+00
1.719129547535388713e+00
1.760686411489548853e+00
1.719770740518565377e+00
1.557419812742625753e+00
1.611780059600435910e+00
1.321553748748986123e+00
1.718787163335180779e+00
1.319860314250552058e+00
1.357348389504254182e+00
1.354601339802989912e+00
1.349735588296527844e+00
1.282365046778196849e+00
1.155013391717242488e+00
1.308421960910451487e+00
1.367575348543761837e+00
1.272412572142150644e+00
1.070360179585089000e+00
1.134597741275591876e+00
1.149636443531549146e+00
1.108902394667755864e+00
1.085698931561310365e+00
1.207533376308196349e+00
9.685088372397165912e-01
1.057117577054832891e+00
1.106945227597771586e+00
1.167221576045015974e+00
1.221504257366339719e+00
1.354974128557010715e+00
1.376766512137958420e+00
1.061628843278498158e+00
1.349966835623590766e+00
1.436777524164812192e+00
1.380160062975496205e+00
1.234038208837926254e+00
1.516064724635183936e+00
1.339554049593387530e+00
1.476333077603124488e+00
1.541753314788707252e+00
1.555713342932044441e+00
1.785527322045657561e+00
1.659048670701862127e+00
1.821110339579937731e+00
1.870581098756213478e+00
1.907027358399934203e+00
1.901715537879321793e+00
1.337378571065577670e+00
1.721771760800352213e+00
1.288778219077410192e+00
1.296891232083643430e+00
1.641231594127610549e+00
1.674715368488159939e+00
1.186743927947353505e+00
1.318819366551681416e+00
1.406339436149090183e+00
1.595484859092618724e+00
1.849903492290403406e+00
1.791422546275356131e+00
1.902246070885660334e+00
1.912197594690780322e+00
1.899849233569796958e+00
1.827114373376332424e+00
1.708075053534553023e+00
1.899544327976481206e+00
1.851937969359420455e+00
1.569463489245608301e+00
1.423401032885273088e+00
1.610522279863975115e+00
1.926509277514935947e+00
1.550510985638290151e+00
1.364688224719098786e+00
1.511302056355924739e+00
1.340076691010076315e+00
1.445666588627875893e+00
1.249997911301918618e+00
1.568247442590743113e+00
1.649719052547149678e+00
1.627370207877291364e+00
1.469060136012112050e+00
1.348549037274722862e+00
1.310100755254198335e+00
1.054073652584657017e+00
1.224100403575556939e+00
1.123163741945158112e+00
1.226718909554961101e+00
1.122828692489635349e+00
1.249628531085755778e+00
1.413154041551116791e+00
1.611789777768791954e+00
1.598993214121755324e+00
1.712340639072967852e+00
1.225444198194176160e+00
1.830272776309442406e+00
1.887180322741603078e+00
1.716941070275062486e+00
1.714662476674705394e+00
1.753974558114613558e+00
1.193427376129034156e+00
1.435328619194582656e+00
1.490078896967061750e+00
1.276745533959681378e+00
1.166784768919369331e+00
1.357676731603099984e+00
1.230819219308759926e+00
1.053097157858541744e+00
1.168882983776980300e+00
1.250486451905869600e+00
1.394755829014408199e+00
1.007936998804774387e+00
1.317178538148304101e+00
1.179546257429999079e+00
1.035943699556301612e+00
1.134492322349323290e+00
1.114831327384011139e+00
1.145142330399051556e+00
1.176611953099229835e+00
1.125176515441758118e+00
1.313213241242506824e+00
1.304144306689671184e+00
1.191671980975268053e+00
1.133044703040944068e+00
1.302163827154134479e+00
1.638655331350898470e+00
1.386817417710889178e+00
1.498317471784720745e+00
1.653366722647390263e+00
1.585437847849091142e+00
1.400517047083708499e+00
1.487243542067572255e+00
1.666547981056119898e+00
1.864035725960961010e+00
1.997123658804401902e+00
1.112981159638067430e+00
1.188347267750836433e+00
1.019664331670346424e+00
1.195775101493480985e+00
1.253529226349421544e+00
1.287735045960980429e+00
1.180350942425253180e+00
1.266113570233530439e+00
1.069009813999479919e+00
1.163263456238673665e+00
1.167349862009187111e+00
1.210915680683946505e+00
1.071511317708244704e+00
9.164822616513721432e-01
1.066750166307423697e+00
1.022134108250071671e+00
1.121942023668841548e+00
1.432345035929575516e+00
1.631370539748712378e+00
1.674252266356065721e+00
1.643352488920133414e+00
1.653749068680173684e+00
1.414027977582118956e+00
1.571894596732070104e+00
1.651915145683066077e+00
2.000447249519350379e+00
1.943761368021321490e+00
1.820113772033787658e+00
1.951853278753695964e+00
1.951355220040069227e+00
2.004813685978681370e+00
1.812612567791258344e+00
2.103377473719976631e+00
1.652463073329505594e+00
1.902527955134140303e+00
2.282832501399233660e+00
1.359528481921189247e+00
1.364106485154382931e+00
1.549367635860320336e+00
1.482686618508305632e+00
1.677589537032452505e+00
1.799610983581526158e+00
1.506009883746044054e+00
1.419161695952948277e+00
1.926097295626828076e+00
2.073824002744153017e+00
2.023921377646084263e+00
1.869231854526954395e+00
1.659799212918461109e+00
2.100241651943710153e+00
1.723598266481693564e+00
1.815332654484952180e+00
1.748939838722997964e+00
1.683031282029448406e+00
1.534637432484223796e+00
1.347502426090515293e+00
1.426189664323388229e+00
1.606845837376859709e+00
1.294662430167637046e+00
9.580486442492125443e-01
1.160801587764690002e+00
1.118294792588373499e+00
1.093683505048612448e+00
1.117241757260032164e+00
1.413764880677932601e+00
1.524925432445509710e+00
1.735894156599195659e+00
1.998497996989724967e+00
1.978022016125742688e+00
1.449068146686614433e+00
1.781748774127835944e+00
2.129138721026918368e+00
1.614026808592728290e+00
1.916347885315343946e+00
1.875342695298747309e+00
1.832054531184842183e+00
1.786557940014447787e+00
1.970870639103091237e+00
2.252903490844520906e+00
1.818164938122953433e+00
2.137014807952416273e+00
1.916664628396679282e+00
1.778612255269119480e+00
1.871903229975273364e+00
1.984786892807894221e+00
1.562298647803388674e+00
1.716978108355760035e+00
1.879196473388090372e+00
2.099114273654643537e+00
1.852621591321697458e+00
1.200107073610992003e+00
1.280317176613459118e+00
1.421119549259258985e+00
1.562990663798790703e+00
1.519356832741810548e+00
1.404388795952666413e+00
1.257748282549412622e+00
1.258049481121596314e+00
1.808406748731971492e+00
1.819916048452939084e+00
1.599210890144462827e+00
1.620724116474017595e+00
1.674710393267820896e+00
1.590898869443780672e+00
1.515591843303769615e+00
1.301721961820169193e+00
1.491397590537721252e+00
1.645277134130552099e+00
1.553340496421024897e+00
1.430689311911411021e+00
1.754882624855649276e+00
1.811188574163811627e+00
1.693849718916191183e+00
2.076519818161665309e+00
1.918763081693948269e+00
1.850523440410446474e+00
1.434212734089885588e+00
1.607884747117189539e+00
1.497794497644311384e+00
1.592301121223449467e+00
1.660145695082420936e+00
1.682639155201299808e+00
1.784584907282042110e+00
1.839284714463297554e+00
1.676804949651524268e+00
1.116233413204215319e+00
1.054641628872814874e+00
1.152125683319402238e+00
1.304381030527599572e+00
1.379909523123691528e+00
1.353509198280204329e+00
1.351095644981431754e+00
1.256689010521326422e+00
1.197331465457978750e+00
1.763465292584546207e+00
1.617065308543434332e+00
1.272600809153840773e+00
1.123038815030955595e+00
1.231713650044962360e+00
1.398317818746724228e+00
1.432201405576020159e+00
1.325376848008466002e+00
1.371060003736552568e+00
1.298583015639961369e+00
1.393374810220529447e+00
1.565411553354531415e+00
1.057987174840716138e+00
9.978402594545641158e-01
1.097336637731924691e+00
1.244863480072504025e+00
1.281165065971102690e+00
1.137360583045664120e+00
1.058797657629336753e+00
1.126162212172825861e+00
1.300206668986678693e+00
1.274115074487910171e+00
1.249667999272134011e+00
1.360062419142089585e+00
1.096605073788264662e+00
1.184836353081782034e+00
1.563090845144621266e+00
1.625256231514127236e+00
1.944428852850466516e+00
2.172164936393711887e+00
2.253315228668685499e+00
1.761593914119597093e+00
1.903360527349959419e+00
1.635342971523458422e+00
1.681034170598010524e+00
1.831073822354490233e+00
1.532800998549311622e+00
1.465848272240015460e+00
1.519433351605587568e+00
1.321534021403349080e+00
1.501204122424293352e+00
1.483595935132290489e+00
1.528413808315864486e+00
1.554217987146959246e+00
1.139992961425401408e+00
1.182110905714988558e+00
9.413185073423699922e-01
1.373813133744314685e+00
1.555680192359336189e+00
1.273323523411910241e+00
1.728036692192840285e+00
1.578391909580567853e+00
1.940086009819471657e+00
1.833159761337971094e+00
2.000878106451825733e+00
1.543961289852588736e+00
1.446778053576476264e+00
1.213558968151617234e+00
1.575897426980563232e+00
1.545000442227121518e+00
1.375986217296865988e+00
1.076773639739484478e+00
1.069918719986921340e+00
1.255469201410118529e+00
1.542435759849387189e+00
1.767758174083290390e+00
1.755182321716628913e+00
1.739370504284783792e+00
1.689094410848272609e+00
1.631245146385668310e+00
1.447605875663634301e+00
1.502997972777197377e+00
1.961143643764601485e+00
1.762921526483247625e+00
2.109336778804383528e+00
2.135436714339932429e+00
1.941277337779911072e+00
2.002882044860226252e+00
1.676291015795524419e+00
1.582009669879154146e+00
1.597199191968375231e+00
1.431125174163452307e+00
1.224733344652800149e+00
1.227376796928907332e+00
1.478603351135881372e+00
1.169348068975392341e+00
1.333620862424120590e+00
1.040727375548001099e+00
1.104326109648844145e+00
9.715955406137745110e-01
1.020714467464355790e+00
1.057863098662048307e+00
1.168543525111287451e+00
1.131789485491458969e+00
1.200242495834513701e+00
1.422376555076691584e+00
1.350995650360176548e+00
1.548061511753032971e+00
1.660520318411004226e+00
2.018633270643742872e+00
1.961659227857720289e+00
1.849587432185266112e+00
1.853319268025225730e+00
2.016525550872648509e+00
2.416864066393924482e+00
2.652615074864209443e+00
2.009560296538449364e+00
1.819476528621590816e+00
1.958408323609302615e+00
2.051522518471525114e+00
1.978339211282907462e+00
1.753055538295841487e+00
2.018886760578266770e+00
2.146929690668661905e+00
2.232210337541578049e+00
2.030430138529252027e+00
1.968970752018085024e+00
1.958794464918567346e+00
1.876612326394763830e+00
2.070541421823814510e+00
1.910317166561707358e+00
1.771446895379477526e+00
1.485314216997871473e+00
1.375412001260188921e+00
1.034640263447857755e+00
1.118007382676735606e+00
1.423599348136857845e+00
1.404130998334456315e+00
1.475241504345689014e+00
1.333904331842696411e+00
1.272038738800010726e+00
1.110798062842318190e+00
1.316805928042470653e+00
1.298683186227097108e+00
1.847506361957035992e+00
1.576129240833614942e+00
1.413962393821921459e+00
1.818698502639632286e+00
1.793408368702679390e+00
1.675460992925936310e+00
1.715900473862948417e+00
1.930720492263770627e+00
1.606155224957743988e+00
1.790266530981160065e+00
1.817111161641427941e+00
1.560520062307255706e+00
1.450484603804520489e+00
1.290519580062334803e+00
1.260658346851977418e+00
1.272085019833787189e+00
1.086038975887331892e+00
1.322434510789413098e+00
1.282388629072400255e+00
1.231180400767466265e+00
1.427471910761795471e+00
1.281914254227533023e+00
1.688798191962019635e+00
1.693188623475283094e+00
1.157372111243489154e+00
1.274470978098327656e+00
1.393635285572383919e+00
1.397701209774485864e+00
1.761215878419047476e+00
2.271430250350419566e+00
2.021638518623957825e+00
1.855118693095237026e+00
1.661996733900817036e+00
1.177220242641986436e+00
1.185053158720869693e+00
1.106438934245998151e+00
1.402576764400526033e+00
1.143641347588191248e+00
1.290853491564545985e+00
1.279792087988200544e+00
1.513110762435675660e+00
1.765084321435455239e+00
1.155101575709534423e+00
1.079838359659863745e+00
1.217547492105770068e+00
1.439667246459949146e+00
1.459332420806954911e+00
1.256922586783898454e+00
1.019919898357896981e+00
1.333388662704460215e+00
1.611002778355238085e+00
1.836259851587546565e+00
1.858328388754708405e+00
1.684433536734629699e+00
1.628206461081229905e+00
1.428376833910188770e+00
1.508112684068353637e+00
1.921347429090045855e+00
1.775244667620200945e+00
1.866150026435286158e+00
1.925481117950437637e+00
1.872067862611747957e+00
1.748940424774668045e+00
1.520050685450146766e+00
1.764293288211118416e+00
1.772513663602248046e+00
1.696636925858579836e+00
1.734819117157359036e+00
1.224930879824908780e+00
1.352644018917104951e+00
1.333810743838133694e+00
1.153487755847755647e+00
1.344500660157277538e+00
1.474626482386077742e+00
1.398298187750132371e+00
1.411643141831575798e+00
1.135253847599139387e+00
1.377029126864347974e+00
1.342116446305425592e+00
1.092568605557832750e+00
1.376913502016708035e+00
1.464065244605629035e+00
1.565228079562985597e+00
1.585531722991835757e+00
1.297102402111506514e+00
1.593002012389161726e+00
1.490344466422841130e+00
1.248190704138817608e+00
1.272104491281897287e+00
1.438221916256824162e+00
1.221399939342857843e+00
1.116495713309198834e+00
1.376174739433217331e+00
1.139008296874434167e+00
1.229937073572277217e+00
1.116138229947741811e+00
1.274372178489395324e+00
1.367461013404465575e+00
1.422136275749500856e+00
1.539957784742854718e+00
1.239233077179234588e+00
1.152249423756606550e+00
1.432294551772747671e+00
1.249805748821702256e+00
1.351313275245598966e+00
1.535296288905511730e+00
1.165396845104905932e+00
1.063123239215040039e+00
1.306445155788205525e+00
1.181059619269160255e+00
1.036721560978236978e+00
1.286854341833052473e+00
1.273441681654429614e+00
1.077617547551970700e+00
1.229208969930788875e+00
1.316766031369647871e+00
1.136024316848528004e+00
1.044619960376872214e+00
1.164244282343167125e+00
1.176761322686774358e+00
1.350636998843724790e+00
1.184217792889545207e+00
1.034505149236297550e+00
1.017855835838936684e+00
1.251218209186637731e+00
1.671127320447208575e+00
1.946604520931276561e+00
1.773903102580406177e+00
1.735434588200363670e+00
1.538280572994888962e+00
1.759004362256761045e+00
1.754095772681143917e+00
1.523734630313229310e+00
1.854987141783503990e+00
2.204425880809071536e+00
2.278200990405593984e+00
2.239665052650149146e+00
2.467492340538455675e+00
2.180692597535505151e+00
2.172368188508249087e+00
1.909630593250469577e+00
1.850249196101094729e+00
1.946547629008876790e+00
1.731347285541961156e+00
1.595969292238553328e+00
1.735666813820506249e+00
1.583537520074842497e+00
1.525535818059754467e+00
1.725000770307889120e+00
1.647293624188920447e+00
1.623258439257385000e+00
2.269747182518340178e+00
1.967540242251550886e+00
1.870999673584918144e+00
2.065805655035990451e+00
2.203925599601575858e+00
1.907949980128970324e+00
1.984591500178671586e+00
1.906032143509847065e+00
1.735989049850823918e+00
1.965472233805195090e+00
1.537741891501123614e+00
1.553691223447128511e+00
1.525379091156655376e+00
1.990415483305059796e+00
2.005102838604677640e+00
2.300124276089522635e+00
2.149867078069587212e+00
1.771071599159287580e+00
1.552127615179587972e+00
1.640378883082675543e+00
1.559516149335557822e+00
1.409066811982595535e+00
1.568454416301894305e+00
1.455069251180680867e+00
1.101138684160754222e+00
1.252065756618520265e+00
1.187332199487819429e+00
1.003564354205647602e+00
1.243578919927095017e+00
1.394694507483067447e+00
1.285608048836521355e+00
1.228026927601479468e+00
1.165868059679792568e+00
1.244201753060121707e+00
1.210050461115006470e+00
1.278351408617989904e+00
1.205526890961405639e+00
1.098144593142619696e+00
1.094612715269999592e+00
1.114833334649149688e+00
1.176579344408943406e+00
1.235888303473006822e+00
1.241547139963659507e+00
1.190328231321348129e+00
1.251147313025908092e+00
1.234112852332617472e+00
1.241009902640477058e+00
1.262372524674536756e+00
1.277895209210603511e+00
1.065870198950918502e+00
1.079258787609672865e+00
1.166628789481814366e+00
9.816780656721425524e-01
1.506935229264764864e+00
1.618156722765020206e+00
1.909797359927120075e+00
2.150865436723860658e+00
2.347039859128978279e+00
2.575315732329060303e+00
2.198548796007918416e+00
1.780144990144222339e+00
1.486742522217770146e+00
1.580294665176957825e+00
1.476943111553280508e+00
1.339659119157433631e+00
1.461946627330076076e+00
1.789790741283226128e+00
1.794814316160370460e+00
1.774649500174954042e+00
1.762638728719801096e+00
1.992951498122756293e+00
2.385369888820069395e+00
2.338584544499966000e+00
2.531399269384144279e+00
2.420831859897263794e+00
2.009430261518751148e+00
2.204685090906500555e+00
1.619451052086784859e+00
1.257931433657784481e+00
1.107148753629998428e+00
1.027853453037863796e+00
1.027901635232705280e+00
1.017287027944542954e+00
1.067200774499362126e+00
9.647652641467119317e-01
1.144708341379632621e+00
1.077374251063331068e+00
1.200416669408670645e+00
1.182945383112371962e+00
1.162536183307267379e+00
1.376645347753377102e+00
1.254664726994078494e+00
1.270653581821483247e+00
1.457240520569911491e+00
1.492159981301697469e+00
1.479026097996545497e+00
1.375850282989876883e+00
1.288322846108488573e+00
1.181926680503081917e+00
1.069789905308505595e+00
9.569231717547443949e-01
9.536480988307017848e-01
1.187143214856379192e+00
1.252130711444788602e+00
9.996922976178885811e-01
1.285821089280339447e+00
1.418985867908311604e+00
1.584699331980617076e+00
1.139870510745950138e+00
1.255130715531459051e+00
1.186482004514965993e+00
1.070271626906616147e+00
1.157789793470645590e+00
1.239218552578700727e+00
1.434228058913986636e+00
1.685409520142730377e+00
1.710667509495939376e+00
1.964438795761110690e+00
1.757368361413606195e+00
1.835673471219759989e+00
1.492049359622447557e+00
1.153022717723362955e+00
1.128049933563639362e+00
1.037681926501012430e+00
1.218643887750315180e+00
1.244214310963879466e+00
1.058481289976909379e+00
1.519974688270228080e+00
1.425637033730340120e+00
1.215079744562090669e+00
1.618581242556618172e+00
1.433213283403921734e+00
1.455916463218448031e+00
1.438296726577902307e+00
1.672376173552392986e+00
2.039819176616354923e+00
1.896521953512730452e+00
2.213136203270527513e+00
1.585478189850784592e+00
1.722297394092809242e+00
1.859598751717588705e+00
2.120320502937976581e+00
2.161915140106358546e+00
2.273504536803331089e+00
2.164208635739668374e+00
2.132344261146103204e+00
2.054088905577517998e+00
1.595524811862240711e+00
1.439822979002755021e+00
1.715188650064209952e+00
1.585041975010185622e+00
1.576345891402127108e+00
1.855667775448040846e+00
2.024321313104044950e+00
1.924482804646467704e+00
1.698667149689355726e+00
1.491349471097545454e+00
1.243216019777531045e+00
1.413707327941880587e+00
1.371791830794860445e+00
1.132469447738978729e+00
1.286870715171697377e+00
1.500321987802327506e+00
1.169917550033398257e+00
1.122932244653629397e+00
1.410211832936488774e+00
1.538231566332942890e+00
1.640339209024286538e+00
1.533215993613644024e+00
1.918224494359454191e+00
1.954249636352995978e+00
1.983617929151694215e+00
1.614409184159940613e+00
1.723778603513975272e+00
1.846488428737011578e+00
2.089965826326810383e+00
1.946903901963011441e+00
1.960366500388018851e+00
1.759315231245563105e+00
1.561808028110584168e+00
1.624857000202414525e+00
1.380044137757523437e+00
1.501435427822651381e+00
1.936451411524520383e+00
1.588798898675055860e+00
1.534092883341808156e+00
1.579315902749026224e+00
1.343959815001173563e+00
1.206470904714110892e+00
1.335305014119025913e+00
1.407286560274277010e+00
1.232656901037786579e+00
1.210188922239159304e+00
1.336718142152132138e+00
1.117579051233047904e+00
1.101133698090086099e+00
1.213494886340036327e+00
1.366740123356363190e+00
1.717410099593412287e+00
1.389576948214148011e+00
1.167388721383109784e+00
1.230777675275643857e+00
1.109535808298008686e+00
1.353593748257021501e+00
1.165268483487938544e+00
1.177900911162438780e+00
1.340202482133858730e+00
1.306297276331932933e+00
1.354395995980497425e+00
1.293821881156205889e+00
1.113701941334111822e+00
1.099652772079094509e+00
1.200596808728346954e+00
1.119658838667431766e+00
1.237628669997404174e+00
1.925335120453890658e+00
1.856263303033229839e+00
1.323802554347803806e+00
1.595251949156883953e+00
1.399424036666252924e+00
1.711286526349423909e+00
1.698161221558592615e+00
1.665448566047490253e+00
1.624361356965726477e+00
1.414723462326948455e+00
1.500906219245106143e+00
1.325961393582644421e+00
1.174388953534420299e+00
1.276535245522164574e+00
1.165396812494694734e+00
1.046032231433805526e+00
1.047158547328664868e+00
1.093655616490898375e+00
1.264448922611380199e+00
1.483008474481130712e+00
1.206197746584770414e+00
1.297195053864155234e+00
1.272666890178380861e+00
1.621255398914596135e+00
1.762372496716733572e+00
1.748269372460844684e+00
1.440461065643294347e+00
1.464184669863871635e+00
1.401342280415064367e+00
1.202530740148723964e+00
1.040920312797804614e+00
1.133748363143384230e+00
1.090913262670654360e+00
1.385089095901854250e+00
1.677969882842847760e+00
1.675620341088144505e+00
1.727997806555436444e+00
1.352849652311003403e+00
1.652051510805313983e+00
1.559836293452696365e+00
1.424556756690197545e+00
1.634545457847475847e+00
1.527790143931259781e+00
1.354497311030448792e+00
1.665695556046601800e+00
1.590077294023759080e+00
1.669922489789173570e+00
1.825720938009875560e+00
1.795809790685722662e+00
1.912092136041636525e+00
1.897448235858990362e+00
1.682905351812731043e+00
1.775124743804393335e+00
1.918223787086520860e+00
1.909218374121162798e+00
1.699443606909883275e+00
1.244608222560127153e+00
1.172580122877774800e+00
9.405375325770025663e-01
1.089542451105716792e+00
1.141101256765729488e+00
1.035288972180856470e+00
1.326488944620747512e+00
1.632677087434318608e+00
2.112155113291164010e+00
2.317744031996275211e+00
2.075872449355296911e+00
2.083590799386335402e+00
2.049070087724172762e+00
1.568161468855072238e+00
1.205814408548742112e+00
1.474820713760857105e+00
1.310933239579739507e+00
1.093473413516500736e+00
1.414821734055397684e+00
1.428833678882466707e+00
1.419856234236411829e+00
1.587023905753877973e+00
1.723124020977225612e+00
1.701175354368398729e+00
1.754939713892289976e+00
1.538817795416574929e+00
1.299974563101054414e+00
1.308166550384851412e+00
1.322527595220694963e+00
1.369655860990297791e+00
1.334100549925091750e+00
1.645816976316572866e+00
1.834987078696362239e+00
1.748005173772768650e+00
1.393051814774279418e+00
1.816628990105973118e+00
1.882362115299778926e+00
1.724334066327176007e+00
1.677404903412305970e+00
1.648348905788296292e+00
1.561261351670525599e+00
1.358821343235732559e+00
1.232258713258093774e+00
1.244040706484237369e+00
1.165187775717594798e+00
1.273469365063429892e+00
1.217073348491342522e+00
1.013345483662354107e+00
1.370901340013631620e+00
1.475713727627090410e+00
1.332302078537992429e+00
1.394298243762123191e+00
1.178532512764405071e+00
1.365571842925967561e+00
1.356776486062073239e+00
1.490745271887428114e+00
1.061730552550530282e+00
1.129832156231690199e+00
1.014533395122690029e+00
1.028667827025368409e+00
1.156176836631940930e+00
1.429300846179147877e+00
1.332101875384697820e+00
1.565108370288346817e+00
1.275746213023675413e+00
1.631142225468046325e+00
1.396464868568051410e+00
1.401161684540292107e+00
1.360157140426090372e+00
1.399094331344431730e+00
1.570681666633610973e+00
1.439252397938478811e+00
1.510603770017745706e+00
1.398013079971901496e+00
1.442960152666137974e+00
1.383609842613049201e+00
1.552275260185782324e+00
1.932425365086550162e+00
1.781360290594485196e+00
1.653893456800292983e+00
1.862003288626635111e+00
1.993673128267892780e+00
2.174213768026480587e+00
2.356788322348983833e+00
2.282718291544123534e+00
2.244598016275390684e+00
2.062226245919528633e+00
2.211536399777718653e+00
1.904047923236299455e+00
2.387427132711415378e+00
2.418117209081385610e+00
2.106545599706665772e+00
1.979854245886107256e+00
2.101724609478341055e+00
1.956068351377428627e+00
2.228054293248229900e+00
1.989175339097167372e+00
2.221923416342721946e+00
1.981677458546144299e+00
2.360803345259760544e+00
2.467636519330890010e+00
2.316382933144145451e+00
1.726813927190544717e+00
1.470092636742540870e+00
1.134250935374095048e+00
1.142160910595365841e+00
1.394677104224116171e+00
1.708939511687009860e+00
1.969450431403979795e+00
1.536377177107621339e+00
1.727948905423117409e+00
1.876918264663053337e+00
1.329176003033171627e+00
1.169237439017834612e+00
1.480332718796705693e+00
1.646396740412870763e+00
1.007295384109004655e+00
1.062912429895541688e+00
1.456061419014514469e+00
1.266949638352246499e+00
1.311463367724241103e+00
1.153985363216776916e+00
1.158382817696253841e+00
1.395426982340261191e+00
1.344256354929626696e+00
1.481231805508705257e+00
1.546305218236363466e+00
1.522553529075763690e+00
1.272587415657746801e+00
1.558513593236113604e+00
1.613664280678347218e+00
1.564237802837458391e+00
1.279702079971868578e+00
1.304549263256912006e+00
1.470431591787912939e+00
1.237785482950705784e+00
1.773453938108913608e+00
1.936687448709506487e+00
1.748470625312232407e+00
1.797802961790590182e+00
1.562851158149151765e+00
1.655124438783145413e+00
1.738731620953102297e+00
1.551462167690949245e+00
1.388849120034231666e+00
1.410659897479468405e+00
9.589742889732374431e-01
1.192728448736830815e+00
1.068750154676161079e+00
1.041968533960116128e+00
1.172261535828525547e+00
1.150353173963903908e+00
1.165578235490977832e+00
1.184759199588701239e+00
1.150753545213987428e+00
1.247315077140885187e+00
1.186586500347924789e+00
1.518755207487784586e+00
1.619315054936575793e+00
1.737499372608254822e+00
1.904561126518863112e+00
1.913088709810603083e+00
1.929074482274884872e+00
1.483671692814359622e+00
1.182601402900004706e+00
1.257673797266140925e+00
1.082894030281274622e+00
1.625781609225993352e+00
1.850650673696947024e+00
1.805397406668552751e+00
2.077020813860563475e+00
1.923442043316365702e+00
2.093581369725793007e+00
1.976229405357918800e+00
1.542080377983546802e+00
1.692819235366279873e+00
1.496591203890718091e+00
1.521082955450520302e+00
1.373975066613661422e+00
1.187389235613477423e+00
1.286292279503987057e+00
9.647874841960055736e-01
1.033614526431236191e+00
1.252266062527172430e+00
1.278674017084289627e+00
1.293966004085075561e+00
1.377697404949287829e+00
1.077426444085531676e+00
1.266148341822669776e+00
1.599217933781060141e+00
1.686957160337245298e+00
1.304001584170500605e+00
1.583810354935684783e+00
1.244084529596292565e+00
1.380135575660892844e+00
1.917731979615061810e+00
1.900948561747098253e+00
2.079206039146376028e+00
1.927487936495983822e+00
1.978618906199070882e+00
2.145368488829690445e+00
2.270696202704558520e+00
2.144627003543497334e+00
1.804510513670100513e+00
2.000484025163413282e+00
1.890095586717980058e+00
1.423123731584003515e+00
1.432449926276539998e+00
1.413977234105298297e+00
1.228198441429745769e+00
2.085150911526430839e+00
1.976310688235419555e+00
1.695486435104486489e+00
1.717871120833472931e+00
1.405485044482340795e+00
1.413036873208129762e+00
1.792836626068643913e+00
1.717657151882758804e+00
1.699087897346650777e+00
1.882273392673564194e+00
1.785864779867996521e+00
2.185090585442478250e+00
1.808971047673264110e+00
1.548706920822249700e+00
1.326184900980353909e+00
1.193864361804328089e+00
1.046226580767574132e+00
1.226949456085665302e+00
1.362474130970685149e+00
1.093870989173170605e+00
1.130800497879639321e+00
9.253145755621039470e-01
1.014906920616299502e+00
1.072041573110027457e+00
1.132324496863232666e+00
1.598720121981022757e+00
1.405753800817027610e+00
1.296693962917240706e+00
1.085002555170125671e+00
1.324315779500621293e+00
1.416118373959080579e+00
1.311666567851586196e+00
1.519837377204259043e+00
1.439583406978342417e+00
1.103759018134403247e+00
1.257482073247970789e+00
1.268503916643513030e+00
1.112634697122907523e+00
1.118204019218941969e+00
9.531867093637207411e-01
1.306356182929263809e+00
1.202239141493886887e+00
1.024270275536550256e+00
1.111948378922578584e+00
1.344396255654914052e+00
1.106416134847423072e+00
1.070748260863970236e+00
1.267912299439133639e+00
1.094934844986066524e+00
1.191721088974190490e+00
1.149682909595938884e+00
1.211435796570809131e+00
1.268803497534132907e+00
1.310479543890361365e+00
1.876194118325715143e+00
1.562384410978844507e+00
1.966468258546146375e+00
1.718304446363478011e+00
1.285755316980744301e+00
1.514746292242288517e+00
1.230175908169367061e+00
1.108480620950603512e+00
1.115281467657297965e+00
1.329210877546234570e+00
1.496418559030232798e+00
1.556335853182250872e+00
1.551427448216387006e+00
1.465391805556093496e+00
1.154493229863087445e+00
1.319035044346846819e+00
1.210775826923352838e+00
1.124066335966918295e+00
1.128635677991565833e+00
1.141092763032655721e+00
1.029813776017377558e+00
1.004046662709967341e+00
1.067984097252191011e+00
1.090862372601562269e+00
1.073176309950961471e+00
1.195516725613755993e+00
1.157054344266596591e+00
1.546812771742268167e+00
1.868941563754789259e+00
2.133030472680106371e+00
2.227909153859375380e+00
2.305187191759741516e+00
1.831849512451744211e+00
2.078595872196939975e+00
2.266457689845947865e+00
2.082687453820434076e+00
1.886635697602731199e+00
1.926116266666971555e+00
1.417208237277675753e+00
1.234396327059524179e+00
1.138614199036285468e+00
1.482710032836259018e+00
1.450888965694673516e+00
1.430826438415090829e+00
1.304295474566249391e+00
1.373875187668147646e+00
1.078920729818974245e+00
1.076627084823098102e+00
1.214339741656252913e+00
1.211218575039385792e+00
1.594502862783098385e+00
1.941057686245606595e+00
1.644546386207218491e+00
1.831777035893081607e+00
1.706587989245776704e+00
2.189696886167183720e+00
2.014246189084781591e+00
2.100688786492263649e+00
1.765767569542521676e+00
2.008417356989559366e+00
1.595498623569479912e+00
1.583066191044310678e+00
1.578824269102125477e+00
1.865835917364805141e+00
1.819252417895129925e+00
1.589148046174088336e+00
1.338383846919223741e+00
1.221432764953092942e+00
1.158822419634795153e+00
1.122426109741298417e+00
1.029026363841481384e+00
1.030499038965340786e+00
1.493874429251912161e+00
1.511602908797454736e+00
1.671671318632502068e+00
1.608954964739280902e+00
1.289253719626423100e+00
1.506701184835806950e+00
1.321126465399443006e+00
1.088822102988135976e+00
1.174850999806112517e+00
1.351761094309602562e+00
1.361146815980069036e+00
1.177003395079145864e+00
1.290623293203992272e+00
2.129292100957164369e+00
1.607838638670777032e+00
1.638341825023180931e+00
1.642898703747268874e+00
1.549856212613743844e+00
1.780130819392069519e+00
1.721715185462914466e+00
1.478782043216715358e+00
1.629360296556242149e+00
1.678668062733986943e+00
1.791882876063607632e+00
1.646876269609168553e+00
1.228157311274219898e+00
1.453412998748499385e+00
1.495063560662240221e+00
1.406579328823780450e+00
1.065947164577625728e+00
1.164854718808495893e+00
1.145707928946360088e+00
1.483304343143326820e+00
1.818167331503859563e+00
1.521493131765924156e+00
1.331173129129377131e+00
1.461946669703400925e+00
1.308980356054265437e+00
1.365630976999436808e+00
1.574128801650306331e+00
1.790302057559260307e+00
1.507552459092386776e+00
1.473548899510762844e+00
1.230997560771115218e+00
1.114982139109113923e+00
1.021874101281728953e+00
1.104714509005184864e+00
1.144070948261446174e+00
1.041215339466892820e+00
1.244776293428682346e+00
1.353779222848254582e+00
1.280013881357715322e+00
1.225195031439302973e+00
1.097444936671093663e+00
9.739836641894064062e-01
1.125101845220799479e+00
1.387719805412465979e+00
1.177557305023783529e+00
9.607665195880779052e-01
9.592124792787745102e-01
1.174131854840006373e+00
1.150539168813116353e+00
1.065040423204816733e+00
1.082628946178642027e+00
1.086347144470962034e+00
1.055513963711554482e+00
9.910211142005075358e-01
1.111255076696661126e+00
1.172085534485009184e+00
1.149060964076688451e+00
1.126940543167491260e+00
1.080385772426886160e+00
1.236708316683568398e+00
1.406599789360839736e+00
1.497553041862388579e+00
1.638809970947205485e+00
1.289627013660593846e+00
1.278350712053285987e+00
1.309929560865318532e+00
1.304081183998212268e+00
1.255651441703195204e+00
1.423949656487270010e+00
1.231704431199353023e+00
1.149949788797841377e+00
1.109769894237792043e+00
1.347246565391431172e+00
1.438413919987799883e+00
1.704887959298535094e+00
2.051969903440823639e+00
2.003586678396193310e+00
2.286236686809107521e+00
1.861235674658484829e+00
1.489331033494506684e+00
1.315747319111802094e+00
1.261006252635161751e+00
1.137004469911121696e+00
1.457955191836183717e+00
1.483037769402378192e+00
1.611301900851626279e+00
1.540448097446071918e+00
1.804741325885844461e+00
1.514664352668683378e+00
1.772102444209545657e+00
1.822876695997302621e+00
1.758023244391333506e+00
1.906393414302334000e+00
1.953191414637311496e+00
1.788750054595078076e+00
1.610308972452983545e+00
1.810382639972206054e+00
1.512933209598720907e+00
1.955323182970624574e+00
2.069306639085439325e+00
1.943678822151619023e+00
1.507061270011798015e+00
1.791256921676896985e+00
2.028287767004085307e+00
1.765175932432217598e+00
1.965318116626353806e+00
1.948785311896205741e+00
1.937539387660146772e+00
1.709754737432373162e+00
1.597303925036162697e+00
1.769879814965651166e+00
1.708468248549714463e+00
1.702327242165496912e+00
1.539559510287780597e+00
1.428309475331910772e+00
1.763726274473522260e+00
2.364353339334393844e+00
2.166289971715321894e+00
2.213128066021675000e+00
1.881113914300630796e+00
1.948056642212637968e+00
2.244861130596890408e+00
1.898842289868796884e+00
2.079498140435011688e+00
1.805787668155130365e+00
1.837504802529867476e+00
2.355257123521905083e+00
2.276525842812405553e+00
2.167794430300443498e+00
1.807548932204309899e+00
1.651883083485490067e+00
1.662193157251212972e+00
1.575623524327305347e+00
1.348295813597782056e+00
1.612005050032118580e+00
1.214505227355227035e+00
1.187670166462431620e+00
1.156202517388632334e+00
1.432129811404521558e+00
1.371322361940843004e+00
1.124074340849815057e+00
1.138952810927877257e+00
1.096746920037205530e+00
1.039359702142066189e+00
1.159513389713236586e+00
9.788297142883068958e-01
1.331332662622165097e+00
1.027679134111210812e+00
1.396349816013279233e+00
1.381577541220709193e+00
1.317067466280219534e+00
1.453524754835661792e+00
1.268149994549007342e+00
9.342648628632844732e-01
1.057025861151918100e+00
1.414364693947522067e+00
1.342476351676787472e+00
1.355396815935463684e+00
1.467425399545565501e+00
1.828469398434142690e+00
1.784191752967487110e+00
2.164322222612051316e+00
2.586050315007914158e+00
1.951593200801118089e+00
1.815694740137717922e+00
1.891030865862493471e+00
1.859334254892558880e+00
1.803929239472181312e+00
1.795704422983344095e+00
1.839346064426132799e+00
1.570805518673256351e+00
1.095556901433813790e+00
1.301717446030040470e+00
1.438851789370855228e+00
1.542406428469909496e+00
1.397839250419894874e+00
1.402112703966666984e+00
1.028553089845778867e+00
1.054516215415549407e+00
1.040709532411986604e+00
9.412782442352309875e-01
1.087147161430378928e+00
1.140111829154603518e+00
1.333951201132986819e+00
1.611272918437487212e+00
1.634638450672178722e+00
1.465069642961698060e+00
1.300282154509589283e+00
1.294177231960008223e+00
1.162293042689901190e+00
1.191937916869244773e+00
1.079010366194444570e+00
1.096224752811610470e+00
1.085600201483382765e+00
1.029687855773611327e+00
1.119134255476744055e+00
1.220902140673558511e+00
1.147789338947321047e+00
1.421918241749369649e+00
1.293341222675087110e+00
1.296827146781361018e+00
1.409771068373873559e+00
1.303755897426715826e+00
1.467245825742751641e+00
1.377901895631982621e+00
1.196625263993009058e+00
1.328106825269360858e+00
9.852757065833425143e-01
1.178653729770603675e+00
1.101086674539917487e+00
1.311745120155844768e+00
1.324533202983062763e+00
1.165900756647806125e+00
1.160173701195069684e+00
9.984163959328067328e-01
1.203374499938075326e+00
1.074422458607519948e+00
9.782857807000104877e-01
1.041201697103461221e+00
9.863595198755059634e-01
1.222576459714875607e+00
1.820078751139441398e+00
1.622045242873871418e+00
1.579241038890347060e+00
1.414293414299810703e+00
1.113982629081861964e+00
1.120546984438731242e+00
9.613515997390597034e-01
1.327634407885359025e+00
1.201504327852991327e+00
1.088076420394425536e+00
1.096283396294609469e+00
1.340307198730130267e+00
1.074231888691758341e+00
1.488372260010480730e+00
1.407746801840026762e+00
1.545506541004254553e+00
1.595275688643340573e+00
1.987585925323724467e+00
2.132624399219933409e+00
2.481466146661680749e+00
2.218919989975005169e+00
2.309562468293852699e+00
2.155399398537855671e+00
1.897227308042581218e+00
1.769751283417717147e+00
1.409415846649126447e+00
1.432258161499937454e+00
1.159445082869215993e+00
1.705046058531065389e+00
1.880447638882056571e+00
1.724333660912838573e+00
1.521739946061252624e+00
1.724375892677851629e+00
1.730831807564819691e+00
1.742252870851707547e+00
1.389526528167985830e+00
1.469094234116688602e+00
1.765902474120301768e+00
1.350997134115695442e+00
1.658544510401508632e+00
1.832571335218780906e+00
2.195424937892095141e+00
1.736267240653636357e+00
1.569003604358227832e+00
1.566204457366605851e+00
1.514878488423039293e+00
1.779736418984266821e+00
2.017242351712617232e+00
1.594367624082529744e+00
1.705642929752488657e+00
1.620341024406484198e+00
1.381447898426115595e+00
1.339215015090375660e+00
1.683413581112404245e+00
1.735169015906277146e+00
1.909168794692960525e+00
1.735581038110508789e+00
1.902646362138592728e+00
1.713429540362375825e+00
2.105985691453481579e+00
2.086114460047467478e+00
1.730681940608653324e+00
1.904460704656544712e+00
1.757966696672623730e+00
1.742999817124925022e+00
1.960211830835246971e+00
1.747915634699821030e+00
1.815891932225883965e+00
1.662638339189916215e+00
1.430943607234081982e+00
1.370410479123393976e+00
1.576492041516317721e+00
1.822731935555735205e+00
1.435091392768132579e+00
1.441573241377770653e+00
1.687383465877545063e+00
1.857461289081750344e+00
2.131504002710866708e+00
2.208403394008456200e+00
2.325168716071936981e+00
1.916755050993530718e+00
1.535056336909210950e+00
1.564419601913559665e+00
1.714730283177529291e+00
1.771249085698693548e+00
1.735819726935019292e+00
1.304832803293592747e+00
1.756847871231262292e+00
1.449983171701283657e+00
1.407658367255670839e+00
1.335082622947224129e+00
1.354029839079644137e+00
1.427854862558571636e+00
1.164700097654834288e+00
1.237751544114159552e+00
1.324644629107595506e+00
1.341847597768573763e+00
1.855790456882977058e+00
1.506607251335815079e+00
1.632487716826570123e+00
2.089038186705418632e+00
1.896057776360770664e+00
2.319181654920671409e+00
2.551362869835631653e+00
2.052841950307459307e+00
2.174646577668454484e+00
2.345356012218936748e+00
1.952222345406502413e+00
1.889983907475592417e+00
1.649878114250519445e+00
1.844336587185030574e+00
1.693468774604469873e+00
1.476311681575404933e+00
1.287825381737503383e+00
1.500754249024461640e+00
1.665059591703188957e+00
1.652262806587316391e+00
1.523500344825913455e+00
1.629413113468445307e+00
1.745674960435898315e+00
1.769851969201619912e+00
1.496908427001875985e+00
1.350708189147293625e+00
1.453996931222663713e+00
1.827072370638147536e+00
1.798274481453866258e+00
1.720601160370048621e+00
1.670400846262252603e+00
1.628221948910344441e+00
1.469025926787845604e+00
1.574012954057343983e+00
2.109418332628736792e+00
2.033413014919035700e+00
2.187009587692999357e+00
2.205263711810033112e+00
1.621383624884857655e+00
1.554813910769707430e+00
1.411648999837096907e+00
1.310952340036217301e+00
1.332540692473469068e+00
1.591855742632559467e+00
1.699598393949808273e+00
1.679028820107150599e+00
1.699680147577677936e+00
1.783283903033799467e+00
1.706790648189050463e+00
1.721539344899511548e+00
1.636959443814924420e+00
1.336833236820600179e+00
1.546458746538649009e+00
1.598732531457432993e+00
1.312614973513367644e+00
1.174640652332585633e+00
1.743195479105873691e+00
2.159550021656681196e+00
2.170503893919972782e+00
2.148936956274508869e+00
2.311700967751789459e+00
2.569978853146290376e+00
2.345310035442008889e+00
2.456740733478655070e+00
2.345950974711220827e+00
2.081943338851192316e+00
1.975590345878918130e+00
2.135113438731150115e+00
2.051624843362462425e+00
2.065095877024687443e+00
2.136699224960565857e+00
2.130816206274162017e+00
1.853607465662126419e+00
1.627803689713958946e+00
1.484905563144567564e+00
1.389443247681085847e+00
1.356183312727806012e+00
1.706434757403392233e+00
1.301703626784983081e+00
1.225011804214760858e+00
1.505967167404889784e+00
1.175008157909931183e+00
1.055199576394549643e+00
1.335431564432983054e+00
1.163588538920387050e+00
1.107127559189569732e+00
1.389029951733266710e+00
1.567177522227633624e+00
1.611148303947171456e+00
1.655391701266380355e+00
1.432939171876925988e+00
1.081456412763398545e+00
1.095417809508973717e+00
1.117061654026926254e+00
1.057687419951809371e+00
1.428128024864053103e+00
1.287867904260224128e+00
1.257713519048542672e+00
1.179465680950812168e+00
1.180377444291642153e+00
1.037351213707761843e+00
1.261687718523280211e+00
1.077171521689037403e+00
1.177756102224770673e+00
1.088843810689924529e+00
1.115355818814662836e+00
1.256782487864165132e+00
1.319384487889288415e+00
1.477991864784037546e+00
1.317402363342652372e+00
1.448067894357562890e+00
1.426608148706350887e+00
1.130442388278697141e+00
1.141630281893678767e+00
9.686629397319551638e-01
1.093702145701194173e+00
1.344061692522875884e+00
1.361332822277240506e+00
1.433174265248057244e+00
1.295590879990251576e+00
1.590653839205106834e+00
1.534178105652852508e+00
1.580689513985296113e+00
1.929220943613785266e+00
1.932091585683936019e+00
1.557061747905638116e+00
1.534839717680104965e+00
1.256383209982561810e+00
1.449559211209199061e+00
1.785991471693389787e+00
1.788057150268557827e+00
1.899073623877935990e+00
1.489877621686291453e+00
1.914619727351162926e+00
1.906416742555810062e+00
1.816979917314554216e+00
1.831708109671467355e+00
1.956014388301983375e+00
2.429422194434369242e+00
1.781045721892026812e+00
1.802759587578246503e+00
1.773411620768742480e+00
1.855006836509503820e+00
1.765283413379115096e+00
1.576449064214675788e+00
1.458345346692479616e+00
1.698182371302855209e+00
1.189463240020699919e+00
1.318724025867525906e+00
1.221567421895930039e+00
1.288475547104845909e+00
1.435508726993647510e+00
1.381849407243270100e+00
1.817177221984183966e+00
1.883606005036491560e+00
1.426129173616511370e+00
1.444367879047730563e+00
1.466283933436023146e+00
1.249803711145854201e+00
1.115625027285728432e+00
1.220727882199566849e+00
1.116130294638194576e+00
1.497553271050023449e+00
1.159184405345442093e+00
1.228235716577853021e+00
1.066248980693874415e+00
1.013186028885458612e+00
1.407114844108293017e+00
1.326605741677822747e+00
1.463273845970669562e+00
1.424159019563973949e+00
1.571124893893018459e+00
1.172414487024278529e+00
1.252260525043596529e+00
1.157875178765780610e+00
1.376444758798836876e+00
1.375574034991288164e+00
1.293190518921130128e+00
1.447820296170488463e+00
1.356108373550667379e+00
1.200525065973207406e+00
1.254568197490097736e+00
1.244450289457814218e+00
1.025662276965800812e+00
1.123740824973639141e+00
1.173536537553162562e+00
1.228480082655778460e+00
1.241671410589751501e+00
1.186134690844138140e+00
1.355683937289688501e+00
1.199394146532870797e+00
1.095934304417619076e+00
1.297242979881437108e+00
1.188123682664724567e+00
1.169699537308921178e+00
1.349197795935542787e+00
1.378987939662281059e+00
1.556917514268335800e+00
1.689038764244019220e+00
1.720180494960812156e+00
1.698677158107653185e+00
1.508551582413719006e+00
1.367490393551209271e+00
1.456575188088895967e+00
1.190688149407036045e+00
1.376124996767150277e+00
1.039096215051743322e+00
1.066764857735714722e+00
1.008030995527071871e+00
1.133049616843579521e+00
1.281098836764699378e+00
1.251258834109679530e+00
1.086346310218904376e+00
1.071785615533902725e+00
1.297761659377134613e+00
1.356027305871393196e+00
1.511566332926094880e+00
1.481244132367882882e+00
1.653370717002410561e+00
1.724395716223610098e+00
2.052429051540454630e+00
1.953965850478622812e+00
2.153699146608128334e+00
2.101643819018984782e+00
1.576190389365014433e+00
1.639390896673539988e+00
1.655733842768636777e+00
1.080406037384866957e+00
1.405776305189415210e+00
1.535252365238615413e+00
1.360780294241637822e+00
1.886399670031714271e+00
1.996944833911409978e+00
1.979940792581055042e+00
1.467187337640198042e+00
1.403794206028824876e+00
1.663129669327465976e+00
1.354340511115792456e+00
1.478276578999349056e+00
1.348625076244249765e+00
1.372298818764280837e+00
1.598430059119051228e+00
1.382782687297334334e+00
1.350264386828496255e+00
1.005215250293878482e+00
1.218149462724183785e+00
1.217639187210067142e+00
1.231131127606363007e+00
1.652664627986959678e+00
1.535360871312850595e+00
1.850929656813403712e+00
2.231461176927064471e+00
2.323565153423457375e+00
2.118689568405623724e+00
2.098773615837644879e+00
1.923042268668538002e+00
2.241890945607897923e+00
2.472552172617660915e+00
2.073312706835585217e+00
1.663369630476704275e+00
1.827110584473149224e+00
1.768037364738270556e+00
1.594366870220718990e+00
1.157313255429255783e+00
1.128449797114275510e+00
1.178842492459695857e+00
1.659439632561150679e+00
1.494418969383451090e+00
1.526609599114877813e+00
1.309789747586082242e+00
1.040585639126843764e+00
1.120557341354955661e+00
1.046241352974232486e+00
1.085170761398270844e+00
1.103591645540253907e+00
1.245090851476850613e+00
1.100324822832858152e+00
1.249356866820538592e+00
1.214253916418100765e+00
1.532759687404560367e+00
1.344583938189566119e+00
1.214881386757838078e+00
1.284098180336368689e+00
1.061208539354624447e+00
1.079312248336958380e+00
1.018887548233066154e+00
1.046080051826315360e+00
1.189768933007715912e+00
1.031320193435203647e+00
1.221141699262776159e+00
1.338147110844476462e+00
1.892644729625684086e+00
1.639815912609245974e+00
1.595325914742399931e+00
1.651250918678463853e+00
1.549439680628407423e+00
1.246221699978647290e+00
1.041991127676438422e+00
1.168775600207569321e+00
1.491310619671627036e+00
1.983656282412239236e+00
2.142913437307636393e+00
2.110342842568639021e+00
1.855901440202717190e+00
1.806967828987595226e+00
1.605173229684963676e+00
1.572430055666806492e+00
1.173862607550843817e+00
1.055937756857446841e+00
1.192716746609252532e+00
1.254226987008167704e+00
1.134599994415049329e+00
1.529817916844647518e+00
1.497135651770599374e+00
1.473614902236277224e+00
1.235161191121046498e+00
1.400813496592470786e+00
1.229847871343488386e+00
1.307798057048798590e+00
1.402673059009867940e+00
1.660690873129130996e+00
1.733556609936155901e+00
1.582922004746466715e+00
1.588048337223280537e+00
1.533621831905811472e+00
1.658816332821115402e+00
1.808859644177145398e+00
1.757257621104751255e+00
1.492246169498287811e+00
1.530389920147942728e+00
1.600132326617128120e+00
1.727842482453082695e+00
1.461967067658145769e+00
1.896446629992840416e+00
1.772780374098226863e+00
1.801894705875148661e+00
1.902790329897849464e+00
1.655365067453509642e+00
1.587446622265724416e+00
1.321665655800009720e+00
1.330793012392124552e+00
1.482381790298328506e+00
1.195644384701410656e+00
1.811728543401200930e+00
1.545514945980962063e+00
1.397235482846393984e+00
1.626337180183201614e+00
1.400756610565734528e+00
1.394485992055520818e+00
1.269024959154778198e+00
1.082705048682335525e+00
1.210266889274374202e+00
1.005897311664875060e+00
1.039864917075355777e+00
1.505272174493704762e+00
1.210602441772031135e+00
1.290958100397292529e+00
1.867235480058409891e+00
1.836902589626491666e+00
1.424826184647628002e+00
1.318573195698801603e+00
1.972214238153989996e+00
1.762624913652273806e+00
1.688833774954716649e+00
1.588857226422821123e+00
1.879001624289928563e+00
1.843332649844600546e+00
1.852297585529239843e+00
2.119959340146245985e+00
1.742966794367416306e+00
1.533247907352264683e+00
1.126655083483419695e+00
1.421448604269443194e+00
1.444475818962168479e+00
1.600914184553952513e+00
1.893140447160395201e+00
2.173450242505839736e+00
2.343467586444483164e+00
2.222374425906857187e+00
2.032950719725091115e+00
2.191857978511535077e+00
2.115469675335371669e+00
1.953489228542525158e+00
2.115656272963478912e+00
1.913643633862290860e+00
1.687129549218001845e+00
1.387414034875420255e+00
1.707645440107017798e+00
2.030412817203633757e+00
1.808490083267309423e+00
1.618538879391334895e+00
1.265654905697119581e+00
1.265719115354268176e+00
1.478363560864822235e+00
1.255679098382220804e+00
9.293153252554123833e-01
1.132627632737079448e+00
1.108643372048894626e+00
1.149501788606483776e+00
1.381968367340704162e+00
1.040558772921448716e+00
1.177806240321325637e+00
1.127413858773245181e+00
1.239347250803209288e+00
1.695280763684677172e+00
1.464746312512018811e+00
1.335211608197230726e+00
1.511817859434558819e+00
1.637205207219827763e+00
1.784016135081639254e+00
1.680602295841739924e+00
1.377539145336691195e+00
1.159147125317159910e+00
1.146433313631197715e+00
1.162956118325070509e+00
1.205908297099726578e+00
1.067665424527886486e+00
1.104359979440235451e+00
1.269171214909913248e+00
1.518887593765063881e+00
1.625456652480710806e+00
1.660125987333914033e+00
1.553793796723741849e+00
1.410537263286611331e+00
1.794294045859177844e+00
1.833184330109822957e+00
1.591171911898442426e+00
1.272924418995245111e+00
1.432545283415037396e+00
1.903129496376787744e+00
1.790655091817908051e+00
1.314097061987348436e+00
1.260031300297217438e+00
1.332531169376870217e+00
1.136051805145445348e+00
1.078883853775815416e+00
1.421111437175564429e+00
1.313769581424180544e+00
1.388324537484053600e+00
1.495292569900174007e+00
1.765396962462571828e+00
1.302775190109194181e+00
1.522489072194705972e+00
1.823719597033998996e+00
2.215117643782090973e+00
2.002014673538503597e+00
2.102486819352932024e+00
2.212696040794913444e+00
2.174121155483681900e+00
2.256921722348141479e+00
2.159794550756947373e+00
1.893365339042407003e+00
1.770831218071175162e+00
1.403099774246410192e+00
1.588875578457972670e+00
1.567516254740270343e+00
1.206352012850219202e+00
1.142657161974279800e+00
1.180974608366769374e+00
1.106249891601375879e+00
1.335413984294693712e+00
1.617919622702127969e+00
1.782095396879526339e+00
1.679854255313711242e+00
1.388924040859544240e+00
1.738883561843278747e+00
1.410727009956182165e+00
1.712084478667038612e+00
1.641208084460865413e+00
1.856384864485929542e+00
1.712674454512105315e+00
1.515820544597942687e+00
1.398171928768058292e+00
1.274918411129286389e+00
1.326156023943344531e+00
1.293588346369895170e+00
1.557013716584839003e+00
1.478332608206337939e+00
1.213905292525389257e+00
1.320504257403654957e+00
1.498011934852537363e+00
1.731029308944526779e+00
1.874856013906903263e+00
1.437717783020586948e+00
1.244722825861575677e+00
1.271886549578538084e+00
1.290755602197517504e+00
1.273442618998661402e+00
1.236026397258359388e+00
1.347808569196437656e+00
1.591338664338517672e+00
1.742148992601335156e+00
1.819609895157883406e+00
1.345559099268344383e+00
1.335712020251639265e+00
1.322733230770253732e+00
1.473810292563720425e+00
1.110333224086724302e+00
1.380994413077168970e+00
1.293862371146090151e+00
1.723167831272721662e+00
1.896600858927366406e+00
1.665328052212674770e+00
1.078469520676902382e+00
9.980166791888045452e-01
9.652686943512291950e-01
8.969460740258533571e-01
8.975670160083307758e-01
1.089081376344637642e+00
1.242372694838290936e+00
1.051154392418369721e+00
1.058441380900190465e+00
1.026879387746330030e+00
1.069344241827412612e+00
1.248419559733607409e+00
1.066472775478773505e+00
1.598226231256595353e+00
1.568039594302862438e+00
2.211473562164678608e+00
2.302941606986619760e+00
1.856074634082868657e+00
1.792245356770295395e+00
1.468888059916763078e+00
1.706408748140189946e+00
1.363668685011982351e+00
1.582459048040905758e+00
1.161706493392871353e+00
1.407031063038526986e+00
1.180789084131594446e+00
1.180251101332958186e+00
9.777836216904414179e-01
1.164980013073559473e+00
1.321992807169417583e+00
1.300895270583981578e+00
1.353844205337681794e+00
1.353833836118659706e+00
1.708013192249806300e+00
1.946664706270689882e+00
1.678077198797604197e+00
1.168777289430468880e+00
1.113111477302279440e+00
1.405223340946377020e+00
1.109358751189824188e+00
1.042539617995059675e+00
1.174187120093686199e+00
1.288513490200604572e+00
1.180468531790188624e+00
1.491609438514021058e+00
1.607704870761551108e+00
1.654852331509805596e+00
1.762539371898799168e+00
1.729948200227166444e+00
1.524107440784452816e+00
1.541412355025831182e+00
1.814615105946632445e+00
1.784137716221106729e+00
1.502333498355222785e+00
1.685502702412637888e+00
1.303878597715401710e+00
1.382624800463357007e+00
1.723524482428726579e+00
1.809539824309898126e+00
1.737575953961518538e+00
1.701042257782369838e+00
1.703183372493390024e+00
1.548509385613077605e+00
1.844608266752048253e+00
1.400883849483154364e+00
1.898087387990866848e+00
1.796702589862319899e+00
1.556223707124654076e+00
1.417324283289286058e+00
1.373844564919783906e+00
1.318229049161091959e+00
1.447806217240259929e+00
1.593784433426456149e+00
1.492194459865304079e+00
1.217099742177207178e+00
1.252322418839607154e+00
1.149505679223576049e+00
1.658711223210475927e+00
1.590884824878807002e+00
1.638813647676753860e+00
1.398406668752186555e+00
1.424706419789144807e+00
1.243106950983044801e+00
1.390573917677094151e+00
1.290081771260418231e+00
1.629299848354371694e+00
1.657017995324878257e+00
1.273064420471875291e+00
9.979946409149523801e-01
1.167273568162057407e+00
1.637474419324414843e+00
1.769174527586912182e+00
1.455929777217519039e+00
1.575746542702895159e+00
1.446141346845549069e+00
1.295081040963100172e+00
1.153493818493897427e+00
1.443493339936826381e+00
1.430942161010202218e+00
1.326768188638854040e+00
1.257449551699514334e+00
1.161668555996809848e+00
1.463252435505906890e+00
1.606648686977817153e+00
1.472332638147704875e+00
1.403454738936798618e+00
1.432128488801454935e+00
1.385244381130114499e+00
1.757679562829621789e+00
1.427743782726775157e+00
1.205884279854500418e+00
1.202780201100538182e+00
1.192581503371980656e+00
1.273774569122036127e+00
1.258032232870209155e+00
1.243903217939068107e+00
1.202319588841066933e+00
1.662269880511084708e+00
1.721207069207805418e+00
1.836803007335349625e+00
1.868107426647801494e+00
1.730750782223799078e+00
1.434691057642079048e+00
1.454889726564668528e+00
1.242978257882438875e+00
1.032715051484884183e+00
1.136303349599391055e+00
1.117862403558617101e+00
1.232566325580464639e+00
1.265847021002752815e+00
1.312527752172839568e+00
1.447241299373923429e+00
1.490092759855476956e+00
1.312021227263102885e+00
1.258346673455760234e+00
1.373535817713247509e+00
1.131995038750597926e+00
1.278942961641388321e+00
1.450079061928929214e+00
1.161681675765661614e+00
1.105609021973201767e+00
1.103957987066930491e+00
1.299312851144027725e+00
1.108554062239116567e+00
1.143715920600587355e+00
1.200046631257854157e+00
1.295196509177502620e+00
1.739080466195531249e+00
1.784083826430928887e+00
1.718855630108782506e+00
1.846392170709375335e+00
1.388233190432477837e+00
1.154567118767473977e+00
1.235739524232667641e+00
1.208496091960076457e+00
1.140701684657780435e+00
9.599773304904077875e-01
1.046949645619227542e+00
1.364901193886322917e+00
1.378342032171179898e+00
1.173243283869321418e+00
1.337585551517583182e+00
1.037721603952904470e+00
1.218241148747083669e+00
1.210859892887174327e+00
1.089366184273712568e+00
1.273397550075064055e+00
1.442135904874945584e+00
9.124807733055932957e-01
1.042252575809246684e+00
1.142598362611725094e+00
1.049966329662995967e+00
1.196830345244983329e+00
1.322189391083322008e+00
1.064874153524843825e+00
1.473174775921177293e+00
1.406991993449801415e+00
1.128380122611205572e+00
1.247370095889542618e+00
1.392401206477505315e+00
1.599142569073342512e+00
1.539089033535395501e+00
1.554438508748155812e+00
1.765393491635136147e+00
1.887501439581776852e+00
1.560120861020269256e+00
1.401369970338711468e+00
1.193814663827714062e+00
1.419982061323182387e+00
1.254948547165324113e+00
1.215814375659612923e+00
1.193621670831274795e+00
1.260802841041617661e+00
1.225638889201789095e+00
1.308745284360652406e+00
1.246929775622945380e+00
1.278709332433050294e+00
1.256017301389321661e+00
1.736436239463639453e+00
1.584194470441084412e+00
1.423566837992188416e+00
1.415155286954183023e+00
1.410545562134248421e+00
1.355521779044007058e+00
1.667845630987032868e+00
1.164461577609872789e+00
1.183494284160069077e+00
1.307843748349068358e+00
1.522685022075808803e+00
1.199195927306603959e+00
1.476892225571543982e+00
1.533388316501245185e+00
1.368934961848450982e+00
1.256326825349983523e+00
1.338102428878986672e+00
1.679172292095637120e+00
1.459085582660073044e+00
1.393112821502075604e+00
1.499761044972932389e+00
1.448254092443161722e+00
1.336179984911932461e+00
1.420907264958806815e+00
1.432256488592608346e+00
1.257040880434998176e+00
1.362332423658501490e+00
1.271705490950861162e+00
1.293479970475004626e+00
1.396775904914957067e+00
1.359781266365386543e+00
1.285799721734963263e+00
1.376870968356517011e+00
1.202681104025275838e+00
1.210894517813408289e+00
1.036976337480772781e+00
1.262003261603247495e+00
1.133084663639931877e+00
1.660215583549759621e+00
1.456130718192057305e+00
1.347347548392884287e+00
1.704536647799054228e+00
1.817033309638824479e+00
1.521086025172301959e+00
1.345097314167691405e+00
1.612025056376755305e+00
1.903063258780207434e+00
1.776755643426523479e+00
1.385376745246507779e+00
1.793338533382399680e+00
1.547618027014024955e+00
1.646060659604407839e+00
1.812490636227094498e+00
1.964900218285638989e+00
1.868672685664916289e+00
2.312663169999588320e+00
2.077083934521525510e+00
1.942312649636251720e+00
1.762221819615640506e+00
1.756573419349890974e+00
1.800035887482697383e+00
1.270763313824526008e+00
1.095321914511110606e+00
1.270514112123786843e+00
1.392888334274852591e+00
1.438214786347058904e+00
1.564601240105615743e+00
1.674798019708233499e+00
1.940243137417285268e+00
1.599066333976116860e+00
1.350077156542609513e+00
1.327045006354668377e+00
1.335787471548359084e+00
1.403731661296068411e+00
1.727801981198161529e+00
1.499388379865298937e+00
1.756177460514048994e+00
1.806542048498163355e+00
1.683347108888467281e+00
1.524656946624637133e+00
1.392475358921290152e+00
1.539026456413592037e+00
1.309011921351875829e+00
1.790180957654436966e+00
1.648855698262245317e+00
1.856335340897099062e+00
1.629100269805190182e+00
1.939961986164966179e+00
1.534241031441058833e+00
1.463451802861650997e+00
1.488908466369208705e+00
1.311208565668084525e+00
1.499345493417577613e+00
1.152007673909372532e+00
1.258647159402465299e+00
1.231255885903802527e+00
1.351941189711881819e+00
1.135173625211813864e+00
9.654176446650851728e-01
1.320855519541165535e+00
1.450664316638913931e+00
1.338561447098030710e+00
1.223804331139886736e+00
1.374183814389538627e+00
1.214970166282806296e+00
1.274993090060804191e+00
1.326587254648633252e+00
1.472693395457219001e+00
1.413410691187180657e+00
1.204390465491849582e+00
1.354707204614198801e+00
1.390881507173139742e+00
1.590590987433876169e+00
1.608647970580224795e+00
1.244460502881945985e+00
1.372800079376230942e+00
1.810654581082679959e+00
1.784847825971229485e+00
1.884295601356181571e+00
1.757018171185860567e+00
1.710132347217409921e+00
1.511306199233441783e+00
1.573810445138645875e+00
1.760673428733010581e+00
1.699193757240758051e+00
1.806798626449722223e+00
1.684201911773097082e+00
1.991169501234575367e+00
2.024861216773309547e+00
2.116453674316342681e+00
1.731354919297685813e+00
1.736976387490882123e+00
1.451401184213462869e+00
1.275863197318945597e+00
1.451523751652872063e+00
1.438764583174873435e+00
1.012180112541795962e+00
9.932927906683357566e-01
1.078045327502054063e+00
1.120255949097406889e+00
1.134351318179400270e+00
1.373927301087857877e+00
1.195623680390139221e+00
1.228528951727657414e+00
1.338048157769209601e+00
1.404493430576760460e+00
1.323766657049311180e+00
1.372755493815508210e+00
1.759910551764255260e+00
2.000686838823536373e+00
1.556761582009299261e+00
1.475883863515502714e+00
1.758784956859753112e+00
1.831691465494864834e+00
1.506251025566490487e+00
1.602232905403748964e+00
1.401267835613699386e+00
1.471281504997910439e+00
1.257647989585533921e+00
1.243293653575864077e+00
1.299053449252602910e+00
1.852610099152804501e+00
1.570344632936167661e+00
1.422913805859529868e+00
1.498873477861514258e+00
1.414871781422451846e+00
1.469110363674727582e+00
1.357886516505531382e+00
1.548006957721749455e+00
1.838254860916191724e+00
1.491865975401518885e+00
1.423542135795571539e+00
1.718116255063164788e+00
1.364567242073050135e+00
1.339232942778128876e+00
1.392181150077755003e+00
1.250953596961857706e+00
1.250435940505298049e+00
1.821651759200601850e+00
1.752469927581917553e+00
1.776618476634634014e+00
1.630645768096678827e+00
1.414497590408970051e+00
1.422897431041850069e+00
1.388136571162475796e+00
1.222823014063768809e+00
1.269462690303277741e+00
1.214392048467194618e+00
1.282996481986368842e+00
1.633641104764006036e+00
1.491038499191841060e+00
1.484994369151906302e+00
1.457226560601160514e+00
1.807521822554755353e+00
1.545010805995234993e+00
1.531981636300619343e+00
1.548433809996424326e+00
1.481508094625195726e+00
1.413149040966145353e+00
1.334132010393543233e+00
1.066381443269561302e+00
1.257929875228494865e+00
1.207876835225414558e+00
1.372532297077990293e+00
1.059363251635423664e+00
1.240287838538692844e+00
1.142613357489509429e+00
1.485279338201143773e+00
1.650901699341234652e+00
1.703420973051880116e+00
1.618758818834924895e+00
1.650501056499277031e+00
1.594170965431061626e+00
1.686659153620037488e+00
1.642585775666479897e+00
1.495004380449326042e+00
1.409687720421495261e+00
1.558117508872865153e+00
1.311659043450577045e+00
1.489878339187607814e+00
1.237573145842550293e+00
1.425882401378767206e+00
1.568331274267176889e+00
1.823662979387998817e+00
1.551880060564315933e+00
1.487694980658395894e+00
1.141652156914676697e+00
1.664550250447777380e+00
1.359048308674908112e+00
1.466388871379488812e+00
1.434766248878665884e+00
1.411904485210011329e+00
1.162449916579697984e+00
1.303844038827787211e+00
1.697981188951535492e+00
1.904523887861088616e+00
1.798164886227335835e+00
1.485124254371396946e+00
1.677206316352201076e+00
1.768526249235146786e+00
1.731485257117334031e+00
1.572447210085432978e+00
1.479444430361579466e+00
1.336420381855560890e+00
1.681381615222660164e+00
1.540009728823899415e+00
1.498629356167839433e+00
1.162030243470489888e+00
1.228358505917288790e+00
1.022817680411706620e+00
1.199720956724132481e+00
1.296832112430501782e+00
1.479500021770146390e+00
1.336206405348881132e+00
1.436997476300985621e+00
1.363964384112421380e+00
9.939012757428239420e-01
1.245849727769794191e+00
1.821659864663537576e+00
1.930718523641783424e+00
1.932095210078943470e+00
2.170954780708042264e+00
1.774232879603906632e+00
1.415416671818966021e+00
1.584698894490541798e+00
1.123588738107039298e+00
1.156482195576979732e+00
1.025738703232968119e+00
1.079276908837851101e+00
1.045364887413050337e+00
9.606257992853328709e-01
1.287735644266104096e+00
1.128741246718465208e+00
1.275004754461104728e+00
1.123924259998298592e+00
1.125337679264052593e+00
1.614205555423189331e+00
1.652900901683710844e+00
1.587035399699904481e+00
1.489306735403800985e+00
1.775078657599386212e+00
1.791093801682511533e+00
1.908041300749666380e+00
2.445186261669734407e+00
2.150589361417623024e+00
2.377863412195325932e+00
1.748125400481309599e+00
1.969743023349434852e+00
1.816074900375644008e+00
1.762183998304896582e+00
1.543201068172138202e+00
1.726848978424590841e+00
1.596936849668499248e+00
1.926040749126045615e+00
1.715039299322446809e+00
1.541217343589674771e+00
1.840710436666409100e+00
1.837439947315917088e+00
1.796257217980258503e+00
2.056333510626920269e+00
1.745286610700943486e+00
1.541688858980977184e+00
1.785079336761377977e+00
1.832335001132459729e+00
1.734366423358141063e+00
1.694583030720302919e+00
1.657086802669153869e+00
1.813503777212501777e+00
2.127059907373245018e+00
1.856589456314895914e+00
1.865933335366991130e+00
1.709036601951793743e+00
2.035985801206464441e+00
1.948751102707436900e+00
1.955980279931079480e+00
2.086164098761419616e+00
2.004327234334974950e+00
1.476735583480534908e+00
1.327693096379707782e+00
1.284835056476847592e+00
1.272917179631952944e+00
1.320712050786027048e+00
1.552528108761154435e+00
1.304924844466373024e+00
1.220899838113241875e+00
1.393796137259186496e+00
1.224103938392856250e+00
1.289532996292785949e+00
1.155605646159350242e+00
1.151381489391123614e+00
1.026632525982592581e+00
1.275010583413515697e+00
1.267828225568823797e+00
1.462179800235221538e+00
1.233489604466045941e+00
1.497279869045989642e+00
1.578331945900231403e+00
1.912307478997230525e+00
1.834318882744836676e+00
1.805803172270374013e+00
1.837153180095303817e+00
1.622289997136295625e+00
1.248266360318797341e+00
1.268980137777051098e+00
1.246839340616893832e+00
1.364981688024904827e+00
1.214781857694113398e+00
1.341857187440647081e+00
1.075634558163345522e+00
1.271566411625991488e+00
1.702740815495033644e+00
1.405907589984220163e+00
1.514852226690433845e+00
1.533872852255126595e+00
1.632366387306746880e+00
1.446679730037147005e+00
1.734307922155032600e+00
1.635395223587037039e+00
1.083710052477808938e+00
1.072941205428947553e+00
1.361615510725586731e+00
1.520607458799909661e+00
1.734443724046013546e+00
2.456092836268323865e+00
2.268865397877151135e+00
1.725378244761497371e+00
1.915079156789530446e+00
2.034703918252055654e+00
1.834676263961888099e+00
1.466733059195455269e+00
1.302220764437781009e+00
1.160802424922784182e+00
1.341041984416035504e+00
1.501550115337884517e+00
1.702408108858552538e+00
1.995296650818326079e+00
1.994032267359335142e+00
1.725763748030624711e+00
1.410882865162984778e+00
1.177016374483419003e+00
1.207534799604964126e+00
1.088813626833548431e+00
1.346128621616231813e+00
1.192920820293053685e+00
1.286851158746753265e+00
1.178391401437006492e+00
1.147930446746273425e+00
1.561211085536664100e+00
1.888197606323606337e+00
1.967155994844665301e+00
2.063404422934004945e+00
2.104017704010116230e+00
1.927534492877326144e+00
1.931318612719941541e+00
1.434317689575818511e+00
1.437775697465739189e+00
1.514340736265740617e+00
1.428205366234925888e+00
1.272816596223546259e+00
1.310529388623354219e+00
1.674696522859145276e+00
1.681951619187744829e+00
1.671582201589688843e+00
1.699152397649129176e+00
1.045719717607940691e+00
1.118455260142227736e+00
1.143456090024072003e+00
1.567530337840488341e+00
1.572709730547194873e+00
1.180029020230650039e+00
1.237556438517543711e+00
1.224355344966717940e+00
1.178617041519685049e+00
1.281607404948817086e+00
1.328124680818469905e+00
1.283244893455880220e+00
1.620869635234409190e+00
1.413603460603589879e+00
1.284199336440806860e+00
1.176197243957931127e+00
1.102667914415167649e+00
1.125228882827811638e+00
1.151671566368944966e+00
1.061084716952386264e+00
9.912486043519106449e-01
1.302081571131018300e+00
1.167885310508638197e+00
1.137298668186234485e+00
1.311863421649358541e+00
1.041343238431583940e+00
1.044100509018153211e+00
1.057607743819960033e+00
1.492500201845420538e+00
1.634794031203797182e+00
1.932947876205244331e+00
1.927634740266194857e+00
1.642419110614676825e+00
1.383562655582025513e+00
1.272061046202723311e+00
1.503966652709253005e+00
1.386113182236492269e+00
1.306693219119408056e+00
1.338229377904249340e+00
1.446878904665856780e+00
1.502418186810555278e+00
1.453333417353323220e+00
1.269288469382562345e+00
1.277580205633547905e+00
1.403442571008181261e+00
1.466392204232565888e+00
1.868428773098780304e+00
1.651812906917560886e+00
1.771507815103809724e+00
1.751454597062303442e+00
2.015672019884932276e+00
1.707295044234360182e+00
1.504381498919513227e+00
1.558817830864068998e+00
1.674934461358514426e+00
2.160127970843654932e+00
1.793126690997003614e+00
2.131080314945886567e+00
1.926713312795065081e+00
1.705668093563244669e+00
1.844921612750954898e+00
1.980289814295438156e+00
2.169086221456311581e+00
2.176747310045107575e+00
1.986856303135855484e+00
1.508161679887409123e+00
1.487238958162308666e+00
1.636577621757215439e+00
1.999972343681344356e+00
1.856704886023758494e+00
2.056226591436378204e+00
2.022771610644424456e+00
2.098005842537003396e+00
2.078526832416389691e+00
2.132849371591476029e+00
2.128935123631423121e+00
2.098276784814268492e+00
1.641712468182815243e+00
1.587585322768696461e+00
1.666340285027526846e+00
1.479377840176839376e+00
1.439243675585170745e+00
1.135232161034032350e+00
9.958455800429792948e-01
1.054507176928604517e+00
1.258057723203586331e+00
1.037024519848729787e+00
1.170528916365458416e+00
1.258830615411600906e+00
1.319237879469778996e+00
1.330768130655241244e+00
1.653099167717484663e+00
1.833525713382615940e+00
2.068506839494413274e+00
1.417268397664558810e+00
1.341784223913747631e+00
1.394793037579099781e+00
1.330781270001283545e+00
1.477282185832735628e+00
1.517577394827193116e+00
1.650244018061823859e+00
1.806023022002205769e+00
1.650152869935239908e+00
1.805518093110805466e+00
1.948370352270053063e+00
1.621144242107547928e+00
1.670244994152445983e+00
1.713618808485114720e+00
1.529438461940547000e+00
1.365779190174281510e+00
1.550247372407844715e+00
1.537428144691501020e+00
1.617831219270670973e+00
1.212863334017961092e+00
1.265334429243943237e+00
1.376403516959153972e+00
1.537742110953794761e+00
1.871561872938005910e+00
1.535953421074531144e+00
1.719308528314490658e+00
2.280903747650179003e+00
1.971175331462103886e+00
1.884726329602949724e+00
1.800342420718633818e+00
1.923705093632590790e+00
1.546452410737858552e+00
1.924349625612130410e+00
1.713426262296153801e+00
1.738840363960601598e+00
1.612158079364798713e+00
1.567508665558663639e+00
1.881133177185641658e+00
1.728655276086047188e+00
1.654855750342825615e+00
1.428247816321210450e+00
1.324473134611889646e+00
1.298773540412913263e+00
1.328732133356998801e+00
1.649070477208929297e+00
1.501912965914054654e+00
1.365411270674869781e+00
1.186501327029981567e+00
1.370430591482688198e+00
1.174826184302417031e+00
1.361629821031700160e+00
1.642082791174106493e+00
1.721831319859933984e+00
1.969779594526454680e+00
1.928501683605753136e+00
2.021466983439208942e+00
2.081157676484701735e+00
2.062396618605378151e+00
1.782008580464137015e+00
1.360777824080401821e+00
1.614715635816867945e+00
1.415057991828787554e+00
1.325198010861231346e+00
1.638396786109260761e+00
1.367326522841930458e+00
1.195215040747034996e+00
1.468879892825717626e+00
1.507659465131381271e+00
1.501617022941425184e+00
1.737007691993919911e+00
1.593281935203040067e+00
1.858740403624333126e+00
2.152409969367978348e+00
2.085254114259573743e+00
2.031945285870128792e+00
1.864811559572624677e+00
1.840589204402353296e+00
1.198504610444751206e+00
1.514660054730771810e+00
1.643095493119739237e+00
1.648814293140862253e+00
1.673223109952092447e+00
1.637915362123056218e+00
1.905439972943421267e+00
1.669710017238711153e+00
1.792901129841859120e+00
1.319650097656332122e+00
1.608979554025821379e+00
1.835596830581421202e+00
1.830065214696988907e+00
1.827584132472497735e+00
1.858973775825733199e+00
1.988512853180584461e+00
1.983357342076879526e+00
1.780009632398251940e+00
1.345355975548606864e+00
1.297249241005091980e+00
1.360351297713865648e+00
1.181891692664637672e+00
9.939841501551726077e-01
1.100899009291037123e+00
1.151993282662471918e+00
1.535137120241646835e+00
1.579194212914763362e+00
1.744524826614552104e+00
1.430527077341488429e+00
1.545595548575181333e+00
1.313681497244681751e+00
1.485516619870611121e+00
1.604594534777380677e+00
1.421719361664135040e+00
1.594600689404085836e+00
1.665969218869180146e+00
1.453000383534898354e+00
1.242384713900182902e+00
1.368716657568639361e+00
1.055730869839549557e+00
1.287318668017103374e+00
1.472238541583142712e+00
1.452359828812023190e+00
1.663915581658178766e+00
2.022569631278734459e+00
2.080265520461170858e+00
2.013890412259371043e+00
1.563596095962485499e+00
2.200559463569138341e+00
2.010959173765344055e+00
1.988230377621390987e+00
1.873653886123050727e+00
1.681255895915740872e+00
1.881026926517734843e+00
1.512129058467947651e+00
1.745060322269267106e+00
2.010625161948400130e+00
1.691806664616444245e+00
1.587746188973145900e+00
1.537611290392340457e+00
1.889031016545606123e+00
1.923343635624751968e+00
1.623075844245813970e+00
1.294973256173906240e+00
1.426842371295191647e+00
1.600687214537872549e+00
1.575190993522739502e+00
1.661714220939000786e+00
1.656723456701193697e+00
1.765529673237171693e+00
1.548292415375285502e+00
1.204413349599925409e+00
1.214589303132220577e+00
1.293712664567410631e+00
1.524902771056360073e+00
1.593630456862746625e+00
2.021612016578838489e+00
2.316168872140317969e+00
2.174419660266396104e+00
1.825774675013449810e+00
2.019708130874113383e+00
1.657699412827667862e+00
1.687147966890649720e+00
1.654916528264866349e+00
1.792664349931131440e+00
1.927432874259861428e+00
2.154144578911942443e+00
1.927014727425780727e+00
2.159891038424313514e+00
1.977650898165300042e+00
1.989471921158248335e+00
1.949257656343376555e+00
2.080790562310260494e+00
1.920543968304904370e+00
1.471637782592281951e+00
1.543979657384101367e+00
1.604602929931074673e+00
1.739761613628980186e+00
1.858301352063413292e+00
2.075157379492642118e+00
2.268832662724047378e+00
1.970235718218467769e+00
1.676163643730783193e+00
1.667316806808985419e+00
2.029181373324723037e+00
2.006955681924625701e+00
1.891133565105050707e+00
2.101239394901397883e+00
2.062080030487864146e+00
2.304138206799152488e+00
2.461157972401388783e+00
1.938790011502073973e+00
2.118580084283416820e+00
1.844999504290395054e+00
1.401710335857250245e+00
1.446727844510218519e+00
1.405533678032791389e+00
1.509345109743655655e+00
1.464347896517439462e+00
1.333979270451347787e+00
1.347963016177688322e+00
1.560597549162473285e+00
1.099996134068790932e+00
1.128020730867787647e+00
1.102882220490448928e+00
1.032853530459998614e+00
1.129289625891817472e+00
8.904187994451953081e-01
1.014394928782690775e+00
1.192332995592811917e+00
1.611687099134774037e+00
1.417324274309011978e+00
1.230210295934691667e+00
1.506795661321865598e+00
1.113366699560208950e+00
1.440060101176087626e+00
1.493411790350457347e+00
1.908520643359346680e+00
1.974569892539654425e+00
1.301174307187874080e+00
1.017335482633329180e+00
1.202684386600083144e+00
1.250320777780853376e+00
1.364274305923096842e+00
1.297200786440537934e+00
1.153666730226822867e+00
1.063039500857447139e+00
1.262409359166621670e+00
1.117577274438976698e+00
1.167475782951563179e+00
1.282714952276688747e+00
1.592049593984391498e+00
1.260683135085036488e+00
1.312646929816882357e+00
1.361338409530723048e+00
1.237639347960279856e+00
1.199562078907899343e+00
1.335089718744484344e+00
1.134750118396907537e+00
1.473135228425441534e+00
1.783937158996254047e+00
1.557846099316625432e+00
1.439688738568834836e+00
1.645969193662487839e+00
1.658775506642272024e+00
1.719051385951500865e+00
1.749657070213109566e+00
1.577850187610899013e+00
1.687742146207143357e+00
1.600333059101861855e+00
1.600557267396259808e+00
1.455005655257107122e+00
1.301444784010567624e+00
1.254754644656887130e+00
1.266645048631491077e+00
1.215337544081423360e+00
1.437242609883625732e+00
1.615422747266669123e+00
1.418437131070956703e+00
1.243981333232764053e+00
1.320045288889971191e+00
1.475208109259322775e+00
1.600469730117322076e+00
1.792202083215111319e+00
1.472419819038064404e+00
1.547029768511979153e+00
1.947426996895598394e+00
1.924410616718285283e+00
2.185844649039434984e+00
1.651946455575009853e+00
1.678756991451722191e+00
1.504838450944482098e+00
1.329131686490746755e+00
1.177608368318333820e+00
1.294121228619421471e+00
1.396737701731881387e+00
1.831127892497350418e+00
1.334626486936720813e+00
1.458954279975419155e+00
1.610402901496952754e+00
1.886521522797383943e+00
1.700452444947869957e+00
1.346222913862620274e+00
1.505256798643319627e+00
1.624139137318446835e+00
1.413643963300240447e+00
1.498255152985625616e+00
1.141039687106090383e+00
1.327174915923190035e+00
1.086383857849893220e+00
9.596519563537697639e-01
9.996427376114414010e-01
1.002795950378391421e+00
1.041608830146514730e+00
9.566532250220645128e-01
1.250798982565778594e+00
1.306451126016771269e+00
1.271933955697553298e+00
1.646437181174053466e+00
1.637751597499458756e+00
1.369299411647318498e+00
1.526632582665883087e+00
1.180158962207394024e+00
1.173883170904080897e+00
1.097703284469224938e+00
1.207799851499888000e+00
1.325701664265144020e+00
1.562812424772536346e+00
1.276864516857250553e+00
1.149791386302484453e+00
1.243077961508286755e+00
1.200098559810391485e+00
1.232167356209530329e+00
1.302778338165557326e+00
1.350090534006410881e+00
1.288954022447737158e+00
1.297183873336047011e+00
1.351123327557881337e+00
1.755963574975895503e+00
1.867263425206707517e+00
1.866907112207771169e+00
1.744077683080109908e+00
1.358568350078372289e+00
1.039946591832030309e+00
1.596938901145034118e+00
1.322519391834363844e+00
1.249297808397890286e+00
1.267537084159836569e+00
1.235808092174605299e+00
1.086794555141648910e+00
1.044790994582762700e+00
1.354741522293772205e+00
1.430253386391380888e+00
1.294016025063704278e+00
1.697619850201032010e+00
1.423267174397349066e+00
1.323188424186201750e+00
1.245227592556177099e+00
1.412636239596322341e+00
1.117235047284366845e+00
1.214239738247533396e+00
1.461545738423899676e+00
1.518116099759756477e+00
1.493762808600411773e+00
1.508024410788358693e+00
1.695528177967978722e+00
1.313042066068907721e+00
1.458435416625201597e+00
1.225276115424243528e+00
1.262976636821578902e+00
1.162632707884171168e+00
1.478251054140387266e+00
1.510268526727728489e+00
1.851522640637283335e+00
1.426410473820402869e+00
1.776233786272582993e+00
1.420029261335154613e+00
1.467958075665416917e+00
1.571451248524438737e+00
1.713266453064099082e+00
1.634960738704676064e+00
1.774943073106511893e+00
1.449505307023960521e+00
1.604713041108972948e+00
1.534002119535513131e+00
1.807846546396791432e+00
1.993108977101566870e+00
1.897484397735111017e+00
1.654126506782391148e+00
1.741480069013704224e+00
1.912324873397821534e+00
1.991749089087982316e+00
1.995336561171581424e+00
1.784537556429733884e+00
1.616858655655740495e+00
2.030750082821546343e+00
2.185558432204310453e+00
1.977641469111869332e+00
1.726712478438509279e+00
2.079266376210943790e+00
1.478434912206126661e+00
1.399675526162164729e+00
1.201637560318044251e+00
1.816077179682748399e+00
1.982670495726115423e+00
1.860895820858859739e+00
2.006114715374182733e+00
1.779542662827917177e+00
1.715333087062704598e+00
1.593654702219891917e+00
1.845974330752363946e+00
1.631318217055955477e+00
2.044824301764478935e+00
2.102099292541727227e+00
1.551745957436362344e+00
1.165240320882636516e+00
1.054063260076156139e+00
1.015604675577995719e+00
1.523438218154969492e+00
1.532057475661690704e+00
1.776696199559141709e+00
1.351426531649146057e+00
1.204683132201548545e+00
1.611671551018921456e+00
1.302562944833407954e+00
1.792289228379882138e+00
1.787820266161580962e+00
1.772659739532115086e+00
1.491453771050050170e+00
1.252903483509712812e+00
1.322527126613284310e+00
1.250328517303027631e+00
1.395905530923009730e+00
1.684420920255844223e+00
1.841153453604430057e+00
1.676193086691134981e+00
1.294014444160811017e+00
1.172336625388052500e+00
1.151964722729343249e+00
1.261608740476658719e+00
1.460551958555249552e+00
1.536078186545025481e+00
1.718123271813509989e+00
1.648067099897666088e+00
1.699238423703629541e+00
1.502877609023665961e+00
1.451018481135389671e+00
1.664641361440315936e+00
1.627043559612464607e+00
1.565631478208032945e+00
1.669711774331802179e+00
1.944388271039310556e+00
1.896924873987086535e+00
1.747178943690584907e+00
1.721782580245503347e+00
2.120284744857624304e+00
1.770709695980950960e+00
1.926049098884301536e+00
2.445518092059244530e+00
2.060112897857162562e+00
2.006818885237314998e+00
2.094808842007679583e+00
1.884348649233725359e+00
1.776364124405658718e+00
1.798162351890531641e+00
1.399712839966671396e+00
1.157993826482961897e+00
1.205870998483939083e+00
1.483336855568664792e+00
1.607293238875312058e+00
1.604426219786546426e+00
1.780929585451586084e+00
1.464020746781285354e+00
1.455399955324061523e+00
1.633691794727953228e+00
1.750903686889041744e+00
1.897659268857079695e+00
1.708209215229813172e+00
1.456877719907042845e+00
1.744494075545154121e+00
1.419363965064087685e+00
1.263070382386770607e+00
1.400157650815914590e+00
1.354663569600931039e+00
1.430645197024238424e+00
1.629537087581492294e+00
1.903245478732954243e+00
1.693596463447707201e+00
1.451011913279823817e+00
1.680802897586800571e+00
2.061790779493236414e+00
2.173834546772432486e+00
1.776881679477176679e+00
1.545103535531284766e+00
1.842704668638490695e+00
1.962630331795634397e+00
1.243121086219054039e+00
1.130553314345092764e+00
1.339674344889382862e+00
1.477237308193501075e+00
1.705825474115954199e+00
2.074222139007669607e+00
2.106850060099047628e+00
2.447266000388511387e+00
2.038117508705316272e+00
1.854776899774360110e+00
2.152127416257074266e+00
2.101724856631832061e+00
2.061195420490258723e+00
2.582633710228932955e+00
2.356071642502733265e+00
1.968525231955730481e+00
1.894798686519628905e+00
1.588414453272302573e+00
1.268354065464457836e+00
1.182292886053986525e+00
1.051724197075779577e+00
1.244641686155722571e+00
1.278545598880552525e+00
1.112978793143839740e+00
1.108183615150536649e+00
1.095129643129303165e+00
1.476652815960709297e+00
1.033320963897007116e+00
1.072309312356583666e+00
1.062522603447090708e+00
1.391338302431119445e+00
1.523655475770856027e+00
1.783936297567969120e+00
1.464780957453645227e+00
1.557720199224943869e+00
1.279499093669925536e+00
1.248265360763487930e+00
1.393170416385018262e+00
1.450161864439290849e+00
1.630763707336639445e+00
2.210497834375857895e+00
2.025270862192762866e+00
1.471101630097595647e+00
1.628901523873463653e+00
1.491086338472565886e+00
1.665950774336090623e+00
1.849540817956781602e+00
1.567314155824958810e+00
1.250093518808743198e+00
1.782359707734900489e+00
2.105018811581321980e+00
1.548353097105035436e+00
1.836247984883727202e+00
2.297638346772490348e+00
2.063947382309355927e+00
1.724794476990412662e+00
1.686463766863945501e+00
1.659403661096653382e+00
1.903095607178260984e+00
1.871484459119290067e+00
1.693293980846067415e+00
1.580872277880889243e+00
1.661350771585651476e+00
1.497121458181560172e+00
1.704730438787248836e+00
2.058005435820589479e+00
1.483815818126372754e+00
1.436934310628529499e+00
1.257035577497618517e+00
1.135253417766741046e+00
1.127216092127718117e+00
1.061207600699786147e+00
1.054259264172558330e+00
1.368490735355539778e+00
1.127340380149893573e+00
9.590038896397961032e-01
1.024722367896873765e+00
1.030773557407884011e+00
1.066179961153106648e+00
1.598719199806683644e+00
1.318126511496920061e+00
1.552841945044772132e+00
1.564377340695668472e+00
1.459870068261624132e+00
1.381404838484775466e+00
1.227239277993913635e+00
1.296746428527597805e+00
1.133909526127348855e+00
9.565246483285492207e-01
1.118165094719720143e+00
1.081116193473710574e+00
1.055057682332222635e+00
1.160766788610544609e+00
1.520577102666664793e+00
1.331799702911451666e+00
1.229892924635598517e+00
1.133732060686557075e+00
1.109943899791280497e+00
1.084350259858185561e+00
1.311940037898221556e+00
1.335170058545852356e+00
1.146233792414420583e+00
1.067504679201449980e+00
1.159865098241679160e+00
1.470117503677721649e+00
1.324648349745768172e+00
1.299128380392805315e+00
1.161438544995768707e+00
1.349579336020316100e+00
1.093954503626544783e+00
9.942536634320916500e-01
1.235714099197597227e+00
1.368755843919413184e+00
1.232815136842097203e+00
1.299335688103049780e+00
1.388418171852209726e+00
1.241257730587634889e+00
1.484796908325297204e+00
1.450117069949508952e+00
1.362191209729744834e+00
1.547234694289971957e+00
1.574744202283594019e+00
1.825586778207052951e+00
1.300180803384836992e+00
1.581484384977742019e+00
1.165062209572962582e+00
1.026734935093420509e+00
1.206056566000109687e+00
1.141312606116141160e+00
1.223493210826723798e+00
1.173166761405123992e+00
9.741384194944949781e-01
1.001984851621306127e+00
1.213177719490349027e+00
1.439845958820710647e+00
1.189210191486493651e+00
1.380522600130331679e+00
1.157446717187135876e+00
1.227380049375763615e+00
1.068161264518635578e+00
1.060214169291220365e+00
1.237778507514954107e+00
1.255723485303609221e+00
1.003968378208244250e+00
1.157563422526288521e+00
1.178526230479304493e+00
1.273303551155943847e+00
1.333627490633401802e+00
1.743915558790231080e+00
2.098686548203177349e+00
2.202407884148836814e+00
2.343725531071042312e+00
2.550443745080040348e+00
2.001350961837088160e+00
2.159453241559667891e+00
1.744808605727248718e+00
2.003414501980408158e+00
2.164608694834947222e+00
2.302864519493105444e+00
1.734212854994951813e+00
2.050339558919728855e+00
1.989810860921453983e+00
1.956756827038448776e+00
1.736512313002850139e+00
1.758019161128142160e+00
1.917902670560705847e+00
1.356779486585859118e+00
1.653736980524084021e+00
1.371208790263838351e+00
1.437340181715762499e+00
1.527395861354496231e+00
1.705691832871922164e+00
1.934543256237452269e+00
1.940439657891979142e+00
1.780285766824244220e+00
1.682642010976102220e+00
1.749670967447159775e+00
1.477471584381918834e+00
1.144087813542185250e+00
1.266163445376620622e+00
1.311081547154749671e+00
1.451047821337349886e+00
1.679896241054028128e+00
1.475093400291685120e+00
1.379938715531074500e+00
1.778568985353676357e+00
1.394179341693623231e+00
1.641075056137879074e+00
1.568901581853869187e+00
1.494545618908729612e+00
1.714735568434616386e+00
1.779325697568454379e+00
1.543672349926777265e+00
1.906518830982668833e+00
1.831593428105315668e+00
1.651723543194034249e+00
1.952151698096356247e+00
2.356552944449006315e+00
2.454673193288231303e+00
2.185372478546093067e+00
2.128660342181722509e+00
1.979800030493046314e+00
1.880080330353893103e+00
2.248469405567041779e+00
2.190211628313250003e+00
1.775563449306292174e+00
1.127276988671564117e+00
1.043696298526874289e+00
1.231398300834136483e+00
1.273904425619725167e+00
1.438378427136828286e+00
1.444593829280332642e+00
1.575472445250869047e+00
1.964111280431886319e+00
1.926993331753200200e+00
1.969470076459347130e+00
1.819660368175796350e+00
1.819583067511340690e+00
2.092094021602773246e+00
1.928831582205318584e+00
1.911603802274939756e+00
2.270820053908248592e+00
2.105974939864167172e+00
1.814180491896408176e+00
1.554268350945418931e+00
1.759256013414990605e+00
1.736257397982026163e+00
1.359929833353912487e+00
1.537929759104601057e+00
1.370303538871527671e+00
1.720764506181980735e+00
1.066375010936083667e+00
1.149502824761382325e+00
1.146316931007166584e+00
1.777396193659469548e+00
1.635234552242813111e+00
1.847209615848218967e+00
1.793974890315966242e+00
1.519156278225164858e+00
1.680031379455994234e+00
1.757536128670070141e+00
1.816622452645520358e+00
1.578557818859624540e+00
1.705953738549511600e+00
1.669766714940910335e+00
1.447534721764642152e+00
1.276662450315728670e+00
1.504634197059287359e+00
1.639835655743719034e+00
1.351625839510492533e+00
1.554296937827964298e+00
1.463500995433902219e+00
1.420484537859149743e+00
1.762357249138503779e+00
1.494564787287653296e+00
1.362550271502568799e+00
1.354494102556241808e+00
1.307437885441345315e+00
1.443715014045090506e+00
1.233577317892345704e+00
1.547762263396535554e+00
1.609090453668938991e+00
1.728873014390852170e+00
1.457741184849696170e+00
1.508074452198491677e+00
1.317940079807744747e+00
1.109115684735703544e+00
9.810476656485888070e-01
1.220623184255913429e+00
1.222423295733468196e+00
1.043561805078538463e+00
1.164766522454851128e+00
1.186610535242824893e+00
1.053803283341834707e+00
1.129626397076085587e+00
1.057107140368227949e+00
1.093231867033731985e+00
1.337804983895098054e+00
1.389941184483981518e+00
1.582071294008458695e+00
1.629641665354947921e+00
1.702739034726263201e+00
1.789215112712341016e+00
2.241340870831210808e+00
2.303433918147019366e+00
2.135590753829461619e+00
2.020200869100229113e+00
1.832831827008700065e+00
2.368488293190843752e+00
2.029523488893646643e+00
1.448989854282733081e+00
1.154131164009045696e+00
1.390331598711820549e+00
1.635486243478670332e+00
1.593005376829989883e+00
1.177936849797025509e+00
1.166477137076810333e+00
1.146027119562017971e+00
1.422645096005574539e+00
1.610446523150921294e+00
1.299927931033015405e+00
1.454975017204684029e+00
1.627791456494524613e+00
1.646192127877608158e+00
1.967383000056881492e+00
1.747590352650213452e+00
1.597156699611363972e+00
1.810551671343419988e+00
1.030070476111346833e+00
1.411137252385637364e+00
1.468156437678846737e+00
1.404333699014178372e+00
1.457538903454463908e+00
1.807744129718151571e+00
1.743316093881896567e+00
2.289212744421011081e+00
1.858913700072550190e+00
2.419884272992392393e+00
2.198422389944741706e+00
1.637818000645301808e+00
1.742061292960843888e+00
1.578233228251482156e+00
1.657124541961797481e+00
1.551227774826702044e+00
1.751730787976833348e+00
1.339095684770531536e+00
1.404287082442957413e+00
1.594907032521738044e+00
1.547704433089414966e+00
1.418521280870242762e+00
1.169247169319808322e+00
1.484824305397013822e+00
1.395471902031132583e+00
1.588149324908210813e+00
1.760532170030624233e+00
1.280026841722953446e+00
1.135560891101471404e+00
1.118347329782861221e+00
1.052123476617274234e+00
1.414848004478756360e+00
1.814135455990833368e+00
1.658728515687645455e+00
1.646202925541695894e+00
1.569612237756947248e+00
1.482937299949015131e+00
1.683377658192623194e+00
1.450026742393438539e+00
1.515646771936249859e+00
1.447113472338563467e+00
1.717502006784624946e+00
1.898743644898018168e+00
1.276283262824018605e+00
1.387570453072187959e+00
1.065794689471263545e+00
1.271966934824927176e+00
1.578591909976317709e+00
1.484927530030228482e+00
1.249338745999154732e+00
1.253621710329898775e+00
1.503234045861419732e+00
1.460202376103161281e+00
1.564799378032298183e+00
1.526696500801827616e+00
1.530586374212354661e+00
1.430130184206454214e+00
1.278165125274535407e+00
1.449932193438614236e+00
1.690148969965692194e+00
1.279679425846315111e+00
1.373285165382093886e+00
1.287475841852739444e+00
1.321637927408326529e+00
1.349112657376479785e+00
1.342880615281887291e+00
1.124470898489051018e+00
1.216086384373254337e+00
1.618525789215301547e+00
1.457712626259246580e+00
1.087469791422738918e+00
1.042680742814662054e+00
1.469588882668924290e+00
1.516323113014214297e+00
1.508513300156383075e+00
1.433426041218411218e+00
1.633274576167451420e+00
1.919185558519902246e+00
2.056721872246722427e+00
2.311302915149658244e+00
1.956842136992524850e+00
1.956596295788403772e+00
2.031998940774359941e+00
1.793504067116313383e+00
1.835933692354669411e+00
1.847382242328863944e+00
1.786583730983635876e+00
1.744071374406649610e+00
1.326841179968859308e+00
1.359400764208301249e+00
1.221659060870242230e+00
1.366130180048957143e+00
1.617115500891051161e+00
1.512512275863531652e+00
1.488891513656672938e+00
1.453909413208265278e+00
1.244991830902645091e+00
1.365944569346754456e+00
1.512172984744833970e+00
1.561675604880793378e+00
1.493727240977485105e+00
1.419435535997589204e+00
1.452893063556778053e+00
1.523760867163222343e+00
1.213623114955860949e+00
1.023201570980860398e+00
1.223534299274152914e+00
1.382421122615401288e+00
1.295991688517583063e+00
1.029223959590318094e+00
1.227062715813425298e+00
1.092899129432281180e+00
1.373962067978416579e+00
1.462618444928947214e+00
1.278154716750659503e+00
1.187169427648409936e+00
1.381055624273804572e+00
1.304630522802805892e+00
1.128563851241667804e+00
1.057911547559954979e+00
1.066703790482945058e+00
1.270504969378531079e+00
1.491301904186726812e+00
1.767668879449590724e+00
1.512861786418378429e+00
1.752791519328193104e+00
1.468886319094910187e+00
1.585412827532595159e+00
1.851454569960116592e+00
1.221004096594972221e+00
1.703397622643652909e+00
1.798184488881808596e+00
1.498813204755012229e+00
1.758477611208087099e+00
1.943546571294491931e+00
1.698745361340610716e+00
1.962648941744906228e+00
1.536417560475745070e+00
1.491292318451322707e+00
1.569309207960454033e+00
1.499396221047842870e+00
1.228433325300264833e+00
1.403517526625826184e+00
1.656319548215150705e+00
1.643883879639188583e+00
1.427070047185514667e+00
1.417624397578752360e+00
1.675150345070949731e+00
1.705856902514605089e+00
2.122267898142094378e+00
1.795322500701055368e+00
1.995451012566028970e+00
1.969379342188753768e+00
1.729518769656999799e+00
1.354710457721838512e+00
1.190352593574261375e+00
1.069282526798301047e+00
1.223975678822465385e+00
1.354245536918781134e+00
1.230399733240806093e+00
1.360286723302754242e+00
1.532216529453492626e+00
1.001218787180603531e+00
1.432807519658988671e+00
1.524980241583193230e+00
1.483045344697176970e+00
1.105873912091813738e+00
1.338569570097936534e+00
1.186076118554278969e+00
1.005484187814811081e+00
1.261606767314882749e+00
1.381184499368110608e+00
1.589491621503110963e+00
1.319887197465776651e+00
1.069545521967684154e+00
1.118735494041351863e+00
9.432039923724379049e-01
1.120844736159297028e+00
1.327186527880902744e+00
1.378334655446462831e+00
1.175070832479902405e+00
9.889831227104315392e-01
1.595546318211962022e+00
1.826114218167742109e+00
1.636890887221283952e+00
1.753458405206445692e+00
1.742837420107838042e+00
1.485530942358322282e+00
1.161169340691965868e+00
1.198005426496739467e+00
1.306009745708616165e+00
1.208229377502632040e+00
1.312300887693493179e+00
1.221129773821989284e+00
1.306049607458125372e+00
1.030454871555265939e+00
1.101952968248582909e+00
1.216184543109110949e+00
1.183134529152753300e+00
1.351105770678429963e+00
1.372644853842122536e+00
1.574255846735038711e+00
1.429426047409507072e+00
1.338819119568193772e+00
1.261892494461233971e+00
1.063894359292963054e+00
1.019519753492795777e+00
1.132091316940138759e+00
1.097366226243802423e+00
1.259878734842215131e+00
1.206011921906082529e+00
1.189962599117663666e+00
1.422199142535482963e+00
1.927360452197112384e+00
1.636195763087991084e+00
1.703565351785338855e+00
1.302583861509081675e+00
1.363015473630400543e+00
1.065598017080755744e+00
1.433962829490903923e+00
1.170123812857991163e+00
1.700169842174867441e+00
1.919504247983692125e+00
1.959031583054337888e+00
1.920349020296945319e+00
1.837948885685299460e+00
1.680347948244258038e+00
1.557726138960708218e+00
1.400353252778410607e+00
1.950902420758553024e+00
1.700476411978835145e+00
1.621052976553865932e+00
1.337545047173862356e+00
1.368991517229809274e+00
1.428073514658888543e+00
1.765703864577650384e+00
1.674951922626771950e+00
1.240746010656885501e+00
1.183292061397086981e+00
1.027793596014701993e+00
1.001742641546592427e+00
1.001665258079907250e+00
1.175997231209128691e+00
1.583500928517421524e+00
1.204312007441801891e+00
1.069994086686743007e+00
1.077131611898811014e+00
1.296653862406548230e+00
1.626455498178509762e+00
1.288608823388627922e+00
1.323013212806937178e+00
1.550181344967757058e+00
2.200189694639992588e+00
1.968845614792739340e+00
1.957695560414812963e+00
1.676009433597708709e+00
1.700989966699364420e+00
1.866136050285879255e+00
1.806225731189827322e+00
1.748480268304344110e+00
1.652199167332030205e+00
1.879667553556334303e+00
1.814335075552432119e+00
1.860374126503383740e+00
1.485502308042433439e+00
1.576191125140956828e+00
1.672904393384500921e+00
1.734214293918634020e+00
2.277942738456540273e+00
1.904384921081523352e+00
1.440083394963126429e+00
1.129379580332958488e+00
1.614295696338009511e+00
2.064214412803287324e+00
1.582431706305585717e+00
1.767506948262418831e+00
1.776423979499712091e+00
2.117920143642710418e+00
2.338861430194593805e+00
2.242495430298975911e+00
1.625896083543620696e+00
1.719102042643565476e+00
1.916189207024154406e+00
1.701104779041819004e+00
1.751531267412276938e+00
1.583937295049049121e+00
1.873478573642886946e+00
1.756029453254783768e+00
2.181275679818247770e+00
2.037490749207540031e+00
1.831495809090797344e+00
1.532368924761434714e+00
1.719723267255869104e+00
1.679228732030774385e+00
1.866252782840263080e+00
1.655822125443805248e+00
1.609772270885668322e+00
1.558523680149460411e+00
1.448324812809386408e+00
1.759825213483018791e+00
1.439978251351282657e+00
1.802755281142511823e+00
1.469158932334614809e+00
1.460046385804859348e+00
1.304543047141153433e+00
1.833586939150992468e+00
1.986439613609470856e+00
1.716220547727884016e+00
1.434799597984551811e+00
1.286115467901038034e+00
1.441291323164459515e+00
1.476379045508957377e+00
1.356760853765651698e+00
1.341873633115314490e+00
1.455696943176184366e+00
1.528841155989014267e+00
1.252916010363566812e+00
1.524016619622937663e+00
1.904244483847642222e+00
2.215228728341886555e+00
1.980549044560262706e+00
1.717078430228142771e+00
1.283270939337718186e+00
9.374142181260838314e-01
1.254104061707472129e+00
1.386884643909304105e+00
1.364689945858906128e+00
1.086655921080961651e+00
1.376759700258652908e+00
1.422410095806698083e+00
1.223487891690343776e+00
1.453480702390553603e+00
1.692847649740624405e+00
1.574233158211265859e+00
1.514208269805385587e+00
1.608846504325044613e+00
1.657737729775369262e+00
1.678178276257347834e+00
1.600449998574388522e+00
1.914188877369323194e+00
1.806464932637517951e+00
1.453277572540893736e+00
1.645161148526077088e+00
1.426829988851992193e+00
1.984242570809781503e+00
2.005730691042398650e+00
2.212702088380417820e+00
2.004766234411035075e+00
1.516709198472466769e+00
1.761368137867694417e+00
1.676085169748654513e+00
1.612568220923524365e+00
1.337985812807774622e+00
1.198316864467110276e+00
1.121500469136779143e+00
1.515723323596232852e+00
1.248037382171999665e+00
1.468702161606911138e+00
1.361895048305342470e+00
1.646104174710811385e+00
1.300924623273459702e+00
1.611608386965348361e+00
1.918210696148673122e+00
2.060842924853705682e+00
1.912034054132674132e+00
2.155536426915713122e+00
1.992816191069194831e+00
1.855599845479658727e+00
1.896403950675400241e+00
1.853920668953172424e+00
1.317142544086182809e+00
1.180963407844230373e+00
1.529860398871529803e+00
1.163008004929486860e+00
1.281771826863572494e+00
1.293711179358231433e+00
1.050328785259412312e+00
1.227772073203728720e+00
1.087001163891009758e+00
1.150255496795946408e+00
1.782297514172469066e+00
2.006758284666662284e+00
1.840281149789947612e+00
1.456319336211959747e+00
1.641227532756611929e+00
1.486629183015572231e+00
1.659875624188696053e+00
2.063164487627056953e+00
1.785327922619515340e+00
1.738901301982622272e+00
1.993789785800007763e+00
2.028666776084155909e+00
1.294531058071713092e+00
1.588242559492239359e+00
1.344655394895498235e+00
1.333253551810519522e+00
1.234685707080670491e+00
1.241765853370549566e+00
1.297651849105681432e+00
1.429890119746722421e+00
1.732319068632032888e+00
1.683194778795103375e+00
1.603116996921940318e+00
1.490391251234953085e+00
1.606898651681808232e+00
1.113955846010073358e+00
1.039216289357478784e+00
1.073786787058924164e+00
1.223086738352869185e+00
1.242305006937779233e+00
1.316763618085390553e+00
1.357903420541184181e+00
1.763046447129556160e+00
1.707043814738095966e+00
2.465575368599806527e+00
2.283593862852819623e+00
1.752251849222025371e+00
1.330584674853982019e+00
1.917951287892573520e+00
1.931762138549855568e+00
2.056618303921022850e+00
2.216557402127301568e+00
2.021936943592561153e+00
1.506555352526888436e+00
1.918007811270996399e+00
1.822723092284343371e+00
1.703450202404630520e+00
1.921415671129104386e+00
1.648840264461714611e+00
1.459612652619963979e+00
1.368068915365055593e+00
1.308656354459733162e+00
1.036612332955163529e+00
1.107064517119398017e+00
1.333363839270931273e+00
1.202375843089669383e+00
1.453655783373856369e+00
1.330188711213159181e+00
1.348627782954046506e+00
1.214700056979524989e+00
1.382885776517247312e+00
1.095994357374411532e+00
1.841807703075429181e+00
1.839230409340213646e+00
1.768800083635620801e+00
1.877985461585436999e+00
1.177434697208542991e+00
1.097009056128950721e+00
1.198878148462475535e+00
1.148240163829595373e+00
1.310519964797521197e+00
1.190921346664966407e+00
1.415087066627005230e+00
1.569914217372892162e+00
1.674531835768992227e+00
1.581896621941225156e+00
1.350256850952860965e+00
1.576563908005076620e+00
1.467694592541843646e+00
1.114574598452636289e+00
1.307741501363568037e+00
1.258207656892638582e+00
1.492342732236194180e+00
1.841242405301612983e+00
1.236535149644859999e+00
9.887754926447365200e-01
1.189582610427847076e+00
1.558472131523075177e+00
1.502735147744273192e+00
1.343836957129896703e+00
1.331899378385273058e+00
1.437540502142865995e+00
1.289788434553812868e+00
1.341412495957382101e+00
1.062017823428831775e+00
1.394146754134550026e+00
1.141062439653894867e+00
1.263007788047463276e+00
1.109108023024672818e+00
1.150517444803640599e+00
1.155528487661153347e+00
1.026214070063735440e+00
1.334629450495422809e+00
1.055154774390328454e+00
1.097216903171987168e+00
1.219377182384094205e+00
1.607044733244198387e+00
1.755440221666976219e+00
1.949607254092359687e+00
1.576319309696690318e+00
1.555162233479535638e+00
1.601992439553920011e+00
1.667662059430810251e+00
1.420959530907356827e+00
1.523355890291237413e+00
1.728001135879887018e+00
1.794441017778124037e+00
1.653308553941715608e+00
1.322614283742678198e+00
1.496246569338643528e+00
1.992686674173262951e+00
2.340752151274944293e+00
1.890924382142434856e+00
1.689339227186802406e+00
1.682975079921939843e+00
1.274902258954780487e+00
1.307132077323214681e+00
9.619132066718640850e-01
1.154869237781069202e+00
1.288788474911633841e+00
1.076785436736635182e+00
1.168668247238515923e+00
1.194714968245010889e+00
1.366331704373147993e+00
1.833332785276347909e+00
2.052566489151610885e+00
2.251216750912110154e+00
2.202472205726441867e+00
2.210722472737477684e+00
2.232167117450468030e+00
2.447877963295378656e+00
2.726915431200820805e+00
2.117214416185031034e+00
1.916484500577114947e+00
1.947033952676126223e+00
1.855965016673077672e+00
1.517345718893021722e+00
1.688200350617829804e+00
1.850958707272506887e+00
1.394965101640025296e+00
1.798579516358221220e+00
1.743695085508551346e+00
1.852623722288120112e+00
1.608495870960733987e+00
1.918470219480397532e+00
1.677472631702929817e+00
1.717524567480961384e+00
1.255516416283591674e+00
1.557643666129431947e+00
1.811606016328125568e+00
1.863928491727015357e+00
1.833424061764035162e+00
1.669933784474660898e+00
2.012258237967829100e+00
2.049759952395781681e+00
2.249695636196311188e+00
2.247537925945511272e+00
2.456502110205750711e+00
2.241311476188717844e+00
2.431250687958968371e+00
2.274547197040366786e+00
2.152584612400774589e+00
1.948721104769006729e+00
1.770083318601531008e+00
1.621524521841393174e+00
1.828809018692796773e+00
1.940403079509789297e+00
2.398999830745810691e+00
2.187807293875792869e+00
2.273936920591056232e+00
2.061166995727375717e+00
2.046484609477526195e+00
2.057536768007155459e+00
2.003258624082701278e+00
1.885132161040221632e+00
1.299475833986830198e+00
1.373739641523218813e+00
1.667969029295115480e+00
1.861541084757623699e+00
1.850308592337206237e+00
1.543605678055160357e+00
1.580582241024791834e+00
1.641343622843573158e+00
1.442222898935940245e+00
1.539331135422737695e+00
1.407953670899698695e+00
1.813253493449845877e+00
2.128107009708428254e+00
1.638644255184960485e+00
1.928812758592413079e+00
1.812539693004464825e+00
1.881782767441134485e+00
1.971191786183585926e+00
1.793894278702127698e+00
1.703962884410686218e+00
1.834570903605397874e+00
1.454530099873899029e+00
1.471958535840508953e+00
2.160142263306098709e+00
2.196005907156977965e+00
2.059578588501527197e+00
1.992514793238492565e+00
1.818242442675904513e+00
1.559812951053267449e+00
1.554598977893433931e+00
1.622458083090648762e+00
1.793733066509339613e+00
2.220487989132621909e+00
2.153018165006591822e+00
1.831354962167281331e+00
1.755587097158003873e+00
1.921429525683063133e+00
2.219603289119374878e+00
2.347422166215696659e+00
2.238703693458432120e+00
2.200607151788721350e+00
2.167501211010962603e+00
2.250109349051782726e+00
1.812335948996787183e+00
1.770730125613469985e+00
1.864029373262659606e+00
1.457773858807701606e+00
1.722816613369434258e+00
1.455214872734331699e+00
1.412239656902894769e+00
1.303128231189397690e+00
1.296711577135086557e+00
1.217900596095610188e+00
1.784213322644860655e+00
1.465619177050246025e+00
1.710127222082886478e+00
1.953113676549921962e+00
1.890225180674226513e+00
1.717136091928915365e+00
1.633062670475655453e+00
1.475318087258393973e+00
1.254856897691471573e+00
1.349119906392643564e+00
1.444812166699376510e+00
1.670394350084650759e+00
2.024696337967214710e+00
1.814209011733298738e+00
1.723624230837891069e+00
1.522566445474592856e+00
1.400894278354806177e+00
1.184534915209711325e+00
1.154859329949155411e+00
1.215167673640769941e+00
1.294666253632930752e+00
1.532581277321050095e+00
1.565395489006565111e+00
1.504408915192863239e+00
1.627254858008339244e+00
1.854018252862597027e+00
1.989109765052424983e+00
1.470500988771426432e+00
1.471925555152474807e+00
1.231096902910057134e+00
1.587771319949816906e+00
1.345467553791512172e+00
1.221322344928871928e+00
1.200718718355350267e+00
1.176107994067335127e+00
1.115829519620372912e+00
1.405213548748518448e+00
1.332707614454053502e+00
1.359592973338404454e+00
1.047430575243905704e+00
1.144675843263706971e+00
1.277038164980104806e+00
1.488538211325935778e+00
1.358442183220304411e+00
1.439439542392109139e+00
1.482528513701766970e+00
1.428625982429679642e+00
1.295445458283490225e+00
1.083467996604578376e+00
1.122733473306996688e+00
1.166754691367792418e+00
1.147886408995042018e+00
1.317257011421809842e+00
1.495951305905652173e+00
1.490350487419115577e+00
1.989443189078928587e+00
1.815215753037926705e+00
1.964274287262339547e+00
2.073365350010784702e+00
1.908616637474761291e+00
2.077164135511140763e+00
1.833059123846142002e+00
1.853218912523490580e+00
1.524186317803732260e+00
1.429931831621142457e+00
1.815657279587460593e+00
1.246619440296645287e+00
1.997688100385484944e+00
1.645530475853428376e+00
1.429717894739963135e+00
1.025945549428204151e+00
1.232436091118052524e+00
1.635239153192394213e+00
1.379527899257694923e+00
1.613601266502693976e+00
1.553643144365205897e+00
1.843254124769696745e+00
1.603728102310025383e+00
1.701775712341397684e+00
1.496674848736254226e+00
1.190288980568024124e+00
1.342180144050880264e+00
1.346497731291745659e+00
1.561053467581609455e+00
1.350485545994690950e+00
1.474680220586029655e+00
1.275101762316013243e+00
1.430120873397743964e+00
1.517180619974992872e+00
1.321661408462495357e+00
1.429477068462140954e+00
1.329988347394410741e+00
1.374602391716457372e+00
1.277390726642382290e+00
1.377482599380188688e+00
1.630427839729692741e+00
1.405354176672900079e+00
1.578441647823917160e+00
1.433829454303135131e+00
1.294283111119119978e+00
1.627798143726116864e+00
1.546889563072129770e+00
1.823201123970762172e+00
1.683719591217660128e+00
1.720518148663546798e+00
1.275860980659046184e+00
1.410770448883736705e+00
1.095366241272285768e+00
1.803867323248091070e+00
1.863073058148336791e+00
1.549500852810286711e+00
1.661531077577260263e+00
1.419817973468460393e+00
1.484256383365527121e+00
1.427252185483758096e+00
1.422990698963023881e+00
1.552753708683318079e+00
1.216985951494489626e+00
1.106601353215211914e+00
1.476821106745140888e+00
1.276187965524160361e+00
1.432129285722061107e+00
1.440764734686344362e+00
1.484988227647421333e+00
1.496389979049309815e+00
1.806545889798552240e+00
1.986668358288831815e+00
1.830292264595039686e+00
2.301672085895512865e+00
2.046355241253977830e+00
2.206842571611143722e+00
1.769511049210406028e+00
1.657852173068893098e+00
1.357781555561708320e+00
1.251376823416292750e+00
1.255060269506498294e+00
1.220316753503159601e+00
1.249322693845590582e+00
1.487202683499989853e+00
1.225886496922244273e+00
1.628905974405778112e+00
1.506773037609342003e+00
1.244495788132847780e+00
1.867777925188670141e+00
1.631283226144076171e+00
1.229101951695592332e+00
1.294140220712491240e+00
1.411203830491073896e+00
1.559475745766822685e+00
1.441575350065060546e+00
1.328229567973154168e+00
1.327455680559266105e+00
1.654157438781857836e+00
1.558101814768250382e+00
1.679414714492609484e+00
1.664291811529695853e+00
1.510163346382507488e+00
1.377648318619862478e+00
1.217153940026503456e+00
1.563177136488664853e+00
1.291926177844110901e+00
1.574948611328201409e+00
1.843097319799090528e+00
2.015631214051913478e+00
1.678753076881793094e+00
1.991609965013994454e+00
2.092777374310069938e+00
1.931957781027016985e+00
2.172195553002628454e+00
2.588583595044246621e+00
2.224047021501975419e+00
2.323910749151158139e+00
2.405534906667775807e+00
2.154048190862575929e+00
2.043063625746373457e+00
1.988426860346580227e+00
1.565878054404272079e+00
1.875204333430104731e+00
1.839460095912654580e+00
1.694811723894954270e+00
1.707615428624599252e+00
1.791513948020658109e+00
1.778216171119179512e+00
1.626449467696529982e+00
1.456704843894353729e+00
1.333731498529919790e+00
1.442834300757694921e+00
1.390543444748645330e+00
1.100435257707564451e+00
1.287263568424674265e+00
1.414417669347384221e+00
1.360423031393625859e+00
1.435741680484694971e+00
1.364620237023200122e+00
1.521149468939426264e+00
1.758516181105197251e+00
1.764330375140850782e+00
1.827591990502110297e+00
1.696460899789534071e+00
2.165200607633332552e+00
1.654056030776966502e+00
1.698869980453173056e+00
1.740492332188137814e+00
1.464622371214868934e+00
1.171264748986116544e+00
1.167041119651885506e+00
1.638784532220312729e+00
1.481673727433140630e+00
1.819972263759886522e+00
1.611763337859783540e+00
1.380910713119109623e+00
1.635328449452093880e+00
1.662007911178450037e+00
1.490260567847956352e+00
1.607445232993722106e+00
1.361227668090980947e+00
1.209830982632828178e+00
1.004578618942684853e+00
1.334596738262741278e+00
1.475936646446182055e+00
1.679561265379475365e+00
1.525389080596796676e+00
1.292744522417581088e+00
1.224737543462269818e+00
1.312631407904075509e+00
1.421903568977984644e+00
1.437020863793147196e+00
1.402631021361053776e+00
1.081569049489328194e+00
1.019668319352603936e+00
1.079035770231229874e+00
1.225023544558093702e+00
1.091426798412175936e+00
1.208213243932601433e+00
1.219733029749931585e+00
1.221111447789443361e+00
1.261856947522881356e+00
1.308683499399611039e+00
1.464123623645064320e+00
1.505174885314597422e+00
1.505642167251538766e+00
1.475800998511956230e+00
1.301593583466507553e+00
1.232655465942220419e+00
1.270179986169109654e+00
1.775149131004926550e+00
1.875625372851041250e+00
1.794984657320947141e+00
1.679105762842203475e+00
1.392369682334020808e+00
1.279515405132826800e+00
1.331147779807037912e+00
1.148742572635372605e+00
1.400540699861115845e+00
1.631925622561814393e+00
2.046653273003459894e+00
1.951053952009053294e+00
1.950871030951071505e+00
2.280570690359613462e+00
1.536083852479538381e+00
1.628763556122883038e+00
1.396072656394709011e+00
1.354585522373197071e+00
1.460936654373851562e+00
1.151629354113816950e+00
1.192226612452849777e+00
1.186634938439658837e+00
1.231302500410598633e+00
1.547243843632106097e+00
1.473411420308049280e+00
1.578731737745345143e+00
1.650782986337867797e+00
1.656070438623196583e+00
1.570204129853948416e+00
1.351657564371099296e+00
1.231996131037634390e+00
1.269352497448593242e+00
9.624555527249353259e-01
9.840747616627002481e-01
1.009531297317532994e+00
1.194320154593304872e+00
1.118113789378120781e+00
1.028417888636453226e+00
1.064279579389887820e+00
1.146968791847037483e+00
1.001663337417625366e+00
1.216933067195404838e+00
1.273545935128997275e+00
1.449132320737633650e+00
1.872913646139601873e+00
2.007572304915075989e+00
1.808417346664911607e+00
1.943262811238801069e+00
2.248803507417385994e+00
2.464716904722150215e+00
2.516192052970657400e+00
2.021589855499419386e+00
1.963430538994286767e+00
1.620413307314724438e+00
1.369708395938756595e+00
1.301999408230859689e+00
1.675422438259565272e+00
1.690640685560372170e+00
1.579198788548344501e+00
1.470471699585787384e+00
1.358192533747752728e+00
1.321438856742696899e+00
1.653746269539419833e+00
1.518706467759445289e+00
1.472929659399999647e+00
1.640191004572093325e+00
1.453578343034174880e+00
1.193592431990760483e+00
1.481111560255569115e+00
1.786487270554094398e+00
1.589305568794477708e+00
1.364934143051633963e+00
1.826003938517006153e+00
1.708708504330438194e+00
1.782000978608777153e+00
1.418218069890751387e+00
1.174145226812798315e+00
1.324487366300317603e+00
1.287597065944973362e+00
9.933078491539588661e-01
1.304525847126307703e+00
1.307894526187094897e+00
1.511260565364620501e+00
1.289880706903247409e+00
1.170274499246880096e+00
1.354303705931182211e+00
1.240874096006018945e+00
1.467618232988925353e+00
1.249187047181672172e+00
1.092416530493891313e+00
1.086885983315283744e+00
1.094547051454074715e+00
1.022470850692733357e+00
1.176638803448790460e+00
1.356624569487644427e+00
1.119461133348998549e+00
1.204409602782384070e+00
1.241785616860068053e+00
1.273239177501975572e+00
1.294852309502087628e+00
1.708708170236153512e+00
1.694303500444520161e+00
1.646459697359698993e+00
1.600666516072185352e+00
1.646759039809836400e+00
1.921155029324578045e+00
2.015888037482735040e+00
2.222988299531299727e+00
2.065739626066251056e+00
2.073418694056950784e+00
2.044009227984354027e+00
1.916170985011048433e+00
2.092583896151529288e+00
2.090093250543084036e+00
1.956305135697778752e+00
2.353941284323318950e+00
2.101624631460423664e+00
2.078845710707204031e+00
2.029809506069736980e+00
2.135625839188536101e+00
1.991052212563293899e+00
2.046192757121925165e+00
1.960912139818238309e+00
1.712783612409928713e+00
2.104138689719204702e+00
1.795146825991319250e+00
1.638136036700637677e+00
1.444814147604693844e+00
1.194492141806633212e+00
1.164143618115223600e+00
1.467443233763418897e+00
1.527421979515678041e+00
1.531343304574009689e+00
1.690314596309319572e+00
1.486159776460507898e+00
1.373726756778161695e+00
1.376923455815967756e+00
1.100432434680694405e+00
1.104496482362086196e+00
1.210933134902860919e+00
1.399591475444433630e+00
1.672019946530578949e+00
1.826891631057440124e+00
1.524058104487017840e+00
1.688468824208942953e+00
1.233630220875216343e+00
1.991022063757055705e+00
1.752318304822267470e+00
1.605067714732486328e+00
1.639007718774729616e+00
1.853864528973216741e+00
1.748137934930243276e+00
1.844287114342015643e+00
1.571870013446152292e+00
1.552153432147744816e+00
1.728085197200839973e+00
1.527258306151192402e+00
1.611071501180341814e+00
1.615295935788950921e+00
1.878765110789032411e+00
1.534715156497305166e+00
1.287436554784190168e+00
1.354291047783449553e+00
1.388841345969808128e+00
1.328647737678928076e+00
1.173756721911621614e+00
1.416910440548635908e+00
1.631315606014734243e+00
1.844608739094417249e+00
1.866517782604677045e+00
1.632238720423242029e+00
1.699011607762158427e+00
1.750268255258585093e+00
1.777615250659923651e+00
1.322867943761232290e+00
1.507091285657643942e+00
1.553590658989737250e+00
1.596560791696872705e+00
1.229612249739253871e+00
1.330829841974860539e+00
1.089780757856554150e+00
1.225499300176612794e+00
1.309931719655998084e+00
1.199613502277854904e+00
1.426293964283358529e+00
1.661684605262713221e+00
1.805737457388642442e+00
1.742210792272200770e+00
1.685711519621404753e+00
1.569363595313872928e+00
1.540985292740890245e+00
1.681892626278098435e+00
1.666652178743664781e+00
1.308276134128072865e+00
1.630949254029800954e+00
1.717664393997671457e+00
1.520569996478130959e+00
1.677888784090043162e+00
1.669298949573658764e+00
2.214399376685415088e+00
2.076899199502807658e+00
1.753712035073925923e+00
1.470607151564466530e+00
1.049931877087704635e+00
1.012120323038186109e+00
1.219725200847864954e+00
1.169092135440475078e+00
1.369364432505194573e+00
1.642032433911722933e+00
1.158885490331521551e+00
1.881640973446168763e+00
1.755904707485514749e+00
1.977916147712371675e+00
1.845110608815748066e+00
1.332719581474616222e+00
1.863565973881672777e+00
1.892683727070572530e+00
1.693947925608972005e+00
1.461979792557123403e+00
1.314590487555684195e+00
1.398568805410644211e+00
1.352908102986423167e+00
1.272980697455499133e+00
1.503076511266242532e+00
1.430611522504642075e+00
1.606319655072175001e+00
1.350467131006359400e+00
1.485071876665116752e+00
1.289302856532132724e+00
1.254755335027028629e+00
1.149516906451639064e+00
1.450261057505059403e+00
2.050762747937731501e+00
1.990538980107284805e+00
2.241160924909131769e+00
2.390649642922512808e+00
2.133478284019552973e+00
2.539524103801634070e+00
2.311052859667583448e+00
2.019000840122357143e+00
2.017764632055337071e+00
2.109398018090657967e+00
1.723448228530880533e+00
1.744869081559843771e+00
1.947787047999261389e+00
1.681588729707758079e+00
1.689681023038779317e+00
1.998167241590511622e+00
1.848653016660161796e+00
2.029511063147654948e+00
1.525178949184119004e+00
1.644324303109919727e+00
1.570929886517374419e+00
1.903056539333679353e+00
1.328959948068992203e+00
1.391220060779436718e+00
1.403181625577782698e+00
1.254942071869418641e+00
1.297896118816822764e+00
1.510080588908538468e+00
1.854643860164825853e+00
2.059744778083051120e+00
2.157582513382259037e+00
2.038914943704579041e+00
1.954905704669821054e+00
1.873400254089437666e+00
1.327901057159612597e+00
1.227655796974125746e+00
1.270871758100057036e+00
1.280728148015441548e+00
1.237647927005549597e+00
1.477239226071641598e+00
1.444890566581446878e+00
1.564103524693086555e+00
1.471574532857073958e+00
1.751952661813495515e+00
1.671241731303394928e+00
1.779132193386674388e+00
2.002172401228849985e+00
1.857087453859155080e+00
1.778691380443471193e+00
1.669116765527157931e+00
1.755772378967542569e+00
1.863636531897639337e+00
1.866568666086007910e+00
2.017240082973085435e+00
1.879971799973519042e+00
1.647646778739842777e+00
1.870370806169165068e+00
1.738929223285129666e+00
1.829819568736349655e+00
1.825558440563628482e+00
1.549138915061804234e+00
1.812835581026090770e+00
1.753132883651834506e+00
1.763253098144008435e+00
1.597446485719036025e+00
1.507880402479991444e+00
1.389587339191850512e+00
1.264161688166263842e+00
1.363690179409897008e+00
1.533884869864266420e+00
1.432962444410710745e+00
1.465824302221215625e+00
1.489967966224545748e+00
1.403460670444594660e+00
1.167048384242698411e+00
1.439468765969344810e+00
1.798448863447431822e+00
1.871201009738352461e+00
1.636938665193012898e+00
1.592822273804710198e+00
1.610195419957155538e+00
1.487507959893588083e+00
1.629784314856516758e+00
1.257935385506854242e+00
1.113626778551543017e+00
1.120555930012058221e+00
1.304348907394309087e+00
1.098888115572014934e+00
1.317634806755168642e+00
1.161074471806707642e+00
1.125992153061179613e+00
1.306673196831509287e+00
1.328631014838466129e+00
1.330935015461573556e+00
1.313477303956933628e+00
1.435157279464396085e+00
1.639668442242447455e+00
1.457520493879652879e+00
1.527101432214130305e+00
1.515374969653352277e+00
1.477310171269423877e+00
1.561713394216885487e+00
1.443517519163192153e+00
1.566166724589434622e+00
1.412808493191002324e+00
1.384664606007320664e+00
1.716728236488408443e+00
1.753011978036522978e+00
1.764780590870234978e+00
1.992000996608423780e+00
1.824489630382707395e+00
1.813501482894908534e+00
2.204703975323008880e+00
2.052281210561046176e+00
2.429131432344956654e+00
2.171430468550032966e+00
2.377497336723585430e+00
2.122458394295694273e+00
2.482777988638084743e+00
2.261269747602889790e+00
2.009279178676349531e+00
1.932299765433385774e+00
1.929318461925278783e+00
1.550155926312729804e+00
1.576851600702346534e+00
1.243008694493110022e+00
1.512308376929925480e+00
1.608531180143181194e+00
1.713441132116461318e+00
1.591236182573281477e+00
1.656251795495562895e+00
1.533434460708362090e+00
1.781560339680418270e+00
2.012679144766501338e+00
2.021572968120517455e+00
2.376880725638313319e+00
2.471084777149025857e+00
1.819192364502793202e+00
1.836719188024000804e+00
2.240265504581257172e+00
2.062290109243697600e+00
1.815329629974288039e+00
1.420130502013277285e+00
1.385412846187632496e+00
1.546169883949938040e+00
1.663436725092506396e+00
1.557968751188136602e+00
1.514945417587806764e+00
1.495485250804455823e+00
1.534720489446513181e+00
1.716364060226806876e+00
1.779680821647452449e+00
1.755709964191032757e+00
1.952984187749436717e+00
2.127634621557341177e+00
1.917351658806025316e+00
2.096061346093930577e+00
2.364694670286083156e+00
1.761516828953029634e+00
1.459374648337043112e+00
1.407996729151260951e+00
1.583078898567016113e+00
2.045372254605505535e+00
2.351885480522859062e+00
2.095995076286733649e+00
1.889854954645243001e+00
2.183961967803815352e+00
2.222848549676375907e+00
1.901553533665067519e+00
1.811583386493554659e+00
2.048087892669024246e+00
2.007090026183786957e+00
1.850178630965046311e+00
2.165305198496091155e+00
2.067680484442823374e+00
2.070110576812515202e+00
1.898482718760988064e+00
2.194752505070727278e+00
2.059972415796314404e+00
2.026277619380457029e+00
2.351067955384769537e+00
2.093012919580480524e+00
1.526288138693598029e+00
1.692387851598797788e+00
1.407611895979173688e+00
1.363612388166629330e+00
1.504108529383288984e+00
1.462890275039921306e+00
1.624799737393736399e+00
1.925721154636170329e+00
2.032990905552388039e+00
1.671385792078810217e+00
1.865601524616087303e+00
1.643790605707409869e+00
1.515984793168080991e+00
1.789470143623452136e+00
1.414864304062524836e+00
1.815404470916955226e+00
1.853042192883918249e+00
1.919566077755996636e+00
1.877250321008545386e+00
2.118152047546248973e+00
1.970949795116471170e+00
2.012028747873846335e+00
1.625485098554674934e+00
1.578986095981312676e+00
1.753905376204865085e+00
1.213148587973933212e+00
1.339455798870204717e+00
1.331324983854957678e+00
1.562457340247314752e+00
1.321803570054995269e+00
1.292598247059412619e+00
1.347982576036708569e+00
1.968658635790375477e+00
2.137313752939637990e+00
1.931576960920940556e+00
1.843080613542900537e+00
1.931760439947639574e+00
2.172062974798093737e+00
2.015937075442339577e+00
2.200787218904189491e+00
2.216997472716325746e+00
1.236691838428922496e+00
1.385034145644278958e+00
1.906610682214752606e+00
1.712627401848384912e+00
1.375416776023859144e+00
1.423633821601539839e+00
1.119656899595509625e+00
1.176742408504406479e+00
1.727358383432990641e+00
1.560661559280950961e+00
2.008774775518300970e+00
1.737199202567157430e+00
1.745582877627406049e+00
1.354909225213213553e+00
1.398170570346284336e+00
1.506740751702891901e+00
1.538411567872087327e+00
1.790531846563717444e+00
1.957269844146953819e+00
1.944351990697012811e+00
2.011699828963812831e+00
1.725179287276889184e+00
1.974488895116927045e+00
2.147974634194668386e+00
2.441526539615464841e+00
1.821112004493175007e+00
1.878411505487044053e+00
1.686657196467764130e+00
1.667520405755126278e+00
2.068338896676507499e+00
2.230508604806594963e+00
2.214194610505670457e+00
2.257961764107253799e+00
1.870387447179497009e+00
1.645424199237663476e+00
1.789162444790614703e+00
1.645542683579875876e+00
1.704316835609856362e+00
2.088756994114753240e+00
2.299537450057787424e+00
2.244661462928455808e+00
1.916158595488652416e+00
1.660975623267854973e+00
1.734631674541109225e+00
2.155040224370549762e+00
2.107869142723673317e+00
2.337441904274749849e+00
2.507467280256887587e+00
2.402516168487642823e+00
1.708721775769491025e+00
1.705549174671409762e+00
1.594914206105289889e+00
1.604193809103031221e+00
1.193145018990962258e+00
1.384639805421092884e+00
1.508570366967034726e+00
1.426176889661497915e+00
1.724301652985366307e+00
1.639605166507077660e+00
1.526408150249142004e+00
1.563651132380436737e+00
1.217749361758297511e+00
1.253572042602622227e+00
1.556555381063225774e+00
1.721326699510163927e+00
1.674698225556070952e+00
1.544999936345994307e+00
1.354617762127694469e+00
9.702899144280611177e-01
1.068947914125924603e+00
9.892576098485283964e-01
1.387180935797361236e+00
1.213448591340378080e+00
1.077942775007101117e+00
1.379584318979681701e+00
1.278420288816837003e+00
1.379858484993611301e+00
1.356982914549418551e+00
1.192013996616452465e+00
1.231835022858615458e+00
1.379040044743247151e+00
1.191714516294731352e+00
1.319756433712389487e+00
1.482373589418713111e+00
1.467264876640034243e+00
1.430253159505246119e+00
1.131241761850444227e+00
1.443309730036363314e+00
1.315694190619087767e+00
1.711003783064360295e+00
1.459880586502048549e+00
1.126412822615430853e+00
1.533229662608404098e+00
1.476264939871405613e+00
1.629105491537383932e+00
2.029240865838088492e+00
1.914469094232195578e+00
1.951508168418437439e+00
1.714535269853927124e+00
1.655550488101020790e+00
1.790463977804380935e+00
1.703711237374411880e+00
1.977074810024889606e+00
1.689022664507516813e+00
1.190047589921058302e+00
1.325879711812788964e+00
1.326593839420312726e+00
1.246685367086718621e+00
1.372589696202503484e+00
1.142595810182617688e+00
1.127635672563455760e+00
1.143253969911343093e+00
1.386584556516403666e+00
1.527634707889881094e+00
1.081576916657323251e+00
1.304557153545196080e+00
1.252006196041328012e+00
1.537912478393646420e+00
1.590184786983910303e+00
1.726205846824370616e+00
1.436522467403855474e+00
1.528793350957147190e+00
1.444578163696622841e+00
1.258367702493756068e+00
1.249587418220375445e+00
1.088395150879023943e+00
1.389647812144627181e+00
1.143083100072133984e+00
1.232945847327050259e+00
9.439367268390608245e-01
1.120332639127285645e+00
1.188552257204409601e+00
1.316589600525766901e+00
1.224867015908330803e+00
1.417878308289190592e+00
1.407069573962299369e+00
1.133456242242080636e+00
1.106693332384287576e+00
1.192771591646020202e+00
1.376620066167419942e+00
1.307121845693258066e+00
1.314772015408837147e+00
1.489959638612476489e+00
1.613718763223535024e+00
1.494873164487836803e+00
1.345128484460971219e+00
1.480642470041709347e+00
1.601163268551399455e+00
1.539099954453448271e+00
1.355206678695403122e+00
1.619867892304153845e+00
1.483677665118838362e+00
1.537690124799534930e+00
1.772150826530147105e+00
1.613459659052498996e+00
1.863511613239345666e+00
1.526334630878209531e+00
1.489644316554212811e+00
1.872676820100137807e+00
1.768378952187667386e+00
1.830834697153113089e+00
1.506539921325540154e+00
1.503232045562959973e+00
1.722238088598764483e+00
1.531148222382308743e+00
1.482893259688061960e+00
1.563484047393275178e+00
1.224239347488623952e+00
1.460036808545063458e+00
1.339198098252174507e+00
1.354216193633698495e+00
1.092471401792984187e+00
9.638898149934818083e-01
1.130279824615080031e+00
1.406160049490881025e+00
1.277257410794125470e+00
1.240189205305773257e+00
1.306279989439571798e+00
1.282799579848002969e+00
1.027931491518160545e+00
9.568248841626068035e-01
1.451692596926067225e+00
1.194613701220760937e+00
1.571977142575950115e+00
1.742525608355288247e+00
1.744408344026834756e+00
1.641486552650620157e+00
1.910324800372303899e+00
1.472888525953901739e+00
1.235428914665011257e+00
1.368728146525358014e+00
1.309664910143949257e+00
1.287509313567708702e+00
1.527828284204154841e+00
1.298204414040649901e+00
1.147404772775748594e+00
1.486948374498084924e+00
1.571472807982092545e+00
1.870880225281575271e+00
1.763188087799633097e+00
1.567722493005893281e+00
1.790971046539903133e+00
2.125010253223909462e+00
2.171938297890398939e+00
2.170532559998592070e+00
2.014358673590338711e+00
1.857084488746282958e+00
1.980765110271687668e+00
1.564641828320616046e+00
1.734878474353334088e+00
1.574867180984674375e+00
1.885378515566289881e+00
1.748865533537045325e+00
2.105005470563683811e+00
1.603239146281834060e+00
1.065028520860226813e+00
1.091640553955367743e+00
1.080564063258673491e+00
1.505652307674741230e+00
1.110962808815498581e+00
1.468400064583883724e+00
1.714633405977443736e+00
1.827183270645225122e+00
1.500829843117844398e+00
1.573238047478740853e+00
1.777190525381403319e+00
1.273920288066237472e+00
1.732064317776585316e+00
1.585080943851814750e+00
1.430991447764501601e+00
1.930967937632083409e+00
1.783060629584545698e+00
1.600577836877888238e+00
1.356022711230883360e+00
1.580108672227525046e+00
1.711149802322155855e+00
1.650503327061844550e+00
1.653480293723448291e+00
1.980791149109465188e+00
1.590498542983955765e+00
1.820692551590783026e+00
2.015338006312496599e+00
1.928707595431268018e+00
1.834218714837412056e+00
1.960742000520211636e+00
2.288184631006320302e+00
1.938610367763155429e+00
1.743593945623597596e+00
1.496768461911218040e+00
1.827703708819062856e+00
2.021621045744172118e+00
1.900789591062498118e+00
1.458099069512774015e+00
1.465565506973183219e+00
1.711843312775353843e+00
1.864276302452843481e+00
1.533600403826934855e+00
1.758506789496281586e+00
1.691687246389483867e+00
1.794185450089157419e+00
1.430760304061255539e+00
1.719797670513588672e+00
1.953453357326673689e+00
1.541294976495355407e+00
1.664251943817966151e+00
2.039500371581021820e+00
1.934456316022478806e+00
1.573618227166952321e+00
1.733076291450311945e+00
1.698793706439207796e+00
1.335430839155082872e+00
1.442203219129225999e+00
1.499064385088058504e+00
1.830455447970761318e+00
1.822142228905118344e+00
2.159713440348246749e+00
1.951939763293891517e+00
2.104545522985405093e+00
1.877182837670034576e+00
1.739632356493696852e+00
1.600987447205001191e+00
1.912403961491027093e+00
2.063703089505861232e+00
2.167016221654549213e+00
1.958876548314913535e+00
2.185533253918724217e+00
2.328420424845717651e+00
2.673125403383062704e+00
2.457972365226343658e+00
2.037287094167421042e+00
1.531510700768844435e+00
1.484834730000302638e+00
1.632582589604668399e+00
1.638999894620476683e+00
1.400118236431001639e+00
1.189322049702111972e+00
1.153031188180906774e+00
1.216445320905562566e+00
1.225199233686224520e+00
1.153251296539296700e+00
1.263214605635910814e+00
1.302998729686185797e+00
1.338677659072492254e+00
1.470061981513505867e+00
1.456118139975986159e+00
1.112521438922596806e+00
1.017186650102549050e+00
1.252427744518134878e+00
1.299449914829686081e+00
1.335825455470846412e+00
1.134374678939135128e+00
1.769362530665782973e+00
1.773575481175896362e+00
1.902771407580656104e+00
2.320935197453423804e+00
1.968820762098772548e+00
1.844893834211878358e+00
1.669813462727169684e+00
1.520779054425801080e+00
1.756640586754395272e+00
1.817852597738186748e+00
1.492634632347462631e+00
2.057058724679084349e+00
2.141827331034281912e+00
1.934980373663128805e+00
1.438865077229756428e+00
1.784436052109499293e+00
1.714722242127725282e+00
1.538175907328126035e+00
1.379381936165998246e+00
1.729626406217833923e+00
1.729617740246744972e+00
1.238974405484956520e+00
1.732816277253963921e+00
1.539554252627153508e+00
1.028605713232503494e+00
1.474483020245759723e+00
2.113185611419766019e+00
1.794708674576783736e+00
1.709732657981900106e+00
1.779579542379768897e+00
1.643830517430806104e+00
1.706971228089265935e+00
1.708812940003169523e+00
1.627081570095979535e+00
1.295578650901588524e+00
1.145587589655725491e+00
1.131689828477780324e+00
1.066044808443418868e+00
1.198380302412271670e+00
1.345882134177860845e+00
1.107923911071147849e+00
1.197820931158374513e+00
1.074831575139157502e+00
9.856941907222633859e-01
1.091867444454934777e+00
1.452875782793927817e+00
1.358706363764735858e+00
1.606123751239153741e+00
1.575359842222193274e+00
1.907452489995306921e+00
1.830048524305908364e+00
1.597175975486978317e+00
1.839761546546262228e+00
1.468445965655828411e+00
1.858876650061172420e+00
1.640730048006888486e+00
2.069263423901599008e+00
2.094681607605092477e+00
2.086410411169007606e+00
2.351441394665052087e+00
2.294108001950536657e+00
1.933693071421046739e+00
1.996816101905470653e+00
1.262119172569318382e+00
1.125172845883044337e+00
1.325109520120592022e+00
1.683221766539235054e+00
1.658773763496913745e+00
1.613586847524363321e+00
1.518077458848791750e+00
1.328896205462535285e+00
1.573016739597814961e+00
1.237735399347672294e+00
1.388496532902876890e+00
1.313119356219758282e+00
1.311162037798813795e+00
1.446497273333745559e+00
1.802193635941711225e+00
1.846437846345661660e+00
1.758973271883458755e+00
2.036021067488607894e+00
1.737371209415672801e+00
2.342863657026920787e+00
1.952299744755103816e+00
1.852821429121017438e+00
1.698745626622407023e+00
1.658725089329539770e+00
1.510340612522156789e+00
1.432435473723685071e+00
1.624076523264290861e+00
1.522609267954166956e+00
1.650973889203457112e+00
1.442623304113651361e+00
1.302652238317455025e+00
1.404091415448882607e+00
1.499697353958263646e+00
1.428878397408471779e+00
1.730172026221272752e+00
1.779514738030242960e+00
1.742071434945718700e+00
1.857771969119944133e+00
1.860227122652303056e+00
1.858288339998336092e+00
1.971890282082030765e+00
2.250839126290070435e+00
1.909380948810991629e+00
1.840663521262017044e+00
1.406712998707455142e+00
1.298722837950515574e+00
1.523442778133429876e+00
1.567072100733812867e+00
1.324800309610689508e+00
1.041863025561869494e+00
1.068442411770273770e+00
1.235959961317848466e+00
1.335070394092514157e+00
1.010933533823382469e+00
1.098852260797351876e+00
1.159430667284102823e+00
1.321471061983332751e+00
1.132549059437206962e+00
1.067186728494861070e+00
1.420423795664375932e+00
1.395330494027304358e+00
1.912967541000147875e+00
1.664383019603083769e+00
1.896540561145127146e+00
1.496464692683100672e+00
1.856659350852717827e+00
1.533322839060127230e+00
1.652930941551043809e+00
2.166151190982679164e+00
2.018357579248684530e+00
1.601450986488088590e+00
1.153767993315067297e+00
1.308258565750840319e+00
1.422705477126267271e+00
1.225048493792814996e+00
1.464056537321366314e+00
1.237390562006708272e+00
1.500312223216844210e+00
1.610382926674818194e+00
1.430847258163146840e+00
1.581020620630485096e+00
1.671027690794244069e+00
1.329222580167039203e+00
1.301622414872383837e+00
1.204512108437278295e+00
1.230657398306101102e+00
1.247729418786361011e+00
1.539964856581113040e+00
2.193516084695836810e+00
2.229452377972410915e+00
2.601123230016431087e+00
2.788400677883828394e+00
2.253400506441066486e+00
2.116770930122155114e+00
1.689728805789460386e+00
1.659224023483672816e+00
1.415240372953593617e+00
1.708857892414695545e+00
2.091793496525343521e+00
2.236833524597390266e+00
2.315665824769631342e+00
2.194422387370916550e+00
1.907609690266166114e+00
1.928908757788595274e+00
2.363745686590677852e+00
2.537051959294586378e+00
2.180164792190132594e+00
2.059326002049244320e+00
2.240255428179748431e+00
2.250594634339936562e+00
1.963959961131985343e+00
1.877510577263606040e+00
1.803403244820883877e+00
1.852522174420021095e+00
2.204078984462450208e+00
2.094649975460090463e+00
2.240566926176947860e+00
1.573188336747568083e+00
1.362918438258001075e+00
1.554892619098859896e+00
1.619322239669207963e+00
1.723454931111843003e+00
2.231112326267118640e+00
2.631996780023605265e+00
2.301440313131026372e+00
2.133722671993486752e+00
1.986529667189147474e+00
1.918973412446008942e+00
1.869256582422978985e+00
1.829657648653160384e+00
1.656789436184642028e+00
1.474339191527750614e+00
1.398346642190332556e+00
1.394710807375438621e+00
1.180262434052004705e+00
1.771842032776960840e+00
1.788190629811600818e+00
1.347355652712267648e+00
1.553475483912901467e+00
1.643842421167422962e+00
1.732941742951213726e+00
2.070100858147499334e+00
1.527538642217481701e+00
1.731235665115431477e+00
1.780008336023263471e+00
1.766148197949293674e+00
2.176458852967673163e+00
1.803312669802584089e+00
1.420609923934625707e+00
1.309610037473656341e+00
1.184802043542816596e+00
1.263768351471506346e+00
1.412376689882456127e+00
1.373163263182670901e+00
1.128139729996133545e+00
1.235918257363027628e+00
1.295447826388018475e+00
1.136885198762751958e+00
1.201167137672639385e+00
1.244107987294609252e+00
1.049138531607300751e+00
1.194524249410568562e+00
1.055326464713359336e+00
1.067157119132799759e+00
1.076497114550889034e+00
1.173636142630304802e+00
1.118758840252558784e+00
1.166265816165204638e+00
1.367061983688277804e+00
1.104868044695507701e+00
1.272944065952430481e+00
1.482949630021073162e+00
1.237959446355057835e+00
1.235818244287660406e+00
1.463972698733737365e+00
1.386432360971339817e+00
1.660505673076735578e+00
2.034289771679727910e+00
1.948734420001050793e+00
2.073399213161637888e+00
1.861748060658447557e+00
1.844849938625959140e+00
1.950942993050682750e+00
1.328486657426839690e+00
1.466268324206684293e+00
1.540453774052124025e+00
1.565766035850795213e+00
1.443390002853434106e+00
1.513985310178347143e+00
1.786412873743232543e+00
1.919897799285298134e+00
1.842548674749084903e+00
1.757293281375788885e+00
2.076326560773694041e+00
1.920997930052187330e+00
2.043300268406962328e+00
2.551793903932157548e+00
2.464790047298312636e+00
2.438119806463455053e+00
1.848959881995938082e+00
1.856731524714186010e+00
1.819227094625749164e+00
1.740574480532538049e+00
1.919203078485413716e+00
1.719674407470162869e+00
2.048689843547697897e+00
2.140681266157841822e+00
2.448902486074418849e+00
1.916667396371307008e+00
1.542053428892463662e+00
1.671758184109281231e+00
1.961478501916454453e+00
2.150404095346801991e+00
2.129861535028898523e+00
2.371777353632916530e+00
2.197176071291369048e+00
1.893511024989788183e+00
1.924065816356347769e+00
2.198135659143129139e+00
2.343353616564448849e+00
2.330552899709528614e+00
2.480651086606920241e+00
2.483358076999737207e+00
2.423544520582804562e+00
1.749223266746739114e+00
2.061999841480037787e+00
1.710045490085783770e+00
1.360385363605703279e+00
1.288029207750895910e+00
1.127839055625781794e+00
1.225041102325015396e+00
1.003257112051980204e+00
1.197704683289793293e+00
1.502505035259310340e+00
1.551279436708604242e+00
1.369335047566708985e+00
1.425906779763387311e+00
1.405547493140763216e+00
1.417893154065398287e+00
1.424372583573035200e+00
1.597595977207507012e+00
1.372984629911369936e+00
9.775960795284028837e-01
9.123959837507702453e-01
1.109562291409106782e+00
1.178260737140885750e+00
1.403583992568965488e+00
1.143389573580736007e+00
1.520610090520441826e+00
1.542809361040285987e+00
1.835214966219890220e+00
1.883972278031586844e+00
1.892893158190201097e+00
1.841539016525199912e+00
1.559619590259783140e+00
1.516521838793911670e+00
1.431691381548683140e+00
1.792985987468026954e+00
1.828187093265011942e+00
1.726182453978265308e+00
1.934874267158950945e+00
1.615022182350463131e+00
1.857346843687419424e+00
1.967566265553955418e+00
1.912309913610388712e+00
1.738136494613661043e+00
1.317541490649603020e+00
1.682347670426057817e+00
1.602196170950282328e+00
1.910219730860236442e+00
1.942236905924221269e+00
1.623284246043447787e+00
1.812692786558874891e+00
1.462222191515359704e+00
2.056589490050093172e+00
1.957838096189876698e+00
1.687244296551279055e+00
1.241751339723801584e+00
1.313137640877762635e+00
1.696866420163859690e+00
1.864320968687781521e+00
1.606159618444864323e+00
1.675305463830012886e+00
1.473927725327758509e+00
1.736828641237923465e+00
1.677685037961003323e+00
1.277031072349639196e+00
1.519325363759264080e+00
1.260072624572393440e+00
1.055614453446472423e+00
1.219162684540879615e+00
1.076619303311438625e+00
1.045767965619726070e+00
9.767705397366818199e-01
1.148142795507969494e+00
1.202700489984813048e+00
1.237121530040785400e+00
1.223343564981580478e+00
1.404756685378672154e+00
1.513439261496716259e+00
1.343127285078815181e+00
1.490994285020944554e+00
1.389002347368736956e+00
1.672176771655164762e+00
1.560250607329832562e+00
1.487998960596522924e+00
1.442679805981162522e+00
1.323636356577930551e+00
1.254114370139035373e+00
1.249412576065774827e+00
1.337770197380812265e+00
1.315495426475288276e+00
1.711927145787982996e+00
1.318365591084887711e+00
1.205029464582829224e+00
1.184216187785907648e+00
1.097381691817682414e+00
1.053444207816083944e+00
1.220345957466574038e+00
1.241169614049993930e+00
1.571036414862528430e+00
1.541404647570763231e+00
1.635630089784122276e+00
1.303761061793500708e+00
1.495921858287740269e+00
1.392573884567443798e+00
1.296262349992736151e+00
1.214832671091567562e+00
1.129265851099090057e+00
1.164799745862238778e+00
1.223983998581981147e+00
1.354696252527507028e+00
1.327583361488940517e+00
1.596592233687693430e+00
1.226550254044612265e+00
1.339966100264195825e+00
1.470012787463388815e+00
1.569997923372330684e+00
1.865259382886075956e+00
2.039393985691353883e+00
1.812152837749046785e+00
1.846987754178513130e+00
1.621380067424172289e+00
1.410248736592421004e+00
1.526450587953114502e+00
1.728275386716416895e+00
1.487413749335687818e+00
1.735712762283952770e+00
1.709761045219945874e+00
1.732685236893615199e+00
1.630146882894426996e+00
1.510605794928983059e+00
1.794510391326044729e+00
1.436608199582172896e+00
1.563074900643196763e+00
1.706822774073009086e+00
1.449586858160762270e+00
1.474042474368332023e+00
1.562017893793898438e+00
1.402373391563468630e+00
1.186023340041050700e+00
1.358580193405777292e+00
1.619078750580656978e+00
1.643463527925959289e+00
1.262751794218721857e+00
1.028543366264917269e+00
1.196954519743491208e+00
1.202846811080369172e+00
1.514756261400045823e+00
1.396237904458242252e+00
1.096165798989256812e+00
1.199863517966432758e+00
1.203494883992269449e+00
1.122492879514153552e+00
9.615395294896302847e-01
1.117196565396368468e+00
1.325190384410622091e+00
1.349499213449788293e+00
1.067945816185228658e+00
1.127459346750079971e+00
1.055308046499294994e+00
1.072473102417979440e+00
1.131636245132607854e+00
1.278591735798771722e+00
1.200023386900350486e+00
1.135805379202210252e+00
1.362403215871447637e+00
1.504788811201956289e+00
1.316165346671745340e+00
1.126647253697957707e+00
1.072269585420741578e+00
1.059432420101735772e+00
1.206955902930558544e+00
1.420631468818968957e+00
1.484598003625117846e+00
1.659050686097808924e+00
1.454584408964502806e+00
1.441237711969841628e+00
1.413667180167299753e+00
1.519822061122403145e+00
1.445908953483928228e+00
1.420503251454270144e+00
1.199125664445110706e+00
1.153946696319243292e+00
1.343492695102415091e+00
1.249079751413204153e+00
1.130441719408135759e+00
1.113351820502181289e+00
1.389565055002607075e+00
1.525411339072907158e+00
1.799062430951567926e+00
1.679622289731752760e+00
1.704768286649613218e+00
1.581310169415319100e+00
1.475009575126078554e+00
1.716562989958203778e+00
1.327609005233442385e+00
1.516679660272580055e+00
1.428608255316122788e+00
1.247728310354069059e+00
1.265288096526603345e+00
1.442129246578981672e+00
1.617706975599691566e+00
1.782264911314961786e+00
1.884521730379372872e+00
1.517698043727815138e+00
1.257958910386662188e+00
1.172564566472870551e+00
1.562630438455660631e+00
1.660743226551998353e+00
1.651311327676658891e+00
1.761476855194620716e+00
1.842578762538584769e+00
1.655464875995486196e+00
1.777304827386989361e+00
1.495081476210835758e+00
1.671544374732243599e+00
1.530107560575673986e+00
1.554101433273337163e+00
1.111434301629027122e+00
1.436852053527309714e+00
1.719136061014718608e+00
1.473346633893350077e+00
1.460863357422663045e+00
1.161563247719186398e+00
1.335666960980956608e+00
1.113188623076249106e+00
1.309052972863539388e+00
1.151360626329881676e+00
1.134742741323098825e+00
1.284808396162320010e+00
1.402042976792210682e+00
1.636946489198979782e+00
1.149760960045951741e+00
1.136489719261748688e+00
1.242426872379116309e+00
1.493788791931971893e+00
1.457575348300831353e+00
1.694768613062570539e+00
1.383773589066669807e+00
1.577183349527102152e+00
1.339072154430298589e+00
1.475542276559765220e+00
1.477088331292818246e+00
1.632937685269374883e+00
1.606472565397623953e+00
2.081282947302790731e+00
1.718899145294915165e+00
1.859450769881268117e+00
1.729618475258916321e+00
1.834488395651505677e+00
1.664783535796535041e+00
1.340083541794379940e+00
1.360058841481534664e+00
1.340167169423603033e+00
1.336941097354945818e+00
1.807744359515847554e+00
2.332875823244926039e+00
2.070761118477141949e+00
2.215827915785380409e+00
2.239972461784575763e+00
2.412293234353638738e+00
1.998361745389330979e+00
1.937479543035129259e+00
1.650184221433093956e+00
2.140472648918253284e+00
1.605911145620140701e+00
1.563571208248170308e+00
1.491468064635256940e+00
1.729201213292525185e+00
1.804875608398420539e+00
1.785073499078477788e+00
1.739920417229571470e+00
1.473133529307501188e+00
1.591234533584978461e+00
1.728498350647691417e+00
1.570460799217167525e+00
1.344449543844539185e+00
1.415628129338716512e+00
1.265554535445642559e+00
1.228274407399780443e+00
1.154560710766163956e+00
1.276762340089314440e+00
1.286684530578635632e+00
1.322624231872792544e+00
1.161574537703946586e+00
1.232937908785497916e+00
9.957908753164872451e-01
1.015060388251694867e+00
1.315499306453536743e+00
1.206709895726969073e+00
1.238804718907942526e+00
1.369813420398586779e+00
1.554531637493142382e+00
1.812310728220683842e+00
2.004735506410241452e+00
1.910550027357998504e+00
1.709315396993824621e+00
1.491589572194814028e+00
1.319421252570983194e+00
1.331957010637620176e+00
1.378786688273015315e+00
1.634893797426477668e+00
1.432675021946004046e+00
1.722489364139816459e+00
1.953098261017390813e+00
1.788841733113691879e+00
1.678243021291931036e+00
1.847312273712695685e+00
1.776904499097585077e+00
2.208102691422684227e+00
1.466360602107853239e+00
1.665456446464093965e+00
1.502401999031238056e+00
1.230142067162135477e+00
1.482295648790294074e+00
1.307040741327180955e+00
1.460638213056039358e+00
1.705864296470603891e+00
1.722694763240309790e+00
1.824836036264655847e+00
1.507080275309977679e+00
1.612099488354205024e+00
1.423777057732051876e+00
1.502006468943582362e+00
1.688050555531522834e+00
1.413606150019333763e+00
1.243258060993852387e+00
1.280342960045336431e+00
1.232738447390171910e+00
1.215328964011119117e+00
1.365026234502181524e+00
1.454994271544099327e+00
1.660614782863091055e+00
1.206607853378282691e+00
1.209208024573046769e+00
1.544606083569863175e+00
1.435605022488358307e+00
1.291981705494452903e+00
1.420987277539916160e+00
1.457893885654748978e+00
1.200416075663714777e+00
1.255567997944047498e+00
1.124283201286035094e+00
1.392397810851988993e+00
1.385094649396613198e+00
1.412826778402333838e+00
1.555728585064598324e+00
1.466608183924978492e+00
1.918074501872544246e+00
1.701552014490190778e+00
2.115570773455456965e+00
2.559931420608663188e+00
1.934038493122282265e+00
2.199976914798128735e+00
1.857680084986881086e+00
1.845601747596313125e+00
1.469378867679295819e+00
1.617808131964740825e+00
1.320321738850938287e+00
1.461204869514108440e+00
1.452628696370257266e+00
1.284509183684050981e+00
1.401114117452914254e+00
1.195166605425165729e+00
1.463775972327545860e+00
1.421900628969761549e+00
1.421042088561527139e+00
1.564374788140068251e+00
1.386851516771311799e+00
1.405910259982875665e+00
1.281408672147398731e+00
1.397384058127750350e+00
1.462932939605300575e+00
1.484264667866559861e+00
1.807966337718619698e+00
2.077077485882589780e+00
2.000626023113997842e+00
1.887568695750146519e+00
1.664838294449173972e+00
1.414074568264910514e+00
1.323039467277594472e+00
1.243796840124706815e+00
1.352585101540724200e+00
1.336326008124993470e+00
1.401024522685390572e+00
1.117344573514457151e+00
1.521204357255239392e+00
1.825430865809362757e+00
2.162873240138435182e+00
2.635942106187040501e+00
2.190210050575157386e+00
1.767427958043088942e+00
1.811500929581118191e+00
1.913322723075794318e+00
2.085488191254556423e+00
1.756273572449694287e+00
1.993891510755249286e+00
1.923890844033036451e+00
2.087253269659763433e+00
2.062046506590937689e+00
1.688046204970347519e+00
2.081756930339808687e+00
1.965904560253672884e+00
1.888368984125397665e+00
1.680155875955911871e+00
1.819507038609603278e+00
1.507506267455087867e+00
1.648159138314939653e+00
1.616514336814972141e+00
1.731713293084728322e+00
1.685885462703529347e+00
1.591357209477860302e+00
1.406705801502286857e+00
1.801976005893567878e+00
1.413697092517622211e+00
1.253977452079825916e+00
1.135062730578251911e+00
1.258702654101284901e+00
1.414816356060426328e+00
1.379596031561252545e+00
1.222488910123607164e+00
1.213827830938964514e+00
1.064653189375298625e+00
1.092806702967951571e+00
1.319024619406020449e+00
1.183441923124702422e+00
1.079792270275802490e+00
1.032686724461523653e+00
1.225597996339360174e+00
1.217536104815335918e+00
9.547481920707540093e-01
1.003700120284681807e+00
1.127921621650998629e+00
1.549979159763900771e+00
2.017707424331209420e+00
2.118434759322942451e+00
2.070032520941586629e+00
2.261309606205344824e+00
1.944386712927718808e+00
2.366178471240985459e+00
2.434919260701702726e+00
2.348472378828906582e+00
2.495105194402281068e+00
2.302519070219295916e+00
1.669322687392845950e+00
2.185655511756784630e+00
1.663576974968309363e+00
1.478931609366001432e+00
1.614022637054055132e+00
1.422553761325282329e+00
1.440931876088771935e+00
1.364717720766102538e+00
1.092412999687119246e+00
1.191432841797912756e+00
1.250493140193307262e+00
1.440963599622332225e+00
1.272640135251576377e+00
1.144080489301298575e+00
1.292574065947760253e+00
1.754825255275742180e+00
2.079186066558904145e+00
1.904566917730774911e+00
1.923868561683780065e+00
1.630603855935049751e+00
1.759328526794436076e+00
1.861269545239641277e+00
1.760929228727538209e+00
1.447592488247445575e+00
1.231522342621172772e+00
1.295973969541662107e+00
1.349903311962488361e+00
1.608900306739086794e+00
1.282142392300963385e+00
1.252124200720187597e+00
1.508623635508677507e+00
1.225993763885918852e+00
1.367562647687011967e+00
1.309555482739222843e+00
1.416248289181467612e+00
1.107477882918439294e+00
1.246686234954903938e+00
1.123838131945212426e+00
1.378508764028701261e+00
1.372994779969826329e+00
1.240927118389793193e+00
1.031657494406040376e+00
1.294689356763840893e+00
1.615618159266765774e+00
1.615108963865970582e+00
1.698933244604321935e+00
1.594018589765178628e+00
1.644673823825286041e+00
1.902938510048821641e+00
1.592044131081703506e+00
1.311531587172090951e+00
1.670860920953158191e+00
1.492840859195396330e+00
1.374080181255940891e+00
1.802721538793110145e+00
1.887078934251145812e+00
1.682000505576444205e+00
1.844771142746451265e+00
1.505675805923758270e+00
1.523604895500692891e+00
1.617918876525101801e+00
1.842815235901743343e+00
1.829006835780671913e+00
1.993723901758135186e+00
2.114020859331608548e+00
1.685632142968767511e+00
1.806304564132787505e+00
1.952293781934322459e+00
1.889796011330165060e+00
1.344219168605249592e+00
1.152425058609845454e+00
1.452260014366661078e+00
1.344908828406258028e+00
1.593715847036294431e+00
1.122309036954851624e+00
1.334163404091291083e+00
1.379337169233723959e+00
1.384948502289923722e+00
1.493925601407270376e+00
1.102075300753885712e+00
9.333457750647493611e-01
1.351725678532469166e+00
1.253325891385464352e+00
1.336279940391725374e+00
1.478327094065837954e+00
1.423569087917319509e+00
1.270179647891324981e+00
1.617162975326031704e+00
1.771692914992062828e+00
1.305945891946379334e+00
1.233290253485649135e+00
1.244919914233753699e+00
1.037892811151505779e+00
1.074386017203028842e+00
1.089933667744543033e+00
9.705788659328465906e-01
1.020885412746245891e+00
9.959350816120677852e-01
1.256291244236470650e+00
1.379698647865919003e+00
1.596038099329477822e+00
1.716306007394013511e+00
1.388936793885913845e+00
1.464189576163550166e+00
1.036277479932764756e+00
1.334463525734189027e+00
1.545357004350702113e+00
1.604671209401814513e+00
1.797424889136284509e+00
1.529012566638952686e+00
1.389331936499791809e+00
1.267494949923502645e+00
1.102169868229145200e+00
1.114643416718604341e+00
1.227205648847869757e+00
1.124929487577326137e+00
1.142522878937911379e+00
1.157592054173017804e+00
1.296530119467420361e+00
1.285598602386216704e+00
1.476660906296502151e+00
1.455462683171727223e+00
1.529645743210985342e+00
1.789779827925876976e+00
1.772489242184668745e+00
1.686899879108948674e+00
1.898283993547286830e+00
1.715473120135487139e+00
1.865922813830255267e+00
1.909632157681041109e+00
2.097945376659303474e+00
1.974553765188411081e+00
2.237831708090176619e+00
2.187116351195837805e+00
2.773456535779038390e+00
2.630231261001575227e+00
1.855412303017035303e+00
2.168617484466676792e+00
2.079287756654415453e+00
1.945969789635703551e+00
1.945393239264211038e+00
1.951396220409668203e+00
2.048686753892725587e+00
1.939459204810924264e+00
1.930119895249212014e+00
1.739671874033745569e+00
1.935333615733943802e+00
1.901145675572825544e+00
1.733011220041848377e+00
1.576814350354181160e+00
1.587633884839365850e+00
1.348014102669264025e+00
1.275829299689711149e+00
1.499305678819163656e+00
1.484702008988973532e+00
1.447806488711381512e+00
1.315948096415672897e+00
1.231771390017684542e+00
1.121050744749325423e+00
1.517828644359719092e+00
1.720945016083470280e+00
1.818437185197967043e+00
1.913412260818994515e+00
1.812678509530957660e+00
1.748819162826224627e+00
2.061100462266755695e+00
2.004001307106158425e+00
2.253903626799055981e+00
2.203041425746601778e+00
1.803035745521580857e+00
2.076688259373161927e+00
1.787056190544909384e+00
1.980391761858324662e+00
1.649711261493773895e+00
1.974499941806904024e+00
2.387809014573370359e+00
2.407648263189801519e+00
2.245175652232018315e+00
2.327987344112082635e+00
2.562332698482949755e+00
2.214539270840438334e+00
1.882266147663467670e+00
2.017402974981414854e+00
2.033990644475101472e+00
1.723858708831103703e+00
2.019781245675654091e+00
1.778856066084184340e+00
1.834380744724392942e+00
1.506450937177793215e+00
1.808750826814020662e+00
1.692025207687945398e+00
1.815958136655482669e+00
1.707525375745948537e+00
1.608508686782321950e+00
1.878053890123777991e+00
1.915161992781082567e+00
1.764960795972067231e+00
1.247886620734782293e+00
1.223121518163227561e+00
1.313342902070717910e+00
1.164847067423876226e+00
1.387465421821393541e+00
1.388875007655147265e+00
1.454847147129180396e+00
1.947883157121204079e+00
1.767400638381601441e+00
1.394319521815892138e+00
1.375993516987402687e+00
1.642307971178339931e+00
1.744753263493541429e+00
1.239752316294925993e+00
1.132983666983288895e+00
1.107738131137334214e+00
1.123751873887728570e+00
1.284557430909033293e+00
1.030563319526270893e+00
1.445254213088336570e+00
1.268194103965170516e+00
1.603683256148485059e+00
1.556966487332232640e+00
1.798528483345506190e+00
1.853104024609880440e+00
1.730005571658828289e+00
1.719782345098987308e+00
1.430379305787802480e+00
1.584130827934008501e+00
1.453304448879164434e+00
1.575328880604066839e+00
1.428354590470753083e+00
1.463362996003637617e+00
1.154087868921324089e+00
1.208256990972651712e+00
1.140474807040926963e+00
1.537676746597633315e+00
1.789279186490371210e+00
1.466421635172202365e+00
1.701439146319584372e+00
1.532102302835360863e+00
1.438986549748372701e+00
1.443649752780515882e+00
1.446817069082327656e+00
1.155853680524508320e+00
1.345707226905081155e+00
1.606358378046158553e+00
1.734819784751349125e+00
1.272542725528765128e+00
1.423704951415544429e+00
1.428024629323331851e+00
1.286195673435773124e+00
1.232949115953069885e+00
1.512693642631383284e+00
1.488044617381192536e+00
1.225447433320421942e+00
1.495685810909871627e+00
1.637788848236330752e+00
1.474010196621742042e+00
1.331124018827823718e+00
1.167127002113191869e+00
1.293665797913386539e+00
9.815466363872507038e-01
1.137034539214380802e+00
1.009717590835317758e+00
1.252465032620345031e+00
1.458437075539160910e+00
1.203447719603720545e+00
1.372557320862986430e+00
1.563674984226138376e+00
1.751574706955776550e+00
1.554511376176453963e+00
1.437520243620422855e+00
1.127151510814017543e+00
1.238630609521790271e+00
1.372394731509279042e+00
1.088574910297190668e+00
1.003049843098539728e+00
1.157562173468613009e+00
1.026143435677742799e+00
1.500452029250834540e+00
1.790653004445071916e+00
1.383231748695672003e+00
1.380837496655463958e+00
1.425998373585252388e+00
1.237598848249697348e+00
1.286997703983437713e+00
1.252079800629356976e+00
1.328893371437059212e+00
1.774066215273729430e+00
1.535103224004327416e+00
1.742796141289945089e+00
1.721670005795031599e+00
1.450120662494672086e+00
1.507196907521431095e+00
1.506929971981212590e+00
1.566734099005551828e+00
1.692434201204752187e+00
2.068887241467130433e+00
1.728932899313323279e+00
1.604795413992452069e+00
1.906825539867783803e+00
1.783199665524233701e+00
1.533507416291344461e+00
1.534193467460067684e+00
1.494279748945435138e+00
1.302319755176990057e+00
1.533099813763642016e+00
1.398101252908888092e+00
1.751559372344220877e+00
1.682567014987525145e+00
1.097202735211245672e+00
1.172495957009334511e+00
1.231331834876457032e+00
1.228386955017400473e+00
1.500594607873732445e+00
1.371071352520430997e+00
1.193874648682521800e+00
1.238447306640843459e+00
1.061670575872126987e+00
1.038473236433410607e+00
1.132836203692502375e+00
1.198203371420301755e+00
1.023695077094866512e+00
1.023554286169735095e+00
1.388429288966915864e+00
1.152676266493557256e+00
1.304053894061734553e+00
1.554444818854816557e+00
1.405180741104275599e+00
1.534201547770074336e+00
1.703591032612943978e+00
1.749398093580385227e+00
2.076333828678691873e+00
1.634692551061165844e+00
1.652114188797941141e+00
1.395469590307884200e+00
1.207538414764294021e+00
1.169008677649536532e+00
1.791688009298310069e+00
1.710254666531886292e+00
1.664294060926019503e+00
1.408865202598290844e+00
1.618390464932030204e+00
1.594659562947587261e+00
1.513599910206570476e+00
1.098551830808747631e+00
1.321186691427512772e+00
1.001100722563486700e+00
1.017852844775041898e+00
1.104950664885352873e+00
1.051620653947564099e+00
1.253785265688540873e+00
1.173447383512200792e+00
9.226607583232815379e-01
9.964189362528200755e-01
1.146118144776764991e+00
1.266648509440836179e+00
1.054005186003178718e+00
1.030657558797290374e+00
1.106465902995082073e+00
1.085105650260113075e+00
1.090461483574451496e+00
1.378381539829008462e+00
1.386528572080622190e+00
1.659498853557060505e+00
1.668892860524143318e+00
1.829328768041450282e+00
1.721378534496080803e+00
1.791181537783378630e+00
1.630412048424833671e+00
1.572385329060531189e+00
1.522433055251766421e+00
2.020498812241109388e+00
2.092159471343122856e+00
2.431459000864068187e+00
2.109224932642143724e+00
1.984798853708047650e+00
1.803763634767299173e+00
1.793270465825046900e+00
1.839562024339646662e+00
2.076999801146842461e+00
1.752913621110081088e+00
1.465763674482050360e+00
1.950265615024139310e+00
1.877916741519707777e+00
1.755908356944813953e+00
1.812263741940167483e+00
1.745571294528165174e+00
2.131395807755326999e+00
1.925252756663366149e+00
1.864650024378108784e+00
1.643172715020001506e+00
1.333259665126920623e+00
1.295054423146444478e+00
1.373853189974013844e+00
1.417663530202206479e+00
1.382304157662838984e+00
1.674543069105719484e+00
1.755219487280455404e+00
1.873033186116440207e+00
1.663263906450093588e+00
1.630469841198803227e+00
1.639711264219061437e+00
1.628804082422066202e+00
1.618939776931985541e+00
1.617603214867376682e+00
1.575828393795796867e+00
1.880979202318460608e+00
1.692962343354288413e+00
2.246640426735767804e+00
1.743044581111145908e+00
1.701856717802366026e+00
1.789296854154674765e+00
1.905187687900926408e+00
1.341905237666761064e+00
1.398435991065859918e+00
1.033084456987475974e+00
1.121280971102167179e+00
1.272431280138785370e+00
1.202331640828391057e+00
1.373975607018245615e+00
1.458927514635000033e+00
1.616086695862000155e+00
1.520077221374126264e+00
1.481013262709121259e+00
1.592580855247520466e+00
1.386093493419178424e+00
1.438181184360378673e+00
1.701967186092629536e+00
1.138937945915386329e+00
1.040332718440523108e+00
1.172631309601500416e+00
1.258922725012752375e+00
1.745942733448327067e+00
1.415286133773137500e+00
1.908028027031407836e+00
1.544588413821964101e+00
1.695786700441993533e+00
1.397794988562976126e+00
1.430424988131851816e+00
1.691748437522343274e+00
1.546942367198502311e+00
1.734841210939008782e+00
1.749039686169545638e+00
1.658787816976117213e+00
2.146305454311622452e+00
1.879987821183696228e+00
1.141837096349018088e+00
1.217883619641742410e+00
1.057861396355563643e+00
1.015758856407302124e+00
1.180851093484751813e+00
1.447775268995041387e+00
1.949146392899789859e+00
1.585618810424568759e+00
1.101666224376723013e+00
1.548855514453026938e+00
1.468317826235813861e+00
1.249980285889211729e+00
1.259624168419088974e+00
1.470494886021917802e+00
1.573819713457855540e+00
1.544897134626801005e+00
1.459864662460578222e+00
1.340299306101998544e+00
1.188459721822406223e+00
1.365200173670233053e+00
1.156719841728254261e+00
1.168903562696798737e+00
1.032832499719442243e+00
1.201967124564400802e+00
1.223535246228227624e+00
1.246334712712155124e+00
1.398899685382579028e+00
1.279950865184680042e+00
1.095220561053732000e+00
1.031542395124835254e+00
1.026893073516400579e+00
1.034247153939594543e+00
9.384915956780170987e-01
1.048378423667615689e+00
1.163404717804792377e+00
1.432574925762337248e+00
1.300607124544061355e+00
1.279870639812935806e+00
1.426550285007857966e+00
1.632977018526138302e+00
1.493214277920044797e+00
1.343200039792037392e+00
1.430486626776592995e+00
1.488381371717047763e+00
1.415564885878871415e+00
1.354269750320935328e+00
1.248462461054169026e+00
1.789665409865795809e+00
1.657261255086581730e+00
1.805748897498426819e+00
1.611268745982735062e+00
1.603990480399158702e+00
1.400282531722695012e+00
1.728886666955863793e+00
1.726869523146332686e+00
1.672852124560623155e+00
2.149390727452349381e+00
2.466101507403257287e+00
2.463532117691503931e+00
2.099110862129637933e+00
1.761954583008066511e+00
2.106756158705076043e+00
2.145254503456972994e+00
1.775222851195542351e+00
1.555430606842303387e+00
9.983068370976249106e-01
1.297371277536081502e+00
1.547235463640228348e+00
1.715406556630010515e+00
1.750227743461285845e+00
1.994588727472858203e+00
1.742159644555636211e+00
1.625629256537442391e+00
1.599581425409908553e+00
1.551768567435445556e+00
1.157654378644738413e+00
1.060218897177440667e+00
1.106435604110082016e+00
1.332416267385610809e+00
1.606906158459066702e+00
1.563572439623651666e+00
1.556815281857680588e+00
1.794834000087000447e+00
1.879184891170295746e+00
1.642353140607752948e+00
1.843929972567252662e+00
1.739350943138180172e+00
1.538024881019792511e+00
2.017267985952624354e+00
2.025439396951755011e+00
1.754943700136333495e+00
1.847834954603094104e+00
2.165973338148647453e+00
2.278986286276158513e+00
2.083761043787343947e+00
1.658328418173838914e+00
1.287889505978673688e+00
1.814531723993157541e+00
1.376930654663688802e+00
1.219565409768795128e+00
1.128268501942390589e+00
1.142961521482001919e+00
1.011082369351254506e+00
1.107047392385436924e+00
1.161422983092888828e+00
1.330121962374620992e+00
1.524264534947955552e+00
2.149754276943396381e+00
1.629671197172648967e+00
1.711175710997149046e+00
1.616224025334367598e+00
1.473749312741999162e+00
1.504464653023656062e+00
1.694906019220193905e+00
1.615735768348069534e+00
1.886724092784378248e+00
1.498561532751216063e+00
1.541391414468656240e+00
1.351265089103122596e+00
1.187018249623936539e+00
1.228984697471789289e+00
1.349806514741910712e+00
1.339363611261719100e+00
1.348061137662717179e+00
1.201977143149198790e+00
1.367476631794222630e+00
1.200622465862118737e+00
1.256425016760164715e+00
1.057673600703048278e+00
1.293466928778114422e+00
1.418192407213914263e+00
1.479193131151722795e+00
1.705114129466939410e+00
1.727001248494718810e+00
1.895061975532014831e+00
1.958142509750543159e+00
2.112121385693136677e+00
2.074946818157342943e+00
2.120138970291777891e+00
2.067112476132330290e+00
2.355396891899877776e+00
2.236453598044945590e+00
2.410118475270968563e+00
1.818247279396695504e+00
1.432845087190333100e+00
1.588306738329661183e+00
1.712811171131598087e+00
1.893669845011208608e+00
1.653512944861762479e+00
2.022470729522234389e+00
1.983037440142629171e+00
1.734066476746088714e+00
1.588774316212089976e+00
1.254762824735552007e+00
1.126095788562139210e+00
1.119135811218327614e+00
9.602191857350654836e-01
1.159147900000949916e+00
1.009511850149999113e+00
1.179182525269022008e+00
1.338025049013798817e+00
1.427136869799300767e+00
1.321874771030430162e+00
1.209172532029475944e+00
1.148645205472264008e+00
1.103969095590407123e+00
1.087278141212936200e+00
1.189379703578361980e+00
1.120340219360586254e+00
1.099097048959340128e+00
1.327216443845175009e+00
1.382925036554395248e+00
1.134410542871486571e+00
9.441568506292732366e-01
9.243525884290501038e-01
1.010253581011473445e+00
1.051896483039120644e+00
9.397967435440016670e-01
1.369174359235667104e+00
1.571369364280216008e+00
1.719594644099440517e+00
1.762787652168662511e+00
1.785770184181297182e+00
1.883636019604330913e+00
1.870087448798686269e+00
1.791697917211447777e+00
1.719878445893391117e+00
1.697902517761542107e+00
1.415539271418944089e+00
1.360598941680434937e+00
1.213199692241638594e+00
1.126941845813819176e+00
1.488006443345939234e+00
2.001918819758471191e+00
1.392680193998257820e+00
1.835479156652876087e+00
2.140396194490337578e+00
2.041236670644397844e+00
1.930353568187301860e+00
1.600143541019101834e+00
1.818028642840324061e+00
1.725565670558507181e+00
2.079775938956380799e+00
1.891827631244475727e+00
2.239901536256832859e+00
2.235067974312627381e+00
2.039540337127386138e+00
1.920678666654678457e+00
1.990024510298755933e+00
2.220582391256673560e+00
1.844744285241874282e+00
1.840250021288065474e+00
1.345800536066151354e+00
1.163802584053890143e+00
1.504365019817355265e+00
1.706221944035513971e+00
2.100813612246789752e+00
1.745586401427244638e+00
1.616630598155547549e+00
1.736177765777067172e+00
1.778158794738301740e+00
1.658664305280621809e+00
1.475934693982129176e+00
1.346044342457335841e+00
1.254571907335895409e+00
1.164898449163851213e+00
1.421873747784589748e+00
1.288489166299074506e+00
1.229018303240206222e+00
1.145391869796724249e+00
1.117506334813964664e+00
1.073759043536782087e+00
9.902802329792849134e-01
1.252327307466614137e+00
1.329667003585756069e+00
1.280580249138685733e+00
1.142956491104717420e+00
1.072708181378454473e+00
1.091170895126926998e+00
1.050294171165129908e+00
1.174890711961610767e+00
1.033361659637073826e+00
1.213736453823437866e+00
1.079719207275575465e+00
1.241519623812989970e+00
1.137659612549937194e+00
1.048683717735040544e+00
1.161995986008234727e+00
1.524292836282959307e+00
1.234375180016318296e+00
1.200737148864544190e+00
1.221897730956862826e+00
1.191688080844713449e+00
1.464056219391645319e+00
1.738073541805011946e+00
1.307672947723410140e+00
1.479170869171167801e+00
1.626570042050861531e+00
1.927441057709509797e+00
1.733505630871196246e+00
1.767069966101297851e+00
1.627773983351798126e+00
2.090629412210137428e+00
1.781402153065509752e+00
2.118131580511974033e+00
2.049442390485514576e+00
2.116095553571586407e+00
2.098215120907975795e+00
2.076844682631494798e+00
1.541123743047810635e+00
1.756739987312719187e+00
1.659506899872396524e+00
2.018863231434526284e+00
1.883158744167150678e+00
1.897434426493271875e+00
1.560893420676922050e+00
1.236425437354467860e+00
1.378007463138069433e+00
1.829702884512165895e+00
1.692264631770500349e+00
1.660536149537029660e+00
1.712465636324774110e+00
1.638452497341151393e+00
1.279472866957751087e+00
1.413141190898677069e+00
1.295817765973173330e+00
1.242463865986010108e+00
1.291781996098994245e+00
1.254991593234332292e+00
1.400856713925869634e+00
1.194984275163304188e+00
1.494741266469270080e+00
1.747571190259693541e+00
1.528143653561760962e+00
1.490491738741940519e+00
1.878850317006469872e+00
1.948475323822554506e+00
1.884124327239974583e+00
1.961718909749144091e+00
1.841833105892222822e+00
1.816897820557022758e+00
1.860380426065072257e+00
2.113087017617365060e+00
1.896376455049960219e+00
2.279154466048583405e+00
1.702646733357100040e+00
1.488183952497563522e+00
1.107072910234313978e+00
1.220039332913521291e+00
1.239228639942347776e+00
1.430894944725087825e+00
1.503490341641203987e+00
1.666655903331683453e+00
1.418644596839525374e+00
1.697906643441325691e+00
2.051704218902782983e+00
1.568405237738486724e+00
1.664149508024663326e+00
1.444624665580083622e+00
1.512419681398440297e+00
1.843492507710032591e+00
1.823821877464670838e+00
1.430675079769068603e+00
1.693326824572519262e+00
2.026122670641353540e+00
2.009747964150177868e+00
1.758142704211516083e+00
1.611294622155923451e+00
1.601690385019217677e+00
1.731080868076185331e+00
1.180891794238201120e+00
1.207781084836498486e+00
1.201814224930106034e+00
1.329679291843493871e+00
1.490344965090321994e+00
1.320076646855500080e+00
1.560999847836534560e+00
1.826912014038873711e+00
1.967693786510692711e+00
2.051188990567036186e+00
2.314997753916626433e+00
2.284415950913607940e+00
1.874016526158347462e+00
2.387221560128139242e+00
2.207428524756303911e+00
2.235226230406892167e+00
2.172830707364998393e+00
1.931371121378429478e+00
2.172075661217000686e+00
2.009528464874431819e+00
2.296451285726998748e+00
2.211732301736625939e+00
2.186891392056197425e+00
2.225445356078108006e+00
1.897699395619562246e+00
1.879369584071174604e+00
1.819932606618012816e+00
1.748010955262988775e+00
1.862127833329004778e+00
1.661444184926079037e+00
1.306605155661851203e+00
1.583445949068027270e+00
1.213338876882813944e+00
1.382429830141609139e+00
1.410386358717056865e+00
1.224351239856356743e+00
1.310032322643331471e+00
1.646027886533214968e+00
1.816682660061342380e+00
1.476704171936337628e+00
1.653262818127896772e+00
1.622289215827162012e+00
1.426932917632963926e+00
1.482476179786425874e+00
1.485257588518959393e+00
1.587125782449883005e+00
1.417018470484050274e+00
1.416746663162526509e+00
1.616522143581517801e+00
1.859558430535535711e+00
1.886510027265748235e+00
2.220696115626825673e+00
2.087576649549181429e+00
1.885728545270054290e+00
2.176888632364600173e+00
2.073480671507160533e+00
1.996186603252447789e+00
2.115918438624297515e+00
2.049952034252409572e+00
1.882566721296283552e+00
1.660071471922852870e+00
1.582565863359960856e+00
1.510665385901097002e+00
1.185662452743073692e+00
1.263213040576144364e+00
1.111805028842720811e+00
1.477751072293895573e+00
1.696836320111814622e+00
1.716051724114085353e+00
1.605406556510143190e+00
1.581070948065865345e+00
1.832963886678434129e+00
1.938154024082389348e+00
1.412375280705719272e+00
1.669157885882940340e+00
1.706160167583335330e+00
1.353244828889485163e+00
1.548067414293859967e+00
1.720887306548796847e+00
1.601952010149030103e+00
1.227278261918703706e+00
1.296134562672678570e+00
1.623148747965938554e+00
1.245332759861685679e+00
1.221321546333725472e+00
1.399566094265933147e+00
1.235752472402303681e+00
1.452852556557790997e+00
1.272187149452593147e+00
1.234958243902991804e+00
1.522855613654062079e+00
1.735641791207885865e+00
1.216312019239566000e+00
1.242633436886259268e+00
1.366243544902068008e+00
1.423639585803788910e+00
1.699490363100794488e+00
2.067452734575248918e+00
2.078467985582044708e+00
2.011058578850128953e+00
1.985997493590864416e+00
2.320002469280010970e+00
2.222960742594069394e+00
2.009271275226355957e+00
2.225318099970313934e+00
2.024825536997198139e+00
2.108210985041582219e+00
1.757524354224273999e+00
1.742061137244209412e+00
1.492562245923466868e+00
1.150221074148249256e+00
1.179810386974780467e+00
1.130649093128342164e+00
1.637330888964848130e+00
1.375804444759459955e+00
1.543662943777765806e+00
1.332502275801195957e+00
1.443763416300248847e+00
1.235127834321711138e+00
1.954282824691916609e+00
2.127401263509987928e+00
2.038802122806548933e+00
1.906636095060251890e+00
1.597931014728859456e+00
1.545848809828388459e+00
1.666141534289782289e+00
1.919529105032167893e+00
1.808799270859033470e+00
1.601431334576737475e+00
1.556012981273323659e+00
1.372240349202392462e+00
1.765074143708468046e+00
1.588865147335432049e+00
1.364363561499728039e+00
1.877934845194240587e+00
1.822769061661217327e+00
1.385599655027045518e+00
1.676255095891685976e+00
1.656591680720779669e+00
1.990605801081196446e+00
1.848371179993272051e+00
1.658239312669279819e+00
1.814977352096091456e+00
1.829523798926740330e+00
2.038286004891085579e+00
2.046912759476419374e+00
1.950816510538340598e+00
1.747780036243115065e+00
1.599064818859340820e+00
1.393428733177615175e+00
1.414514623003836125e+00
1.334124221515144759e+00
1.335706802739240251e+00
1.299907443741163737e+00
1.157297978120962245e+00
1.119419442173038126e+00
1.679058512560643424e+00
1.446701676514510204e+00
1.577855222556792336e+00
2.085219389238297083e+00
1.756403999506271907e+00
1.542989394899299205e+00
1.699644944186421869e+00
1.619343594490046501e+00
1.531277595629934929e+00
1.884946902795343382e+00
2.079603716395872048e+00
1.925762884558372523e+00
2.215773726961710377e+00
2.150215951400219705e+00
2.494574199746301790e+00
2.161002404310085723e+00
2.185068288857266339e+00
1.946245662124631792e+00
1.967894799926125149e+00
1.900755583051370712e+00
1.824841785214884382e+00
1.839152284872164644e+00
1.989901136184645924e+00
2.157542041867644755e+00
2.353893805909885728e+00
2.241403983427173952e+00
2.151324796638206305e+00
1.759395775493601155e+00
2.241454561643087651e+00
1.896625974667221604e+00
1.891631095440819754e+00
1.559425018638131988e+00
1.392752312053371355e+00
1.454674607465014757e+00
1.559143491378803148e+00
1.454171206594562449e+00
1.507400286511846099e+00
1.616489183324178347e+00
1.963923972344666868e+00
1.988649049264571644e+00
1.822919993935028238e+00
1.954038028159497564e+00
1.482582004787641683e+00
2.024529123935282282e+00
2.180000238308033023e+00
1.914991906285036016e+00
1.961253321284236240e+00
2.158662083818389643e+00
2.000232187076457890e+00
2.111763458191890486e+00
1.788457443654475343e+00
1.797379589731332050e+00
1.616500062680055194e+00
1.419806777616373639e+00
1.234480989255596795e+00
1.352906243095836292e+00
1.578637665100079968e+00
1.431485781676866242e+00
1.300698142543433855e+00
1.330142849031028085e+00
1.460507961490457252e+00
1.590610025454209486e+00
1.614729906575739449e+00
1.685303017185602492e+00
1.424804623545841142e+00
1.553973902892054504e+00
1.542625777840143542e+00
1.729103203545536038e+00
1.954426404096047065e+00
2.143800763855542968e+00
2.010913150850182074e+00
2.140001521603890122e+00
1.613197369535354753e+00
1.829831556954052862e+00
1.958001269315710502e+00
2.035657642328739581e+00
1.689227042160375891e+00
1.463452028250005199e+00
1.277066277975598574e+00
1.495111642673383034e+00
1.143789468444658786e+00
1.092137587768895690e+00
9.710368032827976226e-01
1.010581432059921791e+00
1.106638575391336810e+00
1.046445664818143717e+00
1.038843927592249861e+00
1.044235496003351749e+00
1.185187793657396016e+00
1.361461545851595734e+00
1.449451296760530195e+00
1.680882624616047316e+00
1.691425188227156262e+00
1.243525773780962629e+00
1.774735878348856266e+00
1.755651826284016837e+00
1.509819161179515090e+00
1.397523350192361624e+00
1.578276740650980781e+00
1.600470922937708984e+00
1.481545425382475356e+00
1.544731469771601695e+00
1.611727712225852871e+00
1.256330199904937217e+00
1.619772586594508290e+00
1.096982335535547248e+00
1.128452286564715523e+00
1.065764029313600147e+00
1.103576797088358319e+00
1.414972969021274452e+00
1.200968725409685911e+00
1.003836494705044213e+00
1.153047099571701484e+00
1.080260995080059905e+00
1.468513302698431833e+00
1.269199309087793104e+00
1.352121733458928610e+00
1.597261917459113389e+00
1.066462000613223049e+00
1.037228125987880833e+00
1.048047890160554996e+00
1.295318002937420276e+00
1.135837072079189269e+00
1.162827896466438693e+00
1.339952413528089581e+00
1.171175966188732875e+00
1.131733529789760828e+00
1.084949877098479787e+00
1.093236189590938823e+00
1.042844144547280250e+00
1.147027267349373991e+00
1.149955201382710568e+00
1.210129983480310312e+00
1.231026473357065054e+00
1.384656786644082427e+00
1.708997965895236337e+00
1.682897765246186284e+00
1.781399622108802205e+00
1.704552284861810207e+00
1.833349131180243452e+00
2.152880647000619430e+00
2.115769153271870984e+00
2.333200793754531599e+00
2.421638853404262104e+00
2.271681406321370833e+00
2.460930772064378935e+00
2.358284414251061278e+00
2.335090711155392906e+00
2.506073164556571253e+00
2.485122792502030276e+00
2.394057667418030277e+00
2.136003388824449623e+00
2.166439593733387792e+00
2.140771392872633516e+00
1.524993839985169686e+00
1.713700820256077950e+00
1.635023745014444474e+00
1.555245281878222308e+00
1.560447805984217950e+00
1.538395866547671575e+00
1.372287099156710211e+00
1.967163300738122622e+00
1.967891219245575973e+00
2.147491813435796537e+00
1.718940683047919471e+00
1.788165289640023081e+00
1.548699222901203321e+00
1.704699088733345747e+00
1.673316833089733002e+00
1.815404138939965994e+00
1.809845516785870245e+00
1.789818279555768221e+00
1.891455679267590284e+00
1.885625128443527476e+00
1.298894222992273084e+00
1.395462992166587535e+00
1.159463383525445090e+00
1.766242465816758589e+00
2.004249850834820545e+00
1.648491964703062251e+00
1.770200039128538627e+00
1.577190336005569904e+00
1.564739527832530008e+00
1.615381660288185417e+00
1.270109555238987387e+00
1.301442876887297873e+00
1.365468063358736606e+00
1.804683921702501692e+00
1.818936513927053689e+00
1.719265157512795739e+00
1.919089692829753169e+00
1.695622419942887538e+00
1.638992797956813963e+00
1.949943997161696974e+00
1.431952552965757519e+00
1.314539248997573573e+00
1.296717174217432156e+00
1.609746250478118812e+00
1.579890582640443686e+00
1.792891591742463264e+00
1.897427385282764334e+00
2.083597985616104431e+00
1.794485454691472803e+00
1.623311328639961637e+00
1.664744004686438350e+00
1.338155731304511598e+00
1.153087430861533758e+00
9.917974154807436271e-01
9.612006723657661178e-01
1.255141138216903540e+00
1.259606595621205472e+00
1.572619451426587434e+00
1.784514584371794221e+00
2.121521313585808866e+00
2.089832697383251947e+00
1.820993526616926150e+00
1.315359699660535009e+00
1.430341831550489662e+00
1.417892988403432142e+00
1.220496718430844840e+00
1.254690304182465521e+00
1.318007919914482740e+00
1.603479997581402472e+00
1.491118813038109225e+00
1.369196893180869123e+00
1.471271626467026472e+00
1.416191214907940532e+00
1.235675663649442590e+00
1.283200159794094741e+00
1.263348722512153577e+00
1.371351460281609036e+00
1.209421003275719331e+00
1.868969223170235949e+00
1.636598953832616665e+00
2.032519199160166767e+00
2.232391842412712268e+00
1.440324403539265719e+00
1.767746256400989369e+00
1.430431255808431779e+00
1.351657706896946198e+00
1.143414151632718090e+00
1.097551077639408623e+00
1.106809572640238049e+00
1.223277604890512960e+00
1.067963223596104294e+00
1.231665209851538378e+00
1.087620243712757562e+00
1.512384041374176036e+00
1.182037790817654921e+00
1.211366070340630152e+00
1.369070555013314205e+00
1.578493527252955220e+00
1.634754481984823871e+00
1.854925859880899086e+00
1.437455864181671261e+00
1.722924466743325667e+00
1.633336362033048772e+00
1.544555946007792890e+00
1.674359339385309342e+00
1.389543813627777791e+00
1.480952566700608042e+00
1.467129546237278426e+00
1.445712435808688801e+00
1.601474330514115030e+00
1.614982137260795758e+00
1.407061075507515913e+00
1.384161539916122674e+00
1.532260220172848797e+00
1.955359082676418225e+00
1.894831873065079719e+00
1.380433402230400119e+00
1.542900341459245039e+00
1.345052605237413879e+00
1.383526673630293136e+00
1.301643840539310482e+00
1.462304031606798560e+00
1.359732324584151497e+00
1.341367619233657882e+00
1.496739441907415591e+00
1.522605971017343407e+00
1.472855833866229203e+00
1.395180705747479211e+00
1.478875871006754883e+00
1.400260637655309504e+00
2.017847662000023856e+00
1.634286249844209893e+00
1.678868408038375337e+00
2.226816569018412295e+00
1.783717534554010165e+00
1.193374086261952405e+00
1.688643416487439097e+00
1.617075100439785196e+00
1.730698789758846168e+00
1.528375315950043278e+00
1.615284518821673565e+00
1.363274522500433683e+00
1.111123358210103440e+00
1.343146354350941429e+00
1.228927871327284649e+00
1.049983271489272729e+00
1.370297608546223955e+00
1.739596233158666294e+00
1.843756164548704390e+00
1.785218927550455525e+00
1.879149052562806732e+00
1.879275984244409559e+00
2.028463078646906226e+00
1.671687363561056294e+00
1.476539043287549813e+00
1.680108558515487793e+00
1.529458178858572381e+00
2.157538636629186435e+00
1.943498669221440878e+00
2.104003808662490815e+00
1.652835562778250278e+00
1.939720503955817410e+00
1.674035839311798446e+00
1.792652859291409717e+00
1.563664927746689859e+00
1.182570829861308459e+00
1.251182270298721422e+00
1.396302541277025355e+00
1.505196456359947144e+00
1.520966092661674152e+00
1.508732513122137853e+00
1.332451509130515133e+00
1.322213035128239733e+00
1.328920236997490845e+00
1.836762427179748247e+00
1.811367698201159504e+00
1.797165738447102257e+00
1.648796459143764714e+00
1.785322065610496445e+00
1.853899946277437927e+00
1.560976714230580820e+00
1.742424717055523820e+00
2.283035948219496181e+00
2.354997380849794375e+00
2.160593588426514611e+00
2.169169738088127630e+00
1.977816402685101727e+00
1.810865472777495988e+00
1.926639556796344799e+00
1.530224432367923715e+00
1.695006631039251310e+00
2.167519332515542629e+00
1.573305511516794430e+00
1.717191022728653316e+00
1.487075482772163504e+00
1.653576554689768718e+00
1.263779219555563937e+00
1.210873880722187490e+00
1.310956267106003104e+00
1.319753208337115513e+00
1.390422383209165780e+00
1.772306459220052366e+00
1.860125345995154333e+00
2.116905199446347030e+00
1.911693861469848432e+00
1.964004370927581622e+00
1.595166121529650649e+00
1.295277745597019914e+00
1.350928675584901706e+00
1.109241663518163445e+00
1.417584447044564433e+00
1.134316360670712287e+00
1.464096509969895710e+00
1.456492822996851455e+00
1.331219470694490647e+00
1.442892811740594583e+00
1.308641856105085211e+00
1.152336226773806871e+00
1.048887996611280515e+00
1.309596869377783968e+00
1.495502773418904807e+00
1.589812642043042512e+00
1.314587229023458148e+00
1.412754385178483396e+00
1.300025439118721149e+00
1.584886370679693846e+00
1.606578571420148371e+00
1.677871366964397870e+00
1.852014858929933228e+00
1.767533462312445014e+00
1.668253211074407494e+00
1.672101542281803077e+00
1.591052863839272247e+00
1.396359071465946844e+00
1.279225100269154591e+00
1.505015109118448047e+00
1.429631102528838404e+00
1.452944751148222968e+00
1.526383420438900407e+00
1.804233246323741602e+00
1.676885724074413275e+00
1.639478643457676688e+00
1.792664653006253106e+00
1.477883032394039731e+00
1.282075862815629685e+00
9.124041150436197345e-01
1.140405356850159313e+00
1.299460778533664485e+00
1.216767738429258339e+00
1.265978895770125234e+00
2.183692319546437943e+00
2.001771313345325876e+00
2.143403414167744714e+00
1.516806472570822573e+00
1.602714734777503924e+00
1.701674904783908593e+00
1.585037445462933237e+00
1.712100240340734603e+00
1.665407202523960351e+00
1.488277388834089887e+00
1.614331707523081638e+00
1.597761206918755672e+00
1.499273934468530856e+00
1.212984798656849383e+00
1.456865988262036282e+00
1.434820021634170217e+00
1.294636926243479147e+00
1.677083063843201050e+00
1.811690391842578851e+00
1.771019950268405196e+00
2.151291880499407672e+00
1.613961049354743382e+00
1.428860092770024348e+00
1.803219027595117652e+00
2.056506227328786629e+00
1.409008569659279786e+00
1.403286063321797394e+00
1.535817745366929055e+00
1.308075761468645126e+00
1.669003702420388313e+00
1.424716063562580182e+00
1.220576100463964586e+00
1.731551998526738023e+00
1.444888951222207396e+00
1.176079969512310752e+00
1.295626023947119121e+00
1.232004065983725916e+00
1.153281093638323762e+00
1.091992391569394982e+00
9.741942656414054325e-01
1.120512485606055986e+00
1.256127086853598973e+00
1.419555095951414714e+00
1.515718483775237990e+00
1.515791125109438475e+00
1.688687422206660571e+00
1.799803858569297255e+00
1.738931081542290036e+00
1.568737693339218087e+00
1.229274174847164502e+00
1.287111204672215958e+00
1.305725209916676288e+00
1.601220813022395495e+00
1.300891300530235162e+00
2.010434284104420488e+00
1.758110636495387347e+00
1.676390014610198209e+00
1.446413879169483163e+00
1.570579947617061656e+00
1.583247191929442188e+00
1.330287512356391311e+00
1.577925175360775700e+00
1.601132397652558881e+00
1.955819754328812499e+00
2.205419961348090929e+00
2.350389772944351474e+00
2.364346911915813365e+00
2.579723133813393687e+00
1.889603990879217932e+00
2.097588504897869299e+00
1.952858429276029817e+00
1.518635102773584933e+00
9.594910906685346630e-01
1.302971184606842137e+00
1.323222461807479267e+00
1.106841723994319349e+00
1.333497551659415192e+00
1.218519282574242135e+00
1.408853050477787860e+00
1.863059043889685684e+00
1.701726023054753956e+00
2.049695565713894219e+00
1.861747835677808993e+00
1.870240639375936986e+00
1.971774541191442687e+00
1.826922293639381412e+00
1.852929060745101442e+00
1.619179600252036666e+00
1.882410697541667233e+00
1.762956451814197578e+00
1.595174000102220102e+00
1.512414601196046204e+00
1.714894282448778284e+00
1.350223829276562704e+00
1.149954885055863185e+00
1.163964773952113729e+00
1.003240204307642935e+00
1.290985058031496102e+00
1.244333245147615674e+00
1.225621744631899324e+00
1.287094052787951526e+00
1.152429111819725405e+00
1.381721027987567796e+00
1.390339458272154660e+00
1.404904653432515804e+00
1.564130689004901598e+00
1.410391368939981405e+00
1.293670651867480537e+00
1.224633786040455696e+00
1.105831841921480319e+00
1.352598527399061945e+00
1.437199895161722862e+00
1.034499850706501745e+00
1.513741544602145828e+00
2.083994554129014798e+00
2.020882793001451905e+00
1.585877511676350160e+00
1.436324649999796588e+00
1.454895755305270599e+00
2.029208737691450715e+00
2.323885103762784343e+00
2.762778998436765665e+00
2.874081341529823863e+00
2.809997198952887576e+00
2.744172215126589265e+00
2.301618859108253812e+00
2.060953095189239193e+00
1.548519506895016384e+00
1.738452924384989773e+00
1.791094415464550726e+00
1.472712950139817512e+00
1.415390251580169734e+00
1.411645196505543653e+00
1.297675065089600288e+00
1.440508765659075152e+00
1.444526961011489696e+00
1.299747699840900550e+00
1.241469848596981063e+00
1.091985757363174825e+00
1.309959769938347840e+00
1.092610083355130213e+00
9.797169421899657449e-01
1.068464837167158121e+00
1.269023237272574267e+00
1.077061106420771575e+00
1.133423658182692639e+00
1.034899354615028466e+00
1.039019948856361175e+00
1.222965130533951283e+00
1.604717488984911400e+00
1.492424539290656993e+00
1.759045070210023987e+00
1.731916739360942259e+00
1.090110701881922273e+00
1.725740447666745503e+00
1.468040421722204059e+00
1.495523576147726352e+00
1.336132421149936356e+00
1.266257537891689378e+00
1.088465567801264688e+00
1.203745292146730650e+00
1.288167165926367819e+00
1.253874018134222057e+00
1.171931532156403000e+00
1.305465346976876440e+00
1.324427370979365248e+00
1.509208372688219280e+00
1.533073701709058545e+00
1.708412070140533423e+00
1.722069214218126865e+00
2.010926833312522533e+00
2.174584444492355662e+00
2.078773012665123154e+00
1.889937066955386546e+00
1.977027139555666224e+00
2.120842895379935644e+00
1.588376922700547977e+00
1.198358371077705931e+00
1.047933508541997183e+00
1.105300533032494537e+00
1.204151927239424102e+00
1.459090274447976343e+00
1.365506678910883620e+00
1.066244322575489845e+00
1.633543258297089684e+00
1.204975752978121095e+00
1.120174553772673054e+00
1.177840976633038883e+00
1.289476838565890127e+00
1.205865743555585290e+00
1.224839200680404749e+00
1.007099655648735714e+00
1.043749709984852503e+00
1.252203983846316149e+00
1.566340085108993474e+00
2.047432569503442323e+00
2.213718543249412196e+00
1.833689549813507513e+00
1.980532047181335686e+00
1.982522780172527366e+00
1.986114278497382646e+00
2.087184776892831106e+00
1.712706168072770430e+00
1.452507313766857378e+00
1.580158908365319359e+00
1.507311999697822369e+00
1.457512981472820046e+00
1.538952341719651340e+00
1.692761445052140878e+00
1.335458713501723516e+00
1.274195460192562690e+00
1.056620222089814431e+00
1.262877517125214233e+00
1.420541591386781377e+00
1.117903498654639449e+00
1.125512299584441100e+00
1.312119647736689654e+00
1.168121302758022839e+00
1.387224450240673868e+00
1.425096233795417611e+00
1.654884013291224809e+00
1.643533482034394089e+00
1.283216241584521189e+00
1.387640559582748789e+00
1.218292737282113070e+00
1.242482259010443402e+00
1.496456268836952930e+00
2.132695694796721941e+00
1.913553628209079482e+00
1.687553491943079909e+00
1.895906476512938532e+00
1.709625018695571264e+00
1.216570030476852082e+00
1.272775189682880281e+00
1.460673819113228911e+00
1.637949167203911038e+00
1.934376492504671141e+00
1.954748352549377177e+00
1.406077145612844914e+00
1.477839384618434782e+00
1.118281397570092706e+00
1.260146256335675119e+00
1.241791181982859316e+00
1.244725470468864836e+00
1.511775491766381263e+00
1.798169536935225743e+00
1.819529521837192965e+00
1.775561357382341221e+00
2.185766927587905695e+00
1.888579761151418568e+00
1.899467470269202707e+00
1.756524253997371110e+00
1.546773177575338609e+00
1.989408018546409140e+00
1.882509596402513585e+00
1.794125016983657561e+00
1.616005827204110012e+00
1.715376215020084860e+00
1.862554863121093307e+00
1.772915879493404567e+00
1.858671938945136493e+00
1.478327474797209495e+00
1.345903999647961591e+00
1.151908168122954157e+00
1.222759275879434782e+00
1.268575695619043930e+00
1.132636550318723012e+00
1.248476064967551702e+00
1.252136106091514378e+00
1.117007188995856826e+00
1.223885413310237036e+00
1.381912329006900420e+00
1.385699928143828474e+00
1.403936395663966108e+00
1.667159703728223752e+00
1.878440997739247553e+00
1.951530333848365162e+00
2.093638145938656603e+00
1.693976336623038925e+00
1.981924478833066550e+00
1.693345975927562863e+00
1.466780377736119911e+00
1.535138017896708895e+00
1.387671681030485882e+00
1.452287997503400430e+00
1.638813280473714773e+00
1.668034142971685174e+00
2.099959995574266269e+00
2.466713674404352297e+00
2.451017294444551631e+00
2.455727936376047360e+00
2.155597683744872484e+00
1.865121412103906584e+00
1.713241994705526627e+00
1.984435938013434653e+00
1.938424273522293406e+00
1.570409454050064824e+00
1.528452332839160599e+00
1.767111378664778520e+00
1.608731248245067524e+00
1.211288898560643812e+00
1.519943973981370267e+00
1.867011351711942213e+00
1.820050506315125993e+00
2.132754454086598805e+00
1.929969312856433916e+00
1.530505368800445298e+00
1.996883764492124902e+00
2.046353573512612822e+00
1.805562736654665601e+00
1.967804517766962524e+00
1.908355065489244495e+00
1.956586131670168704e+00
2.313892755126688794e+00
2.131913107964614529e+00
2.115451856408509190e+00
2.221694761438500976e+00
1.769406014791865989e+00
2.280882576111114002e+00
2.173187340126079281e+00
2.127900706138068809e+00
1.732913719032471711e+00
1.806842919189252328e+00
1.763467876114384048e+00
1.534893810248410650e+00
1.545048455551759403e+00
1.682628654003179181e+00
1.315271152809651456e+00
1.351670883156282699e+00
1.164801273652213753e+00
1.122506834738967507e+00
1.321485955975010507e+00
1.447191210254205718e+00
1.399690791486111197e+00
1.090799452175076789e+00
1.084686614054215736e+00
1.053941315677484392e+00
1.033315292442435585e+00
1.087394116564731616e+00
1.127569235049064256e+00
1.134291376783568950e+00
1.095840048661517629e+00
1.288073850005743148e+00
1.325082763371392858e+00
1.509820022796561245e+00
1.638489716478692459e+00
1.486899047978848643e+00
1.527389366072220422e+00
1.676770815027053718e+00
1.227363112291495195e+00
1.317927181302591899e+00
1.263709334240199489e+00
1.095692980521010718e+00
1.165801127710121898e+00
1.249932115624721618e+00
1.214554369357884189e+00
1.371679109341577663e+00
1.367717487681671562e+00
1.178139089739220102e+00
1.211289427387004070e+00
1.363991317790823388e+00
1.249071186464066896e+00
1.472185563636472017e+00
1.413467090422545258e+00
1.569494094468569800e+00
1.666027438048691245e+00
1.967291857504253505e+00
1.972490290571859761e+00
2.006061186341934643e+00
1.661346905145276942e+00
1.671008438394899986e+00
1.520054813764150303e+00
1.346689553692709262e+00
1.433513583101378774e+00
1.548759325386096286e+00
1.558098560973204982e+00
1.162860074991328263e+00
1.417859981550359194e+00
1.550950462825765541e+00
1.826824084339698562e+00
1.594608179162615214e+00
2.269185973322963790e+00
2.137766654501441099e+00
1.742556045514068508e+00
1.985999562864819712e+00
1.910446050820315156e+00
1.873438231277189558e+00
1.656668900317092241e+00
1.650199218979338189e+00
1.836452755823281269e+00
1.605395949375111542e+00
1.566603871149425009e+00
1.403876653273655295e+00
1.752899845915723676e+00
1.746447947198604744e+00
1.425155376623983061e+00
1.470711818624119260e+00
1.274973823864907319e+00
1.404454618425814649e+00
1.483550556836163103e+00
1.257711942283514128e+00
1.264897382051207941e+00
1.160996335525654732e+00
1.083987981616670426e+00
1.148169459163783657e+00
1.070659423596409310e+00
1.033813555700247244e+00
9.920332324267413515e-01
1.191706658188998125e+00
1.022214204055503117e+00
9.741180756087219894e-01
1.069844991123189093e+00
1.181738496476930633e+00
1.152409423000818611e+00
1.263481205766070037e+00
1.257703594202114417e+00
1.510942514838168549e+00
1.281278586649583939e+00
1.130894423014398908e+00
1.121078891054906546e+00
1.187044076760554123e+00
1.388036371304160355e+00
1.178631196132091219e+00
1.111591295641573884e+00
1.008517719442752147e+00
1.220208425456209111e+00
1.135097304267325580e+00
1.295896354904115810e+00
1.213235923503047875e+00
1.390815170232203579e+00
1.320839300199605715e+00
1.690852696643585062e+00
1.542966555763574776e+00
1.223797440145559356e+00
1.227045630615743121e+00
1.352605963972012493e+00
1.295103818377858484e+00
1.346115195479026028e+00
1.157863995501259513e+00
1.004227435176801686e+00
1.115603344955067966e+00
1.392604553960649305e+00
1.345806837814324863e+00
1.114607355388207433e+00
9.638848161072627319e-01
1.341379920042507612e+00
1.152886629069147295e+00
1.184102328962777895e+00
1.462124705668538027e+00
1.349731759523930430e+00
1.385169199765191372e+00
1.097597973798840609e+00
1.323154860742431271e+00
1.138604878375794938e+00
1.230567371315572256e+00
1.309494562561969611e+00
1.153012952488950749e+00
1.390493847643943681e+00
1.237147045658357536e+00
1.455502447086021389e+00
1.782593995654349728e+00
1.775917190121319100e+00
1.741520389316226103e+00
2.028031845871092198e+00
1.682036325081479378e+00
1.311458589980442957e+00
9.930243460445752346e-01
1.080313409057043428e+00
1.045714994706713030e+00
1.146927042583873790e+00
1.347480331511484275e+00
1.160587351331884509e+00
1.251609108622663058e+00
1.263013034296294856e+00
1.269804820955127589e+00
1.163032712304920668e+00
1.193665582989648977e+00
1.544964519123339874e+00
1.430396939428713488e+00
1.149145579703644282e+00
1.194913195693692698e+00
9.972156372225789989e-01
1.050701346212360665e+00
1.195784134330563298e+00
1.029674438831251759e+00
1.022004409063572261e+00
1.098568601431405112e+00
1.077756049598928012e+00
9.888137919715899171e-01
1.216792371783388838e+00
1.044924514074277111e+00
1.066528673479136158e+00
1.017288440168785613e+00
1.031828761151827756e+00
1.211828683119774208e+00
1.253366861710898839e+00
1.044900195884086669e+00
1.207614609317415599e+00
1.078218023025845129e+00
1.502593568629172927e+00
1.485354136270710113e+00
1.293200950095888979e+00
1.161960371279080473e+00
1.112086945696612261e+00
1.243577628031897531e+00
1.356480171753693398e+00
1.476410393149010236e+00
1.535551302926789319e+00
1.772225285900981495e+00
1.880214133399954690e+00
1.847486054814686973e+00
1.734927171257432565e+00
1.325545561057873689e+00
1.372097511182912788e+00
1.379359593991644317e+00
2.145600598984708451e+00
1.685752706945851109e+00
2.064300176437535495e+00
1.713323193768827357e+00
1.439679720837386601e+00
1.357521168746370188e+00
1.219601267652443477e+00
1.513151482332341313e+00
1.262870745231443603e+00
1.469275358338258286e+00
1.770567320893605912e+00
1.720690619812505817e+00
1.810838013198571295e+00
1.745945400331556208e+00
1.676022592364388331e+00
1.639631519912492896e+00
1.463001397377559520e+00
1.500425234446651324e+00
1.754072477693788379e+00
1.622176119845282649e+00
1.803845106540660659e+00
1.672731801049936795e+00
1.769208516916024765e+00
2.126936675007556676e+00
2.213812988271090632e+00
1.854478865493505158e+00
2.173659168558210286e+00
1.943547135043500296e+00
1.634662994549770154e+00
1.628743359998058082e+00
1.260662817577715700e+00
1.187629293445703560e+00
1.341949124308218666e+00
1.229960578522296233e+00
1.152647011002894573e+00
1.171845570371832457e+00
1.332288829595956514e+00
1.009705386220358880e+00
1.117854381628170968e+00
1.282944572349389967e+00
1.448985470010788701e+00
1.768123113772235300e+00
1.966532755356342310e+00
2.000851405637245062e+00
1.627695135531619375e+00
1.279628568842171132e+00
1.432273567670887982e+00
1.182795093606076930e+00
1.335174670117939888e+00
1.420574701341114299e+00
1.637069823822159265e+00
1.294388539026558371e+00
1.318109600502987089e+00
1.858973476995947172e+00
1.760783250846378323e+00
2.076008770787957314e+00
1.624217961626800877e+00
1.836309994992480599e+00
1.829826684739709552e+00
1.437974387487008343e+00
1.720922436161217650e+00
1.922462387648585125e+00
2.227144397509581264e+00
1.993367349229655971e+00
1.858877051900444943e+00
2.233323088440866133e+00
1.843933487144793659e+00
1.543166528077969168e+00
1.674823110379435098e+00
1.590570185811656323e+00
1.440786396144882797e+00
1.507850274248190958e+00
1.279489676270736620e+00
1.511379480484678517e+00
1.468185026492938805e+00
1.450386247818335361e+00
1.621558621883712803e+00
1.470691729110008339e+00
1.564986358921741205e+00
1.553622237479771684e+00
1.136785412053289646e+00
1.234607277147227622e+00
1.027176842774892185e+00
1.461725828908833957e+00
1.653299684609005116e+00
1.240013005207660335e+00
1.008832463846333072e+00
1.115795645855176765e+00
9.748078923456516831e-01
1.014027048745247628e+00
1.062376476393121161e+00
1.067921882371775322e+00
1.070430228563351127e+00
1.045564653442971892e+00
1.296433326404621944e+00
1.083942512610351239e+00
9.798177951299202881e-01
1.182511998475290538e+00
9.826422753629421303e-01
9.425220491249007848e-01
1.044145968603015673e+00
1.152565477359855040e+00
1.242980794754568130e+00
1.215415819400152309e+00
1.163234888254109256e+00
1.073331148918085010e+00
1.370850611528950047e+00
1.366322546544344041e+00
1.346106904685614669e+00
1.099045469819335485e+00
1.325380723940808636e+00
1.327112375132063038e+00
1.493711614151256306e+00
1.263253075067700237e+00
1.185496739764689389e+00
1.061018482872325697e+00
1.034745959338035926e+00
1.029888183716763050e+00
1.178843350813805868e+00
1.308980590554228662e+00
1.224022018151705637e+00
1.676306628653943864e+00
2.051728491017418499e+00
1.782071234338678867e+00
1.937282961939097436e+00
1.844088554483484188e+00
1.473240835845606611e+00
1.644282568998929994e+00
1.592275321347833117e+00
1.865891622282469076e+00
1.743939239888148585e+00
1.897137635334079420e+00
1.989797738991275544e+00
2.110328477863717911e+00
2.439308846460098490e+00
2.133424712208639384e+00
2.120363632682756627e+00
1.987625750111164935e+00
2.001244319701941166e+00
1.693256237896936911e+00
1.859668133433815207e+00
1.810260199851808416e+00
1.997130299048583302e+00
1.988945735578476093e+00
1.676496532910319859e+00
1.812203194376970306e+00
1.426147781988198915e+00
1.328483579285380412e+00
1.410422029147186729e+00
1.203668392354575234e+00
1.109011037726301385e+00
1.185366003347239516e+00
1.400124675078282976e+00
1.485606267033792616e+00
1.103958714996153168e+00
1.065932896707077360e+00
1.088497258222736130e+00
1.015567955350403562e+00
1.292170413736512868e+00
1.141287883593178565e+00
1.099687718390703228e+00
1.217646226678647636e+00
1.280557161217277695e+00
1.143374604183739152e+00
1.356811876704747011e+00
1.150124202708888932e+00
1.102817086020492221e+00
1.479429165943916047e+00
1.822335949473106176e+00
1.549495281688175297e+00
1.670829050560198148e+00
1.657975836306103012e+00
1.868842338433199801e+00
1.772174904255021888e+00
1.896380126488214080e+00
1.496402660534563056e+00
1.213481848224749138e+00
1.283776476582160875e+00
1.091650540672376657e+00
1.059614802439508008e+00
1.057320106586689068e+00
1.244598565302413640e+00
1.502315537199045536e+00
1.622514352914298019e+00
1.378119899905661860e+00
1.241237256846065451e+00
1.349117338602842331e+00
1.570183810673535518e+00
1.502339555896476941e+00
1.371615794453401094e+00
1.407782212759148832e+00
1.308601268951533614e+00
1.724142175413826639e+00
1.544785243749879911e+00
1.496616056360638325e+00
1.697101075968966200e+00
1.832456493403708642e+00
1.751500846802896749e+00
1.503976176502535900e+00
1.666834768259788824e+00
1.970607733040935727e+00
1.966283434523075302e+00
2.293836034488845765e+00
2.240323329252249529e+00
2.162806215952900679e+00
2.079150711303596299e+00
1.704753787664076370e+00
1.233088957464295587e+00
1.418302812240570754e+00
1.510445709947938475e+00
1.476188479072197302e+00
1.543468253546042668e+00
1.998812242638773107e+00
1.792676785608180667e+00
1.626813220708083207e+00
1.643103747835129802e+00
1.454942696871852625e+00
1.271105262674914638e+00
1.516025283519130129e+00
1.559468548795997833e+00
1.525174641241910045e+00
1.387854876556073869e+00
1.495450962176209542e+00
1.934460257953048767e+00
1.766771647389516975e+00
1.613424564057386323e+00
1.684492603512240727e+00
1.683584505907378404e+00
1.740426186405511944e+00
1.464323801607715803e+00
1.656719224351169251e+00
1.364794270562329936e+00
1.225350851555954579e+00
1.695821326428829767e+00
1.126966295309996369e+00
1.560679328778589392e+00
1.624235820912069306e+00
1.558101463204503823e+00
1.670356398574859513e+00
1.501596220560028172e+00
1.531903779478683836e+00
1.336282323746269540e+00
1.360255987134921574e+00
1.549025276284389463e+00
1.590230148352275830e+00
1.805832010360152173e+00
1.765711267190946065e+00
1.891850715440545505e+00
1.956767439809458553e+00
1.675152887712587191e+00
1.727515987108525941e+00
1.586182637144744945e+00
1.358073443519945300e+00
1.432461829461534997e+00
1.368508454952874764e+00
1.691059731089601392e+00
1.837417988607124464e+00
1.629943041222164268e+00
1.557250133789195301e+00
1.529228739146346161e+00
1.583935048885447117e+00
1.987370628637850078e+00
2.123089305274310501e+00
2.403801064557153921e+00
2.007056034765191566e+00
2.461331142282118911e+00
2.311769885780634137e+00
1.788320702703904308e+00
2.072357283779244330e+00
2.239003605436695299e+00
1.417897998117044978e+00
1.524159638520736770e+00
2.088249952243409702e+00
2.585473576845027210e+00
2.118085924088272787e+00
1.588975685189891296e+00
1.906684559880012175e+00
1.875929345858065922e+00
1.563523543594443010e+00
1.645970539944013211e+00
1.565445016638892017e+00
1.544365364233860172e+00
1.380960096187787256e+00
1.283717240296545326e+00
1.443456698239213853e+00
1.039452377598700794e+00
1.172371859939614680e+00
1.121543486985059124e+00
1.224195262541543094e+00
1.494729647540938178e+00
1.480196189212445113e+00
1.635223704930951705e+00
1.144065482031918046e+00
1.119579457639745756e+00
1.276125837140078101e+00
1.418024485987929628e+00
1.857653400963755308e+00
1.692022353521714040e+00
1.316748876809643809e+00
1.498347078027499002e+00
1.514322578952552956e+00
1.574098715120532566e+00
1.395106177348512722e+00
1.484336134711186750e+00
1.644054778666343752e+00
1.724229954752636518e+00
1.310052153705912659e+00
1.289445482840125834e+00
1.343293356829022844e+00
1.086031280834890422e+00
1.095642903814354252e+00
1.040129982041505086e+00
1.220048857113175789e+00
1.586069259286803090e+00
1.654120726435358790e+00
1.730374550406397205e+00
1.782723985180785675e+00
1.152146958324687276e+00
1.110739002862571878e+00
1.290509990497670900e+00
1.088294512439185402e+00
1.436181456906668652e+00
1.040883079160609404e+00
1.140692414877792826e+00
1.705403619208865740e+00
1.354090490483253362e+00
1.328558635446893454e+00
1.341554736944580828e+00
1.615196757417802775e+00
1.511341633915146421e+00
1.522987690599806321e+00
1.785894452432692958e+00
1.293607323461942293e+00
1.343220176421251910e+00
1.488583484582518990e+00
1.473304057768249020e+00
1.494555467176370778e+00
1.419821437350605953e+00
2.007791284694022238e+00
1.896401263927393721e+00
1.370276454114738307e+00
1.535486840344883142e+00
1.832887860888459786e+00
1.812700260003982100e+00
1.442158846504281833e+00
1.170663602332321807e+00
1.184200825779125443e+00
1.556266198121152078e+00
1.467718442982774318e+00
1.371622573854364369e+00
1.127511672766747575e+00
1.340089683358881345e+00
1.148984422769995462e+00
1.258517549305230299e+00
1.469411668862347531e+00
1.150057430270341685e+00
1.284077795110055042e+00
1.667269926752908749e+00
1.367220201966852899e+00
1.438853276012821647e+00
1.414263835017586013e+00
1.364306836776968401e+00
1.526677762817350015e+00
1.317674353147836541e+00
1.274057774889818972e+00
1.453200636601066353e+00
1.294243579486448414e+00
1.564909098242183161e+00
1.191702279754768279e+00
1.185692430742542047e+00
1.189245888758390768e+00
1.496503546311471311e+00
1.826363788029872204e+00
1.660806027778930716e+00
1.334724398877852991e+00
1.241540524587003924e+00
1.635627817141941609e+00
1.438284748871993646e+00
1.172656401369434498e+00
1.106817906725223954e+00
1.451251383546136253e+00
1.127795149172523548e+00
1.323492248895075107e+00
1.571585977657714572e+00
1.561901122184883528e+00
1.487583901003107334e+00
1.358499478628291568e+00
1.587055711604660635e+00
1.426819089965900345e+00
1.286596434090013563e+00
1.290198993664489313e+00
1.440504999099474492e+00
1.565343201581704147e+00
1.595950527289109466e+00
1.705169196920530927e+00
1.399946361866455824e+00
1.428953031296143816e+00
1.512097520217391633e+00
1.133313356465296629e+00
1.367528319316416496e+00
1.410156808927701233e+00
1.299957057347084666e+00
1.170746192047579903e+00
1.232809146873732775e+00
1.397384907697206469e+00
1.349246773340511130e+00
1.301150968964708055e+00
1.558202753395427242e+00
1.525767430910014433e+00
1.480586386317090053e+00
1.481743880343911579e+00
1.385358121216003990e+00
1.309420777678678816e+00
1.362616503338827556e+00
1.186383156631451774e+00
1.034476833262767848e+00
1.462530051582623614e+00
1.564901731581758604e+00
1.614425546082411289e+00
1.726838820391008333e+00
2.084897822257731459e+00
1.628557418914861721e+00
1.725167248738860515e+00
1.385764136159401083e+00
1.625303396293382718e+00
1.274737505954043559e+00
1.338905194967307200e+00
1.310168223446606994e+00
1.544019798282914024e+00
1.852925703135491320e+00
1.567664937104427780e+00
1.205467339418736739e+00
1.412877259419403009e+00
1.971242431607233003e+00
2.060114608779872736e+00
1.877144878760688584e+00
2.128445995031694959e+00
1.797028738418318783e+00
1.787139758642959153e+00
1.322457036984385770e+00
1.640592722237006917e+00
1.719057736195652941e+00
2.049080422597808759e+00
1.947451224776046930e+00
1.317948056740456897e+00
1.306612954067546184e+00
1.045476377062730666e+00
9.527213019886767720e-01
1.046807356366151298e+00
1.303519766590396811e+00
1.261232037172508980e+00
1.273324582101135416e+00
1.333924608719027072e+00
1.515478337167653677e+00
1.802769235751400023e+00
1.722773382842470058e+00
1.346595936243945690e+00
1.474739811600524364e+00
1.707881368468651351e+00
1.584133012070124025e+00
1.470486332965317500e+00
1.524154236585313571e+00
1.197319402347945205e+00
1.323592479579212888e+00
1.675750311612107968e+00
1.566842957222644994e+00
1.788813651704136864e+00
1.659771690539606714e+00
1.469792919308746448e+00
1.435216074387857255e+00
1.586574118307898740e+00
1.656009222089633415e+00
1.587708547816824023e+00
2.098455307466261743e+00
1.485349876447003670e+00
1.928020105636139681e+00
1.776363171822118892e+00
1.481812248328778336e+00
1.870187749639138364e+00
1.632644332398168308e+00
1.640741058834375821e+00
1.871286310205825920e+00
2.021238600640617999e+00
2.392474518083672841e+00
2.156042678162739090e+00
2.189878490016030188e+00
1.972176721861320203e+00
2.124081161320269029e+00
1.955089519471512993e+00
2.296419950122443598e+00
2.107163283523780795e+00
1.872050164390544502e+00
1.342466841954789158e+00
1.314125925250427152e+00
1.238024410184807911e+00
1.408638530992808668e+00
1.394105067889059413e+00
1.276368883182487313e+00
1.315093493592077278e+00
1.450816164881387538e+00
1.551718882760530160e+00
1.628377127167527805e+00
1.829214591169878723e+00
1.595910710351101214e+00
1.272080197473338892e+00
1.326394577840100730e+00
1.305361065185194125e+00
1.272933553999734180e+00
1.467915614212844666e+00
1.686046354826692184e+00
1.800573880748007838e+00
1.747576844253432959e+00
1.732254619509109306e+00
1.967303587955336219e+00
2.475118512194599774e+00
2.033758178817080431e+00
2.071845511999763634e+00
2.013882602954172985e+00
2.011123541650529312e+00
2.036888014279417458e+00
1.338514456130392771e+00
1.579828056496780375e+00
1.926412945764702345e+00
1.658367451345570176e+00
1.413969592853022483e+00
1.691002160396825049e+00
1.762661271023632015e+00
2.016916753449315092e+00
1.943214100888576823e+00
1.601125749878140159e+00
1.643178769088990965e+00
1.290780672717563471e+00
1.637186136155034166e+00
1.584147343083486037e+00
2.100071239743245055e+00
2.104833953255170975e+00
1.967162046537295872e+00
1.559348689383002196e+00
1.510005348643961298e+00
1.513417635007362705e+00
1.747635397952545411e+00
1.588678306376390736e+00
1.358747046693970617e+00
1.542047516604830415e+00
1.106378780467748735e+00
1.168858230677362053e+00
1.175662890050972909e+00
1.078987014855518511e+00
1.197281417686965055e+00
1.092868920481983919e+00
9.051695938355301951e-01
1.016704944506900521e+00
9.539875854133011979e-01
1.185308177030105936e+00
1.110807081206874436e+00
1.000792672394192229e+00
1.091475254939402895e+00
1.334051112712306697e+00
1.027756425319365396e+00
1.234825226090205286e+00
1.315827238427266455e+00
1.278769744215285886e+00
1.392429714825733633e+00
1.355835410551907261e+00
1.168792362632715465e+00
1.353900793786938062e+00
1.109430969087937369e+00
9.682393089782478368e-01
9.766080416215570104e-01
1.111514082878440446e+00
1.133877940739761225e+00
1.051328411683389863e+00
1.137851897104219523e+00
1.079635349085230400e+00
1.530828145662701312e+00
1.169927222410532597e+00
1.340936148060612787e+00
1.725228277094106977e+00
1.481049451962542562e+00
1.563526303300409426e+00
1.925268524046103824e+00
1.461805937711575076e+00
1.156250929102054847e+00
1.043528232157106217e+00
1.048739264737347465e+00
1.282861317688976266e+00
1.140522370323193035e+00
1.113945743996719306e+00
1.235211572456434537e+00
1.083026260414847952e+00
1.012658562148867514e+00
1.143583437210327736e+00
1.129700962239369444e+00
1.193066834717254165e+00
1.114912920546241804e+00
1.438812395094080543e+00
1.529411902632434428e+00
1.650323887223665853e+00
1.356942308510307837e+00
1.373917346363890513e+00
1.192604648550780633e+00
1.176377565119443469e+00
1.153308600812501306e+00
1.253747561291218116e+00
1.149810824767469430e+00
1.309394373229431308e+00
1.656124360153768293e+00
1.765111583492235958e+00
1.617317450066379614e+00
1.807699039194806012e+00
1.816353667227655455e+00
1.621978187273340088e+00
1.422705523933406768e+00
1.442149957578680919e+00
1.437463328929520223e+00
1.295394773957267542e+00
1.509973374347469477e+00
1.659491535275929408e+00
1.651657905419865902e+00
1.563911937606996982e+00
1.375080965166110669e+00
1.497902199202036932e+00
1.653677176570300666e+00
1.391353060443748957e+00
1.516915389527931701e+00
1.597899413401230984e+00
1.404753373874330524e+00
1.650581221893755002e+00
1.505112421004219936e+00
1.922041477467565151e+00
1.811591667052432575e+00
1.918704696787684627e+00
2.200700777366365823e+00
1.995037943669747182e+00
1.995023829231675538e+00
1.605918355051975999e+00
1.552772872637797841e+00
1.622555112005111599e+00
1.853580570953618833e+00
1.716901323010905589e+00
1.564930426217594039e+00
1.858403776917741501e+00
1.853226239030358435e+00
1.854238401584385798e+00
1.712120611192887942e+00
1.202843021860391381e+00
1.072450856084981918e+00
1.246489582902354121e+00
1.215753227790653979e+00
1.491839237076169944e+00
1.108218204072519031e+00
1.136993869096048160e+00
1.280794523611641589e+00
9.765964497401431466e-01
1.096057523566283942e+00
1.116312229404897272e+00
1.140567757646084646e+00
1.480500487011660482e+00
1.481517104780305294e+00
1.792787519187140521e+00
1.790543446094992053e+00
1.640501951883539311e+00
1.347123566186397614e+00
1.651791535349625750e+00
1.872652551013203270e+00
1.813355583440720897e+00
1.174022018052872651e+00
1.249291887828518632e+00
1.118638594838048617e+00
1.204200019063876859e+00
1.336129098828195971e+00
1.443072558168305264e+00
1.260645512156560955e+00
1.231639877968166097e+00
1.320342886671133531e+00
1.301148632098810598e+00
1.041339983096182698e+00
1.089752206076766816e+00
1.156311027236168076e+00
1.223660834011684573e+00
1.026812858330556910e+00
9.357093785448603596e-01
