1.415248205224636457e+00
1.123493054338218666e+00
1.118976152273090774e+00
1.446249101671123194e+00
1.553664258964782441e+00
1.431783086295822516e+00
1.577253380188195386e+00
2.054825098441568354e+00
1.615133227758009271e+00
1.456038947756233881e+00
1.429420949434293542e+00
1.759865924974816087e+00
1.493348829243626552e+00
1.569609495793307552e+00
1.297804788362811212e+00
1.058884456454484591e+00
1.403397094190175665e+00
1.466578685688568306e+00
1.725024493486190913e+00
1.544240596332598692e+00
1.924733185600887353e+00
1.617785086564651253e+00
1.818049087348337256e+00
1.688662820760549188e+00
1.534859134492665644e+00
1.786172254654408320e+00
1.982222072144836478e+00
2.172391658329698938e+00
2.329810654267943093e+00
2.125838744277403602e+00
2.154639457793295687e+00
2.224706684988870364e+00
2.248213031539192386e+00
1.970988999541750886e+00
2.020482143708210110e+00
1.969009719274260606e+00
1.949811112611460562e+00
2.289007029861022335e+00
1.807938437565868028e+00
1.870181932162523708e+00
2.282195864857512912e+00
2.025426309802543123e+00
1.918554537796255621e+00
1.860145910783217005e+00
1.810288125618600308e+00
1.756813382458683126e+00
1.998444315920812731e+00
2.048551470612383962e+00
1.770161271212622456e+00
1.895052383757376280e+00
2.293469921262006217e+00
1.779003521698961254e+00
2.051262502223992978e+00
1.355392716523976304e+00
1.150270487511199979e+00
1.333949930824566366e+00
1.464106132038604402e+00
1.186880664931049045e+00
1.269568437720407950e+00
1.298432298864983903e+00
1.289929522802312434e+00
1.615428624566559890e+00
1.378525548514906607e+00
1.425384912182525499e+00
1.427093862271426650e+00
1.753342114927502138e+00
1.670728732346107526e+00
1.537547193819032376e+00
1.426125892555797137e+00
1.225523276898532465e+00
1.196748994499858165e+00
1.236064899348550794e+00
1.384106738643621437e+00
1.783951960324223762e+00
1.148114224220840640e+00
1.570033188727778528e+00
1.173169383405441968e+00
1.045846189148560423e+00
1.394511864790159983e+00
1.614706309462180078e+00
1.876120922682942949e+00
1.567797578374714673e+00
1.904897534384184077e+00
2.228472087766444787e+00
2.514604509719431835e+00
2.024225699935154665e+00
1.757904614633780005e+00
2.422492566140210357e+00
2.145521943564831613e+00
2.125333573762410833e+00
1.882079735623788608e+00
1.939252722163124831e+00
1.807892863217864576e+00
2.068558704406483262e+00
1.844603274759513134e+00
1.959886755239792500e+00
1.958001591478651937e+00
1.793648106408476828e+00
1.829562375215203929e+00
1.855721924247442978e+00
2.301149215306813378e+00
2.261849968452979365e+00
2.006349719869823023e+00
1.612732372974153394e+00
1.754138846128795226e+00
2.042607510474874211e+00
2.084654514485407173e+00
1.928242140527647752e+00
2.003409532968064788e+00
2.292129030853196969e+00
2.026159142210020914e+00
1.989097193732364488e+00
1.405267946344705976e+00
1.300783573804983106e+00
1.384342370648810494e+00
1.610802464475265428e+00
1.587628894695144011e+00
1.661790559328717665e+00
1.542137939603908769e+00
1.624529579752008956e+00
2.012465104879584299e+00
1.803551268142966180e+00
1.877288145371724726e+00
1.703590349982604168e+00
1.467974770217144398e+00
1.287854078282322901e+00
1.313072800824959252e+00
1.267777963498594396e+00
1.456754063552462952e+00
1.601233161282263229e+00
1.608758849644822408e+00
2.197154967854189955e+00
2.256978749083188962e+00
2.025877288134294574e+00
1.785449086951823361e+00
1.231518951567198261e+00
1.377252803665496961e+00
1.399743097592848651e+00
1.520908797202908502e+00
1.478702676346246969e+00
1.431553050771938951e+00
1.480805793997749475e+00
1.407794303992471407e+00
1.251042118334602771e+00
1.369334083375156830e+00
1.320898158793161192e+00
1.265908622474232637e+00
1.182732793482942801e+00
1.486229086251645848e+00
1.560818325432577369e+00
1.613327791381224730e+00
1.818340929293846164e+00
1.632276715878845597e+00
1.243501671011592702e+00
1.453885468363428357e+00
1.785468217188858731e+00
1.468239079580157869e+00
1.837054107555762705e+00
1.667585233068901829e+00
1.788291078133956269e+00
1.898269715471083474e+00
1.525510137668061761e+00
1.545165485953611029e+00
1.835412621985848647e+00
1.513498530327632707e+00
1.296936860865198327e+00
1.566013312122533696e+00
1.475325152784428440e+00
1.620811669879168804e+00
1.889317858810605877e+00
1.799949665148530720e+00
1.612756995275270500e+00
1.829562204841181261e+00
1.564772986809678024e+00
1.607074896973434974e+00
1.633700489917274012e+00
1.511004138380891204e+00
1.752370229112184319e+00
1.684378858260954903e+00
1.281893311518323086e+00
1.218079542848453434e+00
1.669274587847920266e+00
1.917520973372520920e+00
1.788157100457478554e+00
1.632479958439370993e+00
1.686160993466008895e+00
1.741927793723641260e+00
1.820505253842622073e+00
1.905343227532193318e+00
1.774457902401797016e+00
2.004056224418953480e+00
1.904320522536583571e+00
1.942720059307459612e+00
2.210006707338439735e+00
1.795160618179228340e+00
1.870964706826580670e+00
1.811761267563993361e+00
2.088080946846535557e+00
2.239450066921603533e+00
2.232208244394465968e+00
2.108348759824808738e+00
1.797510979422820121e+00
1.588473134477908610e+00
1.857958681621827424e+00
1.696920202454195392e+00
1.979147062579367677e+00
1.685613718705023523e+00
1.634803579671610496e+00
2.021619266847359597e+00
2.078874130378089102e+00
1.796366463187877960e+00
1.757941571161969918e+00
1.889157361203324559e+00
2.044172999695732962e+00
1.513728707089842640e+00
1.689697134788516131e+00
1.540899857784330251e+00
1.799575265740691155e+00
1.772507182739493592e+00
1.681030442167779304e+00
1.381033512638093930e+00
1.230901690318542796e+00
1.183207760460661673e+00
1.328671303243814217e+00
1.682010060628857051e+00
1.987014996199903294e+00
1.740899197912131102e+00
1.520861171141288937e+00
1.736260447541907670e+00
1.570178280566551399e+00
1.253670678666296334e+00
1.594924908711738532e+00
1.435518594312391816e+00
1.347372796734357614e+00
1.081588421500534247e+00
1.033048976917773309e+00
9.273156069521937273e-01
1.194631000830074674e+00
1.492751603532805005e+00
1.416386211332731460e+00
1.033826683451886996e+00
1.171042771126050486e+00
1.446648590025218617e+00
1.124350549000354471e+00
1.376524338988408758e+00
1.505383083311781611e+00
1.829402618459109675e+00
1.876604940897404150e+00
1.941908754079368027e+00
2.033611967003973398e+00
1.561965732603532553e+00
1.338591286633107558e+00
1.362526230204859301e+00
1.446641992364597007e+00
1.475580372874463864e+00
1.697950776692958463e+00
1.678538644996482976e+00
1.928673912331376306e+00
1.709284427638752435e+00
1.798155597850530363e+00
1.871309943547889931e+00
1.646407126876648253e+00
1.949744345014777780e+00
2.111329771530642496e+00
2.003928672201998662e+00
2.117622422864360754e+00
2.076951864386830326e+00
2.167499417818021801e+00
1.949208353614412248e+00
1.331169455455534445e+00
1.139149417069867942e+00
1.290517184997568734e+00
1.685908496682991142e+00
1.671336852036202636e+00
2.193766403441198776e+00
2.245673568313965696e+00
2.147116084046756690e+00
2.034267194642605414e+00
2.224420099459676337e+00
2.143889223693260071e+00
2.212594120392877617e+00
2.406340166432502148e+00
1.836336025674611960e+00
1.811012057587821689e+00
1.404380367198770019e+00
1.841925166076237019e+00
1.545802279203657204e+00
1.855293699817050168e+00
2.229477708481720111e+00
1.504632016768025382e+00
1.803147775341519266e+00
1.526522097277349221e+00
1.939032502313607687e+00
2.027377005931075615e+00
1.832171989052165717e+00
1.903511249249676629e+00
2.243401375730124769e+00
2.366446801338975003e+00
2.298711907444249913e+00
2.493661422929166704e+00
2.493726927552295081e+00
2.352011254250290229e+00
2.442345988527497624e+00
2.335092231541322505e+00
2.409228058232243619e+00
2.255291417742017579e+00
1.811465142894046698e+00
1.991768142296087563e+00
1.987353883233245355e+00
1.529624401699930081e+00
1.842702212284913488e+00
1.986988504340169159e+00
1.751167485013263692e+00
1.479464105403751839e+00
1.515950009094993556e+00
1.340569443273971428e+00
1.387093432460561049e+00
1.815023665631487537e+00
1.964017563296356350e+00
1.898639850349414182e+00
1.954422892650816923e+00
2.006702690028963953e+00
1.556167742093713224e+00
1.780348020863149916e+00
1.938140083711191286e+00
1.735576461537972737e+00
1.897075124066291529e+00
1.883893783589470905e+00
2.059429231400762283e+00
1.348424983666939525e+00
1.586579296816770457e+00
1.590238346862993701e+00
1.687668763160718344e+00
1.475702718743243658e+00
1.569732776249219253e+00
2.001924541542674074e+00
1.585716580380290175e+00
1.889053319824048671e+00
1.919349040321862931e+00
1.916048305459649104e+00
1.648121206167422859e+00
1.991040414742264675e+00
1.916054813026432102e+00
1.541388532684116797e+00
1.707603075221026945e+00
2.098925687979898758e+00
1.598538038515381565e+00
1.477264956176365551e+00
1.733446152613173474e+00
2.239552992869763060e+00
1.977581721144098470e+00
2.318279721708164320e+00
2.282402858265612178e+00
2.137507073903133215e+00
1.568075076396557632e+00
1.840137578209211755e+00
1.689554545239556838e+00
1.357775060135631984e+00
1.819467320558608492e+00
1.955239867131090215e+00
2.042173044644032043e+00
1.592388634872352604e+00
1.513450314164859645e+00
1.203611463634373768e+00
1.189460749797122796e+00
1.211625717403857161e+00
1.315530846257233266e+00
1.549891229408043136e+00
1.292906746960627906e+00
1.132693535440749688e+00
1.388898344801530405e+00
1.382315557080346036e+00
1.620518538431552136e+00
1.836554860189675509e+00
2.089913074599488052e+00
2.079361725683671835e+00
1.801345912992569964e+00
1.558055476801661010e+00
1.441013533985946005e+00
1.295876830135604507e+00
1.357487108207990900e+00
1.255082994189883339e+00
1.492096378275155732e+00
1.315475700378045953e+00
1.550746823893435655e+00
1.576467814720878380e+00
2.126739637464902799e+00
1.770376021761934870e+00
1.930442138903808003e+00
2.129083953325413781e+00
2.016675882552910526e+00
1.757403106803827386e+00
1.882591175978968412e+00
2.068413037709499580e+00
2.592509141818355012e+00
2.029865470590582088e+00
1.693647352072330747e+00
1.770716654981037141e+00
1.450612851648874546e+00
1.784524441074674783e+00
1.788175207906667952e+00
2.207920781830583490e+00
1.793885892885646260e+00
1.745825116806267063e+00
1.901477559580450505e+00
1.845136110064959922e+00
1.427373059920536313e+00
1.596886415052860997e+00
1.590605639643158264e+00
1.443052984841159514e+00
1.851440037768568025e+00
2.210890452613425428e+00
2.020161116855267558e+00
1.795362720242944299e+00
1.732239910498693192e+00
1.435096645058604459e+00
1.359751856560737826e+00
1.443022817982349215e+00
2.040119561392551351e+00
1.778582199676959963e+00
1.682000949757893160e+00
1.706358525860633968e+00
1.188424105914847706e+00
1.373073384580816514e+00
1.121195219683368549e+00
1.699321596227672870e+00
2.040136305875080769e+00
1.422554891491845108e+00
1.536607167763316184e+00
1.791933456725646412e+00
1.820429748424772232e+00
1.874242485043281725e+00
2.196291878620642457e+00
2.346852455147284910e+00
2.504109173085750317e+00
2.141757815019707412e+00
2.129882108312676881e+00
2.042699989337824817e+00
2.014456907973536826e+00
1.934275199894425645e+00
1.889079437711106868e+00
1.885562145087458452e+00
1.683693409000552199e+00
1.766748791705915256e+00
1.584629171000296655e+00
1.792073652559794672e+00
1.364148403093965234e+00
1.749374337208797758e+00
1.980886099954997981e+00
1.655434699895902639e+00
1.401855800212623349e+00
1.413101979384614681e+00
1.143975360233433269e+00
1.330750947052642186e+00
1.099665452548955535e+00
1.453013736758442587e+00
1.545940413775102940e+00
1.629833332995207051e+00
1.204717539113178582e+00
1.111564972456951850e+00
1.532424693298064744e+00
1.693897297162456184e+00
1.556555004848165780e+00
1.865257056952688508e+00
2.041755716752909233e+00
1.973904399242776053e+00
1.895929817269056405e+00
1.589382731394851866e+00
1.720472336170112415e+00
1.867220782602902140e+00
1.877045085930821422e+00
1.614724447894924531e+00
1.641504998951075267e+00
1.950644804600904836e+00
1.869122189547418600e+00
1.703000355961254542e+00
2.297689300359360143e+00
2.421658031891805507e+00
2.393988461131084655e+00
1.985319905327258105e+00
1.983780352792873236e+00
2.010378941401642194e+00
2.227551031744718024e+00
2.091660749583406087e+00
2.126805425240024139e+00
1.930959623590850605e+00
1.700387014892195126e+00
2.173366438168228942e+00
2.079279453680229928e+00
1.739954208540336111e+00
1.695951919251877271e+00
1.867521198725177634e+00
1.770489563168580638e+00
1.479513778572855154e+00
1.639012607495568652e+00
1.475894928499106085e+00
1.473950603047519348e+00
1.814554752966780704e+00
1.762090397620443616e+00
1.865571037368860319e+00
2.004595631195800642e+00
2.084278277181609074e+00
1.408546150954275822e+00
1.314975665119635373e+00
1.335282388208895776e+00
1.610231200915220429e+00
1.888060316424831075e+00
2.080675684383002544e+00
1.764508531452039897e+00
1.674642725427686329e+00
1.546729264520565028e+00
1.768235703547631266e+00
2.197461016217613139e+00
1.855841025383881293e+00
1.837182446682303905e+00
1.391796234755009909e+00
1.736802222547717989e+00
2.012254689117152662e+00
1.879024488611291233e+00
1.723569850988149854e+00
1.841486802619136443e+00
1.807289941214845541e+00
1.675753163343306928e+00
1.542426060481184802e+00
1.558282384148945932e+00
1.644742314227220170e+00
1.367363329582641729e+00
1.564281119024684363e+00
1.325059869085270847e+00
1.282869337696253220e+00
1.135286906337953372e+00
1.169286388236357999e+00
1.176115565868524504e+00
1.650291094165053485e+00
1.709113458289428511e+00
1.455310447086550996e+00
1.459166394802948963e+00
1.690635846556534094e+00
1.380122164527137762e+00
1.410259076628500363e+00
1.689461099495296992e+00
1.494714353199829260e+00
1.323030267871480037e+00
1.322241582156956863e+00
1.593565969269399085e+00
1.402830848585638890e+00
1.418403749416602633e+00
1.727369695251143256e+00
2.153198651125620700e+00
2.250727440438351934e+00
2.483311625801380984e+00
2.561210077355043691e+00
2.046007887817778759e+00
1.725550536888291520e+00
1.821885925244884241e+00
1.911984978613827657e+00
1.961442473602225789e+00
1.634669156585187855e+00
1.416902685968321585e+00
1.306061316496405889e+00
1.662718630114825347e+00
1.911103657107225295e+00
1.680572699770040535e+00
1.220250672369471712e+00
1.219020654174384655e+00
1.995677495139825730e+00
1.633820752427237455e+00
2.259540926860603260e+00
2.387642069296342040e+00
2.300305192368152785e+00
2.015107214004707270e+00
1.690231837023643768e+00
1.773357392743432293e+00
1.993703250372631963e+00
2.172290350363585087e+00
1.875653206374806814e+00
1.996980414059376985e+00
1.869193862394529893e+00
2.009418894079983975e+00
2.142115837221569397e+00
1.864075972300555328e+00
1.595913171067873115e+00
1.327271344956499455e+00
1.933286354065288482e+00
1.702877212390824901e+00
1.863342844519020325e+00
2.133602857371188488e+00
2.332433056916745073e+00
1.775050048834497352e+00
1.499985695917187556e+00
1.515676616583418124e+00
1.562160315356695861e+00
1.797313156463797856e+00
1.671438492522903552e+00
2.184460045843570342e+00
1.888410961362080975e+00
1.603734297658584218e+00
1.823767943831819949e+00
2.023986179861061441e+00
2.080310866122042412e+00
1.935871063235688583e+00
1.598229866721375902e+00
1.868183038194477952e+00
2.081483797412212233e+00
1.824703898017254522e+00
1.774549797762398740e+00
1.510565095278025849e+00
1.537709211318052382e+00
1.990762611904796309e+00
1.500047366082823963e+00
1.262278987291709509e+00
1.395475863653408144e+00
1.443500108994638209e+00
1.306498553461470369e+00
1.700510191491983125e+00
1.858265384273878329e+00
2.115483029514232172e+00
2.347862516391040266e+00
2.425330476728876139e+00
2.263579071399472120e+00
1.974446969710727418e+00
1.871195899551762798e+00
2.046907048390361972e+00
1.950688802079140194e+00
2.348576720756763603e+00
2.115859380366694520e+00
2.163502301182143039e+00
1.869132378223167024e+00
1.644337233005555454e+00
1.438553912741581620e+00
1.468570312438727932e+00
1.509578484080769778e+00
1.550555072192204564e+00
1.392538169437133710e+00
1.373889398619786206e+00
1.282452350074201775e+00
1.446593574644432056e+00
1.724843302820607382e+00
1.777074401371202983e+00
1.445700633445816896e+00
1.174422914296893383e+00
1.301127613524846849e+00
1.092132405211110990e+00
1.121173124553675349e+00
1.319386134238620167e+00
1.436765823033578471e+00
1.627446946267232963e+00
1.670578816064543393e+00
1.479842960537103513e+00
1.696538362369121700e+00
1.373967485142749245e+00
1.450324156552491361e+00
1.710285073381549781e+00
1.904057548878354211e+00
1.797094969272393206e+00
1.475823978348625998e+00
1.195180388631028157e+00
1.211624513542290726e+00
1.409950241226994638e+00
9.973684313269866042e-01
1.071497409398762812e+00
1.347186593085563766e+00
1.123840314337628765e+00
1.242063642039067162e+00
1.114306527589166818e+00
1.348636572502351472e+00
1.396764143847341044e+00
1.181374060399564829e+00
1.209250947538319743e+00
1.527276216906142459e+00
1.654652436169647745e+00
1.270373335583398156e+00
1.519195058266013865e+00
1.806429910744968170e+00
2.028180356435206999e+00
1.927925291001874486e+00
2.081859268755569925e+00
1.759290180582362639e+00
1.499354313646330539e+00
1.506407092234340883e+00
1.445489565180548830e+00
1.612193803416588356e+00
1.411402096932732997e+00
1.644463310331000905e+00
1.779480197586692514e+00
1.470497643996345083e+00
1.472965528222148990e+00
1.402361391943103719e+00
2.226331510960793292e+00
2.546989353172664838e+00
2.609050730926577799e+00
2.298058459869975589e+00
2.074987540441928680e+00
2.574589660094420474e+00
2.372244332648961063e+00
2.187396005365080498e+00
2.345449644356202068e+00
2.014506510169069564e+00
1.908996860856781996e+00
1.946456263740832471e+00
2.231158122087359086e+00
2.028260996099345626e+00
1.859897653242836402e+00
2.017821386164358355e+00
2.235474950515425885e+00
2.341912333718382921e+00
2.095044791524238281e+00
2.325949450888046055e+00
2.077967713378496395e+00
2.321622304772010370e+00
2.062425193291061554e+00
2.076720141056322966e+00
2.182323479587261694e+00
1.833114284481160539e+00
2.010757700919946878e+00
1.453458032232216146e+00
1.501959501517691642e+00
1.948129479417891163e+00
2.176159241972302372e+00
2.365621095351392977e+00
2.175852584573648052e+00
1.742181312490705736e+00
1.497584003035473454e+00
1.678313300204820058e+00
1.661529914205929437e+00
1.791208648636272160e+00
1.768560320490609516e+00
1.906140645921974297e+00
1.763252052510976275e+00
1.949356627262473829e+00
1.884274947863731065e+00
1.432579711617219198e+00
1.452737177988176587e+00
1.841856373119383328e+00
1.684674231571201108e+00
1.621942802384798599e+00
1.470096261538320848e+00
1.763018484509351502e+00
1.450298231979962438e+00
1.188203337266062531e+00
1.111186959943279318e+00
1.176286168382885355e+00
1.424976088147120734e+00
1.580512955807795272e+00
1.647483840361862795e+00
1.636211569976248725e+00
1.451917148416536740e+00
1.712517462175832339e+00
1.583436769042796621e+00
1.571713968994880029e+00
1.744639693247314050e+00
1.416399956641040347e+00
1.346879526371105307e+00
1.204580367992496237e+00
1.245174322358330699e+00
1.432307718597122914e+00
1.300216048139250624e+00
1.550921800492533364e+00
1.429682909675658031e+00
1.563501785004291822e+00
1.670122382949377871e+00
1.473192058509192881e+00
1.695928154391825871e+00
1.219311507190004917e+00
1.381264632054188368e+00
1.446469870714564232e+00
1.651681388007294915e+00
1.563178107357259705e+00
1.252177977462657799e+00
1.449056374775281153e+00
1.856695432168453230e+00
2.140318358484401884e+00
1.947838934303123937e+00
2.014035616948480101e+00
1.764816468331138255e+00
1.811896878101975972e+00
1.960133851485221346e+00
1.870037921043939511e+00
1.842680678027576624e+00
1.820978351980061083e+00
2.151761557264191271e+00
2.282182487593047870e+00
2.212513567807714576e+00
2.002426335790540968e+00
2.080304757185128750e+00
1.761613511444555247e+00
1.472417889618858444e+00
1.290213354574988092e+00
1.209464364271434889e+00
1.286973717116715710e+00
1.200525846120092277e+00
1.282636799052828902e+00
1.143785384959854490e+00
1.324892488030302129e+00
1.740173507258886865e+00
1.525413437541915052e+00
1.653406704092638790e+00
1.940762906750685080e+00
1.962628187655452328e+00
1.465581194496436535e+00
1.448553692653269387e+00
1.420865395183569024e+00
1.371887406513893959e+00
1.324545157553944863e+00
1.510700294090221663e+00
1.245220633973652458e+00
1.653434273112921460e+00
1.698117131593050111e+00
1.835080191603800648e+00
1.798495889157976979e+00
1.673055019417620803e+00
1.483328656367659981e+00
1.025102396291635243e+00
1.114884872620539147e+00
1.173937109086893527e+00
1.518867794768041790e+00
1.568088816490494253e+00
1.495583555002258702e+00
1.491400369126646863e+00
1.564362295236124245e+00
1.863991290186305383e+00
1.323707578408999552e+00
1.213135995716807525e+00
1.434483637552525837e+00
1.586587157710492413e+00
1.712930646090508935e+00
1.714349700108207308e+00
1.832147853346824506e+00
2.261849004554980613e+00
2.506964569596660919e+00
2.248062372153902366e+00
2.032240522617888789e+00
2.405766848897942456e+00
2.102798163419030697e+00
1.708090072412270288e+00
1.862312350102558689e+00
1.614205574602901372e+00
1.959542010538524170e+00
1.804789863614031153e+00
1.754775284034001182e+00
1.611813901112210345e+00
1.850070836177577283e+00
1.937605383504318546e+00
2.142664734983831476e+00
2.048892921183822491e+00
2.184754760074245628e+00
1.911238968786330261e+00
1.638643670528600715e+00
1.177564507066846344e+00
1.343675587414583594e+00
1.221953928665074018e+00
1.444056117525240879e+00
1.788533881685647309e+00
1.893355958488528223e+00
1.699831597993089360e+00
1.760267071111404125e+00
1.760680237402106885e+00
1.269358852577220809e+00
1.337833305122656968e+00
1.897498730097316511e+00
1.904099704971206508e+00
2.110944922019097447e+00
1.922138688459009037e+00
1.901374607463872657e+00
2.000478889661712056e+00
2.188472529242755815e+00
1.984858441009050400e+00
2.217484770773644254e+00
2.005802849947717181e+00
2.076248441379141330e+00
2.044926067760131083e+00
1.588212416307924757e+00
1.645756820820169386e+00
1.538187529553742383e+00
1.869481620541339373e+00
1.694727010362008457e+00
1.558214907466960897e+00
1.628899914493280976e+00
1.334083900100381692e+00
1.807949707343547985e+00
1.695010386839520322e+00
1.512240867406694278e+00
1.341894002202897562e+00
1.307662468498613340e+00
1.771696098827030941e+00
1.688624321337526046e+00
1.708137986164772970e+00
1.440615575984361740e+00
1.337251989341510461e+00
1.273322978920642612e+00
1.159849728633004950e+00
1.044001237120136594e+00
1.058056182035488346e+00
1.108442524722931699e+00
1.113687073663184979e+00
1.233858244484535627e+00
1.476941170982538853e+00
1.335573926878999451e+00
1.377548720797554305e+00
1.381435612283246739e+00
1.301622107653975124e+00
1.150655014227415451e+00
1.404760325284368117e+00
1.357004048938331930e+00
1.619169132566386171e+00
1.452615369343303042e+00
1.127940797302380727e+00
1.122711770057620795e+00
1.089399414081750672e+00
1.000790874510880668e+00
1.172552113295423748e+00
1.162043764632683107e+00
1.358368475615623572e+00
1.493971607927321976e+00
1.855215794422791609e+00
1.755875146631923123e+00
1.691098849334982113e+00
1.702812004394047340e+00
1.380681841685184708e+00
1.700905842136993584e+00
1.722757093005005791e+00
1.362682618619005082e+00
1.362162857000233318e+00
1.912891419148963656e+00
1.953106163984489108e+00
1.827469019570424624e+00
1.408812323795326282e+00
1.162056653659939709e+00
1.532804768685135821e+00
1.545174088461938489e+00
1.373471138239426015e+00
1.593265383875593022e+00
1.388870068143626790e+00
1.473197751071062767e+00
1.385003455984209264e+00
1.878787532618327649e+00
1.758335218570097558e+00
1.893440027922366653e+00
1.422743022787254619e+00
1.505102555029533384e+00
1.621102583699699951e+00
1.600705891062708108e+00
1.806031240759644607e+00
1.642879872272202890e+00
2.143066853758250456e+00
1.977497006758049736e+00
1.897965355898282525e+00
2.155656654511583170e+00
2.145503138219269079e+00
2.135423328043244862e+00
2.021556044099843685e+00
1.616823455885566974e+00
1.819191033837513460e+00
1.663403716203572635e+00
2.186591640616648125e+00
2.210253683320216211e+00
2.361958821173964385e+00
2.306732874611309381e+00
1.908878141859637445e+00
2.358025118554680777e+00
2.266186235269419313e+00
2.333371022773750525e+00
2.396845028304255276e+00
2.153411071901659923e+00
2.284772055437044536e+00
1.972403039222578647e+00
1.757204968940397682e+00
1.677383974860190641e+00
1.548025538173076976e+00
1.441854310694164809e+00
1.508751925830797758e+00
1.437114968450886376e+00
1.318783314198319623e+00
1.558363966533854672e+00
1.414883340943376533e+00
1.653493004682437206e+00
1.516761439950176316e+00
1.468807778399337849e+00
1.473447234546317652e+00
1.485179835275125537e+00
1.343481045642355376e+00
1.815238718704345722e+00
1.888045592052764565e+00
2.048246830394061746e+00
2.336528853546514295e+00
2.504561808991066840e+00
2.196352025566389088e+00
2.114479601242997386e+00
1.718915715033425107e+00
2.063065992807658677e+00
1.858935414254991647e+00
1.264616092933148472e+00
1.274754267165315369e+00
1.371352274555858397e+00
1.529234741884075710e+00
1.637146200824513231e+00
1.856171552395821323e+00
1.770888191853628557e+00
1.993804890189278201e+00
1.993070066934202744e+00
1.997452403531259968e+00
2.037561475148744083e+00
2.025626920626670824e+00
1.495702398978301373e+00
1.266685152158265382e+00
1.062596053045420819e+00
1.397919069568909656e+00
1.754056449124781203e+00
1.846007178327505605e+00
1.611026532440272163e+00
1.563914864274070782e+00
1.347310404106468740e+00
1.703581540587933318e+00
1.915659231627247827e+00
1.607024979710766077e+00
1.419241298270025764e+00
1.217416901692871534e+00
1.629822929663055753e+00
1.636940221475809087e+00
1.820483315786315615e+00
1.748634171196647102e+00
1.585188460722026793e+00
1.698982558648939323e+00
1.413508648357847841e+00
1.524724088242616293e+00
1.704857121094617511e+00
2.025997329492162269e+00
2.269348839315649791e+00
2.566676967078105775e+00
2.651730804895388260e+00
2.411743165554740997e+00
2.185104787125967896e+00
1.823456122186954520e+00
1.826967491670720367e+00
2.252306678828837061e+00
1.993707132475396993e+00
1.848026373906209718e+00
1.800642772094213528e+00
1.795183694100240146e+00
1.787846819572818990e+00
1.568738442855428517e+00
1.904918091661686574e+00
2.212445781150001789e+00
1.724221816960345821e+00
1.539389183758624657e+00
1.582116717389107086e+00
2.236115005617951734e+00
2.030560262178312758e+00
2.023594958956204337e+00
2.010729828603869951e+00
1.779161802802156078e+00
1.453025748548640861e+00
1.680872393057104563e+00
1.574538156713427561e+00
1.369282872311474275e+00
1.614884600705276840e+00
1.381350980831997699e+00
1.577832269750690575e+00
1.650511530781213043e+00
1.776458938176444846e+00
1.746309570420724988e+00
1.854806824744756888e+00
2.163864207152440322e+00
2.246496272742336764e+00
2.167820043239930605e+00
1.975076952123861362e+00
1.917027501587961202e+00
2.069599613857662224e+00
1.978819568576413834e+00
1.937714414131887608e+00
1.932481704715602211e+00
2.174250631130976608e+00
1.898642871735452875e+00
2.142426302301655650e+00
2.245216688872936572e+00
2.281436182077553720e+00
2.104264498419566198e+00
1.752810272978768014e+00
1.356987170567069301e+00
1.426722125344240366e+00
1.436835402234829528e+00
1.346396386490323671e+00
1.826756261760057232e+00
2.020589812318826617e+00
1.722055478605940770e+00
1.465041305737844191e+00
1.648226590424051397e+00
1.720887567056294420e+00
1.636316233573556378e+00
1.214591797316040278e+00
1.364069685345602245e+00
1.777885859080853725e+00
1.961227231513757552e+00
1.424357099017278916e+00
1.410151118556676852e+00
1.498079348238582575e+00
1.984822732919662602e+00
1.984936976580223833e+00
2.052559149477342082e+00
2.053484459670646523e+00
2.017246277937622789e+00
2.274202032172427224e+00
2.276851604891546366e+00
1.564327724514551043e+00
2.077805920143358076e+00
1.930163098131959742e+00
1.696976774926080900e+00
1.376768824672391922e+00
2.023690243535044342e+00
1.698626968464123088e+00
1.890809006177535112e+00
1.576708684191688414e+00
1.484876683137053899e+00
1.575291739347311593e+00
1.710432854370276701e+00
1.672879508276740701e+00
1.946146947094728352e+00
1.862666108095593742e+00
1.522767592413112325e+00
1.900933375680587289e+00
1.571813345823623198e+00
1.170098855854368569e+00
1.468577603040204904e+00
1.479147639704477823e+00
1.297222157696936939e+00
1.353378209994701153e+00
1.708803366816303626e+00
1.530198273626341976e+00
1.726653814618184457e+00
1.916064737164440146e+00
2.044486652373661784e+00
1.703803260085759108e+00
1.797686703345642956e+00
2.157113636663550160e+00
1.721891348150212497e+00
1.636583447193078245e+00
1.564661628518647651e+00
1.714054144582099148e+00
1.772923756699480213e+00
1.762865807066522184e+00
1.661158647211302242e+00
2.006099246248956192e+00
2.009031688551306871e+00
2.192956139988841979e+00
2.177313140102290046e+00
1.876416830682884340e+00
1.752554175744858389e+00
1.738314003415614595e+00
1.267839288231283668e+00
1.049640739950975954e+00
1.147224007653206757e+00
1.025639821266448815e+00
1.406916769019356250e+00
1.592082997128797084e+00
1.561476874114180458e+00
1.453883224783061090e+00
1.577984946853038695e+00
1.788253831829990093e+00
1.699295182581801900e+00
1.541815095934879976e+00
1.584797350674916894e+00
1.414779327050151636e+00
1.322213507578267944e+00
1.502715341894271361e+00
1.883817056493103159e+00
1.573380350482411982e+00
1.665050776330348148e+00
1.967978020158872798e+00
2.002055083327970220e+00
1.582576436347563620e+00
1.458052327562812112e+00
1.044097305736796155e+00
1.152297062010129602e+00
1.668627285071887290e+00
1.706033941209521565e+00
1.801807317874560388e+00
1.584832532835760421e+00
1.415873686143330312e+00
1.124190986514462365e+00
1.407924226661203759e+00
1.433627651642828793e+00
1.613116986616159654e+00
2.062045692702142219e+00
2.030954585260582146e+00
1.466317766944948975e+00
1.620403053566164875e+00
1.424197136525679142e+00
1.552510969515296990e+00
1.787622386057644341e+00
1.361855183529412372e+00
1.392100884004920047e+00
1.263158954367053388e+00
1.438849753831486611e+00
1.603356562840344557e+00
1.542726299976228121e+00
2.405919220850809559e+00
2.076781201434483304e+00
1.488102145728224412e+00
1.931085679274194833e+00
1.403028426395294570e+00
1.563493174697838217e+00
1.218540003049946252e+00
1.278899885197112063e+00
1.378206129502968391e+00
1.550500155751178610e+00
1.775718676840930321e+00
1.781871773263267844e+00
1.848829676391895660e+00
1.590159895338151053e+00
1.605220714437692209e+00
1.470336980654640691e+00
1.607601547613374482e+00
1.629166647141568447e+00
1.438719201818348781e+00
1.400510534181876210e+00
1.432569110820458791e+00
1.286576578830434636e+00
1.174876280874255441e+00
1.315377119954649787e+00
1.003191589674007345e+00
1.249018520700243329e+00
1.259788399782262758e+00
1.306234974445407815e+00
1.230821515560895918e+00
1.069348498943788472e+00
1.094468254537461105e+00
1.076868086542537517e+00
1.121235659712246813e+00
1.310390029231750075e+00
1.392372390782149694e+00
1.493056276499499013e+00
1.520121571172678987e+00
1.472313601833967533e+00
1.526992365504051596e+00
1.589779996608934987e+00
1.950521888405818860e+00
2.003566778078898825e+00
1.687051163243222351e+00
1.417518570534810785e+00
1.629485461363357590e+00
2.376551647409086865e+00
1.674594012116737307e+00
1.572786989008051695e+00
1.654400499838440730e+00
1.321855864349683607e+00
9.993303261453887476e-01
1.405920511621282287e+00
1.372835011475124656e+00
1.363995454124224516e+00
1.554045140623814270e+00
1.973155525340356320e+00
1.545096834831891419e+00
1.616745519612950321e+00
1.351580234972439065e+00
1.595114933821218939e+00
1.409482718986434069e+00
1.547386432699969339e+00
1.924341782286372649e+00
1.969594389605495710e+00
2.108483718529237105e+00
1.840731895028079101e+00
1.813745161345263757e+00
2.127117795033341974e+00
1.982983507983966165e+00
1.799827370035833374e+00
1.715660395252443848e+00
1.792972312360610276e+00
1.523144474363863576e+00
1.659825306915019061e+00
1.451320641286045765e+00
1.498269058279721566e+00
1.666289828289943431e+00
1.481460250066640061e+00
1.726308109793623480e+00
1.862189126930199556e+00
2.170061947372627476e+00
2.129571972821965975e+00
2.000368332395702886e+00
2.093923087058647603e+00
2.308107929479411791e+00
1.905309589592521169e+00
2.343055768528599980e+00
2.045656960239389477e+00
1.769742741904934746e+00
1.957078120712134606e+00
2.134460508734782547e+00
1.833465519112819742e+00
2.004552084737597717e+00
2.088367253073082797e+00
2.397670257818552475e+00
2.023722926114922327e+00
1.999194596748797181e+00
1.523573131556896332e+00
1.794196825715054233e+00
1.912328621727128253e+00
2.008965522315267371e+00
1.801310892729385715e+00
1.705033548223336970e+00
1.532656682248644708e+00
1.435308793467930499e+00
1.306898766509207777e+00
1.569089710334930832e+00
1.537095236360337402e+00
1.787975404341227481e+00
1.817611384088050563e+00
1.563893377334667489e+00
1.764832549834345121e+00
1.884357628528636530e+00
1.533288382967582297e+00
1.637872765684089460e+00
1.904886579489512677e+00
1.883299469432782480e+00
2.208774192085186439e+00
2.058592429626016962e+00
2.084647071281493069e+00
1.735302849334771524e+00
2.185420865066699303e+00
1.971951261426686308e+00
1.892142563134187938e+00
1.826036460080247892e+00
1.828721388158635719e+00
2.129801038264092394e+00
1.911547828004222183e+00
1.657930887211252147e+00
1.916938534942289607e+00
1.608731149068184152e+00
1.595878172310777110e+00
1.596288921165468722e+00
1.548056301031172088e+00
1.138139487269706818e+00
1.331945912262129550e+00
1.513079404139301420e+00
1.543152159561170356e+00
1.910094818653611526e+00
1.683558118904165291e+00
1.600377803494291928e+00
1.307962116431970134e+00
1.365383206390420323e+00
1.351393775600604696e+00
1.471785456698800676e+00
1.908726062668821388e+00
1.896442378282835683e+00
2.352737915933425406e+00
2.185680618572499956e+00
2.139184664088957355e+00
1.939578557951820548e+00
2.204938877368928019e+00
1.479692975070549421e+00
1.324162296569018737e+00
1.453274817438832134e+00
1.341775757409435998e+00
1.269123030522306683e+00
1.318740510797899779e+00
1.511253566779868551e+00
1.306854613930468645e+00
1.261888633420157113e+00
1.519341401216881327e+00
1.395352404526026602e+00
1.357272071127031188e+00
1.590842924865430774e+00
1.097322943948401130e+00
1.173441236899687601e+00
1.133785506889662953e+00
1.167745038990983142e+00
1.926470927917350640e+00
1.498337651001221627e+00
1.803786184417066174e+00
1.928055047685964585e+00
1.632380219764768103e+00
1.376409260547851288e+00
1.494522707143385976e+00
1.455573773970878282e+00
1.827093591868055533e+00
2.182506076659125327e+00
2.313488465911184733e+00
2.426116288686342770e+00
2.192255213313506701e+00
1.953408476129399052e+00
2.129899909785146761e+00
1.765495080506269687e+00
2.283946442065925897e+00
2.212489654018256147e+00
1.875211114899438813e+00
1.732576549340440142e+00
1.553043385890813477e+00
1.362794206371333638e+00
1.473598074680227521e+00
1.505706581955586154e+00
1.575951192268222556e+00
1.693099579075846073e+00
1.646138244283941177e+00
1.681908698616911613e+00
1.832626122177744454e+00
2.162878096173856957e+00
2.146902066580243851e+00
1.903607879782390988e+00
2.105657787564064076e+00
2.163439761739594402e+00
2.115244100593022036e+00
1.670343594939638798e+00
2.167304058418469737e+00
2.028551879354935750e+00
1.651898315759283253e+00
2.185197364029165978e+00
2.308279234837670835e+00
1.839544276206793727e+00
1.909784618606638507e+00
1.524888588469587303e+00
1.657142857663401969e+00
1.739960587447467510e+00
1.619474921077045826e+00
1.664011366300543360e+00
1.804058385236168904e+00
1.865026171908624297e+00
1.810766892915929960e+00
2.059147650823630826e+00
2.178825025058704679e+00
2.154207771581705178e+00
2.066043818639203167e+00
2.253704938589364826e+00
2.187281361775526900e+00
2.143555319868593489e+00
1.677158239889107394e+00
1.730894963398103004e+00
1.675812417316457914e+00
1.644535407496139801e+00
1.453475787729494373e+00
1.756209742784466288e+00
1.757196272399432546e+00
1.849385949993790135e+00
1.845576438332443558e+00
1.935828374915129491e+00
1.959442651883047448e+00
1.463117606683843386e+00
1.782009523697888786e+00
2.120811691981775660e+00
1.893850893357968745e+00
2.748849986343065321e+00
2.427035568473391081e+00
1.889097589680229561e+00
1.752911500856016325e+00
1.504816950337919845e+00
1.494645061561439503e+00
1.715611294785643892e+00
1.338031600532938681e+00
1.676540466702223231e+00
1.930381776480872391e+00
1.868207193539539013e+00
1.903861278255329470e+00
1.586794315236301545e+00
1.627993402896571684e+00
1.687526487432173372e+00
1.619342642813593969e+00
2.002279673608917232e+00
1.958059979238801152e+00
1.814993842477083508e+00
1.357119363975271886e+00
9.712172097223845668e-01
1.261515533020319824e+00
1.489393433091651398e+00
1.056143163715451250e+00
1.245333568817152070e+00
1.163340701329816040e+00
1.410584626533136321e+00
1.442962928336983364e+00
1.505938098883251364e+00
1.574416863401449485e+00
1.598867038791148998e+00
1.359178335988022290e+00
1.260772800958497974e+00
1.211804985577709104e+00
1.329674585021098920e+00
1.363167072274580116e+00
9.016467390423907879e-01
8.967843799453494302e-01
1.258035334115241044e+00
1.705084735986874378e+00
1.701270779426331092e+00
1.271060638513922036e+00
1.342009353963110829e+00
1.497943905909722595e+00
1.661870498258920525e+00
1.726466077541488175e+00
1.397680511944255244e+00
1.627665166573908806e+00
1.433091783455429535e+00
1.768907217470307103e+00
1.632407814256196410e+00
1.571891283402097050e+00
2.049765985323151352e+00
1.824705216010718223e+00
1.255245327499697083e+00
1.304080000452594756e+00
1.678335923448146305e+00
1.538335472524098746e+00
1.298975251428799993e+00
1.197351759423624484e+00
1.194213646759077596e+00
1.602650805413919244e+00
1.557063718139284125e+00
1.556172457431867606e+00
1.865041631670011135e+00
1.764467041446578399e+00
1.325352104798179775e+00
1.089436521298940086e+00
1.299065746680261313e+00
1.700417178313328392e+00
1.947580924401064228e+00
2.016188767640032964e+00
1.909269585452667117e+00
2.019229350693271918e+00
2.010720007921845909e+00
1.774920117178765411e+00
1.552318849364057618e+00
1.251148865371926489e+00
1.791529805661980834e+00
1.769119705734030212e+00
1.683407942927177547e+00
1.421840609787187404e+00
1.094629719095695952e+00
1.187829196158909140e+00
1.108100035637313407e+00
1.356110261245827120e+00
1.771834276108381845e+00
2.068103770392545560e+00
1.619594709507565788e+00
1.285864113919399809e+00
2.049601803541399203e+00
1.968150324610348889e+00
1.492786498959279173e+00
1.293268993883986084e+00
1.586354590785285623e+00
1.763640335112622637e+00
1.629735008074153058e+00
1.492444737210660843e+00
1.614410446080616346e+00
1.364771133630225064e+00
1.135366292476662542e+00
1.185896083450771021e+00
1.406135699308771692e+00
1.889051464650005618e+00
1.901444967343006498e+00
2.120348210820951707e+00
1.919406925972653610e+00
2.053379958317774534e+00
1.607399658451055480e+00
2.058820530506975555e+00
1.790898691471329407e+00
1.814463561515951673e+00
1.874700327700709934e+00
1.793784562791624015e+00
2.020463359350865407e+00
1.403124796011319120e+00
1.401341994586716044e+00
1.294138118312532226e+00
1.550213616748268963e+00
1.626601249718619080e+00
1.360312329846012691e+00
1.523102547930676343e+00
1.940406665141960918e+00
1.533947894076354235e+00
1.593610810449571424e+00
1.329102496903931341e+00
1.518807728676182300e+00
2.010572203828416615e+00
1.976566728622443536e+00
2.233801222980307699e+00
2.052659432933042982e+00
2.159289570666485858e+00
1.868547403382705641e+00
1.942264644829009512e+00
1.973737348413859394e+00
1.914746248415535979e+00
1.618528540585471021e+00
1.237788542179594442e+00
1.795036741885968290e+00
1.771859015249631852e+00
2.163761352436611940e+00
2.455248155184255321e+00
2.447464160855295834e+00
2.067256102504039017e+00
1.735590761768839974e+00
1.532922625986814946e+00
1.894269976475811523e+00
1.788618887853032025e+00
2.021835319062194269e+00
2.247748319350505675e+00
2.503325678592336345e+00
2.338715931747376242e+00
2.561337800015039079e+00
2.166789529606473419e+00
2.062920041951965988e+00
1.856336806448552146e+00
1.829133093805714871e+00
1.613896831423959233e+00
1.662296084986929490e+00
1.751851483206370519e+00
2.152918798093606423e+00
1.869373509014248702e+00
1.809437770604334084e+00
1.890552258377842243e+00
1.585267947348153017e+00
1.673755752190527524e+00
2.271779791725633935e+00
2.144812624907296517e+00
2.226189750568215331e+00
2.040677909380918198e+00
1.765791095963659574e+00
1.706230310682189888e+00
1.794255655715871534e+00
1.574930434131526669e+00
1.651765554043013395e+00
2.017915411621279187e+00
1.951924090975215353e+00
1.800527684886604973e+00
1.288285361868898304e+00
1.474013045425783153e+00
1.403819161561544737e+00
1.157767549053990486e+00
1.071983173980261439e+00
1.046396931039381029e+00
1.490816326652544710e+00
1.454798177974642170e+00
1.720109589529525085e+00
1.615783574875794715e+00
1.723278977535040557e+00
1.645721554030620259e+00
1.588436443102760665e+00
1.581778308719902659e+00
1.437780035915058541e+00
1.567717095383393655e+00
1.687864175117230303e+00
2.434758086695617330e+00
2.036989840949101627e+00
2.072797129612578448e+00
1.975795246437704211e+00
1.746750300938124445e+00
1.767452545471642100e+00
1.690254663951296088e+00
1.652831914214383691e+00
1.290257633151243644e+00
1.705317071953570185e+00
1.416537960383194683e+00
1.485876544328047499e+00
1.774003954844841857e+00
1.991827669554408375e+00
1.654756972346143051e+00
1.543017987033219240e+00
1.558735494444877467e+00
1.506596535432480621e+00
1.472711850317927951e+00
1.546243105743510871e+00
1.995296730397846163e+00
1.976731260617048624e+00
2.494645197195566766e+00
2.315099540696578639e+00
1.871745349378009182e+00
2.077055340845036291e+00
2.408886860395234919e+00
2.189442861444578003e+00
2.267365278979589949e+00
2.005826794981632855e+00
1.986805204309827433e+00
1.828467607529429051e+00
2.002871699808185024e+00
2.212695995549723627e+00
2.401804185737277830e+00
2.143651379172612614e+00
1.982998416109928330e+00
1.864106819628100098e+00
1.365954872142117971e+00
1.206440018526177216e+00
1.422007158621596989e+00
1.566320153669367388e+00
1.131322543325634866e+00
1.183498017856202678e+00
1.299454728907887047e+00
1.410948106559026805e+00
1.217084780906708685e+00
1.158459733647806189e+00
1.128119997357689197e+00
1.123555428237587694e+00
1.189722552971923530e+00
1.375692844017557981e+00
1.179299948040781087e+00
1.306804254243549623e+00
1.303257389017323575e+00
1.351917596095041141e+00
1.754549045176645450e+00
1.757822495446123900e+00
2.154009602286261593e+00
1.939537903331458146e+00
2.203526336320190460e+00
2.009304600337326274e+00
1.701949837834780155e+00
1.595128492521322272e+00
1.858841524107684995e+00
2.105701332145363036e+00
2.105532825379826445e+00
1.835222424648623063e+00
1.778391438500687372e+00
1.766111185759573932e+00
1.564680019675445344e+00
1.781045195944694459e+00
1.516551530030920913e+00
1.532766776881504311e+00
1.770274599373820479e+00
2.055170455139168517e+00
1.864495814728788892e+00
1.687484203108812642e+00
1.735863757329041634e+00
1.524516057124047252e+00
1.583461531783437071e+00
1.479288744698406211e+00
1.683038782184559157e+00
1.362095689845594482e+00
1.209203070045339334e+00
1.466753099436446606e+00
1.534941231719924915e+00
1.392757778271492164e+00
1.260341993723776532e+00
1.730421710076402553e+00
1.241935645987371828e+00
1.308775262126923078e+00
1.245807002198284330e+00
1.554258138788992660e+00
1.636280791464402640e+00
1.808362946092234358e+00
1.921780438050991968e+00
1.449906448996397312e+00
1.407835719564505039e+00
1.414075275881688798e+00
1.350268063749637371e+00
1.291257220888335944e+00
1.244532056054108882e+00
1.372662617282901065e+00
1.749231250379556180e+00
1.821073240302729879e+00
1.973134807003879887e+00
1.769912730685169411e+00
1.808937922886852068e+00
2.070147975123231010e+00
1.524590211271703133e+00
1.504784179784675713e+00
1.579563302800622848e+00
1.701246727151474403e+00
1.484653516971293774e+00
1.456891859395076594e+00
1.768907304241638556e+00
1.895398201162974416e+00
1.469320959893094747e+00
1.323703883669881565e+00
1.423362951000752163e+00
1.090691579797763655e+00
1.107502224122164591e+00
1.380304735992927911e+00
1.600090554413844401e+00
1.457049369438128572e+00
1.080629125588671302e+00
1.519860062045481186e+00
1.375905728619162938e+00
1.351543733073445219e+00
1.352820569480139179e+00
1.327761584454291821e+00
1.327235975665795653e+00
1.452634807080470436e+00
1.724372182366329387e+00
1.536330842335211111e+00
1.678964981527796274e+00
1.328903456569761943e+00
1.366716479585366573e+00
1.524255765748030234e+00
1.528085701398946172e+00
1.393610088861431784e+00
1.436269300886304556e+00
1.593763122981205704e+00
1.703515563594741211e+00
1.752901621295525292e+00
1.451573606005571504e+00
1.274941381619829617e+00
1.221081306602272765e+00
1.092661210293233376e+00
1.108285362563530940e+00
1.165031789595748490e+00
1.109148524743040376e+00
1.308962694618406752e+00
1.134153544833998106e+00
1.338909587658668743e+00
1.533936458984777929e+00
1.436748001413735931e+00
1.361408893538951448e+00
1.267268059837508787e+00
1.204859915882232180e+00
1.359260052133000718e+00
1.626442963202612946e+00
1.552412416273147633e+00
1.919942514166558256e+00
1.441344618610874928e+00
1.331854093300739450e+00
1.291104990451835466e+00
1.417478317463685800e+00
1.343206590800207767e+00
1.613753571754742655e+00
1.904429031730389799e+00
1.461351728752653401e+00
2.073599431851773645e+00
1.779255271183665998e+00
1.682967548997462703e+00
2.290348313327692065e+00
2.393481510088535380e+00
2.446767762908016675e+00
1.736206556524060751e+00
1.921995415573225507e+00
2.542879562438232099e+00
2.068928820480953501e+00
2.066458555799046248e+00
2.053461166884473332e+00
2.140791958760490665e+00
1.893825900832741826e+00
1.995277969579521304e+00
1.981372408149252085e+00
1.968448398104741148e+00
1.595749920667395516e+00
1.831129437613620015e+00
1.930117213281122623e+00
1.822777018716977837e+00
1.894950746356061533e+00
1.937931463028313317e+00
1.831380943641184089e+00
2.215113657827224358e+00
1.940620314388173728e+00
2.011605944154254644e+00
1.983099508209184236e+00
2.117763567886984166e+00
1.513872946964756716e+00
1.647637529053881167e+00
1.665630922987927809e+00
1.947531495331503937e+00
1.945332816856355507e+00
1.892702996621700384e+00
2.234342889470970039e+00
2.172961847909613553e+00
2.351343421052015437e+00
2.337240004768109003e+00
2.224917929071869249e+00
2.275342159760837646e+00
2.385861474289595829e+00
1.925221700032066385e+00
1.962652939882570724e+00
1.556714516262569070e+00
1.431929352602842709e+00
1.668524167266005609e+00
1.378667807852634208e+00
1.317886934353359685e+00
1.293237260387475995e+00
1.193402417315627240e+00
1.286248400287028248e+00
1.057917979955335097e+00
1.284684621674442306e+00
1.563320143766590675e+00
1.548650892731791906e+00
1.350998007176335891e+00
1.428611531630638032e+00
1.293594276999441073e+00
1.219020858856803002e+00
1.375890156050924018e+00
1.417748534250162118e+00
1.145505024201971533e+00
1.121708127721188886e+00
1.432447974930314505e+00
1.337160644183164271e+00
1.401217248112521574e+00
1.297935445398491261e+00
1.314975567816716762e+00
1.369219623137255759e+00
1.486036841853590085e+00
1.513396927742321152e+00
1.612710666981468366e+00
1.900766125636983439e+00
1.882525934276218837e+00
1.753396121943100683e+00
1.859688225432735154e+00
2.038696500272547230e+00
1.973192273265835128e+00
2.164429926907378565e+00
1.971413618817513980e+00
1.609477759191867641e+00
1.293692927809758864e+00
1.751613021904474099e+00
1.485401333324587458e+00
1.853043489677388411e+00
1.928727529608891489e+00
1.868303197384646452e+00
1.648393870807853823e+00
1.584634759249954339e+00
1.629562359968983021e+00
1.571808264778377762e+00
1.756523851046157603e+00
1.738115746368210868e+00
1.354833173377554711e+00
1.710206463372626828e+00
1.434983266348358155e+00
1.915447629937888863e+00
1.599942686896676625e+00
1.788356100205555466e+00
1.910067224033618949e+00
1.741506885343647060e+00
1.622784278889686682e+00
1.860380642344803492e+00
1.851030934118900406e+00
1.950355115143857621e+00
1.924504760469631925e+00
1.844878096934153167e+00
1.795997081799030504e+00
1.394746353704941599e+00
1.463097927500873752e+00
1.994998629913612875e+00
1.822199171865753531e+00
1.556562150534930300e+00
1.710843767032841134e+00
1.763153193291560505e+00
1.341192527085681929e+00
1.431082472718615994e+00
1.463251813241283728e+00
1.570447740059791819e+00
1.497994621243731839e+00
1.554802892259612213e+00
1.923399797446757375e+00
2.097257498555171296e+00
1.942824473304154198e+00
1.997808331623443623e+00
1.763599649644881140e+00
1.723636995950992956e+00
1.791409002442028608e+00
1.694309891486723174e+00
1.559380376905865395e+00
1.352279184180092964e+00
1.720793579158509168e+00
1.645754603448674747e+00
1.833880521070882841e+00
1.823493420668517606e+00
1.607723563733913785e+00
1.634600685560286371e+00
1.873750658650877643e+00
1.968774734299596041e+00
2.136894303746482482e+00
1.969824153847802295e+00
2.028459040879581732e+00
1.890246631542952915e+00
2.003985168189232891e+00
2.075390973018339746e+00
1.752442321849937201e+00
1.954934460539058394e+00
1.711747851890682348e+00
1.604030307382594334e+00
1.549657794729500937e+00
1.927194724274833959e+00
1.563418407369234764e+00
1.262426074375057716e+00
1.452531237002042008e+00
1.089759764311098111e+00
1.456671045939233800e+00
1.323917994410133359e+00
1.345547998907253628e+00
1.610875820327791308e+00
1.484302817478114100e+00
1.489835250550801682e+00
1.619261264853853355e+00
1.255194419575756504e+00
1.537362901075998378e+00
1.688031540575833489e+00
1.807849700673576754e+00
1.659114538282623563e+00
1.720126486325294302e+00
1.846097113675530865e+00
1.958774784780424660e+00
1.617521666073372222e+00
1.455127567358297513e+00
1.335498176110769819e+00
1.463331431096954072e+00
1.527853641299235843e+00
1.533386564159770371e+00
1.878259775437791212e+00
1.377263804916477596e+00
1.409697153811090509e+00
1.631034639130171549e+00
1.252403793214947214e+00
1.242404732132428080e+00
2.018070333023252783e+00
1.700501578638207612e+00
1.794618978282406019e+00
1.415676605720237458e+00
1.240567205841044407e+00
1.542844521600033492e+00
1.684936432523018501e+00
1.766236107377218589e+00
1.649982804755605548e+00
1.532127053490669688e+00
1.482381877888901078e+00
1.460120238051194397e+00
1.439202435027858495e+00
1.136409050855222036e+00
1.131908786647322307e+00
1.274871483167246078e+00
1.339028392165294346e+00
1.514536466890143096e+00
1.826051323398323767e+00
1.386438920780378670e+00
1.342899410066370702e+00
1.403136871575450195e+00
1.706682262256129734e+00
2.268503340936964374e+00
1.989858333510981403e+00
1.920117927462527296e+00
1.767615986902515424e+00
1.719421051366563979e+00
1.778806907299789630e+00
1.866123004370775051e+00
1.854513556159787191e+00
1.741274787654179423e+00
1.198828029706897835e+00
1.534951658516924278e+00
1.287055859773737820e+00
1.381889635633565483e+00
1.702574895478045747e+00
2.064474503334718047e+00
1.990258900875765180e+00
2.230287981459590618e+00
1.768036552978994314e+00
1.674461848991552593e+00
1.386554958275701299e+00
1.611263870379819441e+00
1.284848332299430407e+00
1.374228351062184217e+00
1.426518126116137042e+00
1.172885481464834845e+00
1.113650174381552338e+00
1.164998269598174430e+00
1.178900898566425104e+00
1.116720657394182137e+00
1.375681212863180347e+00
1.377269469635551413e+00
1.381074270238602963e+00
1.643405751530646164e+00
1.696254690946050081e+00
2.083634093667383613e+00
2.472594344585547610e+00
1.871170459356456206e+00
1.902544717647798755e+00
2.413853042657876813e+00
2.132697431756934048e+00
1.943034834459061999e+00
1.722809433934568535e+00
1.730496815376561415e+00
1.388500480703559692e+00
1.803357502475281482e+00
2.093229478351309680e+00
1.830748477804607921e+00
1.777185987253985688e+00
1.775380178654641483e+00
2.071914882892660792e+00
1.952745004057816036e+00
1.577143066532959104e+00
1.951622296536173140e+00
1.752617687950923431e+00
1.764802004456784479e+00
2.097346810499052250e+00
2.464549366943864506e+00
2.360775713596188208e+00
2.074655146102466485e+00
1.766539188499346213e+00
1.825037824174430501e+00
1.903161850947081124e+00
1.738064880202317086e+00
1.563149603818787980e+00
1.505276401841683986e+00
1.388382283575150478e+00
1.543034436930352582e+00
1.757209985545925779e+00
1.434062059393494293e+00
1.431958169669546699e+00
1.789803248602716002e+00
1.704689893762755482e+00
1.797405564533872679e+00
1.951307232100652600e+00
1.505970301988357685e+00
1.482411276024209856e+00
1.324972190401355610e+00
1.461846474790569284e+00
1.449665189759919315e+00
1.617876340158404647e+00
1.388729291713431291e+00
1.323219752758185486e+00
1.506706288173218500e+00
1.789105150546070888e+00
1.579194132248192162e+00
1.876870715339146178e+00
1.634646644584309527e+00
1.480576687806484548e+00
1.640215637777314717e+00
1.578879761113619828e+00
1.844813101663014043e+00
2.389591116507366664e+00
2.320844343965283496e+00
2.448499299847657351e+00
2.306965620371984382e+00
2.245647157556739160e+00
2.648511078204593083e+00
2.460163175355110088e+00
1.929278549370189610e+00
1.824056623363615515e+00
1.895202309360827675e+00
1.804937063735722935e+00
1.724425908192756429e+00
2.236473742846040835e+00
1.864938217420016420e+00
1.605178530180421781e+00
1.556789070045064172e+00
1.516409662517750334e+00
1.209892866556579349e+00
1.325122310694739181e+00
1.324957544563206469e+00
1.337858692306276076e+00
1.656077033772715978e+00
1.386646876662586791e+00
1.481128274600016503e+00
1.757974076642280226e+00
1.440664127513817228e+00
1.630615555235313652e+00
1.410063151090748201e+00
1.725494639262464380e+00
1.911052680557932648e+00
1.667876713600914940e+00
2.032661865348079910e+00
2.251022647983742964e+00
2.169228166663465185e+00
1.881959327362898726e+00
2.051385277455449518e+00
2.044870362058563540e+00
2.046987174498413165e+00
2.001912262739702353e+00
1.800553459926262256e+00
1.702049638273564147e+00
1.765265185425973771e+00
1.732360128556353018e+00
1.659527338913243888e+00
1.525903769865004200e+00
1.466289747553477962e+00
9.933338008945375996e-01
1.543252640248365282e+00
1.389772380393019091e+00
1.466414112404327730e+00
1.590411664604768793e+00
1.394215636214339193e+00
1.129624240507184796e+00
1.335303293515570644e+00
1.389557055486199122e+00
1.423227215261864131e+00
1.431591431611158649e+00
1.523313964895946837e+00
1.706598033167519013e+00
1.447241667092616701e+00
1.806041125153329929e+00
1.928882346843144635e+00
1.997533545016707768e+00
1.501061679991932518e+00
1.855518917859577677e+00
2.108255578935032570e+00
2.223160717471406755e+00
1.709627670010258615e+00
1.566952227751030602e+00
1.310037127673341573e+00
1.319650105888344083e+00
9.920326018165938065e-01
1.185603427617157202e+00
1.344206927535795293e+00
1.224705014838449291e+00
1.598298257383391707e+00
1.799116210421365158e+00
1.459258148258125720e+00
1.272125591829756486e+00
1.581931212869086778e+00
1.544746772831417481e+00
1.532974957600123034e+00
1.317158464313169297e+00
1.597746854012794149e+00
1.967083627348435559e+00
1.718140080908469702e+00
1.830311315442610720e+00
1.571431453443399739e+00
1.667100572302383954e+00
1.565355115053208124e+00
1.556826017087565628e+00
1.683959308030952728e+00
1.499532256929541951e+00
1.737503168192938707e+00
1.808733387175146534e+00
1.742570502414628297e+00
2.124185025567181473e+00
1.646704605400623356e+00
1.774190476363354252e+00
1.674498792412484338e+00
1.432357630312611096e+00
1.711810251090732038e+00
1.773719276230176334e+00
1.583577832887693937e+00
1.728542186522404212e+00
1.945036801726882203e+00
1.732052848347725549e+00
2.057594108853926240e+00
1.922342576888482313e+00
1.979758289927749049e+00
2.060974720215551947e+00
1.407544169775428067e+00
1.579680876063637385e+00
1.859439901060371048e+00
1.424693664296427631e+00
1.777341437863189988e+00
1.532501267619275964e+00
1.195283042862303136e+00
1.348916652067552624e+00
1.379663679741424120e+00
1.578876063280961084e+00
1.598909699937162809e+00
1.234748698300792258e+00
1.369713897344299269e+00
1.626426148715687248e+00
1.533639942214849006e+00
1.767324862244879613e+00
1.734992015764053264e+00
1.412739605966794265e+00
1.680582894190316701e+00
1.736596028036566430e+00
1.592321154088988777e+00
1.406575956927635707e+00
1.129745955128715229e+00
1.135930665188254807e+00
1.172493713226391510e+00
1.193433331334048830e+00
1.061381706392203084e+00
1.319010901106973055e+00
1.299112631383193550e+00
1.521958450439300004e+00
1.455312319766375762e+00
1.437409630238870140e+00
1.463758937398722315e+00
1.766709138810218294e+00
1.428697045402367305e+00
1.867593670937844896e+00
1.810902682938979158e+00
1.885815083308336471e+00
1.681052246142424877e+00
2.125330945658741477e+00
2.181373346704941873e+00
2.088861249731221559e+00
2.430558031605331237e+00
1.948789703746014901e+00
1.714825445175124585e+00
1.947092752089208734e+00
1.641957455138268962e+00
1.796391496873787963e+00
1.935148334732228692e+00
2.091377634226893711e+00
2.251311602961392211e+00
2.384631783540500649e+00
2.327180296259510950e+00
2.311277665957308880e+00
2.079218873867560102e+00
1.815574811760312102e+00
1.618421800024090196e+00
1.955980547376998224e+00
1.577075192077315835e+00
1.772513496121010945e+00
1.649966471665093026e+00
1.801365682803352186e+00
1.871437187788839385e+00
1.703519772999667170e+00
1.622693169972386329e+00
1.510656241732443839e+00
1.452567746427778639e+00
1.539371822000527912e+00
1.666180781362707863e+00
1.937487105690894440e+00
1.538733129281060652e+00
1.144066554267141100e+00
1.288842726573979913e+00
1.558172451154613336e+00
1.545240025498610503e+00
1.560204590702136240e+00
1.680396049598466668e+00
1.775802795961838543e+00
1.405140997045978724e+00
1.357275391088663463e+00
1.315369724433475884e+00
1.225758133027735397e+00
1.301552586273543533e+00
1.689968026956544911e+00
1.634856886746918647e+00
1.519137128553496474e+00
1.444296960408364638e+00
1.276669040442406811e+00
1.247993311513954984e+00
1.116623661133102186e+00
1.053661697164218980e+00
1.485433671468504357e+00
1.778377184980017844e+00
2.065993609829907207e+00
1.624498317123221902e+00
1.748484314407801055e+00
1.954019573178912728e+00
2.268882553732996410e+00
2.379333554842765430e+00
2.127485269072271645e+00
1.909302266474346643e+00
1.759988940047795047e+00
1.793173352754150462e+00
1.409355288122693395e+00
1.275588579422718860e+00
1.025399900370994155e+00
1.063623005401475030e+00
1.607426209231642922e+00
1.704029247493727528e+00
1.763856246842770092e+00
1.871655805064388334e+00
2.366473850890397301e+00
2.073585240437076926e+00
1.930337926266615600e+00
2.033608123417371072e+00
1.431387872147398488e+00
1.777061806493743568e+00
1.631393425041217204e+00
1.868551310518682618e+00
1.928347749382813170e+00
1.844759796513430805e+00
1.725283467618225375e+00
1.776625839748320335e+00
1.842335947939760743e+00
1.845883972860883793e+00
1.604410666685723630e+00
1.688103903517196080e+00
1.404439357852568238e+00
1.284270674209607277e+00
1.131148607591001776e+00
1.429036872378207201e+00
1.502307211228226524e+00
1.967624938103803345e+00
1.887529871796210346e+00
1.760111723736068390e+00
2.307857403244624628e+00
2.049749241866157590e+00
2.180468093347569081e+00
1.810900252935019328e+00
1.998105535306348379e+00
2.034121128666283251e+00
1.651052994684238273e+00
1.567181743518717862e+00
1.732940964774571047e+00
1.459137125330043361e+00
1.360958548475484475e+00
1.502612408267500532e+00
1.888509214378644607e+00
1.798015599222229088e+00
1.946759678344947009e+00
1.941063694982461119e+00
1.602345480293171809e+00
1.748221774426007791e+00
1.393443195779477284e+00
1.270371537171622656e+00
1.413832205207201209e+00
1.477333356324871172e+00
1.641391916791292704e+00
1.688893146441082571e+00
1.570708070324152272e+00
1.564433861009246307e+00
2.049155759483873407e+00
2.362183835125573061e+00
2.328708304655725758e+00
2.034293988538812936e+00
1.917193361555640685e+00
1.904197987641937040e+00
1.933695776237071007e+00
1.908929455822087284e+00
2.098973570747814321e+00
2.500657220633677458e+00
2.418413673730292146e+00
2.138988352687144268e+00
1.821276725448887746e+00
2.313108294560962008e+00
2.133133643408916758e+00
2.209763996411888698e+00
2.366045266243967049e+00
1.750732175926517531e+00
1.733295147287424065e+00
1.216558313643866240e+00
1.577095971737042301e+00
1.733667573371379778e+00
1.872754503219399957e+00
1.799198495954863919e+00
1.831646492475622168e+00
2.057719645621475024e+00
2.193932420445961373e+00
2.002286755041148059e+00
2.112200042657738752e+00
1.856522824054853693e+00
2.020929103855186870e+00
1.458020611133156841e+00
1.786730361936723854e+00
2.331798419118628729e+00
2.014485091946198292e+00
1.902460229621455667e+00
1.924104009720083441e+00
2.385249823804171054e+00
2.090684943024769371e+00
1.941664709977012793e+00
2.065842550176158365e+00
1.884452107084946704e+00
1.901926063363750252e+00
1.863346533613729150e+00
2.137965336026888874e+00
1.925166445711780971e+00
1.686539768477532952e+00
2.106541573024530933e+00
1.714779926112743880e+00
1.500168481707414792e+00
1.221444085184151263e+00
1.152072841703938755e+00
1.423875768370617356e+00
1.563876231954258955e+00
1.508823697126704166e+00
1.279226448526077808e+00
1.517683803086731453e+00
1.606052581009157043e+00
1.650657263820898724e+00
1.437121161651905954e+00
1.408289332351937873e+00
1.108205262339018837e+00
1.234145623932020541e+00
1.537945974832790164e+00
1.456430777079764871e+00
1.823964288656186206e+00
1.866304872837323714e+00
1.561304435822971071e+00
1.756789827022505968e+00
1.833962906753901168e+00
1.570805418600679459e+00
1.570966738841501176e+00
1.630338010409887461e+00
1.413211368929108591e+00
1.317496823097862535e+00
1.425331633854274305e+00
1.746054450338192954e+00
1.546630664661795995e+00
1.852653523386661227e+00
1.605495151476314053e+00
1.511024807747002541e+00
1.375343693992009397e+00
1.425147581220422621e+00
1.482995167953872873e+00
1.465884313683186058e+00
1.189135929250004109e+00
1.278210539382390820e+00
1.149522034725461106e+00
1.548224037306165979e+00
1.699747563354221613e+00
2.189255300184989483e+00
1.386464019713444795e+00
1.550036440571756380e+00
1.676352892799020999e+00
1.731897712910485332e+00
1.523061046201576785e+00
1.495109024104801732e+00
1.864453481260306411e+00
1.621463229933771899e+00
1.511416407282427210e+00
1.294686704272228317e+00
1.722511901963160730e+00
1.581028243865100658e+00
1.273232687473840663e+00
1.072765911035573394e+00
1.239924477247388968e+00
1.091136738661001360e+00
1.157839539569122334e+00
1.174091256771121694e+00
1.269477254778768049e+00
1.155091598474814019e+00
1.451368592284316028e+00
1.376593505805417283e+00
1.541623975111090949e+00
1.537551146262834179e+00
1.413218179614327497e+00
1.368390901705517582e+00
1.960491527438793957e+00
2.049891804059745581e+00
2.283571654437784648e+00
2.619207089487920470e+00
1.970559017148522774e+00
2.161132827677211488e+00
1.979671459475626172e+00
1.916075985390031100e+00
1.790816516457824692e+00
1.431626000365127993e+00
1.368006327849688120e+00
1.155898159857062124e+00
1.302453576216955788e+00
1.395897257826584248e+00
1.472637520286832702e+00
2.347802844794288024e+00
2.324720900749072339e+00
2.168337361612251435e+00
1.631735962041390486e+00
1.959287841700191768e+00
1.949750221780851334e+00
1.727723217690215085e+00
1.746641441059993305e+00
1.800914946762101287e+00
1.787585999049234431e+00
1.741770584722294402e+00
1.626674917485595007e+00
1.472726797405327748e+00
1.642798246496177228e+00
1.985522638055453370e+00
2.055450688089704325e+00
1.883721218727247182e+00
1.932963172483593173e+00
2.252653999996304002e+00
2.079707476350959539e+00
1.960751719583727182e+00
1.818820164827890329e+00
1.764687226061328218e+00
1.761539955571268967e+00
1.823253682424423872e+00
2.028411544458344373e+00
1.948764081067415610e+00
1.905920035360977538e+00
1.773209390230361393e+00
1.567474185515688401e+00
1.412568914529934050e+00
1.384503439418786286e+00
1.370682982381179915e+00
1.376543185501943434e+00
1.309811194281579549e+00
1.285374031245867466e+00
1.580739088750102050e+00
1.426976236718174196e+00
1.452621475917680982e+00
1.482619573259504664e+00
1.569991573794032869e+00
1.960028270394477579e+00
1.635152263474703993e+00
1.374685385184393871e+00
1.550235733478302347e+00
1.339216022827691921e+00
1.346415394156516676e+00
1.605229317359783359e+00
1.290831216926758396e+00
1.308145704400564435e+00
1.438743815460847175e+00
1.263074169355963505e+00
1.286379797229820987e+00
1.205596422885879315e+00
1.274099003849985534e+00
1.226361993257785610e+00
1.302085401115476104e+00
1.167024003969361123e+00
1.236067503738512485e+00
1.282967686017539632e+00
1.682596169343873349e+00
1.782070127413451832e+00
1.712709510550759040e+00
1.650563224763616166e+00
1.678969442410751300e+00
1.628647146615416652e+00
1.457927638758572009e+00
1.264708974606057579e+00
1.502344761930649586e+00
1.593956361223136886e+00
1.781283242281662682e+00
1.443022509193416569e+00
1.657978220898901345e+00
1.493088492861583072e+00
1.444772229967678179e+00
1.408014970083810935e+00
1.328233520935918177e+00
1.243565526423569878e+00
1.606732230558729713e+00
1.429568299737345560e+00
1.347515495617275905e+00
1.294431149080646826e+00
1.727857513425343328e+00
1.820474977886695100e+00
1.685749718546870612e+00
1.410739145407403861e+00
1.572826036308074826e+00
1.723825889992123495e+00
1.754130711527823072e+00
1.838561214350036055e+00
1.678524939842940711e+00
1.595168915797455789e+00
1.661477481570400760e+00
1.735918462256283767e+00
1.506582874466658284e+00
1.137334425890688783e+00
1.090347312045496952e+00
1.137097461680296906e+00
1.218004984128749690e+00
1.510921125593308822e+00
1.365484991798602499e+00
1.918813980371447903e+00
1.518672353777807071e+00
1.441007395326786344e+00
1.716883895068359367e+00
1.903204056386983201e+00
1.791370083594177931e+00
1.841180950397772298e+00
1.812800422771418063e+00
1.745838184688767392e+00
1.537288766234998105e+00
1.735892658217417228e+00
1.626092837815169112e+00
1.465274103323500832e+00
1.476613629335457256e+00
1.461991421159602567e+00
1.699540226692052958e+00
1.820513456765984861e+00
1.332189786255542074e+00
1.702512112582260873e+00
2.007703177361888081e+00
2.295441972707615630e+00
1.987691732029092329e+00
1.554777113295132907e+00
1.498901434187293491e+00
1.561184932616995091e+00
1.504655384094431447e+00
1.257868387368895391e+00
1.567730304927104745e+00
1.452641495269074490e+00
1.358284871766935797e+00
1.554611598074606249e+00
1.427066691108474839e+00
1.456597283043593816e+00
1.779564187872583858e+00
1.911816725394536398e+00
1.770892526467702899e+00
1.576790806193907102e+00
1.505318194530020914e+00
1.393234145552997738e+00
1.304724117880722511e+00
1.293953937351112415e+00
1.468844540497558082e+00
1.758061830179628693e+00
1.847179227684518921e+00
1.531531778458830706e+00
1.251998058439070194e+00
1.509389462705821749e+00
1.632857482374990177e+00
1.750243408090917274e+00
1.741163463383470944e+00
1.274048221064654207e+00
1.487329962091872071e+00
1.632297057093597292e+00
1.574720245129173080e+00
1.448972540119453090e+00
1.427446708570190737e+00
1.230303869914145087e+00
1.589614418387578887e+00
1.607956268009486100e+00
1.720511661364003464e+00
1.620601303982258656e+00
1.438697153961973063e+00
1.640618767975960068e+00
1.632176124409114637e+00
1.519591302562715018e+00
1.297061263345168136e+00
1.043854943621038922e+00
1.153503131628998757e+00
1.441399083328944952e+00
1.693730749637970767e+00
1.559686148766950886e+00
2.115593821143752606e+00
2.215253358152896812e+00
2.157277641113920286e+00
1.811544384897277871e+00
1.848505830746353773e+00
1.774583210251153176e+00
1.804600598887359242e+00
2.311598789667561604e+00
2.473138924745460265e+00
1.744800628294031375e+00
1.994613367342551458e+00
2.186585811707030924e+00
2.112457611699521287e+00
2.215746120785737627e+00
1.959383911419434021e+00
1.470170096648224067e+00
1.593320549292818855e+00
1.149570566267582139e+00
1.287764887454555085e+00
1.443865568513587938e+00
1.421365150629082974e+00
1.260364255321367422e+00
1.185368102364830589e+00
1.695038773869858906e+00
2.023275565317951941e+00
2.071595468259663342e+00
1.860261820063286997e+00
1.553394919001973351e+00
1.594228106386091248e+00
1.343535907857169365e+00
1.352104715654312450e+00
1.190323741118062051e+00
1.206384699881739575e+00
1.371965635344144063e+00
1.104944893766350855e+00
1.378136682560286541e+00
1.660662695102301356e+00
1.449571512963879982e+00
1.576869812430560458e+00
1.471763076573875617e+00
1.539248684856850957e+00
1.595417218296269368e+00
1.493795925441173456e+00
1.828748121463029452e+00
1.959150882985667641e+00
1.926431556269984746e+00
2.099961743250678303e+00
2.009977201954413317e+00
1.528009033759652580e+00
1.401039888774167741e+00
1.382057866646602129e+00
1.390813332159562377e+00
1.561095020546763523e+00
1.240119204684476895e+00
1.202604510943391825e+00
1.185502887293788055e+00
1.643133154356885006e+00
1.662253184476991441e+00
1.440327606917298775e+00
1.440791429588701433e+00
1.635110439510239821e+00
1.539972007795058273e+00
1.606565696355098272e+00
1.885004104313357409e+00
1.704720525268043296e+00
1.294522584867110249e+00
1.269811812030737563e+00
1.816331292171830203e+00
1.867773605291964678e+00
1.806599455123145903e+00
1.588190235515946291e+00
1.411192208526620639e+00
1.465805371423885228e+00
1.182646202827154713e+00
1.401943575840675749e+00
1.478818074598202470e+00
1.231414188883094507e+00
1.543065346898400136e+00
1.691603693807413711e+00
1.808958956018572595e+00
2.392481826223464836e+00
2.120720156129994205e+00
1.695977465216944813e+00
1.412009594854938044e+00
1.255807675580680627e+00
1.294269876572567757e+00
1.460995216743522951e+00
1.326498779258186822e+00
1.226935195950384472e+00
1.476327000907276421e+00
1.469863757938523863e+00
1.324549737139344430e+00
1.460092388337509206e+00
1.988012534745817295e+00
2.260605736367863106e+00
1.965784441272908412e+00
1.881198985046941274e+00
1.439866942732615618e+00
1.420379175531436555e+00
1.326843469177495294e+00
1.261800936153663288e+00
1.491596736822237590e+00
1.246696466613183452e+00
1.416603125786860318e+00
1.707636646916307122e+00
1.409378114029929518e+00
1.526470750141777799e+00
1.539967310522111665e+00
1.441515892608715932e+00
1.367845240708666088e+00
1.454524748748907692e+00
1.659383474942828007e+00
1.748064154427163119e+00
1.760349417768556357e+00
1.780634264771114861e+00
1.601132445769443358e+00
1.790792414643035846e+00
1.586940452197750151e+00
1.660711784968227356e+00
1.666077433104911520e+00
1.767534210393349570e+00
1.818797145141763938e+00
1.465195776695490171e+00
1.231451971059596362e+00
1.200877792907255159e+00
1.426947907190490250e+00
1.686119488582144221e+00
1.364013415455685108e+00
1.364226866863599064e+00
1.233379993769927019e+00
1.372717619873331074e+00
1.465921101790330860e+00
1.522242155816983411e+00
1.413388845275067807e+00
1.393727530150615568e+00
1.900513193605375406e+00
1.812721590365154345e+00
2.022034814634101174e+00
1.447428423097639971e+00
1.532588435674304472e+00
1.556413334894075184e+00
1.369606152306095614e+00
1.574575763744964663e+00
1.415570312829307120e+00
1.062354942044937411e+00
1.264301333524876281e+00
1.609385136191776811e+00
1.668549806516977485e+00
2.055958046727924593e+00
1.743432487330949021e+00
2.079674751510266262e+00
1.830960523106172744e+00
1.765360234370587200e+00
2.069804233921853420e+00
1.844632798040493959e+00
2.327281091342557229e+00
2.129902110987057728e+00
2.007428403445561838e+00
1.373777049424072416e+00
1.389940885665140291e+00
1.869177877446214886e+00
1.787780776583298037e+00
1.999542340624561154e+00
1.759770642286774933e+00
1.550891114001430537e+00
1.183753749694322677e+00
1.139680390202086668e+00
1.126986048591425593e+00
1.554246962706594015e+00
1.873306758886446488e+00
1.525092362854016725e+00
1.640717055937677360e+00
1.634335877588811048e+00
1.686743621013639727e+00
1.483094645996490879e+00
1.683887239979571238e+00
1.651897394716723699e+00
1.433922774010320200e+00
1.427496491808663004e+00
1.388931956149140667e+00
1.584914095370410836e+00
1.386659109992273153e+00
1.240055753321439802e+00
1.455481062292775407e+00
1.292020600910170458e+00
1.213041067586197341e+00
1.449062077669291959e+00
1.616089868291170850e+00
1.340967233871542819e+00
1.198173268874277442e+00
1.342141310294233891e+00
1.141045678548466169e+00
1.164465569215309193e+00
1.246463703025300518e+00
1.237002910639506403e+00
1.638309316202398280e+00
1.648854746745820110e+00
1.747908877377966297e+00
1.832999268051305863e+00
1.725330677102500765e+00
1.665069813000802812e+00
1.783771187054419505e+00
1.485792339229507375e+00
2.058651917651872942e+00
2.204404225424656971e+00
1.797339123585031118e+00
1.666663225540882198e+00
1.911805798636645237e+00
1.860667233357115258e+00
1.622835131246728402e+00
1.656423919515888521e+00
1.671775915119692701e+00
1.508660684937889407e+00
1.524372880410625353e+00
1.384649250851292646e+00
1.317937674111900437e+00
1.303803206614863042e+00
1.302969908957322787e+00
1.368517915339835689e+00
1.368742935953057849e+00
1.487000270636793520e+00
1.568236221414030407e+00
1.167343986602278560e+00
1.459743355233521278e+00
1.367604199911891527e+00
1.428958465834828662e+00
1.434902065206599797e+00
1.403427176498292184e+00
1.193868920889610274e+00
1.253416920854293126e+00
1.403028064099055117e+00
1.748458941424467783e+00
1.579062064390303055e+00
1.592552466184149473e+00
1.232777730726431153e+00
1.453947975533200099e+00
1.349786219759043338e+00
1.426177255223214591e+00
1.383395045959738834e+00
1.406512006781143853e+00
1.132176089029458321e+00
1.059684191127471697e+00
1.289474238938411510e+00
1.339765758101689297e+00
1.535219586345419884e+00
1.523736605678188916e+00
1.525210906472943995e+00
1.715343822119561601e+00
1.474335638731993470e+00
1.415890989759595708e+00
1.364530036608398778e+00
1.341292292550064325e+00
1.604116465092470412e+00
1.627604925507177391e+00
1.464768516780798002e+00
1.382912503150186545e+00
1.034751174565397225e+00
1.603420632520004663e+00
1.754636156114703027e+00
1.811841711704638147e+00
1.653009251822328496e+00
1.895628924104971524e+00
1.468813560782404437e+00
1.541413707901270413e+00
1.050328837009541383e+00
1.271915183881796141e+00
1.340924596971641014e+00
1.522984948261614235e+00
1.230829472967056581e+00
1.790983477956847425e+00
1.413004689454917306e+00
1.441826068439872044e+00
1.489677313490134436e+00
1.898768960402539951e+00
2.334878115691859435e+00
2.629163016795607266e+00
2.182499646340278154e+00
2.026123881028798479e+00
1.869104798929963840e+00
1.738642001388586600e+00
1.646545779842346180e+00
1.723149399513616009e+00
1.366435387038740679e+00
1.942537726584687041e+00
2.000409948090002388e+00
1.647535979357806157e+00
1.884826965717937730e+00
2.173142372385159948e+00
2.331956961742330581e+00
2.185527910978349198e+00
2.295929493270857602e+00
1.766690783829719891e+00
1.443308028342001448e+00
1.363033390649761145e+00
1.122709818739989762e+00
1.233311612958166714e+00
1.241892261993650992e+00
1.435514952308517556e+00
1.323501627972291761e+00
1.626424884155366790e+00
1.757612944237791686e+00
1.748786355143378657e+00
1.552173248535616779e+00
1.923152378948592034e+00
1.597125120325836312e+00
1.779442079985552372e+00
1.687238182156766131e+00
1.812909946986947851e+00
1.470824010193612974e+00
1.748781984503006148e+00
1.476096279555433988e+00
1.606410848635195343e+00
2.013343008578118098e+00
2.022783055749559633e+00
2.141103483764575710e+00
2.171013411991093989e+00
1.655857785987992159e+00
1.347750667157948001e+00
1.572760162477786938e+00
1.338661389965247972e+00
1.414695821649288199e+00
2.333094080313796947e+00
2.257727234132600902e+00
2.344936644381693913e+00
1.857816423111723125e+00
1.372125985789293123e+00
1.500003296756783344e+00
1.683497064655196773e+00
1.598164732726078174e+00
1.540838966166082180e+00
1.664753262598982930e+00
1.863496099984482512e+00
1.827680755966635040e+00
1.868001125844905630e+00
2.165471907928879336e+00
2.021504702960351896e+00
2.431230036563368557e+00
2.261090470200965985e+00
2.031120092483094552e+00
1.855562881867233616e+00
2.075766595598299347e+00
1.766368306194620708e+00
1.558913981490233081e+00
1.426298438428492243e+00
1.470656412631396126e+00
1.744985104772037277e+00
2.135724024706445068e+00
2.382919984920617740e+00
2.366043419298375028e+00
2.282488372115766051e+00
2.079675670568192469e+00
2.110606810074523665e+00
1.783680594588141322e+00
2.049392274687476423e+00
1.666976965708673042e+00
1.828722249393385901e+00
1.949530228507027507e+00
1.933531840542502600e+00
2.187851040541517467e+00
2.095392476428868278e+00
2.501033367728841661e+00
2.242953570534528041e+00
2.390566894024108269e+00
2.245328118843258114e+00
1.740052059838560927e+00
1.443244292285388974e+00
1.525659911005528002e+00
1.733925914146795311e+00
1.761603536199928044e+00
2.216087849817605093e+00
1.903449295906531447e+00
2.123285933924913049e+00
1.771999923910383634e+00
1.834756073099993223e+00
1.701256000092628673e+00
2.005442165336788651e+00
2.048156113377005205e+00
2.041962019020047148e+00
1.900258764370935882e+00
2.083836017697640042e+00
1.706015080272026196e+00
1.874772629064034746e+00
1.590297691819409387e+00
1.745421515376519794e+00
1.690448412453088967e+00
1.644994469103890244e+00
1.509722171556012293e+00
1.518326659160102787e+00
1.812431410875967819e+00
2.057664907945147004e+00
1.934851428072198232e+00
1.707335699608330204e+00
1.572559667348619961e+00
1.403716641900711659e+00
1.477105739411882057e+00
1.175313141504857661e+00
1.962107877629764463e+00
1.606888563905658929e+00
1.911644176178755705e+00
2.211151955342810282e+00
1.964670423113401343e+00
1.622671858177976212e+00
1.745121235156847250e+00
1.839245163273721007e+00
1.859406171050130396e+00
1.973824827263442216e+00
2.150893539096399021e+00
2.006847724856503756e+00
2.273632835030650945e+00
2.250708734832262969e+00
2.049507236783644437e+00
1.941163346587800653e+00
1.835894111262048600e+00
1.537834257296316842e+00
1.861273398408459956e+00
1.737199254544788296e+00
2.206748417269768670e+00
2.206880536243409185e+00
2.119326223425953337e+00
1.818880584231569619e+00
1.873516004517957967e+00
2.548492431086697874e+00
1.852424738999917553e+00
1.977121201129419692e+00
1.800688476884994449e+00
1.909833689122486966e+00
1.733161197425842293e+00
1.546542468316444374e+00
1.574824724560576428e+00
1.871337122247192175e+00
1.331763220166005013e+00
1.496042537764071811e+00
1.724363403372160652e+00
1.602904578421600057e+00
1.654990434960539547e+00
1.418489852500399717e+00
1.735075902729302788e+00
1.910329767160957148e+00
1.828495361603694747e+00
1.530170833362176630e+00
1.768854939749613608e+00
2.075829895208648690e+00
2.148823187766506049e+00
1.975020878027680116e+00
1.882228980719927725e+00
1.898455451884303091e+00
2.243212530570540597e+00
2.105725119256674827e+00
1.789702545778005360e+00
2.082372825652559989e+00
1.694020170115891233e+00
1.811251532758197058e+00
2.199584102892856219e+00
1.817000012494133898e+00
1.799472356439226317e+00
1.502015190304001546e+00
1.962132365360305331e+00
2.231670595012523517e+00
2.010308329968425234e+00
1.878410768397707375e+00
1.988161901501083184e+00
1.855747107997777423e+00
1.797775494529883167e+00
1.977649583278074719e+00
1.651574538417964533e+00
1.535936818790355929e+00
1.253534658708703509e+00
1.568560040233126784e+00
1.927292026519487056e+00
1.839090722406298672e+00
1.569403302438604264e+00
1.475422953660777914e+00
1.451240939862474377e+00
1.464937168310852744e+00
1.456461342947885429e+00
1.496985817612539016e+00
1.200986648338769225e+00
1.675866594401920651e+00
1.401100481238528150e+00
1.648602676289429247e+00
1.668200566625759329e+00
1.286759908079325943e+00
1.395757319627647819e+00
1.323461257451743034e+00
1.397158377107253102e+00
1.618985115669098640e+00
1.784340530581381090e+00
1.392436043924971223e+00
1.541387682562488592e+00
1.659210520745146855e+00
1.458782714849676809e+00
1.381121375740348212e+00
1.441307567982134330e+00
1.570803047662636009e+00
1.252430280978143795e+00
1.288666276133566768e+00
1.394781066538352432e+00
1.335881748332094610e+00
1.488408035246354677e+00
1.394568831290777133e+00
1.311723001110903342e+00
1.453073262895865803e+00
1.370214613625122757e+00
1.662082195292124753e+00
1.283119765186117922e+00
1.472626755114006869e+00
1.448682191076140491e+00
1.669474056227453929e+00
1.632681264790217801e+00
1.233213168457257369e+00
1.464905116679016350e+00
1.409552850002747437e+00
1.374332148263569753e+00
1.361556212103764762e+00
1.517790842564509468e+00
1.340510294699586824e+00
1.567287030232600076e+00
1.954226377386097724e+00
1.685587909173665411e+00
1.527772008967684503e+00
1.520352904731075094e+00
1.065024922908704541e+00
1.060925451762070315e+00
1.226908359024026396e+00
1.402987944288967004e+00
1.586007276405344335e+00
1.540174205660118201e+00
1.529421890619885316e+00
1.563672960279599344e+00
1.465507619445864274e+00
1.299760282458621186e+00
1.588600593598938016e+00
1.128751160597943892e+00
1.348202776915266021e+00
1.276132984395132119e+00
1.362325020551885535e+00
1.366464322163271294e+00
1.401451665936658042e+00
1.841360734663838983e+00
1.420434723754378625e+00
1.170414145254689009e+00
1.642428482574106896e+00
1.679052533092655786e+00
1.773111804615435050e+00
1.792073355662611167e+00
1.713482710527753472e+00
1.672491713510128264e+00
1.784706246101448235e+00
1.456779997723871123e+00
1.374291897076006963e+00
1.110230871032732436e+00
1.429463765002437103e+00
1.642834173267873510e+00
1.846959795388100067e+00
1.667410651223471652e+00
1.230399585380954841e+00
1.295355463172653154e+00
1.162834662487255200e+00
1.433544924600080206e+00
1.456446135546500154e+00
1.207980548433445600e+00
1.178562865879219101e+00
1.250129693135144882e+00
1.693696345588197261e+00
1.387641146826062100e+00
1.717637038775809977e+00
1.168245009255630906e+00
1.485578917771118945e+00
1.300569373834201459e+00
1.456560288037597850e+00
1.702358746530370226e+00
1.263591687278966536e+00
1.431067142350002097e+00
1.458901826983954209e+00
1.766744296872529318e+00
1.698656701509555278e+00
1.778425373069928872e+00
1.845403662387954613e+00
1.993901331420476986e+00
2.377527341136533856e+00
1.948875499178045478e+00
1.872248793087805341e+00
2.111845109870253534e+00
1.634673263980903402e+00
1.713228313336333741e+00
1.386125278878977962e+00
1.528153776926299168e+00
1.821041788932855177e+00
1.588274490289700802e+00
1.294925988369252323e+00
1.704624890742205245e+00
1.555775612668271357e+00
1.957209556329275291e+00
1.797829388075437240e+00
2.114816337162591875e+00
1.625265991704516910e+00
1.827333127262793289e+00
2.141569015293678380e+00
2.028081285226914332e+00
1.454568858863814373e+00
1.627394755944922444e+00
1.141245801318863329e+00
1.212166845140614235e+00
1.284087865966910824e+00
1.192777239509325460e+00
1.395610514479243003e+00
1.484085132662337436e+00
1.323015788952192295e+00
1.350260447695674326e+00
1.521539358514256479e+00
1.794210639942930063e+00
2.177546025504904836e+00
2.264551233119821205e+00
1.994403894104556763e+00
1.878577459500524460e+00
2.125994101926801161e+00
2.043406987186342505e+00
2.291745800720866644e+00
2.159857969428916835e+00
2.064727699641317304e+00
1.996347802909461011e+00
2.152154985837027912e+00
1.682888661805315600e+00
1.900495957523824719e+00
2.035074030115472610e+00
1.991836691584368824e+00
2.324782959994522891e+00
2.208109292453575012e+00
2.010100422211862803e+00
1.459391487986763325e+00
1.178021802500377468e+00
1.357168244400676960e+00
1.296534392747853204e+00
1.446723284637822404e+00
1.538364329957541132e+00
1.562798750088054023e+00
1.735845072213010543e+00
1.568210681270885587e+00
1.710129091711317884e+00
2.029327977736949951e+00
1.827832594743479921e+00
2.018873710388296328e+00
1.856962644440662391e+00
1.559115433896374192e+00
1.368471221799377080e+00
1.178401241554283052e+00
1.426123329375412752e+00
1.519232661313482335e+00
1.739147500331143625e+00
1.702963328646468044e+00
1.956045198767442095e+00
1.572425248065250525e+00
1.735900258757671955e+00
1.604852105747798907e+00
1.515737557154392734e+00
1.792878007424643982e+00
1.869988480978427958e+00
1.686357498244438036e+00
1.621195842628990746e+00
1.942219436064793747e+00
1.623228010167618640e+00
1.393966488012154503e+00
1.431296945014781885e+00
1.288235295591850127e+00
1.559492005092547373e+00
1.509833289096800035e+00
1.619041188702733169e+00
1.453135820497614805e+00
1.968756727528183426e+00
1.749314332540577333e+00
2.442364797917232710e+00
2.231247863637415119e+00
2.244412977834538303e+00
2.013418604870256257e+00
1.805825600482330762e+00
1.802340663834313794e+00
1.645583691861033815e+00
1.569178392593453042e+00
1.973571608836895308e+00
2.268106547259840067e+00
1.929041410492692510e+00
2.063227470904972716e+00
2.521496679863590717e+00
2.343866169348900463e+00
1.843925857799229240e+00
1.769908605281329761e+00
1.425535459453532106e+00
1.250649360428791379e+00
1.362502478924968674e+00
1.770716594034940528e+00
1.706075599149158739e+00
1.635844827194749218e+00
2.223980030386463635e+00
2.244009577934350741e+00
2.497950893995492638e+00
2.514780644527795150e+00
2.141324552582621887e+00
1.978109006155274630e+00
1.688054952981562273e+00
1.816897634140687279e+00
1.292179489397286218e+00
1.386398952918130867e+00
1.158428931214613433e+00
1.368904464666388376e+00
1.619111695582546862e+00
1.439286609155425056e+00
1.365743893841037560e+00
1.268652108775910392e+00
1.188628052889496800e+00
1.221748498590904397e+00
1.357953100056481732e+00
1.194985423032066452e+00
1.557616643541953838e+00
1.410879923549446469e+00
1.408925932793164248e+00
1.796338874685337705e+00
1.760057282734412532e+00
1.686999213332035286e+00
1.761634125930192418e+00
1.634599314857696051e+00
1.874830422609254033e+00
1.538692993559426014e+00
1.200834828614139482e+00
1.408899566655874125e+00
1.549192567694284151e+00
1.537913669088963653e+00
1.468029964663614351e+00
1.670622259790661479e+00
1.762990738583021688e+00
1.812816275812539235e+00
1.860630032863937577e+00
1.950782854812650902e+00
1.939320053078005701e+00
2.196314593184458985e+00
2.266003043632070835e+00
1.816044430190894010e+00
1.839334561339437180e+00
2.440215746876258862e+00
2.016104093220977944e+00
1.954052180016373930e+00
1.967663938665811019e+00
1.957003558042648805e+00
1.775883072634337090e+00
1.729113525298749510e+00
1.927587047479680793e+00
1.824171087670396263e+00
1.555679123823741961e+00
1.937404367628104751e+00
2.275278409711968930e+00
2.202896151597343977e+00
2.218818927141025465e+00
1.943467280224604465e+00
1.950764928167594281e+00
1.780817854398172306e+00
1.549206102279508945e+00
1.744896082545535299e+00
1.796418178838457003e+00
1.488148248994938472e+00
1.517558356989360480e+00
1.847821008744627180e+00
1.850316926351767144e+00
1.987121552856015105e+00
1.852581143209982573e+00
1.773923378479179691e+00
1.429845964203348752e+00
1.772924190624072693e+00
2.015902485673485511e+00
2.477137107638819558e+00
1.903580913516244255e+00
1.629837695105071482e+00
1.921300592027759269e+00
1.383185786144085938e+00
1.432850613649317317e+00
1.534816929783489270e+00
1.374625762076052915e+00
1.371934689581780553e+00
1.218219121467846611e+00
1.460661053661448383e+00
1.095519945403966355e+00
1.403433068532119687e+00
1.681343355415503726e+00
1.893612632600347512e+00
2.317384899120398689e+00
2.271129013628876869e+00
1.689042476430346218e+00
1.747169308171401703e+00
1.689999944139018773e+00
1.956353934983485310e+00
1.914072056323960824e+00
1.913592159633414003e+00
1.474648875264108261e+00
1.829671923465071792e+00
1.913082865148301170e+00
2.092087009554801202e+00
1.992910014665453922e+00
2.103125888905010843e+00
2.108438913717689545e+00
2.312541738101857813e+00
2.006263873972311096e+00
1.832450406795743891e+00
1.754771703730973575e+00
1.851113573206490504e+00
2.292560054362235089e+00
2.569500808964226835e+00
2.501930924853092542e+00
2.423557368114812149e+00
2.144190539157509789e+00
2.373441261729505758e+00
2.122940667911553003e+00
2.367961255505108831e+00
1.951007361281597019e+00
1.900876365633016762e+00
2.087895704504414862e+00
1.702765532121142122e+00
1.578043641059861502e+00
1.303147163521469976e+00
1.196529532587231826e+00
1.426936679236749494e+00
1.589287608481552594e+00
1.355571825545702547e+00
1.323356921680123088e+00
1.638954021641315428e+00
1.742873639669801911e+00
1.923313887869278149e+00
1.693757914324303560e+00
1.908221079423826572e+00
1.319212185731390985e+00
1.475538796678520503e+00
1.373753546220116473e+00
1.393288927190640347e+00
1.725708824998748003e+00
1.493891424854776329e+00
1.343942086987570672e+00
1.149786061253109448e+00
1.135645950909448976e+00
1.364420729108183128e+00
1.569250934094889027e+00
1.844060765422167680e+00
1.778391074140999395e+00
1.389664713793753448e+00
1.287070123347432649e+00
1.294653378708495506e+00
1.293169385255037884e+00
1.253751193655475493e+00
1.467734660905164468e+00
1.250965038405091434e+00
1.465373696259574254e+00
1.179370260977378626e+00
1.250739117582038595e+00
1.708354720148128614e+00
1.533931180426937102e+00
1.852690209290840606e+00
1.285273639892668740e+00
1.478899343747317019e+00
1.753498520058833110e+00
1.581517000786321514e+00
1.303883493866089482e+00
1.314837935814296976e+00
1.354056829760459379e+00
1.286469097671669504e+00
1.301042103405720463e+00
1.265224923306006000e+00
1.277621799201827058e+00
1.574497197987495989e+00
1.619012220495104293e+00
1.188848369251980674e+00
1.123251788529691764e+00
1.269394726955758834e+00
1.476522018271956949e+00
1.523179150602500975e+00
1.553237201936981116e+00
1.739489019830267269e+00
1.682457538016704390e+00
1.620592651298225384e+00
1.784359721236035146e+00
1.422322633035042250e+00
1.591790176229461951e+00
1.380494434605773924e+00
1.571713223873559606e+00
1.683836904086281283e+00
1.899641877914766797e+00
1.413523707965187892e+00
1.603782508972915855e+00
1.907772866037812154e+00
1.813977966546720610e+00
1.953286322810429354e+00
2.157511785960954942e+00
2.112796619999953052e+00
1.706541855975302058e+00
1.721653669603806724e+00
1.804397819072709241e+00
1.823743051628059497e+00
1.814108673161887397e+00
1.909751011856991809e+00
1.409714957444650807e+00
1.383859830257962109e+00
1.389378562833589070e+00
1.140443924448566682e+00
1.345595771799405149e+00
1.257277603312249248e+00
1.558098814638654961e+00
1.375552829736424343e+00
1.261443262751493544e+00
1.388544796807415160e+00
1.536898669913581372e+00
1.339577273613444586e+00
1.424070321031045472e+00
1.415836156203711171e+00
1.404800594023586591e+00
1.382592027300594717e+00
1.740843225601732769e+00
1.707690194313430609e+00
1.801166368760702019e+00
1.170745895864097497e+00
1.347787927985003797e+00
1.613719182996613988e+00
1.558814119748352045e+00
1.629394655094364985e+00
1.270044746169991967e+00
1.214518067842241811e+00
1.110248372519760940e+00
1.556331487483249454e+00
1.919312045201452932e+00
1.625486766282562279e+00
1.464413296369140305e+00
1.399718577024420041e+00
1.414661500736965838e+00
1.574762069200856596e+00
1.697547621526523276e+00
1.716994842047358194e+00
2.182322950048709131e+00
1.636481918450203743e+00
1.686626580175019541e+00
1.666905784357650466e+00
1.555970105897356293e+00
1.440570139880752887e+00
2.082624755285182871e+00
2.281681324495909102e+00
2.325116284943846701e+00
2.248743633925424756e+00
2.229042782374190512e+00
2.572802225698684442e+00
2.550588771824749301e+00
1.958012097994926481e+00
1.465636554536716929e+00
1.733774790844417213e+00
1.891687184783850117e+00
2.500324620179524615e+00
2.542123050910499060e+00
2.485066927344584453e+00
2.207027556302195048e+00
2.526180638026481962e+00
2.039287554242664946e+00
2.130856787962017496e+00
2.398995207302235144e+00
2.364153325480041978e+00
2.236409130202518192e+00
2.614721688139787226e+00
2.213503331337658420e+00
2.133535188511375136e+00
2.204605040042455943e+00
2.202875451032674459e+00
2.087640038334713122e+00
1.943161597221174874e+00
2.090785957572890652e+00
2.081770128445491697e+00
2.183764313981674476e+00
2.227700198179114910e+00
1.980666764291419302e+00
2.197070610620774911e+00
2.244402010152456661e+00
2.374344579833157276e+00
2.228585606713438860e+00
2.306529173700662572e+00
2.102043306312465720e+00
2.155989738141289358e+00
1.874057247873542442e+00
2.119391509306690846e+00
1.759946958229492653e+00
1.524959120286062397e+00
1.564850650084689043e+00
1.514170486154311712e+00
1.321346935442187620e+00
1.459447285599739352e+00
1.646776830797889390e+00
1.806912468995643950e+00
1.969072682584540379e+00
2.238774377157783046e+00
1.673368702780290151e+00
1.330549487700926736e+00
1.498489838020390374e+00
1.625589104864500589e+00
1.957816110408497456e+00
2.148309750318442291e+00
1.971129716322912451e+00
1.846503105411399392e+00
1.950114130834837756e+00
1.876912208579055052e+00
1.832451674134920161e+00
1.981742402796744518e+00
1.924017059998366808e+00
1.902241270555529384e+00
1.682840996289245439e+00
1.626339296468148010e+00
1.858320958348831375e+00
2.041024257786375973e+00
1.982100914009180759e+00
2.010791370299340741e+00
1.751331721301043309e+00
1.941644261795113069e+00
1.666614680422623174e+00
1.849673839039230661e+00
1.975044487869388021e+00
2.272663596569623135e+00
2.319827229465453389e+00
2.601363442687136818e+00
2.476204334579891420e+00
2.376014871159820352e+00
2.350994156451750694e+00
2.311845035048164299e+00
1.600106259326533165e+00
1.186397225038902770e+00
1.579532786661706600e+00
1.421855909633759074e+00
1.187016885187655690e+00
1.178930502442025130e+00
1.221061642125947033e+00
1.529888789442966468e+00
1.699922085904630897e+00
1.743924707144592690e+00
1.687514237431702258e+00
1.657104679888941279e+00
1.842338158600994591e+00
1.811941585535776555e+00
1.658485316013407873e+00
2.305488446047212037e+00
1.890496921577894174e+00
2.192819405709502067e+00
1.329507384029806172e+00
1.234881391566199582e+00
1.358721874068314683e+00
1.574010174307983512e+00
1.445713539118377966e+00
1.335129075314779534e+00
1.314734699541485696e+00
1.456359572191031404e+00
1.716171826239915266e+00
1.842107532574880358e+00
1.859100544353499807e+00
1.921869914810959701e+00
1.778817200513806540e+00
1.535944375590110322e+00
1.749740636755184431e+00
1.293045456696847673e+00
1.598241730370711933e+00
1.341386705583166083e+00
1.854700471825557972e+00
1.602149890941706900e+00
2.088950762583602572e+00
2.190498686576024756e+00
2.072617361821357029e+00
2.103831077493210078e+00
1.998225120149237810e+00
1.885182778859296748e+00
1.430421614403759367e+00
1.134531614819720202e+00
1.062030594572773490e+00
1.123678624116013713e+00
1.597125604583941483e+00
1.874558274218842913e+00
1.925312859689893630e+00
1.604813632777949639e+00
1.822622751715049949e+00
1.957577248387119218e+00
1.824612083932631412e+00
1.784341517266360144e+00
1.899583177087827313e+00
2.015595896847008461e+00
1.924732472382240323e+00
2.044297696627334737e+00
2.043288894714710757e+00
1.732008601906284584e+00
1.848997474680492692e+00
1.818526194673754093e+00
1.866823261758712382e+00
1.689445891075093131e+00
1.490811763569722448e+00
1.489310734768011679e+00
1.412163889568228914e+00
1.811083737713416797e+00
1.693218071263211444e+00
1.919354062445251419e+00
2.283520538928550891e+00
1.995224892471447298e+00
2.311747966569750457e+00
2.147448470623563921e+00
1.376782689323296838e+00
1.710688637856867533e+00
1.601483589788015083e+00
1.589803683631288322e+00
1.410544886710329404e+00
1.501199300488046617e+00
1.356456415261941162e+00
1.174920312213724838e+00
1.220042655002503196e+00
1.732763362768646509e+00
1.428877152402326267e+00
1.521978145090057355e+00
1.306452356076891252e+00
1.169237108650857726e+00
1.173797451885876697e+00
1.186446646661176052e+00
1.269569419049799253e+00
1.232662252876614239e+00
1.090664603873640059e+00
1.396552313374376020e+00
1.490612307749926480e+00
1.351208634413593179e+00
1.260591193269944732e+00
1.641280223225134893e+00
1.999971814442788487e+00
2.279051994704153206e+00
2.055449097987380291e+00
2.202003984340190179e+00
2.171173242898566613e+00
2.148364906636735849e+00
2.069931017279180718e+00
1.812299904097987469e+00
1.820258901656252704e+00
1.926893148688997304e+00
1.725545571495847641e+00
1.753477607017134732e+00
1.585842344065230947e+00
1.476106526819428000e+00
1.432282647469973469e+00
1.281981790524746811e+00
1.535575291352177629e+00
1.723191414116251430e+00
1.726224810768685947e+00
1.467440734955629100e+00
1.702460478880138073e+00
1.861395655660778692e+00
1.721424173809858793e+00
1.632649310722509517e+00
1.922936726110392902e+00
1.706684981177818194e+00
1.123988808975303844e+00
1.238923610716037293e+00
1.722537634518025884e+00
1.542945842086741903e+00
1.530816413266347542e+00
1.477189809053285563e+00
1.586175824647704236e+00
1.436954911497261067e+00
1.399833817435834904e+00
1.379288975568021325e+00
1.234916977138422745e+00
1.261139605706462330e+00
1.463186205985635091e+00
1.393382116271428606e+00
1.371376792838551406e+00
1.316932133539943983e+00
1.283194930409092827e+00
1.311830456089459140e+00
1.383259254055893450e+00
1.564840383681719516e+00
1.449943234526291702e+00
1.386633637582203704e+00
1.557280873755907402e+00
1.666288559036128492e+00
1.706079398874541075e+00
1.623296948592396038e+00
1.554057604674110138e+00
1.587420683162025004e+00
1.959365892026849743e+00
2.104472902157025871e+00
1.825251921900926000e+00
1.752329038767532099e+00
1.440171752316740772e+00
1.208636142338070707e+00
9.962418310659192366e-01
1.640656668326703205e+00
1.924755248893063486e+00
1.952913678442567136e+00
1.511442509611920393e+00
1.033439271308860485e+00
1.018538545069318735e+00
1.091727711565138925e+00
1.426973560377774675e+00
1.502746915470567268e+00
1.671933313378082930e+00
1.834618177735567457e+00
1.638864214192039315e+00
1.861617530351375116e+00
1.781540457833990621e+00
1.966053047900301554e+00
1.702538248995774994e+00
2.001556114488478588e+00
1.703272610223700356e+00
1.708062950264264579e+00
1.640373157463906217e+00
1.484188614606828160e+00
1.743682454444235974e+00
1.935867004770882360e+00
2.092373470630441101e+00
2.016930959052675831e+00
2.305012059521354129e+00
2.340738848725529397e+00
2.253270361009718226e+00
2.276624742095082254e+00
2.535677616979822080e+00
2.260645239819403240e+00
2.328226055752844914e+00
1.737301609619550824e+00
1.980048298202036650e+00
1.753173589397984733e+00
1.949371736720027615e+00
1.692701345027849191e+00
1.476278858254421955e+00
1.478595176091854313e+00
1.615854695092687754e+00
1.287993097384757313e+00
1.105845096943089523e+00
1.510851849697278482e+00
1.815657822201949489e+00
1.834575432271831730e+00
1.814088697541408557e+00
2.123727573098015853e+00
1.969581394042103417e+00
1.870662708389789319e+00
2.374486663787541474e+00
2.259493053613720104e+00
2.406712951557027136e+00
2.245513750200379466e+00
2.353405005388408799e+00
2.153962004569128119e+00
2.087489661185910172e+00
1.879511164684609659e+00
2.183724162063020113e+00
2.232613505255238273e+00
1.863592000477942268e+00
1.678447552711988866e+00
1.878166315521268004e+00
1.874151281790495505e+00
1.668887063428722062e+00
1.844580237326109984e+00
1.626462257849398574e+00
1.534181940490782603e+00
1.418894882403003432e+00
1.229852963848485858e+00
1.703142333557548627e+00
1.542206417021774190e+00
1.459953635781980230e+00
1.190701886112690344e+00
1.475008081675997174e+00
1.756172447268926184e+00
1.764598426995708680e+00
1.926200950658905953e+00
2.419250072008194863e+00
2.491061574691117997e+00
2.386607610633559862e+00
1.915300993825692188e+00
1.695621158814526908e+00
1.722891028503011235e+00
2.086417900594073505e+00
1.774781108322303957e+00
1.789406764265139449e+00
1.540735274316471282e+00
1.749197136333323188e+00
1.496357159355052424e+00
1.362362200184709549e+00
1.417197628712004054e+00
1.369106438268712589e+00
1.567579252598057415e+00
1.889913074259287118e+00
1.675366552725591651e+00
1.381209560155004068e+00
1.607630236174276250e+00
1.216883467570651911e+00
1.497928215710670141e+00
1.452427784889080975e+00
1.513631131132838537e+00
1.968434902008643350e+00
1.841247049829732418e+00
2.019988913125736030e+00
2.123556663610219442e+00
2.197755190086526422e+00
1.869623645366631948e+00
1.818656690042791402e+00
2.103060787234022122e+00
2.010350372200714997e+00
1.696425133642066818e+00
1.843128410683374074e+00
1.845828875022342164e+00
1.700173365466220776e+00
1.635679424535831927e+00
1.373694671465336636e+00
1.300633418548441167e+00
1.182489298962483337e+00
1.432577070754240012e+00
1.664963191640804530e+00
1.785466269456106536e+00
2.196940698792909874e+00
1.987155219953757657e+00
1.923903092350239818e+00
1.675605427345252751e+00
1.580338890482424929e+00
1.679627081991608595e+00
1.553897918512047172e+00
1.773464681474341109e+00
1.780540954847857904e+00
1.376234284981771694e+00
1.399688532697425103e+00
1.522773896656412829e+00
1.650302007490281442e+00
2.128279881335419788e+00
1.881288373612505227e+00
2.136251430928442829e+00
1.798426723337975153e+00
1.781134940995886540e+00
1.355309278448179056e+00
1.364810504618108489e+00
1.154044094182372193e+00
1.194031699697061466e+00
1.242970060432583956e+00
1.356642046156252945e+00
1.599325059834447504e+00
1.838872741414804057e+00
1.471411277483565705e+00
1.470803042411974459e+00
1.436479962981807468e+00
1.310433570242879320e+00
1.054828860252507106e+00
1.255345926150419178e+00
1.134941204144084059e+00
2.127176350722983056e+00
2.196457699591795265e+00
2.390061251622874305e+00
2.198392197390102165e+00
1.985356009646165987e+00
1.742936502072927940e+00
1.565358393346651944e+00
1.322919468975019885e+00
1.027686296828397738e+00
1.051692992415276251e+00
1.354723612994861215e+00
1.400268046036853065e+00
1.315934244039162149e+00
1.170391930200593622e+00
1.457885341589367112e+00
1.930738550420245447e+00
1.720936519689028721e+00
1.764079951435289617e+00
1.865917945063877204e+00
1.637157229841919248e+00
1.778494028057328924e+00
1.865478259254241156e+00
1.865711783827327608e+00
1.508488395167891127e+00
1.753879470824905473e+00
2.033182808081135828e+00
2.091610813425235804e+00
1.772679181584117636e+00
1.509910314741077952e+00
1.733891573726173974e+00
1.365061055613433716e+00
1.889525535045445626e+00
2.118386019780858387e+00
2.531331406969591136e+00
2.203311222930585789e+00
2.025128777022156878e+00
2.022942507396507050e+00
1.890357944136466406e+00
1.794622969336031604e+00
2.128443061416338544e+00
2.424571477868386005e+00
2.016833568820987299e+00
2.106155566822885294e+00
2.077619220417197266e+00
1.973245523459176143e+00
2.007500476499078257e+00
1.538261223406302669e+00
1.575831228326435074e+00
1.742994334016469082e+00
1.576670424461145137e+00
1.320222490733131915e+00
1.412545816269763055e+00
1.293812370993642658e+00
1.328037773510052810e+00
1.239012703099898749e+00
1.392269354317093422e+00
1.371915396223189809e+00
1.310961688101117240e+00
1.680095562282077015e+00
1.730235801975290588e+00
1.512841297010833141e+00
1.741930182601024502e+00
1.549138076571000333e+00
1.756927352792531982e+00
1.485319221067114670e+00
1.625468719271485174e+00
1.882224229753055589e+00
1.900611972026942986e+00
1.618442257401271123e+00
1.312150568294642161e+00
1.336410045025447024e+00
1.553761298152480208e+00
2.080711664272884232e+00
2.083149277595322424e+00
2.146095730306396998e+00
2.184367545652996956e+00
2.170268973452672778e+00
1.973857901397463310e+00
2.330958940441587135e+00
2.569265859907086114e+00
2.295831827221023413e+00
2.211428206980564415e+00
1.609781205171810559e+00
1.779605557258587822e+00
1.681087453164543000e+00
1.547698811016838150e+00
1.412594590247621351e+00
1.181838926201145279e+00
1.515340950205838366e+00
1.546880275437138019e+00
1.461984971340732686e+00
1.450174685703703226e+00
1.736488165289255647e+00
1.167941553843582669e+00
1.530364252525763025e+00
1.332263033377631523e+00
1.566034630483787105e+00
1.344535631440271439e+00
1.209270863372557070e+00
1.501089402882450630e+00
1.495949350471864392e+00
1.525103934412365136e+00
1.075156731348279271e+00
1.289134423842286159e+00
1.563330356447713232e+00
1.467528629063345136e+00
1.558439686249084355e+00
1.892562045450476793e+00
1.647851707393691134e+00
1.381396992740052676e+00
1.297373943456728851e+00
1.866979720691178457e+00
1.855644233072227145e+00
1.719574586355732793e+00
1.890018625361757465e+00
1.927023899937911455e+00
1.172766458406742540e+00
1.445848228983834360e+00
1.581628728150784369e+00
1.502093885186601696e+00
1.577462090728952049e+00
1.006323534189265345e+00
1.217987448346211199e+00
1.242458538859692485e+00
1.399300276156005163e+00
1.141613548796324817e+00
1.352199265987004351e+00
1.450398860190767358e+00
1.308920907798426292e+00
1.352126152604919973e+00
1.288038999353721792e+00
1.251789217149737343e+00
1.464081976892063430e+00
1.525287457355629428e+00
1.274563951770604220e+00
1.422901040975186771e+00
1.313838616708421725e+00
1.448329012685191541e+00
1.833539505212964826e+00
1.510389473638101832e+00
1.420358284376117108e+00
1.496198591599083194e+00
1.285603026770419710e+00
1.402238846282214180e+00
1.455804232571669798e+00
1.473745003224038674e+00
1.365155839068184607e+00
1.395986752073372195e+00
1.685345686734075032e+00
1.469541545258896909e+00
1.388177172735643783e+00
1.712144936162578013e+00
1.454216749857135893e+00
1.345741408878713630e+00
1.864041608538589800e+00
1.887189909889221529e+00
1.567327398296199714e+00
1.559777453755952337e+00
1.776178803692574526e+00
1.605683362109049162e+00
1.727473758291155681e+00
1.654769458794126180e+00
1.495696522773888759e+00
1.228645813216380445e+00
1.692704131273176760e+00
1.904078299687411491e+00
1.579760236738318335e+00
1.731875293903606394e+00
1.758634767454756442e+00
1.923913815155954943e+00
2.107238601867151839e+00
1.748017295031789820e+00
1.844676249154570513e+00
1.729827457516802447e+00
1.484697121920401930e+00
1.196806588632193691e+00
1.233724285520630959e+00
1.275517158439934517e+00
1.126863471550302975e+00
1.201043964852488655e+00
1.257628352766803959e+00
1.300230553930459720e+00
1.408264125271274647e+00
1.442573458763219074e+00
1.420873213763231391e+00
1.677411328293771042e+00
1.408903901880773191e+00
1.844046987854710995e+00
2.104818492394378016e+00
1.875472235534438870e+00
1.890880115408003270e+00
1.459917235711351458e+00
1.174990394325348797e+00
1.580354747607475518e+00
1.430975489389577193e+00
1.798170013468862738e+00
2.007990161196581802e+00
2.075918123205108934e+00
1.975952029471854221e+00
1.601667992046265754e+00
1.529288158738371983e+00
1.469367376564999939e+00
1.611119856423571806e+00
1.781055575606790065e+00
2.019034593966361868e+00
1.965156487371736649e+00
1.645029690613203588e+00
1.708567476433189292e+00
2.027632599268750724e+00
1.957207133413277678e+00
1.746792427552496196e+00
1.448839917086270912e+00
1.651454425967205486e+00
1.769957359898199023e+00
1.397763234466991911e+00
1.115192811488350477e+00
1.203144595952031937e+00
1.345105550535878214e+00
1.517096533481503640e+00
1.349980697343139191e+00
1.370037717601779281e+00
1.685313155579133637e+00
1.475469113218117023e+00
1.345916996203043947e+00
1.259500458287993840e+00
1.274058877207433493e+00
1.257965002814388500e+00
1.228766306422129695e+00
1.601813172653623774e+00
1.387497598568514512e+00
1.223955559303488538e+00
1.480934945104208644e+00
1.910757204213556326e+00
1.668308969140571030e+00
1.794412736761411331e+00
1.734929036829962801e+00
1.624879181672087558e+00
1.464379762400269458e+00
1.685176384360622226e+00
1.633734448110862658e+00
1.875927338478030171e+00
1.669866375072739606e+00
1.738107295984249179e+00
1.384783639519071796e+00
1.661310803772135802e+00
1.635185577528090128e+00
2.037708204623161823e+00
1.786177365673756956e+00
1.639991978569470987e+00
1.799597120489383473e+00
1.603304861676428494e+00
1.422612015782361627e+00
1.373167463826796109e+00
1.154192853340090918e+00
1.605522489411442599e+00
1.846239991394503122e+00
1.774334129108923186e+00
1.947401941959061134e+00
1.739159539763972084e+00
1.779899968569279567e+00
1.667617918613919059e+00
1.926306537213799519e+00
2.026269998561744057e+00
1.884449231368729549e+00
1.717595911909659989e+00
1.652475307829938123e+00
1.571688840826121147e+00
1.243606822277978807e+00
1.203241104780514270e+00
1.349269239088268568e+00
1.327314784098545530e+00
1.568167184654088775e+00
1.278054081696096356e+00
1.242209850064940113e+00
1.358438937642943989e+00
1.330929322074308807e+00
1.265132052255077966e+00
1.722702575289519089e+00
1.890059468925316288e+00
1.811749939888476213e+00
1.754222206649735938e+00
2.005412550081061784e+00
2.259982934391271403e+00
2.214559809554486947e+00
2.473268642009176954e+00
2.257353771346359395e+00
1.698755244327309954e+00
1.779705967567858593e+00
1.819692469197119244e+00
2.095901458574580101e+00
1.901331717403590638e+00
1.875972395185867114e+00
1.984038239692353045e+00
2.541144710232247306e+00
2.475805852228823767e+00
2.531808496688048749e+00
2.086930835927800043e+00
1.807235409034337215e+00
1.762386436676295354e+00
1.712414691427436964e+00
2.072693688073460105e+00
1.870025224169546085e+00
1.770720012290398770e+00
1.629631410244041234e+00
1.635455516776211260e+00
1.633914275921745984e+00
1.383545200095956051e+00
1.333746805580159123e+00
1.444061043788944509e+00
1.578622624329737878e+00
1.317863486052921695e+00
1.366961850545440171e+00
1.281842576141784207e+00
1.709726158097574444e+00
1.580994339836305329e+00
1.875540148782036232e+00
2.130643218531587557e+00
1.733982296867974560e+00
1.523756141274144937e+00
1.597000173501931020e+00
1.463679399607063170e+00
1.532579434974736143e+00
1.311210031678109011e+00
1.176499759986731952e+00
1.222625101383185697e+00
1.352418347663741249e+00
1.093591402876602503e+00
1.294855480227145472e+00
1.008574893070709688e+00
1.120062252337061803e+00
1.085140836600833047e+00
1.313211188523113915e+00
1.304698766652919950e+00
1.533578620164681716e+00
2.030975059512509340e+00
1.871606641637409751e+00
1.999989013884295730e+00
1.599842270052256765e+00
1.733696570956601235e+00
1.740719453667873395e+00
1.967553756256251063e+00
1.517593502120820226e+00
1.954503059061130088e+00
2.210993310683535551e+00
2.004198997340626232e+00
1.821758645403356525e+00
1.838783713149324317e+00
1.659611286795099616e+00
1.645704772714597475e+00
1.961796146147648079e+00
1.685085464346630646e+00
1.729968583741738231e+00
1.400992765802590911e+00
1.420123432648269901e+00
1.293157640700824285e+00
1.223943074270792186e+00
1.257569328814364340e+00
1.626725072439551445e+00
1.614306599765031436e+00
1.711319216368852869e+00
1.561341649852843183e+00
1.060320208518371610e+00
1.214149867127584770e+00
1.160524588489913134e+00
1.056414455373880124e+00
1.471708293499870424e+00
1.502676280721296109e+00
1.259570145368676952e+00
1.331890266685414215e+00
1.185362723871637769e+00
1.188786783116352552e+00
1.123817636705931822e+00
1.258160199130696988e+00
1.252134419500280371e+00
1.499765484865578591e+00
1.277078726053029634e+00
1.560146923694030852e+00
1.502411922908761799e+00
1.404091819573906275e+00
1.543037747692787232e+00
1.632752327485291977e+00
1.803551465455601743e+00
1.612308617709629077e+00
1.729564384166197843e+00
1.656393563472958519e+00
1.736704410870281379e+00
1.794975506771478768e+00
1.617481961217243969e+00
1.716650069307609661e+00
1.305033802235880058e+00
1.401127956472501879e+00
1.324205070370884307e+00
1.279572697617433086e+00
1.115976449693990569e+00
1.294788813578629849e+00
1.418103148011475634e+00
1.209607325754846308e+00
1.405816781586740838e+00
1.390854803685376950e+00
1.293780730575416982e+00
1.481110095827794737e+00
1.217729784807882965e+00
1.475087940975804202e+00
1.219135654501179777e+00
1.380103251949472032e+00
1.571141398722432747e+00
2.002681552925006159e+00
1.806990738909356686e+00
1.819093059693872805e+00
1.500231147232170770e+00
1.793578916014492597e+00
1.919181557814753747e+00
1.864230352994925344e+00
1.740826053281345764e+00
2.137006670574203682e+00
2.355352269099340479e+00
1.909427644382518441e+00
1.653171697185945810e+00
1.911205693184962584e+00
1.580748172418675379e+00
1.387373496399018080e+00
1.807975520037154116e+00
1.374377376616802593e+00
1.402644309583738202e+00
1.579957730283731765e+00
1.482675965218322789e+00
1.568595679770240059e+00
1.425106779457576689e+00
1.553344978006241828e+00
1.605403480877639399e+00
1.174178898094553780e+00
1.194045836089740353e+00
1.326203181720669200e+00
1.933692404002491649e+00
1.880150234806296172e+00
1.294721513133467949e+00
1.997410177248775343e+00
1.560346606634826161e+00
1.518393529888071747e+00
1.918292623737737346e+00
2.216380737396395073e+00
1.825496818096709495e+00
1.790881982083415869e+00
1.812499460590107248e+00
1.755980104010134157e+00
1.714189732024808510e+00
1.936671623925642072e+00
2.148206726149856749e+00
2.326592253031809499e+00
2.409353218785973194e+00
2.150168580267890039e+00
2.218951889267289701e+00
2.084368239372600407e+00
1.713048835773312240e+00
1.756687909365125311e+00
1.751972731101970826e+00
1.556205034159907630e+00
1.712696164600539195e+00
1.137424786209199956e+00
1.430941030453535712e+00
1.851273129200466272e+00
2.216380776005327569e+00
1.848125379382274280e+00
2.045871904222431148e+00
2.234624723946166736e+00
1.711216908335506659e+00
1.259291759035133573e+00
1.426121223808662908e+00
1.397797172839333690e+00
1.735534757021122365e+00
1.530621684557610163e+00
1.909095908164297306e+00
1.973429012323252296e+00
2.415264370832125973e+00
2.446817455978044453e+00
2.063552453493699090e+00
2.024160058922406247e+00
2.263760603526051796e+00
2.087205537821165802e+00
2.111682842900346468e+00
2.064516987707720741e+00
2.131320304843718372e+00
1.945881156938566114e+00
1.886811107890542516e+00
1.476222620661827634e+00
1.353645587776092452e+00
1.226015617614891307e+00
1.331763558439704731e+00
1.609818689251314217e+00
1.870019363370391652e+00
1.970261319093710162e+00
1.715980351318608488e+00
2.090461432148060794e+00
2.291374725607537854e+00
2.370403339254752773e+00
2.288312692609171695e+00
2.200853625083983189e+00
1.888610989883096725e+00
1.872622949682749782e+00
2.090497099579717855e+00
2.229071005814333706e+00
1.934834439806106365e+00
1.986389401167494073e+00
1.832998601037841624e+00
1.806131992525319196e+00
1.608964237210368964e+00
1.645659684617920338e+00
2.126924288784123540e+00
2.029482643630974081e+00
1.886327757878944356e+00
1.875364227876321621e+00
2.094914351187737722e+00
2.363937116734262656e+00
2.180082586732511540e+00
2.113315606837153027e+00
2.060031232031270143e+00
1.902706052782130675e+00
1.849193851044989900e+00
1.643976432724749248e+00
1.495065687791960585e+00
1.210344751632939309e+00
1.277663614091316013e+00
1.308469372628187299e+00
1.423965160814063102e+00
1.278759404372681763e+00
1.355197076732138406e+00
1.603583003501978244e+00
1.425259327808226395e+00
1.422018859280361092e+00
1.274177705501213342e+00
1.030492073647337081e+00
1.089289773056160815e+00
1.175383323296526283e+00
1.442317975850058609e+00
1.236543790025920408e+00
1.314434277429622044e+00
1.199981599650985054e+00
1.627679668719185235e+00
1.657636761096797473e+00
2.242955469883502584e+00
2.532589772663952132e+00
2.645877407676998416e+00
2.476340157057307145e+00
2.436432717834546846e+00
2.410985482929317136e+00
1.939315119433937973e+00
1.845874625714260864e+00
1.995434412854208972e+00
1.859287127814175378e+00
1.996717510736872647e+00
1.874633192362211709e+00
1.840012347438202411e+00
2.185618190148764128e+00
2.187198346247201552e+00
1.998256983348629667e+00
1.854309080366811635e+00
1.797984389490901114e+00
1.810341957431474968e+00
2.147223457615531128e+00
2.246026281998578344e+00
1.938566715285324094e+00
1.667443862582464575e+00
1.391343383471947526e+00
1.346679432469943372e+00
1.078450738549949994e+00
1.198970044216786546e+00
1.214058995475753910e+00
1.058694309372981701e+00
1.160020894060462382e+00
1.383136346764805236e+00
1.474185098160958551e+00
1.293956730790835730e+00
1.344559452521608911e+00
1.673071419508608715e+00
1.700899333485330178e+00
1.443176028002071787e+00
1.468269564414051764e+00
1.722677176783499853e+00
1.713239000958331815e+00
2.106078995397703491e+00
2.100376403335354247e+00
1.915338251297713290e+00
1.563259277435294914e+00
1.299744524753965180e+00
1.199792831795567283e+00
1.458532282895846244e+00
1.586587172489265285e+00
1.697071492940263271e+00
1.856041031639240835e+00
1.907805484323100487e+00
1.677489824942650642e+00
1.513283320876219529e+00
1.639576846664236642e+00
1.721390067605872876e+00
1.699275043422530773e+00
1.899052882556395261e+00
1.584620926255805085e+00
1.539871041048777700e+00
1.196039949504796196e+00
1.521352911941395547e+00
1.384820479406773330e+00
1.455737088119036571e+00
1.470509305130133004e+00
1.627808796565893168e+00
1.401776996087469307e+00
1.130125680052892712e+00
1.347652620764288711e+00
1.191853617738096949e+00
1.347054167141444214e+00
1.494360339824971406e+00
1.637366227972430810e+00
1.685572578376154373e+00
1.837815245580294077e+00
1.815593801010367159e+00
1.637494510431145134e+00
1.337754862387735999e+00
1.508822732768080099e+00
1.520001200638674943e+00
1.418621369708642277e+00
1.683974656487848609e+00
1.651872271135667036e+00
1.569989658791876463e+00
1.427294387943293552e+00
1.519616084998776540e+00
1.598021082422983241e+00
1.328115952824832524e+00
1.624568575680385152e+00
1.379302279729662795e+00
9.931804055565609524e-01
1.373965675901343220e+00
1.759417191342144804e+00
1.807557610225698497e+00
2.094347859467302619e+00
2.196003309464285458e+00
1.999548455668529456e+00
2.210055119560876413e+00
1.679205984004815466e+00
1.551066547700681975e+00
1.534617714840738723e+00
1.327025559375920594e+00
1.426618637044859916e+00
1.292793869267320872e+00
1.758985599345670670e+00
1.659271092235714562e+00
1.791774544466584906e+00
1.918457409317532614e+00
2.285559090711666297e+00
2.009308441254969324e+00
1.978396225239305029e+00
1.900477245555149297e+00
1.643629191281287705e+00
1.568630529051897149e+00
1.857048665059408910e+00
1.962462724189397711e+00
1.582017985340278932e+00
1.629616409544593303e+00
1.695956830546150984e+00
1.745294030165853272e+00
1.625951603887251240e+00
1.914212679515394644e+00
1.647054070895530575e+00
2.022202273746235512e+00
1.918588800601566335e+00
1.795145795835241032e+00
2.075765806139348246e+00
2.167775364797175808e+00
2.246372475187676354e+00
2.314330075767748074e+00
2.228202793682426464e+00
2.056474413815498892e+00
2.491787745668178733e+00
2.336907305519817069e+00
2.087800607951912912e+00
1.422980089889505528e+00
1.783523513936358995e+00
1.781140858265279014e+00
1.492758809353424310e+00
1.217512778951260088e+00
1.544577845604067301e+00
1.528633447870224371e+00
1.505325292057236641e+00
1.730789302307934818e+00
1.364601710456423422e+00
1.084713332717067935e+00
1.629237605574932246e+00
1.777460708287671443e+00
2.018796977109356572e+00
2.443223893553930548e+00
2.536167346037652592e+00
2.361570843891209304e+00
2.457259958869329353e+00
2.301047499187625078e+00
2.059246631805037975e+00
1.690871112725480074e+00
2.177639548191071306e+00
1.841730803210302803e+00
1.456973948398170515e+00
1.518924387433520540e+00
1.172741013686666056e+00
1.340259141278692168e+00
1.552328398177085456e+00
1.284615504880903147e+00
1.624939061361059700e+00
1.339835950114703245e+00
1.158837891107820095e+00
1.289881574020498078e+00
1.220946606593994010e+00
1.277526992319056864e+00
1.178356490549548274e+00
1.407094750271033812e+00
1.236583713485995162e+00
1.156520656525678481e+00
1.599595557059676709e+00
1.501155085502776876e+00
1.556264529662997775e+00
1.233715546030813126e+00
1.435158783574458807e+00
1.460888805930114387e+00
1.748243811645214807e+00
1.602535674068354288e+00
1.542650091538392942e+00
1.737306690259110997e+00
1.232988453150889008e+00
1.483142373096364874e+00
1.736703234137158436e+00
1.543281272873340493e+00
1.420944249195936759e+00
1.388536684800780074e+00
1.420498517700433894e+00
1.405437609989563574e+00
1.501615793376844588e+00
1.255110645639588407e+00
1.142295581111523406e+00
1.254096458207455411e+00
1.216366880607327561e+00
1.332213628212434831e+00
1.128279411954092870e+00
1.218353833716239398e+00
1.237361763364590583e+00
1.408732376729478819e+00
1.816456658182504569e+00
1.800189097017326434e+00
1.847734740709284340e+00
1.952278128122440171e+00
2.054399819810279304e+00
1.818164032510477091e+00
1.520432013915492542e+00
1.585048961132156986e+00
1.758596338330341569e+00
1.430941110435106189e+00
1.411549144493159824e+00
1.444671339156911927e+00
1.123185349177427073e+00
1.336512223369162200e+00
1.559756801060854237e+00
1.690416758429485133e+00
1.607034328163936099e+00
1.399102585003838106e+00
1.409799805625336688e+00
1.493972631801431028e+00
1.692780576701079731e+00
1.807262794135788830e+00
1.645283690928859066e+00
1.453882552356790647e+00
1.493012155757148074e+00
1.464094162723810655e+00
1.372757247070683473e+00
1.651358131487950409e+00
1.050946394637048087e+00
1.346723153576619758e+00
1.324656181962153845e+00
1.163324200966519895e+00
1.609608462090878156e+00
1.153807376142176322e+00
1.389282959293826503e+00
1.503250226963245950e+00
1.363477533568154820e+00
1.391748154280255889e+00
1.246050728402134267e+00
1.563318340893924407e+00
1.380696598016303511e+00
1.476283855238085918e+00
1.269064693185499859e+00
1.275198190307890167e+00
1.580141406727896936e+00
1.449664905401806703e+00
1.379833831437133007e+00
1.290178957314936259e+00
1.165746979200662947e+00
1.641337846104289344e+00
1.559949018813705734e+00
1.608914400784898779e+00
1.288862520473656792e+00
1.280931371250583872e+00
1.426034659332871435e+00
1.491119669746621579e+00
1.455516944631820797e+00
1.372220114098338772e+00
1.632093728916343522e+00
1.503292935721307622e+00
1.464122321907351587e+00
1.781909179705041923e+00
1.750898812215223366e+00
1.481755451083923925e+00
1.483846172540853381e+00
1.376298695888640733e+00
1.552145808756508982e+00
1.547599124235500279e+00
2.109388076038566151e+00
1.468450992872277094e+00
1.525482906157706431e+00
1.817718934540232922e+00
1.745582519639516050e+00
1.672599454002385855e+00
1.550753147112992503e+00
1.207868588075580840e+00
1.647377069062469834e+00
1.570250738862401407e+00
1.295498348656271004e+00
1.238838011316997001e+00
1.054581099026845603e+00
1.297981668980820125e+00
1.212663968840496542e+00
1.380501887801889760e+00
1.516975897309749577e+00
1.432040098896826041e+00
1.695472507393346540e+00
1.603672966098550035e+00
1.801566889000949079e+00
1.481610556478629270e+00
1.904960809363789753e+00
2.167234795717671858e+00
1.778252244310489338e+00
1.464427648527911963e+00
1.092328104524645793e+00
1.109526058873743670e+00
1.247453033120856647e+00
1.230563115309559974e+00
1.206808393674254853e+00
1.256619913337758021e+00
1.026577892403629733e+00
9.938808785745586460e-01
1.074257022477139500e+00
1.127305505023073362e+00
1.402458846878679610e+00
1.279484355594129097e+00
1.480258578359511246e+00
1.226962042487282467e+00
1.426698402729601467e+00
1.431988517229730640e+00
1.060381471326061087e+00
1.358117338348354242e+00
1.607480343269657830e+00
1.575650406209680332e+00
1.676641279020587350e+00
1.556763622555303428e+00
1.583759946768791282e+00
1.242988374347749669e+00
1.362662024664317073e+00
1.331575014299247073e+00
1.274099649281407842e+00
1.240149738643014254e+00
1.557763737651760794e+00
1.549060318304930739e+00
1.600984684161580462e+00
1.471964532058972930e+00
1.973195574950328712e+00
1.286094371829612282e+00
1.187108705137546405e+00
1.190292386047504980e+00
1.628925643524720135e+00
1.415008257430209859e+00
1.395823046831706549e+00
1.418809572789438755e+00
1.497634599559117152e+00
1.581831044488422489e+00
1.413408450108105230e+00
1.411706313828481552e+00
1.368984570087787178e+00
1.535570849814615890e+00
1.681261276994550302e+00
2.139333390109933397e+00
2.029377762334824808e+00
1.821980138183390885e+00
1.616953365519376851e+00
1.664127698161034674e+00
1.601631944679413166e+00
1.673948114424625322e+00
1.468430927869933234e+00
1.754785091642405703e+00
1.867099572615687597e+00
2.047901320482865994e+00
2.003794121175342724e+00
2.115212663585040787e+00
1.732563007346453077e+00
2.100177442144997020e+00
2.065505145936212816e+00
2.552752638568317689e+00
2.211605876817486216e+00
2.120842035161289996e+00
1.215555404921785598e+00
1.338697653208358318e+00
1.293200793720739483e+00
1.399111947759386076e+00
1.880728767498673237e+00
1.984416432664683372e+00
2.224096012955158574e+00
1.834167423484455162e+00
1.789426437239809875e+00
1.744320622794342190e+00
2.006212127042912297e+00
1.944382168222199558e+00
1.744638420615706842e+00
1.755177907349126931e+00
1.471859605298501128e+00
1.425564105376268209e+00
1.372310060012594812e+00
1.598796854485157182e+00
1.381323204902440649e+00
1.543662104509943678e+00
1.932842038954676100e+00
1.925470633361211048e+00
1.755509612273077558e+00
1.802515118229789381e+00
1.711589021100775376e+00
1.960261256342176628e+00
1.707767423150350572e+00
1.709964500706657731e+00
1.922357599621482116e+00
2.079190837338066977e+00
1.685262767806512629e+00
1.648191003284249945e+00
1.687323707961883246e+00
1.571976207981686136e+00
1.908224545012064954e+00
1.977592622693947311e+00
1.734442856830573421e+00
2.109037766549708426e+00
2.103483595487054547e+00
1.800298552342465941e+00
1.990062883586945608e+00
1.655413584002809912e+00
1.665713896789565496e+00
1.443976674554682482e+00
1.979642121856170611e+00
1.507488306567367653e+00
1.526714108856902063e+00
1.514549953664900084e+00
1.713446752167784304e+00
1.585895206706485983e+00
1.629055764116160709e+00
1.888131896298551382e+00
1.327151556583644920e+00
1.522354811158386889e+00
1.548582063691455124e+00
1.513669059096086622e+00
1.472408956901259502e+00
1.521209903698212518e+00
2.345402132393072048e+00
1.950886510349459257e+00
1.888442381403798054e+00
2.016414774730127757e+00
2.446962494715351433e+00
2.000792366836715352e+00
2.203142423160246555e+00
2.043393415593662166e+00
2.346132775214090138e+00
2.083923894185478520e+00
2.224713571297621151e+00
2.100948041413929879e+00
2.142432123646642150e+00
2.138869400534498588e+00
1.732167670157507722e+00
1.996031036846968254e+00
1.923330679867776727e+00
1.643911266395826409e+00
1.620574662534141730e+00
1.307850779398288310e+00
1.502103525015064500e+00
1.550972546890825754e+00
1.182817667512482185e+00
1.271828794078621705e+00
1.043261334874745705e+00
1.282670677418220606e+00
1.344170239836020464e+00
1.473494886304793861e+00
1.337544566086048325e+00
1.343825907591870372e+00
1.259148820369352828e+00
1.142997669438187813e+00
1.194613965507322018e+00
1.176200984084682544e+00
1.762903371112887640e+00
1.793382939664034170e+00
1.672711451908373226e+00
1.651907255488679560e+00
1.706489952106502672e+00
1.946359334959273824e+00
1.671349759375529986e+00
1.798687958362390482e+00
1.639797902374502403e+00
1.656597767353744644e+00
1.701058409956605288e+00
1.823420208535878606e+00
1.706428692802475444e+00
1.662805310458043140e+00
1.554344270620900748e+00
1.588036025941227392e+00
1.574195269672687303e+00
2.117734595832011735e+00
1.807114789004222066e+00
1.727841516189977389e+00
1.850569730797485768e+00
1.514921153405228482e+00
1.415043176672463154e+00
1.733065790678403495e+00
1.642796296158870462e+00
1.429824129106071151e+00
1.710932374991679383e+00
1.736064643773381100e+00
1.717167365797827250e+00
1.793235449131646453e+00
1.609012734230559794e+00
1.731055070551196451e+00
1.548046737818924434e+00
1.381153621001343978e+00
1.378215271148590659e+00
1.571133011983962824e+00
1.627275190796711346e+00
1.080497615472127082e+00
1.153379509270667791e+00
1.093161325018033869e+00
1.366893889836566789e+00
1.281453559853024338e+00
1.505802059569261608e+00
1.259154489649665365e+00
1.075968420033968753e+00
1.211350633379978170e+00
9.962929314078756704e-01
1.381665949848473574e+00
1.537683577025767301e+00
1.621855752953956342e+00
1.595075117560612377e+00
1.624611374464123958e+00
1.546228508859905926e+00
1.436655021555855560e+00
1.339114870471849628e+00
1.930389550368652340e+00
1.698854971546711390e+00
1.566814179100000981e+00
1.893811496214892642e+00
1.670550233921182626e+00
1.269423096344833857e+00
1.369602496537597691e+00
1.600832952885724358e+00
1.430217136241822784e+00
1.794187222141291116e+00
1.312191995915831466e+00
1.484016634019061698e+00
1.166604231029490402e+00
1.367421537194281278e+00
1.321189730221094649e+00
1.667217882592343603e+00
1.514955172797439742e+00
1.590669598637602711e+00
1.877568554312527782e+00
1.862077156555440371e+00
1.587598581984962953e+00
1.655877973684640514e+00
1.763840377481419530e+00
1.844984446132724720e+00
1.746107992180985891e+00
1.723424831153085979e+00
2.080295267299429707e+00
2.128112500069276880e+00
1.905405039228222241e+00
1.960479581951154460e+00
2.195609514456727140e+00
2.298382691094107866e+00
2.337067862582070443e+00
2.066060028072138177e+00
2.034467727972211648e+00
1.932614155809743828e+00
1.961163572931657884e+00
2.399652655191803596e+00
1.909126165937123254e+00
2.250240358341852875e+00
1.951301887583098083e+00
1.900322593441870156e+00
1.655791257687117657e+00
1.954931042161640820e+00
1.941372911449495975e+00
2.040835805005716708e+00
1.705676525076360139e+00
1.452756116638720618e+00
1.589047528451405400e+00
1.537452085588928430e+00
1.263603707239234986e+00
1.375571526368640107e+00
1.799841414296111441e+00
1.778410943365179353e+00
1.837499351108806467e+00
1.665296947946777850e+00
1.977853057960079486e+00
2.002743900023602475e+00
1.882185680002677719e+00
1.769641296774572048e+00
1.741184237099705490e+00
1.682340741692285979e+00
1.922399853637120515e+00
2.263275200413641386e+00
2.140591183580416779e+00
1.736020466493862546e+00
2.169712224187668514e+00
2.151396278698995079e+00
1.778931566785641794e+00
1.675458398079024747e+00
1.801995171892529557e+00
1.902349177068756836e+00
2.066562752675197068e+00
2.073076134507336743e+00
1.986829426678543786e+00
1.967011364887245151e+00
1.863137186711611326e+00
2.027514414937944043e+00
2.099427197157511582e+00
2.113937888941181509e+00
1.832269619019291973e+00
1.742000313173634574e+00
1.281312554516217173e+00
1.324541876980652511e+00
1.246359762799706061e+00
1.411327750065027198e+00
1.630667530155538891e+00
1.254496938632702507e+00
1.297600926136587951e+00
1.402110738618989050e+00
1.599744535271098833e+00
1.534062462500731305e+00
1.965810313177651203e+00
1.943769699843902465e+00
2.078999984393414824e+00
2.191994525447098052e+00
1.685438917600218689e+00
1.830587493888890194e+00
1.575722939929484312e+00
1.286542140393041933e+00
1.576165309151668081e+00
1.538766454958588215e+00
1.572211909129064056e+00
1.854897187065692510e+00
2.111264830713559970e+00
1.850161259570250127e+00
1.764874561762597827e+00
1.417023962342418564e+00
1.569737284944672240e+00
2.058737066864221088e+00
1.855329514559462156e+00
1.947959907396734636e+00
2.086311839906664023e+00
1.781623954799114617e+00
1.856737043798126541e+00
1.935089820096365543e+00
2.164271442307995841e+00
2.362793343584368433e+00
2.516178962816076226e+00
2.654048466124797834e+00
2.292940384720472125e+00
2.172659287569981501e+00
1.851829844545917370e+00
2.047912785743506436e+00
1.712765298608970088e+00
1.427126194816112914e+00
1.367967307118132636e+00
1.622689502913352122e+00
1.650743015643711509e+00
1.890645323596657823e+00
1.718969098825984476e+00
1.678866250254293480e+00
1.830239973538796194e+00
1.604923963147427690e+00
1.585412633355743672e+00
1.256747720227232135e+00
1.400191751644305427e+00
1.290611651828911244e+00
1.692535768716708411e+00
1.539767946724913683e+00
1.849975978370064000e+00
1.694817857179594656e+00
1.605923781704030162e+00
1.156825563500460285e+00
1.221569932440323747e+00
1.448193509133157031e+00
1.186937351966025345e+00
1.349391907374005939e+00
1.478367122407901579e+00
1.313967453710192190e+00
1.124455437270435842e+00
1.656547540419131881e+00
1.455088920142979525e+00
1.269149968872434364e+00
1.813623452481040621e+00
1.675840972492077974e+00
1.653122291610272576e+00
1.549168341886228539e+00
1.527473463895109740e+00
1.193722760532144767e+00
1.523225927622208431e+00
1.531015795994733031e+00
1.598552891311252555e+00
1.711665113115269365e+00
1.824384624680861711e+00
1.746099047576850971e+00
1.651219671573826098e+00
1.645530278196353002e+00
1.775434066289589552e+00
1.454163481694531024e+00
1.304220590550214887e+00
1.180778715607635254e+00
1.422454312470730509e+00
1.320315233230070495e+00
1.582531178976556596e+00
1.534234985221456515e+00
1.811651618797053942e+00
1.523291783433854185e+00
1.294634260231261047e+00
1.897155981588330320e+00
1.573216762607228869e+00
2.129788700165869297e+00
1.616327719806939900e+00
1.836161179316949443e+00
2.215529990409206729e+00
1.745428458225315893e+00
1.818776509139990782e+00
1.830736927220441235e+00
1.654820082606456966e+00
1.709472434802203011e+00
1.313132555698643067e+00
1.152181988547536173e+00
1.138316629079703768e+00
1.566607044320212916e+00
1.667342940867978074e+00
1.583184311087632468e+00
1.761040264933006583e+00
1.800021827730891477e+00
1.767510062324936904e+00
1.541016376956777290e+00
1.679031981068448420e+00
1.691101473637147024e+00
1.736400561123920827e+00
1.753393377800699149e+00
1.717849538293124700e+00
1.992914851977209967e+00
2.122429352278669246e+00
1.721592820432836790e+00
1.907074194592479177e+00
2.136306431320133647e+00
2.039140475832307953e+00
2.140283438426676010e+00
2.566654184166548447e+00
2.258822075497153303e+00
1.868544069538132568e+00
1.882219323741173511e+00
2.025347341406528834e+00
1.804272820571054758e+00
1.473293976683711648e+00
1.609348934900609152e+00
1.522423039704643877e+00
1.612713753022613661e+00
1.601366934499460548e+00
2.011836172057442251e+00
1.896516981446368266e+00
1.542341345005888709e+00
1.379143901652947868e+00
1.898896498008975531e+00
1.641631848034390107e+00
1.813285189028966515e+00
1.597970541839596859e+00
1.860215492957063788e+00
1.996207662061703081e+00
1.981774232363357813e+00
1.750368074014962971e+00
1.729008037796015307e+00
1.471875070963520438e+00
1.645049815072117783e+00
1.568126793981784672e+00
1.514749814260875738e+00
1.384021847037720354e+00
1.648346687658410303e+00
1.429276482481123711e+00
1.297120339094441022e+00
1.465406878683027436e+00
1.333591437838148819e+00
1.456078337023971603e+00
1.209855121168506686e+00
1.509052007211434843e+00
1.475249052744884493e+00
1.550616838399587971e+00
1.597650399983899794e+00
1.550771080264659041e+00
1.557314834652945734e+00
1.778174615548623549e+00
1.766475945608396492e+00
1.260721507379020112e+00
1.521905558140688619e+00
1.646922211147595405e+00
1.885166282512423130e+00
1.880727193318946666e+00
1.654084550549134391e+00
1.276832830769150995e+00
1.225918145031745565e+00
1.530489591449573084e+00
1.760699436265055873e+00
2.416230416572828776e+00
2.243428026418727850e+00
2.098782457554309033e+00
1.868960427831570570e+00
1.918108059495490014e+00
2.194328971979268239e+00
2.372545705171779762e+00
2.329028655069883325e+00
2.464877487880816620e+00
2.007801101632033181e+00
1.845768510892879632e+00
1.716724482378513272e+00
1.822487321414453465e+00
1.643152930047079074e+00
1.710454658945866901e+00
1.637301840809735953e+00
1.446051954662355143e+00
1.513060972393770909e+00
1.710916207142514356e+00
1.510546347978922288e+00
1.593403898329243784e+00
1.893755832883635026e+00
1.532686036885605896e+00
1.858024476931654734e+00
2.122708165927964075e+00
2.371405449380135533e+00
2.040824671409159574e+00
1.915387985765922840e+00
1.990196821399432991e+00
1.998123075902577872e+00
1.736536760189918427e+00
1.412625955762230490e+00
1.359273998888556934e+00
1.446965657996059251e+00
1.428987449315343605e+00
1.752590984665259644e+00
1.784653085006869366e+00
1.879665214455793265e+00
1.887828845543575884e+00
1.700526585131575175e+00
1.946116685375361532e+00
1.619567392423191921e+00
1.605755650172516091e+00
1.540873639577135856e+00
1.845606439147093880e+00
1.724048819775960473e+00
1.676700310946839467e+00
1.147933599046625952e+00
1.473603588381267260e+00
1.714446402837273897e+00
1.565143900211258376e+00
1.465863932854674090e+00
1.371855835676521362e+00
1.279773377102925380e+00
1.374307583996530635e+00
1.678049157754505361e+00
1.844889895661148804e+00
1.800765133898106107e+00
1.840927023620701153e+00
1.523860193473214109e+00
1.120195675268116364e+00
1.298767859101429112e+00
1.381980079530494177e+00
1.701824734187408872e+00
1.703802645905545310e+00
1.515510449476050958e+00
1.160559651524657898e+00
1.296028580844831968e+00
1.431566200543031186e+00
1.352499128907907133e+00
2.137549130062393665e+00
1.962104135293332607e+00
1.767711278640669903e+00
1.649800075741378214e+00
1.532653013866908553e+00
1.547669573156099210e+00
1.617996458677316785e+00
1.923872628808500629e+00
1.590453426323613639e+00
1.579545053563112145e+00
1.923274103617163888e+00
2.196927190652782969e+00
2.095315714052739420e+00
2.432679217840648001e+00
1.791812979218857738e+00
1.717367772673752846e+00
1.473874315041793670e+00
1.181395008881309883e+00
1.345201671995911896e+00
1.485806188581747955e+00
1.210258925401117569e+00
1.394177769025004787e+00
1.968504958297043306e+00
1.708498768042735039e+00
1.585219889681749095e+00
1.797453060491593035e+00
1.622703839401431258e+00
1.497958696236746157e+00
1.588164076663261648e+00
1.380381163179447590e+00
1.187876915972662983e+00
1.150682836058358083e+00
1.459799187999523795e+00
2.004870512613968092e+00
2.071686574272232129e+00
1.396004357479438296e+00
2.105229250579412792e+00
2.235815529764243248e+00
1.964301984566576342e+00
1.941832842905621082e+00
1.694043480022998871e+00
1.733017477285965002e+00
1.611392374808916061e+00
1.293303335461623682e+00
1.223076649570145724e+00
1.286968550283155377e+00
1.624242476722400186e+00
1.540357879634231653e+00
1.113969367245441822e+00
1.378323635261400781e+00
1.709020477079428169e+00
1.644909763185852913e+00
1.640862930051826485e+00
1.433224541305962552e+00
1.651779453177353973e+00
1.375594022739583089e+00
1.747297784563684564e+00
1.682786008414283829e+00
1.498249816421801661e+00
1.469642228310209742e+00
1.692076978413376231e+00
1.744698110786686573e+00
1.431847968879707445e+00
1.623244288859541973e+00
1.383042665643553493e+00
1.282468341677363899e+00
1.802628653123726110e+00
1.742836490424990004e+00
1.343659949195231018e+00
1.495559294538993278e+00
1.596155055550873669e+00
1.696679033150187976e+00
1.734062141483141195e+00
2.105399788426969732e+00
2.039401068047803189e+00
2.146056959490662663e+00
2.188437682583696642e+00
2.683153967257366990e+00
2.377447646524089020e+00
2.143578976311335982e+00
1.849879507857808525e+00
1.897080102654285838e+00
1.623290111903887611e+00
1.579512290078640246e+00
1.567799245972954392e+00
1.721886693461207152e+00
1.609213949639580976e+00
1.516404421302504746e+00
1.171689402886958886e+00
1.264556942098487680e+00
1.231819041055308039e+00
1.275588814291083395e+00
1.956093042453544983e+00
1.859094606882144340e+00
1.747321503626863448e+00
2.123695756805426438e+00
1.525140055285527652e+00
1.793404460127878686e+00
2.179918155675502955e+00
1.477313434444705642e+00
1.601011777623253529e+00
1.459200432068856745e+00
1.852794706543519299e+00
1.655716221766340368e+00
1.352408106229750606e+00
1.461901950509334913e+00
1.334932937299602607e+00
1.561100940388304492e+00
1.516465225702980923e+00
1.597639070461297717e+00
1.996128402199824681e+00
1.966117595467747892e+00
1.745690194389516225e+00
1.272936975257132453e+00
1.351144992181386728e+00
1.833475777132111295e+00
1.426437877527535258e+00
1.401301203094502235e+00
1.561022120907308297e+00
1.691494073450245939e+00
2.036313057008874772e+00
1.710609930489300545e+00
1.349061772292616368e+00
1.526811685686147113e+00
1.685986602418684033e+00
1.927117458824560536e+00
2.164628946099804718e+00
1.982984614595622919e+00
1.642107358703781772e+00
2.187177725298782072e+00
2.182317326492646092e+00
1.971035407874339063e+00
2.054625610529775326e+00
1.702953446890028921e+00
1.358455179545027924e+00
1.334500619958110867e+00
1.445722965291575957e+00
1.537443361735869374e+00
2.076121005157149479e+00
2.043704815726417934e+00
1.988593209057160749e+00
2.086896069070309778e+00
1.906963035134410678e+00
2.461916383822061238e+00
2.449947657958330804e+00
2.018205267320595020e+00
2.229899779860061049e+00
1.995060030063109169e+00
1.842246235187182668e+00
1.570835471469950839e+00
1.410328034162213751e+00
1.962869952387331196e+00
1.733679939304027418e+00
2.139976285089079777e+00
1.946546381655996472e+00
2.215575549390993437e+00
2.281744947402273294e+00
2.495325610212189460e+00
2.064380844254914305e+00
1.804472264211500532e+00
2.328819528742522849e+00
1.793138703002010503e+00
1.785237492328315412e+00
1.662737036284730241e+00
1.988404386910800348e+00
1.691271185594521498e+00
2.086101201168559793e+00
2.087628629949749293e+00
2.055123392326872800e+00
1.769245368113155026e+00
1.577097694556001128e+00
1.816712867508021523e+00
1.702534116630948446e+00
1.505085345285682941e+00
1.132933545160930588e+00
1.597229788354199487e+00
1.622852110167158246e+00
1.230097387785113794e+00
1.340289315172181084e+00
1.792784121099620043e+00
1.783422087495010189e+00
1.771239892605183108e+00
1.938024311049607817e+00
1.881758024777250959e+00
1.965817153782207116e+00
2.274385371161463443e+00
1.876180522151506658e+00
2.026177113945713426e+00
2.086093088582183341e+00
2.215518841111465687e+00
2.366601431669710376e+00
2.271807429867835904e+00
2.057989714585237273e+00
1.706395344242108258e+00
1.704631133609149529e+00
1.395433800821775483e+00
1.284116004013508450e+00
1.258721861823988819e+00
1.605362353999245206e+00
1.376150217448580904e+00
1.342011141931695128e+00
1.301893563585066360e+00
1.371593037127311732e+00
1.623487446453841132e+00
1.635874114043601057e+00
1.796555522992274057e+00
1.964165513962596199e+00
1.754389906447972436e+00
1.744833430926790108e+00
1.501434612062973351e+00
1.797447517237690029e+00
1.959778054285981064e+00
1.751051666993128864e+00
1.629565027979305247e+00
1.799711862760664083e+00
1.556618759148427067e+00
1.657421586932359858e+00
1.912175331852786542e+00
1.900232826397412866e+00
1.766903557686472670e+00
1.883785688072994624e+00
1.840206786126723504e+00
1.886091995995689885e+00
1.643654470787415001e+00
1.338381042236921559e+00
1.484126138412424467e+00
1.468076075101347300e+00
1.367552916448491418e+00
1.483505745270778942e+00
1.905582958158202223e+00
1.628741086161408447e+00
1.794144269804709424e+00
1.787960300488581566e+00
1.773874635674596023e+00
1.432920934749347008e+00
1.461950855538703520e+00
1.520882532894292760e+00
1.664569262416270679e+00
1.771009002850236547e+00
1.487024647795475163e+00
1.493856406202302534e+00
1.477241808161886327e+00
1.046090381423685489e+00
1.080934714848989620e+00
1.275400392200805033e+00
1.818797169287195148e+00
1.745797328913567981e+00
1.584096492506727349e+00
1.695420939850550868e+00
1.318289215211749799e+00
1.349205879567617394e+00
1.451752208689901513e+00
1.372676616800832639e+00
1.517718065014052486e+00
1.766061637447256860e+00
2.014387024106397472e+00
1.601314947210955131e+00
1.364910682154494959e+00
1.602716302658733216e+00
1.937280306416578668e+00
1.521183184374819586e+00
1.614266936125413388e+00
1.804387088354545199e+00
1.926085148028440663e+00
2.157572604101173575e+00
1.793336893629507323e+00
1.202024815855853968e+00
1.405226258495122504e+00
1.754572918317069741e+00
2.015192624474117178e+00
2.118865359725407238e+00
2.364418115047935753e+00
2.273825489178944448e+00
2.359622754597418215e+00
2.423371465235156563e+00
2.223350852239029063e+00
2.068825422562429406e+00
1.801997592595839137e+00
1.571561362417191798e+00
1.542436102804367160e+00
1.649704664611452820e+00
2.349820759025729178e+00
2.141227428514695053e+00
1.812944341524374003e+00
1.444581207068833528e+00
1.342858757892934518e+00
1.264455461483538601e+00
1.366638202768842403e+00
1.262557445121567090e+00
1.243346898425427005e+00
1.714598541534104292e+00
1.506989821918299555e+00
1.244255033150768242e+00
1.377329509608197222e+00
1.668154113047186859e+00
1.449234949486587043e+00
1.676141617402570505e+00
1.567861798403680673e+00
1.680266915839935038e+00
1.816991709157261603e+00
1.837534732508504298e+00
1.489934391822158366e+00
1.368948411971434576e+00
1.327085382277643388e+00
1.313829941974531401e+00
1.495037918592221793e+00
1.210520274570844546e+00
1.458153061904825520e+00
1.636776298686770659e+00
1.973687867040320842e+00
2.278400507628245641e+00
1.906985999672110799e+00
2.141366010284584398e+00
1.958433335080878468e+00
1.983780487338503651e+00
1.755568811390863182e+00
2.001982725032424248e+00
1.926499958596422646e+00
1.746772855444727046e+00
1.794035896129786867e+00
2.323297025867437249e+00
1.888833185366771694e+00
1.748355037799860456e+00
2.362951078304168728e+00
2.300991288217667741e+00
1.697367608602525557e+00
1.631067774163127204e+00
1.907044111159138966e+00
1.967260588590209913e+00
2.302306532042848630e+00
2.345158538832663009e+00
2.172421875466620023e+00
1.854243949005544678e+00
1.881652169214080850e+00
1.843948276090192628e+00
2.589108538681489158e+00
2.160135718745618938e+00
1.844450018849284723e+00
1.700273873683052273e+00
1.726353363689658638e+00
1.503071755597159775e+00
2.067371133027107177e+00
1.745071142843605205e+00
1.685542287898536218e+00
1.735406993067124759e+00
2.029110450032872492e+00
1.808494404665611732e+00
1.654937105585836399e+00
1.462285439252636099e+00
1.874664394977740844e+00
2.077415387999745899e+00
2.010982547601237957e+00
1.685779015199394770e+00
2.031236202829452164e+00
1.876963194736693374e+00
1.625303003647706745e+00
1.654034342655629430e+00
1.895263410495885870e+00
1.713017997541367965e+00
1.851527689722402670e+00
1.797528075153310256e+00
1.665384687198014468e+00
1.331155990194998306e+00
1.614848998054988050e+00
1.729910075422044002e+00
1.954253924876925952e+00
1.907704542825395144e+00
1.352674662676888184e+00
1.538125103742646660e+00
1.685384619994682032e+00
1.951849803645250292e+00
1.836529117875225658e+00
2.094988438344814519e+00
2.152895954758119679e+00
2.011047801021842218e+00
2.279796554359109884e+00
1.546609733145615007e+00
1.360762699967392519e+00
1.440101573284552794e+00
1.819182301546393932e+00
1.361428941747269805e+00
1.536876346125059412e+00
1.659475354230048216e+00
1.695967167478693360e+00
1.563714350015022569e+00
1.618434602258332466e+00
1.781310201216814937e+00
1.379614336704415800e+00
1.328882159264473728e+00
1.270646204270029056e+00
1.535423714304821496e+00
1.363585793881604502e+00
1.211175395426789425e+00
1.571459061349457897e+00
1.901771476697187824e+00
1.615579253375277746e+00
1.687395914731666613e+00
1.389216749292985664e+00
1.371104702928704899e+00
1.353331995957848699e+00
1.212216975089948523e+00
1.745415956114163780e+00
2.008684446547092772e+00
1.713872333011751570e+00
1.425847030930765147e+00
1.206218498233651681e+00
1.358169688734012226e+00
1.222078840164424918e+00
1.303347825968558915e+00
1.845331839165130106e+00
1.917166533294040409e+00
2.063614956675775769e+00
1.790448779031526216e+00
1.662438973863795910e+00
1.665995379065529525e+00
1.707767288579503884e+00
1.532388098624142270e+00
1.571174602791930219e+00
1.478981745730342467e+00
1.690136769009618734e+00
1.729515258656086463e+00
2.004832412261823293e+00
1.620737958110477495e+00
1.967490248998792657e+00
1.743650446984684965e+00
1.751946969414565958e+00
1.862802440482461908e+00
2.119497556844902153e+00
1.906923999486366483e+00
1.775378857619286821e+00
1.817538618916028970e+00
1.546766611403501690e+00
1.507501323755484401e+00
1.417013126215894481e+00
1.336929301977475948e+00
1.488427196192630975e+00
1.184232768394440027e+00
1.051668450184896519e+00
1.342627404882967390e+00
1.326599628203561254e+00
1.770127935441528466e+00
1.838893574879158610e+00
1.656287672149051149e+00
1.605689637145879090e+00
1.257921940918697468e+00
1.672402438794321045e+00
1.880905101713328698e+00
1.839778693397190912e+00
1.671760744083840455e+00
1.585780695500479176e+00
1.374298319448355343e+00
1.309649095311266942e+00
1.473765450972837954e+00
1.643660373082706405e+00
1.473907439053366852e+00
1.450145980177943272e+00
1.452480274609900590e+00
1.684051906334717019e+00
1.791898993828925146e+00
1.890703669079284666e+00
1.590163125567262803e+00
1.280051109298432133e+00
1.439286722000445717e+00
1.201611566619471994e+00
1.511399325850002029e+00
1.703619099396068481e+00
1.580600540100705498e+00
1.405287607939021743e+00
1.626110962784397262e+00
1.478655218249305348e+00
1.451387639050107259e+00
1.602657105682389505e+00
1.497638930129047363e+00
1.599360359359400352e+00
2.051726204254636254e+00
1.955664558251946961e+00
2.391011000971395184e+00
2.435472171700719279e+00
2.131865352406604686e+00
2.163472187580315786e+00
1.725641676828342019e+00
1.459996421335657324e+00
1.510422083530911230e+00
1.946299038523115588e+00
2.156374493215086563e+00
2.184783130952883567e+00
2.228021442730445667e+00
2.328524217866668078e+00
1.922159187727846774e+00
1.805028732896251986e+00
1.875796557779701335e+00
1.787309005698847431e+00
1.723380624051593646e+00
1.555861039608314123e+00
1.264826810107284594e+00
9.891819434475896955e-01
1.100240187831418748e+00
1.720111333392570829e+00
1.728992784304149710e+00
1.392092273300489680e+00
1.221500640594183285e+00
1.715694491845815906e+00
1.449774154347780231e+00
1.320664042829253537e+00
1.578236689600260201e+00
1.597729635641072399e+00
1.455020794578677723e+00
1.584971994821508190e+00
1.332465183918460472e+00
1.347498527561602044e+00
1.437391667424141373e+00
1.514515750710643482e+00
1.304971947427763457e+00
1.509368905973735631e+00
1.459781187365512212e+00
1.399588782879568782e+00
1.605356278155932293e+00
1.617310740705769412e+00
1.686046164413727233e+00
1.371110899174443620e+00
1.130080216585764630e+00
1.194607206237255914e+00
9.911133565253215094e-01
1.003995775436914428e+00
1.056536832163158079e+00
1.018238857852128865e+00
1.678533584445717652e+00
1.649012422289935831e+00
1.357809049857524819e+00
1.223677132070580598e+00
1.579942067445273768e+00
1.921152651215847884e+00
1.546455863170087541e+00
1.822453762010229461e+00
2.023110731735124901e+00
1.795968688689969284e+00
1.764152826351353731e+00
2.022334254206441528e+00
1.901000590112301047e+00
1.994672953936410753e+00
1.853949367879496712e+00
1.448829594001013188e+00
1.380202041553604930e+00
1.336216434297427647e+00
1.123388850240724546e+00
1.379445437312956546e+00
1.622882225791830058e+00
1.666491003869372101e+00
1.600748686684613675e+00
1.319530873319576081e+00
1.758746260302676889e+00
1.457268977467918836e+00
1.281785638441217401e+00
1.720999025740772126e+00
1.992343808165516705e+00
2.042691477825481883e+00
1.377203722320514023e+00
1.624773492485670268e+00
1.295531568555476021e+00
1.359966553687101509e+00
1.679611111919092181e+00
1.727327796785993019e+00
1.579866664419868449e+00
1.360483807967169056e+00
1.265014609292885783e+00
1.348717346934589223e+00
1.231242329557670878e+00
1.607174213122453343e+00
1.812899451419600627e+00
2.261460087427697996e+00
1.842372262928061222e+00
1.790570758327760359e+00
1.629760644487732169e+00
1.234819835873716132e+00
1.650747421944031679e+00
1.903598249395286546e+00
1.887037338691066823e+00
1.810562162593400970e+00
2.014022702460921632e+00
1.884895122387516331e+00
1.967631005481123019e+00
1.855740471201666075e+00
2.048099928592964414e+00
1.970113920529986018e+00
1.911299255371183836e+00
2.116285337305836123e+00
1.856184380927973665e+00
1.702817675023928778e+00
1.635103736763732662e+00
1.618597879405029083e+00
1.250712184681956662e+00
1.244078202429017566e+00
1.384066086891317493e+00
1.593854058324626344e+00
1.494417443351094832e+00
1.697056882670891387e+00
1.638710812890054713e+00
1.717797289956295659e+00
1.692744710085617221e+00
1.968684150015005407e+00
1.927056801089323201e+00
1.892072729450855695e+00
2.149829513627388611e+00
2.009665889820373419e+00
1.981191971235106042e+00
1.755559977890931656e+00
1.917963348743707996e+00
2.008855982415562735e+00
1.805623340070882765e+00
1.653056113205477518e+00
1.725527687077366146e+00
1.686236447440839115e+00
1.467034750119055930e+00
1.556355498347648414e+00
1.494452372848020349e+00
1.487042050099811608e+00
1.195619592042593604e+00
1.430580645669057072e+00
1.499498956242554470e+00
1.479955268323648543e+00
1.344583581414994899e+00
1.359032384896536882e+00
1.331702576845142261e+00
1.310692766329590198e+00
1.846816220531273700e+00
2.173143640519112907e+00
2.409865669557824219e+00
2.080573467492569328e+00
1.412300392420303474e+00
1.473121310588089594e+00
1.307589520218878976e+00
1.484256486273935804e+00
1.309606933625041547e+00
1.196958631486900515e+00
1.208621199410629288e+00
1.614103742942402775e+00
1.342128823454535214e+00
1.380358139817964069e+00
1.446160724855188207e+00
1.286366795135270413e+00
9.823079912877974440e-01
1.177872813110389272e+00
1.495492670579207761e+00
1.329168629349180009e+00
1.780520119514972244e+00
1.982472473921109257e+00
1.996966741291630543e+00
1.896305091179223412e+00
1.877417269004661327e+00
1.802977139142944329e+00
1.799288534605936185e+00
1.354550466854595570e+00
1.340252648027404181e+00
1.324879910778796077e+00
1.344586366845987868e+00
1.297379313493464359e+00
1.199471844290859401e+00
1.228230515521179678e+00
1.536378760090914675e+00
1.718530703570129603e+00
2.040225454666595439e+00
1.690196087682545034e+00
1.985452448793361802e+00
2.159353835416495837e+00
2.192208178327656576e+00
1.819673687012072438e+00
2.066929185861182017e+00
2.079374350819567230e+00
1.949136802267445789e+00
1.497805886300269229e+00
1.501051652099616218e+00
1.715675717171225578e+00
1.412204112477870366e+00
1.525910913613668152e+00
1.178588474074300008e+00
1.265200133143250305e+00
1.634098038718762913e+00
1.790875271402750046e+00
1.527315984875895261e+00
1.582006171035360786e+00
1.230860501662620399e+00
1.303039649773257480e+00
1.321417733412154627e+00
1.260314531782491310e+00
1.356379262800604835e+00
1.462779714840293233e+00
1.256640037855928149e+00
1.332532860674302988e+00
1.201095621761351318e+00
1.588990309242303667e+00
1.358182703997498741e+00
1.279886204427191254e+00
1.087899717508508113e+00
1.437855440693253772e+00
1.878459215620660316e+00
2.000759376022660074e+00
2.010877106238964540e+00
2.159209637967394624e+00
2.309590237728688322e+00
1.883292122891716325e+00
1.762857286589738726e+00
2.394915464973976338e+00
1.976445175799354192e+00
1.823739469060720486e+00
1.831779878333383627e+00
2.088757197396658771e+00
1.662574858892893026e+00
2.007145783938021566e+00
1.967647617491757872e+00
1.774450753286130666e+00
1.936319672048117058e+00
2.085093970168907518e+00
1.645130667800898339e+00
1.815434268920849581e+00
1.704117160232380801e+00
1.856532533682877961e+00
1.765185390681598854e+00
1.840505021201995994e+00
1.983834236147675956e+00
2.106464952820679581e+00
1.664557196718632559e+00
1.920291974384747080e+00
1.698156150652933905e+00
1.987164740889733938e+00
1.759772976270173261e+00
1.898385236040115220e+00
2.034902845075536870e+00
2.077150431415655252e+00
1.937804743986817346e+00
1.886606314600487444e+00
2.229064798494976074e+00
2.488263841891853900e+00
2.104553463257084811e+00
2.162486143495729873e+00
2.019264709851725126e+00
1.950651239541163484e+00
2.382995352500523190e+00
1.955086694469555741e+00
1.972458164645527035e+00
2.055395103948036262e+00
2.374003779540226233e+00
2.021067372679767882e+00
2.134735020229228564e+00
1.958461613048064764e+00
1.883844746549391047e+00
1.823952662028163418e+00
1.942949083945946231e+00
1.791340971874649135e+00
1.716336806650607061e+00
1.616701889048193452e+00
1.802492784482129018e+00
1.419309613686980942e+00
1.445902913386124533e+00
1.444975991936565451e+00
1.552476917613625051e+00
1.720695183956642893e+00
1.763156891226683731e+00
1.519821300210526305e+00
1.919713120055878797e+00
1.574831537604954868e+00
1.239326856295337898e+00
1.284672669519228760e+00
1.278496087047708674e+00
1.535778454314805863e+00
1.580007472420255965e+00
1.572481589372767941e+00
1.561335236383649905e+00
1.631499722631749805e+00
1.827958116662828703e+00
2.134082701356121436e+00
2.117198966526273818e+00
2.066383460733988375e+00
1.989824523673434875e+00
2.038327227529066477e+00
1.838305749355320318e+00
1.724143599634232693e+00
1.183589004331000449e+00
1.119055054098894830e+00
1.066819191529856381e+00
1.244600614521659931e+00
1.158303337968592528e+00
1.460977380976598683e+00
1.843766078104889905e+00
1.606460016273322244e+00
1.962681243637359962e+00
1.301610237344293264e+00
1.549305360718018720e+00
1.996239181350558001e+00
1.700607950716067185e+00
1.489765669905615653e+00
1.604190082102684434e+00
1.243081585432210812e+00
1.415474553340276609e+00
1.518357903562016276e+00
1.613416680143529902e+00
2.013862224884681584e+00
1.927609346075149777e+00
1.952191764721218803e+00
1.734673730020919180e+00
1.668801939483767205e+00
1.982954948971762832e+00
2.125213222970104177e+00
1.938303820857264714e+00
1.218069462280504167e+00
1.658158351419325882e+00
1.716745790455436627e+00
1.575935107398751311e+00
1.401662176789700176e+00
1.697935245930797921e+00
1.670090467241441390e+00
1.402661013115257704e+00
1.940438506837801613e+00
1.410756859161130805e+00
1.771149510498225998e+00
1.932479387738232468e+00
1.718641259301413760e+00
1.789711821959321769e+00
1.799737222760165345e+00
2.459263198662355432e+00
1.917796411293943626e+00
1.968893617751834135e+00
1.709601316130327620e+00
1.862318954141826133e+00
1.703138003237768094e+00
1.527298062964654202e+00
1.827430124670455402e+00
1.710812134547169627e+00
1.799306950431792673e+00
1.831803180099140338e+00
1.915032842491499965e+00
1.924821586128119044e+00
1.809193415350595080e+00
1.642448906880314086e+00
1.531997507644295542e+00
1.607795023586275907e+00
1.721506983408916724e+00
1.660299726052116842e+00
1.752070441121746924e+00
1.556015291117917698e+00
1.592014610733872182e+00
1.353374564889817888e+00
1.198380252653462819e+00
1.347144542196037076e+00
1.311542499909055692e+00
1.524475961320247652e+00
1.294237749816013361e+00
1.214363860070276857e+00
1.639495115204024689e+00
1.757785710299997195e+00
1.868332566638308156e+00
1.557143402952196665e+00
1.281064299355626712e+00
1.569029175732376880e+00
2.107389051672418301e+00
1.907858787207678652e+00
1.999109106047812112e+00
2.025130413402689733e+00
1.591578584212331560e+00
1.528192954949781690e+00
1.668496999525783897e+00
1.594909604313843321e+00
1.582332345978876731e+00
1.303949367069290544e+00
1.068238817940362573e+00
9.854944557619726986e-01
1.335070036675813476e+00
1.383180583230947169e+00
1.189472774477058570e+00
1.190232911756399226e+00
1.518041495413102959e+00
1.320071293156002357e+00
1.137602830519247821e+00
1.415119846778571722e+00
1.795174468455424943e+00
1.996433958189894220e+00
1.583752939545526539e+00
1.906343856641710577e+00
1.736941674196897711e+00
1.881163586356381145e+00
1.663831064246228841e+00
1.580938227185339384e+00
1.557734918330951901e+00
1.501002245109166466e+00
1.345644169599043538e+00
1.617227388812783717e+00
1.729335593954075323e+00
1.707896548923048208e+00
1.754378896576008096e+00
1.387716752096758599e+00
1.306255116910811864e+00
1.211392819634209195e+00
1.513117149199880052e+00
1.663016674667813888e+00
1.795285201467075709e+00
1.656340039708266820e+00
2.041706556762745262e+00
2.453340034261430436e+00
2.408755906333785113e+00
2.088228364147664884e+00
1.917043997364585195e+00
2.024188509873519504e+00
1.818157689899597473e+00
1.845534148988275946e+00
1.902415735251693718e+00
1.778113884017607838e+00
1.574900269887113069e+00
1.942554752855823796e+00
2.003787948849964362e+00
2.311650324407457102e+00
2.157814225123269480e+00
1.634110587049748098e+00
1.699561673169226017e+00
1.937308409215336091e+00
1.407706644402373364e+00
1.668051223754084322e+00
1.683080266433032879e+00
1.440202340026467409e+00
2.182558037416884034e+00
1.893997339429574156e+00
1.707228739102804260e+00
1.937308982018045356e+00
2.183337346589127037e+00
1.716387281113946006e+00
1.565423260957960805e+00
1.770626016474639686e+00
1.856112272725777279e+00
1.573700934731453671e+00
1.682907558124234315e+00
1.741856250536401918e+00
2.050530900499927256e+00
1.777809585879126519e+00
2.134383922688588786e+00
2.180472190609864747e+00
2.224280579025851967e+00
1.952112156127828957e+00
1.938342599487287377e+00
1.722234315375748004e+00
1.916001882813363366e+00
1.822471716732849689e+00
1.833125492978937121e+00
1.714150115838656951e+00
2.011226408355183626e+00
2.212122146253143296e+00
2.185317606362070730e+00
2.236555534283128477e+00
2.104432404048544480e+00
1.635515303995429992e+00
2.024057918428146863e+00
1.999438781908901674e+00
2.108599586016988603e+00
2.556393054700470735e+00
2.141376607286079370e+00
2.306039682919521550e+00
2.321295276334887081e+00
2.139672966127767584e+00
1.782044228814024578e+00
1.479350888503844885e+00
1.232577153641257306e+00
1.680627052972304414e+00
1.631722613004180644e+00
1.685963624595792076e+00
1.523526500898348512e+00
1.732538330367363599e+00
1.266203159075543816e+00
1.145009636057872981e+00
1.417261437025371107e+00
1.889549285813016288e+00
2.182793430694471848e+00
1.662721021169582869e+00
1.593806472306754429e+00
1.344826404746948256e+00
1.243871926072541489e+00
1.308556149531520330e+00
1.234032274239562632e+00
1.403338184423405854e+00
1.100371293451539501e+00
1.383170024080719429e+00
1.867744872105181031e+00
1.759939037366478720e+00
1.611192113464353204e+00
1.413915387560481740e+00
1.334190666362494504e+00
1.457565291354738335e+00
1.227752121231197702e+00
1.407492647397998509e+00
1.432786122326702438e+00
1.451775555380881322e+00
1.262462050816622439e+00
1.365344450892052697e+00
1.184561161909331917e+00
1.340718061983952936e+00
1.329622775532885992e+00
1.534455596437568126e+00
1.477481262207619439e+00
1.699639405859010299e+00
1.795278510721897591e+00
1.897068187247088478e+00
1.664375866331348153e+00
1.526679424940740049e+00
1.758853164170341543e+00
1.486192983358564534e+00
1.453052568655561316e+00
1.444744608186520951e+00
1.325535561030488640e+00
1.470457782688740167e+00
1.483760154663430697e+00
1.637842948850043445e+00
1.719776301925669770e+00
1.501683573740797639e+00
1.497613161529399495e+00
1.475132066399672537e+00
1.825493434051564057e+00
1.825865696107513703e+00
1.217159532645770703e+00
1.314507161664638213e+00
1.642590015121546232e+00
1.646842222491826213e+00
1.530961761772946961e+00
1.628592063106059307e+00
1.567277189268143855e+00
1.491142365223720345e+00
1.453285245206673126e+00
1.365458034236567419e+00
1.248910007828118118e+00
1.609313885149878942e+00
1.660897038688082139e+00
2.014600229915538776e+00
1.911141395649875507e+00
1.800350270141309439e+00
1.681737771020419103e+00
1.533557822254779879e+00
1.540369124341421703e+00
1.330471242565902212e+00
1.428842682535703235e+00
1.276950229873995868e+00
1.353938351464834655e+00
1.733238750886203938e+00
1.630194376379486831e+00
1.645326905353360791e+00
1.590862770113183444e+00
1.180507127753128493e+00
1.624692923071372253e+00
1.762480209297358158e+00
1.722624407307444372e+00
1.508312268534197642e+00
1.926729510828083081e+00
1.991607731475452114e+00
1.939092020920179182e+00
2.436684565890845811e+00
2.196886753913606327e+00
1.958288626904373775e+00
1.875486321009752322e+00
2.267795720170625806e+00
2.522461718138083064e+00
2.469388141213880505e+00
2.098217344879427682e+00
2.162229508141876089e+00
2.354488186108402825e+00
2.226908011577751978e+00
2.311581628812174660e+00
2.172798116384384581e+00
2.491587698457091271e+00
2.478702753164469641e+00
2.467133303322089688e+00
2.494781834862711101e+00
2.069105706062427164e+00
2.071282361589298571e+00
2.086293156365969015e+00
1.780892523175934716e+00
2.025387729760451894e+00
1.654360250399581789e+00
1.610812841264149142e+00
2.095564006446740901e+00
2.411310205187553013e+00
2.191170255558299029e+00
2.554784580967898400e+00
2.404287899107895310e+00
2.460675035059150861e+00
2.656684207334802483e+00
2.605382656413356202e+00
2.292754911815127361e+00
2.004618068400004116e+00
1.913092713205565065e+00
1.915451430897511020e+00
1.961740836160563717e+00
1.878941257657348318e+00
2.368145842420710245e+00
2.111073656960307687e+00
2.010738529564164878e+00
1.998923247684704751e+00
1.992359866364979526e+00
2.027661173171377396e+00
1.879726027644870401e+00
1.727273381683321674e+00
1.630883147615960427e+00
1.455741974238501157e+00
1.675018772395103328e+00
1.538940204804249312e+00
1.823567636050943852e+00
1.846311211946901842e+00
2.203212975091206172e+00
2.302981071883686059e+00
2.241859842324225749e+00
2.014251132127184984e+00
2.132463133137586730e+00
2.067383772621644855e+00
1.828128452877283650e+00
1.962371360173150059e+00
1.577229779624493844e+00
1.482592373566062216e+00
1.934636619764818377e+00
1.860173116439674423e+00
1.632718719417892039e+00
1.697108996294478533e+00
1.755946310171535352e+00
1.988845767719060520e+00
1.847340483045192050e+00
2.354756870521967027e+00
2.432629672211313210e+00
2.032644578091918675e+00
2.040374627894495863e+00
1.625731984396378893e+00
1.753812159656274350e+00
1.744720410407710975e+00
1.413712197043469621e+00
1.904134214195218000e+00
2.043905292118259442e+00
1.818567156877763047e+00
1.583425740952908001e+00
1.862009424842768768e+00
1.699025444464726142e+00
1.962915309508705519e+00
1.846446075029198219e+00
2.113489628872073478e+00
2.034972333162659464e+00
1.797046385386686040e+00
1.869390082875313830e+00
1.826485714508502944e+00
1.896913828302114524e+00
1.463971022078680129e+00
1.193514563239090220e+00
1.200998360080140825e+00
1.155869887147761510e+00
1.186109624462097001e+00
1.096893903611654286e+00
1.521267838673312056e+00
1.340872254513728157e+00
1.054914350250511390e+00
8.992336569693896164e-01
1.261841802987772487e+00
1.436775059850396774e+00
1.423186839480881982e+00
1.821403985947696036e+00
1.732284680133157728e+00
1.693515097144871362e+00
1.724698804946240616e+00
1.887212616094664286e+00
1.548756848383552764e+00
1.285500643874841975e+00
1.179097533988795243e+00
1.371692956890116832e+00
1.624991315617844156e+00
1.540399726678247871e+00
1.344048413718010204e+00
1.141236390627403452e+00
1.318620339139185083e+00
1.558143360176970083e+00
1.475735478236875897e+00
1.709849109641804477e+00
1.319759956197750439e+00
1.139148530412634086e+00
1.111524121478927762e+00
1.178066409094660871e+00
1.023754927533627734e+00
1.176865482376008742e+00
1.245968812980172702e+00
1.366725885472260593e+00
1.529209833325607892e+00
1.686801941063576171e+00
1.840836267629539336e+00
1.505486143151830269e+00
1.395960657291032803e+00
1.419687024521683050e+00
1.363846712923379556e+00
1.195880120210172093e+00
1.305816307486916239e+00
1.407455003038421637e+00
1.311008799986665085e+00
1.586077137126008951e+00
1.545050186848254459e+00
1.823650216362691090e+00
1.759304214431009150e+00
1.908392694329758887e+00
1.493336403186659167e+00
1.386406857022253192e+00
1.255489765775689825e+00
1.300391397771061053e+00
1.389453628493088289e+00
1.160896708328714722e+00
1.128145093776229402e+00
1.095275960952694083e+00
1.404743640014074701e+00
1.676062410462748620e+00
2.051456855626064613e+00
1.661507989200733837e+00
2.168235926455893026e+00
1.774524555611477483e+00
1.770136481119746197e+00
1.769881432276600108e+00
1.877803369842634185e+00
1.358585607693044262e+00
1.522444813697730881e+00
1.648178316690793288e+00
1.270611912957298806e+00
1.260828424740042086e+00
1.445644936731038444e+00
1.373567219658432981e+00
1.423030682391063007e+00
1.472248891900447720e+00
1.629287113487005279e+00
1.791367751945836195e+00
1.838461930582377057e+00
1.901188549909603287e+00
2.109003020016457786e+00
1.789384056910025667e+00
1.884970669585549263e+00
1.676562890069801970e+00
2.122947914384620383e+00
2.089041960014723198e+00
1.315771473223271260e+00
1.589160198819688397e+00
1.669881552721631524e+00
1.685453011343123864e+00
1.552258363246812323e+00
1.610201964301573030e+00
1.443163800284246845e+00
1.782767974292083002e+00
1.946935133249790173e+00
1.896515698886281021e+00
1.852410054279054252e+00
1.617237289010306389e+00
1.579132991231200878e+00
2.092076424034553295e+00
2.265313281337643314e+00
2.266136255355646778e+00
2.212200739804288663e+00
2.124707403360490243e+00
1.568327494908957620e+00
1.217153522830393131e+00
1.331438381059182774e+00
1.299006523660399592e+00
1.596777731558865820e+00
1.492579290535445136e+00
1.498003084471479340e+00
1.238832538137469852e+00
1.428189366674398109e+00
1.857122526146120611e+00
1.580636296714967415e+00
1.647123475863163211e+00
2.369467445254772375e+00
2.018491705963751492e+00
2.020788566176320522e+00
1.503115911466041732e+00
1.740959771702572656e+00
2.071579373178639827e+00
1.889611684671095748e+00
1.770092375776146643e+00
2.176159018827497516e+00
2.291493503035453738e+00
2.190035122791250455e+00
1.794718331046121440e+00
1.535255873291454520e+00
1.755684311139974696e+00
1.456616389546854462e+00
1.398926201876436570e+00
1.224554868006850539e+00
1.461351839340737646e+00
1.317739132433655813e+00
1.371589694035296958e+00
1.582712086799607398e+00
1.618288653056690229e+00
1.615744322528541277e+00
1.758841716741902816e+00
1.248409421812795017e+00
1.287932308341853238e+00
1.554706874714642861e+00
2.012195200425570984e+00
1.836752637993860127e+00
1.816835049612606667e+00
1.523588118495696975e+00
1.634294416486728130e+00
1.793038343808945445e+00
1.857630694103195257e+00
1.816185143524776890e+00
1.705545733616103066e+00
1.890764395126922182e+00
1.743209376952292944e+00
2.134679380014175010e+00
2.234723994119125035e+00
1.701042333313068200e+00
1.866179329118344388e+00
1.500324126701143346e+00
1.406645840677384518e+00
1.704871299904946014e+00
1.392984469899267719e+00
1.665129242536658616e+00
1.948506416185044943e+00
1.823895346807496765e+00
1.857351976455957399e+00
1.514937720590301184e+00
1.569954479830234506e+00
1.589898793755993855e+00
1.246330124593680644e+00
1.454062436523501534e+00
1.519093919898937939e+00
1.435939582395701519e+00
1.265468988159084152e+00
1.339291137461287917e+00
1.495848370212051748e+00
1.508905335645393420e+00
1.145909947389576855e+00
1.148139728332870257e+00
1.420545203957933156e+00
1.167965951061985752e+00
1.437014313566824297e+00
1.350322629933165430e+00
1.352681955535242508e+00
1.445262706266043029e+00
1.276893558115722360e+00
1.455248967148823347e+00
1.529692652292319544e+00
1.752077639039476553e+00
1.813833383914882580e+00
1.446270093422051595e+00
1.762833662938090074e+00
1.957310428037627226e+00
1.898844969813326067e+00
1.569617693451988316e+00
1.390187425267414456e+00
1.348999569641398111e+00
1.342714524913672491e+00
1.266418523570502996e+00
1.028138217240303298e+00
1.146257071065311939e+00
1.338231731086427345e+00
1.170271387681363739e+00
1.259834020287521117e+00
1.099075054471472024e+00
1.566677877186947621e+00
1.487903670879251239e+00
1.576224242863713876e+00
1.185335139512522007e+00
1.384966609521963932e+00
1.728958486562980346e+00
1.389896068693354136e+00
1.442207102703022104e+00
1.748648641992683217e+00
1.412905505321946364e+00
1.651313742715313726e+00
1.555145285037837555e+00
1.431929306661284151e+00
1.164454877052407911e+00
1.365293336060911189e+00
1.256594046139232645e+00
1.126618983719248623e+00
1.400960548344627465e+00
1.636152317711890181e+00
1.600102041547197151e+00
1.574987631355291073e+00
1.473760355779472953e+00
1.699421165149990420e+00
1.612138335166861669e+00
1.424128123536470003e+00
1.453160095372192373e+00
1.143333483802678074e+00
1.303268855562137896e+00
1.580767327424309920e+00
1.284282846474526396e+00
1.295034560182912742e+00
1.070064008119711030e+00
1.426458562062846269e+00
1.780734680242623824e+00
1.783683611764051768e+00
1.965222885352488902e+00
1.797361062942982146e+00
1.808935783348887272e+00
1.589036466075008702e+00
1.936259211084485843e+00
2.153182513664270825e+00
2.138054611581903242e+00
1.809143079322801384e+00
1.474655358823558915e+00
1.670017091123778830e+00
1.236662813839211505e+00
1.186833083153410406e+00
1.492749399745605166e+00
1.346217921788395167e+00
1.463615897167170665e+00
1.529557467867354692e+00
1.353534800794470527e+00
1.338134793180086879e+00
1.335260085493849003e+00
1.500580218634752327e+00
1.862534486521999044e+00
2.171992255368806024e+00
1.996560303218907650e+00
2.156350113492392584e+00
1.815593958156112908e+00
1.803402115462668709e+00
2.000035220158661087e+00
1.729033361676101777e+00
1.939576641902190035e+00
2.003915687628592401e+00
1.608700214905953274e+00
1.560665116432440325e+00
1.717315502887531542e+00
1.684647427831553301e+00
1.985371393863654355e+00
1.964716855506129622e+00
2.010082156828920219e+00
1.726417193574389275e+00
1.930909984836598925e+00
1.756588737835746317e+00
1.481538772582592367e+00
1.716385684999461425e+00
1.954922509852046408e+00
1.775914658848454897e+00
1.682955914382096685e+00
1.418905636906718559e+00
1.410271386603753951e+00
1.489091255178392803e+00
1.391353876758290031e+00
1.190148390265798772e+00
1.519276792476916826e+00
1.384871686317071360e+00
1.501859345492354114e+00
1.290115554653880281e+00
1.336353667786135846e+00
1.494199605196317338e+00
1.387282003514563655e+00
1.459489229472818117e+00
1.405777137229191620e+00
1.275717908740810147e+00
1.472895207500449999e+00
1.562282936181690118e+00
1.326452797859841271e+00
1.383939225538104667e+00
1.210209337154117826e+00
1.328862160640310375e+00
1.528163177560545316e+00
1.687073582027965646e+00
1.359834481201948719e+00
1.719055199544859525e+00
2.076921898688776746e+00
1.949105039772589976e+00
2.113167891447840230e+00
2.060056475743444970e+00
2.018841963930109618e+00
1.626410518241707015e+00
1.981533342182994595e+00
1.416991990509815613e+00
1.269105803713999059e+00
1.201411303589480006e+00
1.268393389336110566e+00
1.413229136975628686e+00
1.417855826689442100e+00
1.349978601067099326e+00
1.209972885799267539e+00
1.456719633029862404e+00
1.287988395701932465e+00
1.205481096944644781e+00
1.269207541656534710e+00
1.109224822247198539e+00
9.930332459423889535e-01
1.068205262413000955e+00
1.245896846770722100e+00
1.239885546624156731e+00
1.248865562179934274e+00
1.251884073641664763e+00
1.152732760250344768e+00
1.284673020529218057e+00
1.387301384342981336e+00
1.226990120937222928e+00
1.449941373426229418e+00
1.876887143477780517e+00
1.603151086103822509e+00
1.761069931626520146e+00
1.489041000319541119e+00
1.459068554359758352e+00
1.500651801425853415e+00
1.281953425101242994e+00
1.563108974974294574e+00
1.240417552577830484e+00
1.494268575782516706e+00
1.654778848980148709e+00
1.849995042953547886e+00
1.584525813892118329e+00
1.342074431939337176e+00
1.361592214923850630e+00
1.499957243184777411e+00
1.539172349310289789e+00
1.483311615206810208e+00
1.514423743712217885e+00
1.549558562667304740e+00
1.329393604752046043e+00
1.290125818012070491e+00
1.727333427134204236e+00
1.816317128060890740e+00
1.984216647789986965e+00
2.089297026994763939e+00
1.840447846512585528e+00
1.877242330861844666e+00
2.105535736838510807e+00
1.804876600539619735e+00
1.794968642976535467e+00
1.731597964193486439e+00
1.386612277208083333e+00
1.436340491010675624e+00
1.077728541959367847e+00
1.199194845229038853e+00
1.401028123543649473e+00
1.182594690649806601e+00
1.406543193013304993e+00
1.404701442565212233e+00
1.297982074216933013e+00
1.543123882069437292e+00
1.670091042870557096e+00
1.490997334273602704e+00
1.711675370820661790e+00
1.544571903647821154e+00
1.614581396911323630e+00
1.670784327100986122e+00
1.956039147348461071e+00
1.809196880585141276e+00
2.118060044494563421e+00
1.963201324972106754e+00
1.637139098701922535e+00
2.140552992366997920e+00
2.100643852374001419e+00
1.851178044946502288e+00
1.834826782027435321e+00
1.622112921589856205e+00
1.454222009836424689e+00
1.712896725609710291e+00
2.000155553557001031e+00
2.182210053481959289e+00
1.964382406022723515e+00
1.994243041864365074e+00
1.825861512986023172e+00
1.887782190359980294e+00
1.883757807800153117e+00
1.966548099471788325e+00
1.869479023370228310e+00
1.959182804980202697e+00
1.751362145435127804e+00
1.774194033027941320e+00
1.793464283386068336e+00
1.819420886852459063e+00
2.131494275624313151e+00
2.222308514658735579e+00
2.069029728484235608e+00
2.020990082588271619e+00
1.828552443281996620e+00
1.671059686817244261e+00
1.900964938293856932e+00
1.752473768996930081e+00
1.636595252187594829e+00
1.819801663128366442e+00
1.585414325721266060e+00
1.524974148768511339e+00
1.548114680212956173e+00
1.549134607172923950e+00
1.782451626410197720e+00
1.622640767639395243e+00
1.315576025867569054e+00
1.393434889765045037e+00
1.679454032134812813e+00
1.805054283805563875e+00
1.462433734709431388e+00
1.867428937275122713e+00
1.642091526490023545e+00
1.945340965438763225e+00
1.931245937726227657e+00
1.986491399476200348e+00
2.217473794347934124e+00
1.981944414791830145e+00
2.356108104032506034e+00
2.022903703944741505e+00
1.623069952404172511e+00
1.760403333170259543e+00
1.586634585246408546e+00
2.091213350341406763e+00
1.658601375068278871e+00
1.654039571027078326e+00
1.742971453568055384e+00
1.689471631176610478e+00
1.429579663494772390e+00
1.326107913215690992e+00
1.251908342461894641e+00
1.104952724593337932e+00
1.321522615950530444e+00
1.303778148040136031e+00
1.492992834612980602e+00
1.426276758679926315e+00
1.674475612980305561e+00
1.493848915299582414e+00
1.703288709090680086e+00
1.949941693973012313e+00
1.636306211538179900e+00
1.618698832170584412e+00
1.754081508212755214e+00
1.366141001685465373e+00
1.421496428259539258e+00
1.594230119958427672e+00
1.472542491936863485e+00
1.929265705225986061e+00
1.799379014347725958e+00
1.688015840288594083e+00
1.448515213309934380e+00
1.674976028874528344e+00
1.935368899092105854e+00
1.459486319280634881e+00
1.524118262345131036e+00
1.842462117870484084e+00
1.732004318959062150e+00
1.609803853554218511e+00
1.644401598507659434e+00
2.329546639076829795e+00
2.010916628772615677e+00
1.997003356829194054e+00
1.862107548624253539e+00
2.078875629974044958e+00
2.679362332206691288e+00
2.390661672668666693e+00
2.358146595211767504e+00
1.696854286283195457e+00
1.747462400391268433e+00
1.672033380671919423e+00
2.069193135384043369e+00
1.959560647700555380e+00
2.017818510037245883e+00
1.782998711750701792e+00
2.194141598181937880e+00
1.755689862680973379e+00
1.512794214788619751e+00
1.432264231147740041e+00
1.897971719620406006e+00
1.587545817316052599e+00
1.690715799296504729e+00
1.664891616821587039e+00
1.739395608610448507e+00
1.701284215512592457e+00
1.715728139849006517e+00
2.152136836429581646e+00
1.833294532727196557e+00
1.896752325016525909e+00
1.628406407951040080e+00
1.531871361034018220e+00
1.496941704905556669e+00
1.269775505447633179e+00
1.819956632743792824e+00
1.645168780480708026e+00
1.492975829464729509e+00
1.291996319966232099e+00
1.307506775516498632e+00
1.639619437134546720e+00
1.337947255529317259e+00
1.409178128215031744e+00
1.629491457443789093e+00
1.824436810107913365e+00
1.464159833641023312e+00
1.345981942071349913e+00
1.310537497373999827e+00
1.391288675069255021e+00
1.510050399623992456e+00
1.699860695459018745e+00
1.754594419389696514e+00
1.674785848067442906e+00
1.514562547679528137e+00
1.914602395864728912e+00
1.766597959477024027e+00
1.675677881255761115e+00
1.920529821890488265e+00
1.664439344168233692e+00
1.386396106391409866e+00
1.436242656603427426e+00
1.226570403733957093e+00
1.276058840506156367e+00
1.605235423984199050e+00
1.437671186596415351e+00
1.344876055994225439e+00
1.635610109263547107e+00
1.597526879743074835e+00
1.320869118256598362e+00
1.555180625050644583e+00
1.321480442268663680e+00
1.614430005194749995e+00
1.455514696790627616e+00
1.704224986709530487e+00
1.653758632274843876e+00
1.810959766189602860e+00
1.826724302572212189e+00
2.122530654557945873e+00
2.011088740192102708e+00
1.545856930001760388e+00
1.911145292442655519e+00
1.619921315665748374e+00
1.658340718783816392e+00
2.075242056589217121e+00
1.965603063053664279e+00
1.739800062804333525e+00
1.974089955569639177e+00
1.812133601185358600e+00
1.673760563376623711e+00
1.048859548710899148e+00
1.401640869758509211e+00
1.489505228799536951e+00
1.362870992608091747e+00
1.225672940729280125e+00
1.156874183060762951e+00
1.309470675071943813e+00
1.275817494382810002e+00
1.278452237380993672e+00
1.210562599372272397e+00
1.072541968879770602e+00
1.176756450714626423e+00
1.087259699703934990e+00
1.118644929640128849e+00
1.394380027655893528e+00
1.353341538451686921e+00
1.430818730398579097e+00
1.146289310204251066e+00
2.140933085114558931e+00
2.009809830344733594e+00
1.762156515434337267e+00
1.926392829637814330e+00
1.549791759321401008e+00
1.049045118534810195e+00
1.119626619485365460e+00
1.152536791282045003e+00
1.011619228415578720e+00
1.082484354140461624e+00
1.146166021309016569e+00
1.473759196364771595e+00
1.495625281816375107e+00
1.336906885206250450e+00
1.447225288834140144e+00
1.668843708634972334e+00
1.611016533480125634e+00
1.692254384923861155e+00
1.757827031802378093e+00
1.681573244159249247e+00
1.983293893468209834e+00
2.180513395387607911e+00
2.065608731155665900e+00
1.823098914830635797e+00
1.560737746481685617e+00
1.802725333486377979e+00
1.770480357999409282e+00
1.971922142588136140e+00
1.905062812243642600e+00
1.851754132349635373e+00
1.710650629446297977e+00
1.924435800241349304e+00
2.112255135550954677e+00
2.673093378527942043e+00
2.299796455066986489e+00
2.339478313684583810e+00
1.339109517493814794e+00
1.341114344361600930e+00
1.443090580421201974e+00
1.460730627539867044e+00
1.643727526621494128e+00
1.700425724229168045e+00
1.315410940972286724e+00
1.727400678577087012e+00
1.869053891562832748e+00
1.843104084525895692e+00
1.739997372525818209e+00
1.701087493648815396e+00
1.140269497503831220e+00
1.227688385131177284e+00
1.089549726582226707e+00
1.469652829249102899e+00
1.878908778250287570e+00
1.742886369100497213e+00
1.901556753510822872e+00
1.897412926059219407e+00
1.685884432488410800e+00
1.546281486138766148e+00
1.644639860863475578e+00
1.519228510915906494e+00
1.487350911985901414e+00
1.550600365180003770e+00
1.326488773230907192e+00
1.119322635105773456e+00
1.251630974287010201e+00
1.490688223754258690e+00
1.577390338114390111e+00
1.283068198734837129e+00
1.750784626313939718e+00
2.078173649028614456e+00
1.820641145422841056e+00
1.650569852551008410e+00
1.882500972885815971e+00
1.510123684799450361e+00
1.765793399983481837e+00
1.774710899724303292e+00
1.871757753197520913e+00
1.716107737690752977e+00
1.597580086232275765e+00
1.791108620772688731e+00
1.603925533527654324e+00
1.635472518691486243e+00
1.368946709427029784e+00
1.390999162244368703e+00
1.303606868571801414e+00
1.308658433386856279e+00
1.149977265637712298e+00
1.435966339517571244e+00
1.225973834330995826e+00
1.636458434184039135e+00
1.559287736863826268e+00
1.513884018444989321e+00
1.263755462838870303e+00
1.556573419419239546e+00
1.704771313450633929e+00
1.805007432480349783e+00
1.662633766376651723e+00
1.605068181022894613e+00
1.759806059522916577e+00
1.921477910899724195e+00
1.780174787135710979e+00
1.778671395032896729e+00
1.727468701197299783e+00
1.601510555806013203e+00
1.492530681991694141e+00
1.632101990115983448e+00
1.479822400987025333e+00
1.342477816650291089e+00
1.443488015562094162e+00
1.334912676806744081e+00
1.231346051927197038e+00
1.369074405446641052e+00
1.508829600031374341e+00
1.385667910726256169e+00
1.372888374870584904e+00
1.445262263153076043e+00
1.597406353892920849e+00
1.350978934220827155e+00
1.521761771716790612e+00
1.386875224119124894e+00
1.352558351604245201e+00
1.550347595650902743e+00
1.376598727551717749e+00
1.533904283475211683e+00
1.550238583361421618e+00
1.440057931095851451e+00
1.287715460139952528e+00
1.300605773356063644e+00
1.323986663915431627e+00
1.550997726282121736e+00
1.837547329578090416e+00
1.638275668452294997e+00
1.549411296884445566e+00
1.404553244939435785e+00
1.279257625677695298e+00
1.427542705837383741e+00
1.538429764646615405e+00
1.403671248276944894e+00
1.283241417807736262e+00
1.329655557270362554e+00
1.449724462788000823e+00
1.510579789397884509e+00
1.509866189413693327e+00
1.453028104327955372e+00
1.746798805903041263e+00
1.578594904693153778e+00
1.580684287051715708e+00
1.587109020403221216e+00
1.302768264136745735e+00
1.299644918918083869e+00
1.310095887388887270e+00
1.331556435530045990e+00
1.570981631021288294e+00
1.212108069127645127e+00
1.603334037902522269e+00
1.600450897844474474e+00
1.657066551141443966e+00
1.555046509775774854e+00
1.903909820615065529e+00
2.013163869937104611e+00
1.970634107376940669e+00
1.877959355464265290e+00
1.327688281297801698e+00
1.134793845155332326e+00
1.311883240875126422e+00
1.513925720114201567e+00
1.564871813332086026e+00
1.622919133971105543e+00
1.704241863157221815e+00
1.728570468372573998e+00
1.669022564120768326e+00
1.441520580830771170e+00
1.592072631547484463e+00
1.686253880614994705e+00
1.653339743226730718e+00
2.087631346850593150e+00
2.261056811737844452e+00
2.239200174553652278e+00
1.625569526875338289e+00
1.743706099847577295e+00
2.244161209043677108e+00
1.988854892289504184e+00
1.894782703826966674e+00
1.986018603330183430e+00
1.938217357170053390e+00
2.118881734154729912e+00
1.801557020485236693e+00
1.838336526360639711e+00
1.800778507849347676e+00
1.812512983487065910e+00
1.701201898644203014e+00
1.982932454109050502e+00
2.164894199713233380e+00
1.906655816004431792e+00
1.763555046703748630e+00
2.377989822974748257e+00
2.031390627034121543e+00
1.809073312252021060e+00
2.015281893588160678e+00
2.046346501917204019e+00
2.333339938135917890e+00
2.385866156881312428e+00
1.942942968479995702e+00
1.666228132079012214e+00
1.441189613591753016e+00
1.632472112934589603e+00
1.743070078526777866e+00
1.725867382538706751e+00
1.638750384404288774e+00
1.479921304940226889e+00
1.568023622175770848e+00
1.722138085282178599e+00
1.351184843718729267e+00
1.610622331774840932e+00
1.494984638510581609e+00
1.518439678889191624e+00
1.346760996683237899e+00
1.247368317057218734e+00
1.308313816209624170e+00
1.453621726063301534e+00
1.755734362530790627e+00
1.763028927406200985e+00
1.736780632900414068e+00
1.966216881817829165e+00
1.715470817661193026e+00
1.572453152364761131e+00
1.435376052643924760e+00
1.800409895893107848e+00
1.696442837291301409e+00
1.867663758658612894e+00
2.195090982224785048e+00
2.130420650079002609e+00
2.291573310795899321e+00
2.192532573341851698e+00
2.193330632199866681e+00
2.083730284213665129e+00
2.196449901278507255e+00
2.181052653974794975e+00
2.173166290735759620e+00
1.804593253589539037e+00
1.849630215214614459e+00
1.590172489892885510e+00
1.779614677093691144e+00
1.332779345565419771e+00
1.509462688129421748e+00
1.740040743972705917e+00
1.478038927515687107e+00
1.940329760787394608e+00
1.760049502268119515e+00
1.687783102019221104e+00
1.454800648282115638e+00
1.773451211665796778e+00
1.756892182599671504e+00
1.722156444497491723e+00
1.953866825688890474e+00
1.494974653760603900e+00
1.517113143049690027e+00
1.451917744588832049e+00
1.817442967993902592e+00
2.065472445833465454e+00
2.009894029489933232e+00
2.050050441055803585e+00
1.808038794384666081e+00
1.402192113375560822e+00
1.563454814971079854e+00
1.465207225664637569e+00
1.854662066288653044e+00
1.568228548359434482e+00
1.799977405967501554e+00
1.863868103976299428e+00
1.689576456097341639e+00
1.708536578596421052e+00
1.976470305357593382e+00
1.807415137090197410e+00
2.086157910477252742e+00
2.651258500563226317e+00
2.297133716744832910e+00
2.274796822430491527e+00
2.052624611700836432e+00
1.949396247959370942e+00
2.021717664948736726e+00
2.033681787332821234e+00
1.816306108481359649e+00
1.428027040508429879e+00
1.296042671161190540e+00
1.703199640519513780e+00
1.914292716958891694e+00
1.990175177925708638e+00
1.724432209827099216e+00
1.757962556199687443e+00
1.512593278133182118e+00
1.671224456711475570e+00
1.635732922802597855e+00
1.726953009094537750e+00
2.073803645338754276e+00
2.143299488215908877e+00
2.117182924273627531e+00
2.009182665708917348e+00
1.767445266235962764e+00
1.634495753671600271e+00
1.519010988772208748e+00
1.313850226249306807e+00
1.225641481004669853e+00
1.337617599877430230e+00
1.180875137793178764e+00
1.327553170604792498e+00
1.576664821513707126e+00
1.534210615692234825e+00
1.881985114778439883e+00
1.822278137972477952e+00
1.673334796796722035e+00
1.398962635927701870e+00
1.363748130779313339e+00
1.616359813662626044e+00
1.309764597775314288e+00
1.541942342890975537e+00
1.889594146320961787e+00
1.676168610666269432e+00
1.606416520755225008e+00
1.532920664756062479e+00
1.423472914143250723e+00
1.734548363360117085e+00
1.729198608748965915e+00
1.416884740330471182e+00
1.515380344842955251e+00
1.469711576101978778e+00
1.480805028981200255e+00
1.410895495785145615e+00
1.667614766556641870e+00
2.226190443489616477e+00
2.057240799842620316e+00
2.073291070425485216e+00
2.062812653808810293e+00
1.951545790237032563e+00
1.662434477446745662e+00
1.994342768614176142e+00
1.946542308740674798e+00
1.576093358097403474e+00
1.579432624421060583e+00
1.675177488360234834e+00
1.589834229039055691e+00
1.348066680971959919e+00
1.318920576041374693e+00
1.302230018924395383e+00
1.798243021467813341e+00
1.888515388319590649e+00
2.045642081988749972e+00
2.222584764412491420e+00
2.450094610627553848e+00
1.939165223071940947e+00
1.443753414406983238e+00
1.790237449347558130e+00
1.535959905010760629e+00
1.685118796421985810e+00
1.746452880450552358e+00
1.629731249604221111e+00
2.035649083803519499e+00
1.863058645870996344e+00
1.685002126449029136e+00
1.401668590906186118e+00
1.475060454169319524e+00
1.360605847730242290e+00
1.602261411075280861e+00
1.539159613657506087e+00
1.849316340372062051e+00
1.784296792210136706e+00
2.029912434029811585e+00
1.319948387015561719e+00
1.143339377003721014e+00
1.650980333747331663e+00
1.763206912105361956e+00
1.767589616462980517e+00
1.878853073125391182e+00
2.104983628740605184e+00
2.323969860663627873e+00
1.615947518339109656e+00
1.845069092307305425e+00
1.686357356370669525e+00
1.756210875894721246e+00
1.584745807400068651e+00
1.816915375727196524e+00
2.191715802626554410e+00
2.121576670894381511e+00
1.966472835703951594e+00
1.618270504380008079e+00
1.974982261626965885e+00
1.652597386256578593e+00
1.851009585841734140e+00
1.512736927284132227e+00
1.268301411482941177e+00
1.448730459132178572e+00
1.327438931604183248e+00
1.285814212405678392e+00
1.257332466343097588e+00
1.536407535831106008e+00
1.216055588327253911e+00
1.052510266613097212e+00
1.276556105763188675e+00
1.207248061525509675e+00
1.275544986695264171e+00
1.526211204334738891e+00
1.456623277937016958e+00
1.460232638933435467e+00
1.450890304583558610e+00
1.394855675228371616e+00
1.350433796821545185e+00
1.354786134432243827e+00
1.663434654416844571e+00
1.417575939442537347e+00
1.182397613160355077e+00
1.345304189628355518e+00
1.695326651076429547e+00
1.604155139312471334e+00
1.890168740144505755e+00
1.715785370008952260e+00
1.559082268298714435e+00
1.628907732397988584e+00
1.658574015179284933e+00
2.425424940210839875e+00
2.131076292798231187e+00
2.089210628216292331e+00
2.118599375397947071e+00
2.110946364110466433e+00
1.887056127181950593e+00
1.927011606086309614e+00
1.754666683298514274e+00
1.600133039867255746e+00
1.896290347378727592e+00
1.948577509873005598e+00
1.719025804732119189e+00
1.737513491804369981e+00
1.557708409056039356e+00
1.672431161536641397e+00
2.034821156257533570e+00
2.266931277793863053e+00
2.208000135581125623e+00
2.476324349399151359e+00
2.222483505703876983e+00
2.013812834164992349e+00
2.330227179997494513e+00
2.168713489146989915e+00
1.874247950443921340e+00
1.714599843249788425e+00
2.031382696432215251e+00
1.815346071030688790e+00
1.713070716612654865e+00
1.666290537682903805e+00
2.138716458668299403e+00
1.941562213238436918e+00
1.378013370083135181e+00
1.509729522048152361e+00
1.807773056496241537e+00
1.327185553222973935e+00
1.093078699230974005e+00
1.436990529668045857e+00
1.128800718498526701e+00
1.229226763772702125e+00
1.398079323874978686e+00
1.129192466804650019e+00
1.296446926673156863e+00
1.420754569945366308e+00
1.223204769824827842e+00
1.592828260367477489e+00
1.984526998118428143e+00
2.153010658036858871e+00
1.966109328165446701e+00
1.869476394362966865e+00
2.043954921451043294e+00
2.211268689593347325e+00
1.709089119101963039e+00
1.854546529938966515e+00
1.833678033247845285e+00
1.590601862796673815e+00
1.786399595820273634e+00
2.258122044644715221e+00
2.390781406297716405e+00
1.837217869289293759e+00
1.549243095454893693e+00
1.449723475592956667e+00
1.702226555535270469e+00
1.747506674100964830e+00
1.549510103641601910e+00
1.761258631344601255e+00
1.519189883927870133e+00
1.789679786950797880e+00
1.924094068576766681e+00
1.979851282513202637e+00
1.931842185763156028e+00
1.526252586723314986e+00
1.687128382333024534e+00
1.594868639289237500e+00
1.773122675540980797e+00
1.659768629079499291e+00
1.735332841674140258e+00
1.862987988410908846e+00
1.355216973000068936e+00
1.777070915940416773e+00
1.966206597274849477e+00
1.679259786383695330e+00
1.824666985520850382e+00
1.783794625418699376e+00
1.530139880019449894e+00
1.937965054312406510e+00
1.743105305529446092e+00
1.549950873720260303e+00
1.371936526409752277e+00
1.513468653134805830e+00
1.325580068529202515e+00
1.353796830916824456e+00
1.092626632326107350e+00
1.264414475163051499e+00
1.097767616365003418e+00
1.173963354491460498e+00
1.401337569036153141e+00
1.356265089693021286e+00
1.394245119370042474e+00
1.861348217659964277e+00
2.076498337478910994e+00
2.216036311242427725e+00
2.218178371479188282e+00
1.934456516148139960e+00
1.892733855562781065e+00
1.904382222707297956e+00
2.165104139510586112e+00
2.017730957533435010e+00
2.352626269175762896e+00
2.286218556139717251e+00
1.643766874323170812e+00
1.470260739376655801e+00
1.634042790242675736e+00
1.849652759076515940e+00
1.480676177115261005e+00
1.397103457271553051e+00
1.269606605378972963e+00
1.221026709449573477e+00
1.234130130123037405e+00
1.458842535810096930e+00
1.364853714121667894e+00
1.325664156556956241e+00
1.409045651995219917e+00
1.299512569587967903e+00
1.311268232289472202e+00
1.750685792661717644e+00
1.208923711380306631e+00
1.349348794927774264e+00
1.208130439845177984e+00
1.650398903865313516e+00
1.537103876250443202e+00
1.792961294747613010e+00
1.810068747440408021e+00
1.926449797746790926e+00
2.315156102587564657e+00
1.924099855294106876e+00
1.891921028220242107e+00
1.665291228564459658e+00
1.868974100420309981e+00
2.101912850786328057e+00
2.418741041935998481e+00
1.798930664583241246e+00
1.402730596382737005e+00
1.447450914881012851e+00
1.686467427324008117e+00
1.261479426014264549e+00
1.517670615206007767e+00
1.562860181749040844e+00
1.730460381074802712e+00
1.722966728486100552e+00
1.920105941358675850e+00
1.246253941390443210e+00
1.515098362286519951e+00
1.589713596031940845e+00
1.938376750107257962e+00
1.838902877027609906e+00
1.708072357538501285e+00
2.345933823986166455e+00
2.404427492968871150e+00
2.349899812102646646e+00
1.932834185278677896e+00
1.994971588149588193e+00
2.384167569548571119e+00
2.476446264385381735e+00
2.451291295972271911e+00
1.724855434944441601e+00
1.818063856952004897e+00
1.791844536863141490e+00
2.060777081522446430e+00
1.744238225898478323e+00
1.969999720695734702e+00
2.016724571906301833e+00
1.799455312596764278e+00
1.532254381145339295e+00
1.656494314159164816e+00
1.607044330831965517e+00
1.710669336615690872e+00
1.921997013353123895e+00
1.980280282354801358e+00
2.183977561176072779e+00
2.503351751509086398e+00
2.154765716160268241e+00
2.159487944442031182e+00
1.586562173867359649e+00
1.723343330150100217e+00
1.790313063951944006e+00
2.059049987180567420e+00
1.883183944037503554e+00
1.891434241478902711e+00
1.935951941624044270e+00
1.941670395159620588e+00
1.912255706942249889e+00
1.938978613204889845e+00
2.018513273803911101e+00
1.922034293220075130e+00
1.847579363291761645e+00
1.956876318189985753e+00
1.977676569548847851e+00
1.827994774525209865e+00
1.972539094663350756e+00
1.709337267350545364e+00
1.555871514621177232e+00
1.788064633673212001e+00
1.703796921441217638e+00
1.579477613531391489e+00
1.381065919074109472e+00
1.604438739371048417e+00
1.816988799688757483e+00
2.154946964567232115e+00
2.331683813314068932e+00
2.082886585824532677e+00
2.179415668449121934e+00
2.385906465434860291e+00
2.316710741776382587e+00
1.949707090973768375e+00
1.685266464658600860e+00
1.603544747091617984e+00
1.132976869474061177e+00
1.143563494229189681e+00
1.137650251697018833e+00
1.252870240027221138e+00
1.536625468200292888e+00
1.882159371465871534e+00
1.748332436925930544e+00
2.101791449667177236e+00
1.996248604890874523e+00
1.995165275016981710e+00
2.142276047050477139e+00
1.508792681695481086e+00
1.354262707721580972e+00
1.147636070322425539e+00
1.398451754469355546e+00
1.379660946465548932e+00
1.497578834506559708e+00
1.331624387422850830e+00
1.690171203073611794e+00
1.488562997641993624e+00
1.646901393386676293e+00
1.616215992495779963e+00
1.237633933298742051e+00
1.367307466973116448e+00
1.316934837241891421e+00
1.417605232889896483e+00
1.695790024080587877e+00
1.717564372129297912e+00
1.991398507836630305e+00
1.592858831354744709e+00
1.575872110705407225e+00
1.737973826353037543e+00
1.691633107453999862e+00
1.972124936445091237e+00
1.785061786845413057e+00
1.470745270503875046e+00
1.769932266899737927e+00
1.902271396956036753e+00
1.522566620119833347e+00
1.742402013793549642e+00
1.514399365172860001e+00
1.303953156780900624e+00
1.296152605598149155e+00
1.499461277278862248e+00
1.603051604060440116e+00
1.487392033689808990e+00
1.836773819438920263e+00
2.181562180274656537e+00
1.983689442022231963e+00
1.883269831092956315e+00
1.788982142447658852e+00
1.806302796082422946e+00
1.904356968892428448e+00
1.877193931580954489e+00
1.486950347779514514e+00
1.265092327257513860e+00
1.216428330808263958e+00
1.330235411341861296e+00
1.353595968835400898e+00
1.611216202302656830e+00
2.029626031482091530e+00
1.871925771866522314e+00
1.688949785881991517e+00
1.438234527431280441e+00
1.740868567035933623e+00
1.672343374607805799e+00
1.770500875686173092e+00
2.043978843997059425e+00
2.096168456366036548e+00
1.650592077502255783e+00
1.578118581855385560e+00
1.557265573671447356e+00
1.895070276193155712e+00
2.318452586713663166e+00
2.151355751762195734e+00
2.109589981763591471e+00
1.479327569253384933e+00
1.448398690082174811e+00
1.426106723389279907e+00
1.718236789815610566e+00
1.953394210140420029e+00
1.610384981647330127e+00
1.826238404134635118e+00
1.858210351799824522e+00
1.898993437727680478e+00
2.256148202880436049e+00
2.096496536045317161e+00
1.903895574066092111e+00
1.694664581845336748e+00
1.253966093062603093e+00
1.157475297079522569e+00
1.314276621915635657e+00
1.370004067789722724e+00
1.347204978229155081e+00
1.333979554738268458e+00
1.661257274717179655e+00
1.697567792887424876e+00
2.239421109557234058e+00
1.984276907042797022e+00
1.980639471831806109e+00
1.979322559053840358e+00
1.812646010200468005e+00
1.322614099808055554e+00
1.830604788845176190e+00
1.625112789611620645e+00
1.829004001266620438e+00
1.725471902582720096e+00
1.754027382085368902e+00
1.435053424534136424e+00
1.378926339465876616e+00
1.727858203815595850e+00
1.840795406104073439e+00
1.897618308456225478e+00
1.524792531714738164e+00
1.602532689713501712e+00
1.617004132787715820e+00
1.603575557668908136e+00
1.392283913415707008e+00
1.773212637067878905e+00
1.559645372750539050e+00
1.539588702141384990e+00
1.629712251617837726e+00
1.560366299205987017e+00
1.585842367615928117e+00
1.525764226467364759e+00
1.526042497763063999e+00
1.595908756317524935e+00
1.721483513285297917e+00
1.652948418315328016e+00
2.005351583690920148e+00
1.719412583018330665e+00
1.604878234903240886e+00
1.779395763767668059e+00
1.652112905426308842e+00
1.527291882549763002e+00
1.464618930454937740e+00
1.643430618184379188e+00
1.571257956340909923e+00
1.315645369344823568e+00
1.328957949960983376e+00
1.361303014547252666e+00
1.482809118936756043e+00
1.543105604247607676e+00
1.420400223489793001e+00
1.063492360947862148e+00
1.282234151851720405e+00
1.218222554453952666e+00
1.179115479123036714e+00
1.356113153705266416e+00
1.229722539793566050e+00
1.166026627708004249e+00
1.496370674490692387e+00
1.610035995668102959e+00
1.727291643845458413e+00
1.773724944064431375e+00
1.585981176274329663e+00
1.518853873924286058e+00
1.497423925492814778e+00
1.405830470642267072e+00
1.192003620493820915e+00
1.226369114429469942e+00
1.158517884152476141e+00
1.615097709083097133e+00
1.200885800765652212e+00
1.077243748304933746e+00
1.178617400796820647e+00
1.163255970691346342e+00
1.470718603916057132e+00
1.510831353731543425e+00
1.336827629771041526e+00
1.510848241331967046e+00
1.463443570110873004e+00
1.589002030947418875e+00
1.712464910554861719e+00
1.765354979502116395e+00
1.735760506779338685e+00
1.817597653113399048e+00
1.862877430912989185e+00
2.166108755703716859e+00
1.850592839775514920e+00
1.708750752101155346e+00
1.830475134387790082e+00
1.600210720184706226e+00
1.322035427342770575e+00
1.264510278063212034e+00
1.555652503599183056e+00
1.648307740265777754e+00
1.448776315142188409e+00
1.486896855439984844e+00
1.333381042336359679e+00
1.455798080030758834e+00
1.047021855957879666e+00
1.118682919660963559e+00
1.885880495450149130e+00
1.400161897356186680e+00
1.858932045225111906e+00
1.572387898163314368e+00
1.718623427967761463e+00
1.171462570381572865e+00
1.336882934540539081e+00
1.346857772939944020e+00
1.274671607674235485e+00
1.565250517701884725e+00
1.281322821654812483e+00
1.523130458652733221e+00
1.214021377525439593e+00
1.471167931081978963e+00
1.322567792536696318e+00
1.347303848402811255e+00
1.242804606210894391e+00
1.392987335946626271e+00
1.505516627691176001e+00
1.433681023235052976e+00
1.211422539542757137e+00
1.511552841325194185e+00
1.537112470361631011e+00
1.954566767488664425e+00
1.585665485542319786e+00
2.210504420622384725e+00
2.462864365209415318e+00
2.413785494067178572e+00
2.303819420453787181e+00
2.606614225198878643e+00
2.393963350828311132e+00
1.777225384187945512e+00
1.922163074651391357e+00
1.756983422299804420e+00
1.164751001956877197e+00
9.570371912088552202e-01
1.099112724605674662e+00
1.470183913042949930e+00
1.414181776231975718e+00
1.069074395523184506e+00
1.073364395516490211e+00
1.284804628589715891e+00
1.238126807799213136e+00
1.519598722129040347e+00
1.807740349749143327e+00
2.215227981271225222e+00
1.947030487238871066e+00
1.905618544213231402e+00
1.852806409682877575e+00
2.059552228993769329e+00
2.062072937839815712e+00
2.147873694229289754e+00
2.207660095757117968e+00
2.053408540694746431e+00
2.424584814562505741e+00
2.597988838195166128e+00
2.157575525355462265e+00
1.633621043973271458e+00
1.785012752591053742e+00
1.745819492139389695e+00
1.583924704742163403e+00
1.854663811020024200e+00
2.038652471591141602e+00
2.371864076894818041e+00
2.222620119955061480e+00
2.268028730209536992e+00
2.051006955319644387e+00
1.626910496507965265e+00
1.692086644224814140e+00
1.429634974592824292e+00
1.516502291685774884e+00
1.786055380340029419e+00
1.619123206136888315e+00
1.822060691666438137e+00
1.549804433945215942e+00
1.624191908814762275e+00
1.877538249960711614e+00
1.682964225588621465e+00
1.425719433866398544e+00
1.386034996979511824e+00
1.591892701910914143e+00
2.210077852211457028e+00
2.019625891546807939e+00
2.109271411802362106e+00
1.913235036545362977e+00
2.379308527408667828e+00
2.178439439170746450e+00
2.242735631560736742e+00
1.725704614561711425e+00
1.318315162351164416e+00
1.453494536516553026e+00
1.407603345998394317e+00
1.497089473192221298e+00
1.786445720137998627e+00
1.703135480827615345e+00
1.745525994836796491e+00
1.480491206727072351e+00
1.795862354506690739e+00
1.643493185995290151e+00
1.888147500102862031e+00
2.061226230914638968e+00
1.993570104120375053e+00
1.926286646125908719e+00
1.837020351247563799e+00
2.144511709619852269e+00
1.838062331706398211e+00
1.922480349072418937e+00
1.827892107798803512e+00
1.695226316411372114e+00
1.738391986245815479e+00
1.939177849533970877e+00
2.093119709197317935e+00
2.281281002863801088e+00
2.147995582335871401e+00
2.055208005894428869e+00
2.055187795177356058e+00
1.706903245738186747e+00
1.370165978907461835e+00
1.462412963811883237e+00
1.205977852793262750e+00
1.407086108376962574e+00
1.292467091637931720e+00
1.230782624559816574e+00
1.407594363097746992e+00
1.363632075533882437e+00
1.801422587791681851e+00
1.720955083486341408e+00
1.744731431551312273e+00
1.323230719643551989e+00
1.252218282364032431e+00
1.478190979249211612e+00
1.507493670890167614e+00
2.118795192631332203e+00
1.456532824742004184e+00
1.366009827524857556e+00
1.244828274818228886e+00
1.192492723173532498e+00
1.705517923886657350e+00
1.502871073502935140e+00
1.362225672284769651e+00
1.351228222560366454e+00
1.558538430196844127e+00
1.196123423272586361e+00
1.532938152337915527e+00
1.855639328319216963e+00
2.093954944330364221e+00
2.117632412165772138e+00
2.395725153661382389e+00
1.884388386032808116e+00
1.535685778446117977e+00
1.862207510075417405e+00
1.868639236751364230e+00
1.561369841255584090e+00
1.649587000410984716e+00
1.407348497939368670e+00
1.599375452711528700e+00
1.448170685315684825e+00
1.462824793041373139e+00
1.673328196687341674e+00
1.768044343407048302e+00
1.705836478842463810e+00
1.454402636300454521e+00
1.383926995681577843e+00
1.331656705025944909e+00
1.403782269244902237e+00
1.417088649632385122e+00
1.270224686584447760e+00
1.160355852481758765e+00
1.306875159275360243e+00
1.546460490013615852e+00
1.535105488127901818e+00
1.333814445926313708e+00
1.529383566253253335e+00
1.483358216941677910e+00
1.744564721535007301e+00
1.825628233629369435e+00
2.064443786595159036e+00
2.127504508966898467e+00
1.883168518571554761e+00
2.040095936928710163e+00
1.815483975927631111e+00
1.401109734626460046e+00
1.564794178225629606e+00
1.489162196535159133e+00
1.331220261998503851e+00
1.072840972366521983e+00
1.303151473051381792e+00
1.152217320452841864e+00
1.316522102429392271e+00
1.419210344139590685e+00
1.391322835036536754e+00
1.408663247705505217e+00
1.411282836478523928e+00
1.336607714724393992e+00
1.347310086370908877e+00
1.064972228370113294e+00
1.377467779866339948e+00
1.409657139084529165e+00
1.850573583738310823e+00
1.811919426305203418e+00
2.106933825428052742e+00
2.143319092493216171e+00
1.601439437570558288e+00
1.974183827696233795e+00
1.992992991776291634e+00
2.182265734069460006e+00
1.647523496924013120e+00
1.531622985536485793e+00
1.478140601291849654e+00
1.495270453213674244e+00
1.410414345179083817e+00
1.414614371876668386e+00
1.512560692926182337e+00
1.460797877320450633e+00
1.683065898071359534e+00
1.723832101215386103e+00
2.066446697470434746e+00
2.181929222264116675e+00
2.051039420645902833e+00
2.404187825363482744e+00
2.405227998692482050e+00
1.755670126808647868e+00
1.677897371339849730e+00
2.120166670363162975e+00
2.134006653034803414e+00
1.775998458275684699e+00
1.538054323534828738e+00
2.109630443416678602e+00
2.089875438452029499e+00
1.971580700181577273e+00
2.152954351347953210e+00
1.956020713620369778e+00
2.182130964074885604e+00
2.270493837526067704e+00
2.358101747089234035e+00
2.048149988087978102e+00
2.265212015644488819e+00
1.758130973113209539e+00
1.543303434561526410e+00
1.298280687328649430e+00
1.143453343526248167e+00
1.331648000628332884e+00
1.426595414313512666e+00
1.403460828492440138e+00
1.521114931968611694e+00
1.426703420236796527e+00
1.507698724580796457e+00
1.528671797838323521e+00
1.608810743341692717e+00
1.669488804255706116e+00
1.493205582833118772e+00
1.402112249771711783e+00
1.300890532051727888e+00
1.282433495410029378e+00
1.355419444297146114e+00
1.578846960863346194e+00
1.754136079082980304e+00
2.161446011716991134e+00
2.103815580863660717e+00
1.599476656036680211e+00
1.671732142441063607e+00
2.098618113248891248e+00
1.962030537095461158e+00
2.156562329596895644e+00
1.811648297597504342e+00
1.900835893638042506e+00
1.729177580448341578e+00
1.376035065664742207e+00
1.615169009793270938e+00
1.561851322747397131e+00
1.695204369497589569e+00
1.615027115163486515e+00
1.624330660742605792e+00
1.505574643794582723e+00
1.761306333882096453e+00
1.915388080745574317e+00
1.681034132892479604e+00
1.359141877288672307e+00
1.416691776856565221e+00
1.444220178588335068e+00
1.807730177668162685e+00
1.579688471565398489e+00
1.815380039721616656e+00
2.234860871512800884e+00
2.285339767248804943e+00
2.007506135505717548e+00
1.906235723695241191e+00
1.924073860078286291e+00
2.010199384412775903e+00
1.824580725168434059e+00
1.629197946022289845e+00
1.798482932378732801e+00
2.148517778665227862e+00
1.615193106593065586e+00
1.635121382117461053e+00
1.693345241321358108e+00
1.207680203560462573e+00
1.729799522827934810e+00
1.949386456514029309e+00
1.788131689225777698e+00
2.205148413038408250e+00
2.357775158994796172e+00
2.015064737414579366e+00
2.394783357470239515e+00
2.212454922137968349e+00
2.153814376219313154e+00
1.881177369645558262e+00
2.068123272154743120e+00
1.678657438406758295e+00
1.743524662580850482e+00
2.037978626209430821e+00
2.432107199778504203e+00
1.771681656208229150e+00
1.849217955069362151e+00
1.919478672116741169e+00
2.021349831657961005e+00
1.705381533310140529e+00
1.681147633524670226e+00
1.622331497055146343e+00
1.807375824954176480e+00
1.915034802360730870e+00
1.908464895362306457e+00
2.144397614821954789e+00
1.742910485065588766e+00
2.081335416667980720e+00
2.142129696009532847e+00
1.694662346601017777e+00
1.747855496308502898e+00
1.667454109956578723e+00
1.883101785213590063e+00
1.930016970355059591e+00
2.089746898476298576e+00
2.029774207095364602e+00
1.738082947096356357e+00
1.573391202855742854e+00
1.406601536486184800e+00
1.340816702434342922e+00
1.357442968209750855e+00
1.539105213337058631e+00
1.863730946336517036e+00
1.769796124193885767e+00
1.635471040609171922e+00
1.661703465837714333e+00
1.781652807196245192e+00
1.788280906548656235e+00
1.470880104305277936e+00
1.232401435328940309e+00
1.438471854864252997e+00
1.389015531552864502e+00
1.073814205667176003e+00
1.110993042509867079e+00
1.490874610515169341e+00
1.346072016326520515e+00
1.152362407705905367e+00
1.120724795040287658e+00
1.292560946858222426e+00
1.450540540049044980e+00
1.543807302252111047e+00
1.348551443925932292e+00
1.643048913026814661e+00
1.449056096400537008e+00
1.624349973020039473e+00
1.467617008730160988e+00
1.554095789260593108e+00
1.667612576991861495e+00
1.818381085220344362e+00
1.543716946707742510e+00
1.717776035794322143e+00
1.795765407762778487e+00
1.660779189151647461e+00
1.781643966021842829e+00
1.842878535085825664e+00
1.476103678862113799e+00
1.602449557001486724e+00
1.544415305456325438e+00
1.924109675831024324e+00
1.474710879456951895e+00
1.291076706749768821e+00
1.645975361518438040e+00
1.688559475268754273e+00
1.666726175299398705e+00
1.567874152686447475e+00
1.224471979708619207e+00
1.222973031722306425e+00
1.608689289859661642e+00
1.441797466487727331e+00
1.186755438793428263e+00
1.171822054850213624e+00
1.341303199213620179e+00
1.404618371473782323e+00
1.243649140235001394e+00
1.493445285540323741e+00
1.618078725762575276e+00
1.928196031396902432e+00
1.744613208382133740e+00
1.832237129841451040e+00
1.842685783058118920e+00
2.301205611711394816e+00
2.445020229906722964e+00
2.464260060844908118e+00
2.077563265004648940e+00
2.239306812066924390e+00
2.111792396551883666e+00
1.993347452045195922e+00
2.036609139505501265e+00
2.290603846824738721e+00
2.633915237382774777e+00
1.911967243894628687e+00
2.064492117096602630e+00
1.865680145923321209e+00
2.369133568961373726e+00
2.196145167038636714e+00
2.377695329040740546e+00
2.034739783013070458e+00
2.020850790053675627e+00
2.190998986793740055e+00
2.117248366678325056e+00
2.058012903914949288e+00
1.874778999488099673e+00
1.708083429563092670e+00
1.363359532918380079e+00
1.443397846108857019e+00
1.747777329537802515e+00
1.587922756095451859e+00
2.067722136706534375e+00
2.159203428079118581e+00
1.736197811117611511e+00
1.410370524804693604e+00
1.338737042480012462e+00
1.306163261966220457e+00
1.807856952269012218e+00
2.105446702145160387e+00
1.873970865947170328e+00
1.546822303317931357e+00
1.903349628166669083e+00
1.319476957747472534e+00
1.445004976061922131e+00
1.465984479763357440e+00
1.468500761402169452e+00
1.483526500533404624e+00
1.413576192605332960e+00
1.355075746619975430e+00
1.555234694792900108e+00
1.082990511592886174e+00
1.158547324280113866e+00
1.678277852450892782e+00
1.616087871402129172e+00
2.003857144379437738e+00
2.051475849312051292e+00
1.742732278160620485e+00
1.709534700621727854e+00
1.896134213250491030e+00
2.112702605358682817e+00
2.082197990307720570e+00
2.247820929052632533e+00
2.162306345391753037e+00
1.777722617232361246e+00
2.049364663773832085e+00
2.136477032940972354e+00
1.666468966612124847e+00
1.935656664437727770e+00
1.805730820748152388e+00
1.731917874754230091e+00
1.757922434634499043e+00
2.195357815289648684e+00
2.686052721120056219e+00
2.271209225260475417e+00
2.380305324933483124e+00
1.770514134828761854e+00
1.606469831471357246e+00
1.468330604120110960e+00
1.723486937364588023e+00
1.835982056401537221e+00
1.904677874211858413e+00
2.043813171059978284e+00
1.821795618789726623e+00
2.131285606965522827e+00
2.347778463489320622e+00
2.431822057220375921e+00
2.066036824902124369e+00
1.841711773029412802e+00
1.999940610081554659e+00
1.839907079902189935e+00
2.452449718818252578e+00
2.279339261165463260e+00
2.229990226876327863e+00
1.939441703642419412e+00
1.768321633148783212e+00
1.792974448979993030e+00
2.018222543884153009e+00
1.776060850335354324e+00
1.580637206761493774e+00
1.995947708063223081e+00
1.794011153626635879e+00
1.971690873581025016e+00
1.807055492831151966e+00
1.916247967476047309e+00
1.414667526927869456e+00
1.353147336929030553e+00
1.278686821228218307e+00
1.261097488476299100e+00
1.138067754713184998e+00
1.608029204676960422e+00
1.556428300660280373e+00
1.516781925895622551e+00
1.602126565406860381e+00
1.537078256558468858e+00
1.546360772978535358e+00
1.401731692007001984e+00
1.579552114444129352e+00
1.753403359067144285e+00
1.870037483058003325e+00
1.932418058351386581e+00
2.080308317545701779e+00
2.175356459616384353e+00
1.932458859031296772e+00
1.937765407503696524e+00
1.629401629372704496e+00
1.544544994168722374e+00
1.228537557424048465e+00
1.273609635705967635e+00
1.244119881891677437e+00
1.171300274777532957e+00
1.227138913137539200e+00
1.330660046435677701e+00
1.229959208735762921e+00
1.365260094093778021e+00
1.339888660542155385e+00
1.494084693029492650e+00
1.546108785123128104e+00
1.521323342484976138e+00
1.290326494206631702e+00
2.071647331932357172e+00
2.146334826564324505e+00
2.046859790490185738e+00
2.329600320796897606e+00
1.806788095264168392e+00
1.422490630953668678e+00
1.385621607727829163e+00
1.203025860771529398e+00
1.233945964727793054e+00
1.278540884462129545e+00
1.282414073466577875e+00
1.361855873225065849e+00
1.652035641632345619e+00
1.504244635151210430e+00
1.655926239672686151e+00
1.834791225383338720e+00
1.446756807355608743e+00
1.789755493426736566e+00
1.427979240312946319e+00
1.545433635379718673e+00
1.287857932965753793e+00
1.553519543390955882e+00
1.907934382396569095e+00
1.568350244090812362e+00
1.206202189382184597e+00
1.412549018517940791e+00
1.550277559877715206e+00
1.822680151458633269e+00
1.763739412528098960e+00
1.932279526881385712e+00
2.157824121726442890e+00
1.908348361966476503e+00
1.584280594150939914e+00
1.983119577149327517e+00
1.931723772684407425e+00
2.205095412290251300e+00
2.468558955585049119e+00
1.744418641633335376e+00
2.058800367043803536e+00
1.680658839594126874e+00
1.369145232304164850e+00
1.236336947529446117e+00
1.778422212882836639e+00
1.711873967156918530e+00
2.086749710385022549e+00
1.835009099498971175e+00
1.419800176114969448e+00
1.711084563858211283e+00
1.264481261445375537e+00
1.379426721098675923e+00
1.763273602635602622e+00
1.478440667488524873e+00
1.590799546458887548e+00
1.552992840020910759e+00
1.775395947899468752e+00
1.830986592510153166e+00
2.224181595847384063e+00
2.284358747475309759e+00
2.483834768308984309e+00
2.266103452278478425e+00
2.516095200543269073e+00
2.288268980583139545e+00
2.068145302096707550e+00
2.101277743881468929e+00
2.089386320510707495e+00
1.716187426659654625e+00
2.152849174971970481e+00
2.580342679696969288e+00
2.096744879100493897e+00
1.844913579378643309e+00
2.034700947291495421e+00
1.917238534973411568e+00
2.253663704380441946e+00
2.282944979052748291e+00
2.462942988569393421e+00
2.158531651251157424e+00
2.556129992223281189e+00
1.942645416224697774e+00
1.828431905743232555e+00
2.095701234377986388e+00
2.037438156583269766e+00
2.125964663522841747e+00
2.096579268100984716e+00
2.225868670712104702e+00
1.978835777154493547e+00
1.538335735813370020e+00
1.458405569435604399e+00
1.678660590182444512e+00
1.804474125752179248e+00
1.673561387439734149e+00
1.199365297956912713e+00
1.840877493768857454e+00
1.542618674963929903e+00
1.542275484058114543e+00
1.481721402617876215e+00
1.286546074053990463e+00
1.094054480050286271e+00
1.316815102990978481e+00
1.352747614857206848e+00
1.502366225819039336e+00
1.464216771910168191e+00
1.200942357283411255e+00
1.230509296062006319e+00
1.426652008885278988e+00
1.334743529339078805e+00
1.389086797197401246e+00
1.379526944565413249e+00
1.508541845594465691e+00
1.506512349600478196e+00
1.601910108961160040e+00
1.679837214886835683e+00
1.727302972803766323e+00
2.285665500643520254e+00
1.677565401221524866e+00
1.835751224141542792e+00
2.097563782303097479e+00
1.892350359257592762e+00
2.064628877970837717e+00
1.767739803909529561e+00
2.037559411328166536e+00
2.322509134824533472e+00
2.093036746131614834e+00
1.466744944892227620e+00
1.346140304872760041e+00
1.339488100084891720e+00
1.305255113162118841e+00
1.605810209513022002e+00
1.467155470354351898e+00
1.925115904976774317e+00
1.981884452576072819e+00
1.655940572779448505e+00
1.760665895183151308e+00
2.259793845225201991e+00
1.908564966439381783e+00
1.964185130174249672e+00
1.614537018157868875e+00
1.661331015135427691e+00
1.593461801055377158e+00
1.582472202676293183e+00
1.562506750987577853e+00
1.614233476349289154e+00
1.750426182379228424e+00
1.805359702021646973e+00
1.690938254915626660e+00
2.036159007359323869e+00
2.212361704679552954e+00
1.875958544622410074e+00
2.485013439695138882e+00
2.373427776787075505e+00
2.278205958729678127e+00
2.355860643487936112e+00
2.328309638923960811e+00
2.184892501472028847e+00
1.988234834534664985e+00
1.778436340847852293e+00
1.938105657534025417e+00
2.150519361125314166e+00
1.690498826043492331e+00
1.832300026767560430e+00
2.055790333038166828e+00
2.220516524342275755e+00
2.082111821875492819e+00
1.938795280233821972e+00
1.743255628664236001e+00
2.036896583478342126e+00
1.718321003979982997e+00
1.786006336136449324e+00
2.387550102415448627e+00
1.887107266054365740e+00
2.125769793712526390e+00
2.177453787102705984e+00
2.248002216069536097e+00
1.730441024092714386e+00
1.994790375673626492e+00
1.674938814808672349e+00
2.091198033971220394e+00
1.960249041233239398e+00
1.816793163276401835e+00
1.475380786170567227e+00
2.175438686820817313e+00
2.032312046533307104e+00
2.642961346013382506e+00
2.199015489925994160e+00
2.204518881579937695e+00
1.668825714746899669e+00
1.312511297400009047e+00
1.433507694660534515e+00
1.507496224047693900e+00
1.531477818342752428e+00
1.534976329498805026e+00
1.439664569074330380e+00
1.433407301565858827e+00
1.356366735263425438e+00
1.511328831191869115e+00
2.218618737817720010e+00
2.318906734563481731e+00
2.277647260263760298e+00
1.954702967351654053e+00
1.971926031718586048e+00
2.164550116657600221e+00
1.960707889627455902e+00
2.133837966802664798e+00
2.005519751722575350e+00
2.107403408707528847e+00
1.844882007728842810e+00
1.856592024091582749e+00
1.772269866936619032e+00
1.785375162729640586e+00
1.975227681415737457e+00
2.132753028106191717e+00
1.629764965010401800e+00
1.522679929120883902e+00
1.414924495304334728e+00
1.492867283085449692e+00
1.542527806437801630e+00
1.798457461752626774e+00
1.645286907087897266e+00
1.395084797994779580e+00
1.601141141535906698e+00
2.050381977002389444e+00
2.272864783215356788e+00
2.008034010853790630e+00
1.707405929773972764e+00
1.359713260822130954e+00
9.790902034872449589e-01
1.248336987105939766e+00
1.267670648917020637e+00
1.484008806120062474e+00
1.805559858164876408e+00
1.582133847097105805e+00
1.287334205397846487e+00
1.418928111680455295e+00
1.157671052411427315e+00
1.441105205397829270e+00
1.168360459999524315e+00
1.150546314999340236e+00
1.315581338515275256e+00
1.634669516461363603e+00
1.345567952623175856e+00
1.689422560741136170e+00
1.577262937121524322e+00
1.824878862330697515e+00
2.055761926834760445e+00
2.167513444765333031e+00
1.733285589793888581e+00
1.690468549898539230e+00
1.700102792577051547e+00
2.095757808312503467e+00
1.813023872094442046e+00
1.854295103743922812e+00
2.090523109623424691e+00
1.670876163487106769e+00
1.345267176597004344e+00
1.385938239205619649e+00
1.074487470788072718e+00
1.125980980070157900e+00
1.253483091561793605e+00
1.211903513100372365e+00
1.683583384243057424e+00
1.484891814585003189e+00
1.752163191918761243e+00
1.389386066836964195e+00
1.450810686400464400e+00
1.470187777589413658e+00
1.510109958913004036e+00
1.952263823806113407e+00
1.764188301309446150e+00
2.482953404975867251e+00
2.037311254777320446e+00
1.689488953567723106e+00
1.508737202417425927e+00
1.383618980438143353e+00
1.322670627546360222e+00
1.504007116644229924e+00
1.514050440354941740e+00
1.088935257038052162e+00
1.099182002451999374e+00
1.348146075790611409e+00
1.440744854734995473e+00
1.907964703357556635e+00
1.904289489632353893e+00
1.930912450591265372e+00
2.010208685137039986e+00
1.781558147298222927e+00
1.780656639734320201e+00
1.710959330001924350e+00
1.806234205986309238e+00
1.605045441228247771e+00
1.440380401014432765e+00
1.550489739894090446e+00
1.449581991469678588e+00
1.885565798602009568e+00
1.998711276149289340e+00
1.499910102818423407e+00
1.915908706948210583e+00
2.024138922451980349e+00
1.363234170028212455e+00
1.747533028929683985e+00
2.306141190868812085e+00
2.128700607345606510e+00
2.179352753378706709e+00
2.040450285764623839e+00
1.809513389639373360e+00
1.547637820765549677e+00
1.963936457919966960e+00
1.912105484409420741e+00
2.030473838770618933e+00
1.954512844429273644e+00
1.607317200144758873e+00
1.907933961361736097e+00
1.985470248877502231e+00
1.831520312850974497e+00
1.943316128633601370e+00
1.742121538129309588e+00
1.882237907197425120e+00
1.716856543709393668e+00
2.100415662347464796e+00
1.864514173300200417e+00
1.649538209163119440e+00
1.437454017426721409e+00
1.254854693585776282e+00
1.268727057031422190e+00
1.183594167243609885e+00
1.216064106841537651e+00
1.395216717412718133e+00
1.588378499074962313e+00
1.600266031945088319e+00
1.975525733530256733e+00
2.499353360968930016e+00
2.109846879886777771e+00
2.144898712200775659e+00
2.166270636475621014e+00
2.071973720602253710e+00
2.047064984506562713e+00
2.392179254782325071e+00
1.619873097179093335e+00
1.187273809457638940e+00
1.242735141549237809e+00
1.275114984122648565e+00
1.684286643082325341e+00
1.711697142688514806e+00
1.551379761078483410e+00
1.315804253195575590e+00
1.307666156810421088e+00
1.357651233084846032e+00
1.307395436104101805e+00
1.102937205588519376e+00
1.026588590731259520e+00
1.202785563347531728e+00
1.159837052289728332e+00
1.206737963726014495e+00
1.298593191270812852e+00
1.470383878574595959e+00
1.178164009582693295e+00
1.248059480829891932e+00
1.332322103031327698e+00
1.615889704226594281e+00
1.857015840802736850e+00
1.640305826697146863e+00
1.553496562617993071e+00
1.340120278109196761e+00
1.484593802979681021e+00
1.840300064114652079e+00
1.960787199054529140e+00
1.747147714113193917e+00
1.981276690766602400e+00
2.344253319312552541e+00
2.442352216414754196e+00
2.369249924609883706e+00
2.041551000811311134e+00
1.649500225147657595e+00
1.733147708117710240e+00
1.989577533419486288e+00
2.114007910172687410e+00
2.047928309299443139e+00
2.173007791310778369e+00
1.761622470472735458e+00
2.111248780672569048e+00
2.127455122139295440e+00
2.032120345092242708e+00
1.928433846210136027e+00
1.646349641448022316e+00
1.573993894275178551e+00
1.562872611406570300e+00
1.763496084877402170e+00
1.203397203619956057e+00
1.437570046561710502e+00
1.446502978309889498e+00
1.714062485006133230e+00
1.478114489854726044e+00
1.352997418580962341e+00
1.403608140519460257e+00
1.341884130917303741e+00
1.325381768925868453e+00
1.413947410373264102e+00
1.385004880024855334e+00
1.510878235421636795e+00
1.530630037367186391e+00
1.439444864348091713e+00
1.728378954274164769e+00
1.746515597861341140e+00
1.837171504171983161e+00
1.550841810490749095e+00
1.425423322558018180e+00
1.574866304154617147e+00
1.100307918822484465e+00
1.327271159568701231e+00
1.536830171981172777e+00
1.443329376785389861e+00
1.505039584426913990e+00
1.390589227860692390e+00
1.505305992074789545e+00
1.376224726440727686e+00
1.447882259578754827e+00
1.260541194806549248e+00
1.495947015616153841e+00
1.789637144023396464e+00
1.344632394665220332e+00
1.439733084286174192e+00
1.652607153880102153e+00
1.670493524332719026e+00
1.221752216697845617e+00
1.459343346950069176e+00
1.373651785491102117e+00
1.255475612090216408e+00
1.591305673688995004e+00
1.642003694156273230e+00
1.674792084898210520e+00
1.875786823466894404e+00
2.429208366831919541e+00
2.417064955324351061e+00
2.454189568331720750e+00
2.355581868267324630e+00
2.307544909687777590e+00
1.879114346179516559e+00
1.202914271319915684e+00
1.150022863618133773e+00
1.029586779334556779e+00
1.086968936281146325e+00
1.457549527542976397e+00
1.272642827066122972e+00
1.330363376941983589e+00
1.421875777332665791e+00
1.157968417130313732e+00
1.377217051265407610e+00
1.210876889169721027e+00
1.238423995522576204e+00
1.153883775858579375e+00
1.423266088665680940e+00
1.337021383729038781e+00
1.368112915179007683e+00
1.379373969403175026e+00
1.542739604983904389e+00
1.327227169525383665e+00
1.471865318684725255e+00
1.693045647042012325e+00
1.964229206825057306e+00
1.980276204958466124e+00
1.920885124315230730e+00
1.737814561088782517e+00
1.324258768459740665e+00
1.486786749740060642e+00
1.703453750463841843e+00
1.597721490571672343e+00
1.704803478477637357e+00
1.701567694402370767e+00
1.504704931964284453e+00
1.656804501572203270e+00
1.713008654599216918e+00
1.432625565641257870e+00
1.802631147479466067e+00
1.339440755337000688e+00
1.561752848922104420e+00
1.936417134585685762e+00
1.881522524739908109e+00
1.737053720743775731e+00
1.802243443048676230e+00
1.632303582709800693e+00
1.219964102136356310e+00
1.792122458205158031e+00
2.162528089085501648e+00
2.034348280159316236e+00
1.597820807782466712e+00
1.638001314414271326e+00
1.689406068557138596e+00
1.631973602152969605e+00
1.323430936346246645e+00
1.078795237957222097e+00
1.166711943628213621e+00
1.174370639590668786e+00
1.220860163284999356e+00
1.156742706375609719e+00
1.315858440459382717e+00
1.346905416895312735e+00
1.016346126263657501e+00
1.385839556524518290e+00
1.305063219210754299e+00
1.074663322642251950e+00
9.892054785183550525e-01
1.148503892197495935e+00
1.376095539615515229e+00
1.606129921459584553e+00
1.294561244876320849e+00
1.146622545942540539e+00
1.264461739809316754e+00
1.500265012724235625e+00
1.936853303171506058e+00
1.571685566237396747e+00
1.557002915652460961e+00
1.932316778859997974e+00
1.425158689101099441e+00
1.629934325784524241e+00
1.676746989475202732e+00
1.821974104732566602e+00
1.428272494526182879e+00
1.381964913380458571e+00
1.287390293032800725e+00
1.165946067834551902e+00
1.190574878394237146e+00
1.238410674565218361e+00
1.493763502345623051e+00
1.566557327415855294e+00
1.618732696822041239e+00
1.693196496533282414e+00
1.503605740815410208e+00
1.333311038482756006e+00
1.165476153150478700e+00
1.144442445956927346e+00
1.287367836638224405e+00
1.413747363882450259e+00
1.455822815735487774e+00
1.673403192271343265e+00
1.647970331730616911e+00
1.283889382546716362e+00
1.426491296763905403e+00
1.481611337023761354e+00
1.728220991388689232e+00
1.648415988996362547e+00
1.377187613182345061e+00
1.756976721193962421e+00
1.887900502405595704e+00
1.784470006576338363e+00
1.658725364560653226e+00
1.565063943276480352e+00
1.644887690455410612e+00
1.380101121515406870e+00
1.720939371578521504e+00
2.061060349059141039e+00
1.858796680295064396e+00
1.558740302655234444e+00
1.490873728210064808e+00
1.445855991287759545e+00
1.503114976225132349e+00
1.540395282383185238e+00
1.910338358279692006e+00
1.607668050781811075e+00
1.218285655903096343e+00
1.059086090666462310e+00
1.273406792483882777e+00
1.502233904088826399e+00
1.478253170831736796e+00
1.537761883155279952e+00
1.416070768759886134e+00
1.478166252438353645e+00
1.254156115656220871e+00
1.202059367359711306e+00
1.540529778135086403e+00
1.415475067161034772e+00
1.299460226041118771e+00
1.686564968328112091e+00
1.805752610110578305e+00
2.168966359851640657e+00
1.903509321984920177e+00
1.500371295132375549e+00
1.601613047891914832e+00
1.788466848314058666e+00
1.488298838362825727e+00
1.793801024754473561e+00
1.781181865212998705e+00
2.116621221266508979e+00
2.122206204693766640e+00
2.210366250288765766e+00
2.064563874976707680e+00
1.985720278942775030e+00
2.005524490798181070e+00
2.009714187408913944e+00
2.096937371086225355e+00
2.296864030089124764e+00
2.249753237329638278e+00
1.690201927461905784e+00
1.739112107306729715e+00
1.587754289739618185e+00
1.494626577540909995e+00
1.665979462790184051e+00
1.872071687762848047e+00
2.029626889449532179e+00
1.486040340922839986e+00
1.455101670407897840e+00
1.596800129315433470e+00
1.774860598751835772e+00
1.572951801832394247e+00
1.341705030878067806e+00
1.565475087002839771e+00
1.629148110275744132e+00
1.329527320790935940e+00
1.399780531866799960e+00
2.180735451642368261e+00
2.296129822311198332e+00
2.037082373810560565e+00
1.915795189388702857e+00
1.789810423548614970e+00
1.859184691448358739e+00
2.132744911535210175e+00
1.941647848720604586e+00
1.896681120706378509e+00
1.546733229624684514e+00
2.194883743839722623e+00
2.160479003117844243e+00
2.317588930984705531e+00
1.833455978565465161e+00
1.650727726040169374e+00
1.869363798244564556e+00
1.912376939285110655e+00
1.804682307554467791e+00
2.409797117628425411e+00
2.349151785362675771e+00
2.127319323959372621e+00
1.499038480315789235e+00
1.679784436194977859e+00
2.255907832452687778e+00
1.912084430816680225e+00
2.020375898619654720e+00
1.628012523099533260e+00
1.564231470148223391e+00
1.086849656794494079e+00
1.057791154797498745e+00
1.120791895833115115e+00
1.604618239247642242e+00
1.510193035711475451e+00
1.284243047945288652e+00
1.278021607723545561e+00
1.513213177038498003e+00
1.450597692187940879e+00
1.344679904604534570e+00
1.497761084223402150e+00
1.338697210786939040e+00
1.295673873819193522e+00
1.518554466406219383e+00
1.338921443091220409e+00
1.411429490049959989e+00
1.673366722023228226e+00
1.602811072764959377e+00
1.469664274461316644e+00
1.682731971422277484e+00
1.635564981590063915e+00
1.721457103642267228e+00
1.286288577633690755e+00
1.466999205581579035e+00
1.144000596131451664e+00
1.561691533645581664e+00
1.971464280878078457e+00
1.834833604938794771e+00
1.689282500984712998e+00
1.731918499959652635e+00
1.930438118220579646e+00
1.720592362881466109e+00
1.202849903345485139e+00
1.445708155263112360e+00
1.659226830575074363e+00
2.164926547892606745e+00
1.807943890694767353e+00
1.760840167907755216e+00
1.729287901552716056e+00
1.560196655950143452e+00
1.722796020373565273e+00
1.576991838978884841e+00
1.292958857663148109e+00
1.387473162859121478e+00
1.423104511566627206e+00
1.273676964290663793e+00
1.444288942861658320e+00
1.276469390274125315e+00
1.537279662759916121e+00
1.848877697205913329e+00
1.825074749155477738e+00
1.778907554702738425e+00
1.864166871070162435e+00
1.264714205687472726e+00
1.728104097739789680e+00
2.145109046888156623e+00
1.898187956699025625e+00
1.642025091437284479e+00
1.974217356657952838e+00
2.062367030399125944e+00
2.096079192483317311e+00
1.909098607929900160e+00
1.583601365098592728e+00
2.107510806404281567e+00
1.791864920971582897e+00
1.937288720256927554e+00
1.450837524623769692e+00
1.609323521967206405e+00
1.824416137239475155e+00
1.809103719489323359e+00
1.579639472847216508e+00
1.942244011013195992e+00
1.883918537057947207e+00
1.602609893998110824e+00
1.743910653436004043e+00
1.936789877863282161e+00
1.936487930791840562e+00
1.838918298230369563e+00
1.811822020618303997e+00
2.289172122993640368e+00
2.202850867775900223e+00
1.998880791908490995e+00
1.881388015473185682e+00
1.361723054885891848e+00
2.052930054558698370e+00
2.327287219748661151e+00
2.220617703376026597e+00
2.228229210213832356e+00
2.121635559989838438e+00
2.418968955273602894e+00
1.909445072735008075e+00
1.839363770465531900e+00
2.095256016361662699e+00
1.940289420791613928e+00
1.973281951662002376e+00
1.426493668061704412e+00
1.195751884396097697e+00
1.628555974825765418e+00
1.516336885370726417e+00
1.338157942209756257e+00
1.257421250413934821e+00
1.652379166185016235e+00
2.277891785149618986e+00
1.910454787511352226e+00
1.824193427664427380e+00
2.339045044309712829e+00
2.036267939854021769e+00
2.034584096671364861e+00
1.611826275499650407e+00
1.836745690728023295e+00
1.682014727322236114e+00
1.841149159789147838e+00
1.625003389702866841e+00
1.193501007945453996e+00
1.281068981935777229e+00
1.540122608335890098e+00
1.657474444416461301e+00
1.791606521826876408e+00
1.583364588168204357e+00
1.528007246860306978e+00
1.805679824658921850e+00
1.795576870804632241e+00
1.607451859844098996e+00
1.609360239730687203e+00
1.171762793749444587e+00
1.082429273723841012e+00
1.046263042664204779e+00
1.427339050595885617e+00
1.662363105117384610e+00
1.866475228672177966e+00
1.876496404198702228e+00
1.998324439727217516e+00
1.690778687238831068e+00
1.594721056977563167e+00
1.663149112555919906e+00
1.626606384507622849e+00
1.663653438826348863e+00
1.729615630158713335e+00
2.031692902012063762e+00
2.012198532978556109e+00
1.869344364270190129e+00
1.876104807689032983e+00
1.841025379633059789e+00
1.733843444486723673e+00
1.529394794615673403e+00
1.450089460037818245e+00
1.961308025269556943e+00
1.535685018576606442e+00
1.081956309149587625e+00
1.095148905574115927e+00
1.328201999923807053e+00
1.586484877869096533e+00
1.494482970827607504e+00
1.329852573744694899e+00
1.508816303328926800e+00
1.421439034324225359e+00
1.760233700040361171e+00
2.075374088836897002e+00
2.437063099905528496e+00
2.042738891233968346e+00
1.685939613985893537e+00
1.664249186347430909e+00
1.650981342641512306e+00
1.658913139166276585e+00
1.327346160131301023e+00
1.213591534616063061e+00
1.245183876320666627e+00
1.307927839140361925e+00
1.246275198041747467e+00
1.196402416238149913e+00
1.105217549722695258e+00
1.230696628791574598e+00
1.192260052446215912e+00
1.383777936556417121e+00
9.855434520745908200e-01
1.058024564182100447e+00
1.351260657954995281e+00
1.041061953087968783e+00
1.132938086604544203e+00
1.098053863811044861e+00
1.218605460833363185e+00
1.338435383919101218e+00
1.347386144902720240e+00
1.308012405663310451e+00
1.664404091287759790e+00
1.357582676569629943e+00
1.230215633399756703e+00
1.150180206916266101e+00
1.400190046198634519e+00
1.486080377761819227e+00
1.618576803561626143e+00
1.331004969061412080e+00
1.345704443070787182e+00
1.695269069666968775e+00
1.883927285826561659e+00
1.910289288255231810e+00
1.971527427151758438e+00
1.821239826079145807e+00
1.961362131403979747e+00
1.904994246975581396e+00
2.048262363864868707e+00
2.125776491842480631e+00
1.667440978257309858e+00
1.627160329001505090e+00
1.692351308343565508e+00
1.754407667602732035e+00
1.810985785430001549e+00
1.590762478611320363e+00
1.711707852449305012e+00
1.695304661119167111e+00
1.880754506554497274e+00
1.351395226159903817e+00
1.052863406017179093e+00
1.312784485705334125e+00
1.472592886538945267e+00
1.477977499782876736e+00
1.681838078385085922e+00
1.593439356315744071e+00
1.962086930388304173e+00
1.424773491728439145e+00
1.107345976528343323e+00
1.239581753791538343e+00
1.509928519984180539e+00
1.488956116464874579e+00
1.410978117169816581e+00
1.478407299513770479e+00
1.486229776556179383e+00
1.794029788328756148e+00
1.676164043915515212e+00
1.564245230178883617e+00
1.512348665082857035e+00
1.533566960880597518e+00
1.629515593521934314e+00
1.695968443161259831e+00
1.501857159559802257e+00
1.268478106483089896e+00
1.424622413241193541e+00
1.790575375946381831e+00
1.652425881157225662e+00
1.693696514805309139e+00
1.538394298741957655e+00
1.346945562860413226e+00
1.704804731652547423e+00
1.679928854640674984e+00
1.473710959968874690e+00
1.781848566997919381e+00
2.054297404289164408e+00
1.678649022409165248e+00
2.132052485758039406e+00
1.790014923415520931e+00
2.137818101061924825e+00
1.901914922736416713e+00
1.545371286666613164e+00
1.909258226874076092e+00
1.812471580425879969e+00
2.244543413713936619e+00
2.371427157573007261e+00
2.327742696352547380e+00
2.469968959381205753e+00
1.849651903867054692e+00
2.112852292602366955e+00
2.159182773878188133e+00
2.023769168888614356e+00
2.085923813171401076e+00
1.797732075417096897e+00
2.228586944168881701e+00
1.883270126672839773e+00
1.825854807645130862e+00
1.406752731535102274e+00
1.213329042860785023e+00
1.456195601606504963e+00
1.595286551423112043e+00
1.437634395453701419e+00
1.437052885492458909e+00
1.488843878846853652e+00
1.568790986664142739e+00
2.043017155643227500e+00
2.336442461567864282e+00
2.274479814285120582e+00
2.454982817602199052e+00
1.828560904714514157e+00
1.838396866917865413e+00
2.110042324471096631e+00
2.163026074744448302e+00
1.819001070124264263e+00
1.890741044036370555e+00
1.422208055575893582e+00
1.610853066167588388e+00
1.806832591337965033e+00
1.506961190081650193e+00
1.716972296487518479e+00
2.100768595144855144e+00
1.447021284713966072e+00
1.442695328479605354e+00
1.343672450813178543e+00
1.174201453340091295e+00
1.452809347990811739e+00
1.397588862256195830e+00
1.572225432682048396e+00
1.646747410510086329e+00
1.813445706407482705e+00
1.955047857492210994e+00
1.758866087627666275e+00
1.827403980076626189e+00
1.660700012577570606e+00
1.287173950075530593e+00
1.080109065150782754e+00
1.189262535460910986e+00
1.367044601645231561e+00
1.233812556287571471e+00
1.271770911920245828e+00
1.201667616427489982e+00
1.189432203751517036e+00
1.255727511122095574e+00
1.386202189916915906e+00
1.450549282578771360e+00
1.541869850985008839e+00
1.713455200932004985e+00
1.852418260467496580e+00
2.092604245458911105e+00
1.927250511137518663e+00
1.411535715390620060e+00
1.251042801620628087e+00
1.100221505678462997e+00
1.122965814642418847e+00
1.174678601559544955e+00
1.488606657414518031e+00
1.212804907553185707e+00
1.210687581243582667e+00
1.313031872643488640e+00
1.507440872641657048e+00
1.715898126521954170e+00
1.466007920427798483e+00
1.332685535140082145e+00
1.924690771463517081e+00
1.792492782633475334e+00
1.495217771936845130e+00
1.356524116857911633e+00
1.118550863782837856e+00
1.238821393301989593e+00
1.433255866822804592e+00
1.465591369170382574e+00
1.326586696659940667e+00
1.290905886625364207e+00
1.501346550466360563e+00
1.305944471423019504e+00
1.246011887104598870e+00
1.434189334101601654e+00
1.683373149581389505e+00
1.476985011530139502e+00
1.761210545040789333e+00
1.717850175117025646e+00
1.612186614143561458e+00
1.430769416153332863e+00
1.443801962130961458e+00
1.510546566438578209e+00
1.654567460660216982e+00
1.328059906494091447e+00
1.480211403030438744e+00
1.832470392918041258e+00
2.217135668501594381e+00
2.052478838124551785e+00
2.007622638155870387e+00
2.074461596099348437e+00
1.632591094149334898e+00
1.294480405389815125e+00
1.550158845094297133e+00
1.540982392132495882e+00
1.679506435715359292e+00
1.564064289074956093e+00
1.365510708320313293e+00
1.323590541116915986e+00
1.508605797159976003e+00
1.604443280275107853e+00
1.417446524845138889e+00
1.336899946147895646e+00
1.172800240669643612e+00
1.188912929976372990e+00
1.432402449592026450e+00
1.457780055761314086e+00
1.427723512849728316e+00
1.322858975766669998e+00
1.545727343477416804e+00
2.155257010491935965e+00
1.794951938066873698e+00
1.384464687239204794e+00
1.603752514400568430e+00
1.651637376344188057e+00
1.426205462525881984e+00
1.143589798864684814e+00
1.174714695714101031e+00
1.334579482898358371e+00
1.178870105820771341e+00
1.390518526271720789e+00
1.613348393169200312e+00
1.464876605093161643e+00
1.646909330830124363e+00
1.511350727312800846e+00
1.513015164876945207e+00
1.482877539526505695e+00
1.759172123674998423e+00
1.593384369131407130e+00
1.629511899555390109e+00
1.573866913420748137e+00
1.552277005506793817e+00
1.363485387686651062e+00
1.375563336918294688e+00
1.342195353814743308e+00
1.468009649460729982e+00
1.493301207896681859e+00
1.495713703302067543e+00
1.714030104548055933e+00
1.383390788182352171e+00
1.239619475616531741e+00
1.259321538227215376e+00
1.372111554783032705e+00
1.695773669160972608e+00
1.216032645810171342e+00
1.555579450666221053e+00
1.563637201563937928e+00
1.384979872640738741e+00
1.239207055988667650e+00
1.238678250283671289e+00
1.838350080666262931e+00
1.904297098822639756e+00
1.549759539604647074e+00
1.902756480745499079e+00
2.092672752376365075e+00
1.768341370985640371e+00
1.919549169068052397e+00
1.943151558065761453e+00
2.039821453606345258e+00
2.019386480713255771e+00
1.834003815304943164e+00
1.680634754295666333e+00
1.560481615012426992e+00
1.704619472591163420e+00
1.699270086158307214e+00
1.942325581235704313e+00
1.979409417316768227e+00
2.200514882592834454e+00
1.837844275368327507e+00
1.664386052635011826e+00
2.040766997390125237e+00
1.738340109322227933e+00
1.860954132372975911e+00
2.046032470072036702e+00
1.938108000304259226e+00
1.517556334210436342e+00
1.292783983534617986e+00
1.449623341083903227e+00
1.571078831180549917e+00
1.464205778109574529e+00
1.444335881011223233e+00
1.382291605905644483e+00
1.682212590932775642e+00
1.728375309343393784e+00
1.706126465603678088e+00
1.417359671717151492e+00
1.445674966788294213e+00
1.515210728040639498e+00
1.633432684218213637e+00
1.301188958360876669e+00
1.639662750570737293e+00
1.714197517263791104e+00
1.457748631234787151e+00
1.823208374011628941e+00
1.549177547716178438e+00
1.569268234077124680e+00
1.508988061076852460e+00
1.383053240826696451e+00
1.651883630777295942e+00
1.964865161758604817e+00
1.773395611977028885e+00
1.679882523845148690e+00
1.683852746609772133e+00
1.676276989833225706e+00
1.771373211288498117e+00
1.427009391094709034e+00
1.531051900304165825e+00
1.477646669517568512e+00
1.141448604594038185e+00
1.328242513614777742e+00
1.458436835197109538e+00
1.524033861066946383e+00
1.348951001475597877e+00
1.437886066305166022e+00
1.791536432789144317e+00
2.428872040739054938e+00
2.357344843488738739e+00
2.027086835105496920e+00
1.996193437581705865e+00
1.681972804630219587e+00
1.665306545286980189e+00
1.153919425885274297e+00
1.382279007840011786e+00
1.552772866275944574e+00
1.569515810492514873e+00
1.637615183538740915e+00
1.795246183404129781e+00
2.136504370862966073e+00
1.847428059104522680e+00
2.065087786999031394e+00
1.967561716115044490e+00
1.787597436311925581e+00
1.553730921216591065e+00
1.596797252718123783e+00
1.289342957534888701e+00
1.278106041594124553e+00
1.336167368884044526e+00
1.459995952469821834e+00
1.526279491721696635e+00
1.523316576553011892e+00
1.586098151606967654e+00
1.414935357139244454e+00
1.327899174379700842e+00
1.627858317228895846e+00
1.550680669861303373e+00
1.526299791982103526e+00
1.577968576322644534e+00
1.684539533199695072e+00
1.440197545905887999e+00
1.390937794609068856e+00
1.448163088869260706e+00
1.332196679031019571e+00
1.489561516285476506e+00
1.292616227027206355e+00
1.295237057797027358e+00
1.500471689461115421e+00
1.523339293044845055e+00
1.526204762875044363e+00
1.566848469802793797e+00
1.825901276560511377e+00
1.872575423141196627e+00
1.947624845616089617e+00
1.992542002800150813e+00
2.020838622353754666e+00
2.334104797890996785e+00
2.194270924601061878e+00
2.067021858084195696e+00
1.842953801254894941e+00
2.050663014999770883e+00
1.505887225932072360e+00
1.343605795690673510e+00
1.558083935682763155e+00
1.379248318925519357e+00
1.232860978498155236e+00
1.415959024437083436e+00
1.487988228998398554e+00
1.155518648475965193e+00
1.806028998051842027e+00
1.629219728313622717e+00
1.653931397278740167e+00
1.881275651292384943e+00
1.873547021084737807e+00
1.790204798633967531e+00
1.365431081245523037e+00
1.359755682575367608e+00
1.572352764681121950e+00
1.506370678984681577e+00
1.529070147420252157e+00
1.584016210815866632e+00
1.487945046085604739e+00
1.513132146557024660e+00
1.376194052946648760e+00
1.570314269875826341e+00
1.391827625089376186e+00
1.747560441945257281e+00
1.748223811309730813e+00
2.118687767256191901e+00
1.633898513425433796e+00
2.092441098700802637e+00
1.946070265545490230e+00
2.530827399907815689e+00
1.964645054202033059e+00
2.002852075161939638e+00
2.010553739396220063e+00
1.552165562485491312e+00
1.637664698006383590e+00
1.679441269930021186e+00
1.758404295820609198e+00
1.925649158836519881e+00
2.279713959784408939e+00
2.299425015652868165e+00
2.140417318818998549e+00
2.246242154089612253e+00
1.646440895186218611e+00
1.772282330481558921e+00
2.088159139804060427e+00
1.645603190617520584e+00
1.738737246781376644e+00
1.587868544839652563e+00
2.070184547226462168e+00
2.132359784939089398e+00
2.130381040972517237e+00
2.179118785393331148e+00
2.291445565208180213e+00
2.069499935151182246e+00
2.110467696712177599e+00
1.525802827089166591e+00
2.277982811846707811e+00
2.310074686849583614e+00
2.214935420862266913e+00
2.213856861762480754e+00
2.150201721305605940e+00
2.237932465369394830e+00
2.306481646886166192e+00
2.275652423991620488e+00
2.290607843682120670e+00
1.922512561855389990e+00
1.630923383626250889e+00
1.620558736099323216e+00
1.337691219672958454e+00
1.486479773067847177e+00
1.091066055696627624e+00
1.302136247920022916e+00
1.653033229935878090e+00
1.975582958974886116e+00
1.912286770350655418e+00
2.348286365151565747e+00
1.959695011055078595e+00
2.045543194513780083e+00
2.062148571481624781e+00
1.645991628339621204e+00
1.520762662425441336e+00
1.694575961478380410e+00
1.579272112772420522e+00
1.605297932187815135e+00
1.456612900787822129e+00
1.560600081460042921e+00
1.242345248273697189e+00
1.260736143674922038e+00
1.159445515603626076e+00
1.260863044222669371e+00
1.570248527028776486e+00
2.189109415319775653e+00
2.102307175669339667e+00
1.775241464591949203e+00
2.089352829316318161e+00
2.028287971463121231e+00
2.041534180230121454e+00
2.043032644291437716e+00
1.972946758967760061e+00
2.307665057320436919e+00
2.314107831179530006e+00
1.858480943765875582e+00
1.719308338611422293e+00
2.118654249331712425e+00
1.674663726265632535e+00
1.753866057371510356e+00
1.605988393369104150e+00
1.668503905504387319e+00
1.635922645515177409e+00
1.456569692072337219e+00
1.790957113721101557e+00
1.545762795252027200e+00
1.868918759033746824e+00
1.484858620333888490e+00
1.854030872769298233e+00
1.640165057652047453e+00
1.337989124760701420e+00
1.290746380107195446e+00
1.481657797923195741e+00
1.508545934073769690e+00
1.358275991545986106e+00
1.532373410304521677e+00
1.210739298081535686e+00
1.573821214262550061e+00
1.510559567184995844e+00
1.435827600238692270e+00
1.165526328781494092e+00
1.612823160969204084e+00
1.868886742012368263e+00
1.726207406629071350e+00
1.220084950210577501e+00
1.119610374057542712e+00
1.243286513577853025e+00
1.137040109259059184e+00
1.278985599505525039e+00
1.228166776545153827e+00
1.362429807541650328e+00
1.293136102779341989e+00
1.431002520528112276e+00
1.923117913923956923e+00
1.775633675516236742e+00
2.037748232390630854e+00
2.055408742863428007e+00
2.079089705603424765e+00
2.338272703649145967e+00
2.177298878459338116e+00
2.029665196393051207e+00
2.002393073489478592e+00
1.756846579940914088e+00
1.434831616622301187e+00
1.715561012660953955e+00
1.451251161135940659e+00
1.502623651580542896e+00
1.237723017370701672e+00
1.698426954428020386e+00
1.834586779575584359e+00
1.691263123368289989e+00
1.405416556702383524e+00
1.605733712722878126e+00
1.717729315777621224e+00
1.553795793046539364e+00
2.031628319016334672e+00
2.055351947140029001e+00
2.091315159407089119e+00
2.269802522157144509e+00
2.374469218958870975e+00
1.979218486991268122e+00
1.165441116719898362e+00
1.057153075351969784e+00
1.787766703130708068e+00
1.593369429703857643e+00
1.174656461842140898e+00
1.474074765839936685e+00
1.403211242515966184e+00
1.542676952146877056e+00
1.589988184016598360e+00
1.526588435332197902e+00
1.610092526839522975e+00
1.438264590287450462e+00
1.391697844213988899e+00
1.447414078776398938e+00
1.291513191524791049e+00
1.479880687377810977e+00
2.334424813381280384e+00
2.576764189307522823e+00
2.605380177020852006e+00
2.397148661640475353e+00
1.758360071625427956e+00
1.710471820075693650e+00
1.982337663869300659e+00
1.876656313359770678e+00
1.808644071074850590e+00
1.444319960554977023e+00
1.564482283420892017e+00
1.306210904522018934e+00
1.244779059546066158e+00
1.427028876700382476e+00
1.252067499134100537e+00
1.082754893589147560e+00
1.389931016152813337e+00
1.229294986125856637e+00
1.268340600376633098e+00
1.266113953117371071e+00
1.511804838624283720e+00
1.338587251715249948e+00
1.581877162369583534e+00
1.438504115756370272e+00
1.354966157751316125e+00
1.198090999376875132e+00
1.503100275234713790e+00
1.810884492070154783e+00
1.953183921513248045e+00
1.976002599505580326e+00
2.118031327809850595e+00
2.262339439643845207e+00
1.858309848580750767e+00
1.818841501325896504e+00
1.535080109401432136e+00
1.629229651908183918e+00
1.757389894127620922e+00
1.672057343176166277e+00
1.358894959622136245e+00
1.711161404414140552e+00
2.095120178116535836e+00
2.250597051225376788e+00
1.811979130460729337e+00
1.616055921382152150e+00
1.618490549883103036e+00
1.639682286197101435e+00
1.832959059274492875e+00
2.288964769009813605e+00
1.907937784916168944e+00
1.759945650210092083e+00
1.754410365964102825e+00
1.637549992323458881e+00
1.910406540551212506e+00
1.520698109928289021e+00
1.445282075032863878e+00
1.530410406593269546e+00
1.313877886618442181e+00
1.258175224467755315e+00
1.467720643946354375e+00
1.342831978466807463e+00
1.234717321162742909e+00
1.316523157139277478e+00
1.573921907312166191e+00
2.058207145744618050e+00
1.623237564196755134e+00
1.676747730946732906e+00
1.897057161431227046e+00
1.982865676923476261e+00
1.790179152006043495e+00
2.058977610955039506e+00
1.875113121024898577e+00
1.602579917715093671e+00
1.664292939489558698e+00
1.580216670756146691e+00
1.517673191768867280e+00
1.857532513808743291e+00
1.425147437647165560e+00
1.875093479047221567e+00
1.380868759954691383e+00
1.401125231987899511e+00
1.363842924989281835e+00
1.476932392787540405e+00
1.582838244016561813e+00
1.516134190950947591e+00
1.513478111953391547e+00
1.737201868800727800e+00
1.309886211067987638e+00
1.308243674514104171e+00
1.026851971804735753e+00
1.259138439721556146e+00
1.196830470218950726e+00
1.065254733385674113e+00
1.165799910903272618e+00
1.681690267557336416e+00
1.656153825013450209e+00
1.677248055826089157e+00
1.359020508484123813e+00
1.451639897986357619e+00
1.482720496139246613e+00
1.562532481491257563e+00
1.477942832136240225e+00
1.354907382549063399e+00
1.224644095880193406e+00
1.292060254846761680e+00
1.334569939480506395e+00
1.348899541959427850e+00
1.327690482652691628e+00
1.181426827363592613e+00
1.277962020424036504e+00
1.202323262215929889e+00
1.365932231765075056e+00
1.657633720972778946e+00
1.492291057225439088e+00
1.570055251217103987e+00
1.581037788741249450e+00
1.598172856301949052e+00
2.001315457114767327e+00
1.954433862170307679e+00
2.073682484224325329e+00
2.054706726756978963e+00
1.979148908973519028e+00
2.406870606819277114e+00
2.225025615250689981e+00
2.136262154037195327e+00
2.220385702899465574e+00
2.115001621921169583e+00
1.628513026017589516e+00
1.778779552549718979e+00
2.069140549847625188e+00
2.163239309307039449e+00
2.513033897473033740e+00
2.076650230324739166e+00
1.878723580351620015e+00
2.012263122053247866e+00
1.874816306102060182e+00
1.514871767462742325e+00
1.567876446807089597e+00
1.307547121081663821e+00
1.745167403132219297e+00
1.419962186785968639e+00
1.412116001736032800e+00
1.802054948485398711e+00
2.024024622242339255e+00
1.994578509605831718e+00
1.814225040276337797e+00
1.767582551765165322e+00
1.684635757648929699e+00
1.982281812776909735e+00
1.937375508501565369e+00
1.771282673085871950e+00
1.891182382421540353e+00
1.632603773325011165e+00
1.690322238624385243e+00
1.964734351151220526e+00
1.994144901049652807e+00
1.912426519252558910e+00
2.279173766936688494e+00
2.333693306574358139e+00
2.189129927943825216e+00
2.117201730357057610e+00
1.709612207398249595e+00
1.613705516421113373e+00
1.694305664214900808e+00
1.823151329802346288e+00
2.000969699181132544e+00
2.262628404935265625e+00
2.099855654821410678e+00
1.730459216723518656e+00
1.304683934020145042e+00
1.692255048481686508e+00
1.911294071055748223e+00
1.996809345991496620e+00
2.134807476766121592e+00
2.033034409651798935e+00
2.058869797688488656e+00
2.090499619738251269e+00
1.919660967359781312e+00
1.971033755191325287e+00
1.727408982435635565e+00
1.912996039769028433e+00
2.305722812336572058e+00
2.413288047074503950e+00
2.453706167450539599e+00
2.557954593130813414e+00
2.012232630329326089e+00
2.222823623877896893e+00
1.777844662373187390e+00
1.669340641678100701e+00
1.925743403370349105e+00
1.758407508287930243e+00
1.812161156420878827e+00
1.903019292428698606e+00
1.707159663704371999e+00
1.543886718789134527e+00
1.586828834719539394e+00
1.925998117206506821e+00
1.904733383006295355e+00
2.062385996630534901e+00
1.608735166407327499e+00
1.242030593724821941e+00
1.427631110903498701e+00
1.308127873163683397e+00
1.205901088274834887e+00
1.137262457770067847e+00
1.374452846964020480e+00
1.794960281811844416e+00
1.658557000733953180e+00
1.470949615800918320e+00
1.736787459389669941e+00
1.866610827526134386e+00
1.681619858069633766e+00
1.675919439866114136e+00
1.756101712562919248e+00
1.457856182082662322e+00
1.647086999059675039e+00
1.502201080588765780e+00
1.448725909973181736e+00
1.294588109120043296e+00
1.247254582986293325e+00
1.389225379319204645e+00
1.406662284083432857e+00
1.281451348045054228e+00
1.198769823713748739e+00
1.292942709420973779e+00
1.905301848603723869e+00
1.862989020172724386e+00
1.631662180147904095e+00
1.721983723700907465e+00
1.419390896562158666e+00
1.788966896332943923e+00
1.535390324094190628e+00
1.804673800977115494e+00
1.945882421403955398e+00
1.828876911518438453e+00
2.011616532680897684e+00
1.302603888212119365e+00
1.424109993979347344e+00
1.774906267724195352e+00
1.869429676111332927e+00
1.659972165678445855e+00
1.243583947503381859e+00
1.250729799906598938e+00
1.276105351673566979e+00
1.603622481773386399e+00
1.782531926688753821e+00
2.027666033384331712e+00
1.787576853225244511e+00
2.001403078688842374e+00
2.155583948746202960e+00
2.138425870791486272e+00
2.073250047007509256e+00
1.973810128947649734e+00
1.896111653993528989e+00
2.106381756692019547e+00
2.356829407469688498e+00
1.987435685166006438e+00
2.156310519488851885e+00
2.099355587536296586e+00
2.189992119245428359e+00
2.307352877092682331e+00
2.196953725066241869e+00
2.419866162534670462e+00
2.087766239303060711e+00
2.017183258922689681e+00
1.975994357086106934e+00
1.543306962033348384e+00
2.139130253856739383e+00
2.177404270333278991e+00
2.345535284694747258e+00
2.141928556965795760e+00
2.214940080638635678e+00
1.952336422010853667e+00
2.278303694184994566e+00
1.926233662119099410e+00
2.053398494696065946e+00
1.644921015692871080e+00
1.682242814922132457e+00
1.679011815264359164e+00
1.919933981063216555e+00
1.571822676926718954e+00
1.492698091798934534e+00
1.339607829471687772e+00
1.174954941943974651e+00
1.274152948075476965e+00
1.243955844190022253e+00
1.347230133814883990e+00
1.539565607302336936e+00
1.407546525931339332e+00
1.563723218910143320e+00
1.242631326704412897e+00
1.472094319508805205e+00
1.309804284340982505e+00
1.395955413874739426e+00
1.603990314592359967e+00
2.110242672096795946e+00
1.978935516186326682e+00
1.994302522499896035e+00
1.611873081872146063e+00
1.569154000845127017e+00
1.280316862081876561e+00
1.733542667274580840e+00
1.626965983227386392e+00
1.653202348694753354e+00
1.726125346663920146e+00
1.499335353454036790e+00
1.983069046628145315e+00
2.113446781286274057e+00
1.646316515579375306e+00
1.890358279179789269e+00
1.970572910584002857e+00
1.473468293088417091e+00
1.465620630697846316e+00
1.303637745275274540e+00
1.250545537845655142e+00
1.363790313852245362e+00
1.487864477178225231e+00
1.509172309648820542e+00
1.416333776528965194e+00
1.131465885277746830e+00
1.350812922468260124e+00
1.236786227730586774e+00
1.378182561076108703e+00
1.127160758444542665e+00
1.138775039877381046e+00
1.611233284389269826e+00
1.731273109469895211e+00
1.802959907609466672e+00
1.725987953457484014e+00
1.510853475266772605e+00
1.614616388447302375e+00
2.001159769551334122e+00
2.102666934995777837e+00
2.373577420323896181e+00
2.292384562303571016e+00
2.026520260342109747e+00
1.748152558010841906e+00
1.776627026095562556e+00
1.786206859156235671e+00
2.072146960603560739e+00
2.080283097308463613e+00
2.105257404366688068e+00
1.984092872823416620e+00
2.064565827475104864e+00
1.758720902303888778e+00
2.051422262757650383e+00
2.059630954370637479e+00
1.510726581792598999e+00
1.616238760974965105e+00
1.593637132101394904e+00
1.326712758930744585e+00
1.126774677206646702e+00
1.576628348983347916e+00
1.676155046341352595e+00
1.438144289545265631e+00
1.423276567864900866e+00
1.792544928975708274e+00
1.278127034008222918e+00
1.701479158361520749e+00
1.496566467477546070e+00
1.501349011356867713e+00
1.566492540914070197e+00
1.908035408790019760e+00
2.251868453392837477e+00
2.527271069778975754e+00
2.275032596173988342e+00
1.973283070811241435e+00
2.316929528895202761e+00
2.311446093791766021e+00
1.484631000086942265e+00
1.365816602823480164e+00
1.643573505358946862e+00
1.522109677974549324e+00
1.509485058337145524e+00
1.409691230212480439e+00
1.517660597177164838e+00
1.334196141947257663e+00
1.297216207560074164e+00
1.277845506717237400e+00
1.593523335688371123e+00
1.464303071187903038e+00
1.327321703175132983e+00
1.165954677796898542e+00
1.309827071318899527e+00
1.148890270744622688e+00
1.367887948816602695e+00
1.194608687028965388e+00
9.820858243698742385e-01
1.182407795369429859e+00
1.406703035564483173e+00
1.767554393173925709e+00
1.862437745653403809e+00
2.238628301097827400e+00
1.819184571289409691e+00
2.339720604412000249e+00
2.194863196964508045e+00
2.224958180981281952e+00
2.327945140663416623e+00
2.061119524066372666e+00
1.603782871530245346e+00
1.421580698510253704e+00
1.123302044026059487e+00
1.466734110021905790e+00
1.669204949978824848e+00
1.731715797132543644e+00
1.239110477396501153e+00
1.488991205736813539e+00
1.712586035680306429e+00
1.862907338028966464e+00
1.971675870068713365e+00
2.222352146020481367e+00
2.108888510801451233e+00
1.842130797261298358e+00
1.508449675162456538e+00
1.516218666276717641e+00
1.353876273588922707e+00
1.670685983686977183e+00
1.806970205060936641e+00
1.415992785117191843e+00
1.570449988291214405e+00
1.578871980388771412e+00
1.680546858489100348e+00
1.498957621498126613e+00
1.652849079599435944e+00
1.374852545052976716e+00
1.238137151262810542e+00
1.131443366783777993e+00
1.201322497203372253e+00
1.512907866433596427e+00
1.479187156822469262e+00
1.528900118090253724e+00
1.618471203324955532e+00
1.836786601495509208e+00
1.954933978929701555e+00
1.831982067793680446e+00
1.668835644629613757e+00
1.806575638391025640e+00
1.628568421250491172e+00
1.484053926987420891e+00
1.897264964253864594e+00
1.759418593118772023e+00
2.143846291856950970e+00
2.060959011155225173e+00
1.731151154189534580e+00
1.704506119261589125e+00
1.684374250065408862e+00
1.844229068723294063e+00
1.698619998833142963e+00
1.879723777568476528e+00
1.813888298496983964e+00
1.772381913272754295e+00
1.943221400701911961e+00
1.972286915519582351e+00
1.776231778434300246e+00
1.932059741281187959e+00
2.260050888342592046e+00
2.170419700234365035e+00
1.802594295141318526e+00
1.748178986588916572e+00
1.777878563830397773e+00
1.983085320926120776e+00
1.949845245898550461e+00
1.517289819963884012e+00
1.856095074709874115e+00
1.761355422090846723e+00
1.541184195795294531e+00
1.978586362696670653e+00
1.927794941569949572e+00
2.063172657638950636e+00
2.366466327595663000e+00
1.982614834970886086e+00
1.547546927915828263e+00
1.523966079112096805e+00
1.800054735549845297e+00
1.506417397625233967e+00
1.951916763226889451e+00
2.149272319255605357e+00
2.097938985806002687e+00
1.879001595363338328e+00
2.230418067733110910e+00
2.051193508342963323e+00
1.704997084893829395e+00
2.051580883557670099e+00
2.239102444464155628e+00
1.703700865120689301e+00
1.639216823299533221e+00
1.519695449170223256e+00
1.575665110031656990e+00
1.598085821610706558e+00
1.636625888017566810e+00
1.374409103743799099e+00
1.056852961406680391e+00
1.136838583938430070e+00
1.363457047416743784e+00
1.467135824982030545e+00
1.528506285548856258e+00
1.251401949615192466e+00
1.682709819600344936e+00
1.700503783023093352e+00
1.841610558107219520e+00
1.552750245032621601e+00
1.516863751734788268e+00
1.624800060720741346e+00
1.777246174623451358e+00
1.931198925093726038e+00
1.801109827993866874e+00
1.633591804275474679e+00
1.426534238409932653e+00
1.809825858514382491e+00
1.511875755953722145e+00
1.750523304631087518e+00
1.932839938441498262e+00
1.862494165765615994e+00
1.982835938616975158e+00
2.056146009222128423e+00
2.137388017322038536e+00
1.831481479760393105e+00
2.210740913864577717e+00
2.542973976107925527e+00
1.846022719655226574e+00
1.692059535409100368e+00
1.885948231281261434e+00
1.738206556834495986e+00
1.591109640688569860e+00
1.175114392440540945e+00
1.508066120655050968e+00
1.719812464871236957e+00
2.328599751780732419e+00
2.279854623017350868e+00
1.920197257227363785e+00
1.591864768706719113e+00
2.091273041061414872e+00
1.867139555044461163e+00
1.860142881331112719e+00
2.155034120062850889e+00
2.038127229890166259e+00
1.940706899420767018e+00
1.957926750960614859e+00
1.879500599510169678e+00
2.045884557151075089e+00
1.738638583117612768e+00
1.572015703005660070e+00
1.158771644465498740e+00
1.098175145279111531e+00
1.303683972938675995e+00
1.249916430049484717e+00
1.409792947054474332e+00
1.423258295725016609e+00
1.842503477386055355e+00
1.639013199831900636e+00
1.645322117682714635e+00
1.600402745010944372e+00
1.711364663804288089e+00
1.558241491973201054e+00
1.583834884836528456e+00
1.592772380137410293e+00
1.630042399278525345e+00
1.432880668939106039e+00
1.480643184172864446e+00
1.326963601315601204e+00
1.288890581337897911e+00
1.539812329619524967e+00
1.350290571759501512e+00
1.761971036268659363e+00
1.770979689312663474e+00
2.049365231713287994e+00
2.266954863384504915e+00
2.208056378210891069e+00
1.741687968554050059e+00
1.817273438074880731e+00
1.799082019757523021e+00
2.197129237271614244e+00
1.968125390102557493e+00
2.088638507386190390e+00
2.306422850159632443e+00
2.207965305445546367e+00
1.801760494549339731e+00
1.760398310693705559e+00
1.602979404669933050e+00
1.712048475380975709e+00
1.637055395682589509e+00
1.373593601333162884e+00
1.534988724077055444e+00
1.966269099602359960e+00
2.112394248477814873e+00
2.263581919072741311e+00
2.197209304758938941e+00
2.165305042862894158e+00
1.891772349249352336e+00
1.864010654717788373e+00
2.070120760711879448e+00
2.020203987755462727e+00
1.943710134367191644e+00
1.756810058260960039e+00
1.557383726889221220e+00
1.746889397026302637e+00
1.577953466824578932e+00
1.168837998455428462e+00
1.518816130620201266e+00
1.418569959138717973e+00
1.263005695128718076e+00
1.482057612996368956e+00
1.424455364614269470e+00
1.541274267550887256e+00
1.795384601832158644e+00
1.797186053078984713e+00
1.336639936342950419e+00
1.756494055535296583e+00
1.305503862162566309e+00
1.808937619740174529e+00
1.445721871744734432e+00
1.312162609125230972e+00
1.299179059742113118e+00
1.629351778607560419e+00
1.520561435332663081e+00
1.556892930929726138e+00
1.553029624852617419e+00
1.528089705002539267e+00
1.333824729919768970e+00
1.378546916033770442e+00
1.254828266798094338e+00
1.363031820819428530e+00
1.477893150189508065e+00
1.448852391687590391e+00
1.157693730663970966e+00
1.386005680545571828e+00
1.839141254199395448e+00
1.510380956815514431e+00
1.778133710474073315e+00
2.102165327098838077e+00
1.975051473126542279e+00
1.934510063542474345e+00
1.720522318721630972e+00
1.518629802656575656e+00
1.782420367611169176e+00
2.171830310805541675e+00
2.070059598708300364e+00
2.229653661759800620e+00
2.171348757586279543e+00
2.432057169896084670e+00
2.236277663325039189e+00
2.180223369355792862e+00
2.007679988015321992e+00
2.243769372232424342e+00
2.013970258580957573e+00
1.804135882817424763e+00
1.957844964531758825e+00
2.200539045360621060e+00
2.231400574478968224e+00
2.300797137382275537e+00
2.418210968581241183e+00
1.905411668780821133e+00
1.874213388253596513e+00
1.973402109874722088e+00
2.118156017350332210e+00
2.356741852393593462e+00
1.765806689536925767e+00
1.907658019178247732e+00
1.707564002151356508e+00
1.487538981835588636e+00
2.002568234371527645e+00
2.002324338692277994e+00
1.668163266578045256e+00
1.620577655991201071e+00
1.848126496124429696e+00
1.603848445439997050e+00
1.290056955310728615e+00
1.392913951273197171e+00
1.389393597496396904e+00
1.400609548656309267e+00
1.938072153622891314e+00
1.359790817920696337e+00
1.225622178239453852e+00
1.006063591200259788e+00
1.016889264652316882e+00
1.460114329157295110e+00
1.674113203914316728e+00
1.680789184303584705e+00
1.450125391286429144e+00
1.182116725962728099e+00
1.619074456790770444e+00
1.483853141357401206e+00
1.359228395493272679e+00
1.734928464142428517e+00
1.858008948309277875e+00
1.675854186700584725e+00
2.014487621624932334e+00
1.774000377700303943e+00
2.074642799471315691e+00
1.753457318493946815e+00
1.832687881152174958e+00
2.235690492889365721e+00
2.056726045262158742e+00
1.930815509819842291e+00
1.941946065436558788e+00
1.951031059451270755e+00
2.160383307844342848e+00
2.074388118606362852e+00
2.397119434778159697e+00
2.402600061282953003e+00
2.079362253558775908e+00
2.347621418673675020e+00
1.762645202402413069e+00
1.766627848981497495e+00
1.652450340264338013e+00
1.666462036887087272e+00
1.524402458598911547e+00
1.740014726393831923e+00
2.108304305436935255e+00
1.848848270212935407e+00
1.560662167491156715e+00
1.421418339180307244e+00
1.363449424259164822e+00
1.500824936451006897e+00
1.074250459573898198e+00
1.240289521273866047e+00
1.214094657406090683e+00
1.616325667089268725e+00
1.773367033155661465e+00
2.019497312647631215e+00
1.992808939412777924e+00
1.969592181601975911e+00
1.885071080604969529e+00
2.205580706998486740e+00
2.086477232702537599e+00
1.844628248576554386e+00
1.891674137396473832e+00
1.581625436749785063e+00
1.531430727683544379e+00
1.479797446511471826e+00
1.232303181830514571e+00
1.544799422554000046e+00
1.467178380373140856e+00
1.833689493874765208e+00
1.793695844607611889e+00
2.223587229518345865e+00
1.907094985350833660e+00
2.027142341525113078e+00
1.592061354767579040e+00
1.711641150784889209e+00
2.090336077385468450e+00
1.835826587403019960e+00
1.530677405547373304e+00
1.700379287556970542e+00
1.503184897462221503e+00
1.446026945778995598e+00
1.820539035581673959e+00
2.029870510886440105e+00
2.141649262655503705e+00
1.956940045250407323e+00
1.999076614874920610e+00
2.016379617875672992e+00
2.110864394918201992e+00
1.888948012242010810e+00
1.826856648263446736e+00
1.977192184120466711e+00
1.610194743847675358e+00
1.651292169672607502e+00
2.089214278322572671e+00
1.968614093367216045e+00
1.746515472550145720e+00
1.717879220435017729e+00
2.068805277081038341e+00
2.004214270158557021e+00
1.866768290082921000e+00
1.922576509031262537e+00
1.724303346564414419e+00
1.524567743584333890e+00
1.539931270476587954e+00
1.511954262435389218e+00
1.130314393598372602e+00
1.212484851850474721e+00
1.221492301775930045e+00
1.016646491462097623e+00
1.324503466906438831e+00
1.363823816950022083e+00
1.356831971734177023e+00
1.637475639649998316e+00
1.759499656315547611e+00
1.618512741791083176e+00
1.933845850857244475e+00
1.639525114938436223e+00
1.900072676035654995e+00
1.607498914978356730e+00
1.792535965944170417e+00
2.035972389523838633e+00
1.971047215765876714e+00
2.332659906718040244e+00
2.125516793789209657e+00
1.769024008929020120e+00
1.615947508629504981e+00
1.940997690382673113e+00
1.781339612648059845e+00
1.736825459657113546e+00
1.669301007576196927e+00
1.595035935262730575e+00
1.657072340174538416e+00
1.750880659455983590e+00
1.451437848400813468e+00
1.123097483496000137e+00
1.208820919116002868e+00
1.300985937347914456e+00
1.406951139231337855e+00
1.165073356232774859e+00
1.262680787321154963e+00
1.092898816979899879e+00
1.441188624199162494e+00
1.477171104337521523e+00
1.401248057090197063e+00
1.462004879980117966e+00
1.437702010545642173e+00
1.577459031040224113e+00
1.649726645326530461e+00
1.702059357155662145e+00
1.551850873423784805e+00
1.696777003186179744e+00
1.502765289586830200e+00
1.422985038837025096e+00
1.591074739187116505e+00
1.726275510187825990e+00
1.395334887953628256e+00
2.029153442745924796e+00
2.243036301837635360e+00
2.037687799928160626e+00
1.741802027107583362e+00
1.847539758227045859e+00
1.929162892493017756e+00
1.996385534840091402e+00
1.793269938959171528e+00
2.074323620475710062e+00
1.899605814386446490e+00
1.875129070416105215e+00
1.609941865070912748e+00
1.672201930981009443e+00
1.707776789933030948e+00
1.932038833650589371e+00
1.647876941081646507e+00
1.620436292314559212e+00
1.638330492541676398e+00
1.467236726758168519e+00
1.292653270829564605e+00
1.235135714724452161e+00
1.503939617563812003e+00
1.612283396458638496e+00
1.608115027317741808e+00
2.043938975241411438e+00
2.363181387140145695e+00
1.935478780744575467e+00
1.632578534191560626e+00
1.714697966935985196e+00
2.176575442743629019e+00
2.034557243434773621e+00
1.890255185586066533e+00
1.579703246533868066e+00
1.900026509971298072e+00
2.021561098032234050e+00
2.047013931528705921e+00
2.068163850825594618e+00
2.222977585677468504e+00
2.273472244893391725e+00
1.976417928769675258e+00
1.483493709065135224e+00
1.337957285068940516e+00
1.809458440879337715e+00
1.949599853644624847e+00
1.871598412172419179e+00
2.097168959555257839e+00
2.047478536920244618e+00
1.961330733744790500e+00
1.405737530275373182e+00
1.306048085564942784e+00
1.602478885556233523e+00
1.540646278183757101e+00
1.885866422500655837e+00
1.776431507171165380e+00
1.720307184848332227e+00
2.014442991854781262e+00
1.800264768273880378e+00
1.696240484446627450e+00
1.963858466562580007e+00
2.318861249894476284e+00
1.724198020699256872e+00
1.879025508037752479e+00
1.506408514384976804e+00
1.623815663353819438e+00
1.514847639548614344e+00
1.070157244632344851e+00
1.639963365446096777e+00
1.444631552839521271e+00
1.309757602017656231e+00
1.277706574844339693e+00
1.401800408686591171e+00
1.491275039464696084e+00
1.203625702381588614e+00
1.181702677069533802e+00
1.191835906111187837e+00
1.101621023504828933e+00
1.144732416840945621e+00
1.259266142415278678e+00
1.246598015503597612e+00
1.402769601227974672e+00
1.501749412418770691e+00
1.626561098534337280e+00
1.645242024805077197e+00
1.816846938598197347e+00
1.683644545756905586e+00
1.654539752853773082e+00
1.593843006925272698e+00
1.922228673783852315e+00
2.077853392642782016e+00
1.873106735620070573e+00
1.844270698950811527e+00
1.733077580086235914e+00
1.438718277046565852e+00
1.450622778491535980e+00
1.417374248859998076e+00
1.177250767268912091e+00
1.317040872298878451e+00
1.363489317969010628e+00
1.507911042896862952e+00
1.702108602816020611e+00
1.689417714387646985e+00
2.216357170851005698e+00
1.967672411373967201e+00
2.038579484911905659e+00
2.256685930462781098e+00
1.479397504071721769e+00
1.487833218672493851e+00
1.585831588792057545e+00
1.868266890046460738e+00
1.989549726717194433e+00
1.207078190330652667e+00
1.401607734324205934e+00
1.593437413008238046e+00
1.360827548200293835e+00
1.482264275564328715e+00
1.522302093130184497e+00
1.874181608419023704e+00
1.730435729141530876e+00
1.549889114430340165e+00
1.931945835003070489e+00
1.624039055044644630e+00
1.419443080449540817e+00
1.687023506508485315e+00
1.505559418190315135e+00
1.899919994169853910e+00
2.047902295262177486e+00
1.827277219927027962e+00
1.997082047817749562e+00
2.158469500267811814e+00
1.772367278154861836e+00
1.792116648717728467e+00
1.623138943597289163e+00
1.657364897996936426e+00
1.745087919670189169e+00
1.825692248043196519e+00
1.688330825613359565e+00
1.925564219827359258e+00
2.041124522670962005e+00
1.691111015724632738e+00
2.332265223739077520e+00
2.734106573106064975e+00
2.390494980168561767e+00
1.953736951384231979e+00
2.340663940590068659e+00
1.717453279988331749e+00
1.881518397777199869e+00
1.511119435237940678e+00
1.936069893888809013e+00
2.190341386738613672e+00
2.286382907477680249e+00
2.245243374367567490e+00
1.756852442763321420e+00
1.904098396766839674e+00
1.832441102165214719e+00
1.425144005469500819e+00
1.111530345073304948e+00
1.443150776239057187e+00
1.352263091471011869e+00
1.328534664031735701e+00
1.725185374751611933e+00
1.758594854540473706e+00
1.725319431568472117e+00
1.517845609525825035e+00
1.382515567302736059e+00
1.169621063513979653e+00
1.265516203965026953e+00
1.294319277030651749e+00
1.248701675355936347e+00
1.489138667431648466e+00
1.472950966562921238e+00
1.655806078154257621e+00
1.670935659387454697e+00
1.956471419288032365e+00
1.730898336214937050e+00
2.140189677300460946e+00
1.770575542746975151e+00
1.321169069844664090e+00
1.133609629050627454e+00
1.635001322665724288e+00
2.037445083252730882e+00
2.043229500974256041e+00
1.725983878052418818e+00
1.872611339727659585e+00
1.815577741496539943e+00
1.512601270327089686e+00
1.562649783479077570e+00
1.679238390155464389e+00
1.804552355857304891e+00
1.459469235585524993e+00
1.684772659409281337e+00
1.854139654128033943e+00
1.944749012999148041e+00
2.172230430667712930e+00
2.108573018329628290e+00
1.981152269991104831e+00
1.947408652022575737e+00
1.683588384273182248e+00
2.007650411895824050e+00
2.068157723333491127e+00
1.869202278574155329e+00
1.556167844989823523e+00
1.122232936683011495e+00
1.480455266675669401e+00
1.507460393823288669e+00
1.391250535435017310e+00
1.451255099406371096e+00
1.464936068997687357e+00
1.317930086482903773e+00
1.179215213795554273e+00
1.724862347105680982e+00
2.126412662146436094e+00
2.293237933550884566e+00
2.237537578122894111e+00
2.046538599828547245e+00
2.001773576854335879e+00
2.125186164398565669e+00
2.182048222336566035e+00
2.515601892478310120e+00
2.181818507413035402e+00
2.445971035926004955e+00
2.277487321135412301e+00
2.594123037382834784e+00
2.111080616030446500e+00
2.303924619932928852e+00
2.302436857592592201e+00
1.971400446930184902e+00
1.709940728112767871e+00
1.699240782234983982e+00
1.777571213756142576e+00
1.714505037435422041e+00
1.944828599780861200e+00
1.960730680178079943e+00
2.236253176635916606e+00
2.204533370364669231e+00
1.838503187717576814e+00
1.852809385302811584e+00
1.581762661495119016e+00
1.382403114196353755e+00
1.460911744924013655e+00
1.673984163597828756e+00
1.754003409771548228e+00
1.643608449838706242e+00
1.652140961352308146e+00
1.781378205715855145e+00
1.537909083918668873e+00
1.340858873121105521e+00
1.546252842089433699e+00
1.571956509175593375e+00
1.744416665357879426e+00
1.385975646518486704e+00
1.742456215996494029e+00
1.587096997152515288e+00
2.035088962011597946e+00
1.611184930882893385e+00
1.874848877272011549e+00
1.591105855283560189e+00
1.676724753874681895e+00
1.648814954554026713e+00
1.350939025787369463e+00
1.141046981774958669e+00
9.866202841355863340e-01
1.191264788719387901e+00
1.139472944898462625e+00
1.176267471646960550e+00
1.438595723962492468e+00
1.399932138699494510e+00
1.708482085934965644e+00
1.827706122778324449e+00
2.141520114854553292e+00
1.990712338277129234e+00
2.167536404927540516e+00
2.027199970635741533e+00
1.858969207930714962e+00
1.795994561641319764e+00
1.436786001492478704e+00
1.708650635041097932e+00
1.793744160311434133e+00
1.911235067226633610e+00
2.089046468557030689e+00
1.957811155906200584e+00
2.128454877268014300e+00
2.274847610842566592e+00
2.118014945826930173e+00
1.680468847149958256e+00
1.468956716780488891e+00
1.121269751700981088e+00
1.355005586261118777e+00
1.545132801660455302e+00
1.445981963972328810e+00
1.441180405646993679e+00
1.448628592070578369e+00
1.475390432394108498e+00
1.593405994659693015e+00
1.528714217535323217e+00
1.237364887069591468e+00
1.286423259523031826e+00
1.511979792408612466e+00
1.387781072086896161e+00
1.607971098979776858e+00
1.781810161970268425e+00
1.813408792047643603e+00
1.926360233497899976e+00
1.461558811498765653e+00
1.579638079055681432e+00
1.510935503495663745e+00
1.255149077648169964e+00
1.221292969217083524e+00
1.248538398523480142e+00
1.174423550214801493e+00
1.019136031550757826e+00
1.302048215128693620e+00
1.503445948238067986e+00
1.293348272652096398e+00
1.487080626006947348e+00
1.345446243665276320e+00
1.387015997546296564e+00
1.510259135233678496e+00
1.624762779344834485e+00
1.212032507395323089e+00
1.268426927599047183e+00
1.165272810517532287e+00
1.232059360929402381e+00
1.569845485991030909e+00
1.465713606829342819e+00
1.592886315156682109e+00
1.404834874421860169e+00
1.427346531763235227e+00
1.190176305295979731e+00
1.149625966994095139e+00
1.287569200199278452e+00
1.283618280934132994e+00
1.502095955644028091e+00
1.491805905204917515e+00
1.500674416888738483e+00
1.509760544998525633e+00
1.516158604841962632e+00
1.672469424342551747e+00
1.648205754577135806e+00
1.327817950103076239e+00
1.288102229648951269e+00
1.422222998787174397e+00
1.511128786919394784e+00
1.546201489677414331e+00
1.355538271339714385e+00
1.473547360348925528e+00
1.206363156813692550e+00
1.300430533507518804e+00
1.537518147633042842e+00
1.631581475591653785e+00
1.582940140556514441e+00
1.432242461067741113e+00
1.481106617350163246e+00
1.399386556806487603e+00
1.256194919549447286e+00
1.217626576538458183e+00
1.210172541427043669e+00
1.280291611868201285e+00
1.156946634840523735e+00
1.295287972122963316e+00
1.141653433775284832e+00
1.110594063972162093e+00
1.210552157333092183e+00
1.426901944349597606e+00
1.512702807237035207e+00
1.352128372027246117e+00
1.318821848303769251e+00
1.422546895588320481e+00
1.297830867200067573e+00
1.484523294867088339e+00
1.445499328224739699e+00
1.463405490478465909e+00
1.130308382744810602e+00
1.134820479416982719e+00
1.781926140866210817e+00
1.809103229971320337e+00
1.332753301855644779e+00
1.664960125479431063e+00
1.573597936129342845e+00
1.803250056285405911e+00
1.967230742683083733e+00
2.018119367571773903e+00
1.868352126658036072e+00
2.024134763961693118e+00
1.851270974736097363e+00
1.936202351429971102e+00
1.788686823964025896e+00
1.928687669288392748e+00
1.693260851753941143e+00
1.633443089398452841e+00
1.753256819399563460e+00
1.607893256489911327e+00
1.687756414497987967e+00
1.448686749195609913e+00
1.238032822475422456e+00
1.206160959810500977e+00
1.322242678202314003e+00
1.423955444476883159e+00
1.328140618676862950e+00
1.703046955644554661e+00
1.874956220682173935e+00
1.432888895268493945e+00
1.755421081474433098e+00
1.636530902800273912e+00
1.357447431121355574e+00
1.358552715287971502e+00
1.337011822643658476e+00
1.220753206936486368e+00
1.372987908406046342e+00
1.251809400022239060e+00
1.554795152043054296e+00
1.346469412431329005e+00
1.517071014760199565e+00
1.340066969385662166e+00
1.696847156141811475e+00
1.556511735859501533e+00
1.712588404905572403e+00
1.320791841381707465e+00
1.404190862727619171e+00
1.241336762334972921e+00
1.641389533676201884e+00
1.493363914716541396e+00
1.347419971001210026e+00
1.507864296031326656e+00
1.414414462049081500e+00
1.367078530844380913e+00
1.253595270289897812e+00
1.236343947770993879e+00
1.449195680464312908e+00
1.522382700573749803e+00
1.841803664756175740e+00
1.728715629264404585e+00
1.696586784280868176e+00
1.710106630437698172e+00
1.806008963246426902e+00
1.713206838601371906e+00
1.405813670465994480e+00
1.853750916515656044e+00
1.526847528828081613e+00
1.597295375198434897e+00
1.881869433633999833e+00
1.308034880202057160e+00
1.331588979901135783e+00
1.917234829723799550e+00
2.288334847985901366e+00
1.932628670940582438e+00
2.006940727743502961e+00
1.860135085704146762e+00
1.780028535473686890e+00
1.538451425492505020e+00
1.547693865234571975e+00
1.766845217758684861e+00
1.892645189195083733e+00
2.082218328578594235e+00
1.903091896836138108e+00
1.895030463924360253e+00
1.876996033121793195e+00
1.876892548883916767e+00
1.802061770755194914e+00
1.763935204212556229e+00
1.435926351493182596e+00
1.475463873554937244e+00
2.166330596866336666e+00
2.164001262871921849e+00
2.263831505640638841e+00
2.164031530924043878e+00
1.952858815475509324e+00
2.625554569641133540e+00
2.672702207507780869e+00
2.603938338515281448e+00
2.507726364619276449e+00
2.234609626580274178e+00
2.048733986937372631e+00
2.118927897800971127e+00
2.165665335863049101e+00
2.383563585567873400e+00
2.014449289705290358e+00
1.847243355527862896e+00
1.649395932514070573e+00
1.760858746726540192e+00
1.914915103101240579e+00
1.718929224461291261e+00
1.671195016640045994e+00
1.777516423799111678e+00
2.089070552899582545e+00
1.976596363445092708e+00
2.065514549974455161e+00
1.416652606806332093e+00
1.550343394482244008e+00
1.680505682770989218e+00
1.631375003618197317e+00
1.447095676946139831e+00
1.940055438812903876e+00
1.751242838412154335e+00
1.693025789301243478e+00
1.650613954298765895e+00
1.240347484234457731e+00
1.664771142719676078e+00
1.579530840978480510e+00
1.254224216493205368e+00
1.459439492051234355e+00
1.457361866565265895e+00
1.474333191911299856e+00
1.266474832796536720e+00
1.177505439353324412e+00
1.080631911698274994e+00
1.371886668330664527e+00
1.563316410083549934e+00
1.531125637468289336e+00
1.429288731417840408e+00
1.425320012569627481e+00
1.407452027073939904e+00
1.565996948866788863e+00
1.687244506362346463e+00
1.972494050226193840e+00
2.436929030005940966e+00
2.270157834050448020e+00
1.879186011257453437e+00
2.447158271257586115e+00
2.071813882337860679e+00
1.527145843850144402e+00
1.542017023604244308e+00
1.424278536273064333e+00
1.310420401317596628e+00
1.415976046240026598e+00
1.499841121256117349e+00
1.652092854977199154e+00
1.624867287907454827e+00
1.549508289478532586e+00
1.933542558618150942e+00
1.835047253780391463e+00
1.800565795499422084e+00
1.904517852072328488e+00
1.872581243268646167e+00
2.541094292288221368e+00
2.099426147547830634e+00
2.087890342719254999e+00
1.870267253571013200e+00
1.681738577803758350e+00
1.404097401345420160e+00
1.271146919999177616e+00
1.056691005550155715e+00
1.231180259808668964e+00
1.462356374544736326e+00
1.452693269655895403e+00
1.391003155386949741e+00
1.671473078565598458e+00
1.999419895814644965e+00
1.710850098454373969e+00
1.661184368133042044e+00
1.989988666224967506e+00
1.991293196043148361e+00
1.843463639795633657e+00
1.867893226194142109e+00
2.190868035967972194e+00
1.785549289338005385e+00
1.612972999339134184e+00
1.844975983208472448e+00
1.817945864764318520e+00
1.653993413213425745e+00
1.662488959108838094e+00
1.900267257609483229e+00
1.971165123036394240e+00
1.757103913707186882e+00
2.120474421784219299e+00
2.092193049330880239e+00
1.849287346809227461e+00
2.185894932551659675e+00
1.784796373517083756e+00
1.673132004333429457e+00
1.487429332617826061e+00
1.435722533762166409e+00
1.211110138833148220e+00
1.465334424005155789e+00
1.184897217378869883e+00
1.421146030655677350e+00
1.281885333776661584e+00
1.358738141460046123e+00
1.511815877700066757e+00
1.617678756389583583e+00
1.698558975293919193e+00
1.621111489151628948e+00
1.874873511001706960e+00
1.826101455349017577e+00
1.857958946429939973e+00
2.355071142947362528e+00
1.939114495584153053e+00
1.945114252864458937e+00
1.815901180159679162e+00
2.124580287859789252e+00
2.093244300043964667e+00
1.746889131671636619e+00
1.646620025232363282e+00
1.829817509528442576e+00
2.002198985399038289e+00
2.155494546806700829e+00
1.932750067131925098e+00
1.822205037325163479e+00
2.043010568687409378e+00
2.047021769297224125e+00
2.234527255731869833e+00
2.299082777466282312e+00
2.205526407308786130e+00
2.036773335888951930e+00
1.677181991620324553e+00
1.391676881910334229e+00
1.428381047386445113e+00
1.589940194020976305e+00
1.416116029600159587e+00
1.803885360618720402e+00
2.075741726802501574e+00
2.146933124851325481e+00
1.923146846606880844e+00
2.389201202607750485e+00
1.799375891968900021e+00
2.053285920683528332e+00
1.787849726781270965e+00
1.416393054669628171e+00
1.412001946142364517e+00
1.619339866706394959e+00
1.706811668426846174e+00
1.629735029838256466e+00
1.709411840513653802e+00
1.774956690829920580e+00
1.963780529458114321e+00
1.649132898531327385e+00
1.477025520428801419e+00
1.246404251435072164e+00
1.593430656871312801e+00
2.045797061862824950e+00
2.001726701265556851e+00
2.276076239468606044e+00
2.227567634388578188e+00
2.036847943546782336e+00
2.163575010718719493e+00
2.344396475223831100e+00
2.153823442968400226e+00
1.682129247211975098e+00
1.697602992153063317e+00
1.701387489338745729e+00
1.962481777769974789e+00
1.937414728451172241e+00
1.366380875175784437e+00
1.055701642208612068e+00
1.243739683030279597e+00
1.134138611670183483e+00
1.462777469183732748e+00
1.443367667930744114e+00
1.506433615918689739e+00
1.440684046402136431e+00
1.691228063313308994e+00
1.688394363386099162e+00
1.862989255582111703e+00
1.947382999085387256e+00
1.630650731528399788e+00
1.478740650193300255e+00
1.537606396160166033e+00
1.830871688324791968e+00
1.738639836195571498e+00
1.874698721292141990e+00
1.560285590662334743e+00
2.024795173144995353e+00
1.553114217071802194e+00
1.684827275590230045e+00
2.065912686051317060e+00
2.407305427556281519e+00
2.016246618387372180e+00
2.351004042355838486e+00
2.110079322316513295e+00
2.226797774575450806e+00
2.130463024207104095e+00
2.295075940644229817e+00
2.333231404621769922e+00
2.124090588757004294e+00
1.926953279231637950e+00
2.037809276334496822e+00
2.052729001730866365e+00
1.724364126398983066e+00
1.535037736797367325e+00
1.842746538266632150e+00
1.481171642530060284e+00
1.643822825670275156e+00
1.901059923890600079e+00
2.271751707985861568e+00
1.908110790948526203e+00
1.994492571240581213e+00
1.815397551129370513e+00
1.930387864469006676e+00
1.587496395341736033e+00
1.477752543535505003e+00
1.451315792774124480e+00
1.344778861006809656e+00
1.279046200594945004e+00
1.219843934570769894e+00
1.291561080838558473e+00
1.499160577704010677e+00
1.302611724901669099e+00
1.491339199818009220e+00
1.780945349345316009e+00
2.276094022024242935e+00
2.214278680872021177e+00
2.101770825241012997e+00
1.811004233288625365e+00
1.662502148098054633e+00
1.823767068103927746e+00
1.776039118759745294e+00
1.512948288079081216e+00
1.373136448004342647e+00
1.558613123189213301e+00
1.853902994658402026e+00
1.512119044448704264e+00
1.901597435219148924e+00
2.088279667331585099e+00
2.079584086124207420e+00
2.001778166894102817e+00
1.503196875110837549e+00
1.563611699804089650e+00
1.850660711593632435e+00
1.935784211050165737e+00
2.009372010741797165e+00
1.951995528431443860e+00
1.623251319257238867e+00
1.923580248911665125e+00
1.864498977115604195e+00
2.321831638858605995e+00
2.252656399799366493e+00
2.015555737965055272e+00
1.914227526820125425e+00
1.624189553885401427e+00
1.785232693643553858e+00
2.300581439344938417e+00
2.164084505916676004e+00
2.183084044580269278e+00
1.980040806241144313e+00
1.661177026853048133e+00
1.739117296218698927e+00
1.758620516492138908e+00
2.258012612656777218e+00
2.303772465441098927e+00
1.941013932352951832e+00
1.479450351506989669e+00
1.126708892974155773e+00
1.229776248640810365e+00
1.156031421017750249e+00
1.017187343876121641e+00
1.231279284763585391e+00
1.217803826453614846e+00
1.179379775294941757e+00
1.556641344356168188e+00
1.970634205408408279e+00
1.524909390670359022e+00
1.781558983061851009e+00
1.787662764548725747e+00
1.711455754840880195e+00
1.690238057568922203e+00
1.701844443775825333e+00
1.397864552515203584e+00
1.396473544385528953e+00
1.521368491049258420e+00
1.173649569787383218e+00
1.181407831102599504e+00
1.401499519127736626e+00
1.340241997273358798e+00
1.452882683484734594e+00
1.365614346462595385e+00
1.219842443160592316e+00
1.317070701932125276e+00
1.194584345197891029e+00
1.762161918310937159e+00
1.503854047704060726e+00
1.298712859920504670e+00
1.293023532925886121e+00
1.510115514562550443e+00
1.463889391412499519e+00
1.411233547363917928e+00
1.287102840852817565e+00
1.362961810836234910e+00
1.467399589024255491e+00
1.251122740523636923e+00
1.304579782527136134e+00
1.264586178662424620e+00
1.452007871821054508e+00
1.622925094625277787e+00
1.609235564166726640e+00
1.397475246023591300e+00
1.132428852249508067e+00
1.900733372408417443e+00
1.752450195586119808e+00
1.954680283688906783e+00
1.925130616359391755e+00
1.876807654683576132e+00
1.623507088484177352e+00
1.878591060717325734e+00
1.683681084243644710e+00
1.560926302473524707e+00
1.573298309887772195e+00
1.806215158158587020e+00
2.091193048932433740e+00
2.141671272030461370e+00
1.869223906352383668e+00
1.630061881513744204e+00
1.441855656495420135e+00
1.275693657321753660e+00
1.242934612347066592e+00
1.139983438097406543e+00
1.185524073951900181e+00
1.392725493967330364e+00
1.392987767371250074e+00
1.303924977008613206e+00
1.777365393821896067e+00
2.155275645770215132e+00
2.260078047988372418e+00
2.437443359723062475e+00
2.426032883998191281e+00
2.043324615228836461e+00
2.018794805584258611e+00
1.953821667341909762e+00
2.294683576697542193e+00
2.230093184193367328e+00
2.133564868948133686e+00
1.900233206924079710e+00
1.726711759489519160e+00
1.553043038910969287e+00
1.596127536392142332e+00
1.437399298492952449e+00
1.470793181427328289e+00
1.683135716297751827e+00
1.827626718757416668e+00
1.930370442768443384e+00
1.698778576735633372e+00
1.616286170284584545e+00
1.306979100128964788e+00
1.276022335427151821e+00
1.167414187557675342e+00
1.085760608410584860e+00
1.439145914977808083e+00
1.471189862838057971e+00
1.555413375053503078e+00
1.269982473318757021e+00
1.123468493096589693e+00
1.301021876978367686e+00
1.448244322678798213e+00
1.424236205434009639e+00
1.184232376988955115e+00
1.182405043635147868e+00
1.360214822366621057e+00
1.367474005160564499e+00
1.730689392521231884e+00
1.738662050556130101e+00
1.793918033897108799e+00
1.425450700612523436e+00
1.267086865401335194e+00
1.623999742992953133e+00
1.643682406896545878e+00
1.564889491834065005e+00
1.768094312278923219e+00
1.784052953658303187e+00
1.832216157630384590e+00
1.754357882499280485e+00
1.492584105907913461e+00
1.669491952006972868e+00
1.673726816185661992e+00
1.890170698697992480e+00
1.840678642963953893e+00
1.904707530432212970e+00
1.914525906512075437e+00
1.680971696833964080e+00
1.667585947939823177e+00
1.416715897514214895e+00
1.875842651675314388e+00
2.512393313129393402e+00
2.366216200331079378e+00
2.479579713634579186e+00
2.356487502019950053e+00
1.873107465179329800e+00
1.979319430332987073e+00
1.676965412607461126e+00
1.519046296009994412e+00
1.818861213300928981e+00
1.580930617701685748e+00
1.801508511014604963e+00
1.509453355897125482e+00
1.484219722990640200e+00
1.824408680662308102e+00
1.397768384141579334e+00
1.615781275752683488e+00
1.847720699916005849e+00
1.307975431305227199e+00
1.359811945863291127e+00
1.327748514720191286e+00
1.327472786417942308e+00
1.608345521754180218e+00
1.611716585240317912e+00
1.672337294422833853e+00
1.647058191434220831e+00
1.644286892955782564e+00
1.551688910187967174e+00
1.652909767929251705e+00
1.619555368705945186e+00
1.700108656879722346e+00
2.183723923428436908e+00
1.847293887810899982e+00
1.671876441981950512e+00
1.865256841907977137e+00
1.814557120690557745e+00
1.947714977056731245e+00
1.970750826542891465e+00
2.325685731147547841e+00
2.133532078160159440e+00
1.984493137586724743e+00
1.977413074934252890e+00
2.088252536106514068e+00
2.415739592736823482e+00
2.574982447945821207e+00
2.083924593800430269e+00
2.101166464348251051e+00
2.223322867195566044e+00
1.829363176196667995e+00
1.722984646670660869e+00
1.694249883135091395e+00
1.711461758215189866e+00
1.898876339526533785e+00
1.627614074620737483e+00
1.184955661684975459e+00
1.209403836645335240e+00
1.155047066533120503e+00
1.386499013313884809e+00
1.415658107073072047e+00
1.470724443102388479e+00
1.324130881173016805e+00
1.346654413811983142e+00
1.268329166378002748e+00
1.274716099867453600e+00
1.319627431146385588e+00
1.305220992354503728e+00
1.753785605232547784e+00
1.924361675895080559e+00
1.777196568137165089e+00
1.866387803109228249e+00
2.058871905840305327e+00
1.920365471613558528e+00
2.274173281547887893e+00
1.990929946432255626e+00
1.744239401508395293e+00
1.283507583816088982e+00
1.199792719872480040e+00
1.234107980925742032e+00
1.317350055151464527e+00
1.364680458706630795e+00
1.593324251131637892e+00
1.707939797115847647e+00
1.423592641441102424e+00
1.547541113595827245e+00
1.469399803935614202e+00
1.568350936347897129e+00
1.895790642970587747e+00
1.837311075396891091e+00
1.735863398638270327e+00
1.817007644954116152e+00
2.213190213768957193e+00
1.599951792183590626e+00
1.506650197464448615e+00
1.593028010699353070e+00
1.949055755822590275e+00
2.285523415261243585e+00
2.463330194941101947e+00
2.642023921282917520e+00
2.296691082548476981e+00
2.290544188809241710e+00
2.014483726849038092e+00
1.909226066470812277e+00
1.693443045789024382e+00
1.280046845732259797e+00
1.354961559098124546e+00
1.599536014943408802e+00
1.911730935504455164e+00
1.731592723471966355e+00
1.791733214732367019e+00
1.373534868450730251e+00
1.618083278294824456e+00
1.433369348578868996e+00
1.274624520195519750e+00
1.442949682620440877e+00
1.268889241378152732e+00
1.338845402898214410e+00
1.376610531399844239e+00
1.313851318420705461e+00
1.424654508883862469e+00
1.475654620802534067e+00
1.441460196035978081e+00
1.368173688592605020e+00
1.445699568298062232e+00
1.715425408447497801e+00
1.597324620916875881e+00
1.537015188710189495e+00
1.604106166488088681e+00
1.512906203671607219e+00
1.799753929634033689e+00
1.809254519948612971e+00
1.922454903239248614e+00
1.472512057587919143e+00
1.296921717122225592e+00
1.259068442513428199e+00
1.173423896175799452e+00
1.422330962028599100e+00
1.338133141061446096e+00
1.295143395032694711e+00
1.408945777761333673e+00
1.275870711761276866e+00
1.094300357224905929e+00
1.106759703544500706e+00
1.280872537558010116e+00
1.451046453525519198e+00
1.133223721089452685e+00
1.182337097490367528e+00
1.487792018751212808e+00
1.399081466922373451e+00
1.445790842923229569e+00
1.401537791093980356e+00
1.314266320923227704e+00
1.389904087011654132e+00
1.473625779139714709e+00
1.315118066489521009e+00
1.310378590860492132e+00
1.279818607718263390e+00
1.017081807453184217e+00
1.212772570624544688e+00
1.754935831135005619e+00
2.039575800863639543e+00
1.843216146366348784e+00
1.988370841610698214e+00
1.944672019343049563e+00
1.929971192192122764e+00
1.703417204102546156e+00
1.299497976504680352e+00
1.795596300534012757e+00
2.080730990668867797e+00
2.315492344985763395e+00
1.822459106003021079e+00
1.673602536620771630e+00
1.731053581169521571e+00
1.795487751418501254e+00
1.737755255933432608e+00
1.795207310822841906e+00
1.788887247670671421e+00
1.240431577366958749e+00
1.323971291635190894e+00
1.422133267151675762e+00
1.391135539504881002e+00
1.474529869099623136e+00
1.314533342390235227e+00
1.387325833996967184e+00
1.803308749618923734e+00
1.795397782482113902e+00
1.610565679564594621e+00
2.000881835107936713e+00
1.964441190337118393e+00
1.811115637031146974e+00
2.179169683291202197e+00
2.065114425156243438e+00
1.868137878792410111e+00
2.130384722218252147e+00
2.046069846534063430e+00
1.734255631658287333e+00
1.566587183844243558e+00
1.445910461011737258e+00
1.416657179844741599e+00
1.162162774787355746e+00
1.144348780742783012e+00
1.263247519819024278e+00
1.281387756698979530e+00
1.239685532309021454e+00
1.268527417741592611e+00
1.340982633652641365e+00
1.475623784130562388e+00
1.133897367917258814e+00
1.442851107954084888e+00
1.390111731900163683e+00
1.335646493707819182e+00
1.563828542275340627e+00
1.663253896168983337e+00
1.580215229929696541e+00
1.550937142573711958e+00
1.035811416789979011e+00
1.101612046564392378e+00
1.352324871333457246e+00
1.719384565010078525e+00
1.211065729912751188e+00
1.158321359943871087e+00
1.503245933209263807e+00
1.764678401221419612e+00
1.512131395343614182e+00
2.044240861974201628e+00
2.022274420087209812e+00
2.026314585523496081e+00
2.113856260623270256e+00
1.945046430921033354e+00
1.730375015205969369e+00
1.769942680489712927e+00
1.793722479784229940e+00
1.817567687198238024e+00
2.036549494673532745e+00
2.329407306845181491e+00
1.900672772160960422e+00
1.841808177400492630e+00
1.994705062784933647e+00
1.839301777384329872e+00
1.901345667936661599e+00
1.729865780164850042e+00
1.647395208692254087e+00
1.567985357412124525e+00
1.792396916752595493e+00
1.309808814529857424e+00
1.372685643987175741e+00
1.234532118066295370e+00
1.508288932575442942e+00
1.739118451032249713e+00
1.527843898301771475e+00
1.339888013701473479e+00
1.141702875865952871e+00
1.311545735863243856e+00
1.326049182278465688e+00
1.520256114522459345e+00
1.266514329900153113e+00
9.154289374282987835e-01
1.247499504422664884e+00
1.050437257026388238e+00
1.476679869258108679e+00
1.431150997564319960e+00
1.492412031566596742e+00
1.462142938305907247e+00
1.452384893573233526e+00
1.625018566241360318e+00
1.571373542964106029e+00
1.995491954625456588e+00
1.766061861204257788e+00
1.999709002422199511e+00
1.906595993287013346e+00
2.007517604650239651e+00
1.516846739143299372e+00
1.484500774070055096e+00
1.382779641594990672e+00
1.613746882933960514e+00
1.534514989281079211e+00
1.521052115873106070e+00
1.385244690691119107e+00
1.214461621360188426e+00
1.138538373422248728e+00
1.312562941010711137e+00
1.515053211416061307e+00
1.530374306363649461e+00
1.361667978731799566e+00
1.347070005518715030e+00
1.642076169863747159e+00
2.179468735065981821e+00
2.034781248966284206e+00
2.273583518182909824e+00
1.771025665198746823e+00
1.600195253353574376e+00
2.039646078709934418e+00
2.086609545055221115e+00
2.356776629840819037e+00
2.167210018348919132e+00
2.082325981931639092e+00
1.725742713782212334e+00
1.604691207611687265e+00
1.599266135814982448e+00
1.749695066690570844e+00
1.799625168926193952e+00
1.998862079052529772e+00
2.172577216275556999e+00
1.681557537338316255e+00
1.532808911536331919e+00
1.807041357461868447e+00
1.885896012063982941e+00
1.578817959871626542e+00
1.785872353260971712e+00
1.536134027319215001e+00
1.410021596749926331e+00
1.821550953008167939e+00
1.916153528104212134e+00
1.657459635806662890e+00
1.509422183490130909e+00
1.709978216969544995e+00
1.722413308662628539e+00
1.351421612937596217e+00
1.409961099562651698e+00
1.809349622432413263e+00
1.402557835421791133e+00
1.289637456892450462e+00
1.468396250235769029e+00
1.302550840046488467e+00
1.310670653660714446e+00
1.374128800043978416e+00
1.850571268869473762e+00
1.879957921480530203e+00
1.613341151145223806e+00
1.777657339018495541e+00
1.954613880080575017e+00
2.027782329941031136e+00
2.168318730200690769e+00
2.148274304573253080e+00
1.950074907330608731e+00
2.238773949099107874e+00
2.007280610873509286e+00
2.102763836987866508e+00
2.030835887991329969e+00
2.169176690768475968e+00
2.341193437014854162e+00
2.549947141384309557e+00
2.179122337225501305e+00
2.281309775286480601e+00
2.120812556516280090e+00
2.153534093560178331e+00
2.009159368405725843e+00
1.457662063584787226e+00
1.523873850622929460e+00
1.625003295845627527e+00
1.476407980644541595e+00
1.389976966167651540e+00
1.621420927459555017e+00
1.740699693798946290e+00
1.722706122387689165e+00
1.682387785699311245e+00
1.413901655490262144e+00
1.452609920057990278e+00
1.805854674482615607e+00
1.716718556099556814e+00
1.659799510109166709e+00
1.540316356845788048e+00
1.693803375830117197e+00
1.883668897477375426e+00
2.125516381658987708e+00
2.316444934748069340e+00
2.179328134170191333e+00
1.977619069025408294e+00
1.956897619733181770e+00
1.551994189765535159e+00
1.281313351777723097e+00
1.386740072394973433e+00
1.536054972686913267e+00
1.704827779980325531e+00
1.952917623809744319e+00
2.017960985598374446e+00
2.008317134297596951e+00
1.983118833450924434e+00
1.730575917883868886e+00
1.826276560059376664e+00
1.779128914821160867e+00
1.542189614570861567e+00
1.470372258669222276e+00
1.283275835895397066e+00
1.296861026110795789e+00
1.211282007518295734e+00
1.472243863373686068e+00
1.234739324385548009e+00
1.210018786537019997e+00
1.161507989617389436e+00
1.546553644392011151e+00
1.134879921228568289e+00
1.385542223566981646e+00
1.592698410319135283e+00
1.522874238836238847e+00
1.336648716660674641e+00
1.441534812750458583e+00
1.794034607739691811e+00
1.695161158906046239e+00
1.738707490794314303e+00
1.498281974666048733e+00
1.671283609802924675e+00
1.770771116436432369e+00
1.352654262353772951e+00
1.517205808668995459e+00
1.327296089220954878e+00
1.250038729059234299e+00
1.520908878583672852e+00
1.152350888508163917e+00
1.353290590110011848e+00
1.322345480655031658e+00
1.535912936642286120e+00
1.694093775106132460e+00
1.496099808147600463e+00
1.444602085699605132e+00
1.487434604828457907e+00
1.354793575058406363e+00
1.573753734225316059e+00
1.787895078757137712e+00
1.796837525424435089e+00
1.677181937864812511e+00
2.052292140901065931e+00
1.898051627130269425e+00
2.229318469768513555e+00
2.102966205788651344e+00
1.852174670994175321e+00
1.509942782940554729e+00
1.747796108588406172e+00
1.553253362927341952e+00
1.448908797465787712e+00
1.630666632452836273e+00
1.698700203692293798e+00
1.346925105367582809e+00
1.873306400281343320e+00
1.765091532287186071e+00
1.885867389093885738e+00
2.261598495539720588e+00
1.996256926994888437e+00
2.034245749956447025e+00
1.867742143823492462e+00
1.805806927216034641e+00
1.829618643718414761e+00
1.824822905675394624e+00
1.755769996780154107e+00
1.735328986468742674e+00
1.797601016365345972e+00
1.780954190751103061e+00
1.749592701800120054e+00
1.430914809766571816e+00
1.426397449125045958e+00
1.718004612892945149e+00
2.058971168428102683e+00
1.758322773045649656e+00
1.618609384840103749e+00
2.027409259071103254e+00
1.947565712948911454e+00
2.076818531345965724e+00
2.195219626646854216e+00
1.713832469712460282e+00
1.769845996598381932e+00
1.647864157826984810e+00
1.393647432113365170e+00
1.874877031196440447e+00
1.919735012142275599e+00
1.626340919723140432e+00
1.237794917733274325e+00
1.205868310808022814e+00
1.366795884281104101e+00
1.190533181193823786e+00
1.524303112169982377e+00
1.556364385990283816e+00
1.567898269290294300e+00
1.690609749247991678e+00
1.397595773412273923e+00
1.922978963167498723e+00
1.647166412184144724e+00
1.533634505485768962e+00
1.473031651012541410e+00
1.567089934423728348e+00
1.356582490087337112e+00
1.687305980002324679e+00
1.371564732262453568e+00
1.468812428509255419e+00
1.257716086087538043e+00
1.262402019270517206e+00
1.284283432602986164e+00
1.273939436638539924e+00
1.288671493039455829e+00
1.497254602599161544e+00
1.571709642661895501e+00
1.358882450065749925e+00
1.662450015446581775e+00
1.538285816641152159e+00
1.558294512061448422e+00
1.485469872899726651e+00
1.469734872843971418e+00
1.387550341174508706e+00
1.512573723182587537e+00
1.232698185568794180e+00
1.309723253434021295e+00
1.679607724805236790e+00
1.577279561442838540e+00
1.214462082887045602e+00
1.396332128397427486e+00
2.017842098671461581e+00
1.932266852967028603e+00
2.147004111976587026e+00
2.407327597551310205e+00
1.845925041442911585e+00
1.518969800027291539e+00
1.976134330602048905e+00
1.674369598437037254e+00
1.614452388028023933e+00
1.662378583462711390e+00
1.669615471619312119e+00
1.990455242348706966e+00
1.879004045293822145e+00
2.076083345714842210e+00
2.352563330472839276e+00
1.913576948604409189e+00
1.703199815616776691e+00
1.717577057794802631e+00
2.271001877808081826e+00
1.772690869535459290e+00
1.568718293999627367e+00
1.628686797230280980e+00
1.333249114697658166e+00
1.218272691667904528e+00
1.191272412745290721e+00
1.292760317487346544e+00
1.260791515704756893e+00
1.838018321880393602e+00
1.511402103362939675e+00
1.211418098617998984e+00
1.105691221715658257e+00
1.235720045537793244e+00
1.191528714212040319e+00
1.285797681658544356e+00
1.280300637103806816e+00
1.745585561073855319e+00
1.673118209068344520e+00
1.718665853205358474e+00
1.632930669652927325e+00
1.528075878986911329e+00
1.452016082777999983e+00
1.227719290928690921e+00
1.401556786715195013e+00
1.742459246692026786e+00
1.446272227980613279e+00
1.443451736051716727e+00
1.863994344846978013e+00
1.551465365774213234e+00
1.614531200787902243e+00
1.415758697053758119e+00
1.509870506532121182e+00
1.785062048127980860e+00
1.751196335485271094e+00
1.468598756927294247e+00
1.532500631903255695e+00
2.061870712522018589e+00
1.930669732904834790e+00
2.087112515956440095e+00
2.230792723931313226e+00
1.566110764010947287e+00
1.884032774495326468e+00
1.542359812388370388e+00
1.356247699729523193e+00
1.626327421054281963e+00
1.860230834574601921e+00
1.768829969425967708e+00
1.859583422209939219e+00
1.718195563190067832e+00
1.909146755255933359e+00
1.313032060054926786e+00
1.295010851516664951e+00
1.991295102227780278e+00
1.864784396661961496e+00
1.706436991310554596e+00
1.478413835396774179e+00
1.364393464454702443e+00
1.066848918580652006e+00
1.305570794137497215e+00
1.642994472466844602e+00
2.001439585495046636e+00
1.638452558993030328e+00
1.779704000256003837e+00
1.411497538873389468e+00
1.528617615183013534e+00
1.534620419022192594e+00
1.529260936832165685e+00
1.721509284879259916e+00
1.597506070168767778e+00
1.578868865980098235e+00
1.500953656217421717e+00
1.606175931432213266e+00
1.529402678457669529e+00
1.186233526017901108e+00
1.322127233632019339e+00
1.853851820822117080e+00
1.719408088636253940e+00
1.786032094398987802e+00
1.505216669165471810e+00
1.198116320225877551e+00
1.403643961551239272e+00
1.432111370251740068e+00
1.412860461683722368e+00
1.788317912223558181e+00
1.840650056873783358e+00
1.457987662481079250e+00
1.780248231494838684e+00
1.305188494261041443e+00
1.304824326933427203e+00
1.437502063820937925e+00
1.446713114645796328e+00
1.702919943299612715e+00
1.373466931852891371e+00
1.358716671476604132e+00
1.415938563423892127e+00
1.166703528109455545e+00
1.266496991314127740e+00
1.097527787997138349e+00
1.107408212505297307e+00
1.116943306724065277e+00
1.061119040077372455e+00
1.248008121521350766e+00
1.323561926162088564e+00
1.345630739255830877e+00
1.666793012844779653e+00
1.848296815490241274e+00
1.972125598532958435e+00
2.126750360760221170e+00
2.303128001865047736e+00
2.426342279675518299e+00
2.081359036224361247e+00
1.978898614089307006e+00
2.262910550166376655e+00
1.863936292311611176e+00
1.987400410590156374e+00
1.385869484217638892e+00
1.755770860645776699e+00
1.810333675069616177e+00
1.659671959195010871e+00
1.567908295068234148e+00
1.249348184421038788e+00
1.247829984407814896e+00
1.233258076581752682e+00
1.302496287512722173e+00
1.393650397875882740e+00
1.287751065754096924e+00
1.081514610416191902e+00
1.278691898542760885e+00
1.733873011678069176e+00
1.887788164508890532e+00
1.625687510546902192e+00
2.120530808678206203e+00
1.773092525270391961e+00
1.779914903327652231e+00
1.586031089904878399e+00
1.629286985658895848e+00
1.827101045641411181e+00
1.729930738456232353e+00
1.744340438560113782e+00
1.760634529324883291e+00
1.902017836373458337e+00
1.540580367196307865e+00
1.644200765551774968e+00
1.475941714408961047e+00
1.130950211107507375e+00
1.260174641224578229e+00
1.450900901142178512e+00
1.790369999150289715e+00
1.434722688195498197e+00
1.871124419654953686e+00
1.444683240350393971e+00
1.626388831775482657e+00
1.758086867041492418e+00
1.808009053453825121e+00
1.962183099790453245e+00
1.723655835340303089e+00
1.738873726617598869e+00
2.081118800901446519e+00
1.990773184000844243e+00
2.023020596435204155e+00
1.983123620065607939e+00
1.954645142766734622e+00
1.852829534583062543e+00
2.077382355539878489e+00
2.138388609292886766e+00
1.655789201067017657e+00
1.621663124163885472e+00
1.705131332321570659e+00
1.579358354880148196e+00
1.530211198216285151e+00
1.661456148369350849e+00
1.155210930464028563e+00
1.081385249008284255e+00
1.313606254085172509e+00
1.531423959367631538e+00
1.225422217333004715e+00
1.371761161375231630e+00
1.332965704575008958e+00
1.245437132089977084e+00
1.176587402645167479e+00
1.143499164775189092e+00
1.224221503263554833e+00
1.425780246889702951e+00
1.813816481990171425e+00
1.401381933506193000e+00
1.718242375160405011e+00
2.159975498531121474e+00
2.218337462026427342e+00
2.125236177284074213e+00
1.733738567503426697e+00
2.126535794319115436e+00
1.844602521305876097e+00
1.687754619524174604e+00
2.007970674520388243e+00
2.251319508509833867e+00
2.214263715400605737e+00
1.792043506118244922e+00
1.774981667595308288e+00
1.464250530629546798e+00
1.272803045268285249e+00
1.273698235222926689e+00
1.171433046987758519e+00
1.008324689003014640e+00
1.037108181630983283e+00
1.113727298258405218e+00
1.337288912738304525e+00
1.294240816604146804e+00
1.294726266019137428e+00
1.244648855923940145e+00
1.490560127394352286e+00
1.298158082598536156e+00
1.575612429622161414e+00
1.675871395174393541e+00
1.710381245325625521e+00
1.621956095957878929e+00
1.455900593318396163e+00
1.920816376488687638e+00
1.946260186703522965e+00
1.881055034092983025e+00
1.658042375731072271e+00
1.743658987883767608e+00
1.913042737448473751e+00
1.943399173132584146e+00
1.649770321195078715e+00
1.875581317774149159e+00
1.838978233710132804e+00
1.728156889742822999e+00
1.836513393875133238e+00
1.957296785361742453e+00
1.984607601643244568e+00
1.882982528765817065e+00
1.832543050678582919e+00
1.968721773923183704e+00
1.799184607924499080e+00
1.942081409470350906e+00
1.720603440226021963e+00
1.574686885865204111e+00
1.652621058673195975e+00
1.480719067789934007e+00
1.567176748347364201e+00
1.706652346194733827e+00
1.383219119669918395e+00
1.434058444987249992e+00
1.475817339217045721e+00
1.282125547400327026e+00
1.536627560947213311e+00
1.595925598912861565e+00
1.326736596079979513e+00
1.372091041172145198e+00
1.606416098155510674e+00
1.639847275137445326e+00
1.603848794519326493e+00
2.002129420380278635e+00
1.587757014425352331e+00
1.537776337960114148e+00
1.685453387223999178e+00
1.592385381079759243e+00
1.480888793514055557e+00
1.347031929697761088e+00
1.408740186023783814e+00
1.106799856565351403e+00
1.173606558326869997e+00
1.164950059760004653e+00
1.225085352494106772e+00
1.402820049437954575e+00
1.686695057867599878e+00
1.653544970884444743e+00
1.478333779550091931e+00
1.549271859261714068e+00
1.586083328077643850e+00
1.730982728706886853e+00
1.745767601569579774e+00
1.851639273393629770e+00
1.743638202052385955e+00
1.641090765811412666e+00
1.600727297220000400e+00
1.588310583052311653e+00
1.586504829596972144e+00
1.907064397887516582e+00
1.373581012662535406e+00
1.118425417951149026e+00
1.764052847823867509e+00
1.650626475662725134e+00
1.518060667709002276e+00
1.472380925637261084e+00
1.310099711819970203e+00
1.397043678179299420e+00
1.621021826957136147e+00
1.485896009877816670e+00
1.858059450821394343e+00
1.874890709281515688e+00
2.236928889118681596e+00
2.429520520078670476e+00
2.091305354504333192e+00
2.262401246571278612e+00
1.971358380221439610e+00
1.896226832453871580e+00
1.776669433803551135e+00
2.058757089215127234e+00
1.777200753046582538e+00
1.848455728203585835e+00
1.804545360393803310e+00
2.306690384111539593e+00
2.159718001341843774e+00
2.316133686482792609e+00
2.545025986717696753e+00
2.262852603497459647e+00
2.259569775701773420e+00
1.984641723041896233e+00
2.325459835206053594e+00
2.032103744398751743e+00
2.079406192610643966e+00
1.702001855639375894e+00
1.729642545438827783e+00
1.604372869001020607e+00
1.254420283212003939e+00
1.196613382105209400e+00
1.452981829665885849e+00
1.426722157331194785e+00
1.737338499658254154e+00
1.790939489440265264e+00
2.267815476944098574e+00
1.990043476983659021e+00
2.076379481438451524e+00
1.883117530358731528e+00
1.928734897035861096e+00
2.178342832176896504e+00
1.923731395825057255e+00
2.045450947993246782e+00
1.877159366127162166e+00
2.041367788261836846e+00
2.164154589307222043e+00
2.250624540891749348e+00
2.126476078149174054e+00
1.693856786540407944e+00
1.484534399958709727e+00
1.413812741745806845e+00
1.417492604342846851e+00
1.499772632317644572e+00
1.384691942541105059e+00
1.622755779966803535e+00
1.705489030740325651e+00
1.232121792781651015e+00
1.433690517037293555e+00
1.624548682144608680e+00
1.901024316555880889e+00
1.837460842152866425e+00
1.509839641666836707e+00
2.023536725740982423e+00
1.988153445282767606e+00
1.917569340672957701e+00
1.869567043037101417e+00
2.296991068890614773e+00
1.929963847049748438e+00
1.993787252498243179e+00
1.690455653911301370e+00
1.735404906698785554e+00
1.354240465515894165e+00
1.235970946031225592e+00
1.286931293621784489e+00
1.429132106063591978e+00
1.677533909932368505e+00
1.535689910234056654e+00
1.704169054784025805e+00
1.895033307472143269e+00
1.770402419676226025e+00
1.775541708110910832e+00
1.935590539837251045e+00
1.978252078019768767e+00
2.147740309395350433e+00
2.130103577776511159e+00
1.788227332280162729e+00
1.522213308944889265e+00
1.490409907025988634e+00
1.336143934017875123e+00
1.122421432056537105e+00
1.087219654437884264e+00
1.267537982435508859e+00
1.518716371841544177e+00
1.746605579661362873e+00
1.986334608961006998e+00
1.612206611883916452e+00
1.235367145938959244e+00
1.293296775073337512e+00
1.603753084781289306e+00
1.693341289757500423e+00
1.740195615956913855e+00
1.542665367240421359e+00
1.652035985947845065e+00
1.558403571908348884e+00
1.574883262031623765e+00
1.735037309072361200e+00
1.859029823418458127e+00
1.760829767729376272e+00
1.664393473210324048e+00
1.493501786720471403e+00
1.649120522562530500e+00
1.372279270575669230e+00
1.477768706272778010e+00
2.017144833422652273e+00
1.553867965130364404e+00
1.668567176120252071e+00
1.334928677761047400e+00
1.435768164800166558e+00
1.733942494119699251e+00
1.916413876621347434e+00
1.692741628070304261e+00
1.326420316695514412e+00
1.415713868044733426e+00
1.407637720085961774e+00
1.167703351877685369e+00
1.205979877119648158e+00
1.051869886892358830e+00
1.045140497885884701e+00
1.221887095000261603e+00
1.104175715911744460e+00
1.254224968720218270e+00
1.302804180868772255e+00
1.410114827269393967e+00
1.559256963976376698e+00
1.465829910019565752e+00
1.739736435251140634e+00
1.374853533103882697e+00
1.479568376219461134e+00
1.317504770473822306e+00
1.337694282482968955e+00
1.478522758062019271e+00
1.361478840380315525e+00
1.449548189572716472e+00
1.343938656652897023e+00
1.293220584403373064e+00
1.278977224021671022e+00
1.585860625503298760e+00
1.671407138700642392e+00
1.530447941658332978e+00
1.719490092874145226e+00
1.999954800114889908e+00
1.493735107266592754e+00
1.816485378537721296e+00
1.704807216971672590e+00
1.876063697714076328e+00
1.938430001400559766e+00
1.602144182440954800e+00
1.887236830214635619e+00
1.855703090608100014e+00
1.709812479210268243e+00
1.709045616325970407e+00
2.355070379210178366e+00
2.428207541918274259e+00
1.942755800711886138e+00
1.986271133971375891e+00
1.915944294768697986e+00
1.599139932633849792e+00
1.759369058928865748e+00
1.877761764727416738e+00
1.718918228674371385e+00
2.184212193130041335e+00
2.371036525912220139e+00
2.450379814850335514e+00
2.490972139110480654e+00
2.481353639918852494e+00
2.014878311752761775e+00
2.228417816710352550e+00
1.573738472915611419e+00
1.757926436294355632e+00
1.836445981552856654e+00
1.695184529321263511e+00
1.624278270380576705e+00
1.369339455892375268e+00
1.360161616115155070e+00
1.384089619523703574e+00
1.662006089959882305e+00
2.063385481792162857e+00
1.880492763944474621e+00
2.027381221716453297e+00
1.831910720164391382e+00
1.794639718519492000e+00
1.494834243819057384e+00
1.666419653471195916e+00
1.992272302493195202e+00
2.106590996128557602e+00
2.136424715943851194e+00
1.609647618428034166e+00
1.601739050557217769e+00
1.575020825659632306e+00
1.646575575089180621e+00
2.205430464971255500e+00
1.976336130005932334e+00
2.219523038617649657e+00
2.323796171282168199e+00
2.516222583871234431e+00
1.948829515546501190e+00
1.841023110735556134e+00
2.081351739969598658e+00
2.183733366470808068e+00
2.126838013888553203e+00
1.644492692563540803e+00
1.721797617993459983e+00
1.783901481056004545e+00
2.017896095082011954e+00
2.275636674558160877e+00
2.355792582701913496e+00
2.045554529169322233e+00
2.094792198167170660e+00
1.835853839587183289e+00
1.882033326619011904e+00
1.742212810821666125e+00
1.701141211555726729e+00
1.468410083259440002e+00
1.582683035883939660e+00
1.543153538296464289e+00
1.172436780709366522e+00
1.119447374185805755e+00
1.326955490621259726e+00
1.383600203332582268e+00
1.494976925808650492e+00
1.503995667977741979e+00
1.250027910558467514e+00
1.451007867459578993e+00
1.753433299624910902e+00
1.408431463597109357e+00
1.691589847654602075e+00
1.730462630325552809e+00
1.569386286732950442e+00
1.401802481420617141e+00
1.824892575439506448e+00
1.739247987519848770e+00
1.849504993864578228e+00
1.421547525408778601e+00
1.487792214876972441e+00
1.478182383753273932e+00
1.697327358623250237e+00
2.085017519977522493e+00
2.242994823818699857e+00
1.722951683366044096e+00
2.094961348656464661e+00
2.131267332301208572e+00
1.837239541838523227e+00
1.698486226038385061e+00
1.929476676289755055e+00
1.942738449370992271e+00
1.559646945335357415e+00
1.373840419214553465e+00
1.501147489152624637e+00
1.296311797992286463e+00
1.113875345724125276e+00
1.337970714814349593e+00
1.319039945746009579e+00
1.152937190182991456e+00
1.043137976836633340e+00
1.034678772989673590e+00
1.016017655448704371e+00
1.348645054964052070e+00
1.608857278477144437e+00
1.575808164347450191e+00
1.769976318285325867e+00
1.905662471787579193e+00
1.780831922223720332e+00
1.521906879196323947e+00
1.328595668731043622e+00
1.391384582720604612e+00
1.035443354393525084e+00
1.264449049824808657e+00
1.244267845630500968e+00
1.439784594964834463e+00
1.892084016750053665e+00
1.784490699690259863e+00
1.346515848029527618e+00
1.789000013086989416e+00
1.528877764595477196e+00
1.399452327416261577e+00
1.088923791632666171e+00
1.310089507714339518e+00
1.395482004076844085e+00
1.951272203316621656e+00
1.426336208333249145e+00
1.496033736748593634e+00
1.369470267305381572e+00
1.477059830798309603e+00
1.640640120974307781e+00
1.501451280445635694e+00
1.330895618933239710e+00
1.505729834310234327e+00
1.520922820261285668e+00
1.867020268244749204e+00
2.062073202820949192e+00
2.346178663582612955e+00
1.973528811233111968e+00
2.230229985069370979e+00
2.076712857668740586e+00
1.991120003768822588e+00
2.001728184366049934e+00
2.424152642186224060e+00
2.619717131858455339e+00
2.125062816726118964e+00
1.978388920371465076e+00
2.025907773248412980e+00
1.900922617109701562e+00
1.417429854821015356e+00
1.448832312851575210e+00
1.585752694380408778e+00
1.894209539332926573e+00
1.527237671255679219e+00
1.727185512874570339e+00
1.705146260110679934e+00
1.857641381909496126e+00
1.499520892316448695e+00
1.486634408169655197e+00
1.717080008563420579e+00
1.688288391188974558e+00
1.616346140366560213e+00
1.497401767038567977e+00
1.291231389133776775e+00
1.201802566063586930e+00
1.352930344808407792e+00
1.390248042982320298e+00
1.438293031375973863e+00
1.881123575421363103e+00
1.531081013174342642e+00
1.557901742210304530e+00
1.214600504030184602e+00
1.690612163224482378e+00
1.998332509742329455e+00
2.208142716654369231e+00
2.337097008392320596e+00
1.935321485443833645e+00
1.914609696557981966e+00
2.124926484157656059e+00
1.691990280868065799e+00
1.730680873475319403e+00
1.780815567524222764e+00
2.063846318273724112e+00
2.318582638706920829e+00
2.292221401999948505e+00
2.136278803390085468e+00
1.834425736834438103e+00
1.798981408855233388e+00
2.234963761181701258e+00
1.880462471175099459e+00
2.004937709491462439e+00
2.412572280888014564e+00
2.318965659334944807e+00
2.209588046808308448e+00
2.213636053050066277e+00
2.367837608458753795e+00
2.635921966919799964e+00
2.559809740012226609e+00
2.674252577262176800e+00
2.773280286572386899e+00
2.038173467504199365e+00
2.015756171283350273e+00
2.185986769781080419e+00
2.208933314628017452e+00
1.578086290773762501e+00
1.455586017866582260e+00
1.786324771492102004e+00
2.011168640978405975e+00
2.142080742529380188e+00
2.211239717833072049e+00
2.138135269670021543e+00
2.223591115647164163e+00
2.196034670330730521e+00
1.822233481099695851e+00
1.822063565032989052e+00
1.410381570814497776e+00
1.198626115090071442e+00
1.272807993504717405e+00
1.152115683478374564e+00
9.671590963258371865e-01
1.331903638336584761e+00
1.965123395896203551e+00
1.738064515825372913e+00
1.323525885674082136e+00
1.522171207913240565e+00
1.395704885627508274e+00
1.308552846200129904e+00
1.561372314296437969e+00
1.337306957595256973e+00
1.506793124347249435e+00
1.508997707286294565e+00
1.457491769428464812e+00
1.451782534397898949e+00
1.273257273519577071e+00
1.261177729334210795e+00
1.379485395818306648e+00
1.389015705064172268e+00
1.687667540255905152e+00
1.415547801510743664e+00
1.423602521797080911e+00
1.420117643529724027e+00
1.645551450885766487e+00
1.660701719742330829e+00
1.424910131329522933e+00
1.714039717349899128e+00
1.577578314325578823e+00
1.736744033835482259e+00
1.845744242431444748e+00
1.894340991823686426e+00
2.030029895493026704e+00
1.990778003630386594e+00
1.812873304514987183e+00
1.775482258864421015e+00
1.482751652413396570e+00
1.515024919235177903e+00
1.575895211987788258e+00
1.161425617276045985e+00
1.462361582206288979e+00
1.410366881120246108e+00
1.170195503408551607e+00
1.414972992142024211e+00
1.366236242369366138e+00
1.225969758134035636e+00
1.318200011750252809e+00
1.447452418907234195e+00
1.782732578540045409e+00
1.984881569002965751e+00
2.161153773924087584e+00
2.117357135831786419e+00
2.219375407126100708e+00
1.635864534221739053e+00
1.823379108816109540e+00
2.267506709427369316e+00
2.317016967056490184e+00
2.400583780850739757e+00
1.954658468975056129e+00
2.148948758557280847e+00
2.369206800159142201e+00
1.984357542236449667e+00
1.722891097856189546e+00
2.187442829983899717e+00
2.113330470610027323e+00
2.058752367661222049e+00
2.064932182313607534e+00
1.947132264065984719e+00
2.082869139307093054e+00
2.165812520376169115e+00
1.702159195114292478e+00
1.339705555355965805e+00
1.355136994285548901e+00
1.521244247948989381e+00
1.255412100551376753e+00
1.501755802283321728e+00
1.135569125533502755e+00
1.576840947156449957e+00
2.120199149701052832e+00
2.012828284624023301e+00
1.846568811120256060e+00
1.275518912249405723e+00
1.364141206229940950e+00
1.546711553556320728e+00
1.345679283680017990e+00
1.501004809399399731e+00
1.707000732573098034e+00
1.612133772532069020e+00
1.463232981958714873e+00
1.396929551533157010e+00
1.517228205108857253e+00
1.484958745125614321e+00
1.537480892572185454e+00
1.796095142884082341e+00
1.869516625408710553e+00
1.918372204025777350e+00
1.889695334351706668e+00
1.943147027219297218e+00
1.931283572190993780e+00
1.921534230997423043e+00
1.817903480972537400e+00
1.450789406834834150e+00
1.532660956666432428e+00
1.720546016654939336e+00
1.919670188780214559e+00
2.029591825060256038e+00
2.332926705901760212e+00
2.223354312439138614e+00
2.102086921126452790e+00
2.018559079112739241e+00
1.972340476303998003e+00
1.901430168353675842e+00
1.777570509402876642e+00
2.019925464098133450e+00
1.912260442119765536e+00
1.462236113225723777e+00
1.875299200672367439e+00
1.807818019654552577e+00
1.612357981712299271e+00
1.579063995110539409e+00
1.569838185473890313e+00
1.842453485899291143e+00
1.691815379194207880e+00
1.427807313049199722e+00
1.603793908368270849e+00
1.161653802086438869e+00
1.692840691394204899e+00
1.812840797809321502e+00
1.881967383223291268e+00
1.875418379791300882e+00
2.236711951885711702e+00
2.408566148892084868e+00
2.117855211740810262e+00
1.609058665873664529e+00
1.955794711696126953e+00
2.086844820667507872e+00
1.817557805707163299e+00
1.648949162692055159e+00
1.561980047130565596e+00
1.581001055564687618e+00
1.543813142810309680e+00
1.685474708763188278e+00
1.207609572022462885e+00
1.175823441455913665e+00
1.074732731572088040e+00
1.171966429697707479e+00
1.441773720872902897e+00
1.461204332005069828e+00
1.737686299406556945e+00
2.281930918469528446e+00
2.014596331099583804e+00
1.853241654857709975e+00
1.819729119582788490e+00
2.109577778217585298e+00
2.169075278588937561e+00
2.166515468118110466e+00
1.978782866386138650e+00
1.728780490685021265e+00
1.625674042966879673e+00
1.404023204006591419e+00
1.295313340806742541e+00
1.628513889261462566e+00
1.896116925793421615e+00
1.863162965600924315e+00
1.868659764941470236e+00
1.560663309073439864e+00
1.828957994815104460e+00
1.982051801635278387e+00
1.880372738825591528e+00
1.611987944142473372e+00
1.804374882550932924e+00
2.187226380151728655e+00
1.847991266354726214e+00
1.707249826428503425e+00
1.607293611239553277e+00
1.783014540862376096e+00
1.811755356927742255e+00
1.213344642183103783e+00
1.468187541453686684e+00
1.438430870047166632e+00
1.554816669135785201e+00
1.548986630760508909e+00
1.259084635301804589e+00
1.593690139798028760e+00
1.331332115291777640e+00
1.513362295710706906e+00
1.832714361712459494e+00
1.556275318979556843e+00
1.381390405723863513e+00
1.357663142114716059e+00
1.143065017301200692e+00
1.142652793878054185e+00
1.271834171412641545e+00
1.086131028782476138e+00
1.276509373670534853e+00
1.558937377382427991e+00
1.916254577638444978e+00
1.822095612591940084e+00
1.787166033662763276e+00
1.637141382099702502e+00
1.709645569755248617e+00
1.531213018178489982e+00
1.193990335857443297e+00
1.383989651456436043e+00
1.288683749978449145e+00
1.364669524502568621e+00
1.805501183728648984e+00
1.692578326302604186e+00
1.715790872617850571e+00
1.815711311978738252e+00
1.632931212754972439e+00
1.530160571175507300e+00
1.599641890806480893e+00
1.546964518579288850e+00
1.446858455296199608e+00
1.801676131664323055e+00
1.813174142510813214e+00
1.990002939786899239e+00
1.841380819378135136e+00
1.802070633574975433e+00
1.608371163666836967e+00
1.494538194561167543e+00
1.528242374184247687e+00
1.612452093195780423e+00
1.770440151450607180e+00
1.857449057566085360e+00
1.886799172231650168e+00
1.459413190989130582e+00
1.301622572105133546e+00
1.094305123190584927e+00
1.119014565267069106e+00
1.594672461190288937e+00
1.545869320817028214e+00
1.494948921555809385e+00
1.293952369956662629e+00
1.178306275325040620e+00
1.395166671140042114e+00
1.355208564607672139e+00
1.458229309049283717e+00
1.392038861573002606e+00
1.857293956085001696e+00
1.920129943742548084e+00
1.614475469326694057e+00
1.563605903376569906e+00
1.894925220545214506e+00
2.080226876348061804e+00
1.855149306960543143e+00
2.175878705972691840e+00
2.246616889498391334e+00
2.051236116370916296e+00
1.765400515766290201e+00
1.803538023088994358e+00
1.569201264208539559e+00
1.700189186196719326e+00
1.914048494845456361e+00
1.856588962102673213e+00
1.724333659226727322e+00
1.781623425398754623e+00
1.574252420365123584e+00
1.450099695917555831e+00
1.296372955775488167e+00
1.464059074706129060e+00
1.324034566078520880e+00
1.675001380607508139e+00
1.880765013956375631e+00
2.118409970537211695e+00
1.928495793695384153e+00
2.135490001169518148e+00
1.821664702717130879e+00
1.648057140372790386e+00
1.526152481711033904e+00
1.884896651135397505e+00
1.867023736048020188e+00
1.834330763918132323e+00
1.807316057626708883e+00
1.554769268567100182e+00
1.499403383496858311e+00
1.297374961234994073e+00
1.581204519983768986e+00
1.370581358802316352e+00
1.281816252821692537e+00
1.372355668685127483e+00
1.219972244600763700e+00
1.326928358172039246e+00
1.330261452685648216e+00
1.344748586589722406e+00
1.562743975646022410e+00
1.416568307429614260e+00
1.278113183022097310e+00
1.434831879299283353e+00
1.312494648719777501e+00
1.595329129270232293e+00
1.840838478234482656e+00
1.575749996099009564e+00
1.263945787889138916e+00
1.277813611941883920e+00
1.346759295505233212e+00
1.418563543263907434e+00
1.457699169440586751e+00
1.108788493165429490e+00
1.272987630613170884e+00
1.278187494731717111e+00
1.455797700649709592e+00
1.974181219625401162e+00
2.081443585133337049e+00
2.019113562966166953e+00
2.059220678961217299e+00
2.020321901687697430e+00
1.977673311121145971e+00
2.257103629403448330e+00
1.702456946778806213e+00
1.414130092668923977e+00
1.348337030764154232e+00
1.564834079704468417e+00
1.412900944125313307e+00
1.388282151740339643e+00
1.573609380516212575e+00
1.616688214145620028e+00
1.634989733307954829e+00
1.992175890496620916e+00
1.429571227344800022e+00
1.561165594927791389e+00
1.502053771612195998e+00
1.702758238095914978e+00
1.927738019856641616e+00
1.987435009969808819e+00
1.853726944255539966e+00
1.765244824766405429e+00
1.564211816665421750e+00
2.074084910561010187e+00
1.689440201374456052e+00
2.118353097259607853e+00
1.711338647099384547e+00
1.854217901969875903e+00
1.800965406959491588e+00
1.710838342711095805e+00
2.101851757498303552e+00
2.073117171634720091e+00
2.176817828577022773e+00
2.463523678129424077e+00
2.239954322844881052e+00
1.994225167489794392e+00
1.851069705087947659e+00
1.827734184155008990e+00
2.153420452771496407e+00
2.420961656203480139e+00
2.224361998617920388e+00
2.115502116601179150e+00
1.845363869591388983e+00
1.747837888321375432e+00
1.518792899326256496e+00
1.325704438632309801e+00
1.824177076112460716e+00
1.906423913740168619e+00
2.007031645048068746e+00
1.894341793003056829e+00
1.886411539804454307e+00
1.175003381151882520e+00
9.859512146937418064e-01
1.211880192337388529e+00
1.215652716133529765e+00
1.275437995668954327e+00
1.182149308967916257e+00
1.122521157269375403e+00
1.184631286505597458e+00
1.121911109203527879e+00
1.305340732898580658e+00
1.376817221737680619e+00
1.303763410510013099e+00
1.489975935484892045e+00
1.403347618433848920e+00
1.576219161909396593e+00
1.661439615604917819e+00
1.451757680530639805e+00
1.569470076893475285e+00
1.219548209378254144e+00
1.516337603473412621e+00
1.416091700874640757e+00
1.461164431122706553e+00
1.450430594126888018e+00
1.812859900338757102e+00
1.300280551687250430e+00
1.063420903311751653e+00
1.332390485879966668e+00
1.828685016483848180e+00
1.512266833804340571e+00
1.276591169108651780e+00
1.128091058867224605e+00
1.566177220691296501e+00
1.383926455003025247e+00
1.099450251866145534e+00
1.392397846928227434e+00
1.642826378582425084e+00
1.707879309569301896e+00
1.465701462833417734e+00
1.249693824992682778e+00
1.459582119562441660e+00
1.608990608635860298e+00
1.664411223368601034e+00
2.019934448397375348e+00
2.282562364283584611e+00
2.217719530716704135e+00
1.903462520223562882e+00
1.926627295695850783e+00
2.158386223869330767e+00
2.135131760803354872e+00
2.146606819978245095e+00
1.888668837846804172e+00
1.751163930660639467e+00
1.558694709886058405e+00
1.596446237329689488e+00
1.290211042894917171e+00
1.690882670561806966e+00
1.920209211774055902e+00
1.791449351991102112e+00
1.695310650538390140e+00
1.841055819728616427e+00
2.520136286945257265e+00
2.011777418767974002e+00
2.179806402825131162e+00
2.503723081722814214e+00
2.230292146498833894e+00
2.405597610019228672e+00
2.382429601518258444e+00
2.198675577748187226e+00
2.270603646027637534e+00
1.968796181176588833e+00
1.654947638136402110e+00
1.354922551860765489e+00
1.241727236480260954e+00
1.196137945387740542e+00
1.556010074435915991e+00
1.625507101373849572e+00
1.457813746901747365e+00
1.470338610268674406e+00
1.719314418394432442e+00
1.377108781411373606e+00
1.571487124634776578e+00
1.649023587200028729e+00
1.812239589630965320e+00
1.954364471792477520e+00
1.287739978606721403e+00
1.696025285289331386e+00
1.629092532617299582e+00
1.693397194649210569e+00
1.877317245479974916e+00
1.793815717951858124e+00
1.703784666571768858e+00
1.807539133394409081e+00
1.226270422197170751e+00
1.389287242860486771e+00
1.539063466435577787e+00
2.061908908380960082e+00
1.757106243255044165e+00
1.515581246888048517e+00
1.562647906134416509e+00
1.520477255648085890e+00
1.545818629239413600e+00
1.422259574441627983e+00
1.602721723503183870e+00
1.862097167804919629e+00
2.307049497082956258e+00
2.393545522133082581e+00
2.216356121973934279e+00
1.814053393380563595e+00
1.606808591007621745e+00
1.575026110273963109e+00
1.550766872893839077e+00
1.654589482558035618e+00
1.456852297330296864e+00
1.571683120666603095e+00
1.593804206913040034e+00
1.652174843794247394e+00
1.591190055128316905e+00
1.299587264733018221e+00
1.606862013169277237e+00
1.439950963406724460e+00
1.641667915192934535e+00
1.847641161938256005e+00
1.329828163253215401e+00
1.248967290293094168e+00
1.292649968882597866e+00
1.509011134336671667e+00
1.616794548649602037e+00
1.667936023642998755e+00
1.616300512657928401e+00
1.756844650424318477e+00
1.860636457749142769e+00
1.926141426971123671e+00
1.579843438912591491e+00
1.608217526127948105e+00
1.603618368315125942e+00
1.843815954932191747e+00
2.215373644410284726e+00
1.624508423704492222e+00
1.503205956004255217e+00
1.876854651690186060e+00
1.767681034431731524e+00
1.939476951144743611e+00
1.698691794391373522e+00
1.675599870003285918e+00
2.047013424487744260e+00
1.609100457296536835e+00
2.183798149575889802e+00
1.805388407463036859e+00
1.621949590022057963e+00
1.565655069830990120e+00
1.814373504388909986e+00
1.441587374015350642e+00
1.140191696357756967e+00
1.354690669056440866e+00
1.273800971730263853e+00
1.174617773512633079e+00
1.275100736863624462e+00
1.505768945601362097e+00
1.449888644544878424e+00
1.308188310182281988e+00
1.415283787393076587e+00
1.074167994476614707e+00
1.341275560969374503e+00
1.545405270235852502e+00
1.448111612680790472e+00
1.664657844028722522e+00
1.456744002139446437e+00
1.384702827362001454e+00
1.418248375186505150e+00
1.514592256347051746e+00
1.487484285463044342e+00
1.703422319044944233e+00
1.934244128047406752e+00
1.838362949892513587e+00
1.658224333827928554e+00
1.824128257853124158e+00
1.749723503402163649e+00
2.004327395895486585e+00
2.279704544612159989e+00
1.662671317589015763e+00
2.373258754305735518e+00
1.930231714496928097e+00
2.012901971634920795e+00
1.507858208255761667e+00
1.441307422715291109e+00
1.739972093271384912e+00
1.732433694989218953e+00
1.379116708519843471e+00
1.629716747435489443e+00
1.572299715304841250e+00
1.471566637094459118e+00
1.465628331148042696e+00
1.982463499536438967e+00
1.871322333563623319e+00
1.736569331729952204e+00
1.816905267824446613e+00
1.605287884338911786e+00
1.678870913970850198e+00
2.054504989677417015e+00
1.982633101639005746e+00
1.929623869116480650e+00
1.994727723050522705e+00
1.533110095114495586e+00
1.882201137095410592e+00
1.722513623784539538e+00
1.161700846551792177e+00
1.232132391807005511e+00
1.192859211073822534e+00
1.230592929855860884e+00
9.994450237403246229e-01
1.159155142290475338e+00
1.464012899511736521e+00
1.673759120702082548e+00
1.489205543905088858e+00
1.316863661217309689e+00
1.377784787084305407e+00
1.476518947716763952e+00
1.674677023307010293e+00
1.858526444535612443e+00
1.900547714872173444e+00
2.192260961624541871e+00
1.861681812256605895e+00
2.310173498101542044e+00
1.953962269093261206e+00
1.762680425807839457e+00
2.222179019651822074e+00
2.102094292648035712e+00
2.063066398030945603e+00
1.579810369422889549e+00
2.010793498968119319e+00
1.682395257363321406e+00
1.504302101883356446e+00
2.350915214700893152e+00
2.685402840053862317e+00
2.198466940280694004e+00
1.881629489765573870e+00
1.716262016617966513e+00
1.441154116884373115e+00
1.314729915963341433e+00
1.144698020016604367e+00
1.492724298753961953e+00
1.186835568747091285e+00
9.205627075789259983e-01
1.195221495771034537e+00
1.460615584534741274e+00
1.662444274995579896e+00
1.539733584092306096e+00
1.775882466766273371e+00
1.514092338634377422e+00
1.683272602320654121e+00
1.448636484179440131e+00
1.484139925049672737e+00
1.516558534416958093e+00
1.396252896983968705e+00
1.573395518083476219e+00
1.296507703668561717e+00
1.357465439742410185e+00
1.253010149112905536e+00
1.600309456310799350e+00
1.337979570316470523e+00
1.290402004065186237e+00
1.419520221365103918e+00
1.486314035022296309e+00
1.766999571073442965e+00
1.740331873106742311e+00
1.553021233465260664e+00
1.277989390970189598e+00
1.090132003606329558e+00
1.453420082536334590e+00
1.827245518111468847e+00
1.458816081411683285e+00
1.511175855278536595e+00
1.527197071441399823e+00
1.291281223756117091e+00
1.555327842507907121e+00
1.443413481111123442e+00
1.740020173069257714e+00
2.017944430375796294e+00
1.539193151477040944e+00
1.673852630771232697e+00
1.828609710854593562e+00
1.702120965194344082e+00
2.162835204497399300e+00
1.611997533501135393e+00
1.476974029059419102e+00
1.792876740437280736e+00
2.268122300977935435e+00
1.938719302879401418e+00
1.905958480133778554e+00
1.455297017893599554e+00
1.368766457222109212e+00
1.249844105393835392e+00
1.250611522945187293e+00
1.477492827234375472e+00
1.161928405096909644e+00
1.044352200659271368e+00
1.394079395561159451e+00
1.485119026963966915e+00
1.401980393989613827e+00
1.411909321090981217e+00
1.499736932190247174e+00
1.752994050904477241e+00
1.842918287103270991e+00
1.287142391462320568e+00
1.434086599972724585e+00
1.267827077001843605e+00
1.453873534740463880e+00
1.379594655079087850e+00
1.615362089156926251e+00
1.325535719910965637e+00
1.326550877568364761e+00
1.577224336414766226e+00
1.234670734165010941e+00
1.363965819606884011e+00
1.191585656584307928e+00
1.433948730584910791e+00
1.268856494830559622e+00
1.517024651051900985e+00
1.449742315395719405e+00
1.464973921618899277e+00
1.957094198858684297e+00
1.526046966939115457e+00
1.443475056061330974e+00
1.449114782126903478e+00
1.427050522858984927e+00
1.549330350473432816e+00
1.876488496335417144e+00
1.578870233318593552e+00
1.854647315290130383e+00
2.105633330953128546e+00
2.184756117927241892e+00
2.195248587818646069e+00
1.936951500334999743e+00
2.235444357443163721e+00
1.730697683298525691e+00
1.588383141412900379e+00
1.608835401862999337e+00
1.991003330784263170e+00
2.255135845362242986e+00
2.185151862909707976e+00
2.015934223890416099e+00
2.405050862912427867e+00
2.278026794851447878e+00
2.326904264483002915e+00
2.350974352359075592e+00
2.334039483255723635e+00
1.784566562158783842e+00
1.512726325966845753e+00
1.320099243804798483e+00
1.540981484799194501e+00
1.654316321513243260e+00
1.526428686375128851e+00
1.727166937879523134e+00
1.909900447111222199e+00
1.281439917531164596e+00
1.355787646378735500e+00
1.211292206473844280e+00
1.255873952366010071e+00
1.398972883029337533e+00
1.228210742460878357e+00
1.271207772223748478e+00
1.106801464904197285e+00
1.423312385899879740e+00
1.698944962995208474e+00
1.328970760337449875e+00
1.434061863455259767e+00
1.147627372131621915e+00
1.615733184858386240e+00
1.630394673216780665e+00
1.325471402955205269e+00
1.315747784325786762e+00
1.672279964600725144e+00
1.664488912437773749e+00
1.807511078673824434e+00
1.462166967880390578e+00
1.453923538526823211e+00
1.370440009254012104e+00
1.321777586883326583e+00
1.450415177604678307e+00
1.955946290005002197e+00
1.954942889494245550e+00
1.756885459193997079e+00
1.695084068718567316e+00
1.979454829278155747e+00
1.773555070972601122e+00
1.895549370619418417e+00
1.997543138664461537e+00
1.839556995525697403e+00
1.625667904065957403e+00
1.883261069545852040e+00
1.600860023050719505e+00
1.457652019488010930e+00
1.560103576717341678e+00
1.447894269821237145e+00
1.537933817640890322e+00
1.794329189059757912e+00
1.668941257952259782e+00
1.648670919390463174e+00
1.436583427457176265e+00
1.700564749907175432e+00
1.740952390680060802e+00
1.804256590184107445e+00
1.589982849986621538e+00
2.040470423143621481e+00
2.409133371976062143e+00
2.312375307444038519e+00
2.196401146263732951e+00
1.920848719065832544e+00
2.271263196737654866e+00
1.641875635381809362e+00
1.427612797111747378e+00
1.618252832022805565e+00
1.750418594383685633e+00
1.814296496783207147e+00
2.131967603809135081e+00
2.029731235811862877e+00
1.892955159074402038e+00
1.452588489093723290e+00
1.672234422292795619e+00
1.696436815182610802e+00
1.827120791535553623e+00
2.221975669211819326e+00
1.668098687248340983e+00
1.649011151860585445e+00
2.018970314843902880e+00
1.754627757592350124e+00
2.355499549885065935e+00
2.058101642878515491e+00
2.387913974416480123e+00
1.947449250881760907e+00
1.960852160151799417e+00
1.600823732347336659e+00
1.367488681515628635e+00
1.094332116201620853e+00
1.263007862465678199e+00
1.176265530555269834e+00
1.460433348145072197e+00
1.453659765300708395e+00
1.138927699695353457e+00
1.433193129738656202e+00
1.587703633533917413e+00
1.569384450426333233e+00
1.608770073058273242e+00
1.741128929259061486e+00
2.055088238648823395e+00
1.798217173714777850e+00
1.300707464070808506e+00
1.323612312529674817e+00
1.102884420315853875e+00
1.187743891350575343e+00
1.089962458095881992e+00
1.132912440226938600e+00
1.092775018612389237e+00
9.975108435617553448e-01
1.105112963372846924e+00
1.128134519992193718e+00
1.247182685944400626e+00
1.474812075915355791e+00
1.607494543466347015e+00
1.459653363199536535e+00
1.519482359087894752e+00
1.362121396833392062e+00
1.652089166823931921e+00
1.599823489412686595e+00
1.687253522080647716e+00
1.806291544725865172e+00
1.527304181515672710e+00
1.365928935644336706e+00
1.195970525203796875e+00
1.407013211151150411e+00
1.866911559353438221e+00
1.892824313657878399e+00
1.728616946585554537e+00
1.660384100981715294e+00
2.070305344856878005e+00
2.105880476937890045e+00
2.362951225175819570e+00
2.669886709472107711e+00
2.110193315619756760e+00
2.227188915397987135e+00
2.045881237502566563e+00
2.119480163289496399e+00
2.355227399297957103e+00
1.996271478541934430e+00
1.595642495402208372e+00
1.829829346500001286e+00
1.986669732676233480e+00
1.922087077225810070e+00
1.546014352374094569e+00
1.677300013857378147e+00
1.627619019633396169e+00
1.359985304684757423e+00
1.684166990165444133e+00
1.436797910570256631e+00
1.538959087793501102e+00
1.509941711241413742e+00
1.338281432547908878e+00
1.310236934198957925e+00
1.714218035416248398e+00
1.557572585451592495e+00
1.856199228267976897e+00
1.782506633736136159e+00
2.002054974688806332e+00
1.728718810759639402e+00
1.872091049958213738e+00
1.757940399237867046e+00
1.944012350681096457e+00
1.981878759859849737e+00
1.908645299889531133e+00
2.058300380733502077e+00
1.956103019421660649e+00
1.966800513090315228e+00
1.378323900798537283e+00
1.487103438112896914e+00
1.695863384350492442e+00
1.598847447238484598e+00
1.384784305787109426e+00
1.500875482298052122e+00
1.866820793283352264e+00
1.721216009130757119e+00
1.639373551804226059e+00
2.059927560555599335e+00
2.306383109724227332e+00
2.198232419729503562e+00
2.116272321047540039e+00
1.957682822247158505e+00
2.026716731187900411e+00
2.225742079530929285e+00
1.999721848595440221e+00
1.592463375474483911e+00
1.503074705515157206e+00
1.788290166247857416e+00
1.676252392267117308e+00
1.613033125404960133e+00
1.725338350126672582e+00
1.471132404552943029e+00
1.323285367637823784e+00
1.401560972893678647e+00
1.596211593838275711e+00
1.307889092664774155e+00
1.104528013356830263e+00
1.233121284294660391e+00
1.037025609142564919e+00
1.143571229125200039e+00
1.460519085155070229e+00
1.622185138166350571e+00
1.848605434489116961e+00
1.911477457728033791e+00
1.761295841241082627e+00
1.693858650982086322e+00
1.228577939194491098e+00
1.330336644123080836e+00
1.737774090104763580e+00
1.682700166955430454e+00
1.965580137526871329e+00
1.731108108898279374e+00
1.569448336323974846e+00
1.663377053546710060e+00
1.872413749707637409e+00
1.892554001665497587e+00
1.812394834458936899e+00
1.457520187980393178e+00
1.799332705584366199e+00
1.338228690873721316e+00
1.074448276793448454e+00
1.340913552969509537e+00
1.642120302277554122e+00
1.876168423015460718e+00
1.736178908989942204e+00
1.499816877361908496e+00
1.491729290924671103e+00
1.648799612944829907e+00
1.714397947355673413e+00
1.873139549321326314e+00
1.737190857414095069e+00
1.656612821940403935e+00
1.697598693224104949e+00
1.750386404477763724e+00
1.639662620679920968e+00
1.697955666343594405e+00
1.799467435986032982e+00
1.206590633057058382e+00
1.484726727221744813e+00
1.572564896311205551e+00
1.331874763313701138e+00
1.739733661397114606e+00
1.594752711737252415e+00
1.473700759894425394e+00
1.599977279316791012e+00
1.539527604190637167e+00
1.362113285241837168e+00
1.638960098377226560e+00
1.523352870557623362e+00
1.425731561157841165e+00
1.343433701336643527e+00
1.612122056923940949e+00
1.520907882487292362e+00
1.618916833933551791e+00
1.639873602185301316e+00
1.345567126241134392e+00
1.494472606115710089e+00
1.558670910433213042e+00
1.260200905974924623e+00
1.844885383656758693e+00
1.892950650475460961e+00
1.946085546160233326e+00
1.748637999652810526e+00
1.347820865270041635e+00
1.689517986883730671e+00
1.739102429419063789e+00
1.837890293240934003e+00
1.779879376575125960e+00
1.718068907479173291e+00
1.999333588501502890e+00
2.095729874416100369e+00
2.131948723905617626e+00
1.573638032429112155e+00
1.282536369993480641e+00
1.070949009106096250e+00
1.144464380581221796e+00
1.319522676397487215e+00
1.419777693971138177e+00
1.375981562131955549e+00
1.668501731035124669e+00
1.512725518984691320e+00
1.432675095435132828e+00
1.566382046571910491e+00
1.801275236308369276e+00
1.891420257332439903e+00
1.518873698789635407e+00
2.202569580500596480e+00
2.048632128314516354e+00
1.968472377160844111e+00
2.076024323995825149e+00
1.960300038899229769e+00
1.918454180990612601e+00
1.405893096745007842e+00
1.385536627397745413e+00
1.417094751107868200e+00
1.880006628948258429e+00
1.416348009271551023e+00
1.493249289905648425e+00
1.780764711332907257e+00
1.782155831538949187e+00
1.649574334550413468e+00
1.604509290148017131e+00
1.742755096725506547e+00
1.303019256640643553e+00
1.275812238171684321e+00
1.422519232564435798e+00
1.163728679087930429e+00
1.129216324701045826e+00
1.083984864719974128e+00
1.269717352664625931e+00
1.325298812254751102e+00
1.235855779339030569e+00
1.343671797786614608e+00
1.217852689047931314e+00
1.377653003052671687e+00
1.955127510439068406e+00
1.651667233027038995e+00
1.673748254721529438e+00
2.204919489752576123e+00
1.998177053284097227e+00
1.821535047477820690e+00
1.923781956746129840e+00
1.673749476256069846e+00
1.791458185944801107e+00
1.352586422181036641e+00
1.147878311308373478e+00
1.320884486425343729e+00
1.646455939078320441e+00
1.484419047953899673e+00
1.570174726528793308e+00
1.635143000140973246e+00
2.021205272566910516e+00
1.608174677701043498e+00
1.815662998051574384e+00
1.857364102593482391e+00
2.066063866815480932e+00
1.787755025389851982e+00
1.871056943984041432e+00
1.752912111919677773e+00
1.903787071357419425e+00
2.088088124650212762e+00
1.892603698941564661e+00
2.146530809858904654e+00
1.814904922030324164e+00
1.785162953220676529e+00
1.947784947482152695e+00
1.593580542849307502e+00
1.903976375379736297e+00
1.780062056828375594e+00
1.212087866916488288e+00
1.248287607677898370e+00
1.290971284627279392e+00
1.731983399379041888e+00
2.112735082198121450e+00
2.359485985495832772e+00
2.127720209160396170e+00
1.998543380372518774e+00
1.856214751124104723e+00
1.937091644799584067e+00
2.043626546431979385e+00
1.812693117622302230e+00
1.875634127468841506e+00
1.690660909503615361e+00
1.650484035310405551e+00
1.652852768282501827e+00
1.496770892041034529e+00
2.067986289974963032e+00
1.720534519698809550e+00
1.564673092821220690e+00
1.540234649773928988e+00
1.649979786589454323e+00
1.593429469198953674e+00
1.386694815970566763e+00
1.361141881888662253e+00
1.219665667592295666e+00
1.148340829337266999e+00
1.290337463568905108e+00
1.185675432074298152e+00
1.146977455562891768e+00
1.377109575064864533e+00
1.209670580798725581e+00
1.217075041322679851e+00
1.203564283037972027e+00
1.224539804582263969e+00
1.472013087922442232e+00
1.710191316243244941e+00
1.651995855248146405e+00
1.404233569738761345e+00
1.695294861929231622e+00
1.395590245759579906e+00
1.320980731043604139e+00
1.452893867815080453e+00
1.741231832115952116e+00
2.417908043615319968e+00
2.376433124386420292e+00
2.039526655495664809e+00
1.872074704587356919e+00
1.870083707023191044e+00
1.976961588918802137e+00
1.839227038776085399e+00
1.777229175894704971e+00
1.883106076253416195e+00
1.908588659419472755e+00
1.723062061725325167e+00
1.666235874080148394e+00
1.355071647592576367e+00
1.821386466926955494e+00
1.903533451504257457e+00
1.872837419078696719e+00
2.117016462146148026e+00
1.791169815014495015e+00
1.832368992022413323e+00
2.092436669416799511e+00
2.246904450720841773e+00
1.908947603928254244e+00
1.481637160957197441e+00
1.568199884705431257e+00
1.402109254088494739e+00
1.305192729222964365e+00
1.749044989730412558e+00
1.460685462989351757e+00
2.224818290717616609e+00
1.715333723524435916e+00
1.521424016882120256e+00
1.525747792446225715e+00
1.614432467029880414e+00
1.424646555664826009e+00
1.362496378502491057e+00
1.246701648675567764e+00
1.401919893771811809e+00
1.978599693515904479e+00
2.026972337049286033e+00
1.949701610893682657e+00
1.582640881770974950e+00
1.239010564704179140e+00
1.431873627012685057e+00
1.506499239860017880e+00
1.587371201709472324e+00
1.461726760594735053e+00
1.339265613781023267e+00
1.782833305658340750e+00
1.660613830872519792e+00
1.256169555067416566e+00
1.359041093155060276e+00
1.481447785296927666e+00
1.526246126195063946e+00
1.477195121920084064e+00
1.224365560398101849e+00
1.436375087411897011e+00
1.516827054893825855e+00
1.423003036743634153e+00
1.175833466998419174e+00
1.170981851804753893e+00
1.248489083071784300e+00
1.382545762461941496e+00
1.253631746832406968e+00
1.079732358457303976e+00
1.240174983816104248e+00
1.333266553202564708e+00
1.145879573251346706e+00
1.369833704730856194e+00
1.417127817746240304e+00
1.713518422717852818e+00
1.661721400854420994e+00
1.576618047239052078e+00
1.271696997914537830e+00
1.791508477008209699e+00
1.801000431290941783e+00
1.746978253655821156e+00
1.462519325640197598e+00
1.296490610923807907e+00
1.364376970120082300e+00
1.123385993345625389e+00
1.280310107215463233e+00
1.340848901964364126e+00
1.559701146156030616e+00
1.371738280157175804e+00
1.651342032131307036e+00
1.664196931630212539e+00
2.259193865337327356e+00
1.828026536977362726e+00
1.758484296092746924e+00
1.856116891854425077e+00
1.770687283352680330e+00
1.897346057775197936e+00
1.479984668490144983e+00
1.267124053057624877e+00
1.503828585614428226e+00
1.481184767322079932e+00
1.452304899744293110e+00
1.440005640120328723e+00
1.522497438572350204e+00
1.314010276306066594e+00
1.269169157972105388e+00
1.534468984172562944e+00
2.070118043477423786e+00
1.639589019826892313e+00
1.328550828333013190e+00
1.415957320718316481e+00
1.565176294171656934e+00
1.434977373489111807e+00
1.573084970227127677e+00
1.477139712032832453e+00
1.560584807599200374e+00
1.429384077273987197e+00
1.713407321051742205e+00
1.369335072577360757e+00
1.201108167283923445e+00
1.314249178066462687e+00
1.744628650376005119e+00
2.299445598308677230e+00
1.940505062097613864e+00
1.771469914429974812e+00
1.643662535054263962e+00
1.435899727053237873e+00
1.211535307868412348e+00
1.102165213686864487e+00
1.075630968105554919e+00
1.272164071748015157e+00
1.494512475028206833e+00
1.384414788825435005e+00
1.584395450876611378e+00
1.490861669167673931e+00
1.502367719397114776e+00
1.673458123175588952e+00
1.705054235115103456e+00
1.358801652401633087e+00
1.423493678377166560e+00
1.378961358736433773e+00
1.270303678584829399e+00
1.590826120171715541e+00
1.485124346334737444e+00
1.400669804179291988e+00
1.624034304247902627e+00
1.372561300234532489e+00
1.503514099598566300e+00
1.271568062809752986e+00
1.025645231031685034e+00
1.316741820750913838e+00
1.419352690296493691e+00
1.213964652757982821e+00
1.298553903294904499e+00
1.473614577299573014e+00
1.463047997790755339e+00
1.380919266471657192e+00
1.648844767011730772e+00
1.951286462651257159e+00
1.914331025531032182e+00
1.890853113492289683e+00
1.932560828760362615e+00
1.981731902886010976e+00
1.804210854000948050e+00
1.581536682117041126e+00
1.876905886795657841e+00
1.852879375121648797e+00
1.816374259983394301e+00
1.628054186987319740e+00
1.335318833390868987e+00
1.116998401033361121e+00
1.044067021680451068e+00
1.134530869861512414e+00
1.162690712650508829e+00
1.560177657637923154e+00
1.198290836405050186e+00
1.890936225774870749e+00
2.008246069660255984e+00
1.905164088379553977e+00
1.885240678224409328e+00
1.670917031903522032e+00
1.514873985941328494e+00
1.424622929989199704e+00
1.528454103442341783e+00
1.496829508927922880e+00
1.799634252566898240e+00
1.638191814233718846e+00
1.686592447472454070e+00
1.818324816231383423e+00
1.648424481031335986e+00
1.932704060931522250e+00
1.774464302200982280e+00
2.003212999437694375e+00
2.228183419268553234e+00
2.352107692592507071e+00
2.239388987951408172e+00
1.989909415383723346e+00
1.799020136681953375e+00
2.374710788074226198e+00
2.064754874277038521e+00
1.816466017442377678e+00
1.833277489375765512e+00
1.256934398990489310e+00
1.451074116812188564e+00
1.778572731642839022e+00
1.916256551396533059e+00
1.719988641387782735e+00
1.969476141203705843e+00
1.077648530872964194e+00
1.521977540749490210e+00
1.568545333111414308e+00
2.343141606588300618e+00
2.163544857000084587e+00
2.232209741267225933e+00
1.885013126223876290e+00
1.774014859802155675e+00
1.697343406145419564e+00
1.729297737904076149e+00
1.400191551583434446e+00
1.207525605144018632e+00
1.260301910061546682e+00
1.328290012335820558e+00
1.303543703133856368e+00
1.634321903849744295e+00
1.884196456437156941e+00
1.869537329325906327e+00
1.668195012768552310e+00
1.982163503479836608e+00
1.794295400246373795e+00
1.365431618776663303e+00
1.367986648083457046e+00
1.471643223496251984e+00
1.469572102019473636e+00
1.404443496625380927e+00
1.858175423493049649e+00
1.985235708967733048e+00
1.858837673597999007e+00
1.586642101167731189e+00
1.936125482347240023e+00
1.759347017217169684e+00
1.923894987733913098e+00
1.738959093491333041e+00
2.127237161606863491e+00
2.039087906454108090e+00
2.081571399590731453e+00
1.816806653793374471e+00
1.770592726042216292e+00
1.632852282769725605e+00
1.503843668585113313e+00
1.638290549031132137e+00
1.516811610113236952e+00
1.447841979835303272e+00
1.247014817306629775e+00
1.467811625558280708e+00
1.141140716324421600e+00
1.121001970541155579e+00
1.275210934743652658e+00
1.307693983930017012e+00
1.768766789067764522e+00
1.404180234711625452e+00
1.510696224496984819e+00
1.516189410779144486e+00
1.698383420621047080e+00
1.952355758012648712e+00
1.819273073574172450e+00
1.795847188899748481e+00
1.798096658854184016e+00
1.552985072411816381e+00
1.714831795440652229e+00
1.641896124332027362e+00
1.407682411836629122e+00
1.593361529771930574e+00
1.424826379091615136e+00
1.245759656461167708e+00
1.623300818908776755e+00
1.610639081446463727e+00
1.471834328081711885e+00
1.328363399258158495e+00
1.070724251918847569e+00
1.171800843218081090e+00
1.570617029300296119e+00
1.654636896792346379e+00
1.530766112924236921e+00
1.540810065446846622e+00
1.462972129762672324e+00
1.625177405734602676e+00
1.755958701821756840e+00
1.572740220433479053e+00
1.476445431227331184e+00
1.675296812884078168e+00
1.780683286563873979e+00
1.877415709305853220e+00
1.960701868580168039e+00
1.930639408643771482e+00
1.827708848942992237e+00
1.806093216095666421e+00
1.764863103467450678e+00
1.892463662428876425e+00
1.864642581632764085e+00
1.879806412946384730e+00
2.001134560645854155e+00
1.701925602854483799e+00
1.407698258134798763e+00
1.169080007055152137e+00
1.131929810920886181e+00
1.459482899490207153e+00
1.326261942155045892e+00
1.374615352979791094e+00
1.076972477194156452e+00
1.700967093422979692e+00
1.685052558887647933e+00
1.905092949858322671e+00
2.119476516520990117e+00
1.553978024403314340e+00
1.405718931134699590e+00
1.682072899183838066e+00
1.946490045220150122e+00
1.961817894788723926e+00
1.791024867181611802e+00
1.845353705225743157e+00
1.777664172985328861e+00
1.547842548056858281e+00
1.767463136917635680e+00
1.715719378974825959e+00
1.774741875871808094e+00
1.579483729460417818e+00
1.653545571642935919e+00
1.817917570899729940e+00
1.303248335467387387e+00
1.210174877609020205e+00
1.416610536106654550e+00
1.486415540992659823e+00
1.786303679544532619e+00
1.168676891275258090e+00
1.190149957778843470e+00
1.622567333193459138e+00
2.030329225432840889e+00
1.905035673748180391e+00
2.335797217715497975e+00
2.243444054106877417e+00
2.195863223133138309e+00
2.363554532994169399e+00
2.249653225458696504e+00
2.069960945606218239e+00
1.996323172415034097e+00
1.801248069663710538e+00
1.771099438551309690e+00
1.908743957778736622e+00
2.151118646483641594e+00
2.474645964524846420e+00
2.577491107075707166e+00
2.486558576471370241e+00
2.185775638126501441e+00
2.400477735508080634e+00
1.956564760470546505e+00
1.922512701285598702e+00
2.178627718433446159e+00
2.047502689087511651e+00
2.015619926862119105e+00
1.983558482514163890e+00
1.575877951066253724e+00
2.056677580840964747e+00
1.932302776748520579e+00
2.346428427518264304e+00
2.098502127344072488e+00
1.499414744845086744e+00
1.617075573811023848e+00
1.475852859121347116e+00
1.240145767903642282e+00
1.462773580883243829e+00
1.478299202424555370e+00
1.439905590840498961e+00
1.439755320015440043e+00
1.291039798202014310e+00
1.106347463856014457e+00
1.284933086141066605e+00
1.283558386791008976e+00
1.229436797214047417e+00
1.591061373275662438e+00
1.422330634097481061e+00
1.389611391970053234e+00
1.722857108296977691e+00
1.792948407246534037e+00
1.667335329138234457e+00
1.225934685006958347e+00
1.409060913992919106e+00
1.455260291300721320e+00
1.496447911209704884e+00
1.613454391974130431e+00
1.677773057038122850e+00
1.315498016020716365e+00
1.583490630211325412e+00
1.488667212974549292e+00
1.249443020774543056e+00
1.263759917156150436e+00
1.365427180888209691e+00
1.076491661229338481e+00
9.871516456384615834e-01
1.199751581366245379e+00
1.167309635976649274e+00
1.041191847251152103e+00
1.531558688807094004e+00
1.624639521521821450e+00
1.390802817976576344e+00
1.133673969934379189e+00
1.233744841757866695e+00
1.250405163359799454e+00
1.224698663155388445e+00
1.180087637954813529e+00
1.536024533849773555e+00
1.404248323059127612e+00
1.565123213981803874e+00
1.340836662303398485e+00
1.361072268361076532e+00
1.760129724615875579e+00
1.455971179411276184e+00
1.154852657405200489e+00
1.448005398789010023e+00
1.529469877638482966e+00
1.894302863446791996e+00
1.758215995133419529e+00
1.744211747753356079e+00
1.608189265767805187e+00
1.288254823333833121e+00
1.646252510615547893e+00
1.314395275897855875e+00
1.219920926387949578e+00
1.333627088274383254e+00
1.128704638525599435e+00
1.204078599015933948e+00
1.601809116744327133e+00
1.669529163213917755e+00
2.009494813047767448e+00
1.991277585986816367e+00
1.890613623090303008e+00
2.124488492706344100e+00
1.738560015780684642e+00
1.520868677451934881e+00
1.570977743684937700e+00
1.513168929372899374e+00
1.366302084367692515e+00
1.138361171160380492e+00
1.868614361584345573e+00
1.933633354591755449e+00
2.267277714194180671e+00
2.134788153641458575e+00
2.012539733701791178e+00
1.884723943141503044e+00
1.885968303094766929e+00
1.957038916725076128e+00
2.037078658531704445e+00
2.209494456951947239e+00
2.044472153571998074e+00
1.961084735216153341e+00
1.961084127942789967e+00
1.939630567390083771e+00
1.746963700083866033e+00
1.658028061413287180e+00
2.034786743615184079e+00
1.843292282951025873e+00
2.096995140327816198e+00
1.756469346955300326e+00
1.996668259441211735e+00
1.949943307346899690e+00
1.712923492846458062e+00
1.843445927863876399e+00
1.588986489027998772e+00
1.812207975025758699e+00
1.662145179253907035e+00
1.737818549620214315e+00
1.778338773840971943e+00
1.678003643354274210e+00
1.608205603392554472e+00
1.765207577400160321e+00
1.844203541523885326e+00
1.840675583707289675e+00
1.939301912251738091e+00
1.798476330712260651e+00
1.949868925148302568e+00
1.527389597231212370e+00
1.272781837850447850e+00
1.772703082993906776e+00
1.230816327061563742e+00
1.497863478191230113e+00
1.678092722874104048e+00
1.479328520205758890e+00
1.400098197844712677e+00
1.384162790517319941e+00
1.749858905936678255e+00
1.857027165853905259e+00
1.609061561434637300e+00
1.601467240964434824e+00
1.244534926583142465e+00
1.640005306123293982e+00
1.302958675022173551e+00
1.634641719396336956e+00
1.264656059756331663e+00
1.534612935949856594e+00
1.388207694501809808e+00
1.387131212116162748e+00
1.613687015961157600e+00
1.436881296673920616e+00
1.979775090371118429e+00
1.926326198498152342e+00
1.856580368337813258e+00
1.194301842550046011e+00
1.696008223635481649e+00
2.097127699345280760e+00
2.211368785705727813e+00
2.131380214237501125e+00
2.222397940974692343e+00
2.107081381873209480e+00
2.285290863683605789e+00
1.939413182738435770e+00
1.944626220698101982e+00
1.938747466196285574e+00
1.895725184802457663e+00
2.150547531409862323e+00
2.187722957745865671e+00
2.134902501571836364e+00
2.060469116730720973e+00
1.895493587474673225e+00
1.518835681440203977e+00
2.251938625024683116e+00
1.848322694145677403e+00
1.858552398157876429e+00
2.059218810992013982e+00
2.146443904219567766e+00
1.861978445764828738e+00
2.077518149086390320e+00
1.764684725162524614e+00
1.426245735737309950e+00
1.323467059361058462e+00
1.801567649046841524e+00
1.869651445694486158e+00
1.833516374291151552e+00
1.788765487479115013e+00
1.465103270628934418e+00
1.439310308135433258e+00
1.109471169779474575e+00
1.161159884514698426e+00
1.432501515047656770e+00
1.477398251856920197e+00
1.192206515940931855e+00
1.325344233827940643e+00
1.571916300143920031e+00
1.784431098371492830e+00
1.641926630262531495e+00
1.147007379649515935e+00
1.175013394695099356e+00
1.172820366088850541e+00
1.441888156292566503e+00
1.490627812689114151e+00
1.137415659042016580e+00
1.484927382352554837e+00
1.269376887998946213e+00
1.207415103771188214e+00
1.364663456243727424e+00
1.290329225926509338e+00
1.213375579978797525e+00
1.133849849325345271e+00
1.275848796987635092e+00
1.270849780846283972e+00
1.318102338908814897e+00
1.431424940794167266e+00
1.427768073302082996e+00
1.657700953304324321e+00
1.574874760049248312e+00
1.204647825815697404e+00
1.112340535093366611e+00
1.356840001225890324e+00
1.812406501720903895e+00
1.572058315618596325e+00
1.631045582541638117e+00
1.478425236035440626e+00
1.246549161516638637e+00
1.534983274097013073e+00
1.814572101883736188e+00
1.736181888119737726e+00
2.035132160453270611e+00
2.063108628958916224e+00
2.373442790088100995e+00
2.147761881241804893e+00
2.000532676757078132e+00
2.105408934229232809e+00
1.525342404901004034e+00
1.288787262376919873e+00
1.081241667187814004e+00
1.033507849200738349e+00
1.046945457632644461e+00
1.341190074436707569e+00
1.143300668583450364e+00
1.211794627941745528e+00
1.264902803223989292e+00
1.407344252967356546e+00
1.640241244083096905e+00
1.506975239236655328e+00
1.261864767922334041e+00
1.250127403955894723e+00
1.264208632422142209e+00
1.247757556478086061e+00
1.239249757623335668e+00
1.156493809862880751e+00
1.651109273556981227e+00
1.692221352025310654e+00
1.533567862549407135e+00
1.375966700092781325e+00
1.697802454213683809e+00
1.708280527175398689e+00
1.601433496004545987e+00
1.304052798024825544e+00
1.410327733037398223e+00
1.503354952877674178e+00
1.602234278704111947e+00
1.452370955594057378e+00
1.289065399545165524e+00
1.712822566797633783e+00
1.772474637992290214e+00
1.535956566544396162e+00
1.469390835767683257e+00
1.504111575219754693e+00
1.716794559457113456e+00
2.144286673552491695e+00
1.812734498394952043e+00
2.300111614595178988e+00
2.439077288805619581e+00
1.855077062579981506e+00
2.261961917866700755e+00
2.029027742048100880e+00
2.084035230580248310e+00
2.065535542578893491e+00
1.439787439041319894e+00
1.737838581415979355e+00
1.490452744426150833e+00
1.698852603569649844e+00
1.357597285265403686e+00
2.054072978535527394e+00
2.035906023421870437e+00
2.286800645341677374e+00
1.888876123844324129e+00
1.757060199735707817e+00
1.488758913353186220e+00
1.356451216604985133e+00
1.463414622022586542e+00
1.429272316527027797e+00
2.205087459579089693e+00
1.574459419400123128e+00
1.698566068917835015e+00
1.797591695275026824e+00
2.129509363621156393e+00
1.758139074693900072e+00
1.671207167574236152e+00
1.553948366602013964e+00
1.953812870732317464e+00
1.934578996744161561e+00
2.038309387340455192e+00
1.788588511365600375e+00
1.584358450447159061e+00
1.465279935444873338e+00
1.448881107821980541e+00
1.698102190408046441e+00
1.822873666302996298e+00
1.575027385632123966e+00
1.713955948966672471e+00
1.569710350817906663e+00
1.663486888098884897e+00
1.786687071942498539e+00
1.821777033730034745e+00
1.642127920948267095e+00
1.943393011437414275e+00
2.238655189691516334e+00
2.112230468728238719e+00
2.352969567698107056e+00
2.048534018112607935e+00
1.533380628457340356e+00
1.587662046165637442e+00
1.444936937650737718e+00
1.207245564258958570e+00
1.576549518579520859e+00
1.604521503270703198e+00
1.542368509837748203e+00
1.510769757436172700e+00
1.746425979114033966e+00
2.193059472179276437e+00
1.974997998113109166e+00
1.862850646712488789e+00
1.786502964905715807e+00
1.550567993169538417e+00
1.367065250267742726e+00
1.759749674801128538e+00
1.834582280437543123e+00
1.667079664625635393e+00
1.570789894739538006e+00
1.417841673089325516e+00
1.404681609246232421e+00
2.280374676880214668e+00
2.404182579548072241e+00
1.974356122284210091e+00
2.320914022867688331e+00
2.359343460071629206e+00
1.614823671514411529e+00
1.679739512656100109e+00
2.032131176934407257e+00
2.264082794869789250e+00
2.069193037103989496e+00
2.207190797378759228e+00
2.102447598428356823e+00
2.015214876536592925e+00
1.673259911550806001e+00
1.760610920671874302e+00
1.562445633169925019e+00
1.586763875940230051e+00
1.694848311164376398e+00
1.659201966878345758e+00
1.613252495297441191e+00
1.458898218950803072e+00
1.292020949397365115e+00
1.198988381440098117e+00
1.697698008602012365e+00
1.622595058845454519e+00
1.565260275909714061e+00
1.761111846371171019e+00
1.991672478086205622e+00
2.089619577527434657e+00
2.159372309054905070e+00
1.411838184850136457e+00
1.999297086635164478e+00
2.571604569813912722e+00
1.999633388423233349e+00
1.974375679368485015e+00
1.866111883496609281e+00
1.998358052585973432e+00
1.917506489927091273e+00
1.794153670477993234e+00
1.388499180420317725e+00
1.714256010607507097e+00
1.648276040058644032e+00
1.556436138387097490e+00
1.505103762931389477e+00
1.644364145562924762e+00
1.797514301511925261e+00
1.640823874419353068e+00
1.777070308895867257e+00
1.496827952414876428e+00
1.022123506774019974e+00
1.284134957994874648e+00
1.718720614244110934e+00
1.736054177343202332e+00
1.848451974737378878e+00
1.755998428577038029e+00
1.667641383282111311e+00
2.045785260707407183e+00
2.115430972004582522e+00
1.913108737961968675e+00
1.664046170565030680e+00
1.944604348380847725e+00
1.966160607165813090e+00
1.547039409294219237e+00
1.568517597698021016e+00
1.379712132772616506e+00
1.356506979653667067e+00
1.451847340058886715e+00
1.363004156947556167e+00
1.551901129189800832e+00
1.319183866816878936e+00
1.251849153293612904e+00
1.130214744945090777e+00
1.561014220240237949e+00
1.396547148325029575e+00
1.668677799510104309e+00
1.803577141109863780e+00
1.647962215729230628e+00
1.984429891189336548e+00
1.863328288744782402e+00
1.926034992131713253e+00
1.736311050544737444e+00
1.828552508029806178e+00
1.802625281911568011e+00
1.841250495041764523e+00
1.585818041556030344e+00
1.308956306670710390e+00
1.090840452243450720e+00
1.295852249968897363e+00
1.337210664340544142e+00
1.330604023654034407e+00
1.485398336604826675e+00
1.299355183462443053e+00
1.487557306537121704e+00
1.406951245490055236e+00
1.650015531372179156e+00
1.873670798972247642e+00
2.418755659417946902e+00
2.263607094363842887e+00
2.226319522058904266e+00
1.991973414721595947e+00
1.905708733287053924e+00
1.489261973193910293e+00
2.187022636994786939e+00
1.666673861283450853e+00
1.526088662161310783e+00
1.455941679697056124e+00
1.543529740166153408e+00
1.208712916915946955e+00
1.335698423200146978e+00
1.157147768590104375e+00
1.169277936461851075e+00
1.320026424717239522e+00
1.402255214979095888e+00
1.471752701284910314e+00
1.366038016302075775e+00
1.494722660795135605e+00
1.494271169585845938e+00
1.284063370963593131e+00
1.140790501671578250e+00
1.829828422118058517e+00
1.888992581890365674e+00
1.509235925783334098e+00
1.641061575880728318e+00
1.754128902743683049e+00
1.594643038212979924e+00
1.365858248888051740e+00
1.584966953583392346e+00
1.721617810308357477e+00
1.287262900404949839e+00
1.278172515116788865e+00
1.656906410944305463e+00
1.408266121845723307e+00
1.499259516764471334e+00
1.216871811875963161e+00
1.332090893712003510e+00
1.295262178609040582e+00
1.429804309607747959e+00
1.830349528562519756e+00
1.693040931745968258e+00
1.972414062840484039e+00
1.724318950191941147e+00
1.668372166218522468e+00
1.567346424416161454e+00
1.960171284117468105e+00
1.378300700804434342e+00
1.299353438135057326e+00
1.210701689385335067e+00
1.490936742804437554e+00
1.453998358643225908e+00
1.549577188856606114e+00
1.516542162119255188e+00
1.541887189596995444e+00
1.678329457347649045e+00
1.362828039813129166e+00
1.486573775552350263e+00
1.269115036379466543e+00
1.312832076237667289e+00
1.535478093965308100e+00
1.668842869788210947e+00
1.523863538266259532e+00
1.594925671833985703e+00
1.653902438953647192e+00
1.392039159456604835e+00
1.634700396352094520e+00
1.726672713689073824e+00
2.188719748592706349e+00
1.961007374479789789e+00
1.347858290269265735e+00
1.393543737939532789e+00
1.233737022516198323e+00
1.141457493553238889e+00
1.235580358319828598e+00
9.746535658612093256e-01
1.113508037509224335e+00
1.136169319455651694e+00
1.135199202456021794e+00
1.575326327159754625e+00
1.395882519529870747e+00
1.496735033586791275e+00
1.746157045006661690e+00
1.491887626888807272e+00
1.426603141974177591e+00
1.424733769165184682e+00
1.507141390000549031e+00
1.508536479285493614e+00
1.416675745158858302e+00
1.486866428602867218e+00
1.552369609356837321e+00
1.873155787461013411e+00
1.682423011442985228e+00
1.805024745272455711e+00
1.906256449938430242e+00
1.589795238723814785e+00
1.649069086647874771e+00
1.807505186381435314e+00
1.842074889095079770e+00
2.029367839798117412e+00
2.287146749936503909e+00
2.283476479031308237e+00
1.746485436607992270e+00
1.637186434629911425e+00
2.036374319043302350e+00
1.786512396496255484e+00
2.188283780780793109e+00
2.119355529064215204e+00
2.081108246558871055e+00
1.650640482006465293e+00
1.385586032135826207e+00
1.625510090140515729e+00
2.211137470436139729e+00
2.089257795826007236e+00
1.847961600139327976e+00
1.925892355354270613e+00
2.100468796007670225e+00
1.925059426389299277e+00
1.796427437823149731e+00
2.508130794077295000e+00
2.320215259927956630e+00
2.180309479826233687e+00
1.930744752134642583e+00
1.341695447674310593e+00
1.711634561678923250e+00
1.432746031407585718e+00
1.674243441708992863e+00
1.670197302991760724e+00
1.607849624476972217e+00
2.106423991926100747e+00
1.942192164274096244e+00
2.250614437720793948e+00
1.888907508593130835e+00
1.720751719023376980e+00
1.712399994197138398e+00
1.307258248731534289e+00
1.754225251147197184e+00
1.609335419889162955e+00
1.702352418218447516e+00
1.784107326825936646e+00
1.342957203807829458e+00
1.634982656572178117e+00
1.520666313860897123e+00
1.569645836413005036e+00
1.827983875398780045e+00
2.234436952206083848e+00
1.814502528531469316e+00
1.824292080081070466e+00
1.814148475270214167e+00
1.725240552851015297e+00
1.385630137560395658e+00
1.147331447193535858e+00
1.780892382500967264e+00
1.450533681786336793e+00
1.427176899734612370e+00
1.632943873869448170e+00
1.183925621066219902e+00
1.539495428048153203e+00
1.746142177718739807e+00
1.464424828087300012e+00
1.827502203019794935e+00
1.778160871137429044e+00
1.786036598454920243e+00
1.353855182438874039e+00
1.620894688348362367e+00
1.693361458808549713e+00
1.619062033907375353e+00
1.591189117873990089e+00
1.674686305504126782e+00
2.021997991083155810e+00
2.228970063932151913e+00
2.543139081462285844e+00
2.557056298137712069e+00
2.192691324227209027e+00
1.800092111024440555e+00
2.038859050437280551e+00
1.967505256703690364e+00
2.173783815570515809e+00
2.007381550209111687e+00
1.700162099967435170e+00
1.604185551230075113e+00
1.824520700987993127e+00
1.585182938258035357e+00
1.391485337473767459e+00
1.088864004858963730e+00
1.045585611876916010e+00
1.174553409891982092e+00
1.016877519331067736e+00
1.301041554307966974e+00
1.485119703408754432e+00
1.827616632632997895e+00
1.444128737332725620e+00
1.306310166710572540e+00
1.364632912941431853e+00
1.634409175674937265e+00
1.530787995997511697e+00
1.508185988178763814e+00
1.687621085339545024e+00
1.379941130456585174e+00
1.392124044700023600e+00
1.371453329470830873e+00
1.343276293566701973e+00
1.450824548843294703e+00
1.278869981244557641e+00
9.643705365336189272e-01
1.103862998984762811e+00
1.563707869049059340e+00
1.642689334814089186e+00
1.457682826919050489e+00
1.903366833068856678e+00
1.450940489323693461e+00
1.804167740520220553e+00
1.799774007220232397e+00
1.576002254547648418e+00
1.579145902922698408e+00
1.605583962291021294e+00
1.405593567305720937e+00
1.629721554502919112e+00
1.402816631566565997e+00
1.298504694585113306e+00
1.473169711361238532e+00
1.558816306482571745e+00
1.790456900712723343e+00
1.869798861112867971e+00
1.543777572494306360e+00
1.488130966238625064e+00
1.472301131575679767e+00
1.517023847383038193e+00
1.710073278232484562e+00
1.491815277709257481e+00
1.186711095136577354e+00
1.285560404147800817e+00
1.418314477847735455e+00
1.499860714906430914e+00
1.200263048128690002e+00
1.096899110666390564e+00
1.041713711143457344e+00
1.165101264534053049e+00
1.264117255444289878e+00
1.253303214280408140e+00
1.460911892420362790e+00
1.277353984882504179e+00
1.194168065146888669e+00
1.309741873748810903e+00
1.298526862891343781e+00
1.129043641658636465e+00
1.666388097354246645e+00
1.579150391477558424e+00
1.290883197721033326e+00
1.099140336818392294e+00
1.240536577440472854e+00
1.060654297804002999e+00
1.189500408804218479e+00
1.331964664770524109e+00
1.617726850422357643e+00
1.979963879301268825e+00
1.765693215440992780e+00
1.815559507154406393e+00
1.879961440947167439e+00
1.907321416796923685e+00
1.835507530103933638e+00
1.720007541905427928e+00
2.015348807556051280e+00
2.206300503126209289e+00
2.122271024026615827e+00
2.117821247272935192e+00
1.570273781000671276e+00
1.531555975407192793e+00
1.806553594260467577e+00
1.609269363343608816e+00
1.625195517790510635e+00
1.599112874592161893e+00
1.875116374682930243e+00
1.838382138686584177e+00
1.898583103311286990e+00
2.092775676234237547e+00
2.108949293509004619e+00
1.792949688213089976e+00
1.800268037986062275e+00
1.970094695476050761e+00
1.641744958726710779e+00
1.577868930942628367e+00
1.311995435433797486e+00
1.242293210896162403e+00
1.295785135304062141e+00
1.637107612249328881e+00
1.685373984193810459e+00
1.789484936652350644e+00
2.114093765335205877e+00
1.860168389111362064e+00
1.812657782149032615e+00
1.671277764845899405e+00
1.569757287124183387e+00
1.482229681535093269e+00
2.024848616403366108e+00
2.168307174923074232e+00
2.041115909363509839e+00
2.294555510786028929e+00
2.185584566879109403e+00
2.457251750787695865e+00
2.493059278897768127e+00
2.315427290336393273e+00
1.957251962563558045e+00
1.923490124243325328e+00
1.512298673975907226e+00
1.925405900306768503e+00
1.923545130630745170e+00
1.688313875417454923e+00
1.893027976608591345e+00
2.253887955146877786e+00
2.103975765390972086e+00
1.818290057468167520e+00
1.324180004115438791e+00
1.734777577839621943e+00
1.922820497050558686e+00
1.953103764027540823e+00
1.815724688052302360e+00
2.090698765721071606e+00
2.156225112516141351e+00
1.747906767184349341e+00
1.409288494143648096e+00
1.562960521468442998e+00
2.095245396083761147e+00
2.143081987441110225e+00
2.106754648215680259e+00
2.010526845092438730e+00
2.007478855529050588e+00
1.845408936409433043e+00
1.272869780744056767e+00
1.248683673987209364e+00
1.616866634233463218e+00
1.290531679003482202e+00
1.272415316722933065e+00
1.399519863130149755e+00
1.375454052892169932e+00
1.473034899402453135e+00
1.475928976772979073e+00
1.706101465712233978e+00
1.217077814876976305e+00
1.254827255997423840e+00
1.515014061776575716e+00
1.325380642813991816e+00
1.525680904207755706e+00
1.703272218494177537e+00
1.664659862645450517e+00
1.926537119150319333e+00
1.844352548072086151e+00
1.794023323921501323e+00
1.708663859122612649e+00
1.465395128797075674e+00
1.260438441794157205e+00
1.422502596283471421e+00
1.062934237857222852e+00
1.215384364679756635e+00
1.459121800257108248e+00
1.528195397450417659e+00
1.777356520399463236e+00
1.739191503676633221e+00
1.912657295022636594e+00
1.269269603740444952e+00
1.434777939702793104e+00
1.270104752461098219e+00
1.710066391297040411e+00
2.055782395632967940e+00
2.079227495447977692e+00
2.086034720396273023e+00
1.985525826920012893e+00
2.059461088050208222e+00
2.244532830627046671e+00
1.798406863716320636e+00
1.611307478942606508e+00
1.524196371031238506e+00
1.484534541933862029e+00
1.589921503901772670e+00
1.814183652202329355e+00
1.685206329908708334e+00
1.330805249818165947e+00
1.265858433588071152e+00
1.391137338045398630e+00
1.854008297728061638e+00
1.996427801472795638e+00
2.066227663269299519e+00
2.004809294648497442e+00
1.600508968147660971e+00
1.792234724602804086e+00
1.232096836385098371e+00
1.355021212984295564e+00
1.480395402371752933e+00
1.654848641825947375e+00
1.538207031783401568e+00
1.502867748143880355e+00
1.323869922950367872e+00
1.520258890851669653e+00
1.556449967199912798e+00
1.270547494668089028e+00
1.238963276381134238e+00
1.156383737548644985e+00
1.322759009884972414e+00
1.593637208014609952e+00
1.771603586560750010e+00
1.642721638241753546e+00
1.616831160363487285e+00
2.067384119007348975e+00
1.728722767193178633e+00
1.911828996678610171e+00
2.369710453134476147e+00
2.085635493357356207e+00
2.028150028251911152e+00
1.964621696126378714e+00
1.948079883949167757e+00
2.203332301831536277e+00
2.016780934236481304e+00
2.236044863122014892e+00
2.082173939120969930e+00
2.412710807755680698e+00
1.944806818111616487e+00
1.841259691269699461e+00
1.871280189828155249e+00
1.738015712874548147e+00
1.609780952302675594e+00
1.491590962800469100e+00
1.524881271013263984e+00
1.468876306409480081e+00
1.711125232910396976e+00
1.492793074086148808e+00
1.844176550285115290e+00
1.705507801986541283e+00
1.299253366275918697e+00
1.655590136532294920e+00
1.489191548244558350e+00
1.644349186147006536e+00
1.267142008276215481e+00
1.147849663817950727e+00
1.199151630639156307e+00
1.656408117534516000e+00
1.299212388882237112e+00
1.376286645840763212e+00
1.503506992171619983e+00
1.435520825302353920e+00
1.321721733562225554e+00
1.346241904424059221e+00
1.249637081256564475e+00
1.487029468437386148e+00
1.294236669848272792e+00
1.456435821677286357e+00
1.434707482417934443e+00
1.411081772271500556e+00
1.601747060983047977e+00
1.594985712520407661e+00
1.744288401123150978e+00
2.205889266532937043e+00
1.713092492117927579e+00
1.502995739116932850e+00
1.419570221088940487e+00
1.760804669197327588e+00
1.698768400263481304e+00
1.779616727868747805e+00
1.782249569383414389e+00
1.412657230356678228e+00
1.855249010352340022e+00
2.066528601344427063e+00
1.880492996832614949e+00
1.976098605539217345e+00
2.009073476988470830e+00
2.139209907524331822e+00
2.453416181179988609e+00
2.512611703033917010e+00
2.124189338540983130e+00
2.483186375453918959e+00
2.393969722267665912e+00
2.282071082102193227e+00
2.352421641146685616e+00
2.288025954421003760e+00
1.915301623967933242e+00
2.210906962445863044e+00
1.933225709223095556e+00
1.756787920716302187e+00
1.927823315896048939e+00
1.724689334375525185e+00
1.786132536343420174e+00
1.559954478736660821e+00
1.570169294132864435e+00
1.445662059693688661e+00
1.507053546065749483e+00
1.300729454633803961e+00
1.306375069091952223e+00
1.526718757077603517e+00
1.563866955183731200e+00
2.017635729099198638e+00
2.015346682093295705e+00
2.182681993880144500e+00
1.868286927980112866e+00
1.348867769890027546e+00
1.191128974529219953e+00
1.242482736448977665e+00
1.391106715898528412e+00
1.299391177082603210e+00
1.166595782900602174e+00
1.398494262629522256e+00
1.221038796851470654e+00
1.669477351552183908e+00
1.487901826518561066e+00
1.702578393788283240e+00
1.614558791913478730e+00
1.654056062234243063e+00
1.680130962835666431e+00
1.727176521328249059e+00
1.713062555833378742e+00
1.817407820931453477e+00
1.713206112854375851e+00
1.752036785762386195e+00
2.167125689542504841e+00
1.952934306382009710e+00
1.860088710723555749e+00
1.624243285652427593e+00
2.047739687434617206e+00
1.277019851719601640e+00
1.229542177031191397e+00
1.473427516297987738e+00
1.457036606302165138e+00
1.658101274999293828e+00
1.598115751732913647e+00
1.799826798413717732e+00
1.633085537457956038e+00
1.637374108991916266e+00
1.720814942591147645e+00
2.106378691054761720e+00
1.698062595559831411e+00
1.818169820120864699e+00
1.990090590377477486e+00
2.071826097407529765e+00
1.840539605228642017e+00
1.727145356270659127e+00
1.450823337760439813e+00
2.008763591379250091e+00
2.267703260198890458e+00
2.152023950172756273e+00
2.136775064339621277e+00
2.332273160826990210e+00
2.204189066469467662e+00
1.745180186256002575e+00
1.297859241689087950e+00
1.351194071132660657e+00
1.389815143129492725e+00
1.959090735945627548e+00
2.249188555168881276e+00
2.025409534402263123e+00
1.878407161278891069e+00
1.601961954505795038e+00
1.732891090256647004e+00
1.766185200329204008e+00
1.226999932451807052e+00
1.154892041406448300e+00
1.147407710144004334e+00
1.786218739524542798e+00
2.035218220952565549e+00
2.003541539281012529e+00
2.142150221711600633e+00
2.100022994459474823e+00
2.045946777693470775e+00
1.809133612257033397e+00
1.984207618342817669e+00
2.432134047843339530e+00
2.407182088326413005e+00
1.882917096478875507e+00
1.564194606513471086e+00
1.540358364764441212e+00
2.076953023153634170e+00
1.581789969391409478e+00
1.658092975982907946e+00
1.794150687408129219e+00
1.637594232430656493e+00
1.724591321838828684e+00
1.598864806778644621e+00
1.123423920843508172e+00
1.131389176700712484e+00
1.253602562164805256e+00
1.405403821160374989e+00
1.281581382412566583e+00
1.417091101383320062e+00
1.871119494610021139e+00
1.591774261393887890e+00
1.526292966502077686e+00
1.763413454125774882e+00
1.684996998604131324e+00
1.710822390452100494e+00
1.664835967790659899e+00
1.790007727748991861e+00
2.225206316287751562e+00
1.917695106866214250e+00
2.073607711529000142e+00
1.880759183000943580e+00
2.158420580211458883e+00
2.096706655791896079e+00
2.182653232308845670e+00
2.150379670775960150e+00
2.048477607941275203e+00
1.700884097250771720e+00
1.570710909370777619e+00
1.606173126888457592e+00
1.776158694702890672e+00
1.709616234933534207e+00
1.879739587887631957e+00
1.810957847524910624e+00
1.456390915072952819e+00
1.451439858252236981e+00
1.289091070442788256e+00
1.234895349339363513e+00
1.838856581534888512e+00
1.584262747570226004e+00
1.719743874271545181e+00
1.471280878796008329e+00
1.610163699237582069e+00
1.840795313861737448e+00
1.829559345948424953e+00
1.763475939503778456e+00
1.743733896012179763e+00
1.341265714824758870e+00
1.823736274942935331e+00
1.882301489064477140e+00
1.642119279487359140e+00
1.510962767015707087e+00
1.485776889407814494e+00
1.997151688719477791e+00
2.091500734129208894e+00
2.086049003224363485e+00
1.519208972962180715e+00
1.614659794596194020e+00
1.916969598483752479e+00
1.488070343190874611e+00
1.761892079760231544e+00
2.265475970434273290e+00
1.826861777247218654e+00
1.936235831772607385e+00
2.022627338859405821e+00
2.197376167849623751e+00
1.583103501261249768e+00
1.994909160047466656e+00
1.977705311681349443e+00
2.225554455802908560e+00
1.879308436012496530e+00
1.476863962425497778e+00
1.516643269689942120e+00
1.412542885303254669e+00
1.226945332165839231e+00
1.942282706290892058e+00
1.534117617874724893e+00
1.342112880146668186e+00
1.232449111240676576e+00
1.623514176464359027e+00
1.745878636882556068e+00
1.463703794084205256e+00
1.556174424392454014e+00
1.836895402405052113e+00
1.734444640231914025e+00
1.812001275649257614e+00
1.940009802637255421e+00
1.947802414413002614e+00
1.389747908757588135e+00
1.390222638358496132e+00
1.248391271291303006e+00
1.570478204276432255e+00
1.314212301225576418e+00
1.340254543898747208e+00
1.502465449981364998e+00
1.775574606072939154e+00
1.536166781224104438e+00
1.561910418140754819e+00
1.357772979961865634e+00
1.552959578734324442e+00
1.554656752497389993e+00
1.635625935053774072e+00
1.836033374435400267e+00
1.565737434863769817e+00
1.605747391080073472e+00
2.004869093818402614e+00
2.002035147423760986e+00
2.368055340488902427e+00
1.686752700675032912e+00
1.634378631937961401e+00
1.374764956284074913e+00
1.738741681584111909e+00
1.941830764351333061e+00
2.137380267864192440e+00
2.071843807086670264e+00
2.148141371702949609e+00
2.123283874250158743e+00
1.510980963265432520e+00
1.628089831014486455e+00
1.655946581325464795e+00
1.496176455811038197e+00
1.434511613950503861e+00
1.386498789323970859e+00
1.552858940549934896e+00
1.630977111641584543e+00
1.498012099144451881e+00
1.637066047617595776e+00
2.026820657897687727e+00
1.510493721235340203e+00
1.677188040087441712e+00
1.802118461231261737e+00
2.308963541308636902e+00
2.153601770619695266e+00
1.738533246561151602e+00
1.441813875836714054e+00
1.717266169727146297e+00
1.863587219733223055e+00
1.720958484915956266e+00
1.342891765067464771e+00
1.365787202412062085e+00
1.388425589825658335e+00
1.574288104694734569e+00
1.256177447201028530e+00
1.310077970926107449e+00
1.219604324389710781e+00
1.132178495358908465e+00
1.335292063638631843e+00
1.445677797176880830e+00
1.473292497017734348e+00
1.563054402641269824e+00
1.468055959090861951e+00
1.255632685291059536e+00
1.617375077288909058e+00
1.547007493151501878e+00
1.793389927436567000e+00
1.814980561799809156e+00
1.480559675220595839e+00
1.647389618929033794e+00
1.965580782114811687e+00
1.739370074821813050e+00
1.784033966571866303e+00
2.146695908608693415e+00
1.716032263366216615e+00
1.427704742888779021e+00
1.145978874902800149e+00
1.634382355718340563e+00
1.910398052951972403e+00
1.640667271789975068e+00
1.526104615023139655e+00
1.368355565927957818e+00
1.331159704896433871e+00
1.438197634846049677e+00
1.539733435507658177e+00
1.741201167699238717e+00
1.230046284842736037e+00
1.248417344935006223e+00
1.404388895475258803e+00
1.173960438815196961e+00
9.643343455161730304e-01
1.476786354594394002e+00
1.323790650646723854e+00
1.365433091979195712e+00
1.554693641216307709e+00
1.644446230742184101e+00
1.749700448895623595e+00
1.672927330741551533e+00
1.731607871581072988e+00
1.571231646104460422e+00
2.080365329272567010e+00
1.979767456324461605e+00
1.513523525528538638e+00
1.822279168288717388e+00
2.147677560496477067e+00
2.124692815676861191e+00
2.080657455579959514e+00
2.187521563701900984e+00
2.088039849407461457e+00
2.119185693562158246e+00
2.139425761772153045e+00
2.727418717376111079e+00
2.152715732024709006e+00
2.055308397981686408e+00
1.872682104307239248e+00
1.741204582329122452e+00
1.766536755023508931e+00
2.100285703903217449e+00
1.835103761333209960e+00
2.181983186187450574e+00
2.122879986703258393e+00
2.456900159655079463e+00
2.181286860918453918e+00
2.169932002013273742e+00
2.334091911617764747e+00
2.113981268977898065e+00
2.149860579177717668e+00
1.873176099272396478e+00
1.574562460663130103e+00
1.205452203961834279e+00
1.488900217931812264e+00
1.333068761321887008e+00
2.032964175908099413e+00
1.814588339362048108e+00
1.806141539399598761e+00
1.897277951789421380e+00
1.803511068870871759e+00
2.147392683609310016e+00
2.026717011751374198e+00
1.762328070205668951e+00
1.512035027164339018e+00
1.560742959296974153e+00
1.569511900970585572e+00
1.547344654959891264e+00
1.489583170001689494e+00
1.556205001704417112e+00
1.528944865766314498e+00
1.673508152518012215e+00
1.343170862193990844e+00
1.390145086630125038e+00
1.418688918588763670e+00
1.109283998608766142e+00
1.040367689753627145e+00
1.278798302837309331e+00
1.565926971657580102e+00
1.630880760830798026e+00
1.238497697616487869e+00
1.402073616759818009e+00
1.466878249298024572e+00
1.603370024910309555e+00
1.402796896899526136e+00
1.271041340983086521e+00
1.428813682536608454e+00
1.742740013505837515e+00
1.980056098685456512e+00
1.937097663844192130e+00
1.949880657337456302e+00
2.091646609120239031e+00
1.900169052751759624e+00
1.592320567576737567e+00
1.376654618788460960e+00
1.648434307704382595e+00
1.507921922403335335e+00
1.803013095428910750e+00
1.916896300078279936e+00
1.781923747004392489e+00
2.109614064765297226e+00
2.707804488555296540e+00
2.877599981573867982e+00
2.380719275540023272e+00
2.307503950255731517e+00
2.032381409544777195e+00
1.651607454810368303e+00
1.691584249622324343e+00
1.894797985450507261e+00
1.683514689072702852e+00
1.342539025242526440e+00
1.202033690980254477e+00
1.272607998940311624e+00
1.205762753098957862e+00
1.099308670210157102e+00
1.138592092468918349e+00
1.527843643567419640e+00
1.553720380917325006e+00
1.713990465762784909e+00
1.427792881540095760e+00
1.548681840662730957e+00
1.519378007850698653e+00
1.323924984303659569e+00
1.378201970923018660e+00
1.104959114493468064e+00
1.396911338021037619e+00
1.306240033532263256e+00
1.247022961466927926e+00
1.217420463661282426e+00
9.300489687191246801e-01
1.003551536691740464e+00
1.386476926922249220e+00
1.293743477724842883e+00
1.189917581833994875e+00
1.175253492830473645e+00
1.335690705647925469e+00
1.182471100775508654e+00
1.373019287053781401e+00
1.407059177595952448e+00
1.341776974076636764e+00
1.508579374305650589e+00
1.520182728750929302e+00
1.226053355433481151e+00
1.429038030554436123e+00
1.612649193040834650e+00
1.461973791004586687e+00
1.621082346017330700e+00
1.683555601129846480e+00
1.724460746389321564e+00
1.887747010923833901e+00
2.048717368526211668e+00
1.507172510779651198e+00
1.361445334111664351e+00
1.318207322928004688e+00
1.173493593146871738e+00
1.137325132790278914e+00
1.531315010587130265e+00
1.594546070739800481e+00
1.909417433617459414e+00
1.656993964485937498e+00
1.743080292930808017e+00
2.023595444859626280e+00
2.047839989206337030e+00
1.915377988470670534e+00
1.668741608446814517e+00
1.576174342402350437e+00
1.596582114805592534e+00
1.537919129988850386e+00
1.525979432300753391e+00
1.582451372328111283e+00
1.527646007840735676e+00
1.662334320120743669e+00
1.783897453378008313e+00
1.668818617337547439e+00
1.478754761093876935e+00
1.460689228001812667e+00
1.361521742072562935e+00
1.388414773409037295e+00
1.494141598711646868e+00
1.557542832877971462e+00
1.365468882440119325e+00
1.419241482178273950e+00
1.418061029094416448e+00
1.285317125893171486e+00
1.311725794142758694e+00
1.478855351221085801e+00
1.429898906732751662e+00
1.575842731027641941e+00
1.872184924853774524e+00
2.128782207991914088e+00
1.996018158630415762e+00
1.478504245746462553e+00
1.347107229490045910e+00
1.168650184479800958e+00
9.840273191884243431e-01
1.173293737438798612e+00
1.367637732257448446e+00
1.593942150768307808e+00
1.412810530346311877e+00
1.300532768274943685e+00
1.445311419837254086e+00
1.425353275318132162e+00
1.459027866966262188e+00
1.801693709971602164e+00
1.855442053733325158e+00
1.868813495196046448e+00
1.824505607554498088e+00
2.002124052167498114e+00
2.180459780698515981e+00
2.111202044311699222e+00
2.105928292207670083e+00
1.714965126299716758e+00
2.142030263941063772e+00
2.300872838017594901e+00
2.265884881008203955e+00
2.209764632627464032e+00
1.877867405250208011e+00
1.646581722133883652e+00
2.133113605810446067e+00
1.909217821601874254e+00
1.534220825369565055e+00
1.673384697558128797e+00
1.511874333663614900e+00
1.533673383717710559e+00
1.464864954276934528e+00
1.632989231835448862e+00
1.369610656877263466e+00
1.779712320644255996e+00
1.600174288957221469e+00
1.115725220630149561e+00
1.645829602714396378e+00
1.584245489081421931e+00
1.991047050010432251e+00
2.287332568387137055e+00
1.735313932988300500e+00
1.841681610094749066e+00
1.765101572617715497e+00
1.505075727720250889e+00
1.585338817265839584e+00
1.717472295802349169e+00
1.659933770737953340e+00
1.741723973467367959e+00
1.574753027165591845e+00
1.541565820256845853e+00
1.617278994867031194e+00
1.718730324194106318e+00
1.870268118903309462e+00
1.707861893331560799e+00
1.545954866971233299e+00
1.830855383585295204e+00
1.708268173181297200e+00
1.673951028994203005e+00
1.795473091787461062e+00
1.376075803053494750e+00
1.721849618597960374e+00
1.450276406142763097e+00
1.693878336992044042e+00
1.542176162410529683e+00
1.484510019411596105e+00
1.398808394126443311e+00
1.496623554579733284e+00
1.470154843297150071e+00
1.598596720666783044e+00
1.984136873702101456e+00
1.615281860150883375e+00
1.406168003428397428e+00
1.828964008963251731e+00
1.684379493109964931e+00
1.624053593736948686e+00
2.164937582550758854e+00
2.248671360495484883e+00
1.936112613685532224e+00
2.032429170295510179e+00
2.002482597012277044e+00
2.054297654597170730e+00
2.404594222520131552e+00
1.659848354358708811e+00
1.280197458024451729e+00
1.589274181635416339e+00
2.013972681088513905e+00
2.080956459296396055e+00
1.788275098456541645e+00
2.366056037321827787e+00
1.929011017957494190e+00
1.786345901915526113e+00
1.528528789365813489e+00
1.689336080512363614e+00
1.622854760907893379e+00
1.807448976812926489e+00
1.835164217809807985e+00
2.408223469520275550e+00
2.015636581038768416e+00
2.046986608468095881e+00
2.219945262292616572e+00
1.813524317568559141e+00
1.948151517951330014e+00
2.341286395521144481e+00
2.096383301462414028e+00
2.386547696468568347e+00
2.344341038449181180e+00
2.467435948051244665e+00
2.337756436482989919e+00
2.326599240027190874e+00
2.270618795945604340e+00
2.332538982117984716e+00
1.682192591103524038e+00
1.774665623436110895e+00
1.799743102014527585e+00
1.616777271696748786e+00
1.712942645267326203e+00
2.083065303969140025e+00
2.123334392097466772e+00
2.063225698618829984e+00
1.473616446062920859e+00
1.774724740589247673e+00
1.407711884413147763e+00
1.695911992458013273e+00
1.707618231028372735e+00
1.794287317461090714e+00
1.724746811654101597e+00
2.219138135962161140e+00
1.867184688841717621e+00
1.671256789244619512e+00
1.350443754398977347e+00
1.507259020817445005e+00
1.527801157235602725e+00
1.526923808344330169e+00
1.448956537589263682e+00
1.250591854700222827e+00
1.331647305786714419e+00
1.418802605403584050e+00
1.350563460883734912e+00
1.530874822911186151e+00
1.311863115310141881e+00
1.444536386668957562e+00
1.389761956642079133e+00
1.094591464010908677e+00
1.310702085679497308e+00
1.535828636960052673e+00
1.423656478517313362e+00
1.383804375309201085e+00
1.422672271635351260e+00
1.402765213455529736e+00
1.295806377009384169e+00
1.084763967230317538e+00
1.186091906756858050e+00
1.485789052711047553e+00
1.566151045735238778e+00
1.552293633528124772e+00
1.462232261839807368e+00
1.331006496371322623e+00
1.481371726986601800e+00
1.477072105957468962e+00
1.287525786191776156e+00
1.389285234814548131e+00
1.584816781275883546e+00
1.541324612572237518e+00
1.693808642224112537e+00
1.706933591706155884e+00
1.693724870082366385e+00
1.760489318443390960e+00
1.140979251346155854e+00
1.352723604742799735e+00
1.158664421653874843e+00
1.332765247620020688e+00
1.327681524374552779e+00
1.380702102085813898e+00
1.460223596884397512e+00
1.225951886870525698e+00
1.111123469795594954e+00
1.128052079145485997e+00
1.257884363940371841e+00
1.618325904526765058e+00
1.443334573373307173e+00
1.575371637286848703e+00
1.229918647766110151e+00
1.324182422894276456e+00
1.566697694492365400e+00
1.692769165036383416e+00
1.628985177646122828e+00
1.739072928892696712e+00
1.802411780471985914e+00
1.469296457223447483e+00
1.343065476933583247e+00
1.603010451455548990e+00
1.413114470158945313e+00
1.221049318988764787e+00
1.279981996377480113e+00
1.500724371480858466e+00
1.501420049774020882e+00
1.324708917629439986e+00
1.646490854934687054e+00
1.507338407415779846e+00
1.577781182924119285e+00
1.805828332075763543e+00
1.750766224248829106e+00
1.751371151719873343e+00
1.951833349692138730e+00
1.700622202586151932e+00
1.621864688395632470e+00
1.324205598651855276e+00
1.452119937490643053e+00
1.181695005677072530e+00
1.783015046906187173e+00
1.854528575217631037e+00
1.537456359099579117e+00
1.692032584599325817e+00
1.487019980502399363e+00
1.723578628682179703e+00
1.727156074490998838e+00
1.896090331072120438e+00
1.865512116847225066e+00
1.960677158153561805e+00
1.930303344914333641e+00
1.972774079177839868e+00
1.934867638468744433e+00
2.387750343330217628e+00
2.486985866844358739e+00
2.112576142058053552e+00
1.757565155154879655e+00
1.997448401373362437e+00
2.034033692913408409e+00
1.789137185508220318e+00
1.958777254947601243e+00
1.906659574054682116e+00
1.933712591939106051e+00
2.100746034945895069e+00
1.840736817905393341e+00
1.763228376430671318e+00
1.593141367777409556e+00
2.097110872143477689e+00
2.117424205093149769e+00
1.994191962850477839e+00
1.770264365621060598e+00
1.473452863153354997e+00
1.413593065118547321e+00
1.783214574492913318e+00
1.944601394640848468e+00
2.009864186740929259e+00
1.585667862393594696e+00
1.521791500638976613e+00
1.674080554067641557e+00
1.560786026292849016e+00
1.779409398629170358e+00
1.557635413849941752e+00
1.679970307758224202e+00
1.849880691911890196e+00
1.819159342378601441e+00
2.261433902531243767e+00
1.530341272302299771e+00
1.698243152966591341e+00
1.384380489554600357e+00
1.735474872152542591e+00
1.618657680333396076e+00
1.524244694084168072e+00
1.366244372545695640e+00
1.701099552863497566e+00
2.075006748286357450e+00
1.862737131286900549e+00
1.828745348918995539e+00
1.619508891017607866e+00
1.539791652865945215e+00
1.404047347753133002e+00
1.262718417041065688e+00
1.008250131505075586e+00
1.266464321304166418e+00
1.209194665219201381e+00
1.613314116831388034e+00
1.920248343417164438e+00
2.044574893455056053e+00
1.389541868134802183e+00
1.567954087499304094e+00
1.511389641190452160e+00
1.184744592596952195e+00
1.247599509929030681e+00
1.248801136714352333e+00
1.411419831473441411e+00
1.332307119823827213e+00
1.601947177043240522e+00
1.554705178382639108e+00
1.407530084631568146e+00
1.580043398642355434e+00
1.001472638387685299e+00
1.310530331045087760e+00
1.366847060141935799e+00
1.473713765959478783e+00
1.481618564061141674e+00
1.615240907996253972e+00
1.496320438926477703e+00
1.866432467094292669e+00
1.862966272054723760e+00
1.728443404394393701e+00
1.746016833012872471e+00
1.911441665900986742e+00
2.222538964420786467e+00
2.516715967408981403e+00
1.954494816942641711e+00
2.085854486391477192e+00
2.271996941756798449e+00
2.379578740548246696e+00
2.331922230494011483e+00
2.326189219892709215e+00
1.845279219025085515e+00
1.470738164008013937e+00
1.980806880549009996e+00
1.591872459209010326e+00
1.587319519826643210e+00
2.049488637817219239e+00
2.188023668960227042e+00
2.026111510236412894e+00
1.724791686280822134e+00
2.282149149313050351e+00
2.234950500416924779e+00
1.992683346909915887e+00
2.261595560551914907e+00
2.163594777283134540e+00
1.728869615618683131e+00
1.623349513421167956e+00
1.488869016402328382e+00
1.411837784384347927e+00
1.271800620220591149e+00
1.096661983086648418e+00
1.270963817265500673e+00
1.487774743244224318e+00
1.628617811202052623e+00
1.468856729428887453e+00
1.709602283260500233e+00
1.903603985774470209e+00
1.675350111312637669e+00
1.709878359778444379e+00
1.728410910301329428e+00
2.044386729246723267e+00
2.078344512596848936e+00
1.554924669122978109e+00
1.885946263472376261e+00
2.114633013143049300e+00
2.000422401904720093e+00
2.092621851144218059e+00
1.504455043549047577e+00
1.128259690624793476e+00
1.288295049144032367e+00
1.676973573409574758e+00
2.134109589347454428e+00
2.397831642511866423e+00
2.392233584871473973e+00
2.283214740664125220e+00
2.094858344385589266e+00
1.852108525724720955e+00
1.544858910213486647e+00
1.729057069978913397e+00
2.097257990379517434e+00
2.128695855247562552e+00
1.932479572416767155e+00
2.262084285269118311e+00
2.243172269199192659e+00
2.219805085706287429e+00
2.251492135852634302e+00
2.466399528211907555e+00
1.994789273966053544e+00
2.022334752460732243e+00
2.105531821479307730e+00
1.645691537363830781e+00
1.606705197622067649e+00
1.761001509195334380e+00
1.996213389867134813e+00
2.036046342552718436e+00
2.251320520838644867e+00
2.250361534629525373e+00
2.159279648527618001e+00
1.622032214840584574e+00
1.268810718464735476e+00
1.320678383041674842e+00
1.428399776800487908e+00
1.903958294934908757e+00
2.164224872331952376e+00
1.931783068303629891e+00
2.170822891766245544e+00
2.134101195339110912e+00
2.100633487663369880e+00
1.969697692316942472e+00
2.225451493133492331e+00
2.475506644459826600e+00
2.375161023411120009e+00
2.235063923417922371e+00
2.247404908810819890e+00
1.794443928124155763e+00
2.223033828803643530e+00
2.379617989368295383e+00
2.288517650401956427e+00
1.764742590796852362e+00
1.760988202731153862e+00
1.470422226565455182e+00
1.439966268508340974e+00
1.254501990637405973e+00
1.435297787395340752e+00
1.384967903926837218e+00
1.257783286386293442e+00
1.351291589374919777e+00
1.407850866123963485e+00
1.574100123203598045e+00
1.971420485388832411e+00
2.067016321753250008e+00
1.770269724378724652e+00
2.058844913776030516e+00
1.864680097774453316e+00
1.678574878213319188e+00
1.624286202403091073e+00
1.607769764674378044e+00
1.723215315682404158e+00
1.326714820362713265e+00
1.613497456848474343e+00
1.216097287939483351e+00
1.632184602230489778e+00
1.333324972188663748e+00
1.543159076659172513e+00
1.369295309563820284e+00
1.560371625486316915e+00
1.676700852649449791e+00
1.956798466557905236e+00
2.267498457682445068e+00
2.244272875822842295e+00
1.885993344240943337e+00
1.669392253840841667e+00
1.855480637910900343e+00
1.867772735134427098e+00
1.910984483569404535e+00
2.120573555184261050e+00
2.350894423063963234e+00
2.315288376582280705e+00
2.291435999512456245e+00
1.937833193367058504e+00
1.306853175943806455e+00
1.525623525815237747e+00
1.859360968357785415e+00
1.439476240098437110e+00
1.252467778337700510e+00
1.552840777044603771e+00
1.972775366605775904e+00
1.943495535893162929e+00
1.643325199774696488e+00
1.934392695038504861e+00
1.891830228924570534e+00
1.702837497891086960e+00
1.632275082658773968e+00
1.558857456205991143e+00
1.878677338093218241e+00
1.677931815617810019e+00
1.442221767994497306e+00
1.563320618497110681e+00
1.884246220462561627e+00
1.552581274410741230e+00
1.592546302166690575e+00
1.637784803993754146e+00
1.500247511092350328e+00
1.389178296660837475e+00
1.429704102259181653e+00
1.636567399459041727e+00
1.650362820423650678e+00
1.625473790178750821e+00
1.415119536184008986e+00
1.251585599451610076e+00
1.318300683530438722e+00
1.339446729394129454e+00
1.175593759442251196e+00
1.119996863259038467e+00
1.310146082754861663e+00
1.704761977837967457e+00
1.327482040072221148e+00
1.496447410815778589e+00
2.124960935438167997e+00
1.907713787640768821e+00
2.023643966076198009e+00
2.038728050358320942e+00
1.575303162221537212e+00
1.668191428070980198e+00
1.466536218223861709e+00
1.497438166166883189e+00
1.912357114083036436e+00
2.163578641378105072e+00
1.815131136752492713e+00
1.465341239662497186e+00
1.219835876979154632e+00
1.762583875243647569e+00
1.445119270565317970e+00
1.751427741263194893e+00
2.102242022953143330e+00
1.835704129133454376e+00
1.508478645786571093e+00
1.327736409614184598e+00
1.176545613142880198e+00
1.246872178448824808e+00
1.569098977047971966e+00
1.375712499744865536e+00
1.456366843148295009e+00
1.627374046764634929e+00
1.544028593835179652e+00
1.603656064053768704e+00
2.031926299006994174e+00
1.937124217732451248e+00
1.495299271709905398e+00
1.696575190343241779e+00
1.909079256706838423e+00
1.804514075558271147e+00
1.858631112158263710e+00
2.031818854000737584e+00
1.805975154243345093e+00
1.977734529682165121e+00
1.701661551353057522e+00
2.016863303697412846e+00
2.149201125223356712e+00
1.879835685938238798e+00
1.739593187992138912e+00
1.942207595247538165e+00
1.541733161086224158e+00
1.750622106134712475e+00
1.827498046645005036e+00
1.234503366098568256e+00
1.227928088862207945e+00
1.372130397068323626e+00
1.406066472284315472e+00
1.470481447936907493e+00
1.401866222598217471e+00
1.349405263823812762e+00
1.364344580512799388e+00
1.115900676559177018e+00
1.158947383324653080e+00
1.177273703656018133e+00
1.395659835804538673e+00
1.502907829262135397e+00
1.753200307248005574e+00
2.200626529489817962e+00
2.231324613962792469e+00
2.286893053524194475e+00
2.416165528034840637e+00
2.223961753508042705e+00
2.076053620657949406e+00
1.787071386431502207e+00
1.913751238892414497e+00
1.612583575987397655e+00
1.951019420548288030e+00
1.864515620873147261e+00
1.767692420433957468e+00
1.989246109015522457e+00
1.591796176063510426e+00
1.429273131830781196e+00
1.317646218623760523e+00
1.191058448709221285e+00
1.379942501719735315e+00
1.458409471257132273e+00
1.531904360698326695e+00
1.398312278571351541e+00
1.338588248239379830e+00
1.461386849144618028e+00
2.039081572558196775e+00
2.052710750026196518e+00
1.739683330060383559e+00
1.941796037356810167e+00
1.821526662228454718e+00
1.967327658233719134e+00
1.390408472808752904e+00
1.467926661977099201e+00
1.511311543726089335e+00
1.228101120208065167e+00
1.302192795467103759e+00
1.558733780520453749e+00
1.785731936414156396e+00
1.714240431616597782e+00
1.720298808891916664e+00
1.907755603833601432e+00
2.017380881694688100e+00
1.802247957882223917e+00
1.588142151101423982e+00
1.824009769105169987e+00
1.712255319358754635e+00
1.878901244154992156e+00
2.127210764808060706e+00
2.225538036695881239e+00
2.107928162819523443e+00
2.056567326658247818e+00
2.120698269020126592e+00
2.313675958512567465e+00
1.727928454479690679e+00
1.985593437400035910e+00
2.373816727959442652e+00
2.052008603319650515e+00
2.334388864313793555e+00
2.035687459166271474e+00
2.284830028811587699e+00
2.256652864711405027e+00
1.983197358157350099e+00
1.570703218409842172e+00
1.470208101024005565e+00
1.478964605712940417e+00
1.545354479738551667e+00
1.667836262492954136e+00
1.390642368452424060e+00
1.684292844894049512e+00
1.576838278865075438e+00
1.748631133994774434e+00
1.339696169817841342e+00
1.655451880787814689e+00
1.497383084077076987e+00
1.473784470179456463e+00
1.683949673339412811e+00
1.531027717123248921e+00
1.458217733749702427e+00
1.438358315010005439e+00
1.367681293205507354e+00
1.309428102308242581e+00
1.304066498820382947e+00
1.409028965180937787e+00
1.934260103146569154e+00
2.130163616356610667e+00
1.933780051382574250e+00
1.231778392601880157e+00
1.195373700074988665e+00
1.188231488984739403e+00
1.297341860573243855e+00
1.484557836458543223e+00
1.674753072754071148e+00
1.920197175435636838e+00
1.628458309541268578e+00
1.562570343370230486e+00
1.648550531628507176e+00
2.029691019141083963e+00
2.266241190145072526e+00
2.099319493148847471e+00
2.080089538360400336e+00
1.934943629246614449e+00
1.677109969560430347e+00
1.622541996871335490e+00
1.745970670308885309e+00
1.875635244894096054e+00
2.105690148498430059e+00
1.766717913250379857e+00
1.849492434342782765e+00
1.716707978363616327e+00
1.473238216379797905e+00
1.694161068641554913e+00
1.982187259085365305e+00
2.062699916185965598e+00
1.891904351759831515e+00
1.899961186558545068e+00
1.682290384899868929e+00
1.735056848206283364e+00
1.787324279394095328e+00
2.016220226290165396e+00
1.789454944190181696e+00
1.684775599639702026e+00
1.821859708270874512e+00
1.884498463232652687e+00
1.884881131314235958e+00
1.624701009085159020e+00
2.094190332091210305e+00
1.512866085900414825e+00
1.361789425633236128e+00
1.319489425071911137e+00
1.496967652831888707e+00
1.712385973995068644e+00
1.920078210753468628e+00
1.927592988235449001e+00
1.703262303270452582e+00
1.437890409036251427e+00
1.887545371477762801e+00
1.890191257745447606e+00
1.658555692179509711e+00
1.382117188952837195e+00
1.194802070570460728e+00
1.373130380864552968e+00
1.290501002120069129e+00
1.419335351659471556e+00
1.668396285216690034e+00
1.947097972019549150e+00
1.784226110804028709e+00
1.483945766200138738e+00
1.166708612843488702e+00
1.245399085903500014e+00
1.173891530711590914e+00
1.311025059283369876e+00
1.376693654764834074e+00
1.148610156279667338e+00
1.098133982928529262e+00
1.183132499305464824e+00
1.169989413275627221e+00
1.551914995482435389e+00
1.337799843545814937e+00
1.242267778132773781e+00
1.069605310700318279e+00
1.071784656186744122e+00
1.298836176668122455e+00
1.528670576242372237e+00
1.579808083867151547e+00
1.507764547053974447e+00
1.240492774721441149e+00
1.182878236557729057e+00
1.223898267216768865e+00
1.504209193217144414e+00
1.193364510915562615e+00
1.209076610718830880e+00
1.303888690914298376e+00
1.515220004745073901e+00
1.710310526065992098e+00
1.453275020035603937e+00
1.647882166915813684e+00
1.933380768539429084e+00
2.023382440571409813e+00
1.949802423327718692e+00
1.459988168917104367e+00
1.359330447895797933e+00
1.595789558239368855e+00
1.300101367191718982e+00
1.376595289311892678e+00
1.287396009882305625e+00
1.521916868542056323e+00
1.740925637012986193e+00
1.594576742634204569e+00
1.683399266736425037e+00
1.706310630748401724e+00
1.732712639478221739e+00
1.583405389017242371e+00
1.591940101292980803e+00
1.467962785058373854e+00
1.492962650757980514e+00
1.638081734710276294e+00
1.644095481225713362e+00
1.704429665651165937e+00
1.896281328463129245e+00
2.020637209892572894e+00
1.563596255013000036e+00
1.234075550495877138e+00
1.023598606353759655e+00
1.509059627798625236e+00
1.587087778083215106e+00
1.279693850847233971e+00
1.405986653031525924e+00
1.245593199139353402e+00
1.409492509261585758e+00
1.375870514049611248e+00
1.253459294610932417e+00
1.457292021753284317e+00
1.549896416304926472e+00
1.388643475439302666e+00
2.100137007357234520e+00
1.919329051314233814e+00
2.167838572450036860e+00
2.146221473586343631e+00
1.698476502666891763e+00
1.386818135415425646e+00
1.246892525421247511e+00
1.263064347299682311e+00
9.851864866209578686e-01
9.908654923531767800e-01
1.111787368101603946e+00
1.268263309831709540e+00
1.248296211796724897e+00
1.527864759281213791e+00
1.314773918145051734e+00
1.321762835666715263e+00
1.209025360871703647e+00
1.404813869642630886e+00
1.214103517649156139e+00
1.407542632026661522e+00
1.205931207994044740e+00
1.306575743914040189e+00
1.322170896546275065e+00
1.644560067213617138e+00
1.539695536033566015e+00
1.518671362297743244e+00
1.214529814803406049e+00
1.234744472962900463e+00
1.190938174929608628e+00
1.169921528902760022e+00
1.483091992321522667e+00
1.271638729083679920e+00
1.277823469027714598e+00
1.349395447923887659e+00
1.436985116256629169e+00
1.432761485806075541e+00
1.715483482044726005e+00
1.291445211556025541e+00
1.264426425678819799e+00
1.430438947348549039e+00
1.369625531803900564e+00
1.373560857421271209e+00
1.411550887535100829e+00
1.406361555581547185e+00
1.449565785704148624e+00
1.800485346048370516e+00
1.638737468980031142e+00
1.594689904828725746e+00
1.407432215908241524e+00
1.661645743015779830e+00
1.555017306245349840e+00
1.544489192486519613e+00
1.604422232284052674e+00
1.626434793218328956e+00
1.737952349880395708e+00
1.882158895496002904e+00
1.800407682641679274e+00
1.428750615273972624e+00
1.658851397132102612e+00
1.419199505609241907e+00
1.745886523900352039e+00
1.775577887140933120e+00
1.520953069737139174e+00
1.496335234399719827e+00
1.231430846865968043e+00
1.184581091410617626e+00
1.224998633939718973e+00
9.891195771375905776e-01
1.240454913959999406e+00
1.156198134257658605e+00
1.190359048412625409e+00
1.383985265397901898e+00
1.277437042192922423e+00
1.321139653718110596e+00
1.491985684716189198e+00
1.803299596790967074e+00
2.005922228484657843e+00
1.865153657473986648e+00
1.977523176512144154e+00
2.179291113366699673e+00
2.709272367769234524e+00
2.067452484910547561e+00
2.540455595498269936e+00
2.661992826227463027e+00
2.539231604401563924e+00
2.144478502433956546e+00
2.311776982714713657e+00
2.156112052140652047e+00
2.051909091448754996e+00
1.595253635735646602e+00
1.500664452785461567e+00
1.329730584228904000e+00
1.845235231296249001e+00
1.625082629054306116e+00
1.996253654918270559e+00
1.885325452978519056e+00
1.890760236922456095e+00
1.750896797648687553e+00
1.536793614860485935e+00
1.488234705652172085e+00
1.243660152411581343e+00
1.374172610979899956e+00
1.836188349628185001e+00
1.610443430572416235e+00
1.467563382833995345e+00
1.376473001843444344e+00
1.160219882865159979e+00
1.356369979425615213e+00
1.331315582052939872e+00
1.881715481141822410e+00
1.597394816672745188e+00
1.776005431258002476e+00
1.991847223347301243e+00
1.794853016363065823e+00
1.685095117408892396e+00
1.920185982042492245e+00
2.518763744723733655e+00
2.483564343136349439e+00
2.315040478039567695e+00
2.345081353095044285e+00
2.031411841733486323e+00
2.465518916307656738e+00
2.127905994511336552e+00
1.763455412093740904e+00
1.820788807590997038e+00
2.062994739861325755e+00
1.757279395952737522e+00
1.483331085288444706e+00
1.617634089918457807e+00
1.713430357411715121e+00
2.432930541699600102e+00
2.329562044392906817e+00
1.945121584840738826e+00
1.842498236281290946e+00
2.024638512931594914e+00
2.133572704520985575e+00
2.385592919743122486e+00
2.151840135030364642e+00
1.968328714259092393e+00
1.987852435685841801e+00
1.816600998429771963e+00
1.678315472097273719e+00
2.392335642301714582e+00
2.206326884944342481e+00
1.861798944862713245e+00
1.701768567849086811e+00
1.581565117846896129e+00
1.949666278391747332e+00
1.059998990692460286e+00
1.090665493725548885e+00
1.270726234571515567e+00
1.666995620866003724e+00
1.592107312273423947e+00
1.547684455166462358e+00
1.662159855448872126e+00
1.718675153353927954e+00
2.012163766298285861e+00
1.658949217159438438e+00
1.973359871256551656e+00
1.851656287135342360e+00
1.822141788678535157e+00
1.581268449846389812e+00
1.575771721397142500e+00
1.232779885339246873e+00
1.273025740990904264e+00
1.562005391502810037e+00
1.376082690871018199e+00
2.079149543949981194e+00
2.206414776849951132e+00
2.200912946961307348e+00
1.902463891288796560e+00
1.496548882715076578e+00
1.507742110523709433e+00
1.471875792303152908e+00
1.669783471700444055e+00
1.370443704302839460e+00
1.452846462330194877e+00
1.433609639456538964e+00
1.614309925474283647e+00
1.467958846625602609e+00
1.207174047533899675e+00
1.453640562798378610e+00
1.350126627820277037e+00
1.394836166339272765e+00
1.835179058847490552e+00
1.182672577212847909e+00
1.138344402745281370e+00
1.270036058132831824e+00
1.530826423876692655e+00
1.681138817172263433e+00
1.293182044753938831e+00
1.677968191968643996e+00
1.854319522609319426e+00
2.114287620980385807e+00
1.837421764144188119e+00
2.040969291580707168e+00
1.653735927449541343e+00
1.620047982285336419e+00
1.652185199883629885e+00
1.528682553370319441e+00
1.724888487589989472e+00
1.765875995598273906e+00
1.836005888683157394e+00
1.955378889897738892e+00
2.020095041810397785e+00
2.293356259826630161e+00
1.931166636437827044e+00
1.598311830571688352e+00
1.840165717109804477e+00
1.571736773490474137e+00
1.692035708992508436e+00
1.507542029202193490e+00
1.695027093128339546e+00
1.414611200528301804e+00
1.803408693118949691e+00
1.509160847457116761e+00
1.573815450606363520e+00
1.169462686955617725e+00
1.322058009733701134e+00
1.267855194321907408e+00
1.272293465069074925e+00
1.371186406863001972e+00
1.459785647978722345e+00
1.519050373954995425e+00
1.851287855186272369e+00
1.693548757049647469e+00
1.660356998054189903e+00
1.487421291559996916e+00
1.628351486784734181e+00
1.694361278086924161e+00
1.672860310051227151e+00
1.308744463791549517e+00
1.326077008142443781e+00
1.418541149471979734e+00
1.563686036219926745e+00
2.053133187951370342e+00
1.924448071487908640e+00
1.838169903249994963e+00
1.740317469800628292e+00
1.454084432659017212e+00
1.470905776549311872e+00
1.557441203143190123e+00
1.432732614732376231e+00
1.401213930147041431e+00
1.514069384721849154e+00
1.926378497822435865e+00
2.084834702000458950e+00
1.898993983883235259e+00
2.044071467762346384e+00
2.185600055433585265e+00
2.207423195256804860e+00
2.065968422686513595e+00
1.738550806917128710e+00
1.716670561159856279e+00
2.029918926451515837e+00
1.980018420041940175e+00
1.582387091677482260e+00
1.741910053690657767e+00
1.469710476434243240e+00
1.643536972086393932e+00
1.667410084766413947e+00
1.466923451636168885e+00
1.076437029247865551e+00
1.105887774301551607e+00
1.209763375221254877e+00
1.320078085219813069e+00
1.623505289099255400e+00
1.582489158713073607e+00
1.528645078181484207e+00
1.898890080840001549e+00
1.430444445826350552e+00
1.563675546138342476e+00
1.595463549109095824e+00
1.670767886509119116e+00
1.438008990734353620e+00
1.372651212896325967e+00
1.440392644536398592e+00
1.103056846201055263e+00
1.476807282042828184e+00
1.498987264378756734e+00
1.569348610787917098e+00
1.675361458187220265e+00
1.788833867769342723e+00
2.022168218227915926e+00
1.744052121477604134e+00
1.621644148369294491e+00
1.774343374844834287e+00
1.846645462413122551e+00
1.806288200652846676e+00
2.024034959580367499e+00
1.973301506217590262e+00
1.991076528678237922e+00
1.891985176869870333e+00
1.430810490878934971e+00
1.363144653892936153e+00
1.459274253683901401e+00
1.367934343973743916e+00
1.236563163666438925e+00
1.442597487585755900e+00
1.548241298587425874e+00
1.514727024293758273e+00
1.853148982258298050e+00
1.513369085434245198e+00
2.063717679193026733e+00
1.653466614410998181e+00
1.668560503394358907e+00
1.677760367706851774e+00
1.664749850429283029e+00
1.710451802848212743e+00
1.446665122956225069e+00
1.425355560465215721e+00
1.227006733718065012e+00
1.275918275968250359e+00
1.129478425292343990e+00
1.184654253280494007e+00
1.230946399462434115e+00
1.204771197461714349e+00
1.317502763046649150e+00
1.255033634133741360e+00
1.672666752118427969e+00
1.788731450699549530e+00
1.401214347186126030e+00
1.627949628887069400e+00
1.334701184888933190e+00
1.379335368284037910e+00
1.063785855207532327e+00
1.284274310310906220e+00
1.357402610849634650e+00
1.084738206274218131e+00
1.160449529757966891e+00
1.437435338931689621e+00
1.503942037002097054e+00
1.611578354492791521e+00
1.910669505298324911e+00
1.965035022613114579e+00
1.626481797070058466e+00
1.420962693484395745e+00
1.456369682344689664e+00
1.486349797933616212e+00
1.287462697792613131e+00
1.181789315583477995e+00
1.310953317894265391e+00
1.201424394098759674e+00
1.413779413103495752e+00
1.401171523513879080e+00
1.558643879233337026e+00
1.740790450605087747e+00
1.855691260148629285e+00
1.777337323218097342e+00
2.137358062916895562e+00
2.478787786537578697e+00
2.327624409167416086e+00
2.193168086460314026e+00
2.140960824592363920e+00
1.855053704161059080e+00
1.381006962079259326e+00
1.262120629656357185e+00
1.585255002900280097e+00
1.620872808894910921e+00
1.564006601887386605e+00
1.382024815039556875e+00
1.480845005943675519e+00
1.977830856098377055e+00
1.826308913637000986e+00
1.977146859296748493e+00
2.098521390626185035e+00
1.730189733191789259e+00
1.980899401603017473e+00
1.876830040579611225e+00
2.184909006832792322e+00
2.030885508705194020e+00
1.991988260081710926e+00
2.391681363587776499e+00
2.123971700596285928e+00
1.718215397808904088e+00
1.689111009568820210e+00
1.732374780592185637e+00
1.643721950723807446e+00
1.613650166889339266e+00
2.016537095029734772e+00
1.834298247020575534e+00
1.661593482425595347e+00
1.514346259727880950e+00
1.556012724604391773e+00
1.450303592146765297e+00
1.592254388656042741e+00
1.591484044216902261e+00
2.112207796540074067e+00
1.692909869902465392e+00
2.036757681838430756e+00
2.030837692636180858e+00
1.356301038572354400e+00
1.534565781618654867e+00
1.108814231006681750e+00
1.100396914220333811e+00
1.338942824224043315e+00
1.509012287406606534e+00
1.536294043379393015e+00
1.762218906743534763e+00
1.554819579113207118e+00
1.571328357778383644e+00
1.958983694043208379e+00
1.445024406712777321e+00
1.500641765772711578e+00
1.509530902557663312e+00
1.586552448922849301e+00
1.692298347939274583e+00
2.028846482132114826e+00
2.192637810573306645e+00
1.996299376476784904e+00
1.832078925551114068e+00
1.538227129801017057e+00
1.482579802899263832e+00
1.557241278643928695e+00
1.497710526737017211e+00
1.683594297626017200e+00
1.420717566498031825e+00
1.625388403845559271e+00
1.663569510131219120e+00
1.755343256136706831e+00
1.659293413609467471e+00
1.367450387785636767e+00
1.690863370000595500e+00
1.695593179573167353e+00
1.880522794747685467e+00
1.579710697687107368e+00
1.171785625591849067e+00
1.285551774537686542e+00
1.209043274217220132e+00
1.268533370841195662e+00
1.139964394218898835e+00
1.076326991423305346e+00
1.749298524661237586e+00
1.576323462024688649e+00
1.296826905402356678e+00
1.412465238628365594e+00
1.713533471027139043e+00
1.901429985903126951e+00
1.757566355578231487e+00
1.668692238400765637e+00
1.578407689366830846e+00
2.279681766876920257e+00
1.897442409148090370e+00
1.659127473758076565e+00
1.972863053723394877e+00
2.288658921808444102e+00
1.631677549815285788e+00
1.432108670591991428e+00
1.505140192003074251e+00
1.259010991970336724e+00
1.754095170258170633e+00
1.611518281413641951e+00
1.354775191294550485e+00
1.646770853859031325e+00
1.730589870813998843e+00
2.062871718287346834e+00
1.737314542278597163e+00
2.227688761210794066e+00
2.157946360727557522e+00
2.344197787755331941e+00
1.971747186376389571e+00
1.558889136067116432e+00
1.706584212692238811e+00
1.707724104978956881e+00
2.050148853243212610e+00
1.624510940267431813e+00
1.723619313854423130e+00
1.615650250416146960e+00
1.722450712121358141e+00
1.860204674064941166e+00
1.508853982757958789e+00
1.391977478506333021e+00
1.139675419202401452e+00
1.541397615469469740e+00
1.203236883828178172e+00
1.482568544417697698e+00
1.311585651059480995e+00
1.364801961631264549e+00
1.357459812225662477e+00
1.422166121214056611e+00
1.200663359536774166e+00
1.309247838417730181e+00
1.249587450883363537e+00
1.359193520463096716e+00
1.157291601589677921e+00
1.295091703322300614e+00
1.240007457016852221e+00
1.460369672590432488e+00
1.210029601550980161e+00
1.496007468279122232e+00
1.794056164500680950e+00
1.738528409336148828e+00
1.777375072931866029e+00
1.592674243915440435e+00
1.233856082093284234e+00
1.688854521130761288e+00
1.693115743247128435e+00
1.901625835897735373e+00
1.783109502922850087e+00
1.985120016130645482e+00
1.864956487063042179e+00
2.189726291525051494e+00
2.209342393097320389e+00
2.273632744990239374e+00
2.034191903519605216e+00
1.866798662318790436e+00
2.630884519400576327e+00
2.373871255102369737e+00
2.040638037284280504e+00
2.341282344349876254e+00
2.139409212177624031e+00
2.017876536668341547e+00
2.265949516052513601e+00
2.373646657750453581e+00
2.312029680937046194e+00
1.866675362434752294e+00
1.744822288711503688e+00
1.442891475264698853e+00
1.768052336311323636e+00
1.933743910219461348e+00
1.974896580391352519e+00
2.048154267509360249e+00
1.991151875675348792e+00
1.934250288910018600e+00
1.892330796843385787e+00
1.667314464641388883e+00
1.373612496587484744e+00
1.292544193013297482e+00
1.368259046190560824e+00
1.438788360179193093e+00
1.690654029701990968e+00
1.701438103583891692e+00
2.047323650646853732e+00
2.343490697429236214e+00
1.911404346007963939e+00
1.788772374167527435e+00
1.822700520269664004e+00
1.510557152086513533e+00
1.549970584801849238e+00
1.530277891649681754e+00
1.689140164741208983e+00
1.240233752977770720e+00
1.239138756944948128e+00
1.176651680822622614e+00
1.019917088603742306e+00
1.139039135956650517e+00
1.254579569246772275e+00
1.545425074891499939e+00
1.230861255994089909e+00
1.590018695571276064e+00
1.415802173079437898e+00
1.849294605967653826e+00
1.881956195312226576e+00
1.646591254969284268e+00
1.918507317531759959e+00
2.204042609119415186e+00
2.163437604913532653e+00
2.643347458224706958e+00
2.192023179099932051e+00
1.969880339834114480e+00
1.799626221427912842e+00
1.687686301951238921e+00
1.809018661313814169e+00
2.167413319365875335e+00
1.943690240758618293e+00
1.681233312750071152e+00
2.148395534101868343e+00
2.137293310467451857e+00
2.151426329663111314e+00
1.735454146060413594e+00
1.951115508928636944e+00
1.508549066161075203e+00
1.467266448289494374e+00
1.587773323138208292e+00
1.734897004684219812e+00
1.703910443334662794e+00
1.481229497882689650e+00
1.467938106026184464e+00
1.576993806389750397e+00
2.067779940023192875e+00
2.097048709654390830e+00
2.118737218366642416e+00
1.866016025839388526e+00
1.668567898979762765e+00
1.632973798029872192e+00
1.692774421361011861e+00
1.345651371993791701e+00
1.091621566379425312e+00
1.260594297685314835e+00
1.163847565485661262e+00
1.421715117408842932e+00
1.278982332028133051e+00
1.372308131136886544e+00
1.510641748561761588e+00
1.339079729027236931e+00
1.680587584473606233e+00
1.781232052128325805e+00
2.122995887285611172e+00
2.079900148433720286e+00
2.196151435766701798e+00
2.201198072333424349e+00
2.560891652089919646e+00
2.336885108554936696e+00
1.837317970711842108e+00
2.034276563672174021e+00
2.258325359069666582e+00
1.825777860571542677e+00
1.642446127447741766e+00
1.967009961436143817e+00
2.107795748999118146e+00
2.146794099181237758e+00
1.813203129929073842e+00
1.563670528700277895e+00
1.308061799810462444e+00
1.703060981271149688e+00
1.781127953419404442e+00
1.627527379926480222e+00
1.518168588533968411e+00
1.830023698298393953e+00
1.690096803496770939e+00
1.714178944945353722e+00
1.984371930003790530e+00
1.584156926401140142e+00
1.670528622400031082e+00
1.684419375779980577e+00
1.383531286198167010e+00
1.438720015736409730e+00
1.608713803287816990e+00
1.668770779240228652e+00
1.535609999518954716e+00
1.677823345721497716e+00
1.604226734036525714e+00
1.213357410832879957e+00
1.688118029713718826e+00
1.577127867463698818e+00
1.826336097488561627e+00
2.444048902541826607e+00
2.195889355921959218e+00
2.181525330515668326e+00
1.928795699324054258e+00
1.852658847257508956e+00
1.804088313274912370e+00
2.157173478396117172e+00
2.077202120027285215e+00
1.878015023165019004e+00
2.433544118550077684e+00
2.413908287429904043e+00
2.382037946732651346e+00
2.211854660983277654e+00
1.796319363722884477e+00
1.563217107604340184e+00
1.667287152424447916e+00
1.483110969684058533e+00
1.383532800186168421e+00
1.225546300985805193e+00
1.311353216369694819e+00
1.282055681986654205e+00
1.558267975233411207e+00
1.480525941765811870e+00
1.104570845695134862e+00
1.447790696429172463e+00
1.541640128820082278e+00
1.866433426796644923e+00
1.776747068837384536e+00
1.883920842972267806e+00
1.610808983728617250e+00
1.911695445386173198e+00
2.016306602024596994e+00
1.835247677733938154e+00
1.670869667068088704e+00
1.585572864264019888e+00
1.413929331462614902e+00
1.610154811980588185e+00
2.000235405482926776e+00
1.645442170292971573e+00
1.902564030757855296e+00
1.779942324622858285e+00
1.599271106935249431e+00
1.350430265034410438e+00
1.120747787634392756e+00
1.313584594200604139e+00
1.593455385823306925e+00
1.368231736458706438e+00
1.628523425446589235e+00
1.533914445332851706e+00
1.493795211780503784e+00
1.440939129212255754e+00
1.517081985322934701e+00
1.749524323189380670e+00
1.546194670281031636e+00
1.472567188282429385e+00
1.361765018854825371e+00
1.500039886393696342e+00
1.979574917065086481e+00
1.425809056608662750e+00
1.104836446580761189e+00
1.158764404748386045e+00
1.270819718041985125e+00
1.480994657458066577e+00
1.459778020324869807e+00
1.435170559927737788e+00
1.704276459938047772e+00
1.979900167836283975e+00
1.956106632635295384e+00
1.828667173670412982e+00
2.061554822254685337e+00
1.779056963993750573e+00
1.532979019358634121e+00
1.433511695254856777e+00
1.329543416513930154e+00
1.177388030244742811e+00
1.302772176570409224e+00
1.723421571879217185e+00
1.909639003551107495e+00
1.766834409125198846e+00
1.630974347174351635e+00
1.658140150163490034e+00
1.560567407965532727e+00
1.712483413759911643e+00
1.613618641759673400e+00
1.787668152957169188e+00
1.613761229731898172e+00
1.748703458117724097e+00
1.172219230013637148e+00
1.156234102910069117e+00
1.446672955359088242e+00
1.929186048282235832e+00
1.880321078215008157e+00
1.796007702172731646e+00
1.512512633287864228e+00
1.707154718890610212e+00
1.644324689670803252e+00
1.693760000260600140e+00
1.505525287808878954e+00
1.122909049146179505e+00
1.531306213072799238e+00
1.283128529272024032e+00
1.286070479863197669e+00
1.497554221583659695e+00
1.272451238619098923e+00
1.331240801642619154e+00
1.385101127824614364e+00
1.413655994924057913e+00
1.429214782418383400e+00
1.113783507106219206e+00
1.585814143620385419e+00
1.529312923926410939e+00
1.395943336656307210e+00
1.439641592827564542e+00
1.397357416565531363e+00
1.449292545171177338e+00
1.400546158100741234e+00
1.428486934400721386e+00
1.411729317168607611e+00
1.358038269567998002e+00
1.641540113174398741e+00
1.544985672721566727e+00
1.495470459620549919e+00
1.716170421346140618e+00
1.689766846609740858e+00
1.542967997079709441e+00
1.733363495930221099e+00
1.979485593475593497e+00
1.519145276716398429e+00
1.742769765302188745e+00
1.612578944729898600e+00
1.370001934708745317e+00
1.396256097179130684e+00
1.738043145237763598e+00
1.820870984738300669e+00
1.816064246088086920e+00
1.545383088388212700e+00
1.832703451286686658e+00
2.106269776569453356e+00
2.121570629178039624e+00
2.292797905333469277e+00
2.581911095101943054e+00
2.160335083394644862e+00
2.272387545991795044e+00
2.266163620722112970e+00
2.074090333377986539e+00
1.954912519223276135e+00
2.219964289948794800e+00
2.203833096850367657e+00
2.250014677142809560e+00
2.144911662927760698e+00
2.133309006253863771e+00
2.000681456238781575e+00
2.028965345266971365e+00
2.090479084216050332e+00
2.220198374971372957e+00
2.154918242622637425e+00
2.086529175713186746e+00
1.995085109933971701e+00
2.221945376873117439e+00
1.713501691972725061e+00
1.626707267081813457e+00
1.521509473438647175e+00
2.013271770997741239e+00
2.096597587708324273e+00
1.990408349026062229e+00
1.752865205826654948e+00
1.895699973914027225e+00
2.070971321103693974e+00
1.776993183639558271e+00
1.625089334575296807e+00
2.374371697914623436e+00
2.242701610275855462e+00
1.609305714192465375e+00
1.700449887013621098e+00
1.599457117782893789e+00
1.602709990461112399e+00
1.547843616042133608e+00
1.672255649021535451e+00
1.474060380288495509e+00
1.403632944702130514e+00
1.730076846353321818e+00
2.139225793396006825e+00
2.106433440465003137e+00
2.297633985932448386e+00
2.174429418208465581e+00
2.047886276230385771e+00
1.956058373215844304e+00
1.985011638890724628e+00
2.281169144405420290e+00
2.145423074885376646e+00
2.105193289270323564e+00
2.227197102020753050e+00
2.624591639389736386e+00
2.197133788177054292e+00
1.829704163290549079e+00
1.843356913341848369e+00
2.253295421712952162e+00
2.369616955040697359e+00
1.819976932746040221e+00
2.097062637649937944e+00
2.027518422262754250e+00
1.725099229567049752e+00
2.019177397939377894e+00
2.321182997800327552e+00
2.185693187455884701e+00
1.907824464694667377e+00
2.064444495978672744e+00
2.014451355081575912e+00
1.830800625479602761e+00
1.508264220880231044e+00
1.669583245021378559e+00
1.222564968856267420e+00
1.322678327866849246e+00
1.882404013073821991e+00
1.656042264642740625e+00
1.849433144945387575e+00
1.373516381528168573e+00
1.271560505714303346e+00
1.445518863436854984e+00
1.523559524590158754e+00
1.781089039371903215e+00
1.913268376321173747e+00
2.136338696131390602e+00
2.482423666093442449e+00
2.002167104745193882e+00
1.563244327053642246e+00
1.630749265390515790e+00
1.106299100754418951e+00
1.194128114870877111e+00
1.362895546504400812e+00
1.220482268841491802e+00
1.405617138736234395e+00
1.319100772697575641e+00
1.450240096085918307e+00
1.742297883934195823e+00
1.613012145708347056e+00
1.534359446660073401e+00
1.482187092970913112e+00
1.927178779783415230e+00
1.754104107582046046e+00
1.553264259746583109e+00
1.419917429012040211e+00
1.376541198665719445e+00
1.411864815638070647e+00
1.429107230526914574e+00
1.718878930847939301e+00
1.735872641988032372e+00
2.005735647043701331e+00
1.886570219033133711e+00
2.118891566720026542e+00
1.988234056655175053e+00
2.213268098162115560e+00
2.066843188974071932e+00
2.109098709653016712e+00
2.310266338151883314e+00
2.957616139785776976e+00
2.460641204106106539e+00
2.195224984930013168e+00
2.393919886915999218e+00
2.131315956706617776e+00
2.085710667892388237e+00
2.135609747140202686e+00
1.860485957700562132e+00
2.107061612614413715e+00
1.943443994706855138e+00
2.106653827581410621e+00
2.013346424360833886e+00
2.120007572085276681e+00
2.010171257730017036e+00
1.984547569731125227e+00
2.128429038800866646e+00
1.873373640656983641e+00
1.806977932395644082e+00
1.405918174527394759e+00
1.241052343499519983e+00
1.074350681399735885e+00
1.403825935902744959e+00
1.638234668090837509e+00
1.572559484094066873e+00
1.388716352465231285e+00
1.379113275211735656e+00
1.387838214065593156e+00
1.034887073432038784e+00
1.142519397383730206e+00
1.245954856199792404e+00
1.287518839879133070e+00
1.457406503264371489e+00
1.555636293847521667e+00
1.820389105530743068e+00
1.544688412445345271e+00
1.769649415702121864e+00
1.598532592192418056e+00
1.650242775687571939e+00
1.348933169858246295e+00
1.636807641784582490e+00
1.748583287044719103e+00
1.462606538773378873e+00
1.308461204050764382e+00
1.281864608429699626e+00
1.344881872623857832e+00
1.469240621724360985e+00
1.332549792234549280e+00
1.273768701900692024e+00
1.342660442496594664e+00
1.543491378601013597e+00
1.929627541370934729e+00
1.689755156757113852e+00
2.047430079353805610e+00
1.970833521885288153e+00
2.169090259291615030e+00
2.150778499826518253e+00
2.155357892556633015e+00
2.400707783392014516e+00
2.360300253918847790e+00
1.737960001139325250e+00
1.218030641799870750e+00
1.413287655979920787e+00
1.850282208631058189e+00
2.306241666298397330e+00
2.313712594847072701e+00
2.200413509071830198e+00
2.153201803906358958e+00
2.255894013975108248e+00
1.933148938093354197e+00
2.034734261322577620e+00
1.330025172031516378e+00
1.735743096867749635e+00
1.668940839216273675e+00
1.318794333345088887e+00
1.034295601319835667e+00
1.208378978042099261e+00
1.160033531465677781e+00
1.182061761286018919e+00
1.240289877349721737e+00
1.572968102846279859e+00
1.941353331945654181e+00
1.857511532286177713e+00
1.812989302544971482e+00
1.981169336729109665e+00
1.940846014722884760e+00
1.885278846781671902e+00
1.455748484460490877e+00
1.661338448956371394e+00
2.020464595545451214e+00
2.288199341957330546e+00
1.613906006165426676e+00
1.651602946953112827e+00
1.979301849160408189e+00
2.018212679303377666e+00
2.041986002919874643e+00
1.792585857381037151e+00
1.967114915356543481e+00
1.609529615317652818e+00
2.050345174794889314e+00
1.825931403075933268e+00
2.025378430842176947e+00
1.537126077702047011e+00
1.723285483703925536e+00
1.636941098648125648e+00
2.445029413499460347e+00
2.184953968671311753e+00
2.466026587339552822e+00
2.523481610393933483e+00
2.220999193233055280e+00
1.697009996467488513e+00
1.622917218842508724e+00
1.879106471161340330e+00
1.396341227354955583e+00
1.755931023918466893e+00
1.783198012137102495e+00
2.021489671805262400e+00
1.628432746390619634e+00
1.880795805335339743e+00
1.835342986979776825e+00
1.477562586451349302e+00
1.563564631965165042e+00
1.953727810997462955e+00
1.896388274933785034e+00
2.026928368174067518e+00
2.449995548805808276e+00
2.508847385556886689e+00
1.924524790562235799e+00
2.153010616943890732e+00
1.786489764848687489e+00
1.967898889166596055e+00
1.941290477459272301e+00
1.452598671708211109e+00
1.528388993136503116e+00
1.739390739392208118e+00
1.796450796627308222e+00
2.187111269987163986e+00
2.034216331252167276e+00
1.673856240339862467e+00
1.722691402444720410e+00
1.739762593855191941e+00
1.946346399301429386e+00
1.507084247557247458e+00
1.880061176514185028e+00
1.903108631324784472e+00
1.545204807152302129e+00
1.421842364096072675e+00
1.584557958903609176e+00
1.401681619404402390e+00
1.867040008803078521e+00
1.780452950728289796e+00
1.512342670285079960e+00
1.504347164421086847e+00
1.369116748181584242e+00
1.485845788555646863e+00
1.397586490374389534e+00
1.470482010184048560e+00
1.332188062998048039e+00
1.143538820905472209e+00
1.241111602412178438e+00
1.592148888593553302e+00
1.898585219802756630e+00
1.973028821703686653e+00
2.032458838867317930e+00
1.526588398752330766e+00
1.118907190190833179e+00
1.500166740015811628e+00
1.317033802160872291e+00
1.194705264845475456e+00
1.096046761923241020e+00
1.409711631440848878e+00
1.393904370448879826e+00
1.462448924102774273e+00
1.375737671944052165e+00
1.473040178023530489e+00
1.507293364772085642e+00
1.490788684497821537e+00
1.459974634473534483e+00
1.257139922515572827e+00
1.193726492557473762e+00
1.259066019603384490e+00
1.456557686492434778e+00
1.572673893153199165e+00
1.493947622450103818e+00
1.504457979222806774e+00
1.114312755096519281e+00
1.335932203541089214e+00
1.355813344069617621e+00
1.472568107436038165e+00
1.282319943118058525e+00
1.823325976234279056e+00
1.871086027365881144e+00
1.776118791025930621e+00
1.246672146190856312e+00
1.410043480125880322e+00
1.126652357337930566e+00
1.320223132652601716e+00
1.370791286511953810e+00
9.572682408380688290e-01
1.349482593855725998e+00
1.594366398457892631e+00
1.374700396353581766e+00
1.117077491982973125e+00
1.221970380967824177e+00
1.650799580948818734e+00
1.697459687197219624e+00
1.350638902221398929e+00
1.351801509594018791e+00
1.296891287629641676e+00
1.482770597145051772e+00
1.428527973085396363e+00
1.421487504684394221e+00
1.483747508004179094e+00
1.460093275893240561e+00
1.277180440398185013e+00
1.503448472685011694e+00
1.417507269254661750e+00
1.469925134445372983e+00
1.383870083608994328e+00
1.327557613515574442e+00
1.338304337501137864e+00
1.480382346805996896e+00
1.580731518505962052e+00
2.089086498482064957e+00
1.847573878326586261e+00
1.677142853901304242e+00
1.230698520367465409e+00
1.515637308881315537e+00
1.928243297027502967e+00
1.715588265140771895e+00
1.518885723115325659e+00
1.545347084716585107e+00
1.567506603101447960e+00
1.881131675083439703e+00
2.151313376259848198e+00
1.753909103035514949e+00
1.723031106572552318e+00
1.855153142707420377e+00
1.623982573591287393e+00
1.793669918833935784e+00
1.687021611146869660e+00
2.048327288700931614e+00
2.261203834901773124e+00
2.176637658858428637e+00
1.752667766758930101e+00
1.914732331845428348e+00
1.815524433496283230e+00
1.813003842383386077e+00
1.665808835932089726e+00
1.704357000340634087e+00
1.644811213304834929e+00
1.804711362818179898e+00
2.106142997195899813e+00
2.067581735353412498e+00
1.560306798240266746e+00
1.468379062341551800e+00
1.743719572814906416e+00
1.457237328963155054e+00
1.423125513998611424e+00
1.331303417621899188e+00
1.919368245154588370e+00
1.505907210528257822e+00
1.351872873191963587e+00
1.496819307108507191e+00
1.367847207280632249e+00
1.330060457963918363e+00
1.879307894686079727e+00
1.995654413640544522e+00
2.279134870462102835e+00
2.270890465550905901e+00
1.925331293209440631e+00
1.727798734993559737e+00
1.371910081993343633e+00
1.104522322502388132e+00
9.885139635272184311e-01
1.012030799634265232e+00
1.048908190972476451e+00
1.220388217967896871e+00
1.086177110549654934e+00
1.555663772893209895e+00
1.332737275986162206e+00
1.557047499395647572e+00
1.504212185614027142e+00
1.271185107262713387e+00
1.370096186635459512e+00
1.504454023555285236e+00
1.451651969253673347e+00
1.603941085850611348e+00
1.976250004566308505e+00
1.949643636286238824e+00
1.932256929912812726e+00
1.890202660558240710e+00
1.604181587485383531e+00
1.479938612185353053e+00
1.289522644083310965e+00
1.222274743636354133e+00
1.299808707695194743e+00
1.048186333590507946e+00
1.205929090990544461e+00
1.543635411370146038e+00
1.537932565668599816e+00
1.333187398103980570e+00
1.574985278154975799e+00
1.313329999427721440e+00
1.131641076258193657e+00
9.555869032914637851e-01
1.386745070442834127e+00
1.339887776046561729e+00
1.489990349752051690e+00
1.780405918278809896e+00
1.442541332257887055e+00
1.408201361549247022e+00
1.227188982906227466e+00
9.445082058561893312e-01
1.184386584623870586e+00
1.218009247087808777e+00
1.312024765903168522e+00
1.333796098097905114e+00
1.667610479990484951e+00
1.563658219300505081e+00
1.609353763136781801e+00
1.468157485862862321e+00
1.433277159528306255e+00
1.701248116723082182e+00
1.784051071031234947e+00
1.665635321238081890e+00
1.096039321513867071e+00
1.673947494735887220e+00
1.812294452270253986e+00
1.643383350956718836e+00
1.832161978769446975e+00
1.472699535853466468e+00
1.503587761453094807e+00
1.146529729862097113e+00
1.619931173598983420e+00
1.821462576296851044e+00
1.767995220956887437e+00
1.598774324241575506e+00
1.471141590427577084e+00
1.518217190582294318e+00
1.493165912208316293e+00
1.121475221073593431e+00
1.502170419569646809e+00
1.588098892052648203e+00
1.801777040904809501e+00
1.439895324570103385e+00
1.502247608592673700e+00
2.019167388014605269e+00
1.711549374298071191e+00
1.819769542780695692e+00
2.175577242016083712e+00
1.816804724927031600e+00
1.997534063804797144e+00
1.774456772003237148e+00
1.893599426657011087e+00
1.820439260885815758e+00
1.777555800765404648e+00
1.981125446687734160e+00
2.209967578795601906e+00
2.320638166192830365e+00
2.100971658647801998e+00
2.120812399290062711e+00
2.134344263730949987e+00
1.710101961697169548e+00
1.632445991010436748e+00
1.569399485786834969e+00
1.810983417019251807e+00
1.885209469633501556e+00
1.516589173017826475e+00
1.338369259264589495e+00
1.901319637955677599e+00
2.286924848854134051e+00
1.933944324704492956e+00
1.967044655176468426e+00
1.705478779165357839e+00
2.021603834894117657e+00
1.870346487871203722e+00
1.905344552138054315e+00
1.899481285299454258e+00
2.110721319088158854e+00
2.067897889449495263e+00
1.867475413368002934e+00
1.752491548405900490e+00
1.659071325708937117e+00
1.475118061020627813e+00
1.648111418144368345e+00
1.483839924637743835e+00
1.643925904010991035e+00
1.241424366209375352e+00
1.392186156000553510e+00
1.295539268306885816e+00
1.688308093568065438e+00
1.542659561668397794e+00
1.756828714387509649e+00
1.788505605261170972e+00
2.090934009018664330e+00
1.995063262939021698e+00
2.018028457299312795e+00
2.074351633619321511e+00
2.185917811157528146e+00
2.243344319271825427e+00
1.937090152337602511e+00
1.813176435649093365e+00
1.623537477955661501e+00
1.663877565978383988e+00
1.739268536016606692e+00
1.743132062209297395e+00
1.972945314797323935e+00
1.572596431223117541e+00
1.306817104618965608e+00
1.324116410047280201e+00
1.750557603415108021e+00
1.869908269576011195e+00
1.204508700199184323e+00
1.163581309823997989e+00
1.187145226232865225e+00
1.355714280643063763e+00
1.271418703836633801e+00
1.234205309549127660e+00
1.215089113689646227e+00
1.406941716332731573e+00
1.229836725788855611e+00
1.286037119365817771e+00
1.371195326511133183e+00
1.321240062571044982e+00
1.284713942607558002e+00
1.437831211041090018e+00
1.814088430922239814e+00
1.672887343472111654e+00
1.622368398761631969e+00
1.602566759667801044e+00
1.733791243457721398e+00
1.430230332311222652e+00
1.274601134348395837e+00
1.453840962582197305e+00
1.450394745581004008e+00
1.473190810413064433e+00
1.439866851154757432e+00
1.809904828666428989e+00
2.082533202781279069e+00
2.109350817565220471e+00
2.026263102228034629e+00
1.680542100926468052e+00
1.451150375946468785e+00
1.651457730099227694e+00
1.470396605115286359e+00
1.462266851952645386e+00
1.231487312367187670e+00
1.578625037075072512e+00
1.593760113517705301e+00
1.217642241327911101e+00
1.484117030191987263e+00
1.179773274618829637e+00
1.177893325619530529e+00
1.430525814190376055e+00
1.578159212008383605e+00
1.637938279942048103e+00
1.653421908699195475e+00
1.682647189247081121e+00
1.636072982662765130e+00
1.647785728857759979e+00
1.477337631688877551e+00
1.554434417932117229e+00
1.553258031452425136e+00
1.595425696100843282e+00
1.406420362106354460e+00
1.589379658197346723e+00
1.406662651896015692e+00
1.608374728837004941e+00
1.755751477172481145e+00
1.686029027041853201e+00
1.619678422840275189e+00
1.839707707279030435e+00
1.602667592174084277e+00
1.635542288074980810e+00
1.135949648050867511e+00
1.258577712264177251e+00
1.296837829521636287e+00
1.600250816103848228e+00
2.079575883254713542e+00
1.821391066781250956e+00
1.708563584925953283e+00
1.599105883935860284e+00
1.665028730772212917e+00
1.574517329027974810e+00
1.678663468432731953e+00
1.497008310297092137e+00
1.534654917585514644e+00
1.547095346311451847e+00
1.689055357309633854e+00
1.979135523194579527e+00
1.703742439159197097e+00
1.836886983430092490e+00
1.794579546283824545e+00
1.380494048309421018e+00
1.745813650875445822e+00
1.590395883642335972e+00
2.011848636455310313e+00
1.818906109461463805e+00
1.828110073745120578e+00
1.591409646237947895e+00
1.812629933414960481e+00
1.808854395606102061e+00
1.594326340224920147e+00
1.686578596482109837e+00
1.588046313082154271e+00
1.921380425740210063e+00
1.914090905932302578e+00
2.123988814010506765e+00
2.008020270251531514e+00
1.822563860599955676e+00
1.805368890373939550e+00
1.573005740416773879e+00
1.493368647874893318e+00
1.550347000526866026e+00
1.354373835774599799e+00
1.461301441612066876e+00
1.433439627329632149e+00
1.598448915784920432e+00
1.360833675668544629e+00
1.445335980156597255e+00
1.494008040888873845e+00
1.356139621453267941e+00
2.113644691942811793e+00
1.890714198179361594e+00
1.909741355776470417e+00
1.966659436611440270e+00
1.976589615633598029e+00
1.722474769935691929e+00
1.594188931447016344e+00
2.082429346115696855e+00
1.748202493042837702e+00
1.699411134089785946e+00
1.802845199526990960e+00
1.401810273931653583e+00
1.544339532010431615e+00
1.330981870235262932e+00
1.336162091228511928e+00
1.533952509981728829e+00
1.631468851801172848e+00
1.340006451025131717e+00
1.463775752815148490e+00
1.812736912806739431e+00
1.515241160571980217e+00
1.516042101695530775e+00
1.393234469929299557e+00
1.424757025388351472e+00
1.831002393165623410e+00
1.825802285583786544e+00
1.638820097663490349e+00
1.657142072915130715e+00
1.722508385804776054e+00
1.407644067972376734e+00
1.508051634204690794e+00
1.714687253111901288e+00
1.628549554057087567e+00
1.309177502338339183e+00
1.598655685611070965e+00
1.791732490060524263e+00
1.534877005394788441e+00
1.564617595759742796e+00
1.797292894768041549e+00
1.796063488974539268e+00
1.736372486763852585e+00
1.842640197304438177e+00
1.729677261394922283e+00
1.833414037978178035e+00
1.635245109040819322e+00
1.677111639021840794e+00
1.916169899395284482e+00
2.215858917302383713e+00
2.095245474920479634e+00
1.866799530521857209e+00
1.998352938628522368e+00
1.642606117081017336e+00
1.484606890324531081e+00
1.731083155663822426e+00
1.707614181781158313e+00
1.582681069858152378e+00
1.587884332773034313e+00
9.860316960374838624e-01
1.480869892381671216e+00
1.686515995479011210e+00
1.665712755208424101e+00
1.941758216776109158e+00
1.571934239422434487e+00
1.730168562791419617e+00
1.828220506873147189e+00
1.703979426654130824e+00
2.101133394577621605e+00
2.111726992976343364e+00
2.197802176029483245e+00
2.010876947926451663e+00
2.063159343296836479e+00
1.737854903744921131e+00
1.297690494192781818e+00
1.379763873364757476e+00
1.276835537270369914e+00
1.458413487937653796e+00
1.755164289386603516e+00
2.010271228718126135e+00
1.793096960758395086e+00
1.807101090154733969e+00
1.786964015839850539e+00
1.664426471118463091e+00
1.151494747642842098e+00
1.546139650335520033e+00
1.862352991466561747e+00
1.989950329019010811e+00
1.954567821088378343e+00
1.682185711371350312e+00
1.609639938712106533e+00
2.116112016299358078e+00
2.103133276535290364e+00
1.829001480388955603e+00
1.681916366097661042e+00
1.616318524493952857e+00
2.036253058256884074e+00
2.136925393587954414e+00
2.095778109325232119e+00
2.280526424744300229e+00
1.950439290246630542e+00
2.184013985169299232e+00
2.197457960584908054e+00
2.259043141149422507e+00
2.179123557230103980e+00
2.476724846280734749e+00
1.847095001428539440e+00
1.907218570334015872e+00
2.329634332927318585e+00
2.216210380362095389e+00
1.907813825779653527e+00
2.026674135078928352e+00
2.094700288133256816e+00
1.657807724005122330e+00
2.152048987411721903e+00
2.229300059048254123e+00
1.940297321947416664e+00
1.965191278208316739e+00
1.514899508354897062e+00
1.905876793280763870e+00
2.117222707930066061e+00
1.740798260340155723e+00
1.678175228081126846e+00
1.969144760959971485e+00
2.167351492902104049e+00
1.852747278863207558e+00
1.586414123478534499e+00
1.157233344801231523e+00
1.144301977016959126e+00
1.134592076800408522e+00
1.377847408913714489e+00
1.376195430000466402e+00
1.218266552690883575e+00
1.294315396287673448e+00
1.055621547359381962e+00
1.084692020205662022e+00
1.071878786282091323e+00
1.125739741919737247e+00
1.423715636527449035e+00
1.343450237245261913e+00
1.029842569294436627e+00
1.111557436084655404e+00
1.384439336211825466e+00
1.648412721215644527e+00
1.659007084574714685e+00
1.869925535618516044e+00
1.793195394310414414e+00
1.365696697917212488e+00
1.473934890492735850e+00
1.269280276672798413e+00
1.470703040872900935e+00
1.277867293342330735e+00
1.466124669904772082e+00
2.036932490260013218e+00
1.384401828987470218e+00
1.844770241495021557e+00
1.604086414298460106e+00
1.262178902724051532e+00
1.206551498140103540e+00
9.330903624897596282e-01
9.926827458004228166e-01
1.093920390363761763e+00
1.375497584412674001e+00
1.331749835051210029e+00
1.540459378357868836e+00
1.909786396300217293e+00
1.747663243913821773e+00
1.755318094633639747e+00
1.588143125333044026e+00
1.584749466446605748e+00
1.741054596579807212e+00
1.871529143070489232e+00
1.746067151380970905e+00
1.815006068709096754e+00
2.020495156541544990e+00
1.922020611939817103e+00
2.050889166652155371e+00
1.995324761337355701e+00
2.122586754975448020e+00
1.988764639059614758e+00
1.632449256245565028e+00
1.666887956201949184e+00
1.517269584733678567e+00
1.596843198096971506e+00
1.823306807675464825e+00
1.709054353742204713e+00
2.021302031745070060e+00
2.111417560201950039e+00
1.846558817166931155e+00
1.352422220617470972e+00
1.808675610657760391e+00
1.662093964144947922e+00
1.448981312353949225e+00
1.540448634670410932e+00
1.567981361175693422e+00
2.031171186188446054e+00
1.964779325526411213e+00
2.064268910756713371e+00
1.832254394484727378e+00
1.591737314299852990e+00
1.612165450276853207e+00
1.629540505437706788e+00
1.871580636200677716e+00
1.471296537288497630e+00
1.624112447783392588e+00
1.933337106843509234e+00
2.058966711179081255e+00
1.994370093462282334e+00
2.335572499927576207e+00
2.705027499472556496e+00
2.693201965798256659e+00
2.518197960556685988e+00
2.020450225751962758e+00
2.021253815012475474e+00
2.647335191770334273e+00
2.406573382678713013e+00
2.048286423678890245e+00
2.065267111888043239e+00
1.917933993696726125e+00
1.805296441284214071e+00
2.116156950870983433e+00
1.939058021281310662e+00
1.831450242393406924e+00
2.245650003086007818e+00
2.218667077296968770e+00
1.944549401231514096e+00
1.725655635990266834e+00
1.584674712112578376e+00
2.026203297349367993e+00
1.632252644713252154e+00
1.516529627792899904e+00
1.932268997914655451e+00
2.169407115758481996e+00
2.123383797914283555e+00
2.076772824420095809e+00
1.706353771559229404e+00
1.967414696339040647e+00
1.966101962695860905e+00
2.375043426310487593e+00
2.277457744905170056e+00
1.721669444854099895e+00
1.534845599854940623e+00
1.594919181386746709e+00
1.347000695269914061e+00
1.211837426714348354e+00
1.329486194887169903e+00
1.418106562739680276e+00
1.508264194106468281e+00
1.686249763447034811e+00
2.054772522290301051e+00
2.026515207509736349e+00
2.166582066594534339e+00
1.954629186741823732e+00
1.631065985347485814e+00
1.712974105582462769e+00
1.878261787419901019e+00
1.821490642861355980e+00
1.967180809505966188e+00
1.742778242918121778e+00
1.584239405315402527e+00
1.911964011720700629e+00
2.067295153451690570e+00
1.608497113507443732e+00
1.284771883129741665e+00
1.188310658876603032e+00
1.373213132533243286e+00
1.353809657488096674e+00
1.076637994145003718e+00
1.164324249858053051e+00
1.176102358868825082e+00
1.235046609695313657e+00
1.177286658197145508e+00
1.159279469323961198e+00
1.230314325886524340e+00
1.456812622036868454e+00
1.631584132936096943e+00
1.418293457814129299e+00
1.294767823555202035e+00
1.425502366974974011e+00
1.558498140829805756e+00
1.897521433222121079e+00
1.460107895837849279e+00
1.291824525542092594e+00
1.068046061845921990e+00
1.103923419395081762e+00
1.266106930090020732e+00
1.603220798552420945e+00
1.642176496144563291e+00
1.680639387452798950e+00
1.493004717451651420e+00
1.715228946202393745e+00
1.664175640832647574e+00
1.836822281783660360e+00
2.222459795114165360e+00
1.945308421959619061e+00
1.519821217116338330e+00
1.378090940240257911e+00
1.224153594073279505e+00
1.672402943138203035e+00
1.762471066730312064e+00
1.782173516327302698e+00
2.045144190457925504e+00
1.888243706424476587e+00
1.695366501350143995e+00
1.831088057310068740e+00
1.875745920239902720e+00
1.349411389053707166e+00
1.308290125397000958e+00
1.541438346752356026e+00
1.732490890344360768e+00
1.725317609221748816e+00
1.759919020631191877e+00
1.649689228146545394e+00
1.789383006591515057e+00
1.717566376778380421e+00
1.857250742080751138e+00
1.529299582790148770e+00
1.120864285134949290e+00
1.497501091635094816e+00
1.362651710525593529e+00
1.246049629864713681e+00
1.408083211431868653e+00
1.352931575230224226e+00
1.194346350345269370e+00
1.337742963089746384e+00
1.228341507356815132e+00
1.332842650559542541e+00
1.066888210707288787e+00
1.197591306134078826e+00
1.296708262044280469e+00
1.750579189324434681e+00
1.413627635657248360e+00
1.729134213269817755e+00
1.503528117972976696e+00
1.607967919530575163e+00
1.151031052326022763e+00
1.370718533146621176e+00
1.373647320407385797e+00
1.497373931846329498e+00
1.754290595605410008e+00
1.727687730175037295e+00
2.088260071409359764e+00
1.832052857659210110e+00
1.852163278974882532e+00
1.649463680428270962e+00
1.741948502059610604e+00
1.456690851177784074e+00
1.724534819989724799e+00
1.763442680468733759e+00
1.327229523783071352e+00
2.002820324558056253e+00
1.789338462319057577e+00
1.641192878165827373e+00
1.603031793821681150e+00
1.829005571832916122e+00
1.767115588771935641e+00
1.519047036683592422e+00
1.121541475992448911e+00
1.101733954688561168e+00
1.501199079582789864e+00
1.577139795958687696e+00
1.505110669782150801e+00
1.281429901364002255e+00
1.063837383367429501e+00
1.103256830536206934e+00
1.245205577714573186e+00
1.428914932284440553e+00
1.320667246746398238e+00
1.355336655563547099e+00
1.269136536166169726e+00
1.205723875775691845e+00
1.512823357480994613e+00
1.445912952275436147e+00
1.794127789466112732e+00
1.471790633748822685e+00
1.572548885177893929e+00
1.780641735263587266e+00
1.825952347430487066e+00
1.984816715292274880e+00
1.656705109533202380e+00
1.710433665862609365e+00
1.563161003626528656e+00
1.602353488869094456e+00
1.626724173893179470e+00
1.340514598991265016e+00
1.229660552519044048e+00
1.290904128092461134e+00
1.266018321600869356e+00
1.686215468683011309e+00
1.556238331720765533e+00
1.616070405002210997e+00
1.598466791133487108e+00
1.286185666228052416e+00
1.489130517820339783e+00
1.847226414854655108e+00
1.795499704692244070e+00
1.710778717795440773e+00
1.939562913433280578e+00
1.755794416346794895e+00
2.047674971535027311e+00
1.863725003983057293e+00
1.274544620453411881e+00
1.560633552566108584e+00
1.529985713455693563e+00
1.572591249138474367e+00
2.156024870933140658e+00
2.046922370093062771e+00
2.177461861754244055e+00
2.115570731275290495e+00
2.240274024540660935e+00
1.905115468139306989e+00
1.749647595527425992e+00
1.869296741142542295e+00
1.872513251495843356e+00
2.224749574620542347e+00
2.147725103382501555e+00
1.767069421921156902e+00
1.474745284163691217e+00
1.902004834318404169e+00
1.794816665879652495e+00
1.961293093768911477e+00
1.859255126375806810e+00
2.409789314098109703e+00
2.583852029032916775e+00
2.403794044727103341e+00
2.064864553335286956e+00
2.240816785133382449e+00
2.587614751464241358e+00
2.132295819064107700e+00
2.329633609224024848e+00
2.007807696650693696e+00
1.965504794078572814e+00
1.760642049512476603e+00
1.534461280052819232e+00
1.364249951783687909e+00
1.253089321836215797e+00
1.330116314666827115e+00
1.171248768850578825e+00
1.234440078342488256e+00
1.384919659259304270e+00
2.009335509711819068e+00
1.713347933053094074e+00
1.641405368990812352e+00
1.183469230004583927e+00
1.409561248175311698e+00
1.783792174018779209e+00
1.858774416116371730e+00
2.046281405778297646e+00
1.626089174574514962e+00
1.549555509897776018e+00
1.833107021128092873e+00
1.523921353676887636e+00
1.511835542456157144e+00
1.290515986319145103e+00
1.566351315057305627e+00
1.309749201198563640e+00
1.236061264624539469e+00
1.158517327274966702e+00
1.101159144008916124e+00
1.068501170460028016e+00
1.394116450272569585e+00
1.031925900291021048e+00
9.846278787988791414e-01
1.177275069385969486e+00
1.006782055440215151e+00
1.276179547718062857e+00
1.398531182503399251e+00
1.444937447718649404e+00
1.383608800576575426e+00
1.590124423296663148e+00
1.357245447058389232e+00
1.289860765350261396e+00
1.307971186020009391e+00
1.473542866783670746e+00
1.471332213084284302e+00
1.686159625715928589e+00
1.456416940555928408e+00
1.107770629635950188e+00
1.390862445725493446e+00
1.687293126230274609e+00
1.443410297809523124e+00
1.793898761732815261e+00
1.580479636679720912e+00
1.440403137096766706e+00
1.401525003052348950e+00
1.424381531598983841e+00
1.353194523757843548e+00
1.470788130831174101e+00
1.420991538784767361e+00
1.522700790066469967e+00
1.372781932575651176e+00
1.429053386259734770e+00
1.286143120374497073e+00
1.472278022676067444e+00
1.212956658552017730e+00
1.353185062401695227e+00
1.542542214328814776e+00
1.738111782215743917e+00
1.991550487778683376e+00
2.113355295064021977e+00
2.457713789829917062e+00
2.174097888722893668e+00
1.972230257264168785e+00
2.224242524276566879e+00
2.251346236245553634e+00
2.054098429850259588e+00
2.127192887436138768e+00
1.900747989411901262e+00
1.466082722540095418e+00
1.389919216772109500e+00
1.283091985982763195e+00
1.187385889838264985e+00
1.410465510666092381e+00
2.028495458281031727e+00
1.546768438296363568e+00
1.616391674418381719e+00
1.687986466915749162e+00
1.836887591468866932e+00
2.044681695643653097e+00
1.909285373186160983e+00
1.750470763509246908e+00
1.692005613365442862e+00
1.729788111686501928e+00
1.669001525632460847e+00
1.371258729701388290e+00
1.612612960308000387e+00
1.673819788599571368e+00
1.468926401313900953e+00
1.668695266923225340e+00
1.588769745824032853e+00
1.803669353428805966e+00
1.671032094371283527e+00
1.389880586425596531e+00
1.417115109128760375e+00
1.056223146494075227e+00
1.059226303519736678e+00
1.218106072731095058e+00
1.637507365387417479e+00
1.327720657623762568e+00
1.849372839909177557e+00
1.614533800350909765e+00
1.559005903148541927e+00
1.630164392345039959e+00
1.618603568781732838e+00
1.583585031973564483e+00
1.495669202800811615e+00
1.696916770758778004e+00
1.406061042972802877e+00
1.413454703704105864e+00
1.543966384741954911e+00
1.366092062759285852e+00
1.447344272461533521e+00
1.494543060917558730e+00
1.572670128114641352e+00
1.784968199059425276e+00
1.449389390361678132e+00
1.434827971530319601e+00
1.212940441169685357e+00
1.286458783430231456e+00
1.336923610119008288e+00
1.170909971630706758e+00
1.143040650496502719e+00
1.421881589050463690e+00
1.417383789471542865e+00
1.396982573563797736e+00
1.211101869538912190e+00
1.310544272271286337e+00
1.319626592219722339e+00
1.422505233765872568e+00
1.332112753309394160e+00
1.519595299192942672e+00
1.304913917334447504e+00
1.693536560469169672e+00
1.870206563229623642e+00
1.378755104183518654e+00
1.782597322335700119e+00
1.540546061922356547e+00
1.701699816290546785e+00
1.875473881667162335e+00
1.968288116051572834e+00
1.887526755203835949e+00
1.114885500776056748e+00
9.898647910586018117e-01
1.690998334362316946e+00
1.748235678905615265e+00
2.387535805369127129e+00
2.145058480546662150e+00
1.932829315530780523e+00
1.858159790696199298e+00
2.113572348094508779e+00
1.873496333140732162e+00
1.293876716704989160e+00
1.371556261348795713e+00
1.509410192871158962e+00
1.511411144181332267e+00
1.801234762147987389e+00
1.613787739199877613e+00
2.161985386880070692e+00
1.876453474900782625e+00
2.199727308468906184e+00
2.036526900953113728e+00
1.826514422113065805e+00
1.711765988860566967e+00
1.787118686365339659e+00
1.697618401003182065e+00
1.844941955954410462e+00
1.657555774714896790e+00
1.936238747004137339e+00
1.754371407783213321e+00
1.823575351798135458e+00
1.636043179606928355e+00
1.837144858344163190e+00
1.241963851110854833e+00
1.425554964248643142e+00
1.286420130148694829e+00
1.447916383284634012e+00
1.237049182256612312e+00
1.881245799620435477e+00
1.785308179558628083e+00
1.800924076064464474e+00
1.629863288194430382e+00
1.263555728054503113e+00
1.270566880511789565e+00
1.304323658562460686e+00
1.677900208444376595e+00
1.373401156432227488e+00
1.583073172285028418e+00
1.632287841343758039e+00
1.660835053758204616e+00
1.623473872825391684e+00
1.715592381397484489e+00
1.908839052848628981e+00
1.848326842052454566e+00
2.288683466066508299e+00
2.007067634589279503e+00
1.754245924530169365e+00
1.543690859870993970e+00
1.784744111813312051e+00
1.529921548047928459e+00
1.685950066022604332e+00
1.855441806209343625e+00
1.953383916943863596e+00
1.645047905948732181e+00
1.653461903943425071e+00
1.672786976614691667e+00
2.205935562425236807e+00
2.383380808659193661e+00
2.045944686114295585e+00
1.839803106226953977e+00
1.596059692808116992e+00
1.400119860063944177e+00
1.334186950763308399e+00
1.216630794489519163e+00
1.566746283699236297e+00
1.270889363601733102e+00
1.633746923654306515e+00
1.346858611115004489e+00
1.431673522153884548e+00
1.396149058861274161e+00
1.579743943944677653e+00
1.232779067094455172e+00
1.487656107680136675e+00
1.176018796524042953e+00
1.135050121032830539e+00
1.373792181217287744e+00
1.751748683280014651e+00
1.878298668357331724e+00
1.576415485466052147e+00
1.521518537305937890e+00
1.488862226430255342e+00
1.399559314754093675e+00
1.466158846195108501e+00
1.461739822973561864e+00
1.757363214825589104e+00
2.046756824724221158e+00
1.696236540351569566e+00
1.657278291292836547e+00
1.798055514486394335e+00
1.496014431008535484e+00
1.573916590959212769e+00
1.722881779889998688e+00
1.686828964098074923e+00
1.550875215650528771e+00
1.296718773578450667e+00
1.552459542289401195e+00
1.751510622429820918e+00
1.847807905369157844e+00
1.480946845092811159e+00
1.649471798345040430e+00
1.827951317989993330e+00
1.688308282648238734e+00
1.728081728516188464e+00
1.829329144322676459e+00
1.846327773244911485e+00
1.694329221185891798e+00
1.603649427341410805e+00
1.732451795301084729e+00
1.571550503352286299e+00
1.908855946729080433e+00
1.534036169152453555e+00
1.558712986893323382e+00
1.809814816193403564e+00
1.461375681917179925e+00
1.391094913623503126e+00
1.641596232024560287e+00
1.461172293877982309e+00
1.693659273321490577e+00
1.594065982730021869e+00
1.931301899731076688e+00
1.585813493079633929e+00
1.738933665551129382e+00
1.723545730596934167e+00
1.864177451699896571e+00
1.585735705457445022e+00
1.612953058911631210e+00
1.591178559039489349e+00
1.921790003564813221e+00
1.813508659547947266e+00
1.600767179107373428e+00
1.716703736809594760e+00
2.006696566944688342e+00
1.834040837466448970e+00
1.668650544846962624e+00
1.624375243378862965e+00
1.791132406734868177e+00
1.725843820477855450e+00
1.718758149078934538e+00
1.847116181242900668e+00
1.966906332144730429e+00
1.759102872829131137e+00
1.709966166209383465e+00
1.624757693298611860e+00
1.616204466697656050e+00
1.551528060707151768e+00
1.677470436595515313e+00
1.623948597655950454e+00
1.860355000874363007e+00
2.061666942987555817e+00
2.660862021210334660e+00
1.872603004812749550e+00
1.704684695173409814e+00
1.697385459594803692e+00
1.832958784396011342e+00
1.416856751433322570e+00
1.428116611952980897e+00
1.146596781636758378e+00
1.660143060791053005e+00
1.598199564078254920e+00
1.487565835736055053e+00
1.608431132043161460e+00
1.756182709757917682e+00
1.511418715308045169e+00
1.728714720167900953e+00
1.667850014466030206e+00
1.683425792532725174e+00
1.922756375544361518e+00
1.717251963027814021e+00
1.500771205744335646e+00
1.314164286479501342e+00
1.432516242492097858e+00
1.532414626182086570e+00
1.869683992129165917e+00
1.938196723490061446e+00
2.136784946495898563e+00
2.250064081693640805e+00
2.170856443295798410e+00
2.026833595872340688e+00
2.024027472504124958e+00
1.537416350104253704e+00
1.427780788469273032e+00
1.775773463560369470e+00
1.940195095622329946e+00
2.037549590225069984e+00
1.869966262001551360e+00
2.015274283002930655e+00
1.513522406728712522e+00
1.732369066345907704e+00
1.680243147386908831e+00
1.523077897141300596e+00
1.534635776065132795e+00
1.464202403975408018e+00
1.500504044914957369e+00
1.409468581362609996e+00
1.034521470492478556e+00
1.089833498937206269e+00
1.340970328240157494e+00
1.748460420187662567e+00
1.958944931587706995e+00
1.782359121462107510e+00
1.602724051491129842e+00
1.861081778277492438e+00
1.396593656816987883e+00
1.522076895326196722e+00
1.631471672090591074e+00
1.513001070081695376e+00
1.393689024527960285e+00
1.241850438384754618e+00
1.128172171155293668e+00
1.386959787882344086e+00
1.378837218566014489e+00
1.580735177895743915e+00
1.558547278561598581e+00
1.533779764496185027e+00
1.202488412634941994e+00
1.361955141309238337e+00
1.353785543668732938e+00
1.307068284797024527e+00
1.382884113081003896e+00
1.249011516185181137e+00
1.361032312631322405e+00
1.432968906093818440e+00
1.254054247441436898e+00
1.397444273530122016e+00
1.862431077016283076e+00
1.845298348713509284e+00
1.474854289921322614e+00
1.677624833912966906e+00
1.642891855056999084e+00
1.652238035771151914e+00
1.776805212519131150e+00
2.169530380953252457e+00
1.886515558442243945e+00
1.633714930063460358e+00
1.396429286788528401e+00
1.403496858188325147e+00
1.296437620357378417e+00
1.374640126419182762e+00
1.373206666810932397e+00
1.396611840495645573e+00
2.268807612675794783e+00
2.215344314329196429e+00
1.481259542985720934e+00
2.082323040862056107e+00
1.845814379290394713e+00
1.985421489632289038e+00
2.531596771301171778e+00
2.591599017150048034e+00
2.498709304149318911e+00
2.140523414161701332e+00
2.376040461198635878e+00
2.360301966059011658e+00
2.306655596425734256e+00
2.381900526569287635e+00
2.278225886208733453e+00
1.946017553402577649e+00
1.996396222883063176e+00
1.735040473079042300e+00
1.963736796919678840e+00
1.884639149695933602e+00
1.788232399810403273e+00
1.944328512790329144e+00
1.863492257319932621e+00
1.380282535536573540e+00
1.312289490980872442e+00
1.306552158790166285e+00
1.552529221499278744e+00
1.574463090923620801e+00
1.385253970049441952e+00
1.183838879984489223e+00
1.666978032896993200e+00
1.539324523356987218e+00
1.562468233453088828e+00
1.344934544194019255e+00
1.289301478400759482e+00
1.194951999562756217e+00
1.082270361627179378e+00
1.267563304661998069e+00
1.458735940076638204e+00
1.679512684587553650e+00
1.388160355921015388e+00
1.596285222111792024e+00
1.404751458293534094e+00
1.398299712864406796e+00
1.373759937867387926e+00
1.460222471402135014e+00
1.480938740070978810e+00
1.363072019489015574e+00
1.166184812171314089e+00
1.096121878825692342e+00
1.178132168491819343e+00
1.234205350338981155e+00
1.325036124907206236e+00
1.508400984918160326e+00
1.622492526005963276e+00
1.525506648008185362e+00
1.562640351440885977e+00
1.205217454986759140e+00
1.284154861486874966e+00
1.649567032977445002e+00
1.586903318472834057e+00
1.552359621061149442e+00
1.427324419757945329e+00
1.472986490465716614e+00
1.527811306528927160e+00
1.729954663839315732e+00
1.666531953261623178e+00
2.050276959879405947e+00
1.409335125570835956e+00
1.431790300667096894e+00
1.404074819426339937e+00
1.971668244585193852e+00
2.235534562114741330e+00
2.337494023620693806e+00
2.223114941571910030e+00
2.400838367450114585e+00
1.955960679974452665e+00
1.638088350262092874e+00
1.640593143977370660e+00
1.653494309573896537e+00
1.252979303644272457e+00
1.771378716002583786e+00
1.853883473753337618e+00
1.621830526702577657e+00
1.560933554361482400e+00
1.631947332346767032e+00
1.698030500203363546e+00
1.876446246573148180e+00
1.723276511331568450e+00
1.641949746536747412e+00
1.502577998039505092e+00
1.578718135019189450e+00
1.154920844077350184e+00
1.706202431059033575e+00
1.651821563341939525e+00
1.417717102690502884e+00
1.298412594371127327e+00
1.388090544890129507e+00
1.326068874044466384e+00
1.267618591602347466e+00
1.322010866941675689e+00
1.407584687857632577e+00
1.607264817323952544e+00
1.635979997920282258e+00
1.371053439413387975e+00
1.720209350584841701e+00
2.165883032082669413e+00
2.184687040918532386e+00
2.150599398626583447e+00
1.411619768671527719e+00
1.193905679514081219e+00
1.246295960137671521e+00
1.084125047029713684e+00
1.236867748881112616e+00
1.095989725334899800e+00
1.377765139439760311e+00
1.346306217187729137e+00
1.272980594203485971e+00
1.397543136397239261e+00
1.242189747344321971e+00
1.307059436514538486e+00
1.532667085151873332e+00
1.570690249385314097e+00
1.376097339863084024e+00
1.433994550234542587e+00
1.541884042679435574e+00
1.632495824922510330e+00
1.559739812349330457e+00
1.470772267910076092e+00
1.695443383112328561e+00
1.399813426586027365e+00
1.579373818292840070e+00
1.271766423848812666e+00
1.489617785803033945e+00
1.678586511635668188e+00
2.028392990143948360e+00
1.738371928683553058e+00
1.996260604129395988e+00
1.624535899019130758e+00
1.659705138108686917e+00
2.125119642011943810e+00
2.023818660954364912e+00
2.272888260031896035e+00
1.958907485501342638e+00
2.152285962263414287e+00
1.621235768489977191e+00
2.256038332090701370e+00
2.083893929971049275e+00
1.945540365884565803e+00
2.075168353238199703e+00
2.128649724143069299e+00
2.173409132528721699e+00
2.035383391224839134e+00
1.973122338344446725e+00
1.817883646624670169e+00
2.228519650478492320e+00
1.801231164692949749e+00
1.867626190973268097e+00
2.169502805406490431e+00
2.003141708421011469e+00
1.863848975371682704e+00
1.641132785990975451e+00
1.529824715872836638e+00
1.511833435623127553e+00
1.900572625069165245e+00
1.764678154187294457e+00
1.508311548066240348e+00
1.524165328276892772e+00
2.032084020638932564e+00
1.969153703930888399e+00
2.079689370918224256e+00
1.899474969460848817e+00
2.255999622919740766e+00
2.094558286500870281e+00
1.819341353203185907e+00
1.793448804502961735e+00
1.878093869528226989e+00
1.881103556676073429e+00
1.633814364501568139e+00
1.558322525726767216e+00
1.431313740910635346e+00
1.201421878970445611e+00
1.321549452982963224e+00
1.468630612308154726e+00
1.400907210685554460e+00
1.449379285878601209e+00
1.372623720300376604e+00
1.611737685892292493e+00
1.412063502651552449e+00
1.816894290088597375e+00
2.122661863392206971e+00
1.645360306264907813e+00
1.619435814108360461e+00
1.570129601486560000e+00
1.336016788699605717e+00
1.547997037867577141e+00
1.318389119085851213e+00
1.194508569532396480e+00
1.592942434270254948e+00
1.346562005303398424e+00
1.424646420702007310e+00
1.401929812984094914e+00
1.330584491515662382e+00
1.201000777455046187e+00
1.145879328789793261e+00
1.217429521923936608e+00
1.318160055946528297e+00
1.468938256698684830e+00
1.343810669958410475e+00
1.427246077532246638e+00
1.656684444311213644e+00
1.854567664292062323e+00
1.452578420350620236e+00
1.432474074292046318e+00
1.736280653874462843e+00
2.027046265410004100e+00
1.991491454351679069e+00
1.988725660210022284e+00
2.167818858872269772e+00
2.013985272941951177e+00
2.444619279089492725e+00
2.231334087639490704e+00
2.192899110489634040e+00
2.347215060182083590e+00
2.195732951137375988e+00
2.139501398539898513e+00
2.439355980809020608e+00
2.480089035028630651e+00
1.871909814084462331e+00
1.737710992311986224e+00
1.848932823838757677e+00
1.806647528348147125e+00
1.982400765486830085e+00
1.778764017871551806e+00
1.750517299585843567e+00
1.804771185399022038e+00
1.750291202177853167e+00
1.574517820586392780e+00
1.411658438306520269e+00
1.348996416007992805e+00
1.204704052122125724e+00
1.479529011866943078e+00
1.435269354376622397e+00
1.466372139584037448e+00
1.113337676368010953e+00
1.213443304072030493e+00
1.313028177690977572e+00
1.285264787432652156e+00
1.369234286267094758e+00
1.649912925601621172e+00
1.888007615206626966e+00
1.850857971120525081e+00
1.684505332988941007e+00
1.546954014228598684e+00
1.886227368792047443e+00
1.816229003098994488e+00
1.582591076918348438e+00
1.335481138177279092e+00
1.499721649769566234e+00
1.565753415874056476e+00
1.836980509805703043e+00
1.522971819065805699e+00
1.438855346236958876e+00
1.690684238546730445e+00
1.912979443198373319e+00
2.176731612480160116e+00
2.132924926660765053e+00
1.871042995328925373e+00
2.395409147726388799e+00
1.997544635078799091e+00
2.237435279454341952e+00
2.104764846525694733e+00
2.249833266459866365e+00
2.114661542298381658e+00
2.172451411285978295e+00
2.248506695967626978e+00
2.110572023592491409e+00
2.254632195639641790e+00
2.278077352305471592e+00
2.154978517893612278e+00
2.165417659992941335e+00
2.059844413232838622e+00
2.361344228730185346e+00
2.112266440905968601e+00
1.781260732817888215e+00
1.624793048468030854e+00
1.486484056890914118e+00
1.474670649465924743e+00
1.718994941390170617e+00
1.447670016618805455e+00
1.682091495622297872e+00
1.470169259697081898e+00
1.505052890266497911e+00
1.355522782953216598e+00
1.323281684093807753e+00
1.400856618002980225e+00
1.393844768117029620e+00
1.500384923700106121e+00
1.520029799729422315e+00
2.119358817359724867e+00
1.938426516294934565e+00
1.846476500280525457e+00
1.712977216833343697e+00
1.355317269730270002e+00
1.911069160998082772e+00
1.774342088162543352e+00
1.558737854825605673e+00
1.946981538570927928e+00
1.856741948414748711e+00
1.292582939284071752e+00
1.551790361104404159e+00
1.115369082462864370e+00
1.164683064828602843e+00
1.142563351899229751e+00
1.086366003350538456e+00
1.377550960639479349e+00
1.465020753841334233e+00
1.168536206507491348e+00
1.447793393188572253e+00
1.743454879431945770e+00
1.916087421398612767e+00
2.103853299184491821e+00
2.161407107210334022e+00
1.755366895253007486e+00
1.800724408895532314e+00
2.073473917840561231e+00
1.747187433475307472e+00
1.897308709010042227e+00
1.999480292099059753e+00
1.889656080589820819e+00
1.868285415066882393e+00
1.749490833774772547e+00
1.526520906890371121e+00
2.053482645985358790e+00
2.044901877134532864e+00
2.123882750844905409e+00
2.492988485878803839e+00
2.218397296776968286e+00
1.999310600773085644e+00
1.901277104649917504e+00
2.157465682838930032e+00
2.126713863913834768e+00
1.804741200886274433e+00
1.942728493555440528e+00
1.867282231668643933e+00
1.770827242968949555e+00
1.746713858644298512e+00
1.522485591146026662e+00
1.702702808764705811e+00
1.981207619283416710e+00
2.119361440243413774e+00
1.656503131568739740e+00
2.035885905759350134e+00
2.533050850211754579e+00
1.960211542262561002e+00
1.620042007039664389e+00
1.476786709469726011e+00
1.273853392344546309e+00
1.311310274373393758e+00
1.549057300991167008e+00
1.580452979973559380e+00
1.632327630245906880e+00
1.232383879418746719e+00
1.322261510376222304e+00
1.645210228684872211e+00
1.358353183954807752e+00
1.996616822015882864e+00
1.753299333636793467e+00
1.832699473680358127e+00
1.485488841382718306e+00
1.397218727105347114e+00
1.851201124526016262e+00
2.064490130628541031e+00
1.891998574996900162e+00
1.943521568776992003e+00
2.305283051289829466e+00
2.319240318918504240e+00
2.336839819727846823e+00
2.190861820942241245e+00
1.627632559614235364e+00
2.021061254198355694e+00
1.989954556600323832e+00
2.464755707883315772e+00
1.970055380988880778e+00
1.625798496433029872e+00
1.657648441895994029e+00
1.588116597181862266e+00
1.748970450128154219e+00
1.833364139311948193e+00
1.923356134865709111e+00
2.045606986593053289e+00
2.409598410395180856e+00
1.943651790269489199e+00
2.021740815127394342e+00
1.959958245275712052e+00
1.934676122548037114e+00
1.997925438891719141e+00
1.715688127880307778e+00
1.638778109307112985e+00
1.470433957807406600e+00
1.604226551644152288e+00
1.274773167691031217e+00
1.542444980872315297e+00
1.314656035534726319e+00
1.169465863305283237e+00
1.384492250157061122e+00
1.787375103203787008e+00
2.032650712416121497e+00
2.353172774723395033e+00
1.792110622821022403e+00
2.054151791188865595e+00
2.081445723866270470e+00
2.111313558403207669e+00
2.409376991284073455e+00
2.378316860279019007e+00
2.185805093491745232e+00
2.309189696045994999e+00
2.335081661342202963e+00
1.935154094361347221e+00
1.784598937109366235e+00
2.148404292472332333e+00
2.292115927512961449e+00
2.134866893238520191e+00
1.680521742206914304e+00
1.839541797113124932e+00
1.984479976394712963e+00
2.375072230683105357e+00
1.922906938950069478e+00
1.606160187054465727e+00
1.937800454586525722e+00
2.067392634334416890e+00
1.889939917893673327e+00
1.691079457661673446e+00
1.645483525066093522e+00
1.702849244315784993e+00
1.514531907463524618e+00
1.618223837971738632e+00
1.917588481025949809e+00
2.027060684403758639e+00
1.733831800380021493e+00
1.398904558259093101e+00
1.192923416010547077e+00
1.411015238518775750e+00
1.387160545519602550e+00
1.463288502997217799e+00
1.561938126943678951e+00
1.667213085278407947e+00
1.667458028562556427e+00
1.588796270144121614e+00
1.341243203078632540e+00
1.523585604590971254e+00
1.511704274533885339e+00
1.821569401284508061e+00
1.625699588797840711e+00
1.100058434780673222e+00
1.798727828960834607e+00
1.978048714690778143e+00
2.458619309562548150e+00
2.152287023793709508e+00
2.157263125545759497e+00
1.820030742528617296e+00
1.670076998670303015e+00
1.726351000315697881e+00
1.504989548029882052e+00
1.612534021103166681e+00
1.363968099654036648e+00
1.781875662413742623e+00
1.557325356575108177e+00
1.437875142628196157e+00
1.343842035760266507e+00
1.376423712831774893e+00
1.960578777705485054e+00
1.293431080960312896e+00
1.116611448616402491e+00
1.264932735933193220e+00
1.356580407052611514e+00
1.666485756739346957e+00
1.441882669464319644e+00
1.573144877954105070e+00
1.815545726393330117e+00
1.620711307520794398e+00
1.380091159596409822e+00
1.214864500843494177e+00
1.382318653614767356e+00
1.152387151980638569e+00
1.549215398394012899e+00
1.438881369744788641e+00
1.126898291712222777e+00
1.130114909298613801e+00
1.090020582119324288e+00
1.617045553141469583e+00
1.434465085345446589e+00
1.570309899083699445e+00
2.208209260769256499e+00
2.279593191238030503e+00
2.104249653326597524e+00
1.962763161490251207e+00
2.055609811002797382e+00
1.919214572299609678e+00
1.513949085688220952e+00
1.094101250064514197e+00
1.245599269724351643e+00
1.310724116335852951e+00
1.600592254068638143e+00
1.442052785042188923e+00
1.720164738114719372e+00
1.137556582798870508e+00
1.539189290308518698e+00
1.253819333068625363e+00
1.473348112296049006e+00
1.471244271659793545e+00
1.688353122884825641e+00
1.767352015090831063e+00
1.468694758119770905e+00
1.987099114458552584e+00
2.137083683823429059e+00
1.984528434540372643e+00
1.750827297240363567e+00
1.716488797208572947e+00
1.749426375255359378e+00
1.886067547643346831e+00
1.811725160422814618e+00
1.879762090229127214e+00
2.158244366308947448e+00
1.791993424798647538e+00
1.607791055700849014e+00
1.548643703013032003e+00
1.789089601328573309e+00
1.460462052163881363e+00
1.560960630191548848e+00
1.423881993213201635e+00
1.547037469160077228e+00
1.556863003608752294e+00
1.747947328308986359e+00
1.627681003067994459e+00
1.341831501875402566e+00
1.332958107505258116e+00
1.307069448521600785e+00
1.764443822661019512e+00
1.424066413676916554e+00
1.715506296176868561e+00
1.986438675128782805e+00
2.262669745425961221e+00
2.133415267706344931e+00
1.906961263666222983e+00
1.569321759014230988e+00
2.206577300787142537e+00
2.095980417935885409e+00
1.774250711008850789e+00
1.718857491442814966e+00
1.583935103428419477e+00
1.855958494948615867e+00
1.979273836665514708e+00
1.739337651936643470e+00
1.293318696207016671e+00
1.431502094773582812e+00
1.171126968326342332e+00
1.260096361798888287e+00
1.331206413880088979e+00
1.165183230833611416e+00
1.298572131924833561e+00
1.475457189757248599e+00
1.628236072787599298e+00
1.784227622891719323e+00
1.557192366183224541e+00
1.968824084595483859e+00
1.981924058491498331e+00
1.879964147780102124e+00
2.017742070235175600e+00
1.833647573414377341e+00
1.703449693547152810e+00
1.655133157190362914e+00
1.944266208534970453e+00
1.636453130212250251e+00
1.246179079978475990e+00
1.186038156391145071e+00
1.035608297048854709e+00
1.335696219285769537e+00
1.617687381255556334e+00
1.673861366389339800e+00
1.395264100090426673e+00
1.562190235970639662e+00
1.727287744140807435e+00
1.717668693252828227e+00
1.806146545942930004e+00
1.614645387174735935e+00
2.058986378051949284e+00
1.855824246916226272e+00
1.890619042557031948e+00
1.977305527424037201e+00
1.644930216574378878e+00
1.360563639984792239e+00
1.305495272761874048e+00
1.168904583121390672e+00
1.333970453100399300e+00
1.399031254799202095e+00
1.615570880591574054e+00
1.512160892087138775e+00
1.688384641026186461e+00
1.718436436268744316e+00
1.971972696725337704e+00
1.763251068892654594e+00
1.794366175415535780e+00
1.671912799920163728e+00
1.690361316491705068e+00
1.795838076406630179e+00
1.648760197321294640e+00
1.487230863699644079e+00
1.388951896673634945e+00
1.432367686273881446e+00
1.178450503688029949e+00
1.236369236557084861e+00
1.377044718158837222e+00
1.569806820369746170e+00
1.736146100192234476e+00
1.982795296246746108e+00
1.827332708852005938e+00
1.648641336624141474e+00
1.692891320779865261e+00
1.204153940908011311e+00
1.351302478562345755e+00
1.533413471637899317e+00
1.490038788784178836e+00
1.493947863780736851e+00
1.560857160900302576e+00
1.652070209270191770e+00
1.996902968941695278e+00
2.024013869539503130e+00
1.792428125043893150e+00
2.461038875315443519e+00
2.037416092664210421e+00
1.901904227118221158e+00
1.844580992424182497e+00
2.259535071468976142e+00
1.798035620018567649e+00
1.789790673646931785e+00
1.966755257988275662e+00
2.040881154603495062e+00
1.893349200444901292e+00
1.825909643735439403e+00
1.674122581272063259e+00
1.623707336930028333e+00
1.736562788029535120e+00
1.451047437800116136e+00
1.566164963975233526e+00
1.605347123406010823e+00
1.950389973384157205e+00
1.596676404520483983e+00
1.400906339804168788e+00
1.484289160758581305e+00
1.369534878317882676e+00
1.370138103176158362e+00
1.471180080971222770e+00
1.932585822672378661e+00
1.775929245187354288e+00
1.714274076620570852e+00
1.923857358442542242e+00
2.182598631809254730e+00
2.389575028649933319e+00
2.473452367288341947e+00
1.855844487922566177e+00
1.910790151759740985e+00
1.330608424775946430e+00
1.490697532796511959e+00
1.617690745451511702e+00
1.620615954824581539e+00
1.712988619283821512e+00
1.963365411858167153e+00
2.093144744073427432e+00
2.010126175446373065e+00
2.098219776624958399e+00
2.364549752885347189e+00
2.137322991522680127e+00
1.950466043924658166e+00
2.208008452989408621e+00
2.497404796443666086e+00
2.023842976456662779e+00
2.059921657831608410e+00
1.517314858564199120e+00
1.369176707572079543e+00
1.506199525540419693e+00
1.267309511089165230e+00
1.071458821083544732e+00
1.373348672821481653e+00
1.263764078921541190e+00
1.575408209484824296e+00
1.496221577906009070e+00
1.658587967123646312e+00
1.912929722685523304e+00
1.661624804362283214e+00
1.397886190408963891e+00
1.814690147191488023e+00
1.597964520312834757e+00
1.515472471105285601e+00
1.514257557717410663e+00
1.626878963408288303e+00
1.289913471563329361e+00
1.662937375094993175e+00
1.987027592470224535e+00
1.825231354301346087e+00
1.737501827741699589e+00
1.775434849707416607e+00
1.520942041234117248e+00
1.577105146456342810e+00
1.699864005865548311e+00
1.218639240795053702e+00
1.129533237621903607e+00
1.353199914544148674e+00
1.339160318673745742e+00
1.611903700292807162e+00
1.811015852855382580e+00
1.867683518401381582e+00
1.590189366774419355e+00
1.902929230208510347e+00
1.552390862911746439e+00
1.531452995654723148e+00
1.245912599966465528e+00
1.453206090343279744e+00
1.324473499208434379e+00
1.337870145630895902e+00
1.231638200447402909e+00
1.412494958932002609e+00
1.446496748158018653e+00
1.367630596296192547e+00
1.625712958499638594e+00
1.841841775881575716e+00
1.370391102036625952e+00
1.409883922870436068e+00
1.933996858449657186e+00
1.793591356746112586e+00
1.638623488872620104e+00
1.475848973900398597e+00
1.159814757890907932e+00
1.273723444659171200e+00
1.644682264005454364e+00
1.614457991961255834e+00
1.438933971955294933e+00
1.533638672455641450e+00
1.422028804967661042e+00
1.617282607985941256e+00
1.698677383089096882e+00
1.917167641368997311e+00
1.821281241335690915e+00
1.972963263549304402e+00
1.518876467569573174e+00
1.559549077033338893e+00
1.782952071085001755e+00
2.067697348912029831e+00
1.710049796598203109e+00
2.177486462911276011e+00
1.965206521115044680e+00
1.662356821485289959e+00
2.285744718165290568e+00
1.847497715739488733e+00
1.385244976561091912e+00
1.475902254796066737e+00
1.518074838216448619e+00
1.318717031872729484e+00
1.106466276103436730e+00
1.158443355477824399e+00
1.295250630725070629e+00
1.198870642183341939e+00
1.286519071884479892e+00
1.328803144357619148e+00
1.455921581660469810e+00
1.573735355069896036e+00
1.556485482655231678e+00
1.575879492675257065e+00
1.523789397548078739e+00
1.540785001757196682e+00
1.617424585719745567e+00
1.780721230957127865e+00
1.708285999010140443e+00
1.440432504158169591e+00
1.493597116335074082e+00
1.664461952015248603e+00
1.835747462224656346e+00
1.669135807107607894e+00
1.352081086439737234e+00
1.080699551129463698e+00
1.190203377914490046e+00
1.132377727155797986e+00
1.130948883107476766e+00
1.267741382677157302e+00
1.572768532643519901e+00
1.641095499181466355e+00
1.580239563908239164e+00
1.631679406906043628e+00
2.240158513025413800e+00
2.305976231091641182e+00
2.120704329401466026e+00
1.919936933011546776e+00
1.910773075015277378e+00
2.032631496691732931e+00
2.007065424669970621e+00
2.260550876307971357e+00
1.743738885985505860e+00
1.947973814039459572e+00
2.055242563707549763e+00
1.680644366141083257e+00
1.717752751064917760e+00
1.946263058176877836e+00
2.515717270329517419e+00
2.212430166083323879e+00
2.021461385660037191e+00
2.041170429048910329e+00
2.130500264454823434e+00
1.890981162206325950e+00
1.737649523446057387e+00
1.774075967448180968e+00
1.311791129962918134e+00
1.665803285448087312e+00
1.576197553016028818e+00
1.328377650716380254e+00
1.289944274703359817e+00
1.399458223051903927e+00
1.458862233291384092e+00
1.441262502581570404e+00
1.304499363933504075e+00
1.231302274209203240e+00
1.389888688048164900e+00
1.166259149966814901e+00
1.316432916337957337e+00
1.684902487654974523e+00
1.677883761645643679e+00
1.595558316191808546e+00
1.430412426789803737e+00
1.566341682218666875e+00
1.809118483781266384e+00
2.133250238144454247e+00
1.870890197692814727e+00
1.531985393355646652e+00
1.771427526549190778e+00
1.677694594866360411e+00
1.481831228408326595e+00
1.244076078890729020e+00
1.491695343047058975e+00
1.047251201961925338e+00
1.235981336082903281e+00
1.245455062732916396e+00
1.707636437097161064e+00
1.719163362073257817e+00
1.483960850261675901e+00
1.758361902068953597e+00
2.141983833542290494e+00
1.739428399782338763e+00
1.789421757996533024e+00
1.715049211541344265e+00
1.487033501143385950e+00
1.730476063240509621e+00
1.600181821979453467e+00
1.164926268789337582e+00
1.375307618567231938e+00
1.205792549070785702e+00
1.344638234458591874e+00
1.282213918312787193e+00
1.222604994693801572e+00
1.434331586061041275e+00
1.591266439224074070e+00
1.919501078857163368e+00
2.154840226161081507e+00
1.882757966870217459e+00
1.884302941229356154e+00
1.524889059452530837e+00
1.315846542408531272e+00
1.438367796914550079e+00
1.712250777472911878e+00
1.715074368616503753e+00
1.699245761692201873e+00
1.451165390306483838e+00
1.623248039452463320e+00
1.677709674405910123e+00
1.559933599528912751e+00
1.523403362463551458e+00
1.364185141098050558e+00
1.283896977446740806e+00
1.863103530664204754e+00
2.141637586023979356e+00
2.351602090697755720e+00
1.904553495046268585e+00
1.620683329769347480e+00
1.723933724492404895e+00
2.200602767397743076e+00
1.789157031294231537e+00
1.453186729246726427e+00
1.484455266397969098e+00
1.433485286770031619e+00
1.491158350620805484e+00
1.390540718333101999e+00
1.365537492886859106e+00
1.563032614332127146e+00
1.624146750590543142e+00
1.656808270578776110e+00
1.398139684475880440e+00
1.210534570702672896e+00
1.316812578678774992e+00
1.249245896241103937e+00
1.149531498784698957e+00
1.662153849535715766e+00
1.724586586008721945e+00
1.532927024272659144e+00
1.843881703731944377e+00
2.119282834199383458e+00
2.141879533762414578e+00
1.432709199191468219e+00
1.826074693920829439e+00
2.096588470178698760e+00
1.848545251951632995e+00
1.646840647595311458e+00
1.716066594213204510e+00
1.789849237522373349e+00
1.880859122799929395e+00
1.782150994636236607e+00
1.636977892896405384e+00
1.716699309657834238e+00
1.939362574466513056e+00
1.515264104640645870e+00
1.282505568040460009e+00
1.241448867203055251e+00
1.636747237321659831e+00
1.667712567601435047e+00
1.836602576625048222e+00
1.666758126367011927e+00
1.634183641613314641e+00
1.649196210167169996e+00
1.501540919135414542e+00
1.533239398227413730e+00
1.410248076298469933e+00
1.113802266803223473e+00
1.294663600464357689e+00
1.325777722045429652e+00
1.348953275984449585e+00
1.331938061728209943e+00
1.330501143879831316e+00
1.196894879070388606e+00
1.447936540045143161e+00
1.307392489520735168e+00
1.424952592891431502e+00
1.570659348626604945e+00
1.578916845746607844e+00
1.518668328673832724e+00
1.783101099283385116e+00
1.851315210775671405e+00
1.997055663803115166e+00
2.102464448688483145e+00
1.940175624364740559e+00
2.108213875624731504e+00
2.360639450307244314e+00
2.414816154246864244e+00
2.277324870836444415e+00
2.303896051601508344e+00
1.812408050803862913e+00
1.647402323737587437e+00
2.000481934795423467e+00
2.339377994878810707e+00
1.978239894002119970e+00
1.436682314167300412e+00
1.815356621698574147e+00
1.637372895263767836e+00
1.582049517116529191e+00
1.652348945246844059e+00
1.569011991173093534e+00
1.598242550689470853e+00
1.336702972945698953e+00
1.235373462941986134e+00
1.510322596896972236e+00
1.688842267729775859e+00
1.571986295424605329e+00
2.219325913085846036e+00
2.202908839507885741e+00
1.908191237034413179e+00
1.828177395768811664e+00
1.667961906495674107e+00
1.640988198678321686e+00
1.667833434739429466e+00
1.748109240549342580e+00
1.644274805528098682e+00
1.579898516813538656e+00
1.616912683395435923e+00
1.167086502516414548e+00
1.217638885946817018e+00
1.501163759014406907e+00
1.165809134356279086e+00
1.351848168608005052e+00
1.749203496937351776e+00
1.850152517277199538e+00
1.868705480821581721e+00
2.403011488246459493e+00
2.535085576451525213e+00
2.061946010418921116e+00
1.964599380235741322e+00
1.843172864383959553e+00
1.997137200485422426e+00
1.916402382205248944e+00
1.805190048306579031e+00
1.973827519346599946e+00
1.531886687173211303e+00
1.308918013733367580e+00
1.170041463632530032e+00
1.470493511246308893e+00
1.456791935977890695e+00
1.662983952428225054e+00
1.297239780532608133e+00
1.306677385795832258e+00
1.984369067047004664e+00
1.758082304008358854e+00
1.662529472065238823e+00
1.685437466452959221e+00
2.083430030891493256e+00
1.799099491401635831e+00
1.608910618268363013e+00
2.159380076741725052e+00
1.965815937996436835e+00
1.831676433162019890e+00
1.660638756463975740e+00
1.604351408214553132e+00
2.164030636284090647e+00
2.112862303738745062e+00
2.194947190394449521e+00
2.060902807775245815e+00
1.941357351991567670e+00
1.716808815325689741e+00
1.907995988134127074e+00
1.762481122777076026e+00
1.777292312810963892e+00
1.555096410900880910e+00
1.732894536539222319e+00
1.573536695751257319e+00
1.592449657789381634e+00
1.732152673201337256e+00
1.756707925423849348e+00
1.937796864476670100e+00
1.671563534642768634e+00
1.590399296344733315e+00
1.604752193540724292e+00
1.382267703675579940e+00
1.380691725128208702e+00
1.247031336647010491e+00
1.366299359880774444e+00
1.188856879146090284e+00
1.457444006559729610e+00
1.615047402248966479e+00
1.692559518185561274e+00
1.442232843289615429e+00
1.380981537369238232e+00
1.425755525921589051e+00
1.628066156441315249e+00
1.963970498690376321e+00
1.674651007667455005e+00
1.927336955285213538e+00
1.884740264502206220e+00
1.993745062434725712e+00
2.058537144465054425e+00
1.906788286216537731e+00
2.216222390132827069e+00
1.691153179252049998e+00
1.384292218841211453e+00
1.434519730520809055e+00
1.146091721224058668e+00
1.503682786166644858e+00
1.617220874199215119e+00
1.768355263551341539e+00
1.586281722131362981e+00
2.047958033673461742e+00
2.001278741249885140e+00
1.833209772127538661e+00
1.836536159026630477e+00
2.160816126685991101e+00
2.253478444696058514e+00
1.990125510825585753e+00
1.627792817551031668e+00
1.342542843858806512e+00
1.362948356427323704e+00
1.683588193767958430e+00
1.856987273872381827e+00
1.901191363464009187e+00
1.891868845951882427e+00
2.035636335580161660e+00
1.804234406563066218e+00
1.602930978803279505e+00
1.787905611442694553e+00
1.882184443635999571e+00
1.832007562560666658e+00
2.004673549149431189e+00
1.638209298339206033e+00
1.524532187502167790e+00
1.333273775787534143e+00
1.531916223305580971e+00
1.421595847289503611e+00
1.478049961045455607e+00
1.681178037778158885e+00
1.473472036876497526e+00
1.712986157166376699e+00
1.893425589989972568e+00
1.969323389420050807e+00
1.907389174631912709e+00
2.066335766900422755e+00
2.195841226658828305e+00
1.429158312897753857e+00
1.284046182071915787e+00
1.078365596765002321e+00
1.082896494868074599e+00
1.127052308908585987e+00
1.194387661022442648e+00
1.467214295337273100e+00
1.637082550265102743e+00
1.617063559822647267e+00
1.392150623371435358e+00
1.262009883665758281e+00
1.460179275210380601e+00
1.900906929341341867e+00
1.903235153430577142e+00
1.756231411631199224e+00
1.785575882462644204e+00
1.609125361439994961e+00
1.577042729299103385e+00
1.369171014996910740e+00
1.766378583162870886e+00
1.724257281410980003e+00
1.730783353528410062e+00
1.793337030359149153e+00
1.737445740892118451e+00
1.779931781973563165e+00
1.383486587957565517e+00
1.284673770988784103e+00
1.498147863160367077e+00
1.452292339898806350e+00
1.144936944619722397e+00
1.293412270051554236e+00
1.308155546269599512e+00
1.165227164492118384e+00
1.264967907691874949e+00
1.084214080970344218e+00
1.365732341839696495e+00
1.831448926307571501e+00
1.811397972302280168e+00
1.567692057300012154e+00
1.399461972020145550e+00
1.390200949560179255e+00
1.402660485652805100e+00
1.436156781136102900e+00
1.214163197563639329e+00
1.450203517865303215e+00
1.497053771789894405e+00
1.138448242894340545e+00
1.350674419150841743e+00
1.177758416625496851e+00
1.622146779067949796e+00
1.657070209916268855e+00
1.893541884593998192e+00
2.058730527380912445e+00
1.766885790576387727e+00
1.695207566288066792e+00
1.645499650801087954e+00
1.679546325767781401e+00
1.721115256012759165e+00
1.321462852643304542e+00
1.606771875103748970e+00
1.857308530234188515e+00
2.003087846318595933e+00
2.274845347209168533e+00
2.071988404554813812e+00
2.029288707521078816e+00
1.576004702334337315e+00
1.906880553010535939e+00
2.060845954526500989e+00
1.688718552177179477e+00
1.763510902887811316e+00
1.490224225352468679e+00
1.805370345819629962e+00
1.797064827714389468e+00
2.349480380613746977e+00
1.911030291811294690e+00
2.009122325657210162e+00
2.361733679776369499e+00
2.216780167979101268e+00
1.855938239966012704e+00
2.048942383082799967e+00
2.142315380919254331e+00
1.933341607496791514e+00
2.146523376110902159e+00
2.148027258075628776e+00
2.645801480023529439e+00
1.796190628177634085e+00
1.968978409094133797e+00
1.968045064280380174e+00
2.004316605894144843e+00
1.948574736329826695e+00
2.263481769567583068e+00
1.956178090764042699e+00
1.930268390916846988e+00
1.927075560442139235e+00
1.566216010281156867e+00
1.592757313890142079e+00
1.496786769197315348e+00
1.251575474623065176e+00
1.165472348255093271e+00
1.225268097049220239e+00
1.481617424886623402e+00
1.777755467176604931e+00
1.394771533659231899e+00
1.527764657551700322e+00
1.576310277153680994e+00
1.346743228106542123e+00
1.342702612966879316e+00
1.982173082899249428e+00
1.992092596048276931e+00
2.217839552060602237e+00
2.151397628612965462e+00
2.503828539700886591e+00
2.288688172968806445e+00
2.353294077340338131e+00
2.146997027656298851e+00
1.761495287013820743e+00
2.116481733875571702e+00
1.496692698169625579e+00
1.445910514206215858e+00
1.651874187153917761e+00
1.421297660669557095e+00
1.822193684316370188e+00
1.670963601827552880e+00
1.508194136861686019e+00
1.376079979946316367e+00
1.242778803790425046e+00
1.412909772377371365e+00
1.643755202802123838e+00
1.487582946236686521e+00
1.228525911517985625e+00
1.201410267397923004e+00
1.142728335893701930e+00
1.103355060453449887e+00
1.313805393006570732e+00
1.243049477071108022e+00
1.317252103844113176e+00
1.458122028263116432e+00
1.549137918848772610e+00
1.643027062835786367e+00
1.299709650518288129e+00
1.381208106689381099e+00
1.722025570529604144e+00
1.396378464020751942e+00
2.094679636881291884e+00
2.013093447499714195e+00
2.210304315972596356e+00
2.337032874364546320e+00
2.590358751688650152e+00
2.156158362390308447e+00
2.095560367929047985e+00
2.164021896526282962e+00
1.992414496216284636e+00
1.967509045453871286e+00
2.241345212686945310e+00
2.296031851146026259e+00
1.957409850211622615e+00
2.124189748676600153e+00
1.548977269852735539e+00
2.237415040945354150e+00
2.193818466535746747e+00
2.078361016133710937e+00
2.209420763818990441e+00
2.177493945847214007e+00
2.336686220714069062e+00
2.455108978023150978e+00
2.020053179144065236e+00
1.688563311857472105e+00
1.733747609896674424e+00
1.812171463338581479e+00
2.011458450946869814e+00
2.519340078295922769e+00
2.029797016161527967e+00
2.268031419102035429e+00
2.687003227596751920e+00
2.468445224925478687e+00
2.172718501906702127e+00
2.053736551557168166e+00
1.828012656478384956e+00
2.190869786881629810e+00
2.303488408682008437e+00
2.459993916470331499e+00
2.221297084059917992e+00
1.872841144074819386e+00
1.908757908261781822e+00
1.724586359797800172e+00
1.645628325798360381e+00
1.464011099827970730e+00
1.693570920479220199e+00
1.572387942148929074e+00
1.710902002170720637e+00
1.687702122080213529e+00
1.617514752083602181e+00
1.608614845896535916e+00
1.882017317354135244e+00
2.115303005469593156e+00
1.994334013355459234e+00
2.171097763952808180e+00
1.894134181039500708e+00
1.571555178045557444e+00
2.027119318219122501e+00
1.908132605976258667e+00
2.071022274904142702e+00
1.910100603277781195e+00
2.194850578796937679e+00
1.824772624098019991e+00
1.603800642604119364e+00
1.586076244158668214e+00
1.882769161371143696e+00
1.626670150516995150e+00
1.471707833603307591e+00
1.898698576289548079e+00
1.853035326095069379e+00
2.032174121369098252e+00
2.299021676695236494e+00
1.886305709151229637e+00
2.015536371453760189e+00
1.637287049498440838e+00
1.573905304988411302e+00
1.822905952143506925e+00
1.173979727866919287e+00
1.360005966241646824e+00
1.545033636725653858e+00
1.640342866340854133e+00
1.831946024308081622e+00
1.622404430038407730e+00
1.969239539898043123e+00
2.257195518908639453e+00
1.884966402305614075e+00
2.060999228056936694e+00
1.831537765610511848e+00
1.826751627785238030e+00
1.663756115444660511e+00
1.882896421814975740e+00
1.546794394028141006e+00
1.506592297732037622e+00
1.706488650983314148e+00
1.750696503860643904e+00
2.210800249813444474e+00
1.637931327579895457e+00
1.710522608936341671e+00
1.560045738958636186e+00
1.560489304955731127e+00
1.544306457298254109e+00
1.668267657143811311e+00
1.620496269819659219e+00
1.897082226239596991e+00
1.889692413735274634e+00
1.267419019053387608e+00
1.147106552790023271e+00
1.550229223170159099e+00
1.669122813395527150e+00
1.795470036895072896e+00
1.565557211031229690e+00
1.512803196042804332e+00
1.503348652329646207e+00
1.761349620061370747e+00
1.660904442647415991e+00
1.023172690505235405e+00
1.011746516988344613e+00
1.020296783621507553e+00
1.156169425426967656e+00
1.251429561213008190e+00
1.197093681798808928e+00
1.460175358853480931e+00
1.693974982932434870e+00
1.458251740661428819e+00
1.219226439690931363e+00
1.098456487582879726e+00
1.146289425534663620e+00
1.110196807884256121e+00
1.196557112509688992e+00
1.220324395012336360e+00
1.237807610483790510e+00
1.320879782870138186e+00
1.467131974365660341e+00
1.457481006408050561e+00
1.060929317298218821e+00
1.328732174455498294e+00
1.447810894767301626e+00
1.653877025008087642e+00
1.410411474760103756e+00
1.425517479114738695e+00
1.402511967416510963e+00
1.862039774843011974e+00
1.414509467545391308e+00
1.605504723626553165e+00
1.468975016766432606e+00
1.355610992709535667e+00
1.194071266374524765e+00
1.729139441644763409e+00
2.417814332662803878e+00
2.199899584436315170e+00
1.706489278559217615e+00
2.018208266052974320e+00
1.969273421679470948e+00
1.830080324656363278e+00
1.914571030658819728e+00
2.018392225634224157e+00
1.732401273866145619e+00
1.598026336859244445e+00
1.548890730841447905e+00
1.924065717865584446e+00
1.702202294231938584e+00
2.093306938723802801e+00
2.230347862855998287e+00
2.454222469665836126e+00
2.159243430202338221e+00
2.339629208528763993e+00
2.382181467277523890e+00
2.062613883357320432e+00
1.708936965359474147e+00
2.244628150220170593e+00
2.168013594121112941e+00
1.749246372591039878e+00
1.700441366354441985e+00
1.904232406336109351e+00
1.814454311254324770e+00
2.078030628786473599e+00
1.895686704698273717e+00
1.876585209441369306e+00
1.679244824437012618e+00
1.647185989320889110e+00
1.373719384072099592e+00
1.774804477954563531e+00
2.186468955686639237e+00
1.915036267278342308e+00
1.635278012540978709e+00
2.019742604076744552e+00
1.689038663975206411e+00
1.893226571923555257e+00
1.751977226781801011e+00
1.950460833047687137e+00
2.362415129232727562e+00
1.891526025471498063e+00
1.565543419738924413e+00
1.314723352956208569e+00
1.637775638719448867e+00
1.275707039023087574e+00
1.538413598696272144e+00
1.417764432946057696e+00
1.383928237706477882e+00
1.695768626914892385e+00
1.438943648973822542e+00
1.640166085148156760e+00
1.218227097254668267e+00
1.134434316367763929e+00
1.304572670684958302e+00
1.566196373543450093e+00
1.973888350261439273e+00
1.959367758650164548e+00
2.145559470929157886e+00
1.587920991449140118e+00
1.835060019801511899e+00
1.580972508437312740e+00
1.721470718930194765e+00
1.667612373640193102e+00
1.907401989957723032e+00
1.800657455187315570e+00
1.704841510508013247e+00
1.954490592411885830e+00
1.424719685967688276e+00
1.595597075547291022e+00
1.871914867964783902e+00
1.878670749077667956e+00
1.807202176157464812e+00
2.316043052356413945e+00
2.604186667349484008e+00
2.627532570376979848e+00
2.177655154191051601e+00
2.072100642401667692e+00
1.992558854393410073e+00
1.950112786296649636e+00
2.147884923190869433e+00
2.143933362365763262e+00
1.985611503035563219e+00
1.855178936707777559e+00
1.708622542945992251e+00
2.082509350535636905e+00
2.165796372590301999e+00
1.812961316551686908e+00
1.984494286675668295e+00
