1.777747340304911994e+00
1.559735968529481598e+00
1.680910110683588421e+00
1.563398922151884030e+00
1.371355345043755225e+00
1.189825407170665317e+00
1.060618562052502378e+00
1.129447751352334883e+00
1.254862616093971539e+00
1.019430391472453179e+00
1.263002932592548921e+00
1.378635001354900247e+00
1.304164464411509350e+00
1.492947266345074242e+00
1.198223708893877193e+00
9.431273666638093633e-01
9.742687837800935169e-01
1.650804015919542955e+00
1.273790603817789080e+00
1.127252353471588586e+00
1.107093770613337247e+00
1.516688119084527608e+00
1.335379447442503142e+00
1.591847543185697766e+00
1.330824769331658386e+00
1.461776053782135598e+00
1.677512440344061551e+00
1.836953606109225978e+00
1.586019794778740666e+00
1.181987243109797303e+00
1.376025047736014306e+00
1.542960167548131700e+00
1.575453071384260051e+00
1.335558023599922706e+00
1.355523981504504816e+00
1.322641196955831155e+00
1.293143019416866490e+00
1.460015286895920861e+00
1.549636021241069805e+00
1.817729786955147864e+00
1.587538646924469887e+00
1.108685131046296624e+00
1.339512557951885396e+00
1.600169370823983250e+00
1.339505112044443225e+00
1.301501814278673397e+00
1.292429385436938860e+00
1.403316406688116968e+00
1.527286086918519192e+00
1.579978854986926695e+00
1.593695540348221806e+00
1.570021424954535005e+00
1.432573266407406010e+00
1.601908935272307266e+00
1.696499566495303091e+00
1.630976676345802012e+00
1.855460402563397171e+00
1.641989239306282489e+00
1.510740823839198832e+00
1.187813210993057700e+00
1.008808336279972906e+00
1.501413091703250213e+00
1.429744073679268368e+00
1.457922238476848875e+00
1.523066138383047274e+00
1.652652416596258611e+00
1.665020735483791148e+00
1.237160228345956403e+00
1.169715896470236993e+00
1.089563947924810483e+00
9.789820804057740578e-01
1.129958297900998554e+00
1.110048091133257753e+00
1.484424710842982664e+00
1.373375211101471427e+00
1.706323787862943142e+00
1.724365058871220047e+00
2.252588142991100995e+00
2.465838444194071055e+00
2.393192894779245794e+00
2.050979924451669767e+00
1.851013608726044923e+00
1.312775345055472442e+00
1.538998307035472912e+00
1.689018595666927913e+00
1.610477213863173773e+00
1.658804201993041350e+00
1.918183298436790807e+00
1.670635991583613977e+00
1.673557651290875858e+00
1.653429622985442826e+00
1.724123928496603675e+00
1.623205004360923187e+00
1.616335214856671643e+00
1.656285473758327242e+00
1.656747016052853683e+00
1.654421089392511979e+00
1.137089509626912687e+00
1.473916892293551273e+00
1.500014200305991308e+00
1.598417401871764287e+00
1.762495936849905354e+00
1.784923365118209038e+00
1.474801400190738576e+00
1.583171717868152584e+00
1.815786477211944971e+00
1.768597177741973558e+00
1.697852149824737866e+00
1.332913370927169217e+00
1.511772883087656894e+00
1.749098293639151258e+00
1.638821252432656195e+00
1.611105053486117100e+00
1.515438070316384556e+00
1.695204536731654166e+00
1.371529977883154672e+00
1.394978423688145508e+00
1.371488166186400015e+00
1.248310530632305015e+00
1.336720625806916862e+00
1.434436210917090726e+00
1.739805658550745537e+00
1.710464587066369280e+00
1.584770579094202159e+00
1.534771896723005513e+00
2.217016146385397235e+00
2.316681316523029555e+00
2.033747854057684101e+00
1.965348057238034407e+00
2.074569396034996682e+00
2.179667880252756706e+00
1.961752286529029110e+00
1.569827973342536431e+00
2.041880029183556378e+00
1.972606331946145763e+00
1.563747156023824081e+00
1.489407223301776106e+00
1.610066211661913771e+00
1.766237140244325321e+00
2.067677328738118714e+00
2.004900122767074855e+00
2.410426791162809224e+00
2.065552855644541719e+00
2.749565452751511430e+00
2.463527574712502055e+00
2.317349945695990510e+00
2.243437415425794779e+00
1.965588451008760007e+00
2.043356105686134239e+00
1.917196465461586730e+00
1.782762313554542732e+00
1.797912075609355176e+00
1.837908802373770634e+00
1.275572177285003272e+00
1.604278977772604087e+00
1.677114323363202431e+00
1.851983183507152519e+00
1.913983895583718953e+00
2.016572042620265126e+00
1.951230049245803233e+00
1.735475419963380395e+00
1.692955513055031336e+00
1.708535452344086103e+00
1.590694390451230289e+00
1.531628754842527362e+00
1.541842825946496021e+00
1.691610859121715382e+00
1.330477180288600847e+00
1.164979311357881464e+00
1.210416804284011993e+00
1.227790563540783975e+00
1.734462520854877399e+00
1.389316131876686899e+00
1.661874033571851816e+00
1.719924590067716030e+00
1.485635371703669882e+00
1.557677544683097715e+00
1.417353727968930999e+00
1.412954054729214093e+00
1.314872904324400071e+00
1.388699784456979724e+00
1.884650026493272623e+00
2.013215483276022066e+00
1.963768970280314496e+00
1.727940900979459959e+00
1.772522067962570835e+00
2.291649473075398458e+00
1.853280955686475551e+00
1.750719795262078549e+00
1.678909241911795691e+00
1.669092221219663053e+00
1.339401194981243215e+00
1.264515529922340731e+00
1.286063572368894459e+00
1.377286593574615692e+00
1.465501154339589718e+00
1.355553820519772801e+00
9.614229010209798254e-01
1.178311006302266817e+00
1.148801663693300945e+00
1.481046699696207503e+00
1.232116074042228782e+00
1.042181268185367049e+00
1.311907393525169052e+00
1.206520792980926959e+00
1.171045242494805239e+00
1.190303927397993844e+00
1.334821956793865727e+00
1.294973681867408022e+00
1.627416282377549983e+00
1.190751691150397473e+00
1.441398551342010004e+00
1.278176377444537604e+00
1.304255975714227134e+00
1.285010674270469444e+00
1.132275568812889155e+00
1.562841547692733979e+00
2.061786560230888021e+00
2.136752152498441415e+00
1.976810368271408214e+00
2.206996012206569713e+00
1.987661530939359711e+00
1.639242945483941005e+00
1.309746339847838392e+00
1.788844897227962027e+00
1.600308982702203453e+00
1.444013932005437484e+00
1.977635346269634997e+00
1.515252409030933167e+00
1.483283888877013679e+00
1.752047178847893738e+00
1.791411973336097807e+00
1.775915052697479624e+00
2.139877918088072928e+00
1.971692012551819806e+00
1.862384249822839344e+00
2.119344687281302875e+00
2.132629842250799879e+00
2.229010376056422160e+00
1.755584942640199264e+00
1.569268735240670454e+00
1.692470019908177026e+00
1.729300468199338248e+00
1.283515784387266878e+00
1.474564885572389628e+00
1.485215191456171757e+00
1.433310990026739784e+00
1.789848509260139497e+00
1.611794402615216448e+00
1.660881352787658471e+00
1.442510767733593102e+00
1.477135497606657744e+00
1.557027889910880702e+00
1.474321158627799555e+00
1.441750788636582570e+00
1.571242068812931825e+00
1.862002068469583271e+00
1.965435652462341753e+00
1.917048361226786346e+00
1.980080827355543249e+00
1.930655907961127626e+00
1.623400645251668495e+00
1.888268682782244801e+00
2.118107206559879163e+00
1.915923572060561186e+00
1.890901508650860485e+00
1.830853067731186945e+00
2.039534060003683091e+00
2.135763132439837175e+00
2.266028848707063226e+00
1.887816843310378800e+00
1.912961969800487161e+00
1.647859938054606177e+00
1.468650056764074563e+00
1.390445626760163922e+00
1.286808859452855947e+00
1.132023145071566317e+00
1.258636469226370735e+00
1.619789552550257916e+00
1.824223971121593069e+00
1.593317536173646465e+00
1.224790679322049769e+00
1.379684460953170655e+00
1.348288378050689573e+00
1.193012568241413662e+00
1.058599878455715126e+00
1.108807855763655814e+00
1.151935722945000684e+00
1.128524410580130866e+00
1.245027610296585152e+00
1.148230055313166575e+00
1.042538087025302707e+00
1.392841419512779400e+00
1.518304011113914775e+00
1.240667813780360174e+00
1.259638703933512849e+00
1.277199911178704461e+00
1.643063775653375247e+00
1.249080189353978909e+00
1.292719120595651638e+00
1.138379760104791139e+00
1.288548658260999069e+00
1.431907905454676611e+00
1.333329557596359960e+00
1.154663152842348550e+00
1.110039612710199686e+00
9.862022296667188881e-01
1.005587769261925501e+00
1.185188930238155525e+00
1.422754862227224137e+00
1.521682413801985323e+00
1.828727941140583457e+00
1.317727652978505803e+00
1.326227054867151978e+00
1.254462147718401921e+00
1.202651253207300597e+00
1.422440345150892016e+00
1.245382706324257516e+00
1.403762245210083304e+00
1.572063899001030274e+00
1.516733739672900150e+00
1.296294743163579621e+00
1.556127476705490453e+00
1.488101985679489925e+00
1.306546770953378900e+00
1.189740225373286719e+00
1.439957300761884884e+00
1.614097199609288324e+00
1.597149435866390910e+00
1.334336417703495314e+00
1.312864485000502235e+00
1.313897907822644484e+00
1.364905498113091253e+00
1.244863730511480471e+00
1.221722627365401159e+00
1.643978330979107616e+00
1.482030437705804227e+00
1.642325045996262389e+00
1.456769385012656626e+00
1.601676667289973155e+00
1.820483518845076532e+00
1.785757659845500500e+00
1.736355885360213680e+00
1.346422913046283032e+00
1.865856703737358790e+00
1.885369729695413277e+00
1.974450335589516659e+00
1.947277214584776761e+00
1.601924779997110804e+00
1.449722639545166780e+00
1.723961168628403318e+00
1.816984233378738711e+00
2.340497976169134464e+00
2.203194925451565478e+00
2.182054249931501655e+00
2.481072564670952829e+00
1.722242556279999226e+00
2.020869284886044337e+00
2.059894523431281765e+00
2.023941461044692414e+00
2.132624928097014205e+00
2.110521237712865261e+00
2.055595155146870301e+00
1.836189848302480332e+00
1.675268018107449297e+00
1.880004517322423130e+00
1.623079039066578133e+00
2.323906559208617661e+00
1.671312768612542188e+00
1.687072722832487770e+00
1.875972796183408953e+00
1.409600430878675370e+00
1.379547521329818727e+00
1.385881764440761721e+00
1.513502734841413400e+00
1.493865856352245114e+00
1.842205811859072062e+00
1.238147223280156917e+00
1.626464417304225751e+00
1.249519339799455508e+00
1.096172510329178840e+00
1.585011207254942933e+00
1.098777226097535475e+00
1.019729714474018056e+00
1.181687181945367371e+00
1.201452691926695016e+00
1.130162424928804477e+00
1.302733723421812373e+00
1.450873332679234906e+00
1.492870433571563682e+00
1.634065229316687962e+00
1.553927223662209256e+00
1.323532428832325136e+00
1.419729487501805387e+00
1.425735308716869598e+00
1.992702767905036865e+00
1.898362061782748356e+00
1.696260840091690092e+00
1.631078466234812341e+00
1.742128765649996414e+00
1.623466630918051656e+00
1.288593239654033384e+00
1.802830326231130265e+00
1.798518124646279803e+00
1.660706509810844445e+00
1.905895689058771714e+00
1.390417721604587875e+00
1.232738956473599323e+00
1.109722674890388339e+00
1.393755972929628273e+00
1.307461621003297214e+00
1.197278547260266279e+00
1.090359315081889546e+00
1.012371751465807490e+00
1.257182762431285461e+00
1.319026075996442504e+00
1.238615751309438240e+00
1.159448886012155455e+00
1.247606006451216221e+00
1.294167646063299149e+00
1.116077175775835650e+00
1.033331505436828390e+00
1.237856512966182043e+00
1.230568481717003948e+00
1.130895814921286435e+00
1.164065479729278429e+00
1.344930349836485961e+00
1.274849852530437033e+00
1.396183465715909122e+00
1.931962636219791696e+00
1.861909232649867185e+00
1.493379567682586062e+00
1.304312948531575200e+00
1.428515425404990768e+00
1.867056123032209358e+00
2.192130224044942732e+00
2.008537058569983991e+00
1.727352652922181209e+00
1.566637637687849027e+00
1.873126449557267481e+00
1.918986004518028032e+00
1.774195391860481585e+00
1.741043527340195851e+00
1.591845678739181480e+00
1.816395099018678572e+00
2.277945407388752397e+00
2.372815931676459211e+00
2.418883791395013638e+00
2.647530311281609983e+00
2.400528455639953318e+00
2.247381908160190900e+00
2.047005554849043119e+00
1.941299645593331125e+00
2.199942823069107156e+00
2.340238238645678592e+00
1.810229862108741816e+00
1.726753892231603693e+00
1.504767617769471544e+00
1.914832821224547788e+00
1.862101586884770343e+00
1.788499606424714061e+00
1.714518358131935871e+00
1.852739057652240451e+00
2.112568900490906731e+00
1.797899761966194720e+00
1.810494969040614910e+00
1.834563275642403957e+00
1.668796094647581274e+00
1.699536405444919795e+00
1.163921381369923180e+00
1.016713247890813410e+00
1.297277015294604041e+00
1.784970561734351868e+00
1.677169175415270663e+00
2.075765958008083611e+00
2.154501250546749347e+00
2.371896297546999488e+00
2.131381656775082067e+00
1.833881378832439069e+00
1.960076313084366140e+00
1.705563655654863897e+00
1.196737835911118042e+00
1.335014525407743013e+00
1.491753026069489119e+00
1.617364968480362597e+00
1.640427266252855176e+00
1.948341291930372199e+00
1.620653552817286069e+00
1.450900870087429073e+00
1.455304644581409512e+00
1.258861372787837496e+00
1.192075167102662814e+00
1.355604628277086832e+00
1.151504961307868502e+00
1.056617123903663691e+00
1.097836145337550695e+00
1.510468646360570544e+00
1.630433834816763738e+00
1.463384520679267276e+00
1.489037577123216494e+00
1.281293892872704454e+00
1.069612702272441984e+00
1.419126807035801630e+00
1.484349252616275372e+00
1.506282019774610292e+00
1.312685179310016714e+00
1.223788417260911920e+00
1.192963988502705908e+00
1.508163685414154465e+00
1.626262929246195199e+00
1.462656053516347976e+00
1.537922771077982143e+00
1.499702488159534441e+00
1.850642115189572667e+00
1.777353674231013647e+00
1.789906596618944024e+00
1.785563692383705048e+00
1.936018536860394823e+00
1.729554221470730013e+00
1.785557700511896106e+00
1.850550610784519323e+00
2.041598727878809694e+00
1.703150167941267945e+00
1.500006443750559137e+00
1.676819336402498584e+00
1.880252718732497774e+00
1.976273662866224079e+00
2.089654886697190683e+00
1.750943752892791139e+00
1.900392249383704879e+00
2.018625274431465666e+00
1.900053875987921082e+00
1.845688886786980509e+00
1.625428487350504714e+00
1.540788279140336670e+00
1.329604860183945636e+00
1.673622608345353147e+00
1.794574482591839271e+00
1.539159700182175516e+00
1.390827366368509121e+00
1.599750642026015468e+00
2.076843469135787323e+00
2.332238180064854394e+00
2.327751516815764532e+00
2.135733524724717558e+00
2.254551898402031185e+00
2.227454727766180920e+00
2.003945939516383223e+00
2.177604248758227889e+00
2.111643384652913458e+00
1.833053269065083812e+00
1.612542659362359743e+00
1.799041429988378127e+00
2.115660135767042149e+00
2.000068634202297968e+00
1.581214792044565387e+00
1.817631080395642362e+00
1.907153743100421295e+00
1.846795543535053374e+00
1.581431575751763408e+00
1.834209244075026390e+00
2.088244977690519644e+00
2.465477468013301365e+00
2.441168710070737546e+00
2.367044450920107845e+00
1.893366656069626064e+00
1.708205460963257538e+00
2.067126766301928154e+00
2.363495755749931870e+00
1.671651524141811507e+00
1.543594788293696451e+00
1.495721431492378350e+00
1.183649729463947198e+00
1.063651159923948653e+00
1.397615411323921197e+00
1.237506266154218437e+00
1.341754538716781298e+00
1.289992534291762194e+00
1.407720908751866506e+00
1.809209068979331425e+00
1.786536319002903328e+00
1.789809701627723015e+00
1.546987497374119114e+00
1.620047350665760666e+00
1.668109305481219495e+00
1.993476451103044500e+00
1.715445395203501810e+00
1.412197888411331981e+00
1.140323257535969859e+00
1.331383776019656962e+00
1.445632944648484131e+00
1.302641269035261118e+00
1.319365085659752301e+00
1.145728168410394820e+00
1.275993420057260685e+00
1.135027426370422532e+00
1.157775896680041106e+00
1.141362185106449489e+00
1.013913900737162699e+00
1.221531965849821821e+00
1.268376469237302295e+00
1.205743376977049142e+00
1.238060024132018322e+00
1.268908971514612460e+00
1.426782154227799859e+00
1.419358145174249408e+00
1.760311656126026136e+00
1.743419473376919271e+00
1.990108507758546752e+00
1.579638413979452150e+00
1.857190970680965947e+00
1.761460757541189359e+00
1.398409178413692722e+00
1.133840272302528041e+00
1.455065031397143160e+00
1.359202182139597648e+00
1.411644104788928544e+00
1.657703145861290528e+00
1.771881451704065968e+00
1.467412936690704939e+00
1.500016899983890983e+00
1.377012547277314258e+00
1.383758423649678049e+00
1.348684196811279268e+00
1.241540065290867689e+00
1.146553932168200118e+00
1.443010307456174202e+00
1.675694889486641914e+00
1.518204893232764752e+00
1.339903330501162948e+00
1.562313169831063719e+00
2.072003217811017262e+00
2.103412659037415366e+00
2.142133900622024800e+00
1.978053940350139817e+00
1.400036587809257771e+00
1.648361602221584121e+00
1.739705439550047750e+00
1.930448729982733314e+00
1.714658593661132047e+00
1.208114124050709837e+00
1.174573973602621502e+00
1.202816295333274166e+00
1.455142739769287097e+00
1.797547098550710931e+00
2.107985560194779673e+00
1.930633184456471474e+00
2.242148532036002617e+00
2.155568114756357456e+00
1.969085823137898927e+00
1.923968462944706248e+00
2.194041202728888251e+00
2.048993111055011251e+00
1.688433444732340583e+00
1.682098582044871282e+00
1.380691558403891461e+00
1.630751209790280321e+00
1.622495004299655763e+00
2.030228712896177790e+00
2.070617742965151553e+00
2.031214444485160531e+00
1.799564709969913912e+00
2.326216008467121288e+00
2.325412595625687917e+00
2.392540338146092349e+00
2.350670159562278982e+00
2.406883500564243938e+00
2.135520578253836899e+00
1.970394952518484732e+00
1.840249594219744544e+00
1.619928721387156489e+00
1.736326501675243605e+00
2.159498340033444652e+00
2.009746685310174197e+00
2.036838445079004245e+00
1.951371258465574021e+00
1.902346252772211033e+00
1.827996954514210515e+00
1.408767024815476887e+00
1.278497541189036024e+00
1.126883022859552552e+00
1.563667748399257595e+00
1.652362458817349111e+00
1.636401062449818200e+00
1.671151825205467567e+00
1.396797180427816087e+00
1.385495035214262094e+00
1.200098702744913925e+00
1.302825001202511324e+00
1.501432606839852246e+00
1.373854880210280571e+00
1.345942308937263299e+00
1.348918320865592602e+00
1.346157799904148744e+00
1.419795734352801597e+00
1.416487051295955091e+00
1.867136255651526966e+00
2.034486940168982461e+00
2.303170214435167562e+00
2.034868646049361907e+00
1.946971800145597120e+00
1.362542070005394734e+00
1.421845556046662518e+00
1.315105508610510121e+00
1.633594456557674324e+00
1.853023038577432446e+00
1.711305638713174204e+00
1.803456671813268519e+00
2.381033548029129587e+00
2.353641827981240553e+00
2.090000605915887544e+00
1.886133024419067938e+00
1.904195944258117557e+00
1.760447284636012855e+00
1.775897028396842492e+00
2.076339972270309087e+00
2.069982772482593436e+00
1.809959001951687574e+00
1.782960519550032874e+00
1.743030618333055060e+00
1.988382131281903886e+00
1.602328773849407639e+00
1.654820951535757034e+00
1.427612734449287268e+00
1.406190414296422331e+00
1.731316575847836603e+00
1.528380809604600765e+00
1.737034220362103643e+00
2.123592720105302423e+00
2.054051195443059807e+00
1.742066803372249950e+00
1.663145570370049287e+00
1.763824280743642836e+00
1.639286857078229964e+00
1.596931764454907032e+00
1.706859696104587876e+00
1.908942681876124148e+00
1.977470654818310081e+00
2.174695310109296731e+00
1.920500625580084053e+00
2.035892883164219569e+00
2.452393516076375235e+00
2.123983694217362661e+00
1.885986822491886095e+00
1.911927254454941938e+00
1.759611135737768173e+00
2.046720202214844075e+00
1.346971516900298482e+00
1.204552885897804737e+00
1.379089122518943666e+00
1.485629836354588340e+00
1.399312488897767048e+00
1.390544574834876368e+00
1.442013255870904453e+00
1.760320913563435674e+00
1.626480441777647945e+00
1.674867410874568696e+00
1.875093116041607333e+00
1.659157981081530231e+00
1.762741825485467206e+00
1.476095412133040075e+00
1.391838684770934087e+00
1.230458169472869123e+00
1.898022309885938341e+00
1.871045867458209777e+00
1.878874190742774619e+00
1.877555396476119132e+00
2.134855551746233981e+00
2.258389517413963432e+00
2.247496867286040256e+00
1.666215859374098107e+00
1.412562561985535758e+00
1.599176232474215142e+00
1.654646966891062831e+00
1.624187134637239183e+00
1.730703677182670708e+00
1.755743672255984711e+00
1.650550114132553148e+00
1.552993725563973637e+00
1.593606284769061965e+00
1.519241423473339347e+00
1.769908812902140305e+00
1.416612947316100435e+00
1.799117772882186106e+00
1.412367848665353254e+00
1.642906825147999017e+00
1.598683438136122348e+00
1.280445386898690918e+00
1.183647715129538591e+00
1.444902961105003936e+00
1.525643460319743960e+00
1.235742817297555307e+00
1.421992182525294579e+00
1.236601787084065762e+00
1.311005169025779127e+00
1.321509992406104672e+00
1.405469355466942183e+00
1.667128781773587809e+00
1.382986138450390534e+00
1.473869290348163164e+00
1.764056676189486028e+00
1.817016036239478938e+00
1.673465139169045601e+00
1.201277666497506447e+00
1.296389929255347795e+00
1.296347687000635629e+00
1.278788474445502477e+00
1.447450615407261720e+00
1.538054231145552952e+00
1.814746658417222491e+00
1.959478551075848118e+00
1.972397313764375104e+00
2.048685398393098822e+00
2.086799377993240334e+00
1.895549127101084030e+00
2.165510786204938753e+00
1.697234391138397358e+00
1.390749831286149041e+00
1.543560765919600453e+00
1.599618319178169434e+00
1.521773625376626971e+00
1.414772957414204946e+00
1.403105342544751943e+00
1.141983556194933636e+00
1.327106498577614646e+00
1.317112501042756900e+00
1.293466542532666574e+00
1.640489254860154178e+00
1.510012595931303325e+00
1.635104081550400767e+00
1.147841039573320732e+00
1.250773561172273673e+00
1.345428741427943553e+00
1.446931464432184233e+00
1.271272631876211090e+00
1.548970912882466244e+00
1.773329893605557261e+00
2.194689623348522023e+00
2.226498661722830619e+00
2.320615520106908747e+00
2.179416814682052728e+00
2.171544338994550571e+00
1.875979934769062440e+00
1.800512560970907616e+00
1.862400891635630273e+00
1.877613197171572823e+00
1.598438286645393891e+00
1.589652941708462608e+00
1.745646836748347530e+00
2.071694258745950812e+00
2.058503052893928320e+00
1.861248268932580663e+00
1.628491649921087081e+00
1.996690625743843484e+00
1.918706426134549892e+00
1.772096521929775292e+00
1.868409335127817927e+00
1.896647309609561960e+00
2.114224006305184034e+00
2.229265735171850782e+00
2.189548493736981349e+00
1.616275389895951653e+00
1.534646090866007562e+00
1.572550281597719479e+00
1.839413986240436394e+00
1.964055860199475978e+00
1.541226137768613391e+00
1.717352778139263680e+00
2.195396781340037684e+00
1.898005563758780712e+00
1.952336150472648857e+00
1.961403360061396484e+00
1.565552159673467836e+00
1.552920894916540728e+00
1.494480299225720898e+00
1.447895639256083111e+00
1.471353682913657757e+00
1.415231113613400593e+00
1.685235777117620959e+00
2.004442931452401044e+00
1.455815884800746751e+00
1.706530027701687047e+00
1.834812891536572010e+00
2.113201163170165486e+00
2.051205959336594997e+00
1.959312989469680577e+00
2.178802991357354113e+00
2.119863667848669753e+00
2.200247382120350093e+00
2.476460046462504838e+00
1.954052378326438744e+00
2.003515286978498455e+00
1.694394156280742081e+00
1.699819596890187690e+00
1.524986008080406741e+00
1.970002173064490769e+00
1.824794751105081048e+00
2.223955630116472459e+00
2.141579137035671820e+00
2.202066320538877076e+00
2.054256594135190905e+00
2.243633044831989665e+00
1.724176453647521701e+00
1.434366399514041213e+00
1.576313003029058191e+00
1.705773841947760605e+00
1.634807854523207427e+00
1.430993388093008356e+00
1.449080010169557342e+00
1.850182110664306379e+00
1.503646367445499399e+00
1.809884295590783454e+00
1.830729211986751981e+00
1.813699945283178572e+00
1.764204442522341543e+00
1.853619289970541706e+00
1.989591367850986892e+00
1.816304946712453461e+00
1.583747646753320470e+00
1.208555559234520516e+00
1.431469906222583299e+00
1.600932337347343193e+00
1.623858258443718228e+00
1.558095088285541552e+00
1.611988709779420548e+00
1.472227685125692354e+00
1.682937778967699805e+00
1.849266702601666257e+00
1.653530636876397786e+00
1.628312424382975188e+00
1.537263826085295770e+00
1.369695029711758494e+00
1.545989879082647400e+00
1.785670324986771362e+00
1.444322253804531719e+00
1.533138463414505548e+00
1.670347245604219655e+00
1.976139455696336533e+00
2.012444715754841962e+00
2.155994411503939112e+00
1.955626072475158850e+00
2.399769425502976894e+00
2.191108016229917244e+00
2.218786470241016939e+00
1.539131361321197433e+00
1.331441126955409393e+00
1.525147933687339474e+00
1.775612761306593956e+00
1.886124969677632990e+00
2.085306000470058763e+00
1.884826997259498205e+00
1.805411973643756163e+00
1.389783197465925824e+00
1.563724786367850506e+00
1.118395884698762277e+00
1.279473439727160988e+00
1.340898249715971158e+00
1.343689803587821086e+00
1.483294344047487945e+00
1.739577032676694834e+00
1.579782369863903524e+00
1.477723218748526968e+00
1.260730714134238317e+00
1.374624748409739361e+00
1.175735690968336966e+00
1.192424797212923826e+00
1.313541568775464574e+00
1.430738586122354050e+00
1.803184498638325195e+00
1.543598301298898523e+00
1.690271818029474904e+00
1.507775703405113799e+00
1.808212936886652189e+00
1.411176920174192162e+00
1.545514442712877745e+00
1.365051782052736806e+00
1.395613959827608719e+00
1.222424994358947137e+00
1.360833253581657853e+00
1.612694356773225479e+00
1.424188432034271257e+00
1.243202021462813445e+00
1.301587825847374091e+00
1.045230587207324202e+00
1.205747651231041884e+00
1.170031686555095263e+00
1.212595923789152152e+00
1.202063941263572522e+00
1.363233093926194961e+00
1.374798416093854669e+00
1.348157563985604490e+00
1.522186141983616459e+00
1.635631443731977885e+00
2.273377281917118520e+00
2.187399474148504108e+00
2.174439721226202771e+00
1.709202809786661392e+00
1.619975317050412755e+00
1.343834730505934827e+00
1.462206992235757230e+00
1.937940593285095048e+00
1.474618820756901982e+00
1.724754411054042480e+00
1.783623907771320960e+00
1.787099049479090596e+00
1.704496826702449841e+00
1.592921753692133402e+00
1.438555239290823407e+00
1.770914328048050379e+00
2.021212137415853149e+00
1.981965854029789087e+00
1.891569719632401281e+00
2.010326768635540606e+00
1.831741532552593643e+00
1.990465315461589668e+00
2.296181379143896972e+00
2.069796869098879721e+00
2.061210483347026834e+00
1.845419679894309217e+00
2.055606039126935514e+00
1.861989402726529796e+00
1.817967628691917303e+00
1.684729572418483201e+00
1.316372697979381057e+00
1.382942401506774610e+00
1.160566606724108274e+00
1.406806674215729025e+00
1.272220274672132723e+00
1.253850114706731800e+00
1.399449650399074097e+00
1.239613939476148063e+00
1.293386212465561513e+00
1.152288265109074894e+00
1.351794708429431058e+00
1.446502224977432416e+00
1.518399359218972400e+00
1.767909606180037230e+00
1.582893458471195114e+00
1.672887119420404467e+00
2.098214485909104088e+00
2.320824973086101473e+00
1.981955331311849422e+00
1.888237500156895399e+00
2.045797027994744166e+00
2.144302850985449815e+00
2.157324036198465134e+00
1.957759755870958518e+00
2.123558578044789424e+00
1.792269879005831346e+00
1.741248500387226450e+00
2.261089130795610913e+00
1.944773635925724609e+00
1.612854548159630586e+00
1.898061463019675266e+00
2.029563280335233699e+00
2.058072153160653173e+00
2.126707592365528310e+00
2.111594263047559483e+00
2.042271540353850501e+00
1.971539915020931621e+00
1.882879802849126039e+00
2.039190143540684730e+00
2.141434700970357152e+00
1.736686549939684632e+00
1.756706819151237386e+00
2.195196911387927496e+00
1.852394229986524810e+00
1.676384118822374036e+00
1.728788893364986201e+00
1.804718770664840655e+00
1.370134321253410725e+00
1.343478912981844742e+00
1.285550127068215254e+00
1.585723086393862502e+00
1.875194874661368694e+00
1.476593169552520735e+00
1.033266294012135100e+00
1.050746381398990348e+00
1.156437684418269107e+00
1.500329805146897399e+00
1.539740721089670972e+00
1.599878378531606415e+00
1.674693958055909482e+00
1.965852565756794235e+00
1.922446104795360711e+00
1.999678850327270885e+00
1.800096838518052245e+00
1.643652001263405937e+00
1.687955031682298213e+00
1.590550893605573002e+00
1.630785108672993644e+00
1.605523058500446965e+00
1.559950302563518632e+00
1.629721182287004799e+00
1.637241979479846066e+00
1.198106495938167537e+00
1.296496362394981672e+00
1.158664420664835992e+00
1.229284130262962904e+00
1.247149430689473260e+00
1.039618213441693140e+00
1.122054254056966682e+00
1.235475609312988166e+00
1.362768533166648144e+00
1.571241437834125287e+00
1.905166282442863013e+00
1.868710665366675627e+00
2.019686362084268438e+00
1.912607411524156253e+00
1.721183728056753015e+00
1.778716154325082899e+00
1.916858166319161727e+00
1.747731897615274921e+00
1.768283449028824839e+00
1.481506917697375636e+00
1.663847484535014409e+00
1.884434917478198690e+00
1.739150976444740593e+00
1.564700111284435868e+00
1.370936651601897038e+00
1.757155581851255421e+00
2.115754321060627330e+00
2.066212507710497803e+00
2.004187002940958084e+00
2.025854145055344002e+00
2.195393569913027587e+00
2.290316087545129609e+00
2.033801107594678914e+00
1.620468243235164030e+00
1.736156224053430508e+00
1.770457030158722134e+00
1.912995197913447187e+00
1.643775114535582560e+00
1.954354016413987427e+00
1.432614520064535713e+00
1.602371904646026302e+00
1.581580894146155769e+00
1.537940451669196129e+00
1.551582784374192059e+00
1.395951796963550873e+00
1.355842846787812528e+00
1.362884601778321603e+00
1.524968156198821312e+00
1.579032342239261144e+00
1.535952628210685678e+00
1.501286414317565265e+00
1.288370814165160416e+00
1.266112559923354253e+00
1.577171488896809581e+00
1.335508782886226875e+00
1.195693717564319414e+00
1.406416408719608935e+00
1.735200851268991373e+00
1.938303558115048730e+00
1.804778875874625932e+00
1.523709729926912892e+00
1.566353263580283262e+00
1.625174092624151800e+00
1.823950456309342272e+00
1.576258681888338620e+00
1.257767580550070763e+00
1.144609069830843318e+00
1.456994976001641184e+00
1.490797239524445761e+00
1.533979254827017025e+00
1.750921031701107466e+00
1.875848500234570615e+00
2.064810421241241922e+00
1.575787868933095526e+00
1.580654656411254244e+00
1.338564922635232080e+00
1.410517306617275590e+00
1.346253022690118595e+00
1.826543829963886756e+00
1.760718905578540605e+00
1.987581460287019652e+00
2.148323757496914066e+00
1.998359437575453201e+00
1.842162870764708194e+00
1.880290199949131935e+00
1.818290466323599253e+00
1.907258252302829860e+00
1.845250166745797671e+00
2.003351880744751679e+00
1.819079287420984459e+00
1.819504376873336327e+00
1.265802936622606456e+00
1.257500249707950157e+00
1.427842966687550508e+00
1.690447782913541364e+00
1.597963446626570638e+00
1.668151204924123832e+00
1.649678457149617916e+00
1.985189436289502840e+00
2.274574740187726540e+00
2.218461530431144801e+00
1.735809966278306860e+00
1.801505287376517828e+00
2.082895105190659457e+00
2.214778395422221990e+00
2.010920671518629188e+00
2.208397876936343263e+00
1.856990198293585470e+00
2.066598684078911230e+00
2.063019169499010541e+00
1.849418722959375927e+00
1.934292354876358422e+00
2.296392411108537424e+00
2.007833492701867062e+00
1.742004507583182038e+00
1.672183784773731308e+00
1.765402329262389713e+00
1.840662303723061388e+00
2.168580239966467982e+00
2.088341382397171042e+00
1.670884980130473485e+00
1.880332651242232034e+00
1.976755768023588988e+00
2.143480932429649322e+00
2.115552703188268158e+00
1.861493674529471454e+00
1.673134551714971385e+00
1.304888562719273670e+00
1.401767736326030578e+00
1.864441002354838561e+00
1.644425409794607607e+00
1.427372200065998076e+00
1.173001906878469169e+00
1.294860760879823935e+00
1.203536400453639299e+00
9.800384084103312965e-01
1.098122336124791820e+00
1.362403723009900869e+00
1.371520560514774445e+00
1.231587013287482213e+00
1.416173268121734719e+00
1.000792125946129429e+00
1.124885404248346488e+00
1.127334549956287679e+00
1.302286182861623676e+00
1.312354360903546180e+00
1.180373834292241630e+00
1.297769178489939668e+00
1.409042149457961690e+00
1.370901561597996698e+00
1.202819122795951046e+00
1.489546530171488081e+00
1.194920706811580358e+00
1.200763738584168516e+00
1.362201349566897868e+00
1.518541264320923734e+00
1.492222706293901080e+00
1.441909774734375871e+00
1.289917440000663440e+00
1.315477967359958589e+00
1.456457905386130403e+00
1.485852027087981142e+00
1.569045160312400045e+00
1.787997520997024026e+00
1.644397456810371416e+00
1.823664777102389722e+00
1.723356700999297164e+00
1.510459631043235884e+00
1.502751989829172796e+00
1.961263755929528729e+00
1.414322011110847210e+00
1.354390533723758283e+00
1.295447453530918613e+00
1.314451655889685266e+00
1.196988983260490746e+00
1.447893066706061660e+00
1.538745552315902820e+00
1.658963539900273787e+00
1.393286478323416677e+00
1.283124391420986665e+00
1.228653996288419314e+00
1.022642243448332877e+00
1.368620536642568331e+00
1.332344032982527793e+00
1.281292878509475930e+00
1.310735464355157198e+00
1.600730927064346165e+00
1.566537029579682327e+00
1.269653383876614416e+00
1.448237151390511901e+00
1.402396995871417529e+00
1.548828034793720221e+00
1.450073127259677852e+00
1.570568725160864876e+00
1.891935870084965998e+00
2.120659898996580583e+00
2.203933474270440840e+00
2.027895802042372519e+00
1.727670216466740571e+00
2.203650808847416709e+00
2.298318267787498037e+00
1.944170374453872085e+00
1.758519283237634401e+00
1.755418076409344996e+00
1.489142792431619178e+00
1.544770804844007861e+00
1.308596792970895040e+00
1.451554425566881079e+00
1.491072728742056430e+00
1.419918429085694322e+00
1.387445352934393750e+00
1.195864006209961694e+00
1.186421607844937220e+00
1.121941172108946061e+00
1.281260208105989840e+00
1.333042294131825400e+00
1.575679549159302084e+00
1.653833843114635771e+00
1.495391121550923241e+00
1.703985595472786940e+00
1.805415708505376138e+00
1.376961531899481006e+00
1.727519818317033717e+00
1.618769601525648305e+00
1.537916310499690686e+00
1.424810198073882095e+00
1.925255035985281360e+00
2.113410302077320946e+00
1.707064074050520519e+00
1.292455371291976407e+00
2.155337889909066273e+00
2.474318940518382082e+00
1.972344625709463672e+00
2.003271387786058622e+00
2.130272660516468353e+00
2.057566833332077572e+00
1.936703288994759298e+00
2.009010394168983193e+00
1.790727288919607973e+00
1.682892064086496831e+00
2.350419411847050721e+00
2.272125614866002952e+00
2.322932375828283380e+00
2.543368973406552769e+00
2.282694591743180457e+00
1.946149790336068497e+00
2.012424707448976058e+00
2.311938529512921559e+00
2.420059361255756158e+00
2.128926131763238860e+00
2.419494057752039851e+00
2.399925643767079730e+00
1.600978237799287829e+00
1.609443835834091452e+00
1.435433204653092876e+00
1.369576052424813728e+00
1.242716195774880461e+00
1.193054262655782738e+00
1.366060263982156631e+00
1.128313083558223573e+00
1.143134214573289897e+00
1.474779947383163980e+00
1.489140749555288856e+00
1.412267249775457589e+00
1.504889712975054028e+00
1.407089521298006574e+00
1.565371675875625535e+00
1.482797462852252224e+00
1.636414136889754012e+00
1.965492682973855709e+00
1.773367565302000459e+00
1.674203957653846775e+00
2.134243099783828868e+00
1.719038681669974089e+00
1.532738236751642447e+00
1.431479660760693662e+00
1.605734143055183694e+00
1.582661536642099520e+00
1.911412856794835635e+00
2.181906616203986182e+00
2.071172695455267387e+00
2.237340350378829168e+00
2.598430168418514263e+00
2.417110931333393165e+00
2.019513476013815367e+00
1.989213263828527589e+00
2.392665020456035574e+00
2.718324021384018963e+00
1.734071492265622183e+00
2.020362435522580657e+00
2.327729396650811022e+00
2.277829000032494999e+00
1.832714883236346015e+00
1.541573161250160418e+00
1.426670655657599429e+00
1.529540460939584623e+00
1.605131643042355893e+00
1.755378802010504558e+00
1.776919006817218705e+00
1.821186308488647043e+00
1.416373428487907926e+00
1.088134596779551932e+00
1.469165988896169228e+00
1.651270243752500866e+00
1.417355326378412217e+00
1.233443135554644909e+00
1.357627630816993447e+00
1.446045549591917556e+00
1.383508438730594481e+00
1.162113154085048006e+00
1.279934639345537750e+00
1.426000016672926307e+00
1.565191234380622465e+00
1.548689323979756338e+00
1.565924219059688927e+00
1.359529383812516201e+00
1.582829936603773247e+00
1.568281799720685044e+00
1.302625846141048260e+00
1.236028125157336399e+00
1.566076245121342136e+00
1.485696547563372549e+00
1.144680808548430795e+00
1.583546056742718644e+00
1.748041138873688727e+00
1.664034668981985154e+00
1.644685066972759735e+00
1.892057863439758236e+00
1.798250447079976055e+00
1.462286210859126356e+00
1.597421486926912326e+00
2.100084890033144358e+00
2.192201168897456309e+00
2.496775182815914818e+00
2.630493248449718990e+00
2.417953036414012047e+00
2.411058044271956913e+00
2.476315157043897486e+00
2.461769697637416598e+00
2.705582813617637861e+00
2.638205459604292535e+00
2.357039538014412461e+00
2.443329255853215365e+00
2.564556776353370093e+00
2.191096276849934466e+00
1.608193123713995476e+00
1.831368525118435731e+00
1.371433844765501009e+00
1.391497081096586319e+00
1.354546140027955925e+00
1.663189530170332109e+00
1.505052556110972439e+00
9.850209004590158024e-01
1.022949426174022847e+00
1.417399750759852362e+00
1.585032509885144547e+00
1.986970298819790148e+00
2.282091944089792879e+00
2.111299802911655643e+00
2.035606489348557702e+00
2.100708832639844648e+00
1.737550138158700852e+00
1.819818209735506898e+00
1.538969298832157939e+00
1.325330211685159743e+00
1.276245025527948274e+00
1.559924348746099865e+00
1.521589299465549550e+00
1.487426416288847975e+00
1.327807078114244810e+00
1.185789140660838958e+00
1.490902592343973154e+00
1.242091546832843951e+00
1.454274290315725082e+00
1.614004746087573272e+00
1.652003003301986128e+00
1.905573816403984599e+00
1.753038619202001547e+00
1.812443765485117542e+00
1.469566652018199138e+00
1.678458480460229829e+00
1.216380501897517341e+00
1.665587461507480160e+00
1.542941978569772665e+00
1.526207623333828645e+00
1.457312307336963819e+00
1.514845063938181635e+00
1.256092596589356347e+00
1.044044993341155081e+00
9.689685247870727380e-01
1.167437146441235640e+00
1.498460536303823032e+00
1.683691546259672212e+00
1.933834416415784574e+00
1.736545008274064550e+00
1.701532579342657447e+00
1.433434516683057991e+00
1.535843400565082284e+00
1.666456324888002216e+00
1.417858905390576130e+00
1.698632740477000524e+00
1.782511355568589639e+00
1.890966313053233483e+00
1.975071178242416181e+00
2.030556398696480525e+00
2.264355898528483735e+00
1.503468946814969120e+00
1.570282046775487439e+00
1.442902984350852513e+00
1.259512800493642892e+00
1.162764072920610792e+00
1.128758871296405841e+00
1.183975428091440296e+00
1.664128947853622309e+00
1.705490768892190090e+00
1.790393879533924482e+00
1.447857377938297496e+00
1.337204125204814353e+00
1.279771549988290458e+00
1.114286205185035517e+00
1.504269478858101028e+00
1.814687586913985129e+00
1.506982144245808897e+00
1.559062275781368356e+00
1.501110275975039210e+00
1.392201696563633240e+00
1.664132909911665070e+00
1.821270211553124074e+00
1.669937586793194262e+00
1.871309679861045128e+00
1.578814838023581357e+00
1.780168493282082043e+00
2.026297002858356233e+00
2.331470029121624599e+00
2.465462630949879941e+00
2.284286961871225152e+00
2.411457926177336120e+00
2.410126962424195884e+00
1.826584852077345777e+00
1.596675304598591083e+00
1.555835983640782239e+00
1.527320101992466927e+00
1.143278487534729271e+00
1.385736846188436511e+00
1.365426074600269324e+00
1.969219417674517025e+00
1.958046696124069896e+00
2.277467806329981581e+00
1.969527641849253996e+00
2.325294423528099230e+00
2.437871225305391576e+00
2.331491512102485952e+00
2.532538805512093649e+00
2.475804072495554564e+00
2.377814659310888423e+00
2.169076478278590070e+00
2.099668775761013073e+00
2.417757177985152772e+00
2.400605151957471595e+00
2.350632586294013393e+00
1.965766527032760003e+00
1.915521945087884426e+00
1.664690928513422596e+00
2.123180132169284917e+00
2.235364940862059502e+00
1.891772062810668009e+00
2.277565260919042434e+00
1.887666665693313650e+00
2.243333767643446830e+00
1.979325056201025834e+00
1.688795522623922185e+00
1.525376282920771098e+00
1.831077271621963209e+00
1.548574458399475828e+00
1.267025668218066059e+00
1.371505955422176015e+00
1.299315051552060618e+00
1.365058318712258245e+00
1.504081564193723963e+00
1.552920866291704227e+00
1.374339406009823294e+00
1.376392623556083938e+00
1.811046174979500378e+00
1.714747314308708415e+00
2.046275924956546977e+00
1.961978240898474724e+00
1.615045877588731305e+00
1.297812344131661799e+00
1.520902134633434155e+00
1.749586670193830518e+00
1.706697579012343757e+00
1.603432465671088325e+00
1.296050317756791692e+00
1.619831814289185878e+00
1.569315423917478913e+00
1.270737280785999790e+00
1.431368865963620118e+00
1.223909577372330526e+00
1.676413352529209977e+00
1.762546626739565525e+00
2.281630327620654430e+00
2.160705606036995796e+00
2.262964250946013500e+00
1.864155523224819255e+00
2.342637443524857588e+00
2.125949434609766708e+00
2.375939158501515713e+00
2.019760399214060698e+00
2.288728573206781469e+00
2.141798465956946451e+00
2.142340855085732354e+00
1.948980012790205496e+00
2.150872237395623277e+00
2.442989241226027453e+00
2.520564093824328999e+00
2.006449931246714780e+00
1.577776785136242088e+00
1.973144874246519853e+00
1.282999622162261044e+00
1.866187108636254255e+00
2.204810214533089674e+00
2.206507158316673767e+00
1.933650747512498214e+00
1.405538159067323933e+00
1.421322813369250149e+00
1.675094647940011727e+00
1.628645419631836733e+00
1.681288671075445329e+00
1.581543668051030416e+00
1.380180071854283153e+00
1.474037083560236550e+00
1.218333888056732262e+00
1.267280222948985680e+00
1.272034787677987389e+00
1.423307227245564910e+00
1.393191238345687033e+00
1.644226369799182352e+00
1.865439447818665997e+00
2.132211031201007856e+00
1.989992772976421298e+00
2.000864206463519590e+00
2.393114094013525595e+00
2.260820166551288590e+00
2.353820684268505214e+00
2.220177376028036775e+00
1.590569090744666347e+00
1.825315481091856373e+00
1.963361261268545155e+00
1.573256195062362028e+00
1.738033992868585731e+00
1.737928334888556137e+00
1.765057522647871524e+00
1.367761998809981172e+00
1.433132120090024664e+00
1.231156572442041019e+00
1.479872694774080344e+00
1.816024601745932943e+00
1.665332666397087769e+00
1.827486645925770592e+00
1.691621534921943226e+00
1.903659481898329675e+00
1.705811318155395995e+00
1.491315795514251974e+00
1.710779278616283428e+00
1.742501564038007267e+00
1.790697461998118856e+00
1.882473631187912222e+00
1.575828443512384380e+00
1.369706626868018473e+00
1.412966885945435180e+00
1.666313450996996126e+00
1.561736850767483142e+00
1.677272068899465784e+00
1.512405654704734870e+00
1.199172809919085703e+00
1.425826404126148361e+00
1.402147197524156841e+00
1.887187476924333751e+00
2.115021522383754071e+00
1.853982970746899994e+00
1.789491296837282919e+00
1.830912480741321069e+00
1.551709595195801539e+00
1.419884101391391429e+00
1.618083357196905325e+00
2.307362836032563091e+00
2.320158306673600457e+00
2.581753959472434357e+00
2.251361922166540630e+00
1.880236184427958257e+00
1.705407194450621944e+00
1.595913389580653874e+00
1.407999109206064414e+00
1.600029690237801505e+00
1.385575110952777189e+00
1.348314614226231667e+00
1.044367034897066171e+00
1.221136229660283679e+00
1.374236510082884166e+00
1.251790856873348012e+00
1.439346367568825391e+00
1.464584264069693109e+00
1.633529544409418666e+00
1.943680168117892793e+00
2.032242541485624443e+00
1.643990532630076551e+00
1.780757330585281073e+00
1.675723161438109177e+00
1.609889256467523566e+00
1.877546652322314991e+00
1.579030519725264980e+00
1.782825278474585495e+00
1.822091152015559601e+00
1.767614882746919136e+00
1.663818595608493212e+00
1.900363933162869889e+00
1.950389802330510625e+00
1.835366466698591159e+00
1.807464924041689791e+00
1.597506144882061996e+00
1.746572188977959073e+00
1.910488761291197379e+00
2.120440350984487132e+00
2.030336494861957330e+00
1.958504652669824431e+00
1.828436365363812932e+00
1.866236020484932201e+00
2.130682645583490409e+00
1.872574727349130441e+00
1.917156914635639753e+00
1.593741454864079365e+00
1.516772246794094059e+00
1.582032970346448852e+00
1.680692577842943125e+00
1.368084761171647568e+00
1.772838478576388432e+00
1.874140839176861251e+00
2.234516760851959827e+00
2.261759989341081578e+00
2.035024981130487021e+00
2.074803666139244829e+00
1.778247880294064664e+00
1.877973162814741359e+00
1.927603242570609998e+00
1.314927584390065185e+00
1.707769381150270549e+00
1.422930224251817588e+00
1.845585759088389510e+00
1.526335444597093138e+00
2.064962769437867163e+00
1.897223644858710756e+00
2.023480545792560203e+00
1.832170051322134618e+00
1.755582698821626542e+00
1.621706218753986350e+00
1.597734266697492966e+00
1.706612377112723955e+00
1.671302796990910666e+00
1.831730593747503022e+00
1.929593354366628821e+00
1.739364490088664228e+00
1.576975673327510652e+00
1.259070372493117596e+00
1.782670945180551803e+00
1.927422146566109440e+00
1.699051840516092371e+00
1.262982562877088988e+00
1.604655622313871710e+00
1.560180573338789678e+00
1.769809926514535725e+00
1.762129980961417708e+00
1.984615927681016023e+00
2.389528560084387632e+00
2.529413762854951120e+00
2.645722656813328744e+00
2.432577434027410224e+00
2.037107924468331444e+00
2.029324719004327093e+00
1.789624259423165942e+00
1.582049748605153683e+00
1.489372480333367887e+00
1.709460913376853242e+00
1.719132165134388490e+00
1.349883943061052971e+00
1.266647575573923268e+00
1.600133899145458116e+00
1.772829257891885169e+00
1.951064850457306266e+00
1.847261860855820004e+00
2.165457829552384528e+00
1.826510397003151986e+00
1.742666689857562679e+00
2.002331026740264974e+00
1.668948571968370764e+00
1.787550066611038879e+00
1.791491485858334842e+00
1.259827542200332662e+00
1.435050463916863306e+00
1.692384622612277845e+00
1.653029588918057957e+00
1.349210849681749202e+00
1.350049816019626814e+00
1.227656621529440661e+00
1.390304784628618950e+00
1.310181527232347598e+00
1.978755968320413450e+00
1.783013556108685949e+00
1.789226148839631270e+00
2.084200635097215315e+00
2.170845669008026668e+00
1.613939678445400538e+00
1.495803529556775757e+00
1.772523718539305904e+00
2.228352985789955554e+00
1.984018455549904303e+00
2.404829510050283670e+00
2.216278917950179395e+00
2.247053482310748418e+00
1.977572522967351976e+00
2.114455695770638410e+00
2.168378532742692766e+00
2.292936588114216079e+00
2.016092844987102950e+00
2.012427014752417254e+00
2.367112834063110238e+00
1.728323927719610298e+00
1.391360059612315014e+00
1.452445288981203397e+00
1.530065913590197946e+00
1.858043456331678556e+00
1.760415258533535310e+00
1.289882182587821724e+00
1.294892421003312810e+00
1.386150865506507124e+00
1.462213186161345435e+00
1.184071619680884480e+00
1.581365606190267670e+00
1.746492147072220780e+00
1.944473724606978315e+00
1.877715261453219986e+00
2.062023080105906292e+00
1.894881137602061560e+00
1.937100970705892156e+00
1.664497466083238564e+00
1.344720172487769538e+00
1.462809817108438715e+00
1.972032189360252152e+00
1.923695789250480237e+00
1.949280400762332555e+00
1.905091310901015467e+00
1.884044795558511787e+00
1.957903374738445113e+00
2.380166912867271112e+00
2.259355251254352659e+00
1.948258098875342625e+00
1.876772448111514668e+00
1.837192942775416782e+00
2.155024219159817456e+00
2.401870230879814105e+00
2.534753604913519087e+00
2.506797178982200780e+00
2.152788132741593419e+00
2.152674662883382606e+00
2.271094339093143510e+00
2.092272172030436028e+00
1.991154608810066451e+00
2.017017055678100412e+00
1.797939658421028319e+00
1.543469267565777292e+00
1.584794356159574313e+00
1.295550523274275889e+00
1.365907409287517194e+00
1.531946761235714050e+00
1.225406178649424582e+00
1.495501850661075327e+00
1.725002925818440280e+00
1.716519739790639765e+00
1.507083810208525332e+00
1.309705191359641141e+00
1.269408062382876290e+00
1.323430798965882227e+00
1.451806298969304354e+00
1.461495640511777827e+00
1.551117088308280323e+00
1.319222016395061203e+00
1.428181193383674774e+00
1.538985911806370899e+00
1.634874157235378878e+00
1.617612386731438257e+00
1.878327843955366339e+00
1.745282553434380546e+00
1.473643938904705131e+00
2.078167505702403606e+00
2.183986059904606591e+00
1.599473192460057591e+00
1.307415013544128035e+00
1.368351506794175165e+00
1.868867730945820371e+00
1.534381323310316292e+00
1.991314894648716693e+00
1.869445022947383350e+00
2.064683066608836715e+00
1.807249435701128393e+00
1.574971043120550585e+00
1.879548256688692520e+00
1.752524227200541462e+00
1.700748366854334392e+00
1.646589871289144913e+00
1.818355773095426731e+00
1.830229080842685541e+00
2.040669100058952079e+00
1.692001164711196104e+00
1.652320777346561798e+00
1.727463995412000575e+00
1.821551164933468137e+00
1.663655048011391635e+00
1.437088453117248088e+00
1.443974498269234630e+00
1.323328610906226999e+00
1.266217219418096951e+00
1.369928210959707515e+00
1.390011632379982487e+00
1.265340018526122545e+00
1.784186317854024484e+00
1.677182267781998526e+00
1.900905698475730876e+00
1.539813461959132379e+00
1.663331932609459329e+00
1.353668941294847716e+00
1.224634207813299458e+00
1.504851158056439875e+00
1.487755297113388053e+00
1.602921292900576722e+00
1.711888408737774814e+00
1.968171537477740429e+00
2.247444648745274609e+00
2.131186782728876850e+00
2.108489120592084376e+00
2.014959062542937218e+00
2.003194375081378098e+00
2.115592750853017900e+00
1.723338730539735186e+00
1.486821517301246232e+00
1.415947864372129494e+00
1.585014189988183331e+00
1.974474993618891450e+00
1.918363632014129294e+00
1.741655161153906395e+00
1.658787978211232250e+00
1.465995422510223634e+00
1.289707247572549065e+00
1.376497373432210569e+00
1.772992392871737710e+00
1.492111628284563452e+00
1.894919063007105997e+00
1.539442369645127151e+00
1.644911762949101020e+00
1.554926242018361382e+00
1.913819589011884759e+00
2.369365930301508882e+00
2.292284816506949596e+00
2.678158479308882178e+00
2.517802552743367173e+00
2.528223734277796009e+00
2.381020719482121351e+00
2.397784766471035223e+00
2.118381519445723171e+00
2.179354412561854470e+00
1.880792884606081961e+00
1.720454237589189361e+00
1.708499310544450811e+00
1.599663336497241017e+00
1.315632647493429452e+00
1.640952120470823505e+00
1.558378204413320978e+00
1.283251197383982634e+00
1.342080946619267579e+00
1.400474286462135121e+00
1.310918156845530147e+00
1.185024120289474014e+00
1.128929697909930807e+00
1.682824216793214589e+00
1.367700449338902224e+00
1.479585408454129558e+00
1.547457254451014563e+00
1.491495414439777178e+00
1.425860095367794012e+00
1.735841945691085186e+00
1.744873560115216327e+00
1.413790818023768603e+00
1.417921727229281226e+00
1.121507650959981062e+00
9.690789059721640619e-01
1.028275693036920568e+00
1.393347433016725923e+00
1.181824238162676677e+00
1.599728904216326963e+00
1.915686207853217526e+00
1.473812853572877835e+00
1.679597655939835565e+00
1.754958865758531772e+00
1.865080553059678126e+00
1.998095121778498129e+00
2.103394952522124495e+00
1.788319865744041337e+00
1.858283535227299943e+00
1.960541107663342109e+00
2.418090300707865126e+00
2.400402473695667283e+00
2.460233599001693250e+00
1.865589639336902472e+00
1.914649390667157336e+00
2.106916812589533450e+00
1.553880888092549206e+00
1.620718024197695728e+00
1.613295891510116764e+00
1.681025593976183119e+00
1.928475450440982009e+00
1.437949390857763854e+00
1.034738355354149375e+00
1.555889819675304375e+00
1.139908286281474226e+00
1.702989639432920699e+00
2.011240412269035271e+00
1.697793725430635892e+00
1.753565625992133281e+00
1.475087289840607774e+00
1.657925944194313050e+00
1.807876266418852573e+00
1.777296943167900878e+00
1.556492076757563403e+00
1.900338660550302539e+00
1.938511295893738495e+00
1.539555337610580166e+00
1.311790184631746126e+00
2.178316784301591369e+00
2.061818472961575832e+00
1.911107543520494279e+00
1.682979727781176438e+00
1.611863797597274273e+00
1.295736661843031712e+00
1.634030268501046157e+00
2.192689646678498860e+00
2.105084751533039533e+00
1.591110434542559737e+00
1.751835326535604143e+00
1.622435498828845413e+00
1.790128403680145475e+00
2.146252693475467321e+00
2.180855105143480799e+00
2.063972147010465719e+00
1.720519559402069021e+00
1.811944362404034115e+00
1.695921254428650604e+00
1.775640786834961293e+00
1.834270436259546777e+00
1.897814593730083876e+00
1.884007939898981299e+00
1.970353954553546449e+00
1.467965168523895692e+00
1.275764841941017469e+00
1.587502428469320437e+00
1.981805473989685984e+00
2.338347730135124092e+00
2.130690168614767011e+00
2.325145652936536411e+00
2.287884026219880518e+00
2.353611107638051703e+00
2.291432546804545556e+00
2.075662480186327485e+00
2.121587585125158437e+00
1.994042952987930439e+00
1.822261018634069529e+00
1.623277957512758718e+00
1.498966290563712001e+00
1.644359622766205620e+00
1.662433999687465080e+00
1.961686211524790169e+00
2.567042752127070226e+00
2.139246972459298402e+00
2.326861822445271955e+00
2.115104876801500833e+00
2.033235796800706208e+00
2.034339259056285432e+00
2.426297077011883463e+00
2.370927939986939847e+00
1.785144631088090739e+00
1.670238424011118106e+00
1.029099569761226407e+00
1.047257246716219115e+00
1.162318779583438211e+00
1.427617841062724935e+00
1.895881176198320306e+00
1.895609119048624169e+00
2.107603781100047868e+00
1.700592421682594058e+00
1.875728988412270759e+00
1.765576667394675781e+00
1.938646884805335979e+00
1.524684457229261936e+00
1.424815106871395454e+00
1.177373142783254112e+00
1.572869123524803348e+00
1.725948706136736455e+00
2.125381902433303605e+00
2.722662537813535621e+00
2.590535510391847041e+00
2.309509327295553138e+00
2.112531279249090232e+00
2.279568620671327039e+00
2.282071437736457042e+00
2.061388569228110423e+00
2.028221344334702803e+00
1.671675397743653368e+00
1.698988072007095340e+00
1.770655130727650572e+00
1.940925464179898974e+00
1.997340479841339222e+00
1.934252525994212490e+00
2.494221035408318077e+00
2.494414370179462104e+00
1.953673210570761931e+00
2.133111940413992436e+00
2.509945810784969034e+00
2.406397902380060128e+00
2.369662919862168593e+00
2.569163217206181571e+00
2.491240273855412468e+00
2.182961871765801032e+00
1.912757093658042251e+00
1.593120930834382998e+00
1.475909340175034945e+00
1.428258000899562896e+00
1.433038760978111892e+00
1.392203557082073662e+00
1.340700439473758054e+00
1.257936664738856791e+00
1.164458272590515042e+00
1.274222202485540079e+00
1.232876224458841374e+00
1.105055942911665090e+00
9.994206439184435409e-01
1.184844847527208644e+00
1.286554889539539115e+00
1.784710599906156547e+00
1.831532913832273124e+00
1.726582191035585412e+00
1.600388863794979022e+00
1.853163711500000366e+00
1.559092500843960671e+00
1.483313638956855973e+00
1.821540999127230442e+00
1.580611242252170090e+00
1.786224130326225623e+00
1.963267751361245317e+00
1.103341479821094762e+00
1.616941579172918031e+00
1.538798167411181694e+00
1.204354559662638380e+00
9.677573954272903345e-01
1.038301510430092778e+00
1.103004141591316767e+00
1.015327981151146197e+00
1.287686085681970294e+00
1.214266316722761418e+00
1.583302197674243184e+00
1.430587596527293393e+00
1.325572551405912458e+00
1.127982556672072922e+00
1.174094146640999758e+00
1.349812836294451035e+00
1.373635679538951493e+00
1.647163562285485217e+00
1.842729340716382058e+00
1.647914194810395250e+00
1.341481717613838276e+00
1.519865453444850800e+00
1.369312337794342582e+00
1.063930841036401453e+00
1.291742480220086087e+00
1.693563425630819186e+00
1.962303424835149634e+00
2.313940722268280847e+00
2.178695077572937677e+00
2.378767496821714733e+00
2.185260146055701735e+00
2.422398496149629210e+00
2.802914135143112162e+00
2.753067330769257914e+00
2.355134151969937140e+00
1.924099309954900860e+00
1.610300010589467590e+00
1.504406587284130126e+00
1.603972407445413584e+00
2.040364925859445844e+00
2.020849126857708900e+00
1.690605205851500203e+00
1.621753630820645498e+00
1.869077329456095171e+00
2.293008277009191964e+00
2.200396870982943565e+00
2.633502239721432492e+00
2.115310801195813273e+00
1.331861737576384819e+00
1.441093745576484064e+00
1.807056808079444910e+00
1.892550039036253740e+00
1.809724311058737545e+00
1.724603941814548014e+00
1.768692995885249530e+00
1.306880504166594070e+00
1.290367543314190790e+00
1.394061294498857295e+00
1.431264966541156536e+00
1.533491695625742279e+00
1.443044426319282314e+00
1.455122709426784011e+00
1.852355503847356477e+00
1.561839314130193834e+00
1.626996613208459230e+00
1.392072305463385895e+00
1.202440454032184691e+00
1.435498799592308083e+00
1.088857045664390011e+00
1.320386811255287007e+00
1.592086754616673483e+00
1.547936073659610168e+00
2.020026493062397233e+00
2.184230775298808602e+00
1.815625669323617464e+00
1.825326627871872276e+00
1.627499235874148686e+00
1.997946732166175243e+00
1.679340684834680575e+00
1.232653310680229319e+00
1.391788490024733704e+00
1.336858800328286412e+00
1.706712079644465252e+00
1.601237242838468022e+00
1.639917833854492635e+00
1.909358079905549177e+00
1.688923377792151514e+00
1.978475482393006191e+00
2.091636353538580462e+00
1.992797122076628291e+00
1.773724224195898591e+00
1.126343007153016273e+00
1.292282031051213531e+00
1.364688735996420377e+00
1.056643024441194623e+00
1.302445867748628361e+00
1.113604756558273845e+00
1.230889930997646653e+00
1.085768938471797229e+00
1.136502799157643961e+00
1.373755104830703289e+00
1.458502303767627684e+00
1.386787352290760333e+00
1.304203256886659057e+00
1.257603626210946679e+00
1.066469586557079241e+00
1.142657310854768848e+00
1.150920727564517465e+00
1.255913325138465098e+00
1.538943217142565212e+00
1.820349213465435101e+00
1.847637349066072021e+00
1.726633473102842320e+00
1.974243681865065714e+00
1.736810462605998140e+00
1.567469939628465037e+00
1.496052123646313792e+00
1.261208496501100340e+00
1.676386736171368019e+00
1.688581388828898966e+00
1.672561450361743640e+00
1.873948270442428399e+00
1.725109114634025831e+00
1.588569049463002480e+00
1.528050895572339751e+00
1.328644369057360830e+00
9.576277459962618810e-01
1.120332762400508164e+00
1.426875206870156898e+00
1.510317816784245482e+00
1.376396611368281286e+00
1.625648103503570585e+00
1.647933754822546781e+00
1.814820655479816969e+00
1.876823759542207259e+00
1.790285154230211617e+00
1.959195357613009669e+00
1.818543327631466200e+00
1.743174273400439844e+00
1.810331970359153164e+00
1.625095433111523935e+00
1.695910979951241959e+00
1.512705100907777211e+00
1.409428828463852312e+00
1.170367203109389242e+00
1.532139689919621794e+00
1.513657150990046274e+00
1.501870561641225121e+00
1.499550854450427018e+00
1.623536811291084181e+00
1.754310773285287839e+00
1.496492634655125276e+00
1.553791465211079137e+00
1.203263238728551121e+00
1.572491046326853326e+00
1.421972230872548870e+00
1.558307137488585736e+00
1.552690093426924989e+00
1.094222355248708922e+00
1.116244502431259722e+00
1.396915502034346446e+00
1.709861357332337128e+00
1.364625576482069391e+00
1.443331636365041915e+00
1.519065570680963040e+00
1.270124493234645158e+00
1.672932017723209874e+00
1.789966654906462340e+00
1.397866329889557946e+00
1.791994683385148113e+00
1.991397243627523572e+00
2.190614714396492690e+00
1.772300122580957593e+00
1.838659861598432643e+00
1.678275248188310087e+00
1.614153968372993520e+00
1.304858197143847098e+00
1.641734269948696978e+00
1.542386745826535233e+00
1.663332210737177519e+00
1.506668969906482580e+00
1.086856566274079006e+00
1.209335039233482512e+00
1.533347778462978761e+00
1.266700407718849064e+00
1.496554202031910918e+00
1.570723287030034054e+00
1.643778259474216741e+00
1.654753680610406619e+00
1.243329647949103167e+00
1.355466746439435433e+00
1.414155226200686677e+00
1.351757160468896712e+00
1.437538117104731006e+00
1.418329491249481933e+00
1.384702445436528429e+00
1.146598104009876939e+00
1.454263780558628039e+00
1.329462132204267011e+00
1.697449822299901712e+00
1.366589363656652178e+00
1.361446842432821214e+00
1.431106638084473248e+00
1.221999045458909583e+00
1.220657396461729327e+00
1.260881902248641939e+00
1.357948298825881750e+00
1.283140729321475604e+00
1.154018730721191766e+00
1.210875071208708853e+00
1.294931080793651157e+00
1.474150484413450979e+00
1.435196391639780744e+00
1.686158122390590597e+00
1.667100523515088417e+00
1.328281907428610742e+00
1.677935709359483329e+00
1.867831883401150028e+00
1.661577202844479517e+00
2.051767453225345594e+00
1.812053458513787962e+00
2.322042227301662987e+00
2.461863236410819056e+00
2.367207115922183913e+00
2.540367607006479123e+00
2.082636199342098760e+00
2.099385945620109606e+00
1.722953527430358678e+00
1.834911274888505250e+00
1.578440190510258523e+00
1.633129462748960981e+00
1.503490002048461172e+00
1.443700480532141839e+00
1.562245128877955525e+00
1.367812083713174198e+00
1.631983869817778432e+00
1.579979709095820084e+00
1.561131945188532377e+00
1.793421480393105227e+00
1.377648868386038394e+00
1.598187707907742672e+00
1.473411044506389489e+00
1.551545035955502527e+00
1.880491749464898055e+00
1.835556553527651680e+00
1.970502694355008133e+00
1.911985280133598808e+00
1.781028139942612887e+00
1.805065593841388427e+00
1.917848165113065662e+00
1.821978277373634603e+00
1.458765354592778785e+00
1.451908239052104310e+00
1.549293740156650889e+00
1.588384190433850485e+00
1.477246347455253739e+00
1.359308972479265520e+00
1.336144883746982703e+00
1.357921835063252480e+00
1.416632125718352730e+00
1.315376612230554798e+00
1.430441029884537807e+00
1.553861858041855948e+00
1.629647876105881910e+00
1.513431732896472592e+00
1.641540254719931813e+00
1.501768929167829114e+00
1.585627940695847116e+00
1.751297146616482170e+00
1.881285268925744880e+00
1.801374263258549879e+00
2.313510861038691857e+00
2.032556190510239613e+00
1.984115330372417718e+00
1.622323947242254594e+00
1.446596584537838570e+00
1.614150484545245012e+00
1.841757921491633754e+00
1.597601955171182198e+00
1.503867746036219977e+00
1.315781095057502625e+00
1.204158216361125966e+00
1.263630087734521679e+00
1.507043247309875378e+00
1.381037638864677675e+00
9.810162949253098397e-01
9.977607318863042085e-01
1.097672614288294657e+00
1.433908446293512995e+00
1.405336701271643340e+00
1.175057908302287180e+00
1.677491351841072120e+00
1.769206272674330727e+00
1.983843410282603692e+00
1.837386174424515906e+00
1.589180285373759549e+00
1.515523602604966547e+00
1.551846784565405146e+00
1.408713080005582929e+00
1.488557782600814505e+00
1.368416820391260558e+00
1.285928958161942193e+00
1.352720805599421317e+00
1.328050965234133241e+00
1.439710936373878702e+00
1.288222190446308257e+00
1.450362386545731574e+00
1.469081401687781119e+00
1.320449323618102300e+00
1.559472035784790656e+00
1.495873318591704582e+00
1.276657998315681608e+00
1.713268663940630931e+00
1.607255796580270291e+00
1.933166571977317449e+00
1.540791979341142870e+00
2.045690844943348630e+00
1.826326021655164000e+00
1.759018620450529147e+00
1.945672424896538688e+00
1.589546828421733782e+00
1.460750736868521082e+00
1.510804300679561063e+00
1.479250364098285475e+00
1.471537381338977823e+00
1.808757956984569093e+00
1.421616481685730626e+00
1.510934987517832839e+00
2.057381444230037104e+00
2.144085091843634938e+00
1.844931743164189841e+00
1.676399683201599267e+00
1.952831306118106625e+00
1.984350408127825816e+00
1.471972930792748935e+00
1.543549746937998401e+00
1.558140853936580861e+00
1.594734793115726967e+00
1.884070656767951490e+00
1.990672556261077863e+00
2.182707423891344423e+00
1.762404122882793578e+00
1.507334100211317640e+00
1.678225375447270240e+00
1.926420988762603592e+00
2.126900408772506079e+00
1.644542666223219873e+00
1.594271048092949394e+00
1.805768672544560083e+00
1.093029413025595309e+00
1.050608403533457524e+00
1.197310214838579245e+00
1.232877300301465695e+00
1.172507221251464449e+00
1.555443369637896422e+00
1.433597078866765129e+00
1.392062747841906978e+00
1.506310990810963091e+00
1.854049863150130539e+00
1.657888271699936800e+00
1.687473040523719936e+00
1.444448989010046702e+00
1.499339148075730321e+00
1.832194054468257338e+00
1.714633757666077063e+00
1.967323869449545626e+00
2.156497703032448587e+00
1.761352240909016764e+00
1.897647961671450112e+00
1.996797466599623760e+00
1.939300961347404373e+00
2.078391785231564537e+00
2.112453334760106216e+00
1.708596820613845768e+00
1.676260293189516304e+00
1.783212893693928436e+00
1.620131350371630807e+00
1.447995110381197215e+00
1.619075248390507760e+00
1.420052230346286137e+00
1.476139269869572557e+00
1.718860964255365609e+00
1.629579820998182660e+00
1.986378865091626311e+00
1.699240978706044958e+00
1.947622064229598271e+00
2.105396748001321594e+00
1.500516697142262768e+00
1.488915473761670105e+00
1.408383235503213537e+00
1.422623987851027616e+00
1.414996231574555452e+00
1.383400944395825505e+00
1.374501022170571796e+00
1.239194563104982549e+00
1.368027834952341149e+00
1.180693498688888621e+00
1.316618467815303006e+00
1.142847757340108350e+00
1.300187833403770199e+00
1.588625099780823335e+00
1.322203368255640665e+00
1.603750440665117738e+00
1.784615617046553915e+00
1.452374219374408026e+00
1.411458089442158448e+00
1.362193147330732934e+00
1.327222335109718765e+00
1.315530222528690230e+00
1.260023047057092782e+00
1.668216732944164171e+00
1.346117767331871384e+00
1.681211422325033844e+00
1.656211740621914563e+00
1.753874023594191200e+00
1.702769980810193928e+00
1.561830922994552617e+00
1.673310392950429382e+00
1.585515133145491973e+00
1.566710373242728771e+00
1.479600518621310812e+00
1.545839668050220217e+00
1.578982235011460178e+00
1.364971592208670037e+00
1.307956936046664520e+00
1.773893430514102976e+00
1.604289891995091644e+00
1.788373753058272175e+00
1.443662573586518949e+00
2.051635874075355748e+00
1.993636166400656551e+00
1.917778444493949408e+00
1.889713972663614072e+00
1.778460369668200869e+00
1.709711530243837929e+00
1.515885917511007541e+00
1.408068198664437221e+00
1.541305193695106546e+00
1.836598082629176565e+00
1.748368531008350546e+00
1.631754479738214414e+00
1.677349573186696974e+00
1.937085979901079558e+00
2.148057060066682400e+00
1.950672249210116505e+00
1.586160859268926693e+00
1.815982227977420926e+00
1.816512942995863966e+00
1.700538749343310174e+00
1.399711483578866655e+00
1.826918080163362212e+00
1.561555385537400475e+00
1.405460125701988527e+00
1.501943012863114602e+00
1.590366074094073712e+00
1.689074704805905824e+00
1.810386019441867278e+00
1.744500534651421519e+00
1.386793835853215473e+00
1.624020219194987291e+00
1.572016769111447054e+00
1.900986145261106985e+00
1.971601383082390413e+00
1.936473705747931762e+00
1.608943826530532695e+00
1.796750296419132198e+00
1.769618054427345655e+00
1.446349175874518611e+00
1.291554941556221303e+00
1.426702788570092473e+00
1.395956364113144277e+00
1.331107894445536566e+00
1.090904648704829283e+00
1.066562958740481681e+00
1.069163025871808337e+00
1.260368962395425729e+00
1.388405240387738715e+00
1.141776220885815096e+00
1.444936021953321159e+00
1.542130159244804233e+00
1.467138959907229978e+00
1.642872583253605967e+00
1.602760731323490617e+00
1.689187074336258920e+00
1.909717703651391929e+00
2.342369141184059256e+00
1.873786730857110561e+00
1.781859665542409266e+00
1.710184071564728292e+00
1.771564818633657667e+00
1.612406738296458419e+00
1.573549365156770463e+00
1.463460538293261060e+00
1.456506432451634581e+00
1.863589383020411105e+00
1.902872391208446423e+00
1.611076896002321179e+00
1.516855256745668790e+00
1.572084156975092739e+00
1.920769738460555320e+00
1.911336064983305327e+00
1.747147644365755426e+00
1.596643087231779834e+00
1.439116717692678238e+00
1.232378349568042042e+00
1.416577393301187149e+00
1.397191645496736578e+00
1.230046538100024733e+00
1.374276521539425699e+00
1.291938233565729677e+00
1.605100341038441236e+00
1.253076015306355817e+00
1.341834175108567839e+00
1.306544270419660370e+00
1.340396154211397350e+00
1.308706930812465252e+00
1.517725495154717441e+00
1.609818987668599100e+00
1.395567911792118254e+00
1.296985103415156715e+00
1.382752526054797926e+00
1.404828513951626112e+00
1.693321092602561029e+00
1.320546901225777114e+00
1.442521863641204494e+00
1.128438634606239388e+00
9.341261665352011967e-01
1.097976606186446213e+00
1.551973310912575510e+00
1.709096644678500754e+00
2.026626570114258286e+00
2.265472106457263823e+00
2.022383884834276113e+00
2.211432133874417172e+00
2.146159909623898354e+00
2.138211614311120723e+00
2.217155577937286459e+00
2.233120284724738891e+00
2.034146694765814889e+00
2.047740378797152427e+00
2.109821942292627206e+00
1.715428442302476375e+00
1.459147956959764514e+00
1.568629276798463756e+00
1.605663084891847392e+00
1.844715902742706692e+00
2.469808428307878501e+00
2.543518036650970870e+00
2.403863249691397641e+00
1.939055057733582998e+00
1.965797773541315907e+00
1.744593903135171153e+00
1.659435000322265985e+00
1.587769884417976396e+00
1.520810880309833246e+00
1.471452473729984112e+00
1.662847391266967456e+00
1.813730326268436999e+00
1.441673733301022553e+00
1.395045315311332690e+00
1.239666444086791053e+00
1.058638313329275160e+00
1.300282280742121932e+00
1.199064556089618261e+00
1.443995594236865410e+00
1.566775479571400620e+00
1.549614176105761354e+00
1.645598072664188116e+00
1.981236672884841843e+00
2.343063476601726425e+00
2.374723946961746268e+00
1.789754122944326342e+00
1.348267846420542426e+00
1.482310525822387870e+00
1.640293379991830225e+00
1.266526311992487219e+00
1.283893155917317896e+00
1.196125475617445977e+00
1.080802827131584820e+00
1.265740005733056117e+00
1.921249373356603618e+00
1.786705401832634044e+00
2.022647123090665300e+00
2.009993320434434239e+00
1.879858140043150216e+00
1.398042948196685620e+00
1.355256680243066114e+00
1.464524084519227776e+00
1.682543565586461343e+00
1.801726283792558725e+00
1.354767043634533596e+00
1.116826494895481359e+00
1.125137956599212563e+00
1.374681325086107631e+00
1.288042655918037127e+00
1.054005444623391519e+00
1.154776327430259153e+00
1.261038980137929366e+00
1.295939988683802113e+00
1.376168388975508305e+00
1.450667160743621231e+00
1.431636687573574207e+00
1.407292795190620671e+00
1.219634961191804923e+00
1.196079245029312732e+00
1.177370187248283351e+00
1.332218804328688000e+00
1.326249057093323636e+00
1.220281081009480406e+00
1.178767486075718907e+00
1.344622155296953725e+00
1.303097052522192101e+00
1.287177143062819162e+00
1.049672469823882626e+00
1.181861043553003254e+00
1.176081103902827829e+00
1.010327276622280168e+00
1.172904621835703987e+00
1.305780805277378276e+00
1.270131574052098422e+00
1.271326208163928939e+00
1.119812313145119642e+00
1.073829949361069902e+00
1.281478791124596173e+00
1.304726515460380210e+00
1.326604271593727624e+00
1.505853291232106095e+00
1.422871897788775541e+00
1.466487010822733916e+00
1.692896462651311884e+00
1.831572601649884779e+00
1.428699528694796994e+00
1.366524620498532849e+00
1.328531987285348714e+00
1.482966293177344408e+00
1.676401516509238299e+00
1.378831784866152432e+00
1.573170786721991066e+00
1.600648721861560819e+00
1.745501412516826223e+00
2.098945555078893133e+00
1.641603331303611801e+00
1.751643759726595251e+00
1.583997527415860640e+00
1.551099864931078542e+00
1.778512647993224283e+00
1.639435407169287151e+00
1.569458634836306876e+00
2.069730150012641712e+00
1.933057609847106839e+00
1.907159589800517141e+00
2.349024655588797472e+00
2.044364607791590238e+00
2.012311909123229547e+00
2.168321995458595719e+00
1.972633262860089776e+00
1.828026059971465500e+00
2.358568420343495120e+00
2.168015449764599811e+00
2.315265865771165998e+00
2.175968916438560719e+00
2.405318070402895358e+00
2.730187395152190888e+00
2.348468323513281941e+00
2.001339158982083255e+00
2.123697114164053268e+00
2.061326439695805757e+00
2.318021473650938358e+00
2.015826712085951655e+00
2.214353665960187012e+00
2.155721967623965618e+00
2.303377133462983561e+00
2.503066005745707034e+00
2.200118986348941430e+00
2.052346825295156219e+00
1.881600565869805841e+00
1.689803931810233140e+00
1.352711155051853353e+00
1.340740507848480867e+00
1.257083255477288164e+00
1.551344116221783143e+00
1.535200966106121001e+00
1.704694310939071533e+00
1.824776464429819001e+00
2.042667403839495854e+00
2.003497367592166789e+00
1.433000805304527558e+00
1.358966000407549446e+00
1.166560175582002312e+00
1.221154310602667215e+00
1.225917352138560013e+00
1.229073735590200833e+00
1.407361234929874305e+00
1.590214227333367702e+00
1.491445391813698507e+00
1.939394071782185369e+00
1.990397132432577099e+00
1.869455921716786539e+00
1.717718951637756675e+00
1.569158951116789158e+00
1.481903377639428143e+00
1.266140542709507821e+00
1.533427885524925260e+00
1.774164213351107966e+00
1.464355325685287701e+00
1.674862684375040267e+00
1.786718684598825879e+00
1.557661138597008943e+00
1.550503652008838662e+00
1.791457263215166407e+00
2.022217357020703155e+00
2.115671785648150838e+00
2.015300208835812512e+00
1.733155007604883835e+00
1.476092568133259064e+00
1.511511148547771910e+00
1.952072178072703723e+00
2.200608768934797066e+00
1.893419728734371921e+00
1.773092889435189168e+00
1.595568042512772067e+00
1.355344297984292234e+00
1.108452921091314547e+00
1.360199833494416310e+00
1.213939049087519706e+00
1.193781352335765877e+00
1.081347044913925748e+00
1.056343112882495605e+00
9.360791042203508994e-01
1.094447406481684704e+00
1.077325271304369059e+00
1.172257062291832908e+00
1.246354905620859155e+00
1.289146915775350122e+00
1.451289073513294392e+00
1.623150919047517293e+00
1.517893175296043173e+00
1.671866028243501834e+00
1.791686783965327212e+00
1.424009582104284410e+00
1.796622035545167639e+00
1.531035986162237794e+00
1.197244761122590928e+00
1.396212825046720951e+00
1.499492917951126714e+00
1.500395969919141592e+00
1.296684507754892524e+00
1.454648014615440577e+00
1.780644678780277879e+00
2.026684224793733335e+00
1.728028730048449368e+00
1.595863139545408593e+00
2.185829962547740646e+00
1.997848738112512512e+00
1.942233182820869208e+00
2.207431599891229279e+00
1.635219536211830915e+00
1.801823109605490192e+00
1.619997924841960923e+00
1.668929409237811301e+00
1.653996110964053745e+00
1.388391035801182172e+00
1.387913480469869398e+00
1.634557829073615798e+00
1.523455227566066883e+00
2.122539825342627307e+00
2.531782935350875618e+00
2.330708938250971585e+00
2.141548702851065578e+00
2.144359646045439050e+00
1.934926132290677891e+00
2.299562942492683337e+00
2.109566397158808559e+00
1.925794835545533434e+00
2.187328888657073200e+00
1.663369080794815602e+00
1.300959123833553832e+00
1.558577494253262863e+00
1.809013624572706647e+00
1.755679656205739292e+00
1.716428578826741713e+00
2.055438680244932037e+00
1.928047213831297402e+00
1.703254499919230724e+00
1.729762824455721715e+00
1.456851562891715135e+00
1.200568526624939514e+00
1.152517324119260556e+00
1.493666359369704599e+00
1.382951114057932029e+00
1.236387709805786272e+00
1.461247083754819043e+00
1.495458586419800007e+00
1.740089477427233522e+00
1.638158987287292589e+00
1.565374775641487526e+00
1.491696288215643262e+00
1.159153427547911841e+00
1.560329794182449881e+00
1.653720392830445363e+00
1.864590497784946566e+00
1.897789554351656527e+00
1.970129655326077867e+00
2.113237395518411166e+00
1.789770097623824885e+00
1.626759585288285237e+00
1.703573139406145520e+00
1.573217604682849657e+00
1.587174655200374040e+00
1.757600214379866799e+00
1.819303689245405087e+00
1.930367636370586171e+00
2.381625605415778946e+00
1.966730474602954137e+00
1.391807588877956192e+00
1.316249876532492813e+00
1.326184269293052109e+00
1.467822491942150753e+00
1.577360911676715327e+00
1.797542864926116479e+00
1.891638451704685142e+00
2.187768843719100520e+00
1.846396019326117299e+00
1.873517184965278082e+00
1.456777013380933905e+00
1.364248932026632444e+00
1.507456256649691184e+00
1.412168501574419199e+00
1.488611581196652933e+00
1.704501164755192200e+00
1.527898111937436632e+00
1.494552108959822601e+00
1.541918177383630795e+00
1.079034422529198345e+00
1.079531909549279689e+00
1.183088610980683741e+00
1.461733427350347503e+00
1.482497353618293046e+00
1.494292377112944603e+00
1.352785507562153100e+00
1.683325745203975821e+00
1.701020054394967396e+00
2.050944559203693895e+00
1.813920941820650556e+00
1.842875900746680173e+00
2.105165673989172870e+00
1.976163112180485903e+00
2.104253875995236722e+00
2.013965263936840611e+00
1.829604360739304214e+00
1.806749639886218617e+00
1.505192704060143161e+00
1.509540348863421810e+00
1.644576055748148580e+00
1.695641828494625969e+00
1.453079350237840295e+00
1.277007505096291240e+00
1.138228788106288025e+00
1.070917215793370181e+00
1.432695042844419842e+00
1.257233361289658014e+00
1.341700209218594342e+00
1.383935764804287594e+00
1.803973338818424033e+00
1.454385337309895387e+00
1.837994660282814996e+00
2.146090301115922028e+00
2.067090782106255631e+00
1.913001766632276501e+00
1.202616845334933071e+00
1.303461487308472444e+00
1.875497204598461920e+00
2.118790129858529436e+00
2.007772092091127725e+00
2.223622499680837361e+00
1.784157493634594083e+00
1.450151808203445469e+00
1.683118408831553170e+00
1.981127369909974067e+00
1.996955163794043919e+00
2.339359488059158831e+00
2.112593391852624514e+00
2.302503232988360349e+00
1.905803797708200964e+00
2.069510016776463956e+00
2.167800303759510161e+00
1.866978477130948555e+00
1.995096153346227030e+00
1.995650627344586869e+00
2.126467824982033239e+00
2.006379225347935780e+00
1.738019002288154757e+00
1.508034681847356673e+00
1.824066611042727049e+00
1.838488674206151474e+00
1.460713776636977101e+00
1.715334512104422338e+00
1.595713355422831325e+00
1.401109139507020096e+00
1.635367859146220404e+00
1.788369947579762531e+00
2.080245144456292383e+00
1.744661335716291894e+00
1.602882183719656073e+00
1.334560624993485156e+00
1.486064503065136488e+00
1.113504851030436837e+00
1.421487035555564438e+00
1.738145615051657433e+00
2.128395327505865353e+00
2.115481790737258283e+00
1.876036802959128558e+00
1.656394925760238834e+00
1.298228482663600580e+00
1.593445874906281423e+00
1.171449434370331888e+00
1.347670757004251207e+00
1.188527206614396592e+00
1.044781530266608582e+00
1.324682463452115933e+00
1.218693003232196537e+00
1.334289320184979699e+00
1.604012490122834977e+00
1.263984032642537558e+00
1.461537563108611604e+00
1.435109147105031013e+00
1.506285815665063588e+00
1.486146842576346438e+00
1.646262762425658721e+00
1.971217203051327083e+00
1.933263351115625639e+00
1.914912068346497520e+00
1.661053005651225822e+00
2.084483952156490183e+00
2.152271318689852109e+00
2.137866925083994563e+00
2.097929091910595290e+00
1.718442866153962800e+00
1.920985981804625542e+00
2.021972917054342567e+00
1.737955534954160441e+00
1.968903929442015643e+00
1.745215664277234957e+00
2.172371456743483087e+00
2.180384517241092723e+00
2.329322075312892704e+00
2.269720745015752605e+00
2.153467140240401534e+00
1.977930736893371177e+00
2.161319592265528833e+00
2.222125551452932779e+00
2.030520341288564623e+00
2.184716718295102833e+00
2.013906702561103490e+00
2.135937976869032084e+00
2.158002158281331795e+00
2.332335607799064459e+00
2.087200646190862319e+00
2.020048507453653386e+00
1.775784518946696977e+00
1.876967783732980344e+00
1.538552337622756339e+00
1.438064864517377028e+00
1.216004748606366315e+00
1.417576925814805655e+00
1.654586497526680411e+00
1.370239382367909764e+00
1.375653979382092551e+00
1.554189175985838611e+00
1.511294767585011911e+00
2.166361052807983967e+00
2.048066557065185478e+00
1.981341328867324947e+00
1.645904806531260256e+00
1.406693125899838082e+00
1.728589541807109997e+00
1.986257548222744251e+00
1.761050616616777864e+00
1.712455258546214498e+00
1.667010286410144593e+00
1.694794189561318110e+00
2.138273572528402777e+00
2.169787170663409093e+00
2.038608420216897255e+00
1.679704553049483851e+00
1.809495692319985416e+00
1.760176474123895218e+00
2.006342192629606114e+00
1.818299053687301825e+00
1.491894808130217243e+00
1.437082900373756633e+00
1.726581548837781810e+00
1.351818305997309899e+00
1.562234185089941718e+00
1.663070360912277668e+00
2.035696726201405848e+00
1.714363405813700725e+00
2.332095110188715292e+00
2.133999494390969698e+00
2.149630013566967701e+00
2.391611239039046488e+00
1.698534410499186409e+00
1.763051317784686489e+00
1.981162845778611459e+00
2.020174975565750763e+00
1.524015619402199206e+00
1.241881860365294132e+00
1.231941820183966918e+00
1.316506315692931972e+00
1.131220603991025753e+00
1.424925670563804703e+00
1.729986159477750363e+00
2.229087815712309517e+00
1.923733880888827130e+00
1.651542100591189666e+00
1.382810692806210717e+00
1.293515086332401642e+00
1.799162060254814399e+00
1.840985060503041115e+00
2.077777221595388024e+00
2.017961844378983738e+00
2.410775082242119893e+00
2.191317253477611526e+00
2.183668503873186673e+00
2.409534082190805560e+00
2.094965437431133282e+00
2.109984268008261221e+00
1.627509957960489251e+00
2.236134573333147468e+00
1.488375188409850836e+00
2.011550611348796647e+00
1.974780000584797079e+00
2.065564359727042554e+00
2.345920967165432636e+00
2.526805264049378330e+00
2.606777317213203826e+00
1.913480080728352961e+00
1.759224125667399719e+00
1.435005256798255191e+00
1.762778073448895144e+00
1.606079353626990613e+00
1.671502333052236500e+00
1.654074064120357734e+00
1.654468850610142816e+00
1.820690249948492045e+00
1.687973405806685312e+00
1.899885591877584545e+00
1.614928112829968843e+00
1.587855538784491261e+00
1.817756623570489838e+00
1.970448171106025104e+00
2.049984107887545370e+00
1.912199634128988635e+00
2.132489633435166176e+00
2.499192140515189564e+00
2.377830932663632435e+00
2.392526183184648492e+00
2.543440362478185612e+00
2.364544330266658889e+00
2.204463515737565160e+00
2.045555289840880864e+00
2.538546632355020538e+00
2.295780914922029847e+00
1.905728783914317326e+00
2.083148356642047450e+00
2.091605678702144644e+00
1.712852808322841369e+00
2.045653027662742485e+00
2.063265634572215568e+00
1.723682070910905084e+00
1.677735383927378088e+00
1.737728577686479259e+00
1.793338907606550015e+00
1.617918181627930441e+00
1.732968441971859397e+00
1.310038464124847479e+00
1.344514395976145860e+00
1.807037978976092418e+00
1.595203879458111373e+00
1.504038978303286367e+00
1.659061278365426606e+00
1.474693491879616847e+00
1.158774334524979244e+00
1.356844553015027044e+00
1.289764758901862374e+00
1.314376749954136558e+00
1.820736457455679691e+00
1.525291967914368385e+00
1.601668477809266466e+00
1.606637339366804529e+00
1.360959306076710007e+00
1.418143373540343255e+00
1.716352997220001342e+00
1.528681886357027508e+00
1.711062635106025631e+00
1.639110002746159145e+00
1.395493307209860756e+00
1.485833671906418463e+00
1.955259972299916882e+00
1.607071020058289168e+00
1.265729665246930757e+00
1.237553141979896854e+00
1.276944724560617139e+00
1.026810719286478601e+00
1.322355053833337957e+00
1.021276234176293318e+00
1.101596557338949234e+00
1.296175512135867791e+00
1.544790401478951525e+00
1.341974749186566562e+00
1.509447974150027738e+00
1.615452908620319539e+00
1.499137512208661427e+00
1.418597713460538090e+00
1.331544128370744318e+00
1.405843013970146549e+00
1.389199833442587906e+00
1.607619129962932325e+00
1.337461962598809562e+00
1.456959948528460780e+00
1.601619520295199939e+00
1.663160548406418471e+00
1.846697222956291684e+00
2.003004626542535860e+00
2.104232530499742904e+00
1.769501463373473804e+00
1.244517464334987666e+00
1.435451856686539074e+00
1.427523952382209416e+00
1.757669697678175158e+00
1.550457426132777705e+00
1.471243476159375563e+00
1.543495297271454625e+00
1.429963905474141761e+00
1.346147762061425279e+00
1.347175944059811226e+00
1.560402306059413213e+00
1.496925862398266638e+00
1.699977419998857542e+00
1.757669403181075785e+00
2.102673703834413654e+00
2.041371984568689957e+00
1.774183810695634467e+00
1.992619334212968774e+00
1.705223477324324000e+00
1.309378605767452575e+00
1.207021976373858330e+00
1.218883433471327438e+00
1.277129165170196146e+00
1.319529511702565827e+00
1.623803963775663606e+00
1.448481310498033636e+00
1.418467482901946575e+00
1.076289855404875651e+00
1.362800106785694076e+00
1.333919872768143389e+00
1.113107380670354862e+00
1.280460980513144609e+00
1.226746925808762434e+00
1.296144275701790249e+00
1.271585560807385606e+00
1.555775367124634379e+00
1.469881393861473429e+00
1.271284822155675620e+00
1.445420951891856154e+00
1.825296438862111348e+00
1.762561199397280065e+00
2.016593326337663417e+00
1.654733957326234295e+00
1.895419177029587843e+00
1.808433085369122173e+00
1.684578469903100117e+00
1.758532523958133753e+00
1.806369673474367721e+00
1.828720344546748144e+00
1.999660396851725030e+00
1.697527424653671346e+00
1.799998671957091290e+00
1.413079227908579094e+00
1.599285757167976385e+00
1.385142040680472419e+00
1.370757962536426788e+00
1.198251111283208159e+00
1.259100567417056338e+00
1.577968453043246511e+00
1.859039736162113376e+00
1.855083591925983377e+00
1.626802878173300826e+00
1.263152032880953568e+00
1.087770452653437081e+00
1.176772867521299837e+00
1.369521865697164165e+00
1.628621437344905942e+00
1.792420202014715302e+00
1.920060123144982533e+00
1.818886732029768583e+00
2.024337596983172283e+00
1.702827273051418011e+00
1.971837437247907943e+00
1.775746574773573450e+00
1.850381653926685077e+00
1.871376678644892877e+00
1.920917995950603085e+00
1.833973102254805143e+00
1.738159714973406711e+00
1.651055634230853331e+00
1.447922640573754194e+00
1.160999887181080270e+00
1.413357164446968905e+00
1.749992281370332581e+00
1.428701753563810684e+00
1.555417867421182265e+00
1.701286374677753788e+00
2.227790315666673404e+00
2.180260466017549970e+00
1.885740999161275688e+00
1.405523143797750452e+00
1.523745847327872882e+00
1.217722858820914134e+00
1.035084951066486569e+00
9.509242228572010180e-01
1.643651031833369691e+00
1.657255177646821842e+00
1.649206019304252813e+00
1.656795167144051284e+00
1.957471785928242447e+00
1.501929910223854359e+00
1.275904544595988455e+00
1.443937193375084416e+00
1.364471749632112818e+00
1.650797219786475978e+00
1.843348268071025586e+00
1.717917024715130303e+00
1.779375944870717818e+00
1.393989710645244129e+00
1.725186032417826754e+00
1.574212134984401379e+00
1.788954034642242563e+00
1.551009183363315724e+00
1.658079386248024978e+00
1.768849670073737945e+00
2.159244224082780050e+00
1.685044368209904109e+00
1.288950221194976375e+00
1.018181405603605372e+00
9.710508277479272810e-01
1.068797570524326890e+00
1.391549131327743716e+00
1.430371716223609591e+00
1.364279684696255934e+00
1.319055464576561310e+00
1.320322050276660386e+00
1.583447378889078383e+00
1.121685735041524135e+00
1.349472805928891628e+00
1.395749155929306262e+00
1.583815734639091977e+00
1.777883534312685088e+00
1.668992724760187674e+00
1.491381122411316484e+00
1.422155931929125261e+00
1.342514813545553354e+00
1.212653641173462749e+00
1.671378011702467026e+00
1.713964041610245737e+00
1.571660188933191149e+00
1.202447559604318705e+00
1.328042055207183880e+00
1.257049577444855126e+00
1.559434471023080082e+00
1.366184927654146231e+00
1.572739868188216539e+00
1.188480241693089745e+00
1.311802874975188438e+00
1.529319006186811158e+00
1.251020047215067210e+00
1.158641719420681948e+00
1.686110498923926615e+00
1.629829914637469290e+00
1.914473602306597577e+00
1.969213317773790495e+00
2.158071015312438501e+00
1.766749608786569503e+00
1.771682059004512588e+00
1.897622583772098581e+00
1.849642393537021423e+00
1.632695026284784134e+00
1.506122597185809431e+00
1.378096453139505684e+00
1.167866887435204282e+00
1.470870870810494280e+00
1.697684368548086020e+00
1.518115921094717491e+00
1.332253255368032852e+00
1.858038032030130182e+00
1.387784606657880504e+00
1.207081052178619274e+00
1.586112255329712450e+00
1.857710566451444167e+00
1.626475030240035258e+00
1.166797799601585028e+00
1.013124751865883688e+00
1.058439554459495335e+00
1.132210463820974899e+00
1.322061150401667273e+00
1.451033663306100285e+00
1.336284128195741383e+00
1.372020780237441784e+00
1.363646455644265565e+00
1.544303363057553558e+00
1.865425740764322882e+00
1.654804352116188371e+00
1.721213927594286819e+00
1.520587874110293392e+00
1.328369155440735527e+00
2.029719852632465571e+00
1.723645467137758125e+00
1.616466448858529636e+00
1.428381476875023148e+00
1.367730944209484711e+00
2.034497523239975347e+00
2.120776260913518119e+00
2.083214441608863154e+00
1.817787420290706280e+00
1.665577258607063404e+00
1.609428896060962844e+00
1.691405621583844665e+00
1.811071510169621313e+00
1.662811938477495310e+00
1.515565565282167793e+00
1.597383587499388913e+00
1.657395631112360990e+00
1.568074666664122319e+00
1.577056578240565221e+00
1.361825892996310738e+00
1.661217768603140854e+00
1.907190285373436822e+00
1.748285252652040045e+00
2.014130356850507120e+00
2.277232726151451558e+00
2.535213485885572826e+00
2.095960745525832003e+00
1.933492185502182936e+00
2.174907496872220403e+00
2.080652552172291170e+00
1.383075812158720996e+00
1.485163360447857794e+00
1.838626850706384763e+00
1.838999195118294239e+00
1.645284512694498602e+00
1.358934006486689494e+00
1.778415277553751173e+00
1.900711362816176253e+00
1.630543444833832289e+00
1.732446177858633307e+00
1.273824588973899719e+00
1.362808652007997168e+00
1.688811947500098443e+00
1.606712169695364567e+00
1.944553893091693686e+00
1.775369820896441020e+00
1.484663002476978910e+00
1.779418592256198473e+00
1.535171529148667835e+00
1.242804871038705183e+00
1.414257660024027530e+00
1.295633277410337847e+00
1.065384136945332960e+00
1.289582308358993679e+00
1.287118911571749402e+00
1.408750472254636010e+00
1.423277894732686955e+00
1.511249347466934623e+00
1.662636170231539312e+00
1.425659271461925393e+00
1.470437516018253232e+00
1.357759934923056022e+00
1.379991863581722766e+00
1.540498465330292666e+00
1.479810875393216874e+00
1.523877947450532400e+00
1.426952163862150735e+00
1.718934970024518449e+00
1.749230129129944800e+00
1.936757835171374786e+00
1.593192758597754555e+00
1.871921641180175122e+00
1.519521261531652456e+00
1.536128487140270060e+00
1.283944927467337349e+00
1.140648546865548063e+00
1.242978749599451316e+00
1.041918154660441909e+00
1.153837722867447013e+00
1.281939252285615227e+00
1.140458227743561315e+00
1.061462515773766491e+00
1.206598995846005273e+00
1.190024233461303149e+00
1.171634433316798507e+00
9.532401825811395168e-01
1.280392497588723533e+00
1.542977707412191313e+00
1.647779471078733016e+00
1.505504733380018223e+00
1.835307272749619134e+00
1.581389292888083276e+00
1.468108890937897648e+00
1.629015662788276364e+00
1.661540583767168844e+00
1.998488673331218823e+00
1.659128719900227811e+00
1.525516484741632706e+00
1.823013998802332170e+00
1.632671518477375017e+00
1.804869368697592513e+00
1.301700905576402167e+00
1.296697272582559624e+00
1.094427276198340016e+00
1.148301232359736357e+00
1.275193609392607730e+00
1.493993389108983161e+00
1.064680425286909093e+00
1.356040325922321488e+00
1.384757845610552041e+00
1.661792692127170845e+00
1.602113277092187760e+00
1.519118462676829706e+00
1.652697805074347714e+00
1.341997407571613898e+00
1.165904894046154716e+00
1.140298742408540233e+00
1.140830749162076829e+00
1.391078791978016982e+00
1.581844492109274025e+00
1.430720026129480127e+00
1.394244774439894918e+00
1.504034821926416132e+00
1.327266502168615414e+00
1.185775917026378634e+00
1.363184527354467157e+00
1.016866658624990594e+00
1.164669311602070323e+00
1.084441613262966397e+00
1.132227345716378508e+00
1.222756625831958432e+00
1.183561711099707647e+00
1.046667449555099161e+00
1.235800822198079851e+00
1.340408545837787679e+00
1.458247255337174586e+00
1.295421491818834703e+00
1.343965757533829519e+00
1.568119878613795315e+00
1.805951989968755278e+00
2.225654929213416011e+00
2.289910158548325025e+00
1.883698393006354666e+00
1.668437189379513130e+00
1.454818432760245583e+00
1.546576893462921598e+00
1.218980074117060663e+00
1.458996658376206845e+00
1.230733573934350567e+00
1.157584213045158128e+00
1.131496259229570089e+00
1.256973646649628185e+00
1.246186321297817701e+00
1.297713200720417515e+00
1.377369654220712114e+00
1.523826828417613966e+00
1.497438620978254198e+00
1.613367602524512057e+00
1.599086030074340581e+00
1.486978961976104685e+00
1.839860475800629391e+00
1.399234770835561026e+00
1.597277825479212154e+00
1.921337748489040820e+00
1.900025102080641792e+00
1.538789007648659002e+00
1.955762807097107370e+00
1.879760248249255028e+00
1.351185706324843139e+00
1.147502960161348673e+00
1.436014666819368069e+00
1.222451256285156385e+00
1.044765438339648078e+00
1.054393813637179100e+00
1.224905804741904802e+00
1.188138547221515351e+00
1.364181944313034744e+00
1.247479770576048752e+00
1.189778895874152864e+00
1.480403325575499807e+00
1.564909776500170713e+00
1.527643831623527459e+00
1.494584034778045023e+00
1.480870116827479599e+00
1.126853972251166125e+00
1.200696475846089850e+00
1.163521916141605717e+00
1.301805931349788059e+00
1.382629949392252477e+00
1.152985831613052126e+00
1.050476328119882119e+00
1.158225675448066871e+00
1.313607158076033787e+00
1.392484783734338372e+00
1.368338287462380842e+00
1.401883084387654854e+00
1.625183536915355553e+00
1.772433864505845280e+00
1.336429468545080601e+00
1.428159427456875408e+00
1.277105651768897676e+00
1.679959354606418875e+00
1.470638470924514607e+00
1.458094506123565948e+00
1.221553359662655325e+00
1.269860457949336219e+00
1.181225151900782810e+00
1.444873858971828406e+00
1.488677256017920669e+00
1.334632599556885735e+00
1.348149544114515264e+00
1.221095964792954902e+00
1.201560165572748584e+00
1.252772067591120253e+00
1.114370707041255626e+00
1.494339704530095680e+00
1.146597720549735966e+00
1.494825380904310830e+00
1.404751150760226830e+00
1.515330220853734033e+00
1.220796109574205701e+00
1.353432615273001183e+00
1.280835074626251346e+00
1.242683762231373112e+00
1.434907072893750524e+00
1.364450365015869471e+00
1.499985354573804663e+00
1.157778815814309414e+00
1.445671635677970635e+00
1.491094243577072653e+00
1.375748724036091941e+00
2.101595308815499941e+00
2.227040187840196861e+00
1.911624992521400834e+00
1.665266752463108846e+00
1.899153020370926148e+00
2.072895687940912612e+00
2.057094910035612401e+00
1.942424164633301364e+00
1.906957239352209843e+00
1.821760460091742750e+00
1.875864749056750602e+00
2.095489267835899394e+00
2.209549833205867397e+00
1.838396396470845406e+00
1.981505784934294967e+00
1.945656125380383461e+00
2.274332707506926621e+00
2.062346709886571983e+00
2.076523592325127510e+00
2.204555016687675728e+00
2.202457524811262335e+00
1.851422054853280930e+00
1.969746371782724381e+00
2.054346913654706785e+00
2.193978854661845279e+00
2.275411428442758677e+00
1.804305297292587484e+00
1.978245422235295869e+00
1.785462554026972404e+00
1.301954421973176679e+00
1.297850858992640077e+00
1.585830052866167961e+00
1.556313139389024602e+00
1.830800518144754641e+00
1.605034774266661080e+00
1.407060738831807045e+00
1.469662871317460651e+00
1.222894400531708836e+00
1.325236496163464617e+00
1.516461518311277068e+00
1.994634941523909077e+00
1.912008557383669372e+00
1.408345287966464410e+00
1.548709132879246830e+00
1.609529299771342181e+00
1.570585294564089684e+00
1.984990086051801939e+00
1.860645795393413016e+00
1.469113849602674549e+00
1.643299879549364961e+00
1.573765421246755114e+00
1.426690186188982912e+00
1.587303395092430458e+00
1.492001812002832217e+00
1.465987077728416077e+00
1.446052657477000292e+00
1.722668989351507030e+00
1.916366660077384543e+00
1.747676861368552270e+00
2.179546717826057023e+00
2.072119691413148779e+00
2.085217923680704466e+00
1.533061912519878556e+00
1.334481795515568558e+00
1.110328819468422212e+00
1.120586991630213136e+00
1.388118155816611576e+00
1.465774318935187281e+00
1.191953430380933376e+00
1.727124465334090919e+00
1.193869283873503884e+00
1.383024260337276212e+00
1.606995136381633049e+00
1.440272386666039184e+00
1.677144481465355996e+00
2.134898974477715594e+00
2.009873489175621142e+00
2.097281362168439411e+00
1.698070706534573038e+00
1.706273324206496689e+00
1.466747686260766681e+00
1.038316971832229152e+00
1.093702226631686703e+00
1.327732522298409767e+00
1.125507856622927294e+00
1.453480818652914452e+00
1.337920214519934481e+00
1.287952198273563553e+00
1.146422748633758593e+00
1.189949508028319114e+00
1.063936235558925025e+00
1.451766312414953353e+00
1.398196150104918933e+00
1.514265277427906842e+00
1.369339027499206995e+00
1.369856485392979994e+00
1.551767292554513844e+00
1.824873532553773048e+00
1.772188154851860320e+00
1.975584010272281255e+00
1.550195804827710910e+00
1.529306914790406813e+00
1.376494450607169018e+00
1.203739557774841984e+00
1.570672179877529828e+00
1.408295298006561502e+00
1.213771042366539099e+00
1.348546529637066893e+00
1.295771968170982946e+00
1.327360032980344995e+00
1.484880077030020784e+00
1.452318248042732796e+00
1.398222339474648912e+00
1.226512364903562302e+00
1.400132693496315861e+00
1.283795816703723336e+00
2.066211921152444120e+00
2.084533292245326130e+00
2.316489312192280714e+00
1.827494349466634249e+00
2.104561845593799774e+00
2.279722934842430160e+00
2.055953222235618050e+00
2.420424886432269940e+00
2.084914727084119068e+00
1.729229069936424779e+00
1.363271206267686608e+00
1.479968714818721720e+00
1.369781476506577889e+00
1.367813479685485722e+00
1.578176805951291284e+00
1.603622045026802390e+00
1.722846465070374977e+00
1.673384495471000211e+00
1.731866423317376391e+00
1.676017359151934061e+00
1.556730442140787041e+00
1.622356105571425733e+00
1.614485051282842365e+00
1.613571690244520740e+00
1.570308039755713203e+00
1.291498295267198282e+00
1.485224210692860591e+00
1.275624366014876720e+00
1.532283446365698687e+00
1.579116086997718993e+00
1.412827757353064095e+00
1.254381349986375183e+00
1.060189018386494819e+00
1.306125002137944247e+00
1.157024581670754282e+00
1.251372323843965573e+00
1.003240130706141819e+00
1.128278098591337431e+00
1.402646272531247407e+00
1.568244040728321131e+00
1.773639759266093963e+00
1.642384155781699384e+00
1.471006977159890816e+00
1.396232157538953578e+00
1.410046503119507078e+00
1.261456749263047517e+00
1.252925707548336431e+00
1.203892566118363261e+00
9.986877758219068202e-01
9.601307588804885995e-01
1.124732626242844979e+00
1.202219380965118489e+00
1.199833647401621572e+00
1.198498560415745873e+00
1.740843458849306025e+00
1.516072922683504132e+00
1.214521541180133557e+00
1.353355044115486683e+00
1.427609194522720726e+00
1.596962428145982438e+00
1.759678036552486446e+00
2.231682727321217197e+00
1.958414452996472210e+00
1.847239912860456190e+00
2.024818277848227321e+00
1.850821499644385248e+00
1.795243842436160975e+00
1.278207200214555250e+00
1.194044604095092943e+00
1.244710336154726038e+00
1.311076951033148363e+00
1.415366232022427173e+00
1.105708970050624185e+00
1.175086664339192621e+00
1.261373258121140983e+00
1.403077179882335379e+00
1.634872574436596837e+00
1.435949800264763265e+00
1.301094485392231936e+00
1.332306791729708006e+00
1.316309234780822734e+00
1.534194755384060027e+00
1.273834545630647685e+00
1.132129079052204945e+00
1.205190144331212743e+00
1.414663182826521926e+00
1.591514035230283897e+00
1.568336608882490602e+00
1.691638776037928338e+00
1.639353761416100230e+00
1.414272832293321569e+00
1.396590754022544401e+00
1.107292037691541164e+00
1.444625298262887769e+00
1.316690614241447399e+00
1.382967551210738888e+00
1.579710655416920240e+00
1.557433986547711147e+00
1.803531149801962830e+00
1.323288322066393574e+00
1.537600115415291846e+00
1.657302164569978364e+00
1.254837072807382548e+00
1.535019199975651505e+00
1.585314238903687833e+00
1.952485454427574041e+00
1.914498783964913020e+00
1.720119371065682135e+00
1.640094466585011235e+00
1.930628500829809191e+00
1.894509869354036091e+00
1.221298753859811015e+00
1.480628611811534379e+00
1.361110916461362841e+00
1.093728025096139866e+00
1.199228067315325719e+00
1.262169672761302985e+00
1.216208939449295867e+00
1.227657952761426641e+00
1.237934763627375201e+00
1.130389415747356407e+00
1.361283881237285609e+00
1.344082466009949961e+00
1.327528709502771909e+00
1.194032150165459161e+00
1.473952490640142887e+00
1.601648533935301488e+00
1.142923425662279113e+00
1.354568148539565309e+00
1.458833848306180681e+00
1.636963946586671659e+00
1.973093871393614585e+00
1.968789994410590882e+00
2.410416043002185038e+00
2.447767603611479714e+00
2.112744748802732442e+00
1.994889630028066296e+00
1.826063850064396421e+00
1.724355640951203528e+00
2.031964296143301318e+00
1.587162043358056662e+00
1.551655239660959751e+00
1.401589832909849731e+00
1.509121437969064061e+00
1.472936161683868539e+00
1.676333072935706214e+00
1.756501456438341879e+00
1.712337784048355349e+00
1.678014203110836267e+00
1.408603431034530340e+00
1.222305048293117480e+00
1.079539433840573937e+00
1.431704605311574285e+00
1.534830278368244816e+00
1.386486827465616134e+00
1.476113789503867180e+00
1.836055185803939338e+00
1.499789390509716158e+00
1.515020856121264137e+00
1.532924875903026507e+00
1.406524434049470695e+00
1.791966498897660465e+00
1.853919930265200522e+00
1.523044343972651316e+00
1.374817233155806395e+00
1.476626502184184453e+00
1.206993012393271725e+00
1.281850920782968917e+00
1.557364474209501415e+00
1.724085337794939221e+00
1.976201331063419664e+00
1.862342647763541414e+00
1.975568151684063301e+00
2.211287455475099417e+00
2.541556721684766096e+00
1.871252587619071761e+00
1.811169710587543058e+00
1.690085997806904050e+00
1.767370866084097436e+00
1.866970437400362393e+00
1.837039844925771437e+00
1.793972295722694232e+00
1.548042855800470852e+00
1.733086095267682980e+00
1.878529873337144496e+00
1.662002092697358879e+00
1.229032715474873250e+00
1.340220205675342946e+00
1.573393406862878319e+00
1.339346468426877657e+00
1.015808852488957914e+00
1.061664972702156540e+00
1.073240296733733556e+00
1.166655327462122527e+00
1.285515363591764881e+00
1.166670438988700820e+00
1.336240025924531061e+00
1.269307252403920838e+00
1.283300835169345566e+00
1.467639081866809248e+00
1.410717665854170244e+00
1.429523697707901775e+00
1.238279050780649371e+00
1.512569764029601416e+00
1.843411240178558508e+00
1.910587266317253841e+00
1.681870900848568162e+00
1.598484288516415663e+00
1.371181647277314841e+00
1.510800142570253968e+00
1.345846412110688783e+00
1.306184945631357897e+00
1.256436667381885419e+00
1.716501503926375793e+00
1.392970936303298490e+00
1.901142768540702521e+00
1.808478779514780532e+00
1.425811059739882314e+00
1.078563592830963591e+00
1.225137977535174727e+00
1.378094805620055041e+00
1.398717669743429370e+00
1.304945936361641357e+00
1.597441637569668949e+00
1.455828780280022050e+00
1.118514569393833868e+00
1.148524295793886152e+00
1.366625223529385202e+00
1.533482619956529680e+00
1.686276243962692378e+00
1.473489543074555819e+00
1.103224542690666388e+00
1.057525031336524979e+00
1.027404307474388601e+00
1.122967930933130631e+00
1.215692071422622256e+00
1.204058279961827349e+00
1.263892946069513412e+00
1.422493780770152094e+00
1.397954480038906766e+00
1.410284801499968710e+00
1.461514218778921403e+00
1.969367141009924715e+00
2.029649025967280807e+00
2.188717692724506669e+00
2.196830729056592713e+00
2.018595110161757411e+00
2.144913800014136118e+00
1.901257263021435939e+00
1.405573493688820230e+00
1.586432977702904257e+00
1.549082700928349210e+00
1.865955460121458742e+00
1.883378139044358690e+00
2.021023026488744101e+00
2.236874243303351051e+00
2.060305018154678702e+00
2.339774448995378897e+00
2.068313481367458184e+00
2.195814429524345357e+00
1.816811130440457722e+00
1.978416577374958241e+00
1.824539173466497077e+00
1.428484910037974620e+00
1.147852802790674920e+00
1.429764632205901886e+00
1.391450853478490401e+00
1.532257316862491558e+00
1.298905047339018237e+00
1.251831249442553862e+00
1.375013760260570095e+00
1.233332036072331217e+00
1.605492179178957590e+00
1.592183961094437494e+00
1.471380743272677094e+00
1.670938539739795559e+00
1.433367289778379572e+00
1.474591865624905296e+00
1.818068518598934702e+00
2.222473261502834418e+00
2.408437273201159190e+00
1.963500862462216334e+00
2.117980544442642721e+00
1.750417418481671206e+00
2.242892759806048186e+00
2.463901991397325908e+00
2.092903283147234283e+00
1.687834786477391491e+00
1.469523362864430416e+00
1.337876317273113624e+00
1.189907836764654725e+00
1.206724003576851834e+00
1.471737118608259065e+00
1.351141497861039209e+00
1.483335160201071590e+00
1.548623207978673699e+00
2.010815568140301934e+00
1.475373626123179793e+00
1.613213201949636133e+00
1.541412780931298077e+00
1.396462261592875009e+00
1.365098048057512337e+00
1.653126026894489842e+00
1.714465126603531120e+00
2.257993993365255303e+00
1.962862671325940500e+00
1.823283410988129294e+00
1.453185719146268706e+00
1.291175763669360599e+00
1.767084444379049657e+00
1.783585586407667511e+00
1.823876098515268884e+00
2.203154398390509083e+00
1.621269941877082177e+00
1.589963309128409108e+00
1.579306024989947765e+00
1.484064286478331329e+00
1.299692026554924107e+00
1.353450588208092720e+00
1.473197174669319098e+00
1.306071190354682665e+00
1.511382496940204323e+00
1.529158245759580481e+00
1.421384638026773395e+00
1.603968195217963855e+00
1.782757326870687553e+00
2.308308448946569946e+00
2.464076372733738474e+00
2.327393203663591592e+00
1.905612447311139990e+00
1.663142405341322849e+00
1.500454653461214649e+00
1.421253879937304898e+00
1.599214652151192961e+00
1.639374061062047305e+00
1.783028983098158271e+00
1.631097785043487791e+00
1.329042531362107704e+00
1.308220905938507928e+00
1.522375060369179467e+00
1.508938219804520253e+00
1.917074861488927695e+00
2.106832118300850709e+00
1.638191715973249973e+00
1.634007713475994494e+00
1.695479942601773260e+00
1.679115235773666059e+00
1.987273985619018468e+00
1.969396507886136849e+00
1.806699804217267946e+00
1.585151243121479814e+00
1.744163721776187392e+00
1.427815746310962641e+00
1.328612180352011896e+00
1.573080669310070512e+00
1.483302747880802075e+00
1.409318835728326613e+00
1.477457331217374659e+00
1.715930331132174302e+00
1.997291351798943015e+00
2.134612996021259423e+00
1.830496740268571676e+00
1.870432472245050493e+00
1.955821942752286269e+00
1.804529236261862568e+00
1.955486227741677574e+00
1.575015623485092497e+00
1.307850341871342525e+00
1.501015296199647464e+00
1.448345016058982582e+00
1.633296661748082634e+00
2.045365189846112486e+00
1.733716147947585995e+00
1.719739872354281829e+00
1.807397269582547539e+00
1.668025249443589875e+00
2.003549173088947644e+00
1.550410874668139094e+00
1.605236867281981894e+00
1.760300895211236893e+00
1.513005706582005727e+00
1.521813902045732414e+00
1.341931675320656936e+00
1.468669352087289992e+00
1.236187146819620608e+00
1.236994102551348895e+00
1.079877461267645389e+00
1.330853830788952807e+00
1.349440751590164744e+00
1.457494011161838410e+00
1.351449060032728244e+00
1.274037387939862986e+00
1.171170776058631180e+00
1.012699275013008382e+00
1.559132033470432610e+00
1.579275394767577279e+00
1.763505318896159579e+00
2.089082537930874839e+00
1.932431612843020119e+00
1.911923471550557529e+00
2.093752305194426011e+00
2.033880748801002891e+00
1.898466511844406401e+00
1.604784340080757765e+00
1.440190908751257215e+00
1.144903177891522850e+00
1.098803154523841474e+00
1.250798652720861881e+00
1.324475322803219335e+00
1.679565013480209590e+00
1.888809381701139323e+00
2.049961437906475670e+00
2.525049808908969240e+00
2.066250178117822411e+00
1.919597508387949070e+00
1.650955291318753071e+00
1.055043270709761893e+00
1.192243580447054807e+00
1.086707266640756009e+00
1.533826942919589875e+00
2.045142135039678344e+00
1.136904505610911498e+00
1.368692779472924226e+00
1.957286969777611851e+00
2.143528207052381340e+00
1.944166881913109934e+00
1.786268928467729999e+00
1.566904303258056075e+00
1.328507513200524848e+00
1.125432831101026876e+00
1.108873173396229150e+00
1.244620090057209083e+00
1.122213839259807333e+00
1.132265069496206644e+00
1.529834923741923314e+00
1.345816193999439747e+00
1.773640539252893111e+00
1.431762283702192606e+00
9.503547191237770031e-01
1.302642249337612634e+00
1.774624100334148524e+00
1.769212677981525594e+00
1.535473361679560611e+00
1.598781191135518309e+00
2.379115169149882636e+00
2.157213200710909273e+00
1.873961571784959590e+00
1.803318871005472390e+00
1.621964848677677429e+00
1.549918863904027777e+00
1.449003617609274652e+00
1.445556707708587574e+00
1.679065502696240664e+00
1.471989867543359809e+00
1.151414589683003697e+00
1.096328228255537995e+00
1.232216592108126063e+00
1.135719897403220768e+00
1.257490773105449655e+00
1.067213061972795307e+00
1.814611012105160626e+00
1.635817976141435537e+00
1.852568371166940508e+00
1.872872689576283056e+00
1.513911395602628440e+00
1.448331540417775454e+00
1.553005865073783909e+00
1.795734712683699774e+00
1.357799104892227327e+00
1.565100456620786451e+00
1.573382319686213782e+00
1.583812327785717233e+00
1.451972515444446055e+00
1.441933059843568454e+00
1.507919599407557598e+00
1.394543681832449256e+00
1.362493713669953976e+00
1.442897767944331999e+00
1.498920540833282633e+00
1.385026614343809692e+00
1.874457054864802075e+00
1.782011750710383424e+00
1.539400783525675109e+00
1.196835903757651032e+00
1.177819090886492726e+00
1.200616536171598137e+00
1.408293736871397250e+00
1.421593474461048778e+00
1.353669524205596941e+00
1.596227455456571853e+00
1.573196074546455492e+00
1.553546340951789562e+00
1.668881890368838050e+00
1.635855373868048135e+00
1.403683990933038306e+00
1.558503707482085998e+00
1.613066197869549967e+00
1.351924124439913166e+00
1.255742333243749620e+00
1.171433315154178478e+00
1.190324945602305728e+00
1.306091803671675544e+00
1.376237806407437203e+00
1.555048819192530907e+00
1.591073367752691370e+00
1.373567345962587893e+00
1.162793155470210227e+00
1.202742803564183616e+00
1.308504002954195222e+00
1.337993981469652427e+00
1.685853064719323502e+00
1.742205549005656273e+00
1.596310024790908777e+00
1.320586182061414204e+00
1.524083423858001440e+00
1.361109793229200671e+00
1.068770038001209954e+00
1.331157010149237374e+00
1.770396756988276366e+00
1.488696577107941010e+00
1.457449454751710949e+00
1.550724206104289848e+00
1.615153979897628878e+00
1.794948440006910673e+00
1.538495258038604430e+00
1.646624881001828689e+00
1.583862832771745888e+00
1.848797094466250845e+00
1.948281557483225512e+00
1.605529240596905938e+00
2.017032200866707203e+00
1.636947667377515847e+00
1.674904334738394729e+00
1.672399158298267796e+00
1.329393901551521040e+00
1.595474367298602703e+00
1.560421532887723561e+00
1.452967305690114896e+00
1.262902628341988631e+00
1.599636641472537812e+00
1.323153317471098322e+00
1.671672599057790087e+00
1.309494732351427437e+00
1.237434229066655345e+00
1.333298860398328900e+00
1.489865111727452174e+00
1.332793851096816695e+00
1.663379023923922562e+00
1.299072784975663808e+00
1.093236688034278759e+00
1.385857327033988007e+00
1.097104040840034100e+00
1.354002342200792519e+00
1.392738505287167028e+00
1.205602838935804666e+00
1.364290640618554207e+00
1.265779847082193044e+00
1.471247980331249927e+00
1.369278186542344677e+00
1.242254159429933225e+00
1.092162400777604070e+00
1.193509452125486092e+00
1.176298858075556231e+00
1.387634088476242145e+00
1.338258369041802176e+00
1.439038832125905998e+00
1.650597746768422525e+00
1.520835099694614279e+00
1.343303407220222789e+00
1.419298007202081990e+00
1.388624650845721842e+00
1.205128967669317097e+00
1.133635445706711931e+00
1.235131630715869733e+00
1.207033784841533119e+00
1.264196603148288078e+00
1.314261854763848270e+00
1.412898486587172542e+00
1.590690646637555439e+00
1.843948099279092645e+00
1.826903923724605638e+00
2.052815451295368909e+00
1.864040379435197181e+00
1.669775155637720943e+00
2.172123560963260758e+00
1.919979289714898174e+00
2.084544253125476754e+00
2.158247396875210722e+00
1.967657639869552444e+00
1.482963007328675031e+00
1.537641718910279565e+00
1.508347898025069966e+00
2.032576740665161807e+00
1.949983208459417305e+00
2.114723151957796698e+00
2.013965335692112557e+00
1.449317869600446729e+00
1.217039696144807337e+00
1.254976566587081566e+00
1.672230131976202294e+00
1.425635010471375308e+00
1.856687160399842940e+00
1.983513878246945694e+00
2.091421452508794854e+00
1.446839498324143269e+00
1.742934104605938561e+00
1.751929919033211824e+00
1.864272337003115787e+00
1.890003628760368093e+00
1.571735163418423342e+00
1.295615181979942854e+00
1.320116609311152267e+00
1.546109180917772496e+00
1.827538568863670720e+00
1.736806526574090626e+00
1.629858578650331014e+00
1.208810506280951103e+00
1.435067120271952490e+00
1.758395122430134849e+00
1.965085527533150245e+00
2.275874814159238646e+00
1.503849299966471653e+00
1.227301427008664625e+00
1.439586383145494919e+00
1.515722348439604517e+00
1.292995514408750601e+00
1.373848784905241205e+00
1.401358317979390478e+00
1.583546320829832155e+00
1.316843875799904362e+00
1.090063883263282962e+00
1.105224778838442168e+00
1.389091564205098273e+00
1.778179767328382788e+00
1.751882835295091034e+00
2.102905898355561742e+00
1.412787440274572370e+00
1.493224411231345750e+00
1.607483412870263084e+00
1.718940277278256934e+00
1.298268084060085314e+00
1.201712035563688108e+00
1.251636577471359590e+00
1.441443997669609400e+00
1.738730065806168401e+00
1.491082618924100656e+00
1.549953548485881738e+00
1.452664009153659341e+00
1.376241810280834255e+00
1.506096146013184311e+00
1.263860525588916150e+00
1.250334981349378038e+00
1.429918052537464845e+00
1.454007986779346284e+00
1.529980074332509155e+00
1.291913219187178719e+00
2.075089806136894754e+00
1.566362536705377728e+00
1.914941812081367933e+00
1.869739252255896211e+00
1.850098126207019522e+00
1.453504519007080997e+00
1.652403460924774636e+00
1.608031321781394185e+00
1.732643031494562003e+00
1.752689509728241335e+00
1.990678184231826853e+00
1.868460623903427820e+00
2.105532430037220681e+00
1.739208405937723079e+00
1.429077405644078924e+00
1.678471860691015394e+00
2.095165306246321801e+00
2.632011135011944170e+00
2.840159267825551836e+00
2.340519921220587385e+00
2.332238430898013082e+00
2.318226407821807111e+00
1.675462237475592531e+00
1.960940545731621576e+00
1.878406844551440358e+00
1.248675166103871970e+00
1.442350174066775237e+00
1.618907701068596161e+00
1.852125252620246743e+00
1.871314195392166146e+00
1.861253843832531452e+00
1.843416722146640430e+00
1.619965667942751653e+00
1.357096555503638724e+00
1.353420281581084517e+00
1.283339922681246748e+00
1.339365899500922774e+00
1.300393104711435655e+00
1.534846008348756285e+00
1.532071012769162799e+00
1.192548149483896092e+00
1.267724503151990811e+00
1.168132151283759912e+00
1.099695593804894012e+00
1.423540533973374211e+00
1.390809209539897839e+00
1.876327032864897548e+00
1.512936162468437207e+00
1.359560997210929933e+00
1.324139779259587701e+00
1.099759476344148723e+00
1.094927618248588308e+00
9.287133610852479348e-01
1.273967088291177774e+00
1.174018728375517018e+00
1.247474291205992625e+00
1.205891427388201542e+00
1.711606370370129859e+00
2.156868887937630763e+00
1.838636149337253833e+00
1.908612416883373797e+00
1.483698531598851789e+00
1.387962031423959353e+00
1.366761174518265731e+00
1.408059489737110148e+00
1.262384393132064186e+00
1.545413488102362676e+00
1.711151609381512451e+00
1.885156504214922313e+00
1.860353372646898595e+00
1.560860224566495758e+00
1.548141263352957875e+00
1.421452824074577848e+00
1.400478956877733605e+00
1.240913989932551198e+00
1.393658344223323242e+00
1.455949798474514223e+00
1.502137577466382545e+00
1.328576618915499274e+00
1.109315188325095347e+00
1.147562030694982083e+00
1.179259289474641204e+00
1.271935832597533178e+00
1.347425598811311298e+00
1.275241152818257673e+00
1.342784943485908267e+00
1.468893473187285803e+00
1.501637773336191195e+00
1.364775189834401381e+00
1.126097331783660893e+00
1.180677549175574770e+00
1.132507870112001935e+00
1.297447978599611140e+00
1.177011228338903148e+00
1.489712708735889901e+00
1.412309564758800207e+00
1.511564374836954494e+00
1.690188625550750778e+00
1.606139551096222640e+00
1.537265706334906668e+00
1.305560335359895241e+00
1.320819483116581372e+00
1.300661949524281269e+00
1.678835718952808698e+00
1.419825856303072120e+00
1.699620819128491833e+00
1.582891283946177063e+00
1.871845626767398629e+00
1.811147135159391741e+00
2.035775240085356597e+00
2.296555130571411141e+00
1.930627970755618650e+00
1.727580118024181433e+00
1.925762136128730262e+00
1.813059703486475716e+00
1.913370964429908172e+00
2.416208571081992051e+00
2.175618883633844369e+00
1.749381968371021223e+00
2.087158084085185550e+00
1.956156959637926462e+00
1.653415282604047576e+00
1.860219209622118619e+00
1.980886436911057480e+00
1.559729300122648432e+00
1.521862250329647503e+00
1.515559575735996534e+00
1.438469258481222202e+00
1.210486372621415008e+00
1.532056344270073645e+00
1.173946840173609951e+00
1.067603102659415937e+00
1.262155859576891581e+00
1.274992010746351712e+00
1.308061246863511773e+00
1.634581101185128560e+00
1.701959123469103163e+00
1.349756197270536751e+00
1.695090684311778340e+00
1.649158927260521823e+00
1.946980921223510741e+00
1.492066066870404661e+00
1.779164095763028364e+00
1.558784757544187327e+00
1.762591382439379961e+00
1.610687269773535490e+00
1.828142098417207650e+00
1.993475198306645657e+00
1.865492461902274135e+00
1.658919878644449897e+00
1.845363551246772538e+00
1.618547928874757735e+00
1.639201394815237300e+00
1.622995094971448005e+00
1.304445616761166216e+00
1.697600712402240308e+00
1.884739150363426763e+00
1.944326888840798517e+00
1.979482226633070496e+00
1.723200261559111546e+00
2.110976988001465937e+00
1.948858575188723963e+00
1.975164638547306950e+00
1.887601880255542985e+00
2.119093400365583246e+00
2.248623861554449821e+00
2.135848252765495392e+00
2.465444423596311996e+00
2.046312207934264382e+00
1.734965302073776527e+00
1.658348152299774503e+00
1.770125682421424207e+00
1.445286685400775539e+00
1.713964422717467073e+00
1.752182004635973733e+00
1.413234470449115987e+00
1.442684165274502384e+00
1.337334831733056895e+00
1.236353376245287627e+00
1.350163848584908788e+00
1.419554536814627843e+00
1.625930422217624516e+00
1.350731781913685481e+00
1.668511548392569654e+00
1.661602267270523514e+00
1.712165501756754082e+00
1.589002804965097049e+00
1.559294767256286462e+00
2.044836839556208208e+00
1.629226643343719250e+00
1.989242900089228883e+00
1.935170950796283096e+00
1.789601724617114087e+00
1.472126200987334377e+00
1.544757246819048468e+00
1.271252635982320855e+00
1.520811180733857348e+00
1.260632764931243655e+00
1.230426976414899842e+00
1.656654823137740040e+00
1.419602544525930377e+00
1.624923143269971781e+00
1.595462118786622696e+00
1.643401593231635704e+00
1.743609544186605964e+00
1.783091923532365008e+00
1.766672719020937254e+00
1.196220606621924309e+00
1.501456401504650762e+00
1.576383051833779803e+00
1.317222200612329974e+00
1.403382622282643544e+00
1.425190788864575619e+00
1.393349100018036024e+00
1.259506396354936220e+00
1.169687698027874534e+00
1.063445880288717005e+00
1.448202763451041930e+00
1.445617521924342119e+00
1.409994251893458062e+00
1.522526211530457196e+00
1.723966697052712549e+00
1.719062083499372395e+00
1.352715012508109105e+00
1.364882854549545055e+00
1.239447918010119221e+00
1.467171798503435154e+00
2.129979579418784574e+00
2.092441604977621328e+00
1.706256977059904090e+00
1.626981264143548378e+00
1.356743334736224771e+00
1.480496608685482052e+00
1.207344034076072603e+00
1.595342888349359001e+00
1.857587033408523158e+00
1.802474158996899778e+00
1.907460851696023640e+00
2.101804410044101346e+00
1.536021606806744710e+00
1.546286719295948409e+00
1.133332683584930001e+00
1.221399034365605374e+00
1.685209783604073808e+00
1.644770090658877137e+00
1.232065543966256449e+00
1.664078106047334193e+00
1.656707246643576603e+00
1.998008599107928163e+00
2.053525752018740658e+00
1.791745486687097655e+00
1.948450869952480069e+00
1.851245915200563807e+00
1.544175775614934798e+00
1.390975738901050640e+00
1.516082972175917920e+00
1.329367319304873396e+00
1.626310615414718441e+00
2.052901629768522529e+00
2.021558083173825349e+00
2.001118695071930631e+00
2.207879291359883922e+00
2.267346735830647830e+00
2.187400502791231549e+00
1.520969577397097039e+00
1.844103967132166844e+00
1.995684423558218512e+00
2.409613383921199059e+00
2.458073010930831082e+00
1.863906054944140855e+00
2.101618828548768025e+00
1.811757035753141842e+00
2.263563643887224863e+00
2.020025073322691878e+00
2.029275004374230917e+00
2.053884341132972580e+00
2.329997302012313032e+00
2.163549056718408359e+00
1.970227547009286262e+00
1.697262815323433260e+00
2.162692955185222310e+00
2.269731249790160721e+00
1.983171667949131134e+00
1.786331453084798015e+00
1.074540916110311883e+00
1.440490024492294463e+00
1.482665821311392573e+00
1.301506782102716420e+00
1.302773076991344814e+00
1.204268387040674959e+00
1.380394276681941257e+00
1.683252962842021860e+00
1.643954735787960253e+00
1.389637270800859747e+00
1.228466804029501480e+00
1.417775396058986281e+00
1.530792036757723906e+00
2.165116272179952173e+00
1.766867710715127160e+00
1.887174405183855930e+00
1.934179051483022382e+00
1.904687960219655585e+00
1.473477263287850336e+00
1.914244423190844202e+00
1.359647802505462799e+00
1.466782317382346879e+00
1.603197127262623756e+00
1.473868454669716721e+00
1.582618220364554684e+00
1.461311143800730239e+00
1.389217771903933807e+00
1.851450771587731525e+00
1.945754940998725591e+00
2.123486395012600614e+00
1.977854685518568800e+00
1.603647030272295382e+00
1.874380370722118272e+00
1.579817650741382140e+00
1.923970794387672711e+00
1.890237340503440722e+00
2.177640041257490999e+00
2.077388730929890848e+00
1.714382027106597484e+00
1.701619385023581676e+00
2.071538775047608194e+00
1.692389193136538683e+00
1.762918621459545365e+00
1.933633749546948666e+00
1.803895835282815829e+00
1.404014400715900557e+00
1.681707087317775517e+00
1.776668968364638834e+00
1.398832600135222926e+00
1.265436656258379422e+00
1.119368771427551312e+00
1.210099336950920312e+00
1.545718566630607249e+00
1.753202511998630975e+00
1.777118065347577769e+00
1.420138304719847255e+00
1.283688545852246454e+00
1.305118320955658273e+00
1.180076043066378366e+00
1.243877859844787492e+00
1.544392840789005739e+00
1.692563148878283519e+00
1.983319996331795343e+00
1.630892523241262326e+00
1.400261388791351314e+00
1.415166552599349536e+00
1.521756313350318468e+00
1.300087328261261943e+00
1.685429873948784518e+00
2.061671494945842120e+00
2.350664894195371613e+00
1.931062886201288409e+00
2.207594845235121728e+00
2.279637751047963512e+00
1.826256571963736697e+00
1.938785592565268834e+00
1.358581627206088660e+00
1.492298507931821394e+00
1.638333440254540641e+00
1.157752774932661044e+00
1.421453816150684890e+00
1.149513331277974837e+00
1.125191542473911843e+00
1.262171621405548061e+00
1.014149449047427876e+00
1.091460083121114533e+00
1.134058848536000141e+00
1.338692847986257872e+00
1.823175966316725294e+00
1.850651578012428189e+00
1.670240359408171393e+00
1.563205011460784721e+00
1.685256671602033185e+00
1.601362017562012019e+00
1.779737742100262921e+00
1.581964152249580424e+00
1.413692339370869577e+00
1.818852169245156025e+00
1.418678439018559612e+00
1.908570395292496613e+00
1.882172374908803070e+00
1.880176964385518623e+00
2.120361021815296620e+00
2.084854079794687287e+00
2.152935940629866263e+00
1.407067442702548021e+00
1.714863661172756792e+00
1.686913669915086622e+00
1.302912885785052710e+00
1.514771298131859290e+00
1.522827731083425062e+00
1.653161817633125086e+00
1.406613631581732360e+00
1.974965746493234420e+00
1.580136918600672402e+00
1.531425382270071189e+00
1.773888468052193135e+00
1.209510201925081851e+00
1.788553159197513898e+00
1.977794042067568370e+00
1.938622424243113374e+00
2.120324968969888868e+00
1.947102429306623028e+00
2.240607297682944310e+00
1.823109027095744850e+00
1.993156223777767799e+00
1.592920425008089280e+00
1.699821480279039676e+00
1.731544194424249783e+00
1.399599057714509875e+00
1.202757436107461331e+00
1.224878122722353302e+00
1.419544120053068070e+00
1.514072045008945988e+00
1.443407758883454850e+00
1.697543565569384683e+00
1.408850079076399808e+00
1.455499302438442388e+00
1.550673643157575610e+00
1.580531094586339780e+00
1.528795839047549121e+00
1.633719585385517536e+00
1.686900824882643368e+00
1.251527581797683641e+00
1.105559744170850900e+00
1.189583406369518981e+00
1.114409170746178956e+00
1.092536862218736804e+00
1.250822310281032301e+00
1.713225659113117416e+00
1.930222339154088917e+00
1.637007512399479836e+00
1.959915780782116146e+00
1.903791319250963454e+00
1.810820612676898422e+00
2.054537470624979711e+00
1.915564012290727369e+00
2.233491417211789010e+00
1.607078003755357365e+00
1.253377418679239685e+00
1.697909445427659536e+00
1.970207544998821447e+00
1.908758952909936912e+00
1.921588616172340114e+00
1.794210579376015691e+00
1.984878941867969537e+00
1.633285614606085012e+00
1.664549024772488117e+00
1.437065141757399411e+00
1.207128374341918997e+00
1.352546285046556385e+00
1.459476143332076870e+00
1.803675960441186055e+00
1.434552489704033817e+00
1.518164970082833687e+00
1.772783056655871547e+00
1.774665994848823036e+00
1.648722193798198621e+00
1.741294516545679905e+00
2.109562407509448789e+00
1.756748029234749042e+00
1.561920482591432346e+00
1.432204743003513858e+00
1.451877024200755040e+00
1.458864557799529837e+00
1.367590927366221232e+00
1.317740824218965212e+00
1.392169610867188156e+00
1.405539391366499746e+00
1.612277862991136290e+00
1.651580286761851646e+00
1.639303761183031671e+00
1.549004298518967371e+00
2.084585311827821030e+00
1.802654260423896204e+00
1.495153522531277090e+00
1.612399070225509767e+00
1.299851155225741905e+00
1.278577837339803125e+00
1.279050087640042577e+00
1.122131578719854472e+00
1.374802067448897658e+00
1.265067169386990154e+00
1.184720478030117929e+00
1.387354352101942689e+00
1.240252942905293976e+00
1.010600537323214754e+00
1.078151901292317749e+00
1.042400718689718397e+00
1.100026823063351200e+00
1.175651410397258401e+00
1.204112173085751358e+00
1.215523801478820332e+00
1.372018110913472588e+00
1.324057558654234246e+00
1.538305738404513567e+00
1.247969909364643470e+00
1.243990439756301303e+00
1.557901647572839110e+00
1.462932854196117072e+00
1.670598864239210446e+00
1.449762076812105338e+00
1.597137340466328714e+00
1.495442170405186566e+00
1.789467318743516389e+00
2.173238406549353297e+00
1.798127295897529399e+00
1.715496792250978508e+00
1.809822845056240581e+00
1.830028927648194470e+00
1.841132388742106718e+00
1.722727266504548105e+00
1.561959246989192307e+00
1.860633030328457060e+00
1.661897466903683229e+00
1.175056295924845173e+00
1.278456319544177155e+00
1.367778158141263134e+00
1.420484074271428643e+00
1.950917885460269563e+00
2.201017310729286525e+00
2.215713043185336240e+00
2.115302920156687083e+00
1.911928894305723325e+00
1.751754113771182730e+00
1.811278916947430817e+00
1.960649128346648062e+00
2.188765680235218003e+00
1.752473256392641066e+00
1.530813493641479450e+00
1.838418335664614434e+00
2.298694756327134048e+00
1.934828864502180501e+00
1.705356982118753084e+00
2.030271540108969486e+00
1.845648710304716111e+00
1.858679386634249697e+00
1.655672781241172675e+00
2.015208958502662906e+00
1.873015064449285560e+00
2.049167114163500170e+00
1.862282115126840498e+00
2.151379355719652775e+00
1.812177935594850631e+00
1.678756897039890283e+00
1.960889705608601652e+00
2.001953388291892733e+00
1.851233160268648481e+00
1.813105952781732810e+00
1.765485888676397330e+00
1.905513574263831389e+00
1.818543366617123347e+00
2.027410931127164861e+00
1.693682841698006314e+00
1.655091241575257444e+00
1.887579849258688602e+00
1.630985839216920530e+00
1.766389820986049131e+00
1.973682317928854735e+00
2.276203550993534108e+00
2.325398193691611937e+00
1.955945464790296073e+00
1.713805342942420928e+00
1.362122003302264517e+00
1.210893427415635548e+00
1.175872257912682128e+00
1.273177446638397603e+00
1.498545584262782171e+00
1.561315270381706588e+00
2.031031433093732907e+00
2.167289657736373609e+00
1.787592884745296207e+00
1.793925742463221340e+00
1.561418997309655055e+00
1.642770533337210459e+00
1.058419704643609904e+00
1.324451508293756685e+00
1.250515411695307444e+00
1.715817064747656051e+00
1.647764694704164645e+00
1.635133726792716180e+00
1.928247106659144450e+00
1.613824579265437098e+00
1.589625982769603540e+00
1.314272279141518673e+00
1.849840843116591360e+00
1.871210243283629726e+00
1.485285177449215510e+00
1.552173783282758901e+00
1.730300511334062152e+00
1.562761156050456401e+00
1.412265083874300275e+00
1.459608468104265810e+00
1.125138681452896083e+00
1.235037291613844346e+00
1.092840947927866457e+00
1.534702919603242677e+00
1.377074062571715940e+00
1.494550593655763482e+00
1.684966416530259581e+00
1.500624092427976120e+00
1.403787983829796637e+00
1.456793142924169393e+00
1.334206034610808000e+00
1.238312598664488062e+00
1.512255662820992219e+00
1.803082594876840083e+00
1.553330616275862885e+00
1.435806838994233781e+00
1.446427936219926158e+00
1.501142563036919952e+00
1.600719245995712248e+00
1.748855864699200069e+00
1.651654464139548084e+00
1.380127386327699268e+00
1.401234575380163605e+00
1.888178084999095008e+00
1.956534008125393242e+00
2.063468635209785074e+00
1.907804442010046841e+00
1.576783545916998541e+00
1.829702875365109893e+00
1.620400120745183914e+00
1.532186278449432670e+00
1.506608773030709614e+00
1.769299556177406529e+00
1.710622366611015410e+00
1.650310421522078741e+00
1.599280355622797911e+00
1.554981322307791514e+00
1.498671495559360523e+00
1.509981323178269941e+00
1.346294174850423353e+00
1.361340875601642075e+00
1.487353785986754939e+00
1.543912781787000199e+00
1.559591489071319836e+00
1.329810153916659576e+00
1.134103483939409962e+00
1.219497864411856369e+00
1.425713755736593091e+00
1.441846451828665554e+00
1.455173493124761963e+00
1.306919295446847595e+00
1.376157880775734199e+00
1.283970627903634476e+00
1.710852564397956854e+00
2.040951098077346426e+00
2.035282117079228126e+00
2.072875771729740801e+00
1.775988029176612137e+00
1.699026758719506036e+00
1.741665908299335985e+00
1.278390706815800471e+00
1.476062994621242908e+00
1.279963179385565475e+00
1.342450704800818295e+00
1.308866548621175463e+00
1.589899557373306793e+00
1.403521848302874853e+00
1.572378772231823874e+00
1.514907662135103417e+00
1.779902676954018492e+00
1.174482021111621810e+00
1.737960360250667691e+00
1.658103895356373148e+00
1.512549552857148871e+00
1.860036828041529589e+00
1.660140803575743007e+00
1.467350887350837851e+00
1.317453767530848419e+00
1.290288987622715489e+00
1.313251267025895785e+00
9.249489090026344895e-01
1.336957314518199436e+00
1.382784416512201631e+00
1.435104836619654822e+00
1.334270882744458486e+00
1.494697168958296851e+00
1.550458026203807016e+00
1.688910338650898346e+00
1.424922536022679598e+00
1.482724653342453625e+00
1.371120792638185648e+00
1.410074082971692899e+00
1.543737873604483335e+00
1.390482649896550127e+00
1.473573487923167225e+00
1.793863649139413319e+00
1.733742506390148597e+00
1.988389987720609486e+00
1.986823706839304648e+00
2.399613763081044127e+00
2.173260220357190242e+00
2.267150548592305803e+00
2.041655898413631931e+00
2.044865678278161791e+00
2.142931777645013636e+00
1.763217417194248071e+00
1.391138451372428086e+00
1.798829364985460533e+00
1.697467904124372318e+00
1.909087132799484055e+00
2.095834876382431045e+00
1.731117596344835308e+00
1.614797322842976612e+00
2.033970038502388000e+00
1.976086088763829851e+00
1.912026382534528057e+00
2.004145853726044813e+00
1.619164087454102674e+00
1.997878198511491066e+00
2.141406933524687695e+00
1.697476331005326688e+00
1.529291976430097844e+00
1.856819067287548197e+00
1.540048707917084814e+00
1.332671207593863816e+00
1.756118817767496898e+00
1.537102980359031479e+00
1.326143887346398209e+00
1.621983656129862172e+00
1.437934583967138025e+00
1.548238374358476888e+00
1.808838464346383068e+00
1.811331758193087893e+00
1.598565730280020913e+00
1.624036951541931506e+00
1.934349646098967312e+00
2.006810567792475464e+00
1.535167290002241725e+00
1.518319109013694046e+00
1.573481768329049402e+00
1.958892872583137379e+00
1.383580731338618808e+00
1.186886022963741461e+00
1.236713756259032237e+00
1.044838245621835915e+00
1.073713227929881553e+00
1.192509836725081040e+00
1.382382880272332137e+00
1.422350108641254884e+00
1.363748741196334935e+00
1.353322169617660498e+00
1.264298066989058000e+00
1.427685688736581637e+00
1.513437895012136991e+00
1.900366685027574221e+00
1.911357716194275858e+00
1.823656716591882221e+00
1.707122692854983192e+00
1.546671514422044424e+00
1.653332674860036322e+00
1.830790321677299382e+00
1.600022748804388772e+00
1.899266130937738328e+00
1.933762598076366857e+00
2.105507934678777282e+00
2.074165765547754781e+00
1.855093227839198056e+00
1.916646605173957019e+00
2.393206864406162371e+00
2.038014651160309221e+00
1.800758637549777053e+00
1.695220870162953197e+00
1.255722028341489382e+00
1.664318613805644720e+00
1.703761404409753544e+00
2.078315394476849320e+00
2.295467679913227421e+00
2.148464276597712885e+00
2.336826268349484703e+00
2.304794476994799446e+00
1.803776154428367695e+00
1.938063722339939510e+00
1.646542243266500893e+00
1.251299027812067699e+00
1.484135639212412761e+00
1.114666835423528957e+00
1.215736867883323580e+00
1.484274507332005388e+00
1.257878879213511158e+00
1.659746378096113695e+00
1.330977213519925373e+00
1.688428661143628773e+00
1.565906244341143561e+00
1.498144082126795729e+00
1.569986012813820553e+00
1.597692420379788647e+00
1.540442621857152972e+00
1.379355795391086881e+00
1.586738777136995182e+00
1.282495517052216982e+00
1.146722383680294888e+00
1.151959275789982806e+00
1.170976078136072962e+00
1.411375289085297524e+00
1.447591532366757860e+00
1.362082927972653401e+00
1.754014320796590143e+00
1.800359652416272160e+00
1.971570161390832077e+00
1.859096373832629157e+00
1.656957846996671480e+00
1.930645941487209916e+00
1.787901742408777750e+00
1.387896474552334780e+00
1.791129949529340015e+00
1.419401231542392505e+00
2.085578792703605799e+00
1.890645208569317948e+00
1.898938734916423288e+00
2.107389749124727096e+00
2.460454351247293836e+00
2.445825051611786538e+00
1.806537149442335455e+00
1.944287028147664076e+00
1.864812573646959182e+00
1.884224715668733952e+00
2.067101861354422976e+00
1.840195365197463406e+00
2.040294281942586885e+00
2.435826506419085380e+00
2.175875911647663141e+00
1.997455028949648215e+00
2.100226778830446062e+00
2.233496409928361626e+00
1.858144823096608000e+00
1.653333157931455633e+00
1.694248736217423001e+00
1.638253376296675334e+00
1.480800062017578744e+00
1.130150953410029357e+00
1.293055539414196264e+00
1.966522967030355451e+00
1.914997557589318333e+00
1.519496952374749910e+00
1.494425154936791067e+00
1.536306369188888521e+00
1.628883820498300494e+00
1.693231438739580597e+00
1.209027403885868601e+00
1.367765725216222306e+00
1.330671071905157765e+00
9.973883001482187760e-01
1.151257634704662136e+00
1.552577766648217894e+00
2.316760954319361243e+00
1.997497777830144372e+00
1.949706011560772723e+00
2.243079886998344374e+00
2.497651135400208666e+00
2.628422781302809597e+00
2.085612580510717073e+00
2.053475850960203353e+00
2.122298073800988671e+00
2.153672880359783992e+00
1.871681385100413042e+00
1.789298983996246095e+00
1.205811780968085500e+00
1.332786000556456019e+00
1.248264758815856190e+00
1.472480172571003498e+00
1.369654928662107585e+00
1.673893785066472795e+00
1.839162381460464291e+00
1.718523173500460466e+00
1.638937696584291448e+00
1.432482082923042022e+00
1.548687400716956875e+00
1.389886237655250767e+00
1.365330215776376477e+00
1.615717697467878411e+00
1.634683730870102103e+00
1.826348371453991648e+00
1.504257881230146143e+00
1.719117710162351376e+00
1.669272411423306623e+00
1.536431671265509280e+00
1.874416630093648228e+00
2.161219684461163748e+00
1.711933069266252438e+00
2.018198997383851445e+00
1.660900900746978825e+00
1.636323176108451349e+00
1.526611886623098435e+00
1.285752788789678247e+00
1.507316961947207767e+00
1.403553211784770882e+00
1.233151314590032577e+00
1.391816804199619284e+00
1.392533516181659214e+00
1.629986411058138573e+00
1.648295810560893804e+00
1.996372725629098177e+00
1.423979546173208321e+00
1.601987393382352298e+00
1.840890077480294096e+00
2.484544173144638268e+00
1.763061414196171572e+00
2.254030127211577916e+00
2.120609376575316674e+00
1.966942173613679845e+00
2.039915088399232079e+00
1.870386873547033035e+00
1.496904777909932260e+00
1.588554804557687827e+00
1.354914055551202923e+00
2.002362946472007632e+00
1.861711005672053165e+00
1.854902243972099685e+00
1.892298438753243772e+00
1.635477459354350405e+00
1.815715997516962332e+00
1.717629824778664549e+00
1.608010740551345297e+00
1.444655966732233843e+00
1.258559397811450653e+00
1.478047151504180201e+00
1.442808172466404582e+00
1.117225239552394944e+00
1.089478180940484764e+00
1.039828218846335028e+00
1.517384197458809370e+00
1.454434066365487777e+00
1.302346494478076711e+00
1.143480860452879666e+00
1.315553848079908272e+00
1.454839122862896517e+00
1.402121365183737201e+00
1.533964488685029437e+00
1.521355057299386360e+00
1.281905399507726306e+00
1.277275693956296365e+00
1.374764861019806661e+00
1.203527581994637830e+00
1.514324223748612530e+00
1.539135677740479657e+00
1.449364402909237848e+00
1.571545563153383451e+00
1.736288398168285285e+00
1.679814135234263706e+00
1.815007017231618835e+00
1.599876674762279682e+00
2.055785896275831082e+00
2.007913362099010612e+00
2.007791128567356420e+00
1.701905957866861829e+00
1.612715755030334153e+00
1.361233239570613041e+00
1.641130973778806013e+00
1.168872818268651637e+00
1.287590899660898902e+00
1.600190462917848722e+00
1.628953256397491778e+00
1.822957127823155332e+00
1.744282857340543558e+00
1.839358888391873892e+00
1.529326246782334309e+00
1.123930236887018097e+00
1.144719596595034750e+00
1.382638517537917666e+00
1.283815522422560917e+00
1.310522647598819201e+00
1.458573615214334041e+00
1.438727016706500939e+00
1.397416487075891389e+00
1.355871440841358799e+00
1.468302567899878897e+00
1.462248739540670917e+00
1.318140804014146461e+00
1.227593757121848261e+00
1.476172546092030746e+00
1.640804163957546358e+00
1.509080311947872399e+00
1.272570051562279092e+00
1.304085454784266851e+00
1.659725944920364071e+00
1.798332154903648616e+00
1.660908699503310659e+00
1.825878958331843327e+00
2.455455143713839661e+00
2.347218809529088457e+00
1.746934132271911189e+00
1.487343989984729165e+00
1.626676610329770289e+00
1.531279087738838252e+00
1.516675021322731354e+00
1.378900062936111226e+00
1.356475089980840210e+00
1.516213201490373974e+00
1.213482666866113169e+00
1.205894545829759856e+00
1.434542592239276493e+00
1.350528876557111957e+00
1.477491635886917010e+00
1.337252251386382262e+00
1.245706122927457749e+00
1.354524678426775708e+00
1.246184547666497444e+00
1.237228037825542470e+00
1.321868109905900868e+00
1.344472985353784900e+00
1.142244449488583724e+00
1.146141212871532922e+00
1.015033822748437897e+00
1.235737949178525419e+00
1.537617844888321317e+00
1.671829368289159623e+00
1.605827171229181394e+00
1.770698071621196412e+00
1.344166226649992968e+00
1.391187914263591452e+00
1.441072163654270932e+00
1.628738136022990890e+00
1.750164028567444907e+00
1.831483447964945555e+00
1.985974939511422566e+00
2.184566557572162449e+00
2.092050569867554444e+00
2.144317989993830942e+00
2.193764489689291164e+00
2.367981617925286830e+00
2.454693862100373991e+00
2.242922717553569978e+00
2.298884734074576830e+00
1.929105145451006864e+00
1.949113717612942942e+00
1.780479173003766569e+00
2.154390834078018013e+00
1.921501913775242931e+00
1.967623678970693790e+00
1.752210048382132346e+00
1.677673818272191530e+00
2.028135545876292412e+00
1.649603514198325627e+00
1.987664378145812538e+00
1.472670580161243636e+00
1.394518659800136673e+00
1.156832177265455064e+00
1.358340406074609596e+00
1.600939448146509125e+00
1.739015345529546952e+00
1.974229599047496508e+00
1.842670626607732842e+00
1.872150017258366494e+00
1.523829256290098799e+00
1.579705955208740464e+00
1.417176156221727323e+00
1.651355543725301578e+00
1.450115331160511500e+00
1.209878574275669472e+00
1.504865327025176169e+00
1.582007648711670988e+00
1.798310876926699997e+00
1.588286366091940405e+00
1.802751213388539941e+00
1.495253538311760666e+00
1.342287455458314849e+00
1.684588315274514247e+00
1.861433204929338503e+00
1.854530256477461947e+00
1.836394399198423732e+00
1.642056278935462021e+00
1.495719261305367365e+00
1.427740681869408279e+00
1.049242093460692082e+00
1.373040303227371250e+00
1.425006701572465895e+00
1.396742037039689244e+00
1.452819052126992361e+00
1.692468037695961103e+00
1.453292253817192403e+00
1.420063621853655533e+00
1.796223077786083699e+00
1.674336892159109969e+00
1.804816075634728012e+00
1.569781590254959225e+00
1.910862329829998707e+00
1.770510855452737120e+00
1.852436824963953788e+00
2.084211492023415158e+00
1.850770446992752838e+00
1.701571212925662158e+00
1.771475757972875931e+00
1.372100747494062745e+00
1.847893541421791630e+00
1.628759093730120400e+00
1.909339816044739013e+00
1.893974710782658555e+00
1.639399462988194278e+00
1.583714980543565076e+00
1.870670735061355394e+00
1.348339985778136851e+00
1.122681467132393918e+00
1.151767461709436224e+00
1.307114517839585321e+00
1.359015461480421072e+00
1.174063369154838554e+00
1.152215397356231907e+00
1.120461816141962386e+00
1.405099097050162005e+00
1.442041371798088001e+00
1.599651908945281420e+00
2.118974413125573442e+00
1.865991393407797183e+00
2.014087995576473666e+00
1.952842981276637024e+00
1.975399875297156660e+00
2.111882722424940351e+00
2.035012739957545502e+00
2.107901154863808468e+00
2.093503972880332409e+00
2.025143658092954713e+00
2.558994930406316648e+00
2.557422120055706571e+00
2.578939500056517176e+00
2.478222200647504536e+00
2.122077266930240569e+00
2.409446712519202283e+00
2.300591341312061111e+00
2.278417217868903055e+00
2.105341691447451424e+00
1.811743866453647600e+00
1.905816739724424780e+00
1.494991949273644538e+00
1.880457193656326798e+00
1.531250549361886426e+00
1.889839544738029620e+00
1.493925285744337028e+00
1.668165078281127478e+00
1.688509161438890960e+00
1.356466643018292118e+00
1.633846168233128227e+00
1.364624738614791832e+00
2.080597042380863737e+00
1.521491224193025626e+00
1.502358860655784945e+00
1.444610700993605557e+00
1.370002889218745246e+00
1.700793910117149199e+00
1.714912149142184594e+00
1.459418249780787935e+00
1.172128542381989158e+00
1.613618850441268293e+00
1.679274400303679915e+00
1.799452755871977061e+00
1.612557826016590923e+00
1.745946625997175206e+00
2.064660036466211768e+00
1.908584203837445648e+00
2.105094043216158894e+00
1.825490327182359040e+00
1.518618813492958353e+00
1.969201037717316360e+00
2.003821153176767123e+00
1.522221955043769226e+00
1.791825361658328619e+00
2.038733973916527997e+00
1.671804552216777040e+00
1.951851181860959628e+00
1.917310857622473108e+00
1.904555892860723576e+00
1.847400475869441339e+00
2.018961184002364018e+00
2.182682122443544870e+00
2.052786657620643052e+00
1.988422504481661024e+00
2.067703218033174917e+00
2.256250427136321512e+00
1.862532662329347222e+00
1.497695533143349245e+00
1.813208750195033137e+00
1.860325119462394428e+00
2.282564514776576736e+00
2.269998798885986435e+00
1.991509747819065979e+00
2.015553480384569163e+00
1.567665134442000729e+00
1.387571159078348160e+00
1.884170942208533095e+00
1.851937915901410436e+00
1.527508571030177675e+00
1.371481362352594102e+00
1.544507068788210979e+00
1.507801251035815193e+00
1.558489735858384684e+00
2.214592545915239796e+00
2.081978801365918397e+00
1.852596549569089923e+00
1.815693043227385672e+00
2.370669647441679739e+00
2.554894425058691354e+00
2.360658779177678301e+00
1.945192132352173475e+00
1.822033323391057724e+00
1.645876881469352515e+00
1.696243196606610049e+00
1.425420429104032438e+00
1.351598165243390604e+00
1.226883233996725497e+00
1.463952376113728304e+00
1.762061266458359032e+00
1.346747807082131709e+00
1.805644918456343451e+00
1.479121237511180187e+00
1.177702870466669438e+00
1.900100012399694727e+00
1.851242341569247163e+00
1.862680739762486715e+00
1.970444748955652914e+00
2.074628148809036343e+00
2.143222214614557419e+00
1.905827603559096861e+00
1.541961998850738036e+00
1.426341937253922110e+00
1.338634779724217294e+00
1.210316537617665000e+00
1.308931065028169360e+00
1.214228939364424331e+00
1.771365528141166212e+00
1.555825763482272306e+00
1.607117171424007118e+00
1.781167443768895797e+00
1.754896322162848410e+00
2.270378026988641107e+00
1.753936918573889558e+00
2.106888498147621913e+00
1.874801062539511509e+00
1.525188808682906183e+00
1.936547488104893411e+00
1.814753421846992953e+00
1.475951956017432565e+00
1.283339953114857268e+00
1.315662225536636365e+00
1.048150003789092288e+00
1.119041362062926259e+00
1.622976870957243412e+00
1.184239963106813232e+00
1.138771767418226721e+00
1.422518437345050124e+00
1.162252634188737588e+00
1.319508013680081859e+00
1.258613010258377685e+00
1.466980008532655866e+00
1.435103997603170756e+00
1.258085909015815185e+00
1.390446255829319799e+00
1.648316204125930717e+00
1.991310857523937550e+00
1.730308400231625132e+00
1.915974717859720844e+00
1.904089725212652073e+00
2.088437955995499973e+00
1.391507482810089735e+00
1.648281612560132503e+00
1.711835916528659629e+00
1.648866481907308446e+00
1.890737381003171791e+00
1.741943909197931184e+00
1.922839666877387277e+00
1.035711954127632284e+00
9.731837021917538744e-01
1.088335472454615482e+00
1.083282139674990541e+00
1.281215738750411726e+00
1.386473045941521542e+00
1.476448619727545264e+00
1.608061152934666005e+00
1.723073881029068888e+00
1.776718513730273230e+00
2.239289628150392897e+00
2.196596990626810797e+00
2.210029172782495888e+00
2.135905777752256984e+00
1.770388291347243070e+00
1.441224132229178778e+00
1.597714748332897505e+00
1.740735159448694391e+00
1.612797786506132924e+00
1.798489617210093261e+00
1.289684588573392077e+00
1.356281360931955060e+00
1.588849778656958200e+00
1.708693308098364172e+00
1.465303327606674699e+00
1.328365298879452761e+00
1.851996632303875234e+00
2.006651699676401890e+00
1.698421700442536153e+00
1.686851270982522522e+00
1.630541512567676765e+00
1.675811317864168037e+00
1.659957604061898850e+00
1.549455806501502275e+00
1.847475720785318742e+00
1.623910836860078533e+00
1.207031954248253047e+00
1.393236679984787729e+00
1.477589618308436270e+00
1.625734661972248141e+00
1.745805710672195588e+00
1.457392854000510773e+00
1.295198907978125868e+00
1.565364382790484177e+00
1.339273435775749865e+00
1.293766119666261538e+00
1.161160889870137769e+00
1.542992347489211102e+00
1.589071469381990509e+00
1.356084456635497482e+00
1.064579587061629251e+00
1.356593343459977508e+00
1.099247767144376775e+00
1.305428864556966717e+00
1.261718912980823504e+00
1.502769557505702291e+00
1.456464790715098934e+00
1.703579955369814769e+00
1.324655155434945719e+00
1.269821242520711602e+00
1.436593294305798629e+00
1.598929710342823274e+00
1.806313354022448525e+00
1.745502027668150324e+00
1.580544718836367712e+00
1.930633254874041471e+00
1.768435181625639174e+00
1.595619404383910700e+00
1.619806965290453427e+00
1.499958838116230764e+00
1.735926129123673167e+00
1.946626074993659250e+00
1.942032405076283386e+00
1.680685242650927336e+00
1.571695322676679218e+00
1.757901956907533148e+00
1.581297969348222310e+00
1.922356099377665828e+00
1.823874897108164639e+00
1.657693275536102906e+00
1.215341834266919108e+00
1.767406306992498788e+00
1.393210140498936100e+00
1.297014099538213339e+00
1.221760279708342223e+00
1.317624159538871353e+00
1.292211910377900397e+00
1.122776605876278255e+00
1.042470757315356877e+00
1.042928670910326039e+00
1.416320496824020614e+00
1.409573104620022832e+00
1.413832003778782820e+00
1.342408805353999313e+00
1.462866532840368050e+00
1.497359877129074590e+00
1.550746474439477440e+00
1.748326766775767815e+00
1.431993355254035816e+00
1.486758650148944483e+00
1.689593124632315924e+00
1.472821631888594496e+00
1.808678728939121516e+00
1.559802115266301747e+00
1.626045554021996686e+00
1.846922038211487704e+00
2.214216607889067490e+00
2.208484132352779739e+00
2.267696393563034984e+00
2.055526091883303152e+00
1.769783271872728880e+00
1.728598140272724626e+00
1.451652435233895533e+00
1.543250878311226204e+00
1.563821916824186253e+00
1.719588290539451281e+00
1.538922150609156825e+00
1.398909673570426726e+00
1.822601601763345514e+00
1.979267471008023804e+00
2.507755123600571956e+00
1.724475321842186437e+00
1.693996035424711000e+00
1.478568823557371736e+00
1.674557268840960234e+00
1.361578204710567341e+00
1.493321695419445483e+00
1.550043277487073157e+00
1.845625950992871855e+00
1.871593930170702968e+00
1.504638337217821586e+00
9.111875008200945869e-01
9.595335626193635115e-01
1.111865351103284993e+00
1.501682507683545165e+00
1.112504221395922199e+00
1.054278781709613311e+00
1.364450651168476414e+00
1.587832249906759197e+00
1.132569822249995806e+00
1.362294964330636571e+00
1.696348669480813420e+00
1.226840069237050912e+00
1.835042060858425250e+00
1.998420736099375539e+00
1.677754240867861402e+00
1.956731706601612775e+00
2.079505534622280827e+00
1.975601781223394360e+00
1.863764477281516507e+00
1.507257412207949621e+00
1.282180078933031986e+00
1.151544190027423253e+00
1.244881514656098309e+00
1.115158280767849064e+00
1.408401184545874596e+00
1.219693527683560319e+00
1.017381583752134278e+00
1.117587981807155240e+00
1.227153117524857118e+00
1.032944153749038474e+00
1.101878504395516378e+00
1.183810207583612550e+00
1.095303681521158756e+00
1.478125753687715482e+00
1.287357117929690986e+00
1.318305823534589027e+00
1.490912325053408427e+00
1.730477539265282250e+00
1.622364583280321071e+00
1.558675905811660600e+00
1.262106062048020894e+00
1.378659258926724585e+00
1.352935670653250044e+00
1.525899696879230660e+00
1.213656548401816915e+00
1.869700638553652317e+00
1.863615715179227195e+00
1.669544792496282071e+00
1.456153852614192834e+00
1.671177553520831527e+00
1.370068537710145362e+00
1.497223312856178490e+00
1.656224675656865264e+00
1.426593814033856766e+00
1.242305694155873219e+00
1.300937697698658191e+00
1.358555054982515387e+00
1.488707107945972830e+00
9.230439368536024203e-01
1.310325309872384603e+00
1.205907342386042025e+00
1.003768926131000550e+00
1.155653856491493325e+00
1.373342195345283567e+00
1.333110352836293311e+00
1.363535388309743190e+00
1.356163197655590791e+00
1.331449352079439485e+00
1.407563250649238595e+00
1.323325387156511157e+00
1.235400360399327324e+00
1.242327498908423422e+00
1.447655976807224132e+00
1.708897789655684951e+00
2.101953646377927143e+00
1.436077830602483729e+00
1.340771087785197269e+00
1.414351435186350425e+00
1.489598795238225026e+00
1.740220493024118298e+00
2.122056326129464932e+00
1.801660254657027282e+00
1.563066197063028850e+00
1.190029091950823181e+00
1.191324130536870474e+00
1.704429441747253193e+00
1.600487915284723561e+00
1.629305658504836885e+00
1.536289202852440861e+00
1.679804924946278977e+00
1.719595972589897492e+00
1.817828060506490928e+00
1.964951476539994690e+00
2.186450651764626052e+00
1.738607711931475563e+00
1.693961889017520095e+00
1.543489675533558092e+00
1.095506920684709007e+00
1.383598050542507174e+00
1.176346137630730260e+00
1.112352688350522145e+00
1.440952288222136612e+00
1.608506902198750810e+00
1.911321590279011717e+00
1.818996185436803081e+00
1.882725549489386196e+00
1.974509485798887187e+00
2.035664171590817695e+00
2.074172442453354304e+00
1.873894822408860739e+00
1.676487051693700714e+00
2.003269477179313807e+00
1.334621054900770654e+00
1.288648207983695393e+00
1.157585858378515020e+00
1.579009644419773206e+00
1.425239033522289978e+00
1.164640566076763806e+00
1.496455685352906517e+00
1.608074637108394045e+00
1.334570193332814458e+00
1.429089341010558956e+00
1.479216364801402284e+00
1.565205749080286424e+00
1.361026948299589145e+00
1.221365024075914851e+00
1.477030779840138974e+00
1.669125828165983094e+00
1.398531838282235817e+00
1.490593453818194192e+00
1.749911396816435261e+00
1.423912916211570234e+00
1.253776924833527318e+00
1.320785379911711743e+00
1.612169972197418977e+00
1.165440490661477480e+00
1.295865670040447615e+00
1.328610999462680464e+00
1.579927142213748859e+00
1.638770632354044299e+00
2.138431893477220846e+00
2.025761710648306568e+00
1.918838889968682127e+00
2.008710526490030457e+00
1.737837828024077158e+00
1.568065756995252524e+00
1.513693119455801650e+00
1.629924888028074337e+00
1.887536443828762289e+00
1.752324281214582946e+00
1.713265583417404203e+00
1.527813264374950908e+00
1.410785249346870662e+00
1.624049639542425316e+00
1.466168368393815591e+00
1.324116471354469082e+00
1.482088637300441603e+00
1.459152257090332583e+00
1.185488794898833742e+00
1.082119006242240333e+00
1.833451240643256597e+00
1.738745123835853335e+00
2.257317067287498702e+00
2.130662155928346291e+00
2.315164324794062090e+00
2.255583335794427935e+00
1.894795487006143198e+00
1.732925455901080714e+00
1.842733473242436082e+00
1.763178792514898063e+00
1.823805398654741117e+00
1.914404909717561498e+00
1.596848437207859739e+00
1.367751943018127747e+00
1.331326868140186193e+00
1.567731598211392630e+00
1.680791412004030150e+00
1.883354589975272164e+00
1.619188479033869088e+00
1.774471319731806052e+00
2.135503409556162691e+00
2.142672852145007578e+00
1.845699654926683753e+00
1.890672589877563814e+00
1.289029723436861730e+00
1.783129714111061137e+00
1.470708890475187935e+00
1.742703972340124086e+00
1.880146806453887542e+00
1.693109757387305514e+00
1.285659979553221532e+00
1.226968102684987016e+00
1.348780643132489576e+00
1.367937886992470764e+00
1.642258886008185037e+00
1.400753657492667115e+00
1.203103436984597208e+00
1.090810130237756859e+00
1.261434980221153301e+00
1.368569868824432323e+00
1.577562226446405313e+00
1.408315960841332481e+00
1.578490744861613893e+00
1.442052602781801696e+00
1.517182679552395275e+00
1.775648877877571641e+00
2.258172702467834636e+00
1.539360791862224076e+00
1.941671096359517623e+00
1.704907676572853692e+00
1.878799257660395572e+00
1.988064363297554538e+00
1.559850833957707961e+00
2.102556774141034257e+00
2.367115764507703002e+00
2.136721498990741264e+00
2.145625064584692154e+00
2.427055194897580037e+00
2.058308274835682461e+00
1.721096352700986376e+00
1.576026676439805208e+00
1.438643605297040828e+00
1.792139302493553688e+00
1.912429612672006618e+00
2.422099662814638066e+00
1.808525745842708865e+00
2.014965886352197089e+00
1.912397671867526627e+00
1.707625392611777260e+00
1.719766266466230098e+00
2.036407391139292145e+00
2.082363047444990567e+00
2.294993906037911646e+00
2.430399688278187753e+00
2.289732832940253537e+00
2.430157338235286346e+00
2.137293494330618326e+00
1.921046912352996294e+00
1.678868283954802143e+00
1.215323724502499037e+00
1.227443227197728692e+00
1.893898802413378268e+00
1.947014759697464958e+00
2.041788075608956810e+00
2.116799235303262527e+00
1.704724499080465527e+00
1.326604928827355590e+00
1.756254382677323811e+00
1.773308502533140318e+00
1.669744872970914562e+00
2.024330121124093829e+00
1.855821357315162290e+00
1.981763215483027141e+00
2.161683824003483689e+00
2.089153208949565688e+00
1.968037941127604773e+00
2.101594004253109826e+00
2.195057229927788622e+00
1.938181119944759390e+00
1.922519591629513247e+00
2.106917203124774485e+00
1.711591906824972531e+00
2.158377199930278767e+00
2.014640396103069886e+00
2.356592492113531723e+00
1.941802894775618071e+00
2.186339941428425693e+00
2.192302613084426977e+00
1.924370906659597980e+00
1.359835980317765980e+00
1.581143433739156112e+00
1.584061016840140779e+00
1.812483614715922231e+00
1.932280813624544180e+00
2.179314760086441094e+00
2.156505286157047063e+00
2.331802442183625868e+00
1.930848888382092232e+00
1.413383716919588418e+00
1.172717939589632330e+00
1.167928036702456929e+00
1.238488168399738631e+00
1.340670307655282834e+00
1.353050992952974596e+00
1.577968212456319907e+00
1.649823006727412888e+00
1.717642763432074338e+00
1.531490990274653186e+00
1.573840820892158376e+00
2.053575068072642118e+00
1.986098444844966115e+00
2.240180737668538757e+00
1.871247978227611686e+00
1.448826183821695812e+00
1.377121729615536250e+00
1.385177382162903870e+00
1.408126685991697657e+00
1.321252957270156347e+00
1.514090713770604335e+00
1.943904753640983474e+00
1.720531154459272516e+00
1.986620381361110965e+00
1.758638108024363156e+00
2.046029792134502756e+00
1.594686767231546121e+00
1.804677543439359599e+00
2.475494921436204088e+00
2.544508899819937220e+00
2.289078937985256967e+00
2.082414818817596380e+00
1.804979000241771603e+00
2.001355148743995560e+00
1.878278823252665930e+00
1.766160666962269588e+00
1.359084536600729365e+00
1.020711636401051114e+00
1.116901369606848382e+00
1.080249440245553361e+00
1.300918418327819293e+00
1.234378392418716830e+00
1.091893180809642372e+00
1.196588879935796212e+00
1.359998128872900836e+00
1.585171409201046933e+00
1.519878868072105593e+00
1.625916953103018869e+00
1.854623703031442972e+00
1.886417420608323514e+00
1.789600013155823177e+00
1.466490967376411492e+00
1.444525612755446664e+00
1.774636507889485459e+00
1.529470577708455625e+00
1.336859112556741502e+00
1.440967442521785769e+00
1.354520892227234929e+00
1.160423706898162211e+00
1.600986781420058236e+00
1.780092225936060535e+00
1.327467274072620995e+00
1.696373251170401275e+00
1.464999611221761366e+00
1.676112136529495977e+00
1.317594930939842479e+00
1.216455850650071779e+00
1.074097240250823537e+00
1.192797125160627081e+00
1.319787079629821669e+00
1.374738170017549388e+00
1.311769651615412036e+00
1.649750512796010815e+00
1.289642269904103244e+00
1.435755880722245026e+00
1.752701096268519665e+00
2.286084066182068941e+00
2.104478952393487035e+00
1.804665650964458967e+00
1.812408588553129363e+00
2.048404517792554724e+00
2.536019986184285369e+00
2.555258548057176782e+00
2.493511540095127543e+00
2.282294700610864702e+00
2.185592692883355337e+00
2.010371760167041888e+00
1.626608610497072283e+00
1.526703662820707796e+00
1.208695661884262140e+00
1.192714953842793690e+00
1.303126656050260124e+00
1.351963447291107734e+00
1.438077552532667447e+00
1.466884321029604088e+00
1.314614151436190204e+00
1.399548100916468973e+00
1.872862397000573997e+00
1.889405486289188252e+00
2.180381606507677983e+00
2.015131748734482642e+00
1.499839652840533333e+00
1.834392561657669951e+00
1.712638837226545085e+00
1.904040861396565809e+00
1.610176689658228799e+00
1.694246973429280878e+00
1.782352694290179729e+00
1.672210932087059509e+00
1.442389366013570040e+00
1.711737397825446427e+00
1.626641229123425791e+00
1.819192464637676698e+00
1.653991261158639148e+00
1.163470848760322029e+00
1.276640878427968806e+00
1.381506356451118300e+00
1.288985729644785083e+00
1.388586563535161744e+00
1.453169121087493521e+00
1.049978058142298165e+00
1.212798090054312938e+00
1.195012701680288725e+00
9.897462824586302776e-01
1.011525800240388406e+00
1.050007745162587325e+00
1.151387756266463169e+00
1.151984571043661587e+00
1.058175524593332417e+00
1.384662018880872925e+00
1.102922251388440911e+00
1.280939628347949943e+00
1.370626021057340438e+00
1.457334802365061410e+00
1.279297512539102399e+00
1.346190361451952588e+00
1.411452327339516311e+00
1.535341493524251755e+00
1.698466916064589771e+00
1.703146175371514692e+00
1.325099452884014539e+00
1.603598966412052906e+00
1.347609659818875372e+00
1.248282651010685251e+00
1.270384388343571702e+00
1.631893595060186719e+00
1.186002030903536175e+00
1.183990909997773455e+00
9.729239672747983514e-01
1.237483688135244009e+00
1.118481962988620237e+00
1.168263797141222637e+00
1.035038074464278202e+00
1.189092032405793864e+00
1.528086945760549931e+00
1.520667347795140678e+00
1.428558681289695320e+00
1.800283199417620938e+00
1.613061409096218313e+00
1.769753730013075232e+00
2.001724734781681558e+00
2.096327573825431667e+00
1.798318141637941681e+00
1.617513882837408490e+00
1.446342032243743914e+00
1.556955428471358927e+00
1.111689232088920676e+00
1.064403923190704093e+00
1.300505063462920496e+00
1.040921397578159047e+00
1.131487184374827537e+00
1.188695680660319054e+00
1.174215468791644623e+00
1.559536861054769741e+00
1.542335456238627334e+00
1.573246164024811877e+00
2.196025726539329259e+00
2.084336724424854737e+00
2.017325591496482495e+00
1.950643957780134663e+00
1.840614686546973466e+00
1.709979449668552753e+00
1.402187291244170186e+00
1.794789291132092401e+00
1.816508053995796068e+00
1.652485964537592444e+00
2.268907556760998201e+00
2.065438129332532124e+00
1.837296282544166104e+00
2.034156155737145255e+00
1.986364758447426215e+00
1.452827326467100777e+00
1.657372791936674972e+00
1.494452942190755529e+00
1.319162893354496546e+00
1.428109442159497755e+00
1.166360318242766203e+00
1.287734504814973091e+00
1.619996730889623926e+00
1.557814493200647910e+00
1.588860174391996338e+00
1.661674130688040485e+00
1.806460400219443985e+00
1.948130246746058836e+00
1.844047352441771315e+00
2.105278699470470638e+00
1.918266677603849946e+00
1.906765625335663961e+00
1.908612732027046732e+00
1.598212897167671898e+00
1.568023097684711153e+00
1.699649700176917522e+00
1.877659137690231850e+00
2.072154409181771406e+00
2.259126386983739021e+00
2.336382602959740318e+00
1.987254611667083282e+00
1.668616986451991302e+00
1.916650241890571316e+00
2.308361620636950828e+00
2.377010278544096078e+00
2.023014456520199289e+00
1.704551300940705616e+00
1.605422327866966814e+00
1.878899804404752238e+00
1.937010119352472692e+00
2.090337699135749183e+00
2.263936255974576817e+00
1.822563507903077751e+00
1.863016850648011591e+00
1.413993087708869334e+00
1.596911354714899645e+00
1.409591670759852811e+00
1.625355369189412258e+00
1.500865286319384539e+00
1.251396963288236241e+00
1.415622361237583560e+00
1.807550931884721823e+00
2.078336434940905697e+00
1.817455494893448265e+00
1.568132841293371937e+00
1.401768502723177212e+00
1.719221886906106000e+00
1.706142517156338245e+00
1.855262489255360414e+00
2.034219583948655874e+00
1.786137378587066671e+00
1.438337979798344879e+00
1.548829922619455735e+00
1.545028151167143537e+00
1.755866205044281259e+00
1.452011132428278728e+00
1.682943081580918321e+00
1.504455344637126268e+00
1.549973622014396035e+00
1.551303445880478415e+00
1.860036475830555425e+00
1.557348554591196921e+00
1.422433586553687679e+00
1.292657264741525980e+00
1.608324697038902462e+00
1.637429469503488777e+00
1.380814086368101101e+00
1.201476033246725139e+00
1.156928581412438151e+00
1.399590345395249180e+00
1.057253406249208716e+00
1.247732470392090676e+00
1.155158314607056758e+00
1.384296746467123196e+00
1.616604797729202403e+00
1.443202894718882634e+00
1.622091516170108605e+00
1.581276784596043816e+00
1.674569608547363364e+00
1.406792814409014492e+00
1.164217904314456709e+00
1.002559036920358304e+00
1.212681238491517099e+00
1.436987621012521199e+00
1.181375128946817510e+00
1.643207710815574929e+00
1.874817887555724205e+00
1.494759410868338634e+00
1.325471602781536085e+00
1.809912803305304685e+00
1.737064620113256685e+00
1.251720836191917208e+00
1.085428720438518235e+00
1.307948557695842950e+00
1.608113953544474173e+00
1.588867287120915961e+00
1.648107141181002433e+00
1.647026855306684467e+00
1.675823021847417937e+00
1.768333077682798127e+00
1.801087495336194166e+00
1.452612479150076075e+00
1.487649819237180981e+00
1.608537725625956316e+00
1.566886360121912958e+00
1.555555517215207573e+00
1.668138362985134071e+00
1.869844241060219403e+00
1.915016376716724311e+00
1.925137494791852255e+00
1.959451136900731916e+00
1.824972969978797099e+00
1.987675570745110365e+00
1.999607466847018733e+00
2.610173495506202368e+00
2.502737238396598674e+00
1.726219978243470621e+00
1.604141497416161188e+00
1.467864026061406868e+00
1.435222653667976411e+00
1.902495810127315501e+00
1.889799046019485118e+00
1.870110486939798200e+00
1.629193709599398687e+00
1.656360939093750151e+00
1.825722163717262703e+00
1.510130365076783221e+00
1.783367190360342081e+00
1.851164043694706551e+00
1.355639078016722010e+00
1.424583024374107332e+00
1.507013587899200591e+00
1.802235721305312399e+00
1.730805826720266838e+00
1.823570437705725356e+00
1.544765019914886794e+00
1.321963332484931808e+00
1.618960921554164489e+00
1.386098828636810110e+00
1.496279262343825467e+00
1.335913292009783815e+00
1.378044861211485506e+00
1.514671025638246737e+00
1.904816199684156608e+00
1.915773030858662684e+00
1.926768465524060225e+00
1.817185139738242361e+00
1.279344949979887902e+00
1.149193703611474104e+00
1.338739867906047820e+00
1.643830103472541104e+00
1.871530577364795667e+00
1.631440998559326561e+00
1.236775089169593889e+00
1.747182269077604877e+00
1.377040016749514706e+00
1.446797094007769013e+00
1.446145309486598141e+00
1.611644651139483519e+00
1.201911332091599949e+00
1.127942498548919481e+00
1.115643349576237009e+00
1.537483104052355332e+00
1.604143008312841623e+00
1.554626459801122351e+00
1.911177486351508525e+00
1.663693092519805905e+00
1.657484760796222645e+00
1.503518884586747761e+00
1.835806568591082488e+00
1.700061712555133386e+00
1.493952969288005583e+00
1.422345164343769452e+00
1.338943108015801187e+00
1.494292205292697018e+00
1.246991913319495771e+00
1.236700264917922398e+00
1.172784071375956527e+00
1.381480254134990648e+00
1.404229026515669831e+00
1.237909047749854663e+00
1.591414871766802186e+00
1.999790719950538476e+00
1.767351929274265210e+00
1.609720251498670596e+00
1.300395933726712361e+00
1.610297164450165797e+00
1.359810850609046051e+00
1.220022662796180546e+00
1.273540145821034919e+00
1.866009292299119826e+00
1.541208193084877998e+00
1.887695676400885647e+00
1.936045778627308422e+00
1.906102516775014966e+00
1.800246592224739928e+00
2.186497478071135259e+00
1.663393798349995567e+00
1.914032431213735563e+00
1.814352268672366097e+00
1.539009932879546128e+00
1.725756772404363204e+00
1.616318523522020101e+00
1.572539879246491301e+00
1.461629587388241225e+00
1.366621204818046165e+00
1.397845744573439797e+00
1.685801525143234558e+00
1.653291619947175661e+00
1.574093706659646541e+00
1.527822015258372801e+00
1.174126017773482689e+00
1.322771628958883783e+00
1.347909319816657625e+00
1.377326532750441590e+00
1.446146253148600680e+00
1.561311630781538007e+00
1.622903381973633152e+00
1.852734137931622005e+00
1.828587923335390109e+00
1.886980690985342823e+00
1.714663558558106260e+00
1.754278356792079441e+00
1.902284455054998435e+00
1.514965530661269932e+00
1.980514408606674381e+00
1.888845103816433779e+00
1.713293730076221655e+00
2.365608774482844012e+00
2.314978747174612828e+00
2.400682045302618750e+00
2.294133179844748849e+00
1.935999827331349898e+00
1.628845716451626791e+00
1.534223574511169197e+00
1.632911581932141587e+00
1.948403527520194745e+00
1.728618937598186411e+00
1.608815965135273363e+00
1.562833988010249753e+00
1.333796334806635064e+00
1.470393172133943605e+00
1.621533891001934125e+00
1.397034406290824426e+00
1.452037310493992095e+00
1.591425327493589448e+00
1.342230689378128616e+00
1.696710371477819779e+00
1.625099827705748456e+00
1.804327666602634883e+00
1.719916221994465921e+00
1.375498305691757572e+00
1.544613189428448052e+00
1.308693544706988066e+00
1.360609916853888102e+00
1.492856028331313922e+00
1.057239453355920178e+00
1.203710948846746120e+00
1.513392091739951262e+00
2.088285122666916127e+00
2.166981919029856929e+00
2.257769350019521948e+00
2.076442367607471251e+00
2.139366138509264825e+00
2.002871208370579303e+00
1.659674646053586944e+00
1.253972790212579680e+00
1.554794400590712167e+00
1.882174611720859758e+00
1.943573547486990183e+00
1.510044534794429127e+00
1.399467328931773169e+00
1.252414516949170276e+00
1.145320433840172347e+00
1.187529678291043611e+00
1.294840642507145478e+00
1.494608715117055731e+00
1.254852560141959117e+00
1.738336495840874907e+00
1.584906979918655479e+00
1.827473545160349877e+00
1.619114573531069246e+00
1.550487017150941282e+00
1.642027724377544962e+00
1.564831382605647248e+00
1.782812289283201679e+00
1.934844944976362502e+00
2.025020170736237191e+00
1.640491623400487375e+00
1.531302195957605417e+00
1.415209462382399197e+00
1.705256538464821503e+00
1.603791274432058600e+00
1.557032516182350612e+00
1.381781105260487585e+00
1.335041900826511974e+00
1.244745975036728014e+00
1.592655178265877547e+00
1.864053911674776076e+00
1.608712162768784371e+00
1.781202047936974786e+00
1.559080088057023472e+00
1.750611094338804241e+00
1.799193040063553628e+00
1.698887330789150996e+00
1.514402305137711791e+00
1.601440659967318769e+00
1.921651896940088866e+00
1.717136136805039959e+00
1.961086158795273482e+00
2.187331545689070289e+00
2.204542382422863600e+00
1.936598216348172530e+00
1.990760318390935701e+00
1.899161772341905197e+00
1.800677408656728096e+00
1.845582761028095042e+00
1.989293736664502932e+00
2.053400204267150642e+00
1.995398137656461124e+00
1.678515310903113900e+00
1.773437026145591178e+00
1.712211221851006826e+00
1.345943234295365443e+00
1.452380258422085291e+00
1.287042030301684958e+00
1.614561805496936842e+00
1.296494493288585126e+00
1.874136935355395828e+00
2.296860384559593626e+00
2.105119094974090554e+00
2.026927835826213720e+00
1.777353483260583733e+00
1.885446050325155554e+00
2.019726976984422162e+00
1.466825037423141076e+00
1.565418309134597008e+00
1.770509061695650921e+00
1.250721223238430602e+00
1.258777002924856170e+00
1.373444834622131960e+00
1.999257567087248111e+00
1.884112824911204243e+00
1.768940687761036745e+00
1.894966822365668824e+00
2.137713467167367209e+00
2.515756064712974194e+00
2.250549493335596285e+00
2.085675587364968830e+00
1.651250829890017036e+00
1.486384230464748768e+00
1.422817716468857574e+00
1.426581114673221462e+00
1.811475092722296898e+00
2.101303462170109437e+00
1.916473399105121489e+00
1.696772960411113917e+00
1.746572288994132638e+00
1.796243680863235603e+00
1.404668904787069961e+00
1.366691337717923505e+00
1.495434475039351341e+00
1.250830839746125855e+00
1.434012221232150441e+00
1.872683430280877026e+00
1.752754820150881576e+00
1.700073307442050652e+00
1.567785524843801515e+00
1.482786173777698613e+00
1.441540855361352236e+00
1.433651403904666832e+00
1.480577775883159308e+00
1.354527799406580080e+00
1.167579478295341255e+00
1.927399098817780043e+00
1.497820443826811232e+00
1.580999096378038038e+00
2.161292563445807779e+00
2.063385272692064287e+00
2.197907353829995802e+00
2.015793193172609410e+00
1.888734597921684077e+00
1.719890655025036796e+00
1.673709972479224595e+00
2.100849162645842316e+00
1.990997261695202969e+00
2.006849404637473633e+00
1.865634179771214818e+00
2.134457907299822654e+00
2.007892726125258154e+00
1.997678731066329760e+00
2.058418559226012245e+00
1.824959605427912468e+00
1.863381784575245836e+00
1.327257970705810974e+00
1.553517094117732533e+00
1.298475920343092893e+00
1.355752106756597852e+00
1.142985182113886777e+00
1.115505937285198312e+00
1.592043443578119444e+00
1.578373129896277760e+00
1.835084629892457464e+00
1.559841163754153381e+00
1.721288519240045334e+00
2.048455836662694374e+00
2.214247635812899073e+00
2.007974802793909941e+00
1.799631557158021922e+00
1.754963993653847032e+00
1.457917016057063364e+00
1.223511497593883668e+00
1.277349506625594433e+00
1.345983402811450125e+00
1.598046535845259797e+00
1.258745509553421016e+00
1.105425910775757137e+00
1.086886396692113399e+00
1.391108808750758152e+00
1.123052480835080136e+00
1.020627203036791997e+00
9.949589212065487187e-01
1.106212109702242818e+00
1.245648467668356130e+00
1.458962223284274495e+00
1.619542599901247604e+00
1.909240065817744414e+00
1.866523071597734118e+00
2.345980911913774669e+00
1.943558218134809223e+00
1.861374547360415965e+00
1.854028235040409811e+00
1.737190137715315164e+00
1.414726785319337710e+00
1.400116633215505280e+00
1.739023989465940945e+00
1.338798724905313930e+00
1.548640163742444287e+00
1.708635822713014285e+00
1.916857785815285986e+00
2.039137861659461759e+00
2.016554538341821523e+00
2.141473766059930117e+00
1.891686933193862608e+00
1.618428583836863499e+00
2.068309755925620941e+00
2.203517622956764566e+00
2.186420177000977461e+00
2.110143751840827253e+00
1.596932729941290319e+00
1.149013945784665314e+00
1.014191075722480573e+00
1.065618012871234033e+00
1.491689763544814529e+00
1.613646633866032465e+00
1.204130989808427143e+00
1.251654461624272630e+00
1.646649913860943615e+00
1.797482063705620137e+00
2.094646750248307043e+00
1.472466263578460222e+00
1.188728027137666343e+00
1.214257872942882566e+00
1.144320227956715730e+00
1.549576645783219853e+00
1.387444786719895795e+00
1.576441071894483903e+00
1.500129313472037706e+00
1.331292860144632328e+00
1.346174373691080728e+00
1.121476287745257983e+00
1.513881393302996425e+00
1.443093294836439000e+00
1.454555716513021180e+00
1.497140119668961100e+00
1.680205057387621270e+00
1.472153874024962450e+00
1.409007325542861899e+00
1.604871875848265406e+00
1.532349262278679403e+00
1.470772402602758433e+00
1.407221840119895040e+00
1.356311750853144815e+00
1.625510544254844092e+00
1.398506818466538126e+00
1.402554871703808326e+00
1.267973289698248074e+00
1.539062351752514379e+00
1.321303162646489504e+00
1.393870208481573281e+00
1.512436511368122183e+00
1.496626975378731572e+00
1.466550436267811675e+00
1.589258308377503370e+00
1.410260298252643762e+00
1.465684168391357733e+00
1.221764447816610311e+00
1.123218487897451823e+00
1.345963377805591943e+00
1.264195126887321941e+00
1.247052504492553560e+00
1.213976336775446363e+00
1.395165200531142347e+00
1.328412601028446716e+00
1.607115577261523320e+00
1.031454226420652542e+00
9.854540518086207790e-01
1.125989064782990878e+00
1.527568552312342121e+00
1.762575628106339609e+00
1.710674499742874222e+00
1.901451797967962598e+00
1.854038695277310911e+00
1.870132124393101725e+00
1.964687411982281251e+00
1.698312210914689091e+00
1.371874278739303232e+00
1.283808462478836177e+00
1.141177458336040784e+00
1.546685144686017699e+00
1.751066589744055824e+00
1.433054512984624829e+00
1.244393169869286719e+00
1.461243325865842158e+00
1.208081875148586448e+00
1.183936219013854485e+00
1.320320194656510626e+00
1.159020339069549932e+00
1.277013504556210988e+00
1.244704544901721555e+00
1.260927551286301185e+00
1.442894060808034951e+00
1.477146293736131266e+00
1.778827706917139650e+00
1.779115429112896551e+00
1.725714022738081388e+00
1.843931119904723914e+00
2.052567826119200411e+00
1.927658563369326394e+00
2.260400577680612422e+00
2.283406140909674864e+00
2.402718726589068599e+00
2.033513227447429905e+00
1.938548407691251585e+00
1.690607135939204086e+00
1.586142095679066166e+00
1.806113481402535470e+00
1.696484534126180499e+00
2.165214093204651746e+00
2.449960435895228272e+00
2.403159471558209415e+00
2.169153513195678951e+00
2.620601386097833441e+00
2.013836830041451975e+00
1.899227316673074206e+00
1.736434969473376277e+00
1.860664862921969975e+00
1.366594498000485380e+00
1.300948685014317263e+00
1.229164810479380643e+00
1.150682293981890592e+00
1.031457411783255562e+00
1.215627782082845387e+00
1.633079641168200924e+00
2.059320450964684301e+00
1.761395240391128603e+00
1.834548495285056591e+00
1.975131634273533665e+00
2.077849965426384227e+00
1.932248673648102599e+00
1.440046160217166360e+00
1.427114116457192550e+00
1.274862325327079660e+00
1.220347866173863594e+00
1.742620387301845541e+00
1.821789913598993671e+00
1.566675929882340501e+00
1.873847052276413017e+00
1.795194420421482695e+00
2.049997674703919692e+00
1.248271296850174350e+00
1.218416011521728182e+00
1.154564957238430001e+00
1.808820572577228836e+00
1.816197516456418803e+00
1.611728638059356733e+00
1.172478168351756667e+00
1.302056327022790283e+00
1.592062720791138419e+00
1.110265888604039297e+00
1.461409309012363877e+00
1.412375639595306431e+00
1.150637843222643397e+00
1.199325092122254688e+00
1.339695741648045058e+00
1.425710717319408793e+00
1.434062512663972555e+00
1.706401224166056441e+00
1.509297644627143109e+00
1.229349106381155021e+00
1.396340631341455474e+00
1.353303570684100343e+00
1.294481159356247080e+00
1.192575035092275915e+00
1.233434383198181550e+00
1.824402819075294335e+00
2.056950205717849478e+00
1.813684663483547288e+00
1.712693230233102604e+00
1.773258889442642205e+00
1.232019735446393538e+00
1.515678620528110976e+00
1.648869130635231883e+00
1.497396267519302882e+00
1.601235480598239835e+00
1.739565776515204831e+00
1.997413139898463585e+00
1.818003383579206655e+00
1.881349297319066416e+00
2.124808754947047795e+00
1.699207686453302557e+00
1.465202663381306447e+00
1.358404161805392141e+00
1.484520603767667701e+00
1.478293017789245489e+00
1.060108664542624313e+00
1.461186617352861816e+00
1.571201183487113573e+00
1.872754915742472326e+00
1.864403898027346962e+00
2.108351860628378205e+00
1.924703046267061568e+00
1.834764910896315770e+00
2.203981408872857539e+00
2.016225544900756894e+00
2.259802343633505739e+00
1.995129619615960470e+00
1.908868439090348090e+00
1.934400452177921670e+00
1.984695277917288614e+00
1.682948237598606900e+00
1.971095650288381185e+00
1.742551335589913819e+00
1.880821248093354603e+00
1.567388432801382514e+00
1.427732796395096093e+00
1.457475996779060479e+00
1.461078420771392050e+00
1.279549062496651901e+00
1.718539031640427428e+00
1.845431271323332512e+00
1.880991622262246921e+00
1.730306050777950411e+00
1.566184664365360524e+00
1.776372767632960148e+00
1.846929589107554115e+00
1.989342887454923048e+00
2.000308495308514622e+00
1.886188340646678174e+00
2.125606578042561257e+00
2.487682217146920838e+00
2.054580889869805471e+00
1.812031816699876785e+00
1.857129333718535724e+00
2.399348868977589699e+00
2.462838641698593900e+00
2.475984284204963970e+00
2.032594256232558294e+00
1.618918069842962382e+00
1.579883581055347763e+00
1.545667689060525429e+00
1.603798380147815283e+00
2.170476012800101273e+00
1.872713655537050714e+00
2.149663643994063733e+00
1.728794456403316637e+00
1.787152878580854809e+00
1.720471603012579287e+00
1.536378740245406327e+00
1.796793179247746286e+00
1.677540889254625300e+00
1.390205055195299133e+00
1.900013701364995145e+00
2.288181550334801528e+00
2.313269353731148836e+00
2.601789615503771191e+00
2.187978048073349058e+00
2.259322861650131742e+00
2.230578660488303111e+00
2.083125336409180406e+00
2.272208517560101892e+00
2.475326967007241308e+00
2.119227503794919976e+00
2.402162565329840405e+00
2.342288292670521521e+00
2.335277691823280044e+00
2.358060084594851613e+00
2.189118620172775476e+00
2.226957530150653231e+00
2.213296384143171647e+00
2.227625505576049214e+00
2.459597143430882316e+00
2.156247127886081305e+00
2.042851981977100273e+00
2.190183875660921320e+00
1.646142499032647422e+00
1.433924255032265727e+00
1.370556690527372501e+00
1.251278753830970869e+00
1.265894575766094654e+00
1.358121850394305552e+00
1.377142976213926229e+00
1.492948750435067806e+00
1.446441879182545964e+00
1.557952389702636165e+00
1.362563849080487222e+00
1.619607697337427155e+00
1.556294506316398873e+00
1.554202529616094397e+00
1.181734072560421289e+00
1.566386696302348280e+00
1.403405025066179368e+00
1.575372307003139793e+00
1.543504952583834466e+00
1.440840482020671498e+00
1.452046764066063700e+00
1.688922215415943562e+00
1.676873336483919008e+00
2.242706828199327873e+00
2.465068832140705268e+00
2.467702331299715723e+00
2.220028149001220363e+00
2.253891427338006626e+00
1.995126768592691890e+00
2.081606419762967786e+00
1.628799767275054711e+00
1.442167284442095188e+00
1.476363958737432647e+00
1.724333660568883708e+00
1.317465870834314101e+00
1.202981008688002840e+00
1.275001574162011542e+00
1.219230898972285537e+00
1.218786894663772546e+00
1.211763660743326421e+00
1.240865789267998842e+00
1.655107469659929720e+00
1.566439666341301384e+00
1.509989679812574925e+00
1.807924395027637576e+00
1.593151984837834600e+00
1.396103964589018531e+00
1.869781368893034923e+00
1.830404642525530923e+00
1.725256582231032843e+00
1.643379920056352805e+00
1.873572591769718576e+00
1.673303270683782928e+00
1.717185983382943704e+00
2.317808869528300342e+00
1.770263304981301467e+00
1.827833517439554356e+00
1.541485198439339399e+00
1.418148377382962400e+00
1.421147081937426337e+00
1.552673994900040544e+00
1.564256546391428415e+00
1.336609502688859585e+00
1.082971416961736377e+00
9.914599106720033417e-01
1.181777584064021891e+00
1.478206204781553845e+00
1.637923997414364896e+00
1.807747738135924598e+00
1.541641637650038588e+00
1.530437554371317788e+00
1.595104476833229645e+00
1.835772662385463549e+00
1.712395650237734435e+00
1.903496588471906170e+00
1.820027047572239098e+00
1.670204553615341370e+00
1.574783946025769543e+00
1.856968941484926860e+00
1.726050877226919411e+00
2.326755073701292975e+00
2.164480286783440288e+00
2.120515453381027093e+00
2.533891121122055612e+00
2.136762776858027291e+00
2.077839773490798958e+00
2.104865317849337281e+00
1.667177033753290294e+00
2.319930053388509883e+00
2.534076554957727989e+00
2.506463754129683252e+00
2.419925421586894387e+00
2.321218394757158521e+00
2.384516770870571456e+00
2.156451450248349833e+00
2.399236460926553516e+00
2.200604080017883657e+00
2.085066327558685817e+00
2.324514822779918610e+00
2.145248093123241606e+00
1.866694931052108153e+00
1.746700385771304598e+00
1.716826915818408850e+00
2.117337981305218886e+00
1.736913612504299209e+00
1.629383092154471191e+00
1.886062353948793291e+00
2.299810254009819310e+00
2.029047504329130724e+00
2.229880486759471481e+00
2.201811397316121077e+00
2.149863782503627530e+00
1.882218784819183588e+00
1.730773133955241905e+00
1.541293758981720607e+00
1.238548448825026460e+00
1.494239417174277884e+00
1.668888462105545090e+00
2.001217708140103024e+00
2.007512334991572889e+00
1.889115955959027593e+00
2.021157621647199587e+00
1.869767588865244967e+00
1.651309958737569916e+00
1.688566703455061546e+00
1.662125852716680674e+00
2.068685216294850360e+00
1.739699762755579249e+00
1.769283476643744413e+00
1.301774104702552171e+00
1.499162804458062270e+00
1.696491620950941526e+00
1.447821278816748380e+00
1.357102222005783565e+00
1.561161270715677007e+00
1.610251409950833379e+00
2.333953930030293389e+00
2.155848621343117610e+00
2.002413659208847729e+00
2.099078149646603997e+00
1.572151468502785754e+00
1.467803049279229999e+00
1.860833106544863114e+00
1.530090016425078581e+00
1.568081375847636849e+00
1.746194120276400641e+00
1.231282220359029234e+00
1.324937239804718558e+00
1.633556502365062446e+00
1.765494450742068455e+00
1.884252425020015442e+00
1.450825296312453272e+00
1.246438149495705972e+00
1.499221140683440368e+00
1.372193115950743003e+00
1.359948760937915058e+00
1.432742034853782709e+00
1.446240693735816318e+00
1.236157646007249866e+00
1.096105282472561004e+00
1.309459509092090856e+00
1.561489876904363694e+00
1.444545946368926526e+00
1.084483842867363101e+00
1.353374741293722705e+00
1.408677350738479106e+00
1.822440516411504507e+00
1.839439109705986342e+00
1.728825176792290863e+00
1.367856945798393342e+00
1.233000326089483956e+00
1.281201294601396867e+00
1.275733481883688292e+00
1.065291458816789660e+00
1.278704863812550219e+00
1.245103033997903008e+00
1.806860515308412296e+00
1.670412950025851773e+00
1.816695437044945294e+00
2.112043576915439314e+00
2.043538897459364456e+00
1.616269118622181145e+00
1.910579276784931002e+00
2.076700803507568693e+00
1.931571014691048749e+00
1.480771550000008929e+00
1.093650705270394985e+00
1.323410690965879599e+00
1.940469322720569156e+00
1.772713833654943061e+00
1.498461471161568248e+00
1.432356859932166770e+00
1.422198019153876114e+00
1.524940814746875928e+00
1.309949050754449118e+00
1.375473496553170749e+00
1.399006608575332988e+00
1.520267218294737432e+00
1.685009160062070244e+00
1.497113374651549256e+00
1.282697179042602054e+00
1.484062786121636446e+00
1.454997844543133079e+00
1.460733769916883640e+00
2.160940159247007664e+00
1.842665071985002179e+00
2.107322650355623050e+00
2.134403652068429302e+00
1.823381228440716262e+00
1.953702223154115458e+00
1.903000168036707684e+00
1.931592179633659034e+00
1.607566826697465645e+00
1.820021936203251700e+00
2.076210279954511684e+00
2.178938880638714881e+00
2.012486581399289154e+00
1.800413048237806013e+00
2.120476918873827277e+00
1.820247223818690419e+00
1.878238144956594802e+00
1.647888416593564997e+00
1.910391493372073812e+00
2.117517972564640694e+00
2.298784860470891367e+00
2.090424180855209091e+00
1.919915835525115799e+00
1.934863249410481378e+00
1.822008132998593544e+00
1.870171413268385541e+00
1.420647000432055052e+00
1.374972903021153936e+00
1.299114229123358388e+00
1.286581978858034825e+00
1.322069160791860210e+00
1.495810622120540279e+00
1.763331593097005046e+00
1.916247612480242557e+00
1.899670328309281508e+00
1.841711899311121448e+00
1.585504430199036197e+00
1.569676488757755672e+00
1.927346324658828713e+00
1.691022865559851596e+00
1.575148340707914763e+00
1.298687890357888675e+00
1.033787036862237940e+00
1.190055690914688213e+00
1.110774829214550508e+00
1.182019478084961106e+00
1.129118617941532676e+00
1.139889644765881727e+00
1.349244960182701902e+00
1.514240195906604747e+00
1.380490656314527831e+00
1.279459887174100530e+00
1.237057606225500983e+00
1.232088744567179761e+00
1.300997999270204541e+00
1.600535540690287917e+00
1.456431202545698911e+00
1.298229120124605673e+00
1.309847660707020189e+00
1.293191236151750356e+00
1.246816451708786744e+00
1.623119646770936786e+00
1.731849090374085298e+00
1.891653933876504601e+00
1.928401994197422198e+00
1.777116442338339652e+00
1.449060749360965294e+00
1.743763479654356408e+00
1.986551735535730279e+00
2.068558397584979947e+00
1.783027382468535427e+00
1.836908062504725825e+00
1.774352497164727316e+00
1.820755260554800747e+00
2.047068225134650366e+00
2.134110515286550935e+00
1.694424266483161468e+00
1.759072550646369137e+00
1.700634605564543378e+00
1.740174867281152560e+00
1.775562366782340806e+00
1.655091888384349064e+00
2.020164514894828844e+00
1.598492474704023003e+00
1.883475013565553802e+00
1.836041735832681709e+00
1.703121650657528185e+00
1.559687489637187952e+00
1.752440748990786723e+00
1.595255079952903721e+00
1.642295776353783543e+00
1.949425015517252779e+00
2.087914092432512358e+00
2.107868939162034660e+00
2.040382543174943830e+00
2.087689731494954959e+00
1.958422357748593301e+00
1.690236582305915780e+00
1.823261377795943661e+00
1.483974810535936939e+00
1.414497289514677680e+00
1.315379422026090150e+00
1.181387225264871832e+00
1.771995711125836870e+00
2.218593876224214334e+00
1.599569980856299090e+00
1.502974836142398241e+00
1.587828309712965513e+00
1.582562548709799621e+00
1.418641544592375681e+00
1.346958619067907925e+00
1.147570135423272575e+00
1.152495853532315540e+00
1.408994442548789472e+00
1.234865597890088873e+00
1.104964670489412049e+00
1.104416671297532071e+00
1.444707595849059389e+00
1.733449712711931490e+00
1.870813003046214007e+00
1.960001040845755327e+00
1.637490680334348303e+00
1.785185170987492853e+00
1.744469252798299896e+00
1.712535344052072750e+00
1.669408445014386899e+00
1.464396695275680838e+00
1.349356680709604239e+00
1.497125660234023492e+00
1.480614166749449012e+00
1.721975863978747245e+00
1.626933957809930220e+00
1.759624458913999323e+00
1.481289097373845509e+00
1.422989910493683618e+00
1.381757332224527790e+00
1.468561490136912173e+00
1.497669608383912720e+00
1.812934500152594941e+00
1.898134310826748106e+00
1.745724092649282078e+00
1.784279596083244046e+00
1.625642493505819353e+00
1.939919005437123367e+00
2.019249935797054363e+00
1.979890557367303350e+00
1.709957252699680907e+00
1.364969530268930420e+00
1.423925317940132107e+00
1.595458886162558265e+00
1.814706236327474187e+00
1.810004423023390707e+00
1.619906011070305629e+00
1.968168703225097182e+00
1.984193919613545409e+00
2.071434408348217016e+00
2.001837155552782743e+00
1.880408993270473506e+00
1.752312368533081699e+00
1.417471297934523644e+00
1.244755260609782255e+00
1.425975040264722438e+00
1.418152000830098292e+00
1.600704252567315411e+00
1.586454029913988650e+00
1.768241625705721631e+00
1.364937353781596086e+00
1.217895906055608712e+00
1.325290978478798287e+00
1.422222853763705608e+00
1.607055297527536286e+00
1.267931759816285808e+00
1.012726433845070773e+00
1.240834214068360142e+00
1.430738019592935117e+00
1.555122504945544604e+00
1.812048417178334425e+00
1.614979506118251029e+00
1.725725518467631225e+00
1.905305003475616488e+00
1.743631057554766217e+00
1.881164681617669032e+00
1.393059639469791833e+00
1.519423614530392319e+00
1.316329689852706819e+00
1.335967893259846218e+00
1.692348037148620143e+00
1.825656250318171248e+00
1.787866696210196116e+00
1.898114255027233188e+00
2.222823429058572664e+00
2.283115499157021500e+00
2.159407354007343294e+00
2.471261388465368913e+00
1.819027828941361724e+00
2.011031188284190474e+00
1.524361811541879774e+00
1.491981358525713119e+00
1.300595596006751675e+00
1.402895077434133331e+00
1.201465669570856765e+00
1.372809126606952645e+00
1.069462912161673662e+00
1.041173832126338850e+00
1.048661582646530865e+00
1.056816533892700471e+00
1.160703253052361106e+00
1.201786166912089060e+00
1.299262046621616928e+00
1.378030114094821679e+00
1.306539162063562465e+00
1.612565988231478675e+00
1.544803508123912650e+00
1.167172705576340785e+00
1.552204043214018947e+00
1.666292590546645913e+00
1.712358103916810315e+00
1.706531149899889188e+00
1.582104694186275529e+00
1.648053508673663181e+00
1.503457199276250655e+00
1.613340204723171967e+00
1.368774604314706655e+00
1.598662270907007965e+00
1.867058123728952301e+00
2.046079343770883074e+00
2.283701793269949487e+00
2.028596337196110877e+00
1.723909208025881545e+00
1.934196116948559308e+00
2.108613227765059772e+00
2.131516581602519000e+00
2.293568723092595629e+00
1.813180338753589638e+00
1.561517459687982168e+00
1.569553212617304849e+00
1.523508928338268564e+00
1.942241857032843244e+00
1.787306211020180946e+00
1.323605335284876450e+00
1.268959327926522107e+00
1.236666447306411509e+00
1.730459413928880696e+00
1.739508173668551372e+00
1.663472705835335352e+00
1.735648016724143705e+00
1.871343916183355605e+00
1.787100964638034917e+00
1.918070134737380306e+00
1.934859520707005176e+00
1.550232072065401034e+00
1.503139926248671765e+00
1.232713905613178618e+00
1.698185380186396642e+00
2.191533819216654244e+00
2.261555862931429850e+00
2.167769955880992860e+00
2.279629827970639067e+00
2.196089174861964644e+00
2.648984006282646853e+00
2.193919959358093585e+00
2.146100634076239633e+00
1.667255687548483412e+00
1.791118802707725166e+00
2.013811714867612235e+00
1.627780603070701604e+00
1.772858389356478659e+00
1.948858119454635718e+00
1.677963659935953977e+00
1.452133774538708400e+00
1.282667285329687878e+00
1.617434759772086839e+00
1.654067101692807684e+00
1.235395573015967363e+00
1.309567027958712382e+00
1.299535860475861559e+00
1.453625402708372594e+00
1.606551026615866906e+00
1.827637313982263478e+00
1.896685789391036270e+00
1.638070578352190498e+00
1.161400996777261829e+00
1.292078836798419728e+00
1.403121753612941447e+00
1.251675962183948165e+00
1.252920313284923814e+00
1.146408377194701123e+00
1.361836957935590453e+00
1.483785199819327660e+00
1.509472631942024634e+00
1.367453162617142892e+00
1.531516858109171597e+00
1.397238210647293588e+00
1.440189599307926338e+00
1.622010164090363915e+00
1.677086540053223107e+00
1.559531099634253737e+00
1.501495531232166947e+00
1.277374268801876545e+00
1.118848049096133002e+00
1.152813899173079415e+00
1.181994657863235876e+00
1.165556750713451883e+00
1.364480279854406231e+00
1.235375153896224099e+00
1.303614578682869007e+00
1.438376645767377227e+00
1.522586381773178621e+00
1.604644284027569867e+00
1.280881488787836142e+00
1.519094194265095954e+00
1.399177005051335465e+00
1.144543859247803441e+00
1.155093159496646926e+00
1.397473950512094554e+00
1.435380378420246572e+00
1.218521568581384829e+00
1.706388936261629796e+00
1.374784870438945816e+00
1.389280603526675817e+00
1.586589298875946241e+00
1.474251807412083615e+00
1.260182452124821495e+00
1.492713826420931644e+00
1.651377235593203485e+00
1.656585578242877332e+00
1.433977518687001407e+00
1.385510535812669364e+00
1.470685595678157043e+00
1.126474504328272008e+00
9.964494992439680843e-01
1.054191334636341626e+00
1.488710127334224254e+00
1.635560464756432131e+00
1.710211616014977398e+00
1.906493971124904707e+00
2.172937852381138679e+00
1.598761898683848548e+00
2.069104235943653780e+00
1.723863671730113900e+00
1.919088966029081522e+00
1.711669270451001923e+00
1.682224364330828337e+00
1.563583113883197706e+00
1.725683207450610102e+00
1.669049749769105695e+00
1.195025304973604152e+00
1.505627793543457216e+00
1.615599349011365149e+00
1.584144681957807332e+00
1.490199621279491682e+00
1.548314644878652890e+00
1.645347019702662950e+00
1.613977147312008587e+00
1.466079543588794332e+00
1.445745026941692934e+00
1.233899132217702199e+00
1.350309157895981826e+00
1.056998691919900368e+00
1.142797583784773252e+00
1.378337246353330103e+00
1.434079633890596561e+00
1.528682794116434929e+00
1.506542724431462643e+00
1.498098200999992358e+00
1.422890784755255211e+00
1.667851742135681548e+00
1.525109727016586758e+00
1.498633682540513989e+00
1.413965815378641189e+00
1.523308739655747868e+00
1.608729232032809042e+00
1.727729272984884323e+00
1.392461430111646248e+00
1.320620611468679151e+00
1.297852901014225901e+00
1.069454062726654442e+00
1.332286034205105718e+00
1.338294882452028878e+00
1.192077468227710879e+00
1.344742054860873282e+00
1.302497896617099693e+00
1.387537532229097259e+00
1.714673664188970825e+00
1.727941019104895393e+00
2.334866972914547034e+00
2.187338347619316448e+00
2.145437335187885264e+00
2.004417742020272453e+00
1.551226146730702471e+00
1.193479396751507826e+00
1.511658366585326485e+00
1.597796197829308706e+00
1.990497596603985730e+00
1.845822985518499326e+00
2.459342242138188972e+00
2.012087232290162397e+00
2.000822143814383391e+00
2.076979433400404584e+00
2.399482326592888182e+00
2.095689228235090962e+00
1.840360368680738379e+00
2.098538080482018842e+00
2.305623507624886326e+00
2.176191039075435096e+00
1.994900376745740278e+00
1.782175700526955842e+00
1.932450378822697878e+00
2.125877405486437333e+00
1.879614819889475541e+00
1.952038406516616975e+00
1.551493452479076440e+00
1.964887208302581234e+00
1.929934468474695963e+00
2.185962800668014960e+00
1.776735660631979519e+00
1.556383398152811015e+00
1.962834427120449865e+00
1.652186229957496755e+00
1.784405917370262662e+00
1.822041908316442971e+00
1.462577555011878916e+00
1.048650551441965506e+00
1.110915848905428716e+00
1.085778098301631855e+00
1.211085916931768036e+00
1.263339105856008615e+00
1.209717505986927177e+00
1.004738193289041792e+00
1.360306601156091144e+00
1.344861284344279539e+00
1.362669891595837512e+00
1.100973533637206181e+00
1.208602669265036900e+00
1.063641186300756436e+00
1.238904727775218095e+00
1.124608975833351288e+00
1.122984582375802898e+00
1.265224894713908199e+00
2.073515665217042336e+00
1.614456046304898029e+00
1.857720899573112705e+00
1.764086496547354832e+00
1.698972358386206638e+00
1.276536190708272400e+00
1.539462031139470666e+00
1.757169498094431903e+00
1.509771005027548796e+00
1.936850305609334688e+00
1.461768525157789433e+00
1.308376745558938792e+00
1.268611011101087094e+00
1.040919457994501141e+00
1.522797864923800759e+00
1.324532108256930796e+00
1.461131748924504592e+00
1.489099772671379718e+00
1.432427262882074892e+00
1.169243448902635762e+00
1.142580215296341128e+00
1.195468403557955694e+00
9.715535679678218850e-01
1.245772054637742210e+00
1.795858752095587763e+00
2.208420732154502186e+00
2.757144239833974275e+00
2.384041280317196865e+00
2.498871398306771408e+00
2.108430641166925579e+00
1.624548142433104747e+00
1.367130611066100343e+00
1.083175338903958673e+00
1.403274250706494586e+00
1.450409394345854031e+00
1.358217209226430411e+00
1.529559058232414781e+00
1.268454173108898964e+00
1.297174616635616173e+00
1.291027276759130649e+00
1.538380780673722859e+00
1.602040751193259727e+00
1.743367925396773321e+00
1.844666088434770090e+00
1.787192676546431658e+00
1.369752620904314711e+00
1.443997692682586376e+00
1.623873997927816504e+00
1.561830789260959307e+00
1.144664642606304295e+00
1.556137534405488854e+00
2.003571867133292272e+00
2.131802637051960936e+00
1.907372252747900010e+00
1.594920666303326184e+00
1.463160879681714155e+00
1.384455005357437596e+00
1.553469856919018621e+00
1.488650788785879087e+00
1.489535810820008965e+00
1.886909886471653808e+00
1.920237106520831238e+00
1.510399264892006599e+00
1.349040200315231752e+00
1.393465744602774947e+00
1.525872424963765184e+00
1.589007795524158162e+00
1.249469700829088925e+00
1.329394540675046921e+00
1.124415721345024322e+00
1.153592551708195746e+00
1.303819282253142697e+00
1.124264987416071282e+00
1.030190815617233469e+00
1.233924117237223506e+00
1.400408615351857122e+00
9.573391349383643112e-01
1.076892975513497719e+00
1.199940109308701208e+00
1.454800054333255988e+00
1.418892263126490416e+00
1.485658801397675477e+00
1.629785571574164038e+00
1.784410003099704101e+00
2.249091233538894397e+00
1.781045462953166680e+00
1.564966134564566902e+00
1.691986313390563046e+00
2.231417217641177952e+00
1.822569992946094120e+00
2.154166226492763681e+00
2.036300147092997115e+00
2.155197100513850383e+00
1.677950382081480729e+00
1.116117458846917820e+00
1.540840864937924160e+00
1.574598364583752241e+00
1.648508716013682207e+00
1.291037417847231028e+00
1.220912218096105173e+00
9.317053778432538014e-01
1.284679997407470964e+00
9.793818451512180667e-01
1.380521377718732623e+00
1.342686039765386141e+00
1.234689647278884195e+00
1.292808963670599720e+00
1.277381481289161957e+00
1.228604186427402212e+00
1.354470488195588906e+00
1.399260959575164165e+00
1.371000645343041890e+00
1.587628926901293758e+00
1.374124059852735780e+00
1.233857848087313469e+00
1.458488728321446271e+00
1.297664757213653264e+00
1.217518477718527725e+00
1.483443103735575086e+00
1.201093657667626324e+00
1.353793889625470426e+00
1.705210275055218716e+00
2.190873475610361609e+00
1.949424058401756144e+00
1.324843303776238157e+00
9.942751619841683208e-01
1.087635027466147930e+00
1.416476756120013114e+00
1.550954951646229318e+00
1.607896869361261638e+00
1.527801679645953925e+00
9.543263120621114926e-01
1.035235835258121018e+00
1.210163896155457719e+00
1.570802882965101510e+00
1.440743521255349657e+00
1.580379898309978604e+00
1.609578367630408735e+00
1.637135604936796218e+00
1.486094127814755694e+00
1.740327087841249565e+00
1.671734458549161140e+00
1.329517265809784909e+00
1.393017393931034631e+00
1.705713400874801167e+00
1.786843601983104879e+00
1.656248847513175582e+00
1.566824308508914187e+00
1.594557365147337258e+00
1.986301465877753358e+00
1.410098621505985861e+00
1.590822131725751820e+00
1.565798210694242742e+00
1.589529658874212714e+00
1.603090546116466619e+00
1.637711302826891258e+00
1.954967682587190225e+00
1.998851999784446720e+00
2.200815528170826152e+00
2.376481283935493405e+00
2.155374347319974238e+00
1.909551791703728130e+00
1.537763437577533976e+00
1.917548575839123748e+00
1.495928427291466356e+00
1.181862210072884389e+00
1.166725790587246792e+00
1.157892638322630452e+00
1.277891854253462522e+00
1.628619125299679560e+00
1.801417758346911313e+00
1.983726145002322028e+00
1.984202422130191046e+00
1.956896606519400228e+00
1.900630807621421114e+00
1.646155788249582308e+00
1.864510169056330602e+00
2.022099852593243430e+00
2.047236263487364649e+00
1.630668796975492940e+00
1.834041242741103916e+00
1.655016964134810253e+00
2.117933963348481718e+00
1.964715889866955667e+00
1.839217565035384361e+00
1.454844933762079684e+00
1.879666420275926342e+00
1.559939285867142589e+00
1.576430886839261802e+00
1.935696552104378299e+00
1.800825550776171458e+00
1.819338643685764367e+00
1.855268083834931803e+00
1.983187658950087640e+00
1.893023188982779104e+00
1.990638196024846041e+00
1.839710904112754397e+00
2.021074555930841843e+00
2.094299527746586786e+00
2.108463952700676991e+00
1.404075238560990702e+00
1.360937392460167983e+00
1.501371163430782030e+00
1.513037947045418719e+00
1.797918569304938208e+00
1.813732406668069785e+00
1.575971248464092200e+00
1.695128142990571796e+00
1.843122256402067727e+00
1.993178495900968406e+00
1.885826457010048252e+00
1.850560404968826012e+00
1.602734382725470086e+00
1.504571306230862326e+00
1.617039425760296911e+00
1.771049533791795527e+00
2.169287791815078581e+00
2.164965809655713169e+00
1.911576706692918126e+00
1.679783217185842892e+00
1.741577334509067043e+00
1.874809675679533827e+00
1.706609108175808132e+00
1.596232650302283895e+00
2.132561862902789596e+00
1.797682892261090792e+00
1.645610086153773910e+00
1.501687972214401423e+00
1.613695885284380127e+00
1.717920219919792046e+00
1.825808117443922463e+00
1.330182850805071482e+00
1.146155316641296551e+00
1.053576015470552241e+00
1.107058565200133016e+00
1.205374711903064666e+00
1.037791902475332817e+00
1.485826202991513911e+00
1.880437280295667479e+00
1.500329604498227276e+00
1.514900183654908528e+00
1.702791607149393371e+00
1.583012497588023093e+00
1.346524761774711365e+00
1.584373971843344275e+00
1.565089578406313464e+00
1.832110919110433889e+00
1.911953395867384664e+00
1.324379899203718347e+00
1.948552883446608597e+00
1.418828488617645878e+00
1.566528370624952871e+00
1.358441173533741830e+00
1.236500353170304489e+00
1.202738559664924489e+00
1.448368919246785680e+00
1.651815291909268346e+00
1.564463410314886005e+00
1.365851990856564058e+00
1.175842829944905965e+00
1.214269314290129742e+00
1.091046766225064468e+00
1.356086787468423482e+00
1.372735631710978899e+00
1.374466637933254409e+00
1.461117533837686278e+00
1.385562959956011753e+00
1.315109468669447779e+00
1.630218362593324422e+00
1.640801887886900845e+00
1.576302547790505049e+00
2.257982248173772799e+00
1.909256015065437184e+00
1.727809487950068501e+00
1.843417689015319105e+00
1.827796637284911929e+00
1.666656368974424929e+00
1.704640420693841030e+00
2.040826162475589900e+00
1.162665939570312501e+00
1.345995375920974402e+00
1.820124326183696795e+00
1.725258080691542295e+00
1.815903668785648239e+00
1.715989857372821392e+00
1.773703922583272474e+00
1.849998871016600432e+00
1.635466926542646249e+00
2.101900784892186458e+00
1.835221575776799119e+00
1.822200798499563623e+00
1.724162692368260030e+00
1.557158192504710215e+00
1.302794908475193747e+00
1.245372801744555780e+00
1.814862081281370054e+00
1.670252100575392307e+00
1.771384463220744054e+00
1.310292178207969283e+00
1.562542312118809562e+00
1.364591382002404263e+00
1.181912072008847403e+00
1.440659444573748615e+00
1.633925800055443522e+00
2.088299246906788031e+00
2.053597895920149075e+00
2.046165036892508837e+00
1.944637865090258266e+00
1.807056927121203804e+00
1.418662904560205273e+00
2.046639479661288341e+00
2.031891170649271938e+00
1.751957684656338277e+00
1.865622236634410402e+00
1.640330908276631083e+00
1.394806072996066959e+00
1.377779993531734526e+00
1.263180086201099561e+00
1.384595185634008629e+00
1.169027323201916380e+00
1.388940578911789236e+00
1.613630079153743457e+00
1.327451707021019889e+00
1.394232718205768107e+00
1.250528348568990422e+00
1.423348977595467524e+00
1.585474933873217473e+00
1.702471113573536421e+00
1.438795820802089453e+00
1.405266807424630171e+00
1.393182437735056567e+00
1.582159786457001172e+00
1.312924117424214998e+00
1.224962231344570496e+00
1.152596234084099391e+00
1.234972268444006316e+00
1.160484998033475490e+00
1.299203727188715796e+00
1.692885370072362283e+00
1.654028986921058264e+00
1.505555439346774715e+00
1.625274877002340190e+00
1.779405226235107662e+00
1.631690007267450060e+00
1.397415230098566719e+00
1.565684067063468854e+00
1.354689753430859289e+00
1.152665344865531294e+00
1.471317499638651771e+00
1.386616258702901838e+00
1.387840968414427056e+00
1.199160444128264613e+00
1.296589976614243023e+00
1.639617974228388064e+00
1.734482023595173672e+00
1.611936557391455693e+00
1.882784057495113350e+00
1.763194302117464751e+00
1.642061203470757791e+00
1.348091611295008763e+00
1.315588307390883616e+00
1.493278447028197675e+00
1.282224240804377802e+00
1.112547467626177955e+00
1.335909251227877848e+00
1.486442960927845336e+00
1.400134584418862183e+00
1.427821493567300593e+00
1.066676964960689089e+00
1.121360474451729816e+00
1.352656446527506384e+00
1.125582565468834728e+00
9.811415010567323680e-01
1.111925588924638220e+00
1.192462719390687154e+00
1.098512372013504601e+00
1.033490702191197430e+00
1.170068991957444071e+00
1.114374502898550112e+00
1.354079266710235707e+00
1.916891123655318996e+00
1.720169827392384665e+00
1.946684500525875494e+00
1.967867919737087634e+00
2.061004827308767329e+00
1.843661901790102364e+00
1.685950803527418218e+00
1.451090436039203624e+00
1.710975265673410739e+00
1.349220850853143361e+00
1.325087793815731274e+00
1.699591718641602078e+00
1.384994439835040225e+00
1.604646035354008848e+00
1.199631166630131585e+00
1.133107477597316226e+00
9.965525595253925673e-01
1.417010579226986255e+00
1.354227747871259879e+00
1.362565969146620093e+00
1.738307993920297667e+00
1.778491905094092829e+00
1.810734761197651643e+00
2.199166644706049834e+00
2.257377965000354703e+00
2.208825292282625252e+00
2.134689680272947587e+00
1.642690895965713160e+00
1.899142277026834025e+00
1.774026422380349466e+00
2.014789252310543954e+00
1.957773312967734824e+00
1.858493649464830089e+00
1.682932361319970926e+00
2.023399565884807849e+00
1.470133370626402813e+00
1.352011087506153286e+00
1.583923507039543654e+00
1.764880183806205372e+00
1.767711716206976424e+00
1.584677052728562963e+00
1.319579362284753365e+00
1.731299567896960045e+00
1.757849654491508318e+00
1.737497292913454450e+00
1.959431538033165054e+00
2.024378357002408979e+00
2.110417719163184103e+00
2.704976375147410739e+00
2.399980886225440369e+00
2.561486253973570104e+00
2.117748582042190186e+00
1.652964871173053574e+00
1.348886323253740693e+00
2.063597475534264980e+00
1.666350641223464102e+00
1.705471803312929246e+00
1.408988433654117189e+00
1.344739857199897415e+00
1.330245882394453183e+00
1.321307513304652126e+00
1.638841352672004481e+00
1.523054989401584569e+00
1.671037557441120036e+00
1.421628066013929770e+00
1.553947586313803919e+00
1.396107736585679104e+00
9.875540736207887305e-01
1.108604022268648182e+00
1.201024619019683826e+00
1.274364936112491797e+00
1.479972277823291549e+00
1.244312589137313907e+00
1.438609134216958019e+00
1.618536563644014992e+00
2.193790438141006938e+00
1.513588595610110943e+00
1.885553284946870578e+00
1.650708711952578289e+00
1.332335272649665781e+00
1.154128337387735792e+00
1.311665151173968979e+00
1.372377110862728955e+00
1.324726159541499859e+00
1.339454763380436120e+00
1.292887821611737209e+00
1.358207384638853599e+00
1.223395509609231047e+00
1.097840341839022349e+00
1.388470885096381835e+00
1.459088542484747286e+00
1.388573044708010018e+00
1.385197346090517811e+00
1.486495387299438420e+00
1.307081783467799463e+00
1.789468338599011332e+00
1.800885694781079627e+00
1.174726097132767100e+00
1.245813683595548449e+00
1.376661509670039640e+00
1.363797448148410085e+00
1.472409886945438284e+00
1.578755708386997858e+00
1.445656447355990304e+00
1.600208834636190680e+00
1.778293385009831473e+00
1.822156542576572891e+00
1.715268937905787716e+00
9.563042217909973886e-01
1.044905017545222803e+00
1.211357735600220975e+00
1.313712164897533397e+00
1.543491026494788310e+00
1.672875377272865727e+00
1.481986324400242694e+00
1.480159983899911991e+00
1.685230917847791332e+00
1.828264547329812917e+00
2.104919853346779224e+00
1.914521627012691019e+00
1.661249455371409001e+00
1.626518575315528681e+00
1.836500155745557583e+00
1.647004643513392486e+00
1.762938395611219455e+00
1.577456174806062483e+00
1.811169943593211817e+00
1.529688672189085441e+00
1.597588005048014459e+00
1.389625428968792153e+00
1.694446463585313367e+00
1.601963513295577179e+00
1.517992318828103704e+00
1.859970183634639174e+00
1.521302745259017319e+00
1.864356913739020349e+00
1.731677281200357577e+00
1.574397674115583623e+00
1.770161878574230130e+00
1.286161005497730603e+00
1.304660247602755563e+00
1.363832429228221343e+00
1.477253954287594873e+00
1.327371733122743258e+00
1.452553171888383510e+00
1.450464011058022473e+00
1.342989789148349322e+00
1.481703116794254704e+00
1.705220242351723758e+00
1.863734645747892715e+00
1.626329037587556092e+00
1.534507996286125886e+00
1.859075305887865515e+00
1.568267434377141001e+00
2.051446457444434213e+00
2.051008653727786513e+00
1.746937277701058555e+00
2.200501773410813211e+00
2.361822235294875227e+00
2.298814539923681899e+00
1.764137044574849433e+00
1.745888405147552724e+00
1.963323003486971974e+00
1.906186526366194345e+00
1.809431927851184119e+00
1.495165866621427586e+00
1.599498266905421628e+00
1.511735649393087355e+00
1.584570392001041883e+00
1.633946801273467919e+00
1.200220562339158192e+00
1.103287487791971166e+00
1.366086222566240238e+00
1.113230460788562581e+00
1.063088113103976218e+00
1.213111501166936890e+00
1.185876675123359147e+00
1.263719940867130020e+00
1.323452558087777398e+00
1.291255060029071977e+00
1.223602119941037181e+00
1.305659702973676950e+00
1.431521089057091967e+00
1.605250605011479870e+00
1.529788633785613916e+00
1.681120662940794874e+00
1.443390319862930316e+00
1.418592251719568376e+00
1.006222868707638884e+00
9.612796564508683250e-01
1.073226870988819748e+00
1.093093210837975393e+00
1.189770752151975364e+00
1.245713863768658225e+00
1.137847709916266714e+00
1.144953073073552430e+00
1.502517442132423220e+00
1.826138288061210035e+00
2.030418660786071694e+00
1.796488775450053588e+00
1.810455509761844883e+00
2.279396672395576307e+00
1.945040034884453206e+00
1.937850029190116619e+00
1.677874792107836299e+00
1.330307971332540085e+00
1.301203411249010733e+00
1.129668733849704010e+00
1.335926362428462300e+00
1.091966587562633650e+00
1.082813185426755087e+00
1.171693476523311572e+00
1.298391780903791926e+00
1.402342964682307347e+00
1.546388172986473464e+00
2.161381899349732461e+00
1.895921795506593233e+00
1.853785750518946784e+00
1.791393409180545904e+00
1.905139806144708903e+00
1.477789642692575400e+00
1.395588809377208417e+00
1.478743621604884373e+00
1.972955034121517404e+00
1.816020867256235904e+00
2.243815952490083809e+00
1.930159947840129453e+00
1.883916340276065249e+00
1.413269271160080942e+00
1.847198706045350525e+00
1.894391351045390026e+00
1.908482755708049483e+00
1.607726438508822797e+00
1.422533343663030081e+00
1.479326581178203703e+00
1.696245347991349739e+00
1.403657483858579136e+00
1.395842318378218927e+00
1.280550045609644361e+00
1.701775997917674532e+00
1.563398652801147426e+00
1.751614097060800290e+00
1.926837526693317315e+00
2.040822045184199407e+00
2.157750361321431942e+00
2.195788552811230865e+00
1.933425599545238072e+00
2.347876682137529425e+00
2.228247638884192305e+00
2.156068707394132478e+00
2.090044701180157727e+00
1.958026948011269530e+00
1.758913665657799941e+00
1.812348952550438375e+00
1.450386213622232079e+00
1.612231993730767421e+00
1.627335082663516674e+00
1.535894614478769071e+00
1.650877435362658519e+00
1.560536099053020154e+00
1.754307747731503442e+00
1.945436135861101867e+00
1.987441170613609920e+00
2.118847983870766338e+00
2.093258891603894334e+00
1.803713718796442711e+00
1.824371168126823095e+00
1.940180082267850104e+00
1.953771636125785749e+00
1.703841467995053982e+00
2.030500095375257441e+00
2.084469951665321563e+00
1.683653296481863570e+00
2.066508977976886374e+00
2.039614079248392553e+00
1.924651543787267771e+00
1.864757291954627583e+00
1.653694052593754904e+00
1.444556435585723664e+00
1.699036196383325148e+00
1.555141869069235128e+00
1.537087655481256698e+00
1.356064893696441453e+00
1.702003923218376347e+00
1.636634613275277150e+00
1.492408736571801731e+00
1.569106018124788449e+00
1.822197677766005164e+00
2.046339287253905237e+00
1.783913022073164489e+00
1.786255363053566469e+00
1.989423029139034460e+00
2.181030211794869000e+00
1.556576022418894034e+00
1.885087538831659915e+00
2.361337426755327318e+00
2.203544337794978158e+00
2.343513635488615687e+00
2.009687272761054189e+00
2.213696228999006088e+00
1.960489856699262567e+00
1.799079499618374101e+00
2.028169663000594536e+00
2.321335572034692429e+00
1.753075023359482287e+00
1.761763719540920370e+00
1.745321333589668455e+00
1.822595784541968911e+00
2.016032424459236250e+00
1.934447309276942306e+00
1.692510356400471982e+00
1.419658562619275255e+00
1.156747197959258289e+00
1.219890228769990426e+00
1.015553233681842027e+00
9.879850463920821779e-01
1.100316047672504682e+00
1.382025009908726343e+00
1.500981492260913264e+00
1.451280275172750933e+00
1.287376353763484138e+00
1.366915167795164310e+00
1.199144388410989803e+00
1.115479181078889992e+00
1.225020288140691305e+00
1.243980171992518979e+00
1.545440474650624729e+00
1.754844526991509612e+00
1.747360020968102390e+00
1.222832202984000638e+00
1.394597713632080627e+00
1.434837016754348271e+00
1.154661906483173350e+00
1.246551237305463022e+00
1.054820444738739260e+00
1.317379719843670083e+00
1.184997347332616524e+00
1.657394812546559182e+00
1.618321669870643520e+00
1.609099668675823658e+00
1.417646976424678185e+00
1.477932574432122337e+00
1.442194729435187561e+00
1.852600971286116449e+00
1.840210309425701185e+00
1.822713120262923425e+00
1.995739318140551610e+00
1.361375829746709121e+00
1.459295655099963174e+00
1.696225067578331691e+00
1.803044103973238554e+00
1.746240264653067031e+00
1.793312066786582726e+00
1.844352136424930677e+00
1.829836964602100879e+00
1.787124414826710250e+00
1.931435028118940522e+00
1.929570327159072285e+00
2.399691894680578308e+00
2.034283848239464287e+00
2.196241594928447949e+00
2.406706503881726800e+00
2.340857108940583853e+00
1.985226233669682872e+00
1.673679496280889856e+00
1.670106637538050443e+00
1.867464049872391563e+00
1.718726469989708905e+00
1.622777583029849202e+00
1.611372917338149469e+00
1.663031938925001230e+00
1.533462971388363627e+00
1.154288291992966009e+00
1.239493441321669609e+00
1.354183920192937096e+00
1.196802925126132733e+00
1.013086614540924524e+00
1.101285533338552503e+00
9.866517779234948993e-01
1.065036571132737198e+00
1.173901211767689690e+00
1.299416153417586761e+00
1.620836727561023594e+00
1.492848578519531788e+00
1.278378867507490746e+00
1.344708390455922498e+00
1.505453944264107946e+00
1.570629283393371267e+00
1.611162292042106703e+00
1.400523414437570446e+00
1.677337317913872416e+00
1.378358506034482289e+00
1.470784320769827236e+00
1.187203059369152269e+00
1.585918953403610221e+00
1.489235843125130243e+00
2.074030848482621536e+00
1.837650725216476433e+00
1.953291201513998265e+00
2.065715329815495327e+00
1.927106456757446296e+00
1.912762584597520465e+00
1.636508401255748923e+00
1.685669185494413247e+00
2.067659239062786369e+00
2.251195625361648744e+00
2.195596376987369869e+00
2.185313926617526992e+00
2.086415387106312913e+00
1.765753603021465556e+00
1.660157198367020248e+00
1.455646213155439295e+00
1.498465093278359639e+00
1.674723760395894434e+00
1.543550520447766861e+00
1.647334144587668137e+00
1.523240502045485556e+00
1.730834310950531973e+00
1.919006841124365259e+00
1.663852535256949317e+00
2.108968588774175146e+00
2.333103446191873154e+00
2.099945747320403289e+00
1.967614699789826282e+00
2.019247592435075678e+00
1.812207904617601173e+00
1.791121759877415842e+00
1.904787073431702282e+00
1.711578088406709774e+00
1.780265423526099955e+00
1.956228998479666359e+00
1.856981760262262249e+00
1.628813415880450144e+00
1.576232784180268354e+00
1.830904671286826657e+00
2.581763606504747788e+00
1.927092607933457602e+00
1.920716115522519862e+00
1.903488023483380864e+00
1.845230257041533761e+00
1.771140169132524367e+00
1.970341853172164592e+00
2.081025928407238990e+00
1.990514240984311956e+00
1.896135441465608640e+00
2.046858508003591925e+00
1.859057798642903325e+00
2.099124650100694378e+00
1.730115945718184056e+00
1.857071572386732372e+00
1.572913381284317680e+00
1.697495994566949440e+00
1.855996526549799075e+00
1.744288072391022126e+00
1.620687356217652697e+00
1.670252307765420774e+00
1.890579497719429014e+00
1.623476253167549066e+00
1.342762227029115074e+00
1.553392324232397037e+00
1.545892256112848084e+00
1.582129792432292348e+00
1.621077328572011922e+00
1.263371632138753142e+00
1.319371891464269142e+00
1.519127795410137205e+00
1.986769414663745792e+00
1.527293156289452725e+00
1.811158878860072097e+00
1.576261667412585110e+00
2.103824812220624452e+00
2.360142544313345248e+00
2.292454374805660056e+00
2.146494860474418953e+00
1.598453547035791678e+00
1.525134460253661395e+00
1.485451363156384597e+00
1.648610130573371357e+00
1.652338534360450639e+00
1.771389897455381890e+00
1.800615004093014893e+00
1.836661566063007456e+00
1.734916589552591759e+00
1.134123034538901953e+00
1.222443739205846924e+00
1.394762331357153107e+00
1.548833307657396574e+00
1.436126186258728232e+00
1.648339251456796051e+00
1.460327626034585213e+00
1.357030749676132020e+00
1.437030001268998269e+00
1.392751003340462645e+00
1.196453181800664956e+00
1.471530940404435661e+00
1.484499413533045598e+00
1.302769045358645128e+00
1.210153924286148541e+00
1.253026825819240964e+00
9.935015802616997682e-01
1.258053833183756964e+00
1.362423487527527399e+00
1.364636791673426330e+00
1.570510005874744763e+00
1.234829054680904203e+00
1.845408733675130364e+00
1.671414965109587314e+00
1.559669587539804114e+00
1.711745235113664165e+00
1.471581575847484169e+00
1.450695009268756941e+00
1.681485235955369806e+00
1.801229107382532391e+00
1.494796639952406192e+00
1.389628906755568050e+00
1.137526242190932013e+00
1.252934061303577540e+00
1.277048924915437311e+00
1.289496994399789376e+00
1.320399223468246896e+00
1.476651125691459177e+00
1.513966752921366954e+00
1.381301489901078261e+00
1.631363744402364091e+00
1.336976136968142104e+00
1.581569664748393444e+00
1.351212955825805251e+00
1.273039645738619052e+00
1.394406100513708502e+00
1.422740572680218918e+00
1.281181907690417621e+00
1.317382720126309970e+00
1.134174988911434756e+00
1.335097626727935527e+00
1.246451215529303269e+00
1.238536109064557245e+00
1.053626581566818654e+00
1.204298496398509499e+00
1.602082741241715347e+00
1.280839108701409934e+00
1.336338923590264294e+00
1.260632915829023259e+00
1.349480634336347462e+00
1.188790587021831824e+00
1.500675382915642730e+00
1.468991076979019095e+00
1.569279456786389693e+00
1.863759488163669431e+00
1.703351870107830512e+00
1.891871076308183408e+00
2.402573642961791656e+00
1.854781356288663474e+00
1.460562584906568651e+00
1.109372173551485652e+00
1.471109317953288365e+00
1.721216644056927869e+00
1.502742282157784048e+00
1.742413220514698935e+00
2.088966237539564563e+00
2.103751701882195846e+00
1.512890331805392563e+00
1.623407431842335713e+00
1.673569192656200855e+00
1.804736767850751766e+00
1.481740602839836551e+00
1.468191025850514198e+00
1.386994983942608339e+00
1.504152125776066384e+00
1.624082954902069664e+00
2.098823176429319481e+00
2.046283077912412374e+00
1.836365003621382330e+00
2.249023426679753523e+00
2.001600791093283593e+00
1.609589286438801281e+00
1.632775552552834242e+00
1.649115402456134305e+00
1.565179520685382464e+00
1.929159372840331343e+00
1.372186730481213202e+00
1.181938296701076530e+00
1.110446069653197476e+00
1.216578139890352794e+00
1.332606527133131324e+00
1.287216917528112070e+00
1.522377184474870582e+00
1.605326280208824619e+00
1.769627880381038798e+00
1.670313618399083655e+00
1.905560799250717086e+00
1.744119305904401562e+00
1.622986389104434046e+00
1.555207062528899842e+00
1.510361623516415230e+00
1.573203114472619513e+00
1.474584533082304416e+00
1.805395143703721672e+00
1.627686909844642704e+00
9.735604369645610712e-01
1.309706599516701209e+00
1.704366660848934956e+00
1.682631910512840001e+00
1.796917286038160588e+00
1.535898162369006670e+00
1.468369440589899710e+00
1.493967019005073338e+00
1.768747330494132575e+00
1.398134673158675900e+00
1.437882636872051201e+00
1.397589411316213059e+00
1.617806800215215279e+00
1.682986082057345234e+00
1.884528384354257513e+00
1.673664505678565284e+00
1.287978506790106170e+00
1.652734352315914812e+00
1.587326884307359798e+00
1.544157380964986892e+00
1.628322196947587175e+00
2.248035877801202620e+00
1.724003754614066963e+00
1.708807537506826568e+00
1.663435015357501046e+00
1.820238065366510005e+00
1.974471517718722868e+00
1.487252182161854064e+00
1.433450113576813401e+00
1.623198915826116639e+00
1.591266523035229197e+00
1.735123971144007404e+00
1.396994489398365458e+00
1.365814098452295733e+00
1.361637303198252935e+00
1.219817352747748940e+00
1.446541981149905176e+00
1.244967904639987522e+00
1.299239446820906307e+00
1.693098397562212476e+00
2.027048741933430875e+00
1.755083655790303787e+00
1.348981437733864031e+00
2.020706347689043891e+00
1.945112309318439037e+00
1.845116846756559070e+00
1.906992706357307554e+00
1.557272319949638550e+00
1.706219248564956104e+00
1.652280076872409742e+00
1.953179909142528592e+00
1.582203675653256703e+00
1.616133180015929982e+00
1.572888409675662125e+00
1.800562459417032635e+00
1.494685379704639772e+00
9.924669402406505192e-01
1.129504014628135877e+00
1.446693789707236943e+00
1.261729858537688820e+00
1.313943854731664196e+00
1.486682511327663381e+00
1.576600896149904507e+00
1.662042219858440362e+00
1.437872048808716219e+00
1.265785652523473637e+00
1.466589263653862441e+00
1.742773172317990671e+00
1.847981350005890810e+00
1.369627272751597680e+00
1.644123355175334700e+00
1.825699811764492031e+00
1.928840598433425146e+00
2.368697393993584921e+00
2.218230506793859469e+00
2.070712456456839323e+00
2.420442753234981037e+00
2.399883880995581809e+00
2.317120747729787933e+00
2.207155078454015928e+00
2.448626605398350087e+00
1.942327362276616398e+00
1.942181352741200406e+00
1.737838293880894724e+00
1.684985434285844796e+00
1.581461650485151971e+00
1.584723889453714341e+00
1.578750233349980991e+00
1.768763900627208674e+00
1.722873942207731490e+00
1.457491064901858646e+00
1.582883930316743015e+00
1.452059481943795083e+00
1.419582382451863189e+00
1.387435391182418876e+00
1.618784710613051958e+00
1.435221640834082102e+00
2.041845351304137690e+00
2.159624540111403590e+00
1.744126358430533763e+00
1.793368658807128924e+00
1.628272980522437408e+00
1.919029192872538037e+00
2.005710162367756677e+00
1.919337448626411646e+00
1.546239407939491217e+00
1.676419277903169247e+00
1.455515422492306810e+00
1.173944399057579524e+00
1.160208496871269368e+00
1.154395984719808643e+00
1.061389819343783181e+00
1.121885986593228024e+00
1.641384454424178463e+00
1.621526325409690106e+00
1.506916905556338948e+00
1.122845524558297114e+00
1.185294568527635484e+00
1.001428286549620017e+00
1.101821440172284783e+00
1.229849806215362884e+00
1.338273308535429473e+00
1.262024622653659556e+00
1.410611352397195040e+00
1.357931779994006494e+00
1.346781358305880083e+00
1.115888707460499729e+00
1.156534580499497533e+00
1.167848910466196655e+00
1.111028741579778378e+00
1.152749264177867605e+00
1.318668502610270465e+00
1.623418285892488377e+00
1.742658971213536523e+00
1.942958784704454267e+00
1.856661030504471288e+00
1.652051911699818465e+00
1.496533581186341610e+00
1.525889786518934699e+00
1.547657549130688981e+00
1.731786742555608605e+00
1.520261665192610856e+00
1.572925753497072865e+00
1.748553330053877364e+00
2.252378045281526742e+00
2.076975572955915617e+00
1.812070505276814236e+00
1.772940879426407879e+00
1.302982409202175340e+00
1.093708933705488162e+00
1.348098593404150058e+00
1.278780503349593367e+00
1.148752294309152600e+00
1.461176012470235319e+00
1.681809561411410803e+00
1.441263991605608474e+00
1.669446646891747932e+00
1.785116922954790741e+00
1.416156071049452736e+00
1.639211774321295723e+00
1.405988034673832709e+00
1.206897535425352830e+00
1.319947081165973701e+00
1.385024777115231531e+00
1.485080381179670006e+00
1.395503167582272219e+00
1.773318083031288239e+00
1.597119137395574429e+00
1.766405503262892029e+00
1.688818188499821460e+00
1.735380639576007189e+00
1.669752656631088072e+00
1.316903017595055791e+00
1.220826158877877043e+00
1.506912083542727432e+00
1.439704473279111330e+00
1.392258453404487284e+00
1.216432395685754564e+00
1.103165390237125454e+00
1.283924503471241874e+00
1.235503375007426463e+00
1.267240864167841874e+00
1.571171332696303047e+00
1.571646032964797879e+00
1.761843812812126986e+00
1.779658817074490251e+00
1.966300345038437758e+00
2.023047076578334380e+00
2.038545391419151365e+00
2.023478011711579150e+00
2.148837168124342334e+00
1.727881851350235642e+00
1.777542919587446368e+00
1.323544274172737234e+00
1.747061046322440747e+00
2.308741890420784149e+00
2.102134981866124352e+00
1.961897214104547205e+00
1.566410098956261709e+00
1.887128648273343146e+00
2.356429667083933310e+00
2.500999958354331199e+00
2.337303452884474719e+00
2.178992462753691406e+00
2.110316400252967739e+00
2.119739858623766793e+00
2.237711943712449969e+00
2.508289391148072589e+00
2.642427002345650422e+00
2.417731862195727999e+00
2.589171187051762857e+00
2.884821638500044916e+00
2.531133208904810861e+00
2.451795507640046612e+00
2.302618122479468621e+00
2.243734036358013384e+00
1.995961254412460750e+00
2.188478525190771240e+00
2.092382359743751863e+00
2.164221619101869276e+00
2.173935985269016324e+00
1.813834705520702251e+00
1.757030684949752120e+00
1.812131052750976412e+00
1.603942804459677296e+00
2.112498853002664045e+00
2.045325092118682075e+00
2.281199525370422698e+00
2.516594702313710741e+00
2.502803032928078597e+00
2.016763875110891835e+00
1.679784869994037422e+00
1.396113035721387563e+00
1.472157248684923925e+00
1.656867812068892665e+00
1.351098628345026142e+00
1.233847822514924975e+00
1.191723036472269737e+00
1.266797935676968523e+00
1.364437835578067526e+00
1.486227497060855107e+00
1.067246127953087820e+00
1.187270938699522382e+00
9.865633457740090595e-01
1.022098046772165425e+00
1.529085655172491398e+00
1.304870393422880914e+00
1.487902094383360296e+00
1.160244048589729848e+00
1.369496470870711136e+00
1.351726752113562968e+00
1.350707405982557230e+00
1.520803196522665379e+00
1.234833853551450922e+00
1.380931590418064348e+00
1.649803680769856618e+00
1.566337889437162012e+00
1.608149585654488067e+00
1.384622465612840747e+00
1.424412758919904265e+00
1.616351499248356305e+00
1.901155450815290582e+00
2.207513316786703594e+00
2.002479813908974560e+00
1.874759554539542794e+00
1.981598739635115125e+00
2.114319553103264138e+00
1.715397524985923461e+00
1.683256599157493483e+00
1.557400621230974558e+00
1.835146894541752616e+00
2.086009828343310168e+00
1.881071628157646280e+00
1.861394249071825158e+00
1.797506472032035507e+00
1.700442644111635149e+00
1.942016269944442319e+00
2.131811785454642116e+00
2.080975651727122067e+00
2.349433274265286808e+00
2.391022266404804419e+00
1.907490251608163989e+00
1.830192767466148229e+00
1.601731844454854059e+00
1.692962731298458312e+00
1.365704095528933681e+00
1.684957003834127054e+00
1.470970735541859975e+00
1.501902998766399655e+00
1.285394590271247139e+00
1.284919001812747208e+00
1.502777206367510665e+00
1.239548202060594129e+00
1.475762281631122885e+00
1.631394797545260067e+00
1.767243196950188056e+00
1.454123167231804681e+00
1.211698493871919524e+00
1.227298196939546893e+00
1.356031398386471132e+00
1.234405346512409407e+00
1.182395404919033721e+00
1.203274191468632903e+00
1.231160607482041591e+00
1.479074184202457731e+00
1.663271247898658878e+00
1.392095779480853279e+00
1.202895239975067421e+00
1.388181530309697820e+00
1.161864511272935330e+00
1.490012441541749277e+00
1.739607329009666303e+00
1.606224042176785050e+00
1.520963761592565078e+00
1.388326495704482522e+00
1.679309782764848213e+00
1.625732434661364856e+00
1.601947807082771291e+00
1.280063932270047999e+00
1.305451799559312676e+00
1.770432374551080601e+00
1.590909856719725957e+00
1.677268988029300578e+00
1.209905856248844502e+00
1.733078250459699765e+00
1.683532428037859408e+00
1.940740081389270788e+00
1.752032755936650421e+00
1.640118297790708723e+00
1.468559994479782471e+00
1.821526655325793387e+00
1.606373972830806185e+00
1.878740541454003932e+00
1.752652148554449063e+00
1.618649918190088188e+00
1.146031411830014557e+00
1.170718191540668363e+00
1.052821746166727968e+00
1.377736021414925016e+00
1.788041652282867267e+00
1.900537369707231639e+00
2.011729692161297489e+00
1.930385612315538957e+00
1.859234128581216172e+00
1.695217393775425352e+00
1.901181877737228021e+00
2.054381768507553829e+00
1.984219037508246464e+00
1.863878605872381744e+00
1.924878931650520375e+00
1.867800668594812308e+00
1.866395176835565994e+00
1.829870642552632320e+00
1.877934619181100162e+00
1.500264834009620962e+00
1.669511159021989988e+00
1.456307227319642017e+00
1.535568305073218731e+00
1.855824555176322832e+00
1.890849675710112976e+00
1.777473251443469238e+00
1.960517066636038086e+00
1.872224814014215033e+00
1.681471424752626120e+00
1.836313471875242076e+00
2.269922802600480072e+00
2.474710076887269405e+00
2.318550269947619036e+00
2.193133564287594428e+00
2.197016811008077664e+00
2.032206958819455789e+00
2.191978475833971984e+00
2.261404760376377165e+00
2.493410709579915618e+00
2.181877210825619695e+00
2.026274029423704715e+00
2.085714876294257003e+00
2.677298030369096526e+00
2.570308101388803834e+00
2.243681805014882347e+00
2.142853397734139076e+00
2.348412351617163552e+00
2.040333540443428184e+00
2.084000269665118310e+00
1.590263519603513975e+00
1.551510299560897588e+00
1.627695260485912288e+00
1.735258528707880332e+00
1.345344023047538862e+00
1.262533051973938836e+00
1.104238891688944069e+00
1.241338008688503747e+00
1.694527251550286273e+00
1.337782382232312273e+00
1.242114866344824264e+00
1.251279405778900733e+00
1.267781769366131073e+00
1.240247377804696960e+00
1.402951960552605515e+00
1.337877272800086059e+00
1.312701693915560686e+00
1.283449115956035280e+00
1.131232596802578705e+00
1.543169581681011371e+00
1.229368328140269195e+00
1.462583506305152659e+00
1.242170930114730787e+00
1.140534241746338662e+00
1.332297384802882290e+00
1.209430575524808260e+00
1.232161156709926431e+00
1.528114393958068584e+00
1.605112335218774167e+00
1.438467503784973012e+00
1.685532339856912420e+00
1.875072685990488708e+00
1.756632867065816228e+00
1.299189700708324402e+00
1.508941275797216930e+00
1.347303036888990668e+00
1.661448273715786961e+00
1.306727616632866740e+00
1.308952802025733497e+00
1.712536000776758049e+00
1.494713261919929259e+00
1.315915997627910228e+00
1.454169219250231571e+00
1.662371787806475432e+00
2.083965260829111266e+00
1.941299304987415653e+00
1.527193562610605904e+00
2.081760045807977022e+00
1.941611950872838666e+00
1.586556935332326557e+00
1.737530711050820020e+00
1.655613428423177158e+00
1.519133934669896213e+00
1.206023552758030748e+00
1.418463687564722076e+00
1.614223209324414432e+00
1.710774300961926730e+00
1.594629834009733793e+00
2.070288259539267539e+00
1.905594643811434841e+00
1.815329061565162050e+00
1.848882834254659713e+00
1.888533612834214281e+00
1.840895449994411681e+00
1.865966796573953479e+00
2.206307774418299505e+00
1.943141547634472222e+00
1.806989968602595642e+00
2.232825336377057379e+00
2.052324469986699818e+00
1.719176058218079506e+00
1.761435811673748297e+00
1.787401361924043419e+00
1.670568556483783329e+00
1.355652520589964993e+00
1.541507577259716877e+00
1.218070662921816760e+00
1.722265541625030538e+00
1.298977249720586702e+00
1.534225775700247540e+00
1.560329521851259393e+00
1.538399139201079180e+00
1.487512690660032888e+00
1.506064445407579555e+00
1.424189824987365682e+00
1.307689858334376787e+00
1.309056860209557804e+00
1.078986714148926884e+00
1.021050754953603423e+00
1.091417821190166171e+00
1.082119399483348010e+00
1.232658049903871511e+00
1.368087840400682431e+00
1.733174944004289619e+00
1.857914241771983832e+00
1.917296664095518244e+00
1.840506165026382979e+00
1.895029239534222087e+00
2.010988553418176839e+00
1.904384341981573137e+00
1.862867101706711326e+00
1.807966641482886105e+00
1.586996035973092800e+00
1.574914828927953092e+00
1.417958033026202047e+00
1.530319633953809877e+00
1.448755998443768123e+00
1.207941634080599957e+00
1.168642367074012034e+00
1.441490988408420382e+00
1.729639609312073167e+00
1.798108840843793521e+00
1.480696536988766354e+00
1.633035352739101498e+00
1.864093001812093142e+00
1.378130471158937276e+00
1.321289283069985832e+00
1.205864221562195748e+00
1.493447975615227019e+00
1.585321467317464483e+00
1.179820685570360350e+00
1.106914715528436455e+00
1.251630870088196623e+00
1.093872077956160371e+00
1.029698897618160691e+00
1.262269549622991427e+00
1.253269337086806434e+00
1.270412847019708247e+00
1.410292471681982684e+00
1.433166627907475954e+00
1.486007775936346587e+00
1.707262771534158396e+00
1.825445079438301255e+00
2.019470694903792829e+00
1.601289205983707609e+00
1.369390357418535098e+00
1.402374232118487773e+00
1.358003779915271103e+00
1.324506720764417000e+00
1.635186188691635012e+00
1.998622139349804261e+00
2.245444427524185826e+00
2.016618369168309943e+00
1.551416033337273959e+00
1.599028948664818151e+00
1.478272354053876469e+00
1.374596171170758163e+00
1.730754091042295828e+00
1.497181601061069678e+00
1.702615047129220294e+00
1.469528918721848321e+00
1.387131711435132475e+00
1.974490783367965241e+00
1.941064522869603737e+00
1.817266382995114782e+00
1.780767763214905486e+00
1.639352767866846694e+00
1.673509610814929438e+00
1.933253420455119276e+00
1.572843141271063949e+00
1.587183194190328273e+00
1.101890640570280189e+00
1.069206145083304138e+00
1.030248195094958907e+00
9.529999955445740412e-01
1.134066995102453346e+00
1.063020539174718726e+00
1.203670222676200385e+00
1.390004570068464229e+00
1.272364884880038183e+00
1.410859375443945796e+00
2.043586733348225604e+00
1.517519915237296457e+00
1.433344266857870197e+00
1.840347527007690331e+00
2.001277776348073356e+00
2.028472655914815626e+00
1.923459867033098014e+00
1.544541200129505576e+00
1.220088533907212502e+00
1.485159153660188913e+00
1.155106684742738032e+00
1.406830919423768700e+00
1.697903634044246601e+00
1.703040806442426947e+00
1.762222106663345889e+00
1.609558196785812356e+00
1.311047189584650274e+00
1.509187404241058239e+00
1.512800472511912409e+00
1.314900773812042623e+00
1.382266470076855658e+00
1.933026742907867579e+00
1.593735790693175947e+00
1.323579758671014961e+00
1.392276441256989905e+00
1.252894280155720352e+00
1.380676837183587580e+00
1.420145770721579881e+00
1.526472269132065129e+00
1.832441085212190179e+00
2.033939307894591320e+00
1.987251343343409360e+00
2.087370534361222774e+00
2.151527431918212052e+00
2.232431145696871511e+00
1.947622639826011026e+00
1.563180528230279087e+00
1.200066703408322333e+00
1.838085068465532324e+00
1.779137861259711517e+00
1.836679648207310001e+00
2.468224557134135910e+00
1.967527683732497312e+00
2.049024911913805092e+00
1.799065692298531749e+00
1.746039000627982674e+00
1.647664368465705298e+00
1.433382767696936178e+00
1.692547878392577587e+00
1.318694731153954303e+00
1.299224663251692391e+00
1.200260993296907053e+00
1.227538775023762518e+00
1.148632610172229729e+00
1.244436196888559998e+00
1.549689455931804183e+00
1.227120673150274399e+00
1.406468066572509334e+00
1.437618362709621955e+00
1.442771777109334463e+00
1.408649407610840010e+00
1.540601205149098263e+00
1.646159057451316743e+00
1.409051365701989411e+00
1.101971071151615744e+00
1.248025911499439422e+00
1.264650783865722827e+00
1.489208381909643775e+00
1.796430811871407629e+00
2.058759315895677844e+00
2.221855426761730534e+00
1.785215861019963546e+00
2.082556211387508238e+00
1.684467059873016481e+00
1.555402407335098047e+00
2.092969157466304075e+00
2.244154551688602339e+00
2.214826069505937856e+00
2.161545289160144545e+00
1.917228030982465192e+00
1.590554287087764029e+00
1.781109288593294870e+00
1.798141299327468801e+00
1.873809736252005642e+00
1.893563758390140350e+00
1.832634882301168666e+00
2.074410567466724142e+00
1.779664779473485225e+00
1.752371715690492993e+00
2.122054932822443618e+00
2.530753404919060312e+00
2.579408053723723171e+00
2.381556547355130782e+00
2.137011184713038414e+00
2.309628138571833134e+00
2.047277309667416834e+00
1.729386680869198223e+00
1.910635963372739443e+00
2.083258921183245072e+00
2.169924790768609668e+00
2.379239992907503431e+00
2.250940707541324137e+00
2.201174928534841424e+00
1.978257493636936593e+00
2.363059945152296670e+00
2.408072476581463839e+00
2.043169900219251378e+00
1.961505367099993569e+00
2.150391545369854551e+00
2.198123886383044123e+00
1.951168677847596733e+00
2.193856026060257758e+00
1.745915745405417496e+00
1.700654745779770272e+00
1.545185289211859159e+00
1.431257856983023213e+00
1.537090884973503879e+00
1.580018219639621968e+00
1.852565557895692328e+00
2.011814536667408060e+00
1.737334388026666510e+00
1.855186603036864446e+00
2.193861425251803166e+00
2.212945600413701364e+00
1.996223497373198263e+00
2.099045926483782853e+00
2.184938953937066497e+00
2.038540692845294711e+00
1.588302701965282004e+00
1.863842084375347374e+00
1.864116063066593831e+00
1.448263382048154302e+00
1.517216745530555411e+00
1.417306172177082324e+00
1.370741797965419728e+00
1.208924567010779327e+00
1.510810573879618479e+00
1.524409864698492933e+00
1.745836659914799416e+00
1.373452365358634797e+00
1.438694354745527981e+00
1.632193106514148173e+00
1.498323247269445879e+00
1.420375539710510004e+00
1.567676929133792640e+00
1.756551793336222467e+00
1.376132734303867622e+00
1.288600038209573695e+00
1.107664804808786041e+00
1.155130848715958392e+00
1.314993634862290151e+00
1.634699756799299353e+00
1.356491063099304561e+00
1.307754032763757124e+00
1.188010710220144039e+00
1.718873417572921003e+00
1.405306517366452068e+00
1.470123741614896673e+00
1.530809025787296163e+00
1.605598394888732017e+00
1.645097124234355057e+00
1.901237292233575848e+00
1.524146812977912102e+00
1.616992296348603420e+00
1.404609913452145920e+00
1.449024243051332039e+00
1.258191356738894262e+00
1.396460536358677507e+00
1.325315235857620122e+00
1.434096408780913379e+00
1.418991933336126499e+00
1.556046874161776339e+00
1.736567018100960702e+00
1.280268777032349981e+00
1.458054776026933785e+00
1.450399547322887450e+00
1.624155744818727376e+00
2.127798746042822486e+00
1.922296073466591926e+00
1.966802509138052102e+00
1.833759635522349996e+00
1.634044977966113255e+00
1.747863523640402095e+00
1.968512984463459237e+00
1.625871839844088784e+00
1.709454512161521667e+00
1.581118705369813249e+00
1.892966463717036696e+00
1.896040209117438424e+00
1.823173330159020722e+00
1.810815409634333406e+00
1.800237919469291015e+00
1.961285693838462185e+00
1.957611174154992417e+00
1.874699053783120961e+00
1.877151866617049025e+00
1.719246330853704485e+00
1.686096018970145938e+00
1.588642082462144112e+00
1.718680017975746210e+00
1.656303869352022673e+00
1.548510726192100284e+00
1.752430564473035579e+00
1.619468836229781550e+00
1.629915968111011360e+00
1.840173503948719258e+00
2.093009521308940801e+00
1.677820292033810334e+00
1.944460291736527457e+00
1.967686831928056268e+00
1.908970265891720919e+00
2.103771099077642148e+00
1.672990862438774373e+00
1.328424342997121199e+00
1.669845016327468956e+00
1.930584530895751660e+00
2.213776784868697334e+00
2.392350594807655995e+00
1.981673823746246343e+00
2.182571649098150157e+00
2.162262614373285707e+00
2.055974767176367290e+00
1.921586139498118406e+00
2.177153830417853264e+00
2.191396134568823761e+00
1.746273893632134921e+00
1.994122739423326740e+00
1.844241106592023005e+00
1.295755934076235683e+00
1.257083635684143719e+00
1.423871456957013448e+00
1.540424772324019420e+00
1.379731946443783386e+00
1.404171106695972115e+00
1.402797245946758142e+00
1.257829686274377856e+00
1.250999303931661588e+00
1.122772259159779074e+00
1.393006288911603496e+00
1.794765494071107970e+00
1.849268185489531646e+00
1.698193250514211883e+00
1.750469817323491162e+00
1.371821939639233712e+00
1.481337699765464810e+00
1.407550374274318061e+00
1.447268293384302629e+00
1.637956029025209537e+00
1.949722921710545398e+00
1.993824086238155990e+00
1.917384372775271517e+00
1.793020270840677277e+00
1.505383188965171426e+00
1.598741925611538051e+00
1.280563133953819932e+00
1.509497263196636574e+00
1.464899292222028748e+00
1.489550685413525422e+00
1.572021974629876473e+00
1.583120279134570207e+00
1.896955821151012023e+00
1.798361076706070039e+00
1.854160443336423825e+00
1.925269761204564167e+00
1.990404453167470500e+00
2.030894356136600187e+00
1.728837324897647409e+00
1.944455840390052037e+00
1.737963700710350112e+00
1.568497798740559723e+00
1.711218590448961185e+00
1.845768448720835231e+00
1.345960282711629930e+00
1.766959693438930890e+00
1.881360364696809562e+00
1.822745504566216646e+00
1.600607318388835854e+00
1.576692213787039165e+00
1.838268634725732431e+00
2.253671994682794111e+00
2.246202806385987127e+00
2.229314752975463332e+00
2.160845437423752458e+00
2.297895415457118506e+00
2.422825817651383051e+00
2.391836502777922480e+00
2.333108569219793704e+00
2.259908224346922179e+00
2.309675347586215732e+00
2.284239397429991936e+00
2.223126621331743547e+00
2.274733534155358949e+00
2.736806802923813731e+00
2.433058025506967592e+00
2.894271615348793070e+00
2.192942431947134896e+00
2.081609288420475767e+00
2.130287894646650582e+00
2.160995760218447970e+00
1.913992223100560608e+00
1.835528619866220401e+00
1.630321529258935698e+00
1.573504504782730962e+00
1.452678455882384645e+00
1.421497284984786669e+00
1.315149252058559259e+00
1.243391785872669075e+00
2.075541300154515767e+00
1.545157368105673612e+00
1.588213378220300953e+00
1.920230826508614541e+00
1.751016960772836306e+00
1.487143844035403450e+00
1.637881435450189604e+00
2.007886937507380676e+00
2.441230657409777294e+00
2.054954558685077703e+00
2.148333528466767284e+00
2.178974825296477569e+00
2.064309168496298863e+00
1.581690273211129982e+00
1.728631638015967198e+00
1.895805263690576004e+00
1.965124384740750685e+00
1.954957942762074685e+00
1.932062426967786184e+00
2.006410680291817794e+00
2.038981485655204207e+00
1.746712960724850605e+00
1.442654525650324260e+00
1.515462307065642111e+00
1.504097633119519051e+00
1.665949320493646413e+00
1.904790537565889785e+00
1.881941208530019116e+00
1.915814692279045772e+00
1.687311592949519268e+00
1.671349683452745261e+00
1.947183719198780416e+00
1.609708122549633691e+00
1.799971452305638042e+00
1.575741919983897787e+00
1.436182885944131904e+00
1.459211573223256897e+00
1.685134925854324894e+00
1.777791018236498211e+00
1.368329379192985584e+00
1.600772458076161087e+00
1.236274099962911599e+00
1.231086531881476986e+00
1.426275052765779483e+00
1.443381238692771573e+00
1.717372186159286107e+00
1.768849097934410031e+00
1.532339708455695337e+00
1.851012595022104357e+00
1.371894951016662922e+00
1.590944887986572631e+00
2.019190993104501342e+00
1.963261911741315480e+00
1.712373882211698062e+00
1.868483174353641418e+00
1.905976178300188728e+00
1.953069908333695981e+00
2.259046724762630021e+00
2.154829515214646829e+00
2.026138752883998251e+00
1.993189950443096770e+00
1.936214912829772761e+00
1.942696880325251785e+00
1.973803250507651263e+00
1.860496695536313361e+00
1.634327569658478474e+00
1.217159245413051982e+00
1.966145605873734103e+00
1.747351742888578974e+00
1.444408066039081007e+00
1.532673098245139087e+00
1.660869560347071117e+00
1.428786350201337596e+00
1.576283567789412032e+00
2.283177974517067277e+00
2.165688454086073467e+00
1.975570500835420518e+00
1.921204795672897481e+00
2.237756251693190812e+00
2.584391894428490488e+00
1.702504126662666373e+00
1.436702111168541629e+00
1.472805044986127854e+00
1.426000440448233153e+00
1.604288896253256880e+00
1.721680180492690670e+00
1.638610384715817325e+00
1.587139053501191555e+00
1.736077668258082518e+00
1.665815634662324518e+00
1.563011607708582495e+00
1.660724750205340605e+00
1.800493361253919788e+00
2.015114718258602888e+00
2.067685002976077158e+00
1.303627696753289822e+00
1.502791861415379016e+00
1.345302675508668777e+00
1.474634656383721376e+00
1.459000325949349808e+00
1.746880017722908240e+00
2.112054427996789219e+00
1.778842060491969468e+00
1.778547892199153324e+00
2.145778532256569893e+00
1.849965439602001771e+00
1.929578523351498376e+00
2.029983389894109536e+00
1.858220308980633506e+00
1.780762933992981578e+00
2.101531696113731140e+00
2.258444545561820505e+00
2.212483675361346602e+00
2.035290047363094601e+00
1.564857137653094199e+00
1.216588053508037781e+00
1.343776386077847107e+00
1.371733916095468242e+00
1.172666104467622761e+00
1.141184682791741789e+00
1.363601477648431981e+00
1.669477285606575823e+00
1.928056445866094926e+00
1.296856561849700107e+00
1.225344624829308726e+00
1.424098652744071769e+00
1.326257179104913364e+00
1.173823207154253812e+00
1.512317233041262199e+00
1.847133507194131274e+00
2.017894235554610116e+00
2.144749937228119130e+00
1.865371010032810695e+00
2.123778650031237891e+00
2.096987143047161162e+00
2.401074794128300827e+00
2.373408013784171100e+00
1.841395898194762459e+00
1.662020620968461149e+00
1.787503367788567665e+00
1.636194572357197119e+00
1.464797197944247120e+00
1.498318573494690220e+00
1.293172445743057564e+00
1.271405731123683047e+00
1.554445346401118533e+00
1.570152700772586396e+00
1.735768091628063559e+00
2.138669824960650168e+00
1.817750781518078673e+00
1.727630773356676475e+00
1.554247657134881777e+00
1.509413808035156679e+00
1.428750404073169555e+00
1.471693223512419380e+00
1.374127035043466005e+00
1.322136317096906488e+00
1.267931789825508027e+00
1.435066775831002506e+00
1.476229920540111040e+00
1.780939877102448055e+00
1.358277089747708555e+00
1.713943325974454313e+00
1.804032177763675637e+00
1.779125345762150978e+00
1.438609269686170755e+00
1.256394929438289454e+00
1.312650745710172595e+00
1.539641457603322827e+00
1.684025654097960789e+00
1.915850938743916210e+00
1.896851944942940182e+00
1.904481499666156541e+00
1.682352099097053966e+00
1.710457209781675481e+00
2.160886907711955018e+00
2.174083607669076823e+00
2.091913933326861930e+00
2.360880608010437864e+00
1.842025105902190152e+00
1.901424324203791150e+00
1.750213487372584531e+00
1.901154412717865672e+00
1.624329185126223152e+00
1.796904943195912541e+00
1.582323582804739504e+00
1.340055841423283933e+00
1.756010144052053468e+00
1.589198176500514759e+00
1.128112547512437169e+00
1.059339723226204288e+00
1.476494198726749474e+00
1.239511507669863732e+00
1.256967259582752128e+00
1.436636036788040194e+00
1.702958556951966074e+00
1.455149524033480413e+00
1.192200212443216278e+00
1.727416087658432575e+00
1.705381673703679768e+00
1.388500985897638706e+00
1.300999778914065708e+00
1.263648534659973954e+00
1.455608144961026085e+00
1.343769434946413321e+00
1.447242331797591097e+00
1.185071870149046580e+00
1.257953453220943096e+00
1.359361873538869947e+00
1.615797135101330273e+00
1.536922014617757792e+00
1.426636379418895428e+00
1.299799479060792962e+00
1.189433612403739016e+00
1.145950446530683342e+00
1.155125036416700723e+00
1.067075878314607706e+00
1.255024898004604372e+00
1.342105646576281730e+00
1.251223122663740250e+00
1.585289769360853862e+00
1.504651150837632345e+00
1.264073627871933336e+00
1.336215825879203623e+00
1.325773365910331014e+00
1.745351217474569783e+00
1.499091323985458857e+00
1.484272921883029062e+00
1.643419631543285409e+00
1.455215025297280862e+00
1.336822101822477293e+00
1.672938549599097158e+00
2.010524521308143520e+00
1.851011689037431074e+00
1.892672002001613452e+00
1.958966517169575372e+00
2.050315131013048298e+00
2.270872936605452974e+00
1.999421810011878353e+00
1.837802765547423611e+00
1.674064947216643562e+00
1.740234833350784660e+00
1.382517142157610568e+00
1.251932108612358041e+00
1.207520269513325140e+00
1.332655789198663676e+00
1.512683904175737837e+00
1.740221576513879986e+00
1.237396590290275045e+00
1.307745417452045089e+00
1.331459170773385381e+00
1.735141347561190095e+00
1.690900045615246317e+00
1.945265369720663218e+00
1.763551098983696663e+00
2.130071352708974075e+00
1.920001898247410965e+00
1.736903713344839062e+00
2.024700916102610826e+00
1.471417141328261957e+00
1.578505045396291884e+00
1.897063376389151124e+00
1.639145570668553820e+00
1.547009069279406068e+00
1.706062435255328857e+00
1.747734470213276881e+00
1.661376509106906596e+00
1.462146469475141153e+00
1.280465007431073943e+00
1.391244421560953626e+00
1.287158117547410496e+00
1.078359770341552837e+00
1.429703694850965157e+00
1.181513331179985471e+00
1.471380456276499160e+00
1.619640700967650560e+00
1.812321588773861736e+00
1.477743488304611441e+00
1.305057376819860782e+00
1.093232333011984192e+00
1.745672644777767291e+00
1.456608550290365400e+00
1.636574260879110287e+00
1.754123496257688375e+00
1.863237576147063201e+00
1.945546484831962353e+00
2.251614750069507842e+00
2.328496532688672627e+00
2.011224530635599805e+00
2.036368759496989256e+00
2.040521640577486640e+00
1.823369690855343173e+00
1.755559802206729136e+00
1.627261858300065756e+00
1.571116134275000187e+00
1.090379467535316671e+00
1.527355365341386051e+00
1.131889632064426721e+00
1.193896521552118672e+00
1.542243209879514687e+00
1.483868215941869462e+00
1.517495866505399249e+00
1.690688144738922594e+00
1.626823822557818433e+00
1.533570015592451874e+00
1.429029265828837048e+00
1.144368270803078680e+00
1.248692687880299523e+00
1.271440616500610687e+00
1.661854950445338819e+00
1.836676090529193006e+00
1.416686702447432777e+00
1.258433475779829891e+00
1.269071514606027629e+00
1.211652935649569551e+00
1.430831046586661826e+00
1.468781748292462108e+00
1.580538809849890036e+00
1.491389550786372808e+00
1.453593725697631012e+00
1.631404561203902759e+00
1.701830583771507310e+00
1.303237282388483909e+00
1.415222519278579005e+00
1.240498059005705755e+00
1.578585941283766836e+00
1.752322987329328674e+00
1.690421210796859031e+00
1.632580021889044275e+00
1.421159851187537626e+00
1.574841474652663109e+00
1.497864775365078671e+00
1.645656419308940244e+00
1.712744629845632360e+00
1.509300842697721690e+00
1.449799579306481512e+00
1.071680436911839784e+00
1.260260159493883592e+00
1.136291220385805545e+00
1.366049442900110655e+00
1.368863501522453285e+00
1.191078918187862934e+00
1.541057208124992250e+00
1.549833017618782449e+00
1.414846948075948463e+00
1.813312333461426507e+00
1.594376561120797620e+00
1.834842826627371970e+00
2.175952861189246246e+00
1.856321614707799217e+00
2.457867556559237610e+00
1.961098867413472835e+00
1.653781140082013934e+00
1.414514431859278831e+00
1.302742057100422901e+00
1.366999158283044746e+00
1.454092643019843090e+00
1.322838391666669500e+00
1.721020359330371008e+00
1.677974084444035174e+00
1.836664714292120637e+00
1.631833000355136454e+00
1.911314678965458924e+00
1.761822319319551911e+00
1.839263833742993404e+00
1.977438827045196579e+00
1.721026478180699648e+00
1.876462073703921263e+00
1.721773417561196950e+00
2.048210035090247683e+00
2.205380043400251289e+00
2.440043697941362222e+00
2.404557132574983047e+00
2.076101772632992670e+00
1.866206628428634051e+00
1.949522103689472319e+00
1.623664572086569891e+00
1.660272285313018292e+00
1.899711810517276334e+00
1.539237191639752034e+00
1.596049450358750565e+00
1.833443802609678430e+00
1.714039305296223281e+00
1.701792117765745793e+00
2.048542589862954344e+00
2.115354499649233500e+00
1.876943717849588911e+00
1.985283506627339767e+00
1.869975617222007447e+00
2.160166547047638552e+00
1.479601259062899077e+00
1.784963166913317467e+00
2.013813399405169235e+00
2.211461354377072475e+00
1.958150655650657157e+00
1.777821062885025061e+00
2.481623975703536988e+00
2.384734317912998502e+00
2.117367322133004492e+00
2.005355504270905698e+00
1.958755385477216171e+00
1.965674048365415150e+00
1.785893426179451460e+00
1.935181627930923076e+00
1.572606771129388514e+00
1.958681126692222607e+00
1.956980610096316298e+00
1.539256838481991130e+00
1.529628287877684789e+00
1.896658664257775406e+00
1.668639042756722590e+00
1.284070019343961810e+00
1.537558168795423841e+00
1.711929361961046725e+00
1.435587158560441612e+00
1.549215991984173701e+00
1.412332343162155945e+00
1.359346585966310084e+00
1.213655049722012214e+00
1.280050036357444965e+00
1.240269338900385820e+00
1.387781350567407479e+00
1.187250476610635763e+00
1.265473703251047688e+00
1.339011810154864257e+00
1.418279315945162766e+00
1.130301041689421249e+00
1.114470888637901336e+00
1.106744201990718102e+00
1.057781280825678571e+00
1.201505292233981059e+00
1.201489645597019873e+00
1.465487322581086937e+00
1.649170003531970963e+00
2.010386082311179212e+00
1.429490587663075907e+00
1.267661650987959021e+00
1.186822616972059707e+00
1.140636432972270908e+00
1.300676683510741505e+00
1.438204134344906793e+00
1.473769337622888642e+00
1.186733786620141951e+00
1.614543971665637345e+00
2.095362709776229071e+00
2.154545207865953937e+00
2.070785704128514482e+00
2.357261171616880091e+00
2.278403112979169975e+00
2.247278207559556318e+00
1.863494438775131989e+00
2.239053584429833155e+00
2.220017165579349694e+00
1.909988639093382012e+00
2.042539470903019794e+00
1.899630667332953493e+00
2.232331428119379790e+00
2.646027138345935725e+00
2.033799280066569182e+00
2.048264004332435384e+00
1.506846906426633881e+00
1.358490525198019938e+00
1.112083876201842569e+00
1.374100914578197274e+00
1.720444175582936941e+00
1.653088552764641950e+00
1.537190659021551387e+00
1.500591279385155019e+00
1.370580905089245904e+00
1.473925527449109874e+00
1.383752905039895786e+00
1.511400801544037664e+00
1.583095018712452173e+00
1.522888505825710448e+00
1.643532912042997118e+00
1.957363801734495201e+00
2.226278160271163209e+00
1.976703728908407731e+00
2.211645204090929351e+00
2.012408182167743309e+00
2.373919112200055359e+00
2.261924201234175147e+00
1.962738286895153283e+00
1.687869880864439232e+00
1.304669519316568937e+00
1.146465293779838523e+00
1.223046535918069777e+00
1.505350340106933693e+00
1.317509814065237705e+00
1.541282302317985131e+00
1.432651330549728153e+00
1.459042839147323578e+00
1.646521714871209241e+00
1.474921975831550380e+00
1.398750433687608208e+00
1.615172434652748512e+00
1.333671038635630524e+00
1.222106569277299659e+00
1.195493722104828072e+00
1.406013482292243877e+00
1.378955392717830630e+00
1.441330777468817548e+00
1.303536339027311808e+00
1.278722197900286073e+00
1.257409469682974290e+00
1.388190591024623943e+00
1.334545405355249903e+00
1.473642682860289987e+00
1.278740144257733302e+00
1.463536367018969386e+00
1.659416246400206463e+00
1.481198568164941776e+00
1.514795005103749537e+00
1.566409268348227357e+00
1.546905282684366556e+00
1.619702645360129978e+00
1.958302114546061734e+00
1.585358099920233022e+00
1.791368815986862151e+00
1.589514775401369207e+00
1.705728583574655843e+00
1.518292572145176322e+00
1.465244435814234691e+00
1.566978484291575713e+00
1.340803344486301008e+00
1.556169214429738767e+00
1.475736921659047240e+00
1.776950618368933421e+00
2.104692200765680976e+00
1.889525958077475254e+00
1.881870958873036903e+00
1.836337012466792151e+00
1.629893787389259607e+00
1.698297362198704752e+00
1.377622756753249966e+00
1.367982033999141533e+00
1.458153401250314785e+00
1.324143256491533194e+00
1.585229277946687221e+00
1.592995671673254288e+00
1.437308018388375075e+00
1.355644899709944617e+00
1.595361425804710187e+00
2.036929078821892336e+00
1.899336985287060742e+00
1.726783535752553167e+00
1.531869389942412729e+00
1.358280725635121478e+00
1.004929180419863677e+00
1.263935146588429426e+00
1.245546823751065402e+00
1.308083275363312481e+00
1.330098938197911362e+00
1.159490029994693083e+00
1.328472148868265368e+00
1.292443939231558758e+00
1.205015323412623962e+00
1.027303507161688723e+00
1.372798187999580755e+00
1.365609875607433521e+00
1.676456016629627177e+00
1.654666720821263315e+00
1.714069801586711961e+00
1.683792418189773432e+00
1.551756743988553566e+00
1.468905130104863455e+00
1.658071760414127738e+00
1.712789898243682885e+00
1.951581027869737639e+00
1.472358063919114946e+00
1.466218115055965443e+00
1.744734249393715020e+00
2.009939547346712096e+00
1.807194348981305598e+00
2.207519239574636583e+00
1.501955834091238673e+00
1.401379153184626913e+00
1.593293395811640201e+00
1.604918186537685587e+00
1.879577343056229699e+00
1.838745428628273393e+00
1.472547391086858726e+00
1.396746075604046844e+00
1.735887515742301934e+00
1.874958312175302844e+00
1.870039316680735197e+00
1.865031664178900206e+00
1.795043936879213931e+00
1.485535034163514290e+00
2.084218252350955591e+00
1.806712209438041672e+00
1.698091476325122251e+00
1.964561261519782720e+00
1.787224397026640821e+00
1.905902558380477618e+00
1.745488189217147879e+00
1.449553909680243446e+00
1.135460206276688089e+00
1.166005071427322015e+00
1.319603723329550560e+00
1.394213114918539276e+00
1.586348087193909295e+00
1.449782922430325138e+00
1.511873597272426650e+00
1.730745620195695444e+00
1.719915898984854641e+00
1.852036892676209634e+00
1.841200758918057900e+00
1.667022731334759644e+00
1.544968312046420378e+00
1.413251241531230384e+00
1.682819090581318511e+00
1.404383001705875378e+00
1.382041356131618937e+00
1.552697450397877432e+00
1.417096868514977182e+00
1.286855959142076955e+00
1.292082172938030737e+00
1.191689054081896515e+00
1.277702129442927159e+00
1.510567616211989206e+00
1.721143898942533612e+00
1.712876149612787335e+00
2.106268321246620001e+00
1.669698961205369647e+00
1.460971572536161389e+00
1.676199515272809082e+00
1.547943564045105802e+00
1.450837769490685325e+00
1.551648867226331330e+00
1.203757892919349537e+00
1.540727234361491949e+00
1.195550408877383397e+00
1.415747890169812617e+00
1.554882724776322833e+00
1.603344157383303603e+00
1.934186277031041401e+00
2.539381557458127769e+00
2.445030899305109529e+00
2.367848233579026740e+00
1.967727062981465824e+00
2.068607842319159396e+00
1.639926215883269922e+00
1.844141457262682637e+00
1.698075865856935041e+00
1.640340157704315294e+00
1.237463375261190102e+00
1.405030538309268495e+00
1.746366427997300352e+00
1.762983332000260361e+00
1.760044412884587350e+00
1.589451627003833245e+00
1.552416018249781482e+00
1.843317731037989793e+00
1.698379225044144070e+00
1.999267245092707146e+00
2.071022445498159836e+00
1.992165326665110037e+00
1.756825221567752227e+00
1.801984686096335553e+00
1.737889835558146245e+00
1.937763856873718327e+00
1.902056197717015174e+00
1.622138979108250112e+00
1.338104813318016006e+00
1.488455311547285165e+00
1.782578329988866006e+00
2.122071589499883615e+00
2.306748438717109106e+00
1.905461178766218344e+00
1.955331862401101350e+00
1.773947234287945651e+00
1.527647778099420428e+00
1.180836382215746383e+00
1.223852527356669384e+00
1.270939812830014448e+00
1.552194217825591416e+00
1.475451986458861331e+00
1.287804977983873167e+00
1.761849986808728064e+00
1.611726448110327503e+00
1.500778507468999212e+00
1.158698331019721195e+00
1.441110448360624297e+00
1.830588019728642157e+00
1.984094278555498025e+00
1.720306301203182286e+00
1.537331203056906848e+00
1.783068032150381121e+00
1.369215112459839290e+00
1.509556126963704115e+00
1.702517864988102536e+00
1.459260734284302696e+00
1.542176540800266338e+00
1.389421857532853410e+00
1.430836086041080257e+00
1.719843173901423716e+00
1.528238617024666901e+00
1.615393739965477415e+00
1.574513631027732119e+00
1.736326245303677629e+00
2.095507963392415185e+00
1.989506076077472319e+00
1.718213217751846988e+00
1.589587811850588617e+00
1.680057669345237814e+00
1.880370543961019436e+00
1.556049843674630617e+00
1.678923139892956717e+00
1.998140613881166150e+00
1.839241187369572872e+00
1.777883786402650657e+00
1.758078775471257460e+00
2.205302975774989793e+00
1.960720538707484639e+00
1.927916765935426158e+00
2.151726937646348592e+00
1.806717617187196145e+00
1.373986205592009124e+00
2.135446848372403839e+00
1.554045697965617201e+00
1.758344923048750452e+00
1.827773764626703823e+00
1.925689318133051886e+00
1.741783963119047929e+00
1.750776215894419341e+00
1.255250771625166850e+00
1.522788305299389799e+00
1.307592043904944878e+00
1.284759430828914750e+00
1.359662552400950020e+00
1.299282726479797923e+00
1.391253176908583855e+00
2.004773600730529903e+00
2.053223565970899056e+00
2.053172043162786231e+00
2.207142237360108172e+00
2.136331522645957381e+00
1.752315138232917624e+00
2.005336722947653083e+00
1.570866900509634290e+00
1.633673157678553700e+00
1.417736355883528532e+00
1.398627471604236838e+00
1.238257161487448688e+00
1.331364408084289241e+00
1.259732720877266399e+00
1.451607929638297767e+00
1.208735159638629098e+00
1.334608950874201838e+00
1.652507919374484935e+00
1.771332796860323633e+00
1.849511608916935890e+00
1.803171995833933394e+00
1.702364755379986994e+00
1.807378194940657323e+00
1.895272498400239591e+00
2.121487054210444256e+00
2.301413737533107629e+00
2.039259152153157562e+00
2.570403235101009098e+00
2.225819473537706816e+00
2.211398720692770770e+00
1.887205345742908325e+00
1.480288012381767437e+00
1.588567876397532386e+00
1.738001923413851291e+00
1.786965703754593626e+00
1.809898408584563079e+00
1.831738945119661288e+00
1.737142788204558919e+00
1.424785136936329577e+00
1.522870465777290905e+00
1.694990400334606129e+00
1.666665554029254315e+00
1.480291136716842981e+00
1.490502864066007405e+00
1.820072894659049867e+00
1.717793155084275547e+00
2.088646320391819966e+00
1.834129312812658119e+00
1.890546122918550953e+00
2.387392999872866906e+00
2.480277853659656362e+00
2.053936646993256954e+00
1.920767972633925069e+00
2.065348111517807617e+00
1.927611714086959971e+00
1.937698350002349024e+00
2.005524841767989841e+00
2.087289522023598298e+00
1.996071773113738290e+00
1.944736814680040560e+00
1.983186142768791571e+00
1.833053463909274816e+00
1.886624326265358143e+00
1.480700797064760543e+00
1.406661757222660958e+00
1.330595026426330429e+00
1.662124535472011999e+00
1.687799071895930814e+00
1.886243649962879632e+00
1.420364628960570919e+00
1.667801418589316853e+00
1.609682924352363376e+00
1.547105434386049083e+00
1.545812256709470978e+00
1.455047553289514850e+00
1.942198347228168309e+00
2.071669888912830881e+00
1.861829944656753444e+00
1.490942520749243272e+00
1.387916800760311764e+00
1.773667399451155369e+00
1.981295682878818187e+00
1.678283082156762251e+00
2.050694272403717378e+00
1.657968747584931180e+00
1.697698848510105440e+00
1.957316407782251133e+00
1.559986041765543341e+00
1.749962132463539710e+00
1.883386268951162457e+00
1.571457161339211872e+00
1.898750764083746878e+00
1.915078832028682676e+00
1.727296215283688374e+00
2.001323207447708974e+00
1.938491527847307383e+00
1.455942628060388433e+00
1.215867452487609635e+00
1.426878068091329110e+00
1.387790741565421149e+00
1.542760380814433674e+00
1.458353536215638346e+00
1.480780759630115906e+00
1.868053389167721123e+00
2.064565658274082782e+00
1.991777215969299908e+00
2.329298417580197622e+00
2.369915953005016007e+00
2.297037599310983946e+00
2.304063191207737837e+00
2.045978335023796113e+00
1.446816058144513306e+00
1.747013277064207504e+00
1.251318186439804636e+00
1.644325560672901476e+00
1.573340331710342932e+00
1.925032779826326035e+00
1.800126286059550829e+00
1.658303210943278039e+00
1.894115836110932705e+00
1.795513820019657203e+00
1.413340089043939152e+00
1.388865076284491629e+00
1.387303560133078983e+00
1.531059418258632121e+00
1.214186889361458244e+00
1.062966683356705300e+00
1.553708430187930922e+00
1.627026834735547212e+00
1.595357016907416492e+00
1.984256242755930488e+00
2.111426215434149878e+00
2.199027488001339403e+00
2.342145784539777509e+00
2.188121441049104998e+00
1.811915487927403534e+00
1.956959512310370464e+00
2.162958004526912781e+00
1.801955094306743055e+00
1.754065423725605033e+00
1.632580103710707720e+00
1.271618680089979359e+00
1.441936570536016982e+00
1.487343366102305442e+00
1.435041672155531689e+00
1.351909870038440209e+00
1.041220949492253522e+00
1.065255375056439968e+00
1.141262511654185241e+00
1.308838311919875652e+00
1.562204649959036296e+00
1.900900684505727245e+00
1.754526546905060158e+00
2.049743209449305326e+00
1.971624946868419714e+00
1.800994597127678620e+00
1.681532249681644942e+00
1.781256746368585553e+00
1.697428205703679360e+00
1.634709991726795542e+00
1.251426420886624813e+00
1.251697555768662262e+00
1.168848255040128015e+00
1.069960204374052593e+00
1.342892428792388460e+00
1.574329815287275558e+00
1.610993303196956550e+00
1.556536714634383589e+00
1.804508607881378346e+00
1.752036155972654274e+00
1.587725872501968283e+00
1.772998996291023310e+00
2.358679404474119501e+00
1.863763275781730844e+00
2.223800209322837951e+00
1.930729872074439912e+00
2.121244990165894961e+00
2.156641925917260227e+00
1.977175494853244064e+00
1.987027117582922164e+00
1.306176539008796489e+00
1.537569881239110314e+00
1.454160857715827149e+00
1.287235559853022737e+00
1.510700601306397051e+00
1.747564007646102757e+00
1.924308283213733040e+00
1.661364900889605867e+00
1.709344821442459139e+00
1.614360977415091769e+00
1.824673228781976464e+00
1.964128186587599023e+00
1.787494035956886940e+00
1.692511774443346217e+00
1.919916055982024083e+00
1.708761891775563146e+00
1.385764328303659143e+00
1.203459522745781829e+00
1.646370983731312521e+00
2.062207065953953755e+00
1.796722099786461246e+00
1.545483560858679217e+00
1.485883782767401406e+00
1.564024367043305386e+00
2.019141969375569001e+00
2.159942830947592096e+00
1.671146396344223239e+00
1.280468355692288895e+00
1.481317003289800427e+00
1.429961321018270670e+00
1.808685005153973124e+00
2.139960480248433772e+00
1.676180962871436808e+00
1.281005667596815778e+00
1.219701011777367894e+00
1.385289019523095355e+00
1.190980720311273222e+00
1.386896236524186143e+00
1.372311791439545736e+00
1.829952400726480466e+00
1.826261567910495431e+00
1.347795714755437357e+00
1.306399591300074547e+00
1.269564190486663691e+00
1.584875851544867764e+00
1.319502085118565260e+00
1.621006848971560332e+00
1.461185724795112328e+00
1.184072929548425357e+00
1.182213001672318464e+00
1.433552090215329589e+00
1.945891066807254877e+00
1.636542356009324850e+00
1.845003002012030935e+00
1.766269091025887139e+00
1.884514890618799843e+00
1.761852860936470755e+00
1.557631365519649203e+00
1.969160288127292491e+00
2.148873072642819348e+00
2.052998773670826171e+00
2.460858136193926793e+00
2.349916562512545770e+00
2.457119096042166717e+00
2.405224946359357130e+00
2.242518239582872663e+00
1.867139391571898344e+00
2.466619824911478354e+00
2.263180209328214509e+00
2.007594377914672545e+00
1.981590821481076903e+00
2.100418051066208935e+00
1.924751700194976323e+00
1.694042251211349104e+00
2.173478119729274294e+00
1.994852090957172752e+00
2.197919428198886305e+00
1.992309716317315793e+00
1.925086241617534499e+00
2.103327872091891759e+00
1.956147273015054200e+00
1.887423737183910877e+00
2.315569271284221298e+00
2.302810596994150583e+00
2.138258624683448961e+00
2.366336275416397683e+00
2.012908775168891662e+00
1.673089602149691935e+00
2.127618534475396839e+00
1.765343368358682774e+00
1.404008614638008412e+00
1.262093916106965974e+00
1.402459193441456309e+00
1.346627121791985848e+00
1.476173868803872580e+00
1.319755292019431758e+00
1.338814579771341995e+00
1.539915259808748660e+00
1.722413105299771763e+00
1.999987069843052412e+00
1.919513932067086648e+00
2.128565161853305465e+00
1.552385453819953742e+00
1.833999498836687669e+00
1.255117350278568855e+00
1.251707917793488889e+00
1.239898367460488871e+00
1.082423095178727923e+00
1.779047964191381670e+00
1.712522523791989215e+00
1.691190514561258684e+00
2.252396688445242212e+00
2.601592906944334871e+00
2.305448520175921612e+00
2.192215001154099507e+00
1.773831377505690199e+00
2.234251211491284028e+00
2.192019503282218729e+00
1.963433719757449403e+00
1.944285122439438185e+00
2.008914103994984934e+00
1.439851782019113235e+00
1.549258554938415244e+00
1.794102160210942820e+00
1.594106741875846112e+00
1.364939593124980810e+00
1.482269192547583048e+00
1.312862393719633536e+00
1.202139654881961395e+00
1.569825298157260685e+00
1.605612235791934239e+00
1.257645298373804899e+00
1.005024913606227477e+00
1.389986425792375968e+00
1.369409551378761192e+00
1.172854362008670215e+00
1.407403927536220900e+00
1.482100883704045025e+00
1.471660963707352998e+00
1.216385745211912228e+00
1.323780828670813925e+00
1.453381446747952666e+00
1.338506448052550146e+00
1.518776673398196220e+00
1.563487417909049437e+00
1.928026231994588002e+00
2.166619039033286231e+00
2.252045165131609572e+00
1.861114226021553852e+00
1.593709927407984006e+00
1.556525432151546040e+00
1.683090395890992852e+00
1.309395354827861180e+00
1.378725586333852338e+00
1.251062027898446338e+00
1.409300448650406823e+00
1.231883059920083179e+00
1.204850884894769436e+00
1.537091598873599807e+00
1.344694381905554570e+00
1.428780850500412924e+00
1.330215629653678455e+00
1.084446458344199504e+00
1.517700328635981810e+00
1.532569949910260521e+00
1.370009184136881553e+00
1.039745648057545990e+00
1.116782447135157064e+00
1.039826969960900405e+00
1.093925301831740304e+00
1.249829622108608707e+00
1.007317794518855836e+00
1.169213464006572778e+00
1.104810756008179240e+00
1.769042988272239603e+00
1.554481164914782720e+00
2.116605243844445816e+00
2.317107701396401875e+00
2.017322258386533562e+00
1.652632269233267781e+00
2.029959098382714711e+00
1.720869263194886534e+00
1.809757645512807489e+00
1.738186153289856151e+00
1.706898795471547547e+00
1.346430568318883969e+00
1.333077016219247346e+00
1.220929744362780012e+00
1.508163452179024588e+00
1.612224588883345522e+00
1.874522872562595088e+00
2.197747416116998753e+00
1.669228076951723594e+00
1.653793475163851445e+00
1.622100159355847282e+00
1.904543178398974135e+00
1.913379181300490561e+00
1.854803083879197345e+00
1.660829896880148482e+00
1.607639323304002055e+00
1.616968256158231698e+00
1.433352621483021450e+00
1.844221067345709120e+00
1.635831150933841016e+00
1.588430972205969738e+00
1.934354715221241694e+00
1.963240863338799436e+00
2.022058463452083288e+00
1.884061461492875900e+00
2.107331993693686290e+00
1.685625686070535423e+00
1.812232720731465907e+00
1.765390278040650962e+00
1.934398191986662852e+00
1.540047095460150395e+00
1.929496590753967844e+00
2.133707456743056508e+00
1.934821419965750300e+00
2.015967360087704385e+00
2.058006467004144913e+00
2.083553949931257865e+00
2.273728650905312065e+00
2.159340227143228930e+00
2.249312636074265015e+00
1.776866655686487384e+00
1.911461100669265001e+00
2.127578775419299628e+00
2.066257681713866479e+00
2.016470909512674936e+00
1.762934404811407507e+00
1.887387718223747290e+00
2.042237330667089346e+00
2.048411364442992433e+00
1.382515085580446224e+00
1.254878573497550942e+00
1.485267112313004567e+00
1.304625877122964850e+00
1.079786603425702207e+00
1.229411478673808844e+00
1.412411391347528911e+00
1.165258045429432121e+00
1.221243600793552098e+00
1.312154951219309584e+00
1.905868420783758843e+00
1.921777774063872402e+00
1.534943714209505039e+00
1.510359204210180994e+00
1.317157768996702005e+00
1.308484850805573085e+00
1.527375257906844475e+00
1.506903456780819051e+00
1.521230067782384232e+00
1.649461837612506976e+00
1.311964144565654244e+00
1.252342274403491773e+00
1.753528927963066808e+00
1.827441143685111902e+00
2.003693862179543039e+00
1.941352284395025940e+00
2.043733659880350384e+00
1.585616250372575253e+00
1.588707730572656018e+00
1.520399556364479210e+00
1.676346052173903090e+00
1.992994316945188249e+00
1.635235997101662564e+00
1.731125956152313128e+00
1.455086766215517358e+00
2.061340257454343128e+00
2.251827655991533117e+00
2.116876856572731391e+00
1.703668774588867452e+00
1.492472224768614630e+00
1.755288588171440400e+00
1.761682004060664442e+00
1.703095948568649654e+00
1.598071318442209510e+00
1.497208739543301137e+00
1.186317066951498855e+00
1.167516152735005752e+00
1.181701240644713158e+00
1.072467879452607242e+00
1.460734119852363344e+00
1.516703000112140209e+00
1.430306230080607310e+00
1.512629883492059513e+00
1.438230502311663273e+00
1.199084927334161277e+00
1.112425088018507147e+00
1.492813773155721613e+00
1.315056474792764440e+00
1.476301884766278549e+00
1.591251732924464868e+00
1.806367771634242558e+00
1.927173971397226016e+00
2.049801292848139056e+00
2.008295561337573254e+00
1.675891765278752166e+00
1.365528609792498571e+00
1.611735086552227969e+00
1.827306299971640513e+00
1.768782232602851501e+00
1.655465517986915103e+00
1.873546796358120936e+00
1.883339941787742777e+00
1.980133567863056498e+00
2.012767638424461492e+00
2.064027278506466168e+00
2.099844475297671487e+00
2.061243698567432947e+00
1.838337262228875835e+00
1.850254713505928850e+00
2.088820978357156299e+00
2.317946925937055092e+00
2.593131280245284387e+00
2.140607022879907007e+00
2.144100983865941057e+00
1.997850548491902245e+00
2.382072377967789034e+00
2.123785292911664069e+00
1.998841608370401479e+00
2.216413405442869244e+00
1.937658151258712325e+00
2.311980315579341916e+00
2.537551590147990588e+00
2.019174974611960049e+00
2.346518342757668574e+00
2.282202849697652969e+00
2.123323769389966031e+00
1.696171731264784377e+00
1.366801095646290820e+00
1.815451081735078409e+00
1.658399690969154072e+00
1.599928030013969327e+00
1.644890347588080282e+00
1.586493546661335685e+00
1.651467502020623090e+00
1.593317095430129449e+00
1.716242825868782518e+00
1.746942656480039879e+00
2.143116146284121726e+00
1.865067721816612734e+00
2.157583891329362125e+00
2.162807791462702411e+00
2.251337961068627269e+00
2.247944610571638968e+00
1.831885967722705733e+00
1.770552522192162748e+00
1.925844713723383173e+00
1.845404365833519966e+00
1.743981463314574487e+00
1.790261846899847686e+00
2.105649173770810290e+00
1.920120268232481386e+00
1.818367884884461549e+00
2.096875488116833885e+00
1.884981358100178639e+00
1.810501045730293690e+00
1.929442248100777135e+00
1.947982193822973329e+00
1.713950929548800906e+00
1.906072239330959706e+00
1.307241554214187973e+00
1.449455122007322183e+00
1.272235665170811325e+00
1.216358905832753967e+00
1.305748611136694715e+00
1.349277287184107665e+00
1.346406628552088591e+00
1.845195648765720620e+00
2.178757475910111818e+00
2.037291311987617259e+00
2.166869027226881794e+00
2.115674332855792983e+00
2.246504205010992017e+00
2.029728236633889793e+00
2.048788003577859396e+00
2.241878398962791952e+00
2.190779102660641353e+00
2.212632785694157000e+00
1.984706408812510592e+00
2.269105046085092336e+00
2.028451686983986590e+00
1.781286947121484721e+00
1.935230997773875306e+00
1.889961377781401275e+00
1.904808872571244649e+00
2.147010552633744407e+00
2.335395230797819188e+00
2.098611241118474968e+00
2.169054733628605902e+00
1.964452248922251343e+00
1.882529905570524464e+00
2.119225168064642784e+00
1.730573596818166138e+00
1.226991308437084038e+00
1.070945116769898009e+00
1.227873081594593963e+00
1.071999942968014485e+00
1.097012265448949586e+00
1.287377441747439066e+00
1.008630540464434899e+00
1.452117027061878618e+00
1.637713341246508136e+00
1.628382940869344431e+00
1.501070787269760176e+00
1.374461681216538889e+00
1.233180292761406838e+00
1.348420330804744660e+00
1.223867256648897062e+00
1.330229231988045546e+00
1.089159873395395106e+00
1.203934472175600456e+00
1.476903201581051484e+00
1.498851167741870327e+00
1.495609370115031922e+00
1.752963031455191611e+00
1.822057103591097960e+00
1.478434730515004958e+00
1.582397826387485829e+00
1.508156680298884389e+00
1.388778256032201730e+00
1.592084196047088840e+00
1.575737068362078830e+00
1.792324110960581862e+00
1.600481156944165040e+00
1.618671748628663698e+00
1.644816090577217338e+00
1.177168721133792451e+00
1.221417211787274137e+00
9.988981331593986823e-01
1.101135361496067944e+00
1.214414873886838775e+00
1.490940299880330722e+00
1.765229061876339323e+00
1.503122892462502413e+00
1.571525950036388064e+00
1.273692975947108064e+00
1.194847186539264250e+00
1.274651116918211979e+00
1.263768393115433764e+00
1.463750585414708816e+00
1.597137747910864380e+00
1.870005378770530191e+00
1.505108601548115210e+00
1.622565468614255657e+00
1.566176243527520384e+00
1.747413671794003864e+00
1.770161208777390804e+00
1.686355163350778286e+00
1.427462881261350125e+00
1.392496117002269829e+00
1.481287705737870830e+00
1.820750861265224563e+00
1.888035250575631707e+00
1.186950713487022524e+00
1.439828590930135155e+00
1.417328733374482841e+00
1.505779764836401080e+00
1.670785152331190959e+00
1.267306912482959902e+00
1.370924087899571431e+00
1.384865255327730083e+00
1.620982206022658634e+00
1.575138547959443747e+00
1.539343171343467542e+00
1.346813485682893941e+00
1.385289267270122249e+00
1.311489204278757370e+00
1.575695112624156069e+00
1.466249009703251893e+00
1.312930159733118662e+00
1.349271348780808344e+00
1.396199528165321224e+00
1.603470881440363094e+00
1.227008265541234655e+00
1.258226153271602810e+00
1.246825728711888681e+00
1.465171685124018630e+00
1.488295656636511310e+00
1.371821157388267265e+00
1.225905581496187891e+00
1.236416160682140886e+00
1.035737292926380837e+00
9.849980340592051631e-01
1.136199428700098268e+00
1.278831112487318622e+00
1.389029391572848215e+00
1.296678213023772841e+00
1.260820854859812323e+00
1.219903255745536264e+00
1.356290818022166667e+00
1.432142999589706145e+00
1.482702029744391581e+00
1.407576212148903938e+00
1.568195726009350643e+00
1.300620892467563738e+00
1.392560184055762873e+00
1.336705077855692592e+00
1.617851635130688637e+00
1.804809023724541550e+00
2.191770259960297729e+00
2.074920485357869548e+00
2.144472336348428154e+00
2.272854543474866151e+00
2.552344177599215946e+00
2.389172257261937826e+00
1.862064393704091714e+00
2.087774874671310954e+00
1.635674371865832644e+00
1.913267391379509963e+00
1.420999763289769291e+00
1.391156446184484086e+00
1.838598913353097108e+00
1.843894855866041738e+00
1.845693200799266354e+00
1.467851867874586658e+00
1.968166013636781564e+00
1.589121414868815307e+00
1.476857096709246031e+00
1.118432929879997761e+00
1.332657219343907906e+00
1.782534512568118679e+00
1.862619797375952180e+00
1.944406050925062246e+00
2.093638477699203193e+00
2.094985036680585999e+00
1.987687466599087571e+00
1.970446323107636122e+00
1.857654240530262291e+00
1.788035284891412946e+00
1.553721285179649803e+00
1.939525855468140492e+00
1.978394796487004559e+00
1.871303023618774208e+00
1.670144059903653888e+00
1.698278095800116905e+00
1.605759772984638678e+00
1.569315537278190842e+00
1.664406060994009229e+00
2.023601179845453846e+00
1.507315012793830844e+00
1.371357074123923603e+00
1.324351764260391917e+00
1.555839046394417391e+00
1.573187523611702554e+00
1.511912945128383257e+00
1.801265237671188846e+00
1.529269751341773675e+00
2.028727567265745879e+00
1.800282865142198929e+00
1.732421521155909971e+00
1.461594370423197509e+00
1.355366248089846293e+00
1.189630167674697203e+00
1.293260622272285110e+00
1.594940052588535773e+00
1.434700139126144025e+00
1.549231724568879365e+00
1.952676335853869238e+00
1.965462621221209405e+00
1.624049023026434391e+00
1.982549252272785001e+00
1.425359617570355120e+00
1.482786913039707555e+00
1.582527564510528784e+00
1.797724476683133510e+00
1.437118576241577017e+00
1.784421255420675312e+00
1.356454837137891056e+00
1.297066976264098503e+00
1.319388302603962337e+00
1.188961930140156831e+00
1.264202138504074924e+00
1.574354870131855044e+00
1.768921949344374411e+00
1.559033244934173279e+00
1.725767103123399426e+00
1.773619058940194115e+00
1.195444784651255921e+00
1.410407119381536845e+00
1.279091098708931451e+00
1.505666639190719192e+00
1.600946526825532068e+00
1.792249677702294708e+00
1.444015274203085397e+00
1.844333825320821907e+00
1.766840401315794118e+00
1.803136379067600714e+00
1.719709048614984859e+00
1.747025041304035575e+00
1.590776417936462295e+00
1.557351043789688472e+00
1.690641024218743071e+00
1.634970120754655198e+00
1.533373847440530735e+00
1.479521565650044002e+00
1.509080091811529911e+00
2.069736100297529635e+00
2.344568416964888158e+00
2.075454337988566600e+00
1.681203076166563948e+00
1.554605362437803340e+00
1.431966166598837020e+00
1.357448160098420287e+00
1.186468624026426388e+00
1.383959813663091953e+00
1.683703778171293131e+00
2.063793201699972713e+00
1.959539780188152891e+00
1.946394079933635446e+00
2.309447451668662055e+00
2.686152004713313612e+00
2.184253856151662010e+00
2.379284603400267706e+00
1.907870591044139363e+00
1.366432224154963571e+00
1.541778710373037375e+00
1.429491618825285970e+00
1.831884593757683977e+00
1.446517440841029067e+00
1.938577580421970925e+00
1.419961833985213362e+00
1.414634705701710793e+00
1.631271225293476013e+00
1.376873053646564760e+00
1.487273223330637606e+00
2.028791780664746636e+00
1.937415244282846061e+00
1.763310798132088797e+00
1.800855492995759422e+00
1.565062093004627064e+00
1.352442001481872991e+00
1.190817932704587356e+00
1.253612919149903693e+00
1.265293276811481071e+00
1.249004751343154362e+00
1.219733656248678910e+00
1.718833291519549222e+00
1.689329908801390889e+00
1.534658195068831166e+00
1.426395457818292023e+00
1.680957401016792918e+00
1.433500337532860991e+00
1.392341549604650064e+00
1.509952908156025231e+00
1.694156305039675292e+00
1.689741916945153966e+00
1.303365527078829356e+00
2.159066929046807637e+00
2.484449100188271142e+00
2.071045848209993157e+00
2.123749346411049288e+00
2.155278997377858552e+00
1.673545853652763205e+00
1.981624198948448656e+00
1.818613413958279912e+00
1.707076592484194855e+00
1.697671750064742469e+00
1.769194331490799632e+00
1.707760213685530548e+00
1.589430608419289737e+00
1.481511184464483488e+00
1.338765638901767918e+00
1.776923327844036393e+00
1.913290111441630748e+00
1.623359905218172861e+00
1.675740402565465859e+00
1.442802616586587039e+00
1.569553328555230554e+00
1.530813033357620867e+00
1.853685457527957769e+00
1.747734399925709781e+00
2.228760667635658166e+00
2.329611864100971097e+00
2.294974193527930417e+00
1.224196633756408747e+00
1.129762785398974900e+00
1.182689909244832860e+00
1.370783226493169860e+00
1.385980517618733199e+00
1.345620229047573613e+00
1.030340936153612441e+00
1.063165234173532037e+00
1.075812186341740029e+00
1.352055778592906377e+00
1.338242932681936059e+00
1.169557734265566085e+00
1.323221292184718401e+00
1.141913830912245187e+00
1.524532911614249642e+00
1.532900474848994277e+00
1.590223665666668396e+00
1.398551806111171025e+00
1.346937097371438075e+00
1.095249857743350708e+00
1.062529484593298434e+00
1.057689795974086966e+00
1.059963183729886405e+00
1.042085802835753583e+00
1.034708489756519079e+00
1.297147611293313574e+00
1.482968945971090635e+00
1.844669802503815959e+00
1.527353031183219079e+00
1.616469396613914533e+00
1.734695229407706041e+00
1.279152092659871176e+00
1.317918625821459688e+00
1.265955567472862864e+00
1.121430418576933263e+00
1.157874224504339411e+00
1.138592844271325788e+00
1.463104651297204351e+00
1.556613080213064659e+00
2.180730750444419108e+00
2.313476185883192482e+00
2.242689161315810864e+00
1.975503437871749313e+00
2.168148741332998508e+00
1.917586268667052840e+00
2.160372659431130771e+00
1.892333710269398228e+00
1.933489216386539811e+00
1.563568888134625690e+00
2.144917989225903820e+00
2.022910376489843731e+00
2.198769406549955008e+00
2.043704249794598304e+00
1.881073869006714805e+00
1.575926014481514592e+00
1.818847357384638430e+00
1.900152963416237073e+00
1.928406870032842058e+00
2.022802399499028070e+00
2.159809633327142375e+00
2.039522890400723210e+00
2.119167588618583675e+00
2.294542941097743149e+00
1.864811090607616073e+00
1.970928853649306367e+00
1.922464364825308358e+00
1.447258661741353869e+00
1.684968504022345659e+00
1.822929481738213120e+00
1.860061938816699900e+00
2.310997357596483059e+00
2.066742262139375175e+00
2.027004461141089564e+00
1.722819542268946513e+00
2.035795867681224447e+00
1.860096241899416469e+00
1.633557079743919616e+00
1.455012755938410507e+00
1.269759999982885690e+00
1.331934160114405907e+00
1.410445914451992078e+00
1.500070633134915399e+00
1.670584256515661226e+00
1.882972952378521470e+00
1.995717560386969458e+00
2.348251432607884492e+00
2.335746755317889445e+00
2.228950858339353136e+00
2.346522665848384648e+00
1.798258155896828470e+00
1.881102310847549752e+00
2.176685269724269123e+00
1.761188284598481646e+00
2.180048233790172318e+00
2.205736994069276591e+00
2.020635457800888268e+00
1.453076433080968899e+00
1.681578692538940878e+00
1.871222248656388309e+00
2.459394121891988139e+00
2.197316777533438792e+00
2.210666690740531681e+00
2.022437574480585365e+00
2.037574242959718340e+00
1.639269925277075934e+00
2.230356394692508015e+00
1.925438860974226118e+00
1.615509233000131495e+00
2.010848626642001147e+00
1.975719279739200251e+00
1.731240864458596818e+00
1.707859946541752549e+00
1.706718834438473609e+00
1.575427575396438185e+00
1.523599143208575368e+00
1.690507990600129240e+00
1.654721227372724535e+00
1.997125599309817368e+00
1.853159993345098844e+00
1.693874608306325857e+00
1.750061222522173665e+00
1.588654262148495588e+00
1.819913090746092976e+00
1.382508664679761523e+00
1.711516302810286438e+00
1.404403629451148827e+00
1.654693966581432196e+00
1.750558972560209314e+00
2.066858102606466741e+00
2.005024630701485844e+00
1.545272714184374951e+00
1.470590671004083028e+00
1.393248092297338481e+00
1.211847003163052605e+00
1.189713946441598891e+00
1.447796167580979176e+00
1.221200036626288288e+00
1.315303745780161737e+00
2.095070213337018483e+00
2.032054920794512665e+00
2.293072569750872258e+00
2.165597789594810862e+00
2.103886369157022873e+00
1.860683004080443403e+00
1.955920905602622106e+00
2.036205185973025689e+00
1.771277527585710665e+00
1.789847902259101620e+00
1.994362034735185141e+00
2.216192262589942175e+00
2.030835748361832671e+00
1.654234465605748383e+00
1.281894624905516977e+00
1.708264200701828717e+00
1.683754430597241836e+00
1.597852293553197800e+00
1.520941624297563521e+00
1.432012086250291638e+00
1.527308035598105462e+00
1.234067001902955374e+00
1.106071447914765749e+00
1.531288739184918590e+00
1.601399497534063521e+00
1.730651187268835933e+00
1.622800352694473425e+00
1.512592867858449264e+00
1.574519466187151995e+00
1.297034490537948948e+00
1.640254577265306324e+00
1.825548904008733375e+00
1.530264494890821503e+00
1.346169654149165673e+00
1.766179551576276374e+00
1.415737261131730484e+00
1.228490302022955172e+00
1.159787320363822927e+00
1.541217456317598211e+00
1.765260794887640650e+00
1.657984665158577675e+00
1.971990697886798705e+00
2.256608807510922521e+00
1.959830327849029219e+00
1.978888353555299240e+00
1.849625501846654529e+00
1.522449890761020663e+00
1.362371852070120237e+00
1.311636133340345900e+00
1.711425913438176849e+00
2.080506607037134525e+00
1.898179996084653043e+00
2.098230531214305472e+00
1.678976359993736622e+00
2.006521693160601583e+00
1.933540376423891649e+00
1.845005464820899554e+00
1.573649557182427605e+00
1.334456608830860036e+00
1.436724496122703698e+00
1.396736876982776154e+00
1.404062501474656832e+00
1.420421112105939354e+00
1.452556671254745524e+00
1.584971359705370286e+00
1.210879922079219018e+00
1.372206840777996817e+00
1.814175961272880944e+00
1.490058042145696371e+00
1.639005725336007746e+00
1.559364798285133524e+00
1.463351172970891234e+00
1.382210812830490854e+00
1.575439898004953765e+00
1.734539953072857577e+00
2.229441806677480820e+00
2.312531760273274006e+00
2.618310558857333881e+00
1.963802176090346352e+00
1.788221614451725117e+00
1.861402604368102232e+00
1.758351098746483210e+00
1.391471169645015715e+00
1.281200159518686377e+00
1.099104495705758522e+00
1.316232906847559558e+00
1.616621279457674420e+00
1.832122399135674984e+00
2.208265377146055197e+00
2.123917825909924950e+00
2.296502973979360540e+00
2.085578777034696962e+00
2.018815490998222995e+00
2.006081567437470792e+00
2.330655950245984265e+00
1.830545935226286947e+00
2.017957598132102515e+00
1.990787416528370102e+00
1.522399757240819662e+00
1.481309228449327220e+00
1.245755251121618778e+00
1.568984959705204352e+00
1.391942713961036970e+00
1.166853701708253865e+00
1.514310012434407104e+00
1.288100131701219730e+00
1.424775675593816793e+00
1.282562710549955742e+00
1.570427153058540082e+00
1.374913872774552015e+00
1.405005138788822938e+00
1.516086735998703361e+00
1.471766228227925133e+00
1.560200001441504281e+00
1.903170696007627560e+00
1.761638321754463776e+00
1.713405747082955788e+00
1.585004726321998403e+00
1.582293079198096031e+00
1.341305938827759059e+00
1.251303771525424491e+00
1.194852479140178669e+00
1.096788700873440048e+00
1.228315944926806402e+00
1.287145693813900760e+00
1.248399050335122329e+00
1.720341946849704762e+00
1.693626492040122500e+00
1.898175854016984632e+00
1.613706335831096794e+00
1.586722903967557663e+00
1.493247181707125559e+00
1.674798441215109124e+00
1.670348600447416842e+00
1.491755788942662919e+00
1.393933356213809427e+00
1.295645204445210030e+00
1.190088064075081498e+00
1.335856384139594066e+00
1.483963111552147218e+00
1.351742727095332164e+00
1.562241202149509567e+00
1.726627277002092287e+00
1.612055017805500645e+00
1.871030248387894890e+00
1.488111335769915833e+00
1.550541555740273525e+00
1.657683845678471712e+00
1.812176844238857942e+00
1.535959471036651758e+00
1.290332923794284214e+00
1.502654892018222332e+00
1.275110777128944717e+00
1.056155305006130085e+00
1.105904814079127441e+00
1.433154975929259001e+00
1.309731106696008895e+00
1.592021419864980469e+00
1.611995701784908253e+00
1.180557280132782383e+00
1.423673533777248368e+00
1.607240716074658238e+00
1.724686400817947884e+00
1.496667747471669196e+00
1.256770786064784540e+00
1.596171120294644918e+00
1.909445295411730248e+00
1.790967889009213110e+00
1.782007925878325239e+00
2.000829367113408086e+00
1.981864351052066597e+00
1.950090932295079460e+00
1.748490509928176229e+00
1.890802131235668204e+00
2.059053147197765110e+00
1.662309142040780507e+00
1.306795199114515471e+00
1.457908653818711819e+00
1.283600804615258717e+00
1.357814162222016119e+00
1.403319433115903792e+00
1.026053396583998634e+00
1.140973715883748518e+00
1.146286515871021150e+00
1.325042218288880136e+00
1.374109624255207551e+00
1.302118899053263057e+00
1.409505949450215789e+00
1.490032755112937091e+00
1.567816152841120969e+00
1.656864632350294686e+00
1.457582881130889962e+00
1.357080234074301783e+00
1.470373862616268346e+00
1.225964759235560031e+00
1.616304759623076626e+00
1.173477903285078394e+00
1.172446456592258324e+00
1.114008053843775548e+00
1.102572091110359365e+00
1.328276477549018120e+00
1.420611208479270138e+00
1.335442453522568407e+00
1.724314687820851510e+00
1.568212096412619383e+00
1.388736932969874438e+00
1.327810035946003664e+00
1.254115380848784156e+00
1.546706895718759966e+00
1.268392857337708568e+00
1.279938189417885397e+00
1.349949154632265280e+00
1.189404897152168905e+00
1.158018090709080461e+00
1.359922088176066524e+00
1.197879991119492393e+00
1.436507550431580960e+00
1.229217261430259001e+00
1.483936527545244743e+00
1.634758946364374355e+00
1.011268462564534509e+00
1.328309276122174643e+00
1.866214951376553799e+00
1.771176633896226038e+00
1.561599427652371475e+00
1.605147285840940574e+00
1.319922785477349425e+00
1.135442109169481073e+00
1.124039937590298743e+00
1.065756565243707099e+00
1.340183637917301329e+00
1.064670335400682566e+00
1.148597256341015393e+00
1.204840671899873206e+00
1.731204988424827285e+00
1.680433981353613992e+00
1.793862317227912673e+00
1.735694732897181014e+00
1.404293572468599427e+00
1.204829889130925480e+00
1.256334705336235480e+00
1.551121412203505079e+00
1.206978962015052836e+00
1.156477091024578741e+00
1.104870524871487403e+00
1.068847667749038832e+00
1.014377809218401927e+00
1.261923965665400882e+00
1.617375684601980668e+00
1.736892411690184934e+00
1.821578580227492417e+00
1.733147082052462595e+00
1.907055452237471416e+00
2.123149835883817449e+00
1.851088732170154350e+00
1.942847764086434559e+00
1.528529515852043774e+00
1.745529466800004093e+00
1.280172330386898816e+00
1.359209889624029444e+00
1.203713598746439128e+00
1.306368540146710666e+00
1.342883893820434604e+00
1.611882399035594382e+00
1.793587334475132300e+00
1.305720370079722858e+00
1.279581467689138163e+00
1.236438330275738906e+00
1.299423231525965505e+00
1.312609545680704537e+00
1.252176647630178774e+00
1.387001876580314708e+00
1.609722994158365283e+00
1.751874227268290340e+00
1.146838636050926175e+00
1.091294789822901068e+00
1.431912874619205134e+00
1.393633521669559894e+00
9.620492233144446459e-01
1.313598929708017504e+00
1.393370697990812701e+00
1.204991810107108208e+00
1.264847791176853420e+00
1.211248333502156438e+00
1.065395924199239897e+00
1.317935776656613989e+00
1.433722945833713736e+00
1.813542976954183317e+00
2.176801217027642732e+00
1.931369926249692170e+00
1.379156963630345345e+00
1.364321440871898883e+00
1.470224496424693328e+00
1.290490204756810977e+00
1.846272895761505328e+00
2.114344076065769240e+00
1.954600316733002163e+00
1.833776147942510981e+00
1.303982339928242418e+00
1.779128697068155462e+00
1.313655043461799510e+00
1.310232071046250502e+00
1.260164400814346219e+00
1.111638150080481502e+00
1.018909122566862946e+00
1.230858323527267650e+00
1.371269019732061611e+00
1.378603247266025678e+00
1.241547841498849891e+00
1.525166254214808337e+00
1.454796094027428488e+00
1.383846116764620104e+00
1.449598265670194230e+00
2.201584365484133610e+00
1.719467029712584250e+00
1.714329205547844737e+00
1.606089255583907693e+00
1.663523661645708307e+00
1.596995756113744891e+00
1.730445366525231066e+00
1.524537521818405628e+00
1.390980283765013814e+00
1.444461822850817256e+00
1.602457988114458276e+00
1.382565281840159699e+00
1.853236534667151991e+00
1.954871988230581614e+00
1.881686043416242571e+00
2.074970574642452714e+00
1.982106272788350054e+00
1.696090163355522096e+00
1.399557392526462163e+00
1.094551758328655922e+00
1.210255212520395363e+00
1.398568822089076402e+00
1.681353901455093114e+00
1.927402021328764370e+00
1.636885044468561645e+00
2.032588720948237615e+00
1.695426361159675821e+00
1.640252549994888787e+00
1.813311927077541519e+00
1.891805486297269967e+00
1.927539741321345090e+00
1.969321614197543813e+00
2.227668998953035828e+00
2.055810128061116071e+00
2.196934206584430616e+00
1.966180649806970937e+00
1.929035206777017342e+00
1.937185493420424454e+00
1.353052511074170905e+00
1.155557656459373472e+00
1.456255811839018310e+00
1.550043385233406124e+00
1.360808087939188171e+00
1.250648282662191857e+00
1.273468044087454620e+00
1.134425593943557464e+00
1.220144500602207138e+00
1.252713113520776966e+00
1.299246799046444245e+00
1.250712487423362163e+00
1.578495377571174973e+00
1.998864648652470599e+00
1.769020357165618229e+00
1.648906600411070400e+00
1.304293132300123892e+00
1.501904428727318663e+00
1.420206948854116247e+00
1.525464205341134027e+00
1.781795176212875420e+00
1.466539020257990211e+00
1.660594059680873258e+00
1.652243822562235565e+00
1.471628080217765699e+00
1.406696701315495401e+00
1.589336479551305414e+00
2.022720793076505874e+00
1.845436966257974376e+00
1.280401682669598973e+00
1.308575665992904646e+00
1.201244489805957327e+00
9.945390512422570550e-01
9.674152860017909417e-01
1.204319939583865740e+00
9.770119211265942960e-01
1.543169658345212580e+00
1.611061901322509815e+00
1.885711764056133166e+00
2.049691910226029368e+00
2.289803245486656813e+00
1.845628862006177373e+00
1.441720014961177521e+00
1.282720005342392611e+00
1.293602737001973813e+00
1.074059135778334895e+00
1.149775152727887662e+00
1.355651455007557349e+00
1.129511931880161413e+00
1.518793288726773660e+00
1.649802638080184458e+00
1.328102645346112887e+00
1.341188277046938104e+00
1.349477670199981993e+00
1.474209813258875901e+00
1.352771804859308924e+00
1.027641255224136740e+00
9.651531807835747045e-01
1.083406865846064937e+00
1.164943639416347265e+00
1.173653911596469479e+00
1.465149071918490309e+00
1.448151860056496432e+00
1.586135114154743064e+00
1.505160660818257057e+00
1.834574256296571892e+00
1.862770555380884652e+00
1.948401823707025970e+00
2.223083236684455510e+00
2.457568436512927335e+00
2.066601535028372183e+00
1.774059588065716841e+00
1.780092484447131973e+00
1.669153635800897817e+00
1.309541842615852270e+00
1.392205551150450082e+00
1.481791302667013310e+00
1.172935610234666193e+00
1.513541483187535341e+00
1.316693737711911005e+00
1.142723572937174747e+00
1.397282436961723606e+00
1.575764322151648633e+00
1.674339788759804382e+00
1.354809169591074891e+00
1.367839603175263541e+00
1.051910082883661834e+00
1.046237360986956855e+00
9.505039240387493926e-01
1.228374977348115182e+00
1.554177459665520900e+00
1.545464328448860947e+00
1.630969167102986894e+00
1.288763607116866439e+00
1.154762080797570034e+00
1.672527260720368281e+00
1.857555956085635174e+00
2.243321716589442794e+00
2.234799078114274362e+00
2.488549681644231626e+00
2.304259489399079097e+00
1.893047377123113328e+00
1.545193330980621171e+00
1.158532525102454525e+00
1.631532061551230317e+00
1.911732801973084594e+00
1.835149787131873156e+00
1.332891785121357087e+00
1.574316459701066373e+00
1.706633000592912452e+00
1.776193164217606979e+00
1.790014432605682604e+00
1.623121861168425939e+00
1.681451446928327487e+00
1.829833477573924227e+00
2.516899055119003137e+00
2.279776191971197630e+00
2.241762530388626384e+00
2.374049565342802648e+00
2.000831970078323252e+00
1.810009765912756308e+00
1.732388948675064544e+00
1.435284548920579661e+00
1.532104288416380022e+00
1.761803107421745729e+00
1.565744294084258081e+00
1.978901056997603325e+00
1.834868190449383540e+00
1.979838097932939078e+00
1.603957806181017354e+00
1.789981936838981547e+00
1.444470685064832560e+00
1.501597122741529011e+00
1.520521429929039492e+00
1.430149073835429663e+00
1.322707409913609578e+00
1.590098342053915204e+00
1.813077013708057184e+00
1.897490697681737393e+00
1.784271153605527349e+00
1.691445240290773588e+00
1.645729561933760410e+00
1.496522899349472580e+00
1.661149887504562273e+00
1.770936035303285694e+00
1.869577681508854727e+00
1.604353148976678689e+00
1.775210078306220574e+00
1.643730898363553017e+00
1.976226827816074838e+00
2.015152802854621950e+00
2.298274216861091901e+00
2.205380897812264429e+00
1.972765176991335245e+00
1.315616824196836232e+00
1.637786697419356674e+00
1.565999332274046418e+00
1.368836121846096265e+00
1.335325936175070893e+00
1.233287576745770053e+00
1.481420948902863799e+00
1.388239625978034963e+00
1.253885983700184781e+00
1.551972359263961598e+00
1.490119952467597209e+00
1.027755665889259928e+00
1.253513896255224580e+00
1.411806105841429959e+00
1.308985002649574847e+00
1.359480338752531603e+00
1.358390029652097653e+00
1.729234504652987559e+00
1.770733666272524154e+00
1.890236665701980456e+00
1.928557678633104233e+00
1.745037346596996386e+00
1.541539384375272270e+00
1.280549416010742902e+00
1.270904746510192140e+00
1.538150692373484674e+00
1.636670744590095428e+00
1.695722331668489069e+00
1.315513140367601030e+00
1.435085177915737420e+00
1.492764231786188223e+00
1.480429409353569259e+00
1.418335927711564803e+00
1.309401268488804337e+00
1.299106173883645576e+00
1.183417249120300330e+00
1.398570420954194038e+00
1.714414112443092719e+00
1.665629399485750728e+00
1.775307192451843541e+00
1.672071268625658691e+00
1.802020014269418047e+00
1.583007306278481074e+00
1.583817726048724506e+00
1.589394325934683216e+00
1.453801582905622780e+00
1.504380618288717386e+00
1.021670531333247922e+00
1.015153079089722743e+00
9.703363480946864961e-01
1.169576489426163546e+00
1.416906174641856531e+00
1.585260643885473497e+00
1.938593677000670201e+00
1.727756173811898055e+00
1.639024099890902919e+00
1.500525308748840159e+00
1.888688980262054118e+00
1.570092188919715248e+00
1.813527860804773795e+00
1.440003757547305696e+00
1.888454941179472435e+00
2.052337143011403686e+00
2.149142507379405487e+00
1.899031710982062027e+00
1.627614492895362863e+00
1.665148122277165799e+00
1.378447005087174437e+00
1.511112588512112609e+00
1.292755449574737980e+00
1.252277551065807071e+00
1.455411933209671105e+00
1.747865217384695802e+00
1.475410688721906727e+00
1.267262309346861571e+00
1.420389375598934301e+00
1.633611458105770131e+00
1.882027438704513944e+00
1.462635170956425368e+00
1.709350741819830821e+00
1.663427025722282071e+00
1.859829452830743524e+00
2.018569148019008885e+00
1.959289465358933668e+00
1.634356231086791400e+00
1.579667031151425594e+00
1.646560935307003648e+00
1.787298128041151735e+00
1.487733956051630058e+00
1.771919758775774900e+00
1.618425417826273804e+00
1.747260595420467411e+00
1.911978843692766716e+00
1.945533698465833128e+00
1.656862768258642538e+00
1.632126961266930909e+00
1.793162130447122582e+00
1.581024497436624543e+00
1.328658992333711097e+00
1.271972285255612345e+00
1.313004957730433020e+00
1.785388999077759609e+00
1.829220379846025368e+00
2.049136027665910298e+00
2.095332882575263067e+00
1.845957470598917682e+00
1.738080977611641487e+00
1.224088628535249024e+00
1.229286604251729642e+00
1.141366247589000293e+00
1.406237439013620083e+00
1.182258476964101801e+00
1.206618487261543304e+00
1.368201307623877705e+00
1.295385612743204407e+00
1.248581603095699322e+00
1.074339884682047996e+00
1.339779618802372507e+00
1.346472619808224636e+00
1.152674136954520590e+00
1.279123439605708512e+00
1.582179094974224709e+00
1.126249228591159612e+00
1.129780141494051371e+00
1.063129406366846164e+00
1.283438705832865789e+00
1.378041273131801248e+00
1.613659852006996687e+00
1.480901489114608616e+00
1.639099700680025196e+00
1.852436865943049682e+00
1.708859585760410305e+00
1.608126570124469357e+00
1.518256861988247719e+00
2.058580510179148781e+00
1.642593076893920090e+00
1.387515166727949945e+00
1.751467562557693647e+00
1.579206080505446863e+00
1.382858202519807067e+00
1.340331231436668213e+00
1.420011911375951286e+00
1.334598069315408253e+00
1.444038502376311150e+00
1.303609753918193448e+00
1.354706073366259478e+00
1.705938863508271286e+00
1.708216387907427691e+00
1.811722480332640162e+00
1.682393402706973795e+00
1.548548111300868335e+00
1.822806296144413585e+00
1.744480459700318953e+00
1.646486041238595321e+00
1.883815418745571790e+00
1.899204526704003859e+00
1.969871765008503806e+00
1.996704622839469145e+00
1.795045035534550637e+00
1.667301755849517342e+00
1.772675479799624476e+00
1.809719662378276084e+00
1.883194411661737622e+00
1.681506312011933790e+00
1.817114865710980354e+00
1.964261034374457315e+00
1.813795616772829966e+00
1.913166139391140774e+00
2.158625119026392536e+00
1.765995280869705697e+00
1.737265518710153334e+00
1.559384991372609441e+00
1.450994011393706096e+00
1.756140036442369823e+00
1.756419751411461894e+00
1.952763258589914619e+00
1.830379911147328675e+00
1.876926670490267846e+00
1.429851630588870659e+00
1.874806224802759491e+00
2.047036852692914799e+00
1.894543911701139338e+00
1.804665531483363949e+00
2.187319464122936541e+00
2.178458474135123168e+00
2.245895751228067727e+00
1.970024962847227501e+00
2.195949473092851267e+00
1.662514707907255307e+00
1.324884424912681213e+00
1.504761504554037455e+00
1.568368428428740469e+00
1.531564207716618498e+00
1.296885844113203845e+00
1.426279861229443835e+00
1.358281886187113319e+00
1.141151447138535557e+00
1.138668177205121035e+00
1.130892040336177518e+00
1.506391621297218597e+00
1.031735449298910590e+00
1.142030028243939510e+00
1.181848165072849843e+00
1.526833685917141636e+00
1.736552838492585016e+00
1.681265046983172029e+00
1.385946688379900982e+00
1.325542726588365028e+00
1.240371350052748234e+00
1.649757016631002493e+00
1.690739507054304314e+00
1.711757935535283437e+00
1.138032678314694568e+00
1.170310123681339354e+00
1.627285743360872061e+00
1.765708661484593156e+00
2.182590457960761565e+00
1.949786001592439311e+00
1.956755760040684855e+00
1.598239799555436047e+00
1.905234035508118984e+00
2.196100822270822484e+00
2.181191252229405020e+00
1.948388924381475595e+00
1.727976920829954466e+00
1.574619903431310641e+00
1.690739062296289674e+00
1.674461498993357722e+00
1.534621812082138881e+00
1.510445700057790219e+00
1.414393710608703225e+00
1.286042234343469204e+00
1.532322469645572838e+00
1.431728184107301960e+00
1.609613315086541041e+00
1.864699831680235009e+00
1.660243682767151174e+00
1.687291526123991137e+00
1.583477999734651753e+00
1.609500795192670086e+00
1.771919286593367948e+00
1.956718920148132312e+00
2.022193253167924976e+00
2.141188933927376858e+00
1.834576646619205054e+00
1.893403916549525112e+00
2.096857426039793193e+00
1.723179899485484556e+00
1.462082903495161013e+00
1.311121167965536571e+00
1.161080626531284077e+00
1.405605851619886160e+00
1.421911097061038021e+00
1.452508809242919030e+00
1.571942452888174691e+00
1.236800029502656439e+00
1.748068245392277120e+00
1.853152909124142100e+00
1.821912493367568109e+00
1.954646495954124097e+00
1.877586274547584200e+00
2.080991321479920497e+00
1.508509835906177043e+00
1.308867356193881060e+00
1.218277007359017228e+00
1.303963968359673764e+00
1.543251336705861121e+00
1.394902537042669532e+00
1.507079666638518223e+00
1.507962220970103129e+00
1.457072882262172131e+00
1.332364380940573412e+00
1.513233464024487551e+00
1.410599401950724197e+00
1.475189091968673205e+00
1.854634958878987439e+00
1.731523627241480456e+00
1.677067116227135557e+00
1.662436496839462041e+00
2.007751708674306190e+00
1.771329673296522245e+00
1.574237440000411326e+00
1.414894606026942725e+00
1.309120558950477076e+00
1.586762967868580620e+00
1.311996471413288567e+00
1.293006364077395887e+00
1.458708055783253243e+00
1.714417011638422528e+00
1.451717836852826515e+00
1.655896164840144014e+00
1.633091922063840462e+00
1.644672879803795951e+00
1.686280256437312275e+00
1.778774383109746893e+00
1.394415291680420665e+00
1.277708983280940735e+00
1.221957999332750511e+00
1.242440415316112823e+00
1.362899612846829811e+00
1.456103766484833306e+00
1.437046423648345339e+00
1.228263722294503868e+00
1.641584318900312089e+00
1.424946387301792461e+00
1.603131112350640652e+00
1.553850012105071343e+00
1.992336917395119533e+00
1.797883789264172139e+00
1.839542735013776742e+00
1.379302993509146313e+00
1.535659625167095754e+00
1.663298602261672698e+00
1.382152301004518913e+00
1.258314136431725849e+00
1.419679621719830642e+00
1.420534114017507399e+00
1.725799962157097855e+00
1.706813433292907467e+00
1.827422620641829143e+00
1.666597071333427937e+00
1.712998522681939306e+00
1.422176027753529581e+00
1.486991893049890878e+00
1.490981165929243568e+00
1.233338992442878146e+00
1.203901489478521825e+00
1.887594942297250888e+00
1.210261302874752420e+00
1.188796337431543781e+00
1.532663596629744385e+00
1.471558911940855419e+00
1.508272071847272855e+00
1.193129912795471981e+00
1.287182623267572490e+00
1.692504340841205268e+00
1.224366921819035836e+00
1.125501813935236850e+00
1.143694358773039044e+00
1.254744420943102901e+00
1.326093309266855869e+00
1.590486738325300520e+00
1.680008464631364662e+00
1.438316602243689513e+00
1.701947538415208072e+00
1.639125652131350197e+00
1.822683706365974432e+00
1.627181324176498967e+00
1.970392921808024056e+00
1.659359514370716715e+00
1.788762875771006566e+00
1.631753503155684459e+00
1.568612381990319271e+00
1.612690074832220155e+00
1.973691259182689173e+00
2.220192421627991131e+00
1.749702575700500251e+00
1.492904103001432503e+00
1.584723257705411337e+00
1.576440624941637836e+00
1.501394489905392815e+00
1.660770574514540021e+00
2.086342497465500045e+00
2.268872643439762360e+00
1.949385052488243675e+00
2.030028094452775544e+00
1.977609543357941480e+00
2.468225714343830202e+00
2.082184304543092779e+00
2.052861198162508227e+00
1.621361448425770568e+00
1.853298092408929509e+00
1.684108229316132466e+00
1.308049066269204808e+00
1.659219528757237772e+00
2.510665780123332969e+00
2.304648219920121921e+00
1.888831804154717631e+00
1.955176811083906063e+00
1.616485277289843481e+00
1.908398449816876452e+00
1.605513006033141510e+00
1.880161365037637866e+00
1.585977703432635000e+00
1.818306124687882885e+00
1.510063100235302436e+00
1.708562291167647906e+00
2.114669042692633560e+00
1.563759824582339863e+00
1.875774655577992611e+00
1.549093533818843849e+00
1.607831750140635396e+00
1.712063474032777810e+00
1.838485218831155343e+00
1.555682442866558546e+00
1.654932483646338826e+00
1.358604984435963337e+00
1.298421080611062317e+00
1.397101366951335244e+00
1.357367377833099908e+00
1.245292874683525675e+00
1.505832378559251561e+00
1.129535622156222052e+00
1.433649699128738408e+00
1.728132564761584833e+00
1.746600581142399022e+00
1.769877721756622613e+00
1.933491612406889049e+00
1.724963476033022802e+00
1.643478632934316952e+00
1.488451911352877133e+00
1.793631102006938427e+00
1.708987475186271254e+00
2.143268068740031396e+00
1.784019342937286146e+00
1.802069138372254686e+00
1.393595655630764041e+00
1.478409095689528163e+00
1.544150291642569117e+00
1.769614290784553789e+00
1.750980841613600347e+00
1.762025474506154543e+00
1.839444844301659332e+00
1.643391931010261819e+00
1.673174136311842419e+00
1.809082367276191095e+00
1.722527674007785725e+00
1.466338028662856452e+00
1.197880634038003711e+00
1.310266908747267367e+00
1.495237115337945344e+00
1.439445064740809466e+00
1.748630688282413193e+00
1.523184765900095217e+00
1.257891353413677749e+00
1.880713271103112483e+00
1.855996305613474950e+00
1.505823196549822995e+00
1.322697522708204509e+00
1.889639369365238908e+00
1.917255773179705747e+00
1.667285558269561818e+00
1.650005301463615570e+00
1.817006213576207063e+00
1.596488576077550903e+00
1.598227481159267604e+00
2.037032393235113759e+00
1.958773288162982240e+00
1.565901358673417398e+00
1.683189362613616513e+00
2.131803881961587877e+00
1.632085139419148234e+00
1.645963878321749396e+00
1.889196289762025360e+00
1.649147528731004009e+00
1.270734881002410832e+00
1.661766718104792595e+00
1.233914567397189632e+00
1.305691171176213583e+00
1.241730896120698313e+00
1.459295529039639217e+00
1.707819737957656292e+00
1.768713702162342472e+00
1.966587298106740267e+00
1.691102923810877900e+00
1.970880884896705654e+00
1.504712744946909320e+00
1.970021344376620576e+00
1.681550825634660074e+00
1.439504518008269729e+00
1.446598058499464656e+00
1.810834434306115570e+00
1.949091114292088811e+00
1.966206632605194349e+00
2.277810863645069794e+00
2.057919104514738695e+00
1.530922430462543948e+00
1.322708582678746581e+00
1.609933483919661290e+00
1.638829420176184826e+00
1.415144791985361916e+00
1.662172921989530039e+00
1.697747770343865925e+00
1.617594609962847318e+00
1.753410226411422634e+00
1.770568908514517092e+00
1.454735267956415612e+00
1.628023528474595638e+00
1.792205460456886001e+00
1.674766821844944076e+00
1.526744889478875322e+00
1.676998509457266584e+00
1.980068111959781163e+00
1.813363957388729020e+00
1.922235286258000775e+00
1.809924090057672075e+00
1.805078773658431279e+00
1.710439129564456984e+00
1.882499637152225125e+00
1.789324420651234648e+00
1.767834484375581106e+00
2.178842917984011862e+00
2.327425551668505843e+00
2.355171763027197329e+00
1.805018296567447500e+00
1.506917780362904358e+00
1.818885226998636639e+00
1.701144732402380289e+00
1.688745190287449738e+00
1.036509976378677811e+00
1.345967386515060538e+00
1.234748192854530302e+00
1.465153841544210023e+00
1.669823863459236613e+00
1.920386280402608836e+00
1.613418985582427467e+00
1.513482745408602170e+00
1.403388259073172550e+00
1.558378802971967625e+00
1.899338372519754348e+00
1.960627858468227291e+00
1.885806885307469871e+00
1.926741257089610304e+00
1.537777969546061607e+00
1.472066447254216870e+00
1.463605303124182022e+00
1.765276383817987238e+00
1.492327521103842702e+00
1.554614702990039898e+00
1.448445107755274242e+00
1.338489472529054147e+00
1.246972713043288827e+00
1.230467713161441656e+00
1.431118697027750963e+00
1.043351538693379821e+00
1.229271881409761624e+00
1.285215596288607376e+00
1.327222914326338987e+00
1.038556119242537434e+00
9.896439095789436591e-01
1.429698083828091049e+00
1.479813810421438447e+00
1.577218410566375795e+00
2.098014202456630617e+00
2.005698529725052914e+00
1.916633926381140274e+00
1.935690974403207809e+00
1.921829877431094236e+00
1.709232154042123142e+00
1.208370828309508926e+00
1.171814524305715866e+00
1.460619888572736391e+00
1.666060253814506398e+00
1.572147475063664590e+00
1.519296481410336686e+00
1.286376066602885837e+00
1.236195793363952689e+00
1.450076306694724870e+00
1.399130347359089477e+00
1.285648930093532316e+00
1.470515331694416616e+00
1.768155808198827561e+00
1.712158125025666555e+00
2.126517845718717492e+00
2.188680881199926542e+00
1.351988102614458009e+00
1.534703667919961489e+00
1.920301420335196019e+00
1.870655012537654649e+00
2.025805440706402560e+00
1.793396870547880440e+00
2.060067958606198513e+00
1.533547765839096799e+00
1.879101263617129591e+00
1.583490942176166483e+00
1.461036396741126842e+00
1.699035280173315732e+00
1.868530057851335302e+00
2.066949413351044651e+00
1.632072887086362556e+00
1.738593321059366037e+00
2.089125794976354200e+00
2.166780432697178238e+00
2.138600806683403022e+00
1.676788948158145720e+00
1.984596317061210202e+00
1.826474982709894723e+00
1.948707104496985698e+00
1.924905760454982406e+00
1.856089765578367023e+00
2.141020631580327738e+00
1.866786301630801281e+00
1.880558031557166832e+00
1.874483396489975195e+00
1.469977192472831762e+00
1.404411900898569820e+00
1.352954889422049334e+00
1.278728359760242572e+00
1.388078372539783611e+00
1.380854723149265162e+00
1.576174777266335258e+00
1.493496583668368460e+00
1.378090948133856353e+00
1.378580184953314580e+00
1.488882327933259475e+00
1.491762486658569919e+00
1.653523975696759685e+00
1.529093683665804448e+00
1.632192651606646727e+00
1.553187680546313176e+00
1.298356297422762928e+00
1.372844899820428344e+00
1.294100077702292628e+00
1.486227727659577669e+00
1.456070875363192796e+00
1.772169909467284032e+00
1.740177591278774472e+00
1.771978712681126389e+00
1.625510129248870062e+00
1.701554565538629049e+00
1.403728425363878651e+00
1.433793692290124877e+00
1.375839739508311510e+00
1.546040378523943382e+00
1.455407236358607692e+00
1.228115654971913440e+00
1.353909667720281540e+00
1.401078963463764815e+00
1.486844716853201298e+00
1.176893689776122187e+00
1.067088802543464610e+00
1.108190425809834956e+00
1.504799359605242692e+00
1.360232338099828686e+00
1.644531218899557334e+00
1.881793282357856700e+00
1.900869493259573551e+00
1.712309207688376134e+00
1.836274537920365324e+00
1.390109344852364259e+00
1.046191015238753019e+00
1.309230460663334705e+00
1.320613336359951262e+00
1.073816086792145130e+00
1.072317594511982275e+00
1.226636232479343169e+00
1.350346707492247722e+00
1.340105250771304046e+00
1.646983380705160815e+00
1.461386147651407175e+00
1.456372489030075768e+00
1.438107499618038965e+00
1.664922323396081927e+00
1.391567878945867420e+00
1.553417826066966656e+00
1.519626792506918456e+00
1.710448398716648333e+00
2.039160574746701204e+00
2.031786174677518986e+00
1.987785625975813764e+00
2.163965981554266449e+00
2.361955131636854777e+00
2.159909841948418840e+00
1.912488884933232214e+00
2.374967673138182356e+00
1.797760905582561852e+00
2.017248598294651529e+00
2.128811175987995519e+00
2.181261708172605562e+00
2.324973608002132597e+00
2.100043420149702467e+00
2.469914002501923278e+00
2.365164156317821842e+00
2.212734815736504768e+00
1.881967754873937526e+00
1.976187400712045239e+00
2.030556228266299001e+00
2.173384807476665070e+00
1.713895406775894914e+00
1.866922990019926676e+00
1.554060033813847497e+00
1.317369698401455569e+00
1.560789637442397293e+00
1.429034439846752491e+00
1.616821319607220531e+00
1.441848169822864012e+00
1.458079602188803836e+00
1.400157941811407847e+00
1.667729582976972269e+00
1.708515203479665123e+00
2.078150565012170325e+00
1.680187216106338699e+00
1.787126613715072310e+00
2.065777238625016388e+00
1.827529631672963006e+00
1.781692771497416006e+00
1.747323429782371207e+00
1.774388699190294849e+00
1.626277145743705521e+00
1.872582388065415770e+00
2.035299324601751891e+00
1.948525522818601363e+00
2.320151461978511964e+00
1.978165832853647332e+00
1.911124122664525915e+00
1.932985954237775195e+00
1.704164361875137423e+00
1.757626822229817254e+00
1.650675826034040838e+00
1.236696043965278990e+00
1.705683513516731864e+00
1.726918163802431794e+00
1.454416160703669414e+00
1.316973345225190162e+00
1.399970652122981329e+00
1.437402091278793481e+00
1.572946697817881878e+00
1.336721848023123327e+00
1.577591740253077690e+00
1.337269558744233588e+00
1.551552400541335253e+00
1.507320362827582194e+00
1.447112084320246295e+00
1.490666700146156209e+00
1.336323418088629200e+00
1.376641668991717582e+00
1.348220985687303308e+00
1.470860128576091608e+00
1.492678002476514942e+00
1.372557802650552938e+00
1.528155086349010539e+00
1.324542024792213724e+00
1.489742768099528547e+00
1.607406807011709793e+00
1.258903995454907054e+00
1.594675797360574299e+00
1.234196154984771532e+00
1.166546505613731854e+00
1.358012651265409154e+00
1.443280214577561393e+00
1.337787523860974881e+00
1.335847830809744563e+00
1.362196279938053589e+00
1.705648304948419014e+00
1.670306617430440177e+00
1.896713251052873916e+00
1.893564430712483926e+00
2.031772020509192700e+00
2.159205516530875890e+00
2.097320331037387131e+00
2.016476848362356744e+00
1.874286569423818438e+00
1.789309605104727474e+00
1.552427979060988950e+00
1.657525663777511316e+00
1.544403194841205140e+00
1.504333138927039792e+00
1.426230828375561366e+00
1.747210980055533547e+00
1.728732440501393741e+00
1.903393094493873949e+00
2.140584019130209903e+00
1.375261107397960814e+00
1.785045120794688245e+00
1.698430979502370208e+00
1.506496784306716297e+00
1.641779925561139386e+00
1.673881142067857430e+00
2.069458258990093835e+00
1.881172243038525371e+00
2.137191806807329453e+00
1.968927942483877702e+00
2.027456251160494993e+00
2.054203711042112079e+00
1.998271752447392746e+00
2.151282527622523144e+00
2.588538463974018544e+00
1.987403666540402014e+00
2.140460319986841053e+00
2.241232638381614795e+00
2.038934708074419788e+00
2.220078087585951376e+00
1.909575963266635146e+00
1.822635723396090812e+00
1.814386434940281623e+00
1.805598192279682657e+00
1.827276042839430126e+00
1.764816728484984942e+00
1.940749045045350174e+00
2.156651582320874283e+00
1.842707044923263426e+00
1.689389181649825211e+00
2.003588731153867819e+00
1.897713035931658965e+00
1.685682909573943622e+00
1.720979976237997811e+00
1.806105168023190988e+00
1.756960005086883658e+00
1.470573343881116379e+00
1.512948082402748584e+00
9.968207282065476571e-01
1.195399832098742454e+00
1.068712050670194591e+00
1.267689815570704814e+00
1.433080475546206101e+00
1.498192379318523670e+00
1.561560959133591053e+00
2.024620683639365648e+00
2.025913570629718219e+00
2.073122832392849446e+00
2.150386656666511520e+00
2.418719063525283541e+00
2.035099946241050173e+00
1.748537585922536497e+00
1.550490677843105791e+00
1.635985185967082645e+00
1.478588073089017296e+00
1.704791503204933001e+00
2.176231605943941272e+00
1.777174690562825621e+00
1.764959307517037335e+00
1.903398149193952227e+00
2.370434480695093438e+00
2.206297672306383628e+00
2.077441739209038740e+00
1.501750610895792093e+00
1.392672688971288819e+00
1.894110454794396325e+00
1.743500817265984715e+00
1.885853466775416765e+00
1.813845680558770823e+00
1.803411381923011092e+00
1.759874345677937768e+00
1.693109918755398402e+00
1.440497152185619578e+00
1.289758629589114358e+00
1.363900744378469421e+00
1.327130695146854444e+00
1.085401730073880966e+00
1.364683909559926134e+00
1.403699915932329345e+00
1.861421446576215111e+00
1.831051671907132361e+00
1.795354822713216114e+00
1.936984848994041331e+00
1.980326154019180995e+00
1.971214927076734513e+00
1.480569780166786975e+00
1.306146224308724513e+00
1.384480511663974900e+00
1.400596749515099049e+00
1.472828422404801607e+00
1.504526565027259011e+00
1.534739142416943869e+00
1.804184770416731087e+00
1.853464196669185604e+00
1.880382137575846047e+00
2.028937493457036556e+00
1.836112924266483537e+00
2.217299694306930302e+00
1.981733023591260689e+00
2.075433181559106721e+00
2.067513442204598650e+00
1.978335659956571790e+00
1.924550035196372910e+00
1.812369099506613068e+00
1.322013139427620887e+00
1.392024223539489958e+00
1.385510098967702053e+00
1.619400504675853059e+00
1.348362760657893844e+00
1.274435359835181192e+00
1.276799654237555259e+00
1.417038167904870249e+00
1.425713262474292975e+00
1.414706963702098363e+00
1.716915777635497298e+00
1.978640684297183316e+00
1.577726529716051207e+00
1.290379778054976168e+00
1.165993875209148101e+00
1.198156911813666570e+00
1.214513832740129473e+00
1.027599804149350815e+00
1.043205791413958528e+00
1.202664118640102364e+00
1.088291441446020746e+00
1.196260953222769263e+00
9.198353833436438975e-01
1.293311921869625181e+00
1.234818341083958604e+00
1.276236536367910901e+00
1.333003494513710363e+00
1.282759684738823402e+00
1.106531724492276547e+00
1.388306657055378812e+00
1.384627296315305234e+00
1.287309251821316947e+00
1.511453935222624168e+00
1.549448167584680291e+00
1.626844501371001783e+00
1.542746699460880500e+00
1.723960354091239822e+00
1.643177987964900000e+00
1.769868708490810238e+00
1.783260890119737541e+00
1.527951652278007000e+00
2.135375908875727813e+00
2.137206792561262780e+00
2.177798556782029049e+00
1.735555786361930419e+00
1.475707313195925963e+00
1.341488568389928249e+00
1.290152224040327145e+00
9.407619589383271475e-01
1.161761539555694611e+00
1.194638449778377964e+00
1.210886438505519580e+00
1.260154785294234525e+00
1.071546799411374540e+00
1.443776460507922410e+00
1.723743890149484148e+00
2.095804026062049186e+00
1.642292077168519882e+00
1.561862857431594032e+00
1.468854893108137105e+00
1.489113650608082873e+00
1.425505958031911158e+00
1.177973565088146435e+00
1.471614675531236038e+00
1.534800802950529564e+00
1.924024709458385551e+00
1.740436660092286481e+00
1.684651986255095268e+00
1.482424672330710402e+00
1.383348874174484822e+00
1.273663117933156563e+00
1.235741935628627886e+00
1.493573406093855249e+00
1.622857095781176318e+00
1.780458436389738885e+00
1.742565738440420731e+00
1.988250839701112938e+00
2.071835907887197070e+00
1.968036851306331103e+00
1.884083608459373060e+00
1.732018099245019149e+00
1.794756112134503701e+00
1.626535033689312515e+00
1.716885921582544050e+00
1.652526539476076195e+00
1.819087027665638123e+00
1.965817727971141515e+00
1.511988006891826108e+00
2.032097019413055428e+00
2.024018451345694913e+00
1.512908272690874689e+00
1.412521362756595344e+00
1.566396029742283424e+00
2.054896591027310482e+00
2.302591316873442207e+00
1.781112586128655195e+00
1.518484630374635325e+00
1.124211821705092484e+00
1.230905341782535523e+00
1.435534046236154104e+00
1.464325839046908051e+00
1.760832224823137837e+00
1.678957856470400634e+00
1.583845018052086662e+00
2.013148293782388354e+00
1.716858130887460865e+00
2.197468973758188060e+00
1.973035461128973767e+00
2.108999792024210063e+00
2.091894782052500457e+00
2.129151022098282109e+00
1.957013457138281343e+00
2.094305088201089404e+00
1.888017215697169737e+00
1.330116080666567058e+00
1.275166005206158637e+00
1.485585684023210007e+00
1.445504300484057758e+00
1.350847032679553639e+00
1.271264926305254894e+00
1.297762527154996848e+00
1.188091086724074819e+00
1.387673509202128397e+00
1.590090235021545784e+00
2.094057569044246669e+00
1.691910608559317852e+00
1.723568894619091907e+00
1.885604401674537245e+00
1.838423062499609406e+00
2.015301696339789839e+00
2.046530611965613033e+00
1.948150761808446818e+00
1.844711158963258546e+00
1.956778441226042720e+00
2.100553985978911964e+00
1.379605442555216221e+00
1.170278978323219032e+00
1.380224485939492318e+00
1.134651606687929082e+00
1.257678508264389095e+00
1.615984457638647731e+00
1.842722526540425454e+00
1.912838660305568261e+00
1.808801198486222006e+00
1.953248565864075914e+00
1.911787022735088604e+00
1.616029077035441297e+00
1.535738798994629617e+00
1.594447832249294095e+00
1.338075777738175098e+00
1.547998481497720791e+00
1.588484090550586370e+00
2.027922973013454477e+00
2.372405704993899800e+00
1.999408226609554751e+00
2.395223150346247110e+00
1.949915049989095372e+00
2.035198756070966564e+00
2.049590356593037566e+00
1.635448458863573595e+00
1.740167623259224250e+00
1.536976642805283566e+00
1.971043035920065911e+00
2.015478240072760663e+00
2.049914305617481336e+00
1.766640146047268267e+00
2.013698775638774308e+00
1.987035261821162413e+00
1.967861030652283905e+00
1.709976722214305189e+00
1.736828272966354447e+00
1.823088129250924894e+00
1.443566610290300201e+00
1.432455509250799786e+00
1.557638574873164039e+00
1.191917568182525811e+00
1.333809125421806296e+00
1.469922231399974688e+00
1.392121054914522205e+00
1.336626329588815443e+00
1.612866002672777688e+00
1.343589360489736650e+00
1.491725321164358853e+00
1.609477227640815578e+00
1.450405757573186571e+00
1.160717574285430320e+00
1.234955120208143686e+00
1.131296224591665123e+00
1.268343547271191918e+00
1.706510243688819317e+00
1.746180889873963027e+00
1.570790492530211857e+00
1.605411044238809204e+00
1.520905345211305715e+00
1.639622454704455112e+00
1.486361118617363308e+00
1.354975319521463106e+00
1.161069528418249064e+00
1.011474729619928903e+00
1.043604723322817618e+00
1.425765003595807379e+00
1.508185950251752949e+00
1.015791254860859638e+00
9.978719584513959795e-01
1.017834060732554446e+00
1.238699440706858779e+00
1.135657367711674359e+00
1.265746872073057361e+00
1.269705691452154950e+00
1.301433406465194009e+00
1.173707511733444342e+00
1.503935161647538488e+00
1.399418513216922566e+00
1.324175069405013838e+00
1.366117693503074104e+00
1.552554362424436896e+00
1.326738660068284670e+00
1.338782424446918196e+00
1.732008581434500316e+00
1.803219344086869347e+00
1.941242113036673933e+00
1.787112427530249237e+00
1.674486572581816990e+00
1.611120761256690903e+00
1.453982166606539117e+00
1.542887296153428123e+00
1.637407151831911989e+00
1.971323481547765599e+00
2.140314871432971611e+00
2.238962681519957254e+00
2.438454078234015387e+00
2.120832921430074514e+00
1.789048078103709916e+00
1.666543390526007862e+00
1.834267345723420650e+00
2.046759251518594613e+00
1.954862083030849185e+00
1.872274300641651124e+00
1.939166952613621930e+00
1.863319744819563528e+00
1.659429313845389942e+00
1.830672386349471159e+00
1.772732537890921556e+00
1.643025734847638919e+00
1.737394409691927155e+00
1.978648777676367487e+00
2.348295725978250648e+00
1.950699302885335662e+00
2.117832766522242949e+00
1.572078779573449658e+00
2.084149315484315590e+00
1.984761191553995108e+00
1.975888992543785028e+00
1.822438861368799623e+00
2.252972502820652867e+00
1.907344901097703049e+00
1.680382761745383480e+00
1.302117963818784974e+00
1.256087008032528818e+00
1.309084568679381944e+00
1.568710225688226378e+00
1.644137231112889230e+00
1.407223020787263357e+00
1.313133893069489799e+00
1.213479626451247739e+00
1.328154661628383915e+00
1.566190514247056242e+00
1.325215844163482704e+00
1.497511477264618973e+00
1.387435891562115220e+00
1.189795907175532408e+00
1.110322792481177601e+00
1.197144459324269938e+00
1.271825884964880249e+00
1.334294145753893712e+00
1.564959197699899551e+00
1.431744558123645206e+00
1.373645011245976377e+00
1.421735640686616398e+00
1.639717044978137528e+00
2.083808512498236620e+00
1.684984818247857064e+00
1.956548391316080604e+00
1.767327890967911985e+00
1.824854371571432043e+00
1.771614377975965660e+00
1.934759644195269246e+00
2.447003507444662773e+00
2.292351983686303996e+00
2.200553115298389262e+00
2.093721731613585657e+00
1.976769655748934262e+00
1.817964095447157424e+00
1.676136668246084316e+00
2.101376653735396616e+00
2.150758606717688259e+00
1.879698881699006563e+00
2.146295503563830920e+00
1.744838855444709402e+00
1.693526469761780895e+00
1.882608964654604922e+00
1.948845667732993725e+00
1.864249536761695358e+00
2.359449417839523555e+00
2.038791375934832395e+00
2.347068339671733117e+00
2.034222040181814073e+00
2.199101957118557493e+00
1.998874314019202902e+00
2.143617150034451413e+00
1.838137300484420811e+00
1.908093518798975374e+00
2.212222244406807370e+00
2.320095017375132240e+00
2.146471908304715903e+00
2.084331001224054791e+00
2.190232006282252009e+00
2.339490763149689290e+00
1.948482228884942380e+00
2.093875013863903956e+00
2.070024456529178991e+00
1.991742423818322116e+00
2.322962479154965454e+00
1.760494641403182570e+00
1.772424760391589915e+00
1.531314116943143899e+00
1.747610546514112961e+00
1.790226579612232305e+00
1.485494787845626607e+00
1.630417503681280467e+00
1.120356512108973801e+00
1.379763892626946209e+00
1.344295033659469008e+00
1.200199596098647570e+00
1.493267262374008197e+00
1.271288413570611731e+00
1.915254783720056642e+00
1.665008467294089911e+00
1.679720385933416438e+00
1.511739181699338408e+00
1.849019561696175762e+00
1.423735707700699127e+00
1.709726634804197065e+00
1.914055273475765651e+00
1.353455692315818304e+00
1.559200228004423261e+00
1.946951172180536815e+00
2.161454330351717523e+00
1.972005287862309775e+00
1.982401090772611729e+00
1.812992704395364640e+00
1.984665435012842316e+00
2.094994293292677057e+00
1.826977708587038451e+00
1.739609304479417196e+00
1.620757536832077905e+00
1.908782709428121116e+00
2.094129168243458849e+00
1.888296842891262317e+00
1.760765734170587571e+00
1.647360792559662279e+00
1.654433877246387130e+00
1.651127304830412701e+00
1.431907387712393120e+00
1.499476347716287350e+00
1.428589400020590983e+00
1.213132109994492946e+00
1.093918666994218913e+00
1.391519834456750537e+00
1.366100683358509649e+00
1.270919514026918939e+00
1.513836939880235599e+00
1.188115274290503454e+00
1.102070837860527286e+00
1.283533531284375195e+00
1.046023691049197124e+00
1.132864861484340402e+00
1.365794529060878615e+00
1.438815474401483385e+00
1.446538374294627838e+00
1.311008580572305737e+00
1.558826590990379124e+00
1.536445374953820941e+00
2.022037332353305406e+00
1.878420748414386665e+00
1.725505006604606484e+00
1.905316846821217602e+00
2.140182362461183097e+00
1.988906460825847322e+00
2.222107229400411832e+00
1.882679371603031004e+00
2.218049174046134553e+00
2.388195776328291497e+00
1.981370040342837813e+00
1.898080288423806827e+00
1.998479143778563172e+00
1.859886693073441455e+00
2.167361547793963172e+00
1.933391549740395732e+00
1.342703354692987627e+00
1.763150810472752683e+00
1.506661014548671407e+00
1.545540578326142445e+00
1.375263066992524319e+00
1.682151772326279104e+00
1.726795640266767240e+00
1.847709094852602707e+00
2.140429732325894729e+00
1.407352408691028733e+00
1.297142416596955394e+00
1.599040657828401990e+00
1.154236602405677825e+00
1.377386985406326758e+00
1.486528884887314383e+00
1.664853747072742696e+00
1.672130863190418371e+00
1.717504759991032692e+00
1.432914826733393099e+00
1.340612742336238838e+00
1.248472046311738248e+00
1.224598726772273993e+00
1.482334531497073060e+00
1.728257080133702495e+00
1.699530077119819182e+00
1.626611901158886431e+00
1.792486173424480356e+00
2.267399484754179184e+00
2.203184496029289896e+00
2.036053291307738711e+00
1.951989549664070456e+00
1.867876907289777622e+00
1.736400535020617086e+00
2.261166809367108677e+00
2.506722973060400150e+00
2.437542049905067731e+00
2.144900880022424516e+00
1.801937901253313434e+00
1.675058143345790063e+00
1.733709045957535499e+00
1.585225437940748883e+00
1.690710033048057559e+00
1.789304118082662987e+00
1.714321853927702977e+00
1.499054927723300068e+00
1.969709027631730835e+00
2.033939612691561649e+00
1.487350565041286377e+00
1.726978543743332484e+00
1.281868498748091278e+00
1.210486029750885706e+00
1.325388786691804377e+00
1.265844358348044985e+00
1.184058188763643882e+00
1.294545399501665139e+00
1.673227892703738950e+00
1.543175854447724538e+00
1.266509678099280833e+00
1.302938669420940832e+00
1.375993678800252251e+00
1.506582974236046812e+00
1.683786829731944934e+00
1.316495920053324609e+00
1.156527971365217899e+00
1.507532612152272522e+00
1.465154291012461529e+00
1.529288118525988338e+00
1.305931100914037524e+00
1.207494218143134290e+00
1.452780670950873487e+00
1.325802971480790404e+00
1.514147323936313683e+00
1.722169322537593361e+00
1.723266935600571870e+00
1.856140150021019508e+00
2.123057771599204280e+00
2.290384254101289763e+00
1.896834705765804818e+00
1.830623623677718914e+00
1.898235597631847682e+00
1.730674766133238895e+00
1.727078210857540430e+00
1.652229623815481219e+00
1.897454958459291907e+00
1.770108232591192099e+00
1.927634930416189718e+00
1.834869065413155642e+00
1.748064199184865775e+00
1.190849146594554542e+00
1.339971674375035171e+00
1.209359795580001062e+00
1.084808492303969363e+00
1.451919361399546693e+00
1.142416658475037927e+00
1.424202966057051434e+00
1.308982156748803138e+00
1.342449921586205352e+00
1.600286170687525544e+00
1.444562381778077498e+00
1.605922984914632146e+00
1.595865564358345257e+00
1.430940776131685688e+00
1.535286040931556961e+00
1.360670113176554175e+00
1.266123070039870235e+00
1.399043965590814009e+00
1.213794857255639403e+00
1.926900812652448058e+00
1.965028681281960843e+00
1.595994943709396319e+00
1.774132312717943138e+00
1.831628589236124816e+00
1.633790838667066314e+00
1.895339164723498504e+00
1.545923284494435279e+00
1.683731317369312031e+00
1.775143352162064536e+00
2.176606007166675294e+00
1.949715274442723967e+00
1.575335438503763008e+00
1.908648169307770592e+00
2.487312369516181842e+00
2.654543835726664636e+00
2.396236029847323756e+00
2.169826238506821436e+00
1.973836970540527425e+00
2.295630371526685476e+00
2.028422687723050455e+00
2.105974238410030175e+00
2.338419853604884580e+00
1.849420215765798847e+00
2.274247324590386032e+00
2.262305951381653468e+00
2.326845189318512475e+00
2.139154812709219922e+00
2.057557729274351654e+00
1.870242114838321257e+00
2.169147488326873319e+00
2.209767637089162573e+00
1.932133426306928747e+00
2.166008061934372009e+00
1.921597458098470712e+00
1.929728471342471607e+00
2.405882071761348495e+00
2.506337141504077159e+00
2.282583125360845955e+00
1.921240481921860699e+00
2.303144694722909502e+00
2.308822301394453103e+00
1.978471007636405821e+00
1.756348290514107235e+00
1.822145603696347038e+00
1.737824663202152342e+00
2.053065787989067914e+00
2.048670781687087494e+00
1.575773439288919553e+00
1.545449298667287863e+00
1.568926894611547773e+00
1.506510397666735779e+00
2.161948893729379151e+00
1.668951344080068955e+00
2.199293407031146952e+00
1.608551421837551620e+00
1.683297381241794177e+00
1.425302950126088097e+00
1.323042506921228600e+00
1.576412722388269350e+00
1.519639348996276951e+00
1.609772677554112352e+00
1.939775981515031722e+00
1.989740671074818001e+00
2.257812475127310314e+00
2.095470258604476221e+00
1.900953002087214960e+00
2.198945035352991795e+00
2.411703007210567407e+00
2.466513462562364811e+00
2.498805476364017952e+00
1.973429723450514928e+00
2.042950570707032565e+00
2.312199264657075926e+00
2.034971690571816705e+00
1.832873878101850096e+00
1.580156133093364224e+00
1.543271526480893829e+00
1.463232879885610682e+00
1.860027398535466503e+00
1.767667993059044207e+00
1.805965910433809940e+00
2.032788394397613274e+00
2.015499452880955555e+00
1.815820093258096124e+00
1.643506107985738485e+00
1.665207063416717093e+00
1.712522068423259824e+00
1.663722555161493366e+00
1.674797239987413366e+00
1.531112119976671959e+00
1.437460784052073226e+00
1.455341513048082236e+00
1.373972110725039553e+00
1.597553390069025747e+00
1.357111878289192886e+00
1.340544357256737484e+00
1.343608950709724414e+00
1.474684591295522429e+00
1.677731938611136231e+00
1.645367450304322965e+00
1.950649529152540751e+00
2.107130757460053072e+00
1.879650404318249590e+00
1.678347651364988868e+00
1.442920898560259291e+00
1.474093530285844889e+00
1.478172609240677282e+00
1.690925398505093824e+00
2.064038810826028580e+00
2.237912168656089662e+00
1.884682793148699353e+00
1.385006145263674604e+00
1.749176099311739563e+00
1.381032808466351236e+00
1.348628667334687226e+00
1.168290197470119862e+00
1.124933569255210264e+00
1.041532934436487201e+00
1.141757048717554346e+00
1.348686247631797785e+00
1.300483586907647426e+00
1.412545365662517316e+00
1.269755047570570561e+00
1.292699518240500778e+00
1.707635833392461722e+00
1.495561034857885607e+00
1.693343408252061977e+00
1.596072121406914235e+00
2.122538705405505599e+00
1.897300971579031215e+00
2.098731844256652490e+00
1.729341787972770383e+00
1.402820619173541727e+00
1.493325777738649718e+00
1.514909760535800842e+00
1.364960705727081391e+00
1.517164996180777159e+00
1.444482181922618125e+00
1.424480899571644699e+00
1.584795721568265314e+00
1.360118523736306706e+00
1.409843679663365323e+00
1.372718948987663889e+00
1.688890048880844930e+00
1.535284621982438535e+00
1.503838902276472878e+00
1.440455043011260372e+00
1.384280581268042987e+00
1.293226973836702820e+00
1.466184043149834304e+00
1.278465436746371253e+00
1.578411907083678845e+00
1.652545265712676015e+00
1.459164972912606162e+00
1.438625381269546644e+00
1.173693881432009700e+00
1.453679640270985951e+00
1.346260734646828716e+00
1.449090777980548639e+00
1.564198098468471798e+00
1.922151109091641663e+00
2.024053479519138499e+00
1.689297577904397274e+00
2.088730075342922099e+00
1.981938317592853771e+00
1.934988958095693157e+00
1.790166050534394815e+00
1.958092553672722946e+00
1.438929181677149449e+00
1.659651567406877692e+00
1.680800747674355833e+00
1.386597938947533359e+00
1.558545290211467593e+00
1.616375864216969660e+00
1.546185937883110872e+00
1.552722300327971094e+00
1.514768782163939953e+00
1.778836244426796220e+00
1.424471340168812938e+00
1.397465126541212577e+00
1.147212078922325906e+00
1.161063189390980188e+00
1.261493650389243104e+00
1.597611847080105285e+00
1.635756021889324785e+00
1.734923788611201445e+00
1.619760842201849460e+00
1.539474292296013402e+00
1.195262209840214140e+00
1.314276589202480139e+00
1.719709813084943306e+00
1.799489467837456447e+00
1.842753152301729092e+00
1.539516789328712054e+00
1.900015407779547916e+00
1.781268128472275780e+00
2.037902628051985854e+00
2.418629952692215479e+00
2.303634301607583534e+00
1.953942565412688515e+00
1.932692901244828620e+00
1.681437725365549696e+00
1.407107488203644063e+00
1.913455816569011425e+00
2.344167263552234370e+00
2.402033125538011404e+00
2.347223889795369001e+00
2.197802868382611852e+00
2.409098343187142444e+00
2.367042409002014125e+00
1.926543037684839366e+00
1.424202483096386418e+00
1.634258674023103985e+00
1.626913012933025815e+00
1.476095266931429784e+00
1.417315288740678580e+00
1.578069517277741030e+00
1.288226602780292884e+00
1.629284366441334342e+00
1.853537106539816737e+00
1.882629137615671855e+00
1.564529355656307574e+00
1.974538642614258821e+00
1.816248869388300768e+00
2.049368668913430724e+00
2.090805233287208242e+00
1.976133933305197932e+00
2.034864267023050122e+00
1.997974220253204924e+00
1.688848690654212392e+00
1.441052774967117589e+00
1.487849474439091102e+00
1.499031927911605777e+00
1.554236745026254196e+00
1.284012331385891104e+00
1.680275706399208646e+00
1.853104412638497678e+00
1.878456550559957083e+00
1.603028890236124937e+00
1.452084410432032291e+00
2.035696967604404772e+00
1.382447995975943478e+00
1.695481310088012394e+00
1.827665705723544809e+00
1.672106306339822046e+00
1.594403973757381188e+00
1.554610415301520776e+00
1.233087536429020581e+00
1.237751249394777986e+00
1.740893448109175345e+00
1.521458489382194079e+00
1.408107109052611605e+00
1.145354378465260892e+00
1.238606344216317545e+00
1.144397535698438162e+00
1.211125603240511106e+00
1.372733632110419766e+00
1.179696166074813979e+00
1.069818748957709786e+00
1.324632019290448603e+00
1.191215028740770787e+00
1.504270870556685402e+00
2.007954480146417531e+00
1.742013837875239446e+00
1.899793438727552131e+00
1.844625566316630660e+00
1.566754170117539369e+00
1.454746424063041665e+00
1.472440865761169837e+00
1.740432691334006909e+00
1.542493320476289398e+00
1.464037072764033498e+00
1.888327745521307000e+00
2.340664514068076407e+00
2.186186668485836204e+00
1.795965043636253089e+00
1.627328172072334045e+00
1.879601229264949103e+00
1.795864908321815001e+00
1.687165120684949393e+00
1.068524752803592159e+00
1.071216153617005729e+00
1.237705684408803464e+00
1.225272035552396943e+00
1.661243625635148824e+00
1.835160023651371874e+00
2.118100408671970136e+00
2.097048249289104049e+00
1.810903097317343002e+00
1.533441107092051503e+00
1.117375414097957709e+00
1.186201385524063623e+00
1.390941313010910507e+00
1.262542471773816288e+00
1.620305280812485593e+00
1.238910125114225158e+00
1.270218203707171867e+00
1.346224477256589003e+00
1.328541686058067883e+00
1.226754169383848625e+00
1.335777870548993551e+00
1.682303045732089108e+00
1.885176757851805496e+00
1.784329447401844959e+00
1.685287725711537732e+00
2.107864851047831944e+00
2.694373530511294579e+00
2.371472904863450193e+00
2.168324693450623730e+00
1.775121411739195354e+00
1.601832065035128316e+00
1.881498675803901399e+00
1.718215868253081924e+00
1.746414732254867097e+00
1.518916717515545578e+00
1.739281564872004360e+00
1.941660566524480602e+00
1.458173658241422421e+00
1.569929971679538960e+00
1.664600099771535557e+00
1.222269192341943311e+00
9.547965554148842848e-01
1.123910925417088036e+00
1.334697861841518396e+00
1.378414684567639936e+00
1.581898343823090025e+00
1.429855582884852261e+00
1.400001866870870693e+00
1.258866826724209353e+00
1.095072376290594951e+00
1.254479053350022522e+00
1.115047124160829517e+00
1.302838311663063742e+00
1.383894192491798236e+00
1.296337795037128870e+00
1.176425185470896029e+00
9.694857003096910564e-01
1.225802061263134402e+00
1.211307198552979081e+00
1.379915064290936799e+00
1.149509014085263070e+00
1.192265934297876528e+00
1.101705872040922518e+00
1.089681347577148740e+00
1.530454409576837094e+00
1.963257787088804607e+00
1.534121859891421025e+00
1.536478402939148724e+00
1.357344110979220364e+00
1.264879435411867092e+00
1.293630793931954681e+00
1.301078675331651224e+00
1.176962292484161621e+00
1.526108543034309095e+00
1.170712257353405894e+00
1.317697073299830768e+00
1.383110113822178411e+00
1.280152848619625416e+00
1.796147598473362583e+00
1.617165512380521308e+00
1.862737490708695320e+00
1.623705074996847131e+00
1.284939631965128948e+00
1.638989357861715623e+00
1.378708263755497043e+00
1.508941789680155132e+00
1.673254095197963753e+00
1.882452841981612668e+00
1.666083250485763445e+00
1.453026579884916236e+00
1.205866654811403649e+00
1.107251681821286304e+00
1.421213006053746009e+00
1.670252885582377944e+00
2.016044106446412076e+00
1.870807082194711812e+00
1.675916432382293042e+00
1.663253698056374352e+00
2.008469044240325463e+00
1.472594054550709242e+00
1.635834347374304887e+00
1.273323440436754383e+00
1.346794435046738236e+00
1.482581923435669413e+00
1.319080385106264686e+00
1.559898843917245426e+00
1.493360344906553339e+00
1.631442045826801746e+00
1.389585347714244579e+00
1.486360376784209736e+00
1.757644275318965832e+00
1.796830050791206279e+00
1.589512991827171984e+00
1.455961511019830956e+00
1.296515303227380622e+00
1.460931150209552110e+00
1.368947247450059690e+00
1.206944981047969989e+00
1.295035283107432322e+00
1.305034570357886059e+00
1.529950449385937716e+00
1.612540633423131586e+00
1.847203766843291906e+00
1.538889268812543287e+00
1.331353505282354632e+00
1.287176964456195227e+00
1.278751275327594694e+00
1.134558007387788781e+00
1.289949560531931105e+00
1.328844774124034567e+00
1.697880973320868625e+00
1.525303677920252676e+00
1.446618073714647901e+00
1.213600873256020840e+00
1.065892763473277993e+00
1.351716371856306775e+00
1.559715305814616038e+00
1.519701321501477409e+00
1.768923256790382981e+00
1.691057378024892976e+00
1.329637152469623995e+00
1.198264197097515638e+00
1.074622600748899259e+00
1.143942019611635219e+00
1.363539533338751664e+00
1.519297578672505145e+00
1.459564379140719570e+00
1.447077507595803780e+00
1.298235343419252619e+00
9.905751170228391800e-01
1.354235243774589481e+00
1.381113285379152344e+00
1.192452706933513351e+00
1.293811198254980255e+00
1.292916593657654545e+00
1.356555988421183301e+00
1.239392103662825484e+00
1.246627486533679496e+00
1.148047474229020315e+00
1.268823524408696057e+00
1.374223979183901934e+00
1.255934256952496497e+00
1.270296543475530449e+00
1.195991822613303279e+00
1.331775206897715336e+00
1.339825535107037613e+00
1.155649800311466802e+00
1.244902777271439165e+00
1.390775693321212314e+00
1.100504824783454794e+00
1.191588667893496378e+00
1.507956248878871586e+00
1.633918439392238797e+00
1.637216931186898483e+00
1.439345624106327604e+00
1.350812929399543671e+00
1.575584599437609423e+00
1.450662164988987923e+00
1.695583731423451201e+00
1.705977141709181133e+00
1.909101456804760621e+00
2.233170552867368208e+00
1.786889602672419031e+00
1.934236819200746416e+00
1.449927040066300243e+00
1.562361238381366313e+00
1.624193608853283566e+00
1.617758525189304741e+00
1.338461832807413154e+00
1.334932458993738358e+00
1.356189058993446883e+00
1.283444929571182058e+00
1.423931061885492788e+00
1.411964647218832747e+00
1.120268029435242285e+00
1.187666911398825631e+00
1.390665153738822601e+00
1.265406432513574986e+00
1.590480513123040840e+00
1.647162729611107101e+00
1.392928378696660641e+00
1.710730982027677927e+00
1.831031644251643220e+00
2.080807075876961232e+00
1.718526031466314663e+00
1.770628790563292032e+00
1.589867594091169067e+00
1.328712765096001558e+00
1.458805535518791663e+00
1.404856220073033679e+00
1.838742907604089316e+00
1.843089552940545772e+00
1.590755078982549975e+00
1.573907391575475323e+00
1.721074095103968693e+00
2.180818646110958436e+00
1.623395858722268548e+00
1.378078933511692528e+00
1.760008377749135322e+00
1.841461131774339011e+00
1.584610242092181265e+00
1.950910141424612831e+00
1.901318874417659011e+00
2.376089108918634007e+00
2.160807891840654360e+00
1.713140309322520594e+00
1.913053147272026244e+00
2.039970805033113344e+00
1.978067422792095575e+00
1.640686844659128951e+00
1.670722190491744419e+00
1.524852745539390320e+00
1.444405987494484567e+00
1.734813138778685815e+00
1.806365249467029477e+00
1.708140249798233645e+00
1.659090544021828650e+00
1.770352900929537121e+00
1.832221877385411535e+00
1.675381814373688716e+00
1.735322802891729133e+00
1.759201872246234588e+00
1.742853296048018086e+00
1.453957293967977904e+00
1.229623769891735163e+00
1.259237452472781627e+00
1.409241864849721360e+00
1.127835775076966973e+00
1.100849222184050014e+00
1.004707944685437004e+00
1.075162664392824929e+00
1.192280397328195241e+00
1.639447990664047783e+00
1.716403228456183427e+00
1.497935973283606614e+00
1.598201465667827170e+00
1.416994067803647006e+00
1.649159360205049829e+00
1.463122159774459696e+00
1.310729695155601560e+00
1.278756230163053953e+00
1.246319593370334156e+00
1.240797925289596426e+00
1.472749409681648913e+00
1.419289739915823523e+00
1.428199880142384082e+00
1.504088994676898494e+00
1.373624539176033776e+00
1.592564271254900188e+00
1.639091053448618274e+00
1.555203261103294654e+00
1.385204019040547685e+00
1.424946338712053118e+00
1.480090505998486350e+00
1.506889834232094216e+00
1.402903603182856784e+00
1.874569675222445220e+00
2.075172992592875243e+00
1.851624602015335075e+00
9.866556083997345405e-01
1.092627819148375590e+00
1.267520607617918627e+00
1.278142225589965930e+00
1.175160066075104481e+00
1.488112311050159953e+00
1.453939640839975622e+00
1.555398448350266305e+00
1.115182018485024740e+00
1.310969725074671466e+00
1.115333729668504636e+00
1.155166347626552126e+00
1.342093313312591851e+00
1.309345921445930427e+00
1.295806093565895933e+00
1.517937740653481082e+00
1.618654401558160094e+00
1.441700665150928984e+00
1.467643031016537147e+00
1.492571923592206584e+00
1.435687750106852123e+00
1.717008529932957162e+00
1.446555020390903668e+00
1.615555549827933035e+00
2.019417326816620228e+00
1.759332123764726141e+00
1.707010947923825572e+00
1.740146813389143121e+00
1.675506005516617991e+00
1.575164080801293887e+00
1.656531675588784669e+00
1.903085663399619820e+00
1.695885425425324389e+00
1.617271743540095175e+00
1.561265180828431021e+00
1.015957534023037123e+00
1.076045591206695518e+00
1.319654964368080163e+00
1.171580771252583197e+00
1.032114430317194742e+00
1.361846095939179602e+00
1.624017666001017490e+00
1.747485557008536361e+00
1.880494446062320524e+00
1.890782386653451441e+00
1.616276533930266712e+00
1.330029125750229024e+00
1.316315237479284805e+00
1.459463343110883216e+00
1.988292618287551328e+00
2.074703073765650441e+00
2.264722702061951587e+00
1.912424682483579552e+00
2.021926645028453429e+00
2.149856518406730199e+00
1.961900966519743994e+00
2.511413279280748867e+00
2.335141803610354394e+00
2.262017524790464584e+00
2.300177555187324696e+00
2.213266212461953319e+00
1.857749698083484224e+00
1.845503404627335087e+00
1.819736353893653735e+00
2.132915482050442346e+00
2.059908753299665829e+00
2.410414481302012746e+00
2.275908919705974753e+00
2.079498954341534311e+00
2.155093337456392089e+00
2.330647180718016909e+00
2.394971577861937373e+00
1.913511933615659188e+00
1.728199242381346812e+00
1.632804303094448350e+00
1.482051400347121684e+00
1.509279093850216524e+00
1.425034641084351961e+00
1.604862476276888161e+00
1.518325708099550031e+00
2.107962178778828743e+00
1.787203107288024784e+00
1.800247250545155886e+00
1.884857406643560385e+00
2.079944823175604807e+00
1.664801814396408508e+00
1.324251926676508040e+00
1.299458618788182473e+00
1.036062118244049479e+00
1.466800883480395390e+00
1.306745712805792436e+00
1.583575856838754792e+00
1.654497442261493978e+00
1.707417091170260637e+00
2.269138954673422415e+00
1.912044969968363040e+00
2.391315656943370893e+00
2.381785641761544170e+00
1.921193805245330344e+00
1.625999891483995263e+00
1.555060341276523150e+00
1.354047055330924954e+00
1.583292354675820190e+00
1.899822391584136128e+00
2.232604707993778526e+00
1.423580280021952804e+00
1.339209619953385166e+00
1.479893721195137957e+00
1.446389477097050458e+00
1.340621232528667717e+00
1.394522992565017105e+00
1.105046778721606282e+00
1.403149441511159168e+00
1.420720321790813090e+00
1.095428364649512654e+00
1.440236441381909982e+00
1.243517707056572386e+00
1.407407448220701074e+00
1.396763077794275443e+00
1.320035774806708417e+00
1.397138736578357854e+00
1.526074001926446044e+00
1.337111011136232541e+00
1.508880455627843675e+00
1.662081088382307392e+00
1.606503453734001496e+00
1.329706714865685369e+00
1.534954822344554159e+00
1.558386654073132815e+00
1.466737997829591356e+00
1.549089347260213856e+00
2.251979353555020769e+00
2.272466855702964583e+00
2.116729489226536032e+00
1.999225988465795911e+00
2.009958048596489188e+00
1.574789315690580116e+00
2.050451705387649426e+00
1.738134562576846065e+00
2.020328276436991199e+00
2.290304412163602255e+00
2.482669879368717414e+00
2.154137239195368814e+00
2.045659229249645161e+00
1.929375488671584371e+00
1.426320842097935637e+00
1.222772404017462788e+00
1.463788942625061651e+00
1.425632688308138052e+00
1.354194175777127418e+00
1.304769329842590864e+00
1.336864660352355516e+00
1.259094721521355709e+00
1.486649502649868948e+00
1.662170339629161164e+00
1.664396303737336158e+00
1.661187748240130935e+00
1.517413094483744729e+00
1.684846214352541782e+00
1.948463721184550579e+00
1.534338511467689736e+00
1.029142674966543103e+00
1.205907713447072371e+00
1.291843553629031582e+00
1.068527862860015443e+00
1.362826827593454304e+00
1.473458490647756136e+00
1.654397256390683912e+00
1.621808119706866780e+00
1.287488176940220885e+00
1.771116599772638800e+00
1.373047465540365719e+00
1.810713830360467291e+00
1.744716804355922690e+00
2.109388513866312653e+00
1.490683317977096856e+00
1.232719708280586746e+00
1.671504695352663106e+00
1.097316056625788461e+00
1.253511622638749046e+00
1.359849111821943568e+00
1.980297007641839135e+00
1.938654637163986116e+00
1.558929521333388024e+00
1.551495179240494071e+00
1.697611460102433689e+00
1.516534517833695972e+00
1.406631430438524788e+00
1.840183440786449909e+00
2.045335038264234573e+00
1.926650702844215246e+00
2.186287970144362713e+00
1.751556355335724291e+00
1.817157367880547714e+00
1.905897038188473447e+00
2.331839607111704904e+00
2.178844006546972523e+00
2.027034272732798126e+00
1.766433144484990780e+00
1.546706619728464904e+00
1.511800903929998885e+00
1.384960164209714462e+00
1.465343449175648960e+00
1.460954209220853395e+00
1.698599901900711195e+00
1.800164899644197680e+00
1.660595261424522961e+00
1.972491706230740327e+00
1.859946468984005952e+00
1.848535201255226301e+00
1.835941256000513278e+00
1.718698246651979122e+00
1.672986251520313550e+00
2.070382490152324451e+00
1.669541506810741538e+00
1.527138304947942560e+00
1.535756746589892252e+00
1.753158559722310716e+00
1.498946934271638831e+00
1.852712781354951321e+00
1.716144370429815602e+00
1.863889694344089465e+00
1.688655073872669554e+00
1.686863784542427247e+00
1.897163998449945099e+00
1.484451862580246972e+00
1.490732729382299171e+00
1.388369839200990219e+00
1.696951807823874336e+00
1.522727959193420411e+00
1.588031595564827203e+00
1.766678194629722531e+00
1.680126216520160032e+00
1.398863961354980923e+00
1.580656783209891225e+00
1.764921893251554907e+00
1.941784844338651617e+00
1.957631758211952233e+00
1.416501408732068867e+00
1.346308943955223603e+00
1.210149500937396816e+00
1.127643120729904691e+00
1.254883242092797557e+00
1.398451112762038484e+00
1.219252458110594795e+00
1.337606555140564923e+00
1.332492432050801590e+00
1.215300790235624540e+00
1.323613464865305733e+00
1.445429790060229536e+00
1.777269807650798228e+00
1.780304265725639823e+00
1.711876231636067835e+00
1.457568285341945824e+00
1.289562477500643567e+00
1.075127596538767438e+00
1.304666922361756853e+00
1.232690318854722022e+00
1.181917873272368302e+00
1.124222332270758073e+00
1.415995536746070371e+00
1.725961014148022166e+00
1.762209313785542797e+00
1.454364371818567925e+00
1.366688154891430251e+00
1.238957971634571997e+00
1.672459737131761770e+00
1.406269441497257411e+00
1.556159428793330468e+00
1.359335076613003013e+00
1.472201652721840670e+00
1.718435457644277964e+00
1.581728166015062165e+00
1.541912063680742406e+00
1.957867653484407500e+00
1.720178098235416675e+00
1.693091441186748813e+00
2.159021711610130456e+00
1.836202181461309424e+00
1.783032178010966362e+00
2.060246747984205484e+00
1.967856924937024132e+00
1.785224972607352800e+00
1.735952088420614992e+00
1.843883227051759555e+00
1.830022858727442969e+00
1.614115132783014550e+00
1.711869708753599895e+00
1.972487235416029439e+00
1.853646304685689250e+00
1.793539233846171088e+00
1.506366274060394694e+00
1.267434175902163673e+00
1.413665265804822990e+00
1.577230033085436744e+00
1.940416460695596701e+00
2.387519318562727921e+00
1.997468835521891029e+00
1.932496221098318090e+00
2.082777965820513888e+00
1.830550170392167608e+00
1.918439131210759374e+00
1.326955376317163759e+00
1.972438465020910803e+00
1.858934089601156137e+00
1.665886407773147226e+00
1.694446085817527647e+00
1.578323626718828976e+00
1.591304096786025690e+00
1.332334117188427314e+00
1.620158387713139803e+00
1.600518607667567927e+00
1.747314267281830702e+00
1.608377877301200742e+00
1.970731489615033638e+00
1.758729180729683650e+00
1.702597082185899113e+00
1.900867033912507331e+00
1.632868682090002466e+00
1.232350447298432350e+00
1.546374733253393030e+00
1.411797791150705583e+00
2.018599635254041402e+00
1.803153924047476542e+00
1.417441560231748277e+00
1.359108795952757021e+00
1.467203536476471282e+00
1.580512086502933844e+00
1.531846537180605150e+00
1.674943185881106800e+00
1.692935229680482712e+00
1.607189495442805427e+00
1.572060431214056253e+00
1.399975585710377279e+00
1.364453142384120854e+00
1.407507835486445869e+00
1.589757965262627248e+00
1.185911205980127781e+00
1.289264453647996467e+00
1.321362559160103034e+00
1.197654381559280612e+00
1.192096549357515967e+00
1.055851891280294996e+00
1.148548595500950009e+00
1.026333643529974360e+00
1.157464030903430752e+00
1.153317735390929188e+00
1.224334215664527603e+00
1.450421540461987568e+00
1.646998003444474223e+00
1.401013189910597090e+00
1.596122110942051142e+00
1.202926799651685030e+00
1.133990616806269003e+00
1.337702472883234295e+00
1.311012309901232742e+00
1.299389798513512773e+00
1.206065537765049100e+00
1.071742176700830829e+00
1.242487208649344588e+00
1.409136199576318971e+00
1.245955713836131018e+00
1.389882235088616635e+00
1.498910368305759633e+00
1.271305274802619456e+00
1.570656180038524585e+00
1.886534612601749261e+00
2.165693374539632288e+00
1.754036788924409951e+00
1.798304298627910303e+00
1.632490025573525960e+00
1.361357015258254588e+00
1.102241004881498565e+00
1.259907068882834658e+00
1.345593543848973006e+00
1.400299061461000250e+00
1.351041669871953177e+00
1.529806417774660865e+00
1.195267955754598876e+00
1.229098693996506952e+00
1.248891491225239792e+00
1.050644313245961525e+00
1.361747656551531627e+00
1.255391249138793519e+00
1.209445994214444875e+00
1.201230050445696085e+00
1.612833524011310971e+00
1.613546826375650944e+00
1.824211716788871174e+00
1.414623028462871801e+00
1.889274628182010307e+00
1.969061557464709455e+00
1.856315606278793995e+00
2.049027738364726403e+00
2.210807458023745120e+00
1.391123293655113002e+00
1.479642589935098895e+00
1.713738236965021589e+00
1.951531159836592311e+00
1.897068188691155122e+00
2.088070658335547947e+00
1.955040008560178677e+00
1.668347107989527789e+00
1.547438260973884150e+00
1.526287456373412343e+00
1.689436367877521938e+00
1.470421637497117517e+00
1.479853328867108742e+00
1.944657267012544599e+00
1.541075470962765870e+00
1.629104566213225969e+00
1.487743607736985441e+00
1.555551360068638811e+00
1.533938332230737611e+00
1.129452097832490454e+00
1.122156296659828856e+00
1.304140915390924027e+00
1.325878575489328748e+00
1.324454123187379206e+00
1.445245674347066966e+00
1.730542280329655291e+00
1.708256657636696874e+00
1.544232636679743642e+00
1.704644168925676828e+00
1.462740286499879305e+00
1.134808543752007237e+00
1.183271062541225715e+00
1.512821167135940614e+00
1.433729734144575385e+00
1.627186231025900653e+00
1.605272199318832804e+00
1.388260449399849827e+00
1.825447359012247750e+00
1.507322678654166692e+00
1.384109073252374200e+00
1.270799794055652798e+00
1.049288871132393552e+00
9.006637210399537352e-01
1.124503701889032481e+00
1.247592318318631932e+00
1.198967430649449550e+00
1.196062945757075280e+00
1.556064319572762811e+00
1.755194752386063373e+00
1.780809738144251586e+00
1.889804893803945340e+00
1.824383627365965488e+00
1.798865358554371241e+00
2.179589360377458984e+00
2.188631776307853993e+00
2.086005461990675602e+00
2.037141128927474121e+00
2.208014472744092238e+00
2.436278556349865010e+00
2.445562628997590693e+00
2.022289660895127295e+00
2.042832013016694148e+00
1.991809123628929257e+00
1.743748757054782050e+00
1.465549968619214383e+00
1.199980763664750594e+00
1.410479031842650777e+00
1.500552748403406911e+00
1.292199103729538834e+00
1.233135363482787961e+00
1.448529373770270912e+00
1.276764687932489650e+00
1.530431522771100727e+00
1.993307365087907401e+00
1.792383170107002321e+00
1.531259230920903214e+00
1.715676569445964805e+00
1.779002094071773232e+00
2.165473615525878692e+00
2.442902747810071773e+00
1.896186152655642276e+00
1.750674288047726623e+00
2.043603347462043640e+00
1.813169825367645593e+00
2.001913036706116422e+00
1.867551854419461366e+00
1.990456490344025831e+00
1.896652365681874564e+00
1.727444360670205015e+00
1.768730650205576627e+00
1.525696394577414239e+00
1.732856001044756233e+00
1.805597815275826079e+00
1.391968946819635677e+00
1.106578200439751303e+00
1.458710263498030901e+00
1.330441377768019073e+00
1.061772157665408445e+00
1.502133263414870301e+00
1.343221640199276701e+00
1.202051282843797031e+00
1.548037331103605752e+00
1.642363336542931540e+00
1.610693800600523806e+00
1.315554684137098640e+00
1.159850895690495376e+00
1.448161701347955077e+00
1.380055916825851048e+00
1.345240469390050597e+00
1.459311036304279829e+00
1.293408394912368031e+00
1.375812556882710425e+00
1.578085197901792469e+00
1.380112486720020293e+00
1.584387037131729015e+00
1.458090209792328951e+00
1.359269042468604471e+00
1.188032048590924594e+00
1.444722658051865727e+00
1.455347760867363949e+00
1.385312414278988102e+00
1.725140286553966895e+00
1.434977957435496609e+00
1.259913991766584251e+00
1.111059039070542598e+00
1.465037027520737611e+00
1.304284380406841803e+00
1.844742327550412675e+00
1.875698172653416762e+00
1.713109843828251933e+00
2.075392557503591195e+00
1.987844123773975902e+00
2.097286030566887671e+00
1.918054092613725947e+00
1.766081581113543741e+00
1.697811870010430102e+00
1.471924090274372876e+00
1.651865173382855323e+00
1.647377258438249115e+00
1.371161076501552722e+00
1.468799422274441158e+00
1.305150518717922203e+00
1.466022315103791884e+00
1.186462293027993331e+00
1.413192362224809706e+00
1.448000190015595656e+00
2.035627837034453158e+00
1.963275220573125202e+00
1.700072594178693386e+00
1.303018172445348677e+00
1.093898543567051851e+00
1.079344236977930915e+00
1.150660484617805235e+00
1.449904602044917112e+00
1.730088001647724472e+00
1.702158188941344408e+00
1.867570350829350634e+00
1.717670572260364681e+00
1.499977450006239721e+00
1.503727411602694630e+00
1.322034014133483204e+00
1.369621296425602486e+00
1.221094556187316327e+00
1.637486296396385432e+00
1.413942390516274461e+00
1.432935860384652926e+00
1.418394360958836309e+00
1.336101231867875549e+00
1.482689056570703379e+00
1.943693127789154929e+00
1.885647940494602715e+00
1.807217058777372820e+00
2.026111776191807490e+00
1.715888903873472149e+00
1.796577251476571213e+00
1.845139645244462390e+00
1.717670265691614517e+00
1.642674243469147699e+00
1.649738053575887653e+00
1.935788776408231548e+00
2.171362861312258641e+00
1.465782260369576484e+00
1.725877023851019487e+00
1.825226607020701497e+00
1.704695540225210637e+00
2.050596305319935198e+00
2.063278224897191482e+00
1.952898397628765936e+00
1.977902138994676706e+00
1.770158967710236286e+00
2.115436643654917681e+00
1.766109283495386650e+00
1.685596617018776389e+00
1.510005605245198002e+00
1.878163172969710137e+00
1.803518962399720982e+00
1.796169390568291835e+00
1.513603594342844749e+00
1.016236202366598951e+00
1.234276066979890896e+00
1.357504670777208933e+00
1.390847850504281169e+00
1.374694139213860300e+00
1.738793998826970055e+00
1.265862747961367774e+00
1.393661392874136373e+00
1.312592640595791726e+00
1.342913378389392953e+00
1.443430828246704323e+00
1.522465124898734867e+00
1.632011137823304425e+00
1.907108825747011682e+00
1.988249428493017890e+00
1.723396195349109039e+00
1.549297492148235644e+00
1.727630752049012841e+00
1.883279127089359406e+00
1.920667959148829373e+00
2.120292675649595893e+00
1.951422543508006591e+00
1.964731586533642771e+00
2.392171040348296085e+00
2.722399143401870614e+00
1.865410244333229217e+00
1.528280435077973065e+00
1.515773142142120555e+00
1.424075174930716114e+00
1.746228320026968595e+00
2.142786186388323966e+00
2.532531382881369364e+00
2.160502540368570923e+00
2.236699491150243801e+00
1.636623288726460679e+00
1.320596734165632169e+00
1.453055604631721121e+00
1.481617884283024544e+00
1.528379238211124314e+00
1.969600404615084788e+00
1.968177522609064756e+00
1.801276568827079094e+00
1.488201293573634398e+00
1.700966611568339282e+00
1.921291024226635002e+00
1.976100863616378378e+00
1.925271465682909300e+00
1.904077434499574339e+00
1.791844922079475211e+00
1.930441225534968996e+00
2.206061788917052180e+00
1.586735247662772519e+00
1.450076444299811307e+00
1.667824427799338594e+00
2.000142305711402280e+00
1.882499826581861546e+00
1.880260178755639444e+00
1.687391247019983886e+00
2.201070930872887743e+00
1.916556096070065385e+00
1.624502755205505355e+00
1.775670081194916428e+00
2.035375062595592865e+00
1.683420434694978596e+00
1.623320901706883923e+00
1.220853241991545435e+00
1.318367311595826763e+00
1.158841523920731698e+00
1.535900671462328004e+00
1.423597651626164362e+00
1.557294782392711463e+00
1.510119161086262318e+00
1.593575916684295990e+00
2.028945099983201050e+00
2.057390194540222428e+00
1.913392549708704315e+00
1.697513775201651587e+00
1.412306126959777863e+00
1.329948377149563710e+00
1.733372199437467120e+00
1.549122193287743032e+00
1.663265287953816340e+00
1.529675953331187666e+00
1.803498231700692234e+00
1.842997420952677379e+00
1.279302128813603723e+00
1.351528841156832916e+00
1.255258082229405048e+00
1.281635468055643656e+00
1.178247287965997536e+00
1.099142853435606249e+00
1.051265654648068537e+00
1.290092888076409539e+00
1.653833573360378173e+00
1.461336260587090541e+00
1.906147750610391656e+00
1.668099602782788793e+00
2.102572935174689128e+00
1.697479795206241482e+00
1.539440316147926646e+00
2.210385980613053025e+00
2.450004703019592611e+00
1.863714862022072927e+00
1.704502650145276910e+00
1.506222433219447154e+00
1.143127050557562141e+00
1.311209925149544153e+00
1.250042463301563878e+00
1.319390813938281504e+00
1.610163198520718542e+00
1.424910024680579701e+00
1.409748241950135039e+00
1.344202289382646409e+00
1.532909656053579983e+00
1.329484225189839997e+00
1.460748711394226795e+00
1.126973637058411581e+00
1.170615270195032753e+00
1.271651558609465660e+00
9.814766175391090863e-01
1.126557287334932100e+00
1.175632918731051912e+00
1.019655576913554462e+00
1.106647516679658549e+00
1.436750741624886807e+00
1.364839528944107094e+00
1.543210341063853797e+00
1.671361074302574412e+00
1.819077647674232967e+00
1.745288988680932851e+00
1.657924373162099174e+00
1.956236363925579758e+00
2.120283493912297423e+00
2.223501148287049034e+00
2.129432988381284364e+00
1.767091117857305882e+00
1.987052647262577132e+00
1.817418390908716930e+00
1.833355531810918926e+00
1.688057586337688765e+00
1.897555989777249597e+00
1.796900607844159170e+00
1.595273887964752557e+00
1.390897774648992780e+00
1.890757820137007217e+00
1.765771817937239252e+00
1.404252214523300735e+00
1.638351281275066018e+00
1.426419957770332703e+00
1.338761127018705199e+00
1.598863722035354096e+00
1.681631768064458798e+00
1.706076720384757550e+00
1.401888483726833945e+00
1.598964427544432576e+00
1.409872730206215952e+00
1.321344627938178418e+00
1.185446117982325243e+00
1.125611851083048176e+00
1.509654679024523771e+00
1.450947895144809152e+00
1.497926164105380487e+00
1.243840179626168885e+00
1.292439535977403242e+00
1.517103611704065491e+00
1.184661292449470604e+00
1.354646597139197439e+00
1.670489289959584900e+00
1.541739362981980443e+00
1.498853424420074631e+00
1.592488941429458293e+00
1.563732076210985200e+00
1.826002445390089823e+00
1.596612251017285544e+00
1.768866123288586722e+00
1.936366010043344632e+00
1.748247717321093520e+00
2.001500312959450412e+00
1.704811747031644176e+00
1.444020586310922560e+00
1.290489040623016503e+00
1.443990867768558672e+00
1.534439062432733092e+00
1.973069763804315535e+00
2.040503958689073638e+00
1.793619220715612972e+00
1.689655586774044371e+00
1.732900682667838588e+00
1.654357677599142651e+00
1.844108510629993036e+00
1.955967127278877671e+00
1.978143526039830569e+00
1.786635344491118049e+00
2.098047918836785097e+00
2.015338195599904569e+00
1.606445665530758404e+00
2.040583318127735080e+00
1.908860627493450757e+00
2.157515761514166019e+00
2.049573623129810063e+00
2.147112540209793252e+00
2.028814604483045958e+00
2.204420676860075812e+00
2.130814380052963308e+00
1.990306404148098895e+00
1.463690486911403354e+00
1.330106067746761322e+00
1.320874038539441964e+00
1.402525352560360261e+00
1.137243801307711522e+00
1.239375983986086727e+00
1.560118969151222501e+00
1.439666483057236102e+00
1.822325195594637792e+00
1.610924294198933016e+00
1.318880893297544432e+00
1.478293149158387720e+00
1.323821053336038611e+00
1.610321484009801019e+00
1.772727764342382217e+00
1.674518392166064462e+00
1.502791306701709573e+00
1.630522733800321422e+00
1.706814480587047989e+00
1.950535328528464563e+00
1.806459216595946549e+00
2.053615322934852827e+00
2.391229541888268528e+00
2.073755978717945592e+00
2.181105563224901456e+00
1.684483892425825635e+00
1.678109958179415884e+00
1.760073388304614017e+00
1.865338208377205875e+00
1.611660556333601946e+00
1.636000336231525853e+00
1.612827456618905586e+00
1.706726290016420622e+00
1.649249512412260588e+00
1.437671939155856560e+00
1.873000729714668466e+00
1.418133481581237199e+00
1.143143145726505328e+00
1.167715638225666375e+00
1.359437729401829831e+00
1.398673358097628494e+00
1.273922528108615948e+00
1.502127473614292441e+00
1.222809050138329745e+00
1.382147542861232647e+00
1.225134574888355310e+00
1.133735288369438043e+00
1.059500922718541016e+00
9.910768353830022859e-01
1.390591070362070303e+00
1.398586444451206390e+00
1.819482682379590432e+00
1.698470404342057982e+00
1.924448590330406494e+00
1.426876360303124036e+00
1.170852543715930727e+00
1.762532373837797373e+00
1.720796974213298913e+00
1.728016956087651268e+00
1.888600717101757587e+00
1.685478432317032205e+00
1.583922167975350126e+00
1.313119022147003934e+00
1.343295983320721199e+00
1.236431213706092214e+00
1.273507566532945834e+00
1.257559682826005165e+00
1.639004312455979662e+00
1.735603298788333193e+00
1.206751622456152084e+00
1.079361103609580708e+00
1.209289760139993675e+00
1.121354115218275771e+00
1.485086945323477181e+00
1.192093986315041043e+00
1.291264927499922610e+00
1.493781210947217053e+00
1.578455760260759844e+00
1.068804575583133465e+00
1.318980554488153656e+00
1.519574334211778677e+00
1.222616495960969552e+00
1.472562122768155568e+00
1.416661790276448674e+00
1.409184310907345195e+00
1.457764964673622821e+00
1.704186995750887945e+00
1.672925210535026075e+00
1.605532966545081486e+00
1.621860433307469096e+00
1.325828171211242523e+00
1.430599291404292650e+00
1.337269568977826451e+00
1.451231117594475206e+00
1.429417649746086427e+00
1.138498824939417897e+00
1.126112208269567594e+00
9.933416111092854273e-01
1.366664678886197137e+00
1.385973893902376908e+00
1.341002690803596131e+00
1.530449565770303666e+00
1.550314923867844863e+00
1.631629730737567119e+00
1.297811667480810005e+00
1.346292496597461863e+00
1.888037731283674692e+00
1.889750968461298530e+00
1.850083392569232377e+00
2.100820309952021958e+00
1.879725373140050060e+00
1.832010023356453132e+00
2.264592660359376008e+00
1.940745608311866821e+00
2.010835426200243692e+00
2.014655556849902496e+00
1.784430915154795017e+00
1.992685868134308480e+00
1.824629247368347862e+00
1.557627245906122004e+00
1.496441158552900053e+00
2.108340910822275927e+00
1.948858339239924575e+00
2.084992039373602335e+00
1.899728329376646485e+00
1.990750312291915680e+00
1.979380647792168935e+00
1.783795948291367228e+00
1.705846028278666937e+00
1.928603597742766018e+00
1.735705112884059265e+00
1.732285054612532127e+00
1.718491529748605418e+00
1.504474190900296771e+00
1.820277281301958539e+00
1.615207675331852277e+00
1.355633431922056653e+00
1.570846318038908951e+00
1.696719347454630045e+00
1.528082560014333735e+00
1.485122735024863028e+00
1.629666262420035538e+00
1.747636636146524980e+00
1.886431013750758723e+00
1.351427665570061443e+00
1.637408262863801811e+00
1.493530498740313295e+00
1.618851401489870057e+00
1.457477187293040544e+00
1.611173049403329394e+00
1.889212054029678400e+00
1.367332339921523365e+00
1.579046466519998582e+00
1.436115006188534826e+00
1.729971373373193622e+00
1.424496333933278791e+00
1.525754970145334344e+00
1.721468493886933793e+00
1.446261932988938348e+00
1.215208863159752184e+00
1.350004263251567638e+00
1.291536022876148770e+00
1.432801787969882223e+00
1.381942229592553639e+00
1.036977299092551652e+00
1.393929717908864774e+00
1.421590742244835281e+00
1.692695389731405431e+00
1.976435657425791748e+00
1.832813445880917547e+00
1.692618625417135592e+00
1.801832792578900611e+00
1.354878401207314287e+00
1.591468169613110106e+00
1.619087478096490118e+00
1.354388183414541258e+00
1.499407936774769246e+00
1.958553428725096524e+00
1.681039278815486426e+00
1.672150092156588164e+00
1.530720945655031251e+00
1.376814985780601797e+00
1.540242272873315832e+00
1.218353617780062015e+00
1.222968794865141318e+00
1.338156228699415751e+00
1.469464606860475753e+00
2.043981735604597283e+00
2.237840241690284948e+00
2.019538191596095711e+00
1.929369055484094320e+00
2.040435242448130904e+00
1.756780944516462384e+00
2.107820652243684645e+00
2.107947298112157863e+00
1.988965606812897580e+00
1.833032032511925813e+00
1.587316015767396671e+00
1.415757551528059821e+00
1.304984692734057594e+00
1.072942942453547488e+00
1.293636789716770430e+00
1.312715312766801867e+00
1.480607838277610888e+00
1.336893446234863614e+00
1.754183889564413734e+00
1.795363921627397774e+00
1.785495216080068559e+00
1.600009232007880478e+00
1.860264739999653916e+00
1.960898018038788937e+00
2.090901361871569275e+00
1.775490589701816724e+00
1.846548988274233416e+00
1.627639393904450005e+00
2.017879058973608419e+00
1.998697192944450807e+00
1.628892930929847438e+00
1.425434631855999612e+00
1.367425414323026889e+00
1.642256768611244810e+00
1.357900356396720909e+00
1.321111574809224365e+00
1.397562662381633070e+00
1.114596884167057045e+00
1.371790279728654305e+00
1.412219024946667290e+00
1.580906232713365167e+00
1.805368259913174400e+00
1.864878194634970177e+00
1.764533620285536619e+00
1.875292550596579177e+00
1.549143835534794178e+00
1.593298255649793660e+00
1.297710193535250411e+00
1.713590591830955523e+00
1.998615008786394531e+00
2.048412059667851448e+00
1.962367968388209594e+00
1.621574077814036619e+00
1.355131266707606752e+00
1.132782561344487737e+00
1.173104621690831406e+00
1.297084849117872807e+00
1.707040223699636927e+00
1.466383626787162164e+00
1.345540390857708601e+00
1.399831655649426354e+00
1.548382863609933269e+00
1.686849427592519213e+00
1.758547049976216359e+00
1.585902319343315048e+00
1.654493548596212449e+00
1.654152732458365138e+00
1.779354141340396156e+00
1.644455590921311217e+00
1.977462236761232006e+00
1.800144029906030285e+00
1.648777219768664315e+00
1.499822669608281478e+00
1.523528221206338573e+00
1.697808645899732571e+00
1.852194383891684115e+00
1.350572280644187551e+00
1.548000142382713440e+00
1.652737301402364523e+00
1.932460943753693927e+00
1.870769051823311546e+00
1.826909049294119569e+00
1.703959429188763197e+00
1.920267811898212829e+00
1.426598698576479363e+00
1.705646390988558414e+00
2.256660581846048341e+00
2.058182874884281865e+00
1.670333367987711704e+00
1.405594778191003424e+00
1.294632859300762551e+00
1.433522918406814783e+00
1.960031670461198861e+00
1.517068857701054929e+00
1.513282643828657958e+00
1.508754256913772851e+00
1.761249865271398152e+00
1.720987852217970460e+00
1.823477049414224727e+00
2.226860272202606517e+00
1.763431681946195262e+00
1.720199149737197120e+00
2.344326957114478027e+00
2.084138496772446558e+00
1.951207587360271889e+00
1.793349787523083272e+00
1.968475034752634301e+00
1.842556600706690251e+00
2.129741167985387928e+00
2.438640457870528522e+00
1.979093767189277209e+00
1.738673535632202949e+00
2.013238685125204430e+00
2.186248299574837795e+00
2.289089171913850418e+00
1.925178298901301988e+00
2.146571302120610536e+00
1.798791737427626991e+00
1.621305424062584155e+00
1.685843156515378416e+00
1.894959487145571941e+00
1.718601148373774201e+00
1.565697915562340059e+00
1.507213321099912129e+00
1.587301954181003616e+00
1.819850379568363596e+00
1.692600630106809279e+00
1.727520998021030429e+00
1.633655851974575413e+00
1.630540872750842141e+00
1.382206109959273954e+00
1.228169698252443709e+00
1.153208143696114130e+00
1.032950103795488683e+00
1.290199222993124506e+00
1.393139800949380724e+00
1.209619365774488919e+00
1.238384792225724729e+00
1.354277033415522524e+00
1.308175155965867198e+00
1.604219354256451346e+00
1.738251609358360206e+00
2.150246047823015871e+00
1.683792237460028263e+00
1.725625781075049492e+00
1.620576881182630435e+00
1.316172431793322772e+00
1.650714407616634460e+00
1.505694673921678550e+00
1.230489494702987852e+00
1.513110020422970159e+00
1.539622881914977093e+00
1.396670242261290440e+00
1.322867608370088544e+00
1.123894939772900781e+00
1.341451408591078476e+00
1.391778158664144893e+00
1.963449789177076354e+00
1.622331547844589217e+00
1.628833642285151928e+00
1.683435939314079199e+00
1.411998334440001557e+00
1.121127097190754540e+00
1.154680661022646104e+00
1.528551242700256330e+00
1.541973508043991803e+00
1.417990588013648079e+00
1.278176914448197365e+00
1.276582157922309335e+00
1.302672125129514802e+00
1.517825217575356822e+00
1.577363079529599199e+00
2.189890502530066119e+00
2.421915070070360887e+00
2.262397796765760027e+00
1.879544363331667967e+00
1.774423466937234295e+00
2.023094155297234131e+00
2.057370662728143174e+00
1.540340947558997975e+00
1.255246680642577939e+00
1.453210374144896289e+00
1.439301851097486873e+00
1.600412031434763183e+00
2.064176207774969019e+00
1.937837645911755446e+00
1.923075990787790790e+00
1.982310412226416352e+00
2.038144412324887522e+00
2.160718731252685210e+00
1.799461930879015625e+00
1.559750333952332424e+00
1.560709623839663607e+00
1.772836463695009801e+00
1.341671983898979681e+00
1.445593200779872189e+00
1.500855310716194602e+00
1.119964189237035779e+00
1.570211202383576365e+00
1.674891658791201499e+00
1.764111207131387360e+00
1.906865506328422555e+00
1.876351420676331205e+00
1.924356289664150399e+00
1.586806700830021066e+00
1.641824102551032283e+00
1.662697159932233548e+00
1.618769452195044201e+00
1.559016940037882160e+00
1.323000637124245760e+00
1.780429128964784002e+00
1.684792559938042888e+00
2.006036279458333738e+00
1.535807211727648447e+00
1.610272553900530035e+00
1.539736136322892968e+00
1.490038139726607369e+00
1.749482438298726183e+00
1.609160955244511193e+00
1.739319901767070409e+00
1.825442434183525142e+00
1.906384236184550662e+00
1.638552766614359335e+00
1.330979847811099459e+00
1.507885188798974596e+00
1.306577029204951224e+00
1.426496134252493553e+00
1.493215529017902554e+00
1.318044889748188897e+00
1.459512916554019490e+00
1.329731736701120326e+00
1.378728971873372622e+00
1.684465472941621744e+00
1.726713518576656003e+00
1.546435301731718504e+00
1.301377762363176371e+00
1.515598839270996034e+00
1.520956737137917569e+00
1.916583192189372786e+00
1.791327766026585611e+00
1.820455920087588497e+00
1.763295458577322394e+00
1.579327497517288847e+00
1.320513756540699912e+00
1.848743160509686678e+00
1.952632884834047067e+00
1.904404662352658706e+00
2.035569006984581542e+00
2.191890784712410500e+00
1.860858320334048521e+00
2.015199202856578609e+00
1.417625836383976212e+00
1.506962108991736882e+00
1.994356757662106183e+00
2.189841128236262424e+00
1.984994397588373261e+00
1.975459382949604992e+00
1.849532258203926194e+00
1.821585011098789897e+00
2.153973286625383121e+00
1.990006472589463504e+00
2.035507352531752634e+00
1.774482879543078928e+00
1.380157621558483649e+00
1.525703885362291068e+00
1.380630316068727659e+00
1.274033778210215573e+00
1.124185261624458088e+00
1.044965991720529841e+00
1.157399169829172569e+00
1.042738453496084627e+00
1.172118014555609156e+00
1.254470772167222137e+00
1.426237508673508403e+00
1.601143169037733349e+00
1.998900872618551094e+00
2.302960264104389587e+00
2.187453830931555210e+00
1.928069556632263648e+00
1.815698075451388283e+00
2.059286665430970498e+00
1.919788080094565474e+00
1.985326723037087682e+00
1.959166033524611938e+00
1.763707300656454313e+00
2.425844502294857374e+00
2.254240144542934754e+00
1.838527507108260073e+00
1.691870931141365553e+00
2.089514680557305493e+00
2.563145121815954219e+00
2.382835620663879883e+00
1.406148071779876219e+00
1.606013434870602552e+00
1.885658515511880573e+00
1.967837387089131029e+00
2.244052104351462962e+00
1.700725509999539531e+00
1.884406802715458795e+00
2.118594766091524306e+00
1.722904957344191024e+00
1.899136036882071554e+00
1.624988279384933065e+00
1.734466785293602875e+00
1.974215684314768682e+00
1.899569552452604171e+00
1.935882571013504361e+00
2.025606954526413706e+00
2.262980631997954628e+00
2.026951464286689042e+00
2.049459553366231201e+00
1.710167361749856285e+00
1.645322200953119651e+00
1.820046125574249718e+00
1.717837465996839175e+00
2.000288007671214618e+00
2.080191752543816275e+00
2.021276849342974025e+00
1.354705328472550319e+00
1.726747356696445967e+00
1.672690832038064901e+00
1.655174637855801878e+00
1.657639928542029129e+00
1.276985310328689893e+00
1.329888500656654315e+00
1.132816306021294350e+00
1.100715469679927949e+00
1.400307267615297224e+00
1.474465531364036686e+00
1.695662285783162915e+00
2.063438931449474545e+00
1.971057273759792672e+00
1.468496897362573161e+00
1.440571952889024621e+00
1.099991834451906625e+00
1.275008397043351227e+00
1.498238277736321455e+00
1.367808081215223792e+00
1.609511143941743327e+00
1.430757752405209304e+00
1.457310928465289646e+00
1.227835195612738239e+00
1.359234362389226902e+00
1.708823654505125633e+00
1.602702090323961714e+00
1.757565127732256816e+00
1.693015621082530231e+00
1.621053137807290545e+00
1.775860992758366397e+00
1.677383572885330798e+00
1.429698796130449701e+00
1.724063919001467049e+00
1.652854340197480898e+00
1.713924239713323194e+00
1.815795263168082929e+00
1.585000071063956462e+00
1.578385431037449216e+00
2.048526531584624610e+00
2.088958987889596219e+00
1.752455703229333084e+00
1.973709431611490928e+00
1.418694758794321720e+00
1.419963234825780685e+00
1.848720968603891457e+00
2.184043481122516450e+00
2.302929539098839129e+00
2.064297847989961188e+00
2.082783113638070116e+00
2.409972746709168945e+00
1.881770383802711777e+00
2.099258835738683437e+00
2.322880131185699248e+00
2.148642210636155792e+00
1.933372301040178431e+00
1.788123325804108266e+00
1.867263586827303756e+00
1.935968334380776090e+00
1.959115853810997621e+00
1.644806453964778870e+00
1.264762616423964925e+00
1.323777377564548940e+00
1.236773844482595308e+00
1.336025038557384192e+00
1.392293442997042607e+00
1.377085471914927250e+00
1.439696630394271537e+00
1.502638634342656543e+00
1.291827263845115592e+00
1.638666652880237606e+00
1.813652324008888206e+00
1.678882673314555873e+00
2.522669500793455200e+00
2.111367531387619678e+00
2.050581093917105857e+00
1.769786514042722692e+00
2.258918404968123017e+00
2.042361178848743020e+00
2.205120078633191039e+00
1.980878776923837181e+00
1.948125294399009722e+00
1.600420475549563903e+00
1.701620229162346121e+00
1.691451333472713259e+00
2.228547876813297357e+00
1.603558239718995582e+00
1.808794647641568609e+00
1.424763832715497891e+00
1.526639561180580529e+00
1.351916626972039737e+00
1.626622151253434456e+00
1.371871085735419271e+00
1.276155551486635842e+00
1.137781494864784859e+00
1.606963948984287072e+00
1.487883547973565035e+00
1.542672538024079998e+00
1.801626852900075848e+00
1.749099931861085810e+00
1.709580549977780528e+00
1.949417082786076838e+00
1.922244207896130819e+00
1.607728630876698706e+00
1.189393906952939783e+00
1.138646837097085029e+00
1.181324997496360885e+00
1.110140859403128788e+00
1.186172576095545494e+00
1.197922907581246532e+00
1.187953208600969868e+00
1.584069273441311099e+00
1.664295577355306310e+00
1.544350458689744521e+00
1.240714029463303669e+00
1.102031451450182109e+00
1.351337310749050724e+00
1.299011816135801745e+00
1.342082589211764931e+00
1.337708472441820007e+00
1.380683400958574669e+00
1.244490106464571255e+00
1.245260853133977719e+00
1.490113694610752049e+00
1.700094966675235630e+00
1.811060054090305016e+00
1.984232776217240701e+00
2.116852276950020872e+00
2.431164878722752665e+00
2.457148591433442775e+00
1.978858057621679878e+00
1.738124577390326664e+00
1.654712753547634252e+00
1.735558839282598242e+00
1.860879425274604815e+00
1.742138405673789636e+00
1.727294554341699540e+00
1.941155423157333360e+00
1.565704943681533567e+00
1.986747774366319552e+00
1.785646025729653363e+00
2.040849628959889639e+00
1.523195640719898769e+00
1.585727352768714793e+00
1.803332943056063842e+00
1.626675686852368408e+00
1.878232088468679395e+00
1.870228218000297593e+00
2.287948306078475547e+00
2.137305893465322182e+00
2.085446170305396141e+00
2.052129162802854179e+00
1.775764698044680845e+00
1.555531761193392093e+00
1.707456383329542637e+00
1.859007840710836135e+00
1.868923181965490787e+00
1.654306141665266239e+00
1.490164547368924230e+00
1.351895181790927492e+00
1.299037224561741422e+00
1.392673791281368478e+00
1.549364742579576681e+00
1.675850906432369003e+00
1.384987363793223070e+00
1.418025739156673737e+00
1.442143962029454940e+00
1.772413744481002640e+00
1.455106398856420125e+00
1.446179957316792830e+00
1.542791433655868794e+00
1.488213219966623591e+00
1.602355928297245713e+00
1.151879808029581564e+00
1.698397912646678165e+00
1.647577372735965939e+00
1.335353135999556518e+00
1.147396381366895923e+00
1.515810407551570815e+00
1.612609225738912189e+00
1.604884619396539369e+00
1.842594943000828156e+00
1.846768409604364836e+00
1.507612571381709010e+00
1.525305666530662352e+00
9.956126149548473192e-01
1.047719346944119279e+00
1.305559605027360792e+00
1.021744456763115982e+00
1.150587375110834421e+00
1.262308740298331289e+00
1.536327487700899663e+00
1.415154081644333761e+00
1.427889715762906242e+00
1.419278126426195774e+00
1.322194908677206016e+00
1.664226217468536717e+00
2.341774864639466269e+00
2.020663137685759558e+00
2.194128800675323454e+00
2.196792915365216370e+00
1.996171567767486721e+00
1.824349041765102264e+00
1.847474055309741958e+00
1.964697214985598350e+00
2.160472192164931471e+00
2.243765343492053255e+00
2.243800745735669899e+00
2.040463319441085055e+00
1.644707033047155598e+00
1.978080567470847928e+00
2.163606780716422318e+00
2.020555230532904645e+00
1.895754930788643211e+00
2.105123829354731857e+00
1.630775770370555211e+00
1.385374315350207830e+00
1.524363791264927714e+00
1.381538930728969605e+00
1.091741969022691050e+00
1.166423985738858304e+00
1.177241467714086331e+00
1.418877522919552714e+00
1.517577466192807867e+00
1.759317712507005416e+00
1.681361625885550382e+00
1.537525670094375352e+00
1.712344845674925509e+00
1.529035613981469588e+00
1.663856123146051580e+00
1.729190244177178704e+00
1.756404388576026765e+00
1.532998497453753606e+00
1.605339994689992444e+00
1.605334090431382199e+00
1.518873075986621801e+00
1.691872600037862773e+00
1.719861422511518079e+00
1.358730043750512761e+00
1.345362890072281381e+00
1.499989947463814532e+00
1.220271244098031449e+00
1.487628103197923712e+00
1.485483958092542300e+00
1.572575307893639085e+00
1.412536382269481416e+00
1.232024734309646652e+00
1.456284069322459018e+00
1.149155695159226331e+00
1.356905918931771815e+00
1.323450893911895854e+00
1.248221673853825875e+00
1.041316360121357532e+00
1.313127861620432490e+00
1.208674651183305748e+00
1.346545871484911228e+00
1.586427684069135369e+00
1.317439707296086393e+00
1.263949802250450505e+00
1.335253749082922381e+00
1.576844784148740075e+00
1.958843309304457270e+00
1.825901895635871686e+00
1.620941317103411494e+00
1.589242026851704459e+00
1.588252104544345622e+00
1.530529821972022919e+00
9.821767969262831244e-01
1.172872197833289887e+00
1.673113126671861073e+00
2.030979227677498056e+00
1.519214030814008964e+00
1.925322385205942233e+00
1.459718448724877549e+00
1.467786203503840703e+00
1.589856961294888293e+00
1.318415330143855257e+00
1.408602321037886851e+00
1.404819543157322714e+00
1.954449093892960398e+00
1.806705090291480076e+00
1.893422256413308746e+00
1.710154817636957425e+00
1.446321019995000956e+00
1.686987155488988810e+00
1.502211658800313376e+00
1.621046750212042031e+00
2.075140090852495955e+00
1.997442842472298530e+00
1.876590012489093073e+00
1.895149326940964052e+00
2.095602428484463875e+00
1.714847075167234669e+00
1.530899167336392530e+00
1.487033235798171482e+00
1.302557969080013978e+00
1.088210066710013191e+00
1.320610151452264791e+00
1.297186313856875328e+00
1.295155184686469951e+00
1.596764486060853416e+00
1.477659124659882250e+00
1.456565623959173106e+00
1.398620434854360273e+00
1.430483769919169701e+00
1.688653688322620638e+00
2.045702746884133116e+00
1.377381366121762873e+00
1.546643496466375334e+00
1.607874302193782245e+00
1.831669023435325006e+00
1.599792388820357791e+00
1.732314344497148273e+00
1.699568590812970292e+00
1.778357096206317101e+00
1.911228203073096488e+00
1.845967410025195710e+00
2.128247659836095540e+00
1.972365563263474897e+00
1.613741006602434247e+00
1.814863442016229955e+00
2.007063222660549151e+00
2.325742276756565641e+00
2.004150772504341038e+00
1.912578708788284176e+00
2.246648752536513083e+00
2.363309637015697628e+00
2.274151611720977240e+00
2.128552909119591163e+00
1.930146636131916171e+00
1.530473728397415911e+00
1.491232733439857183e+00
1.846211505104624173e+00
1.559745266015755805e+00
1.765682643749840297e+00
1.966582100499187469e+00
1.610495337230693158e+00
1.992119520619868300e+00
1.725931150860741115e+00
1.385019675861536737e+00
1.212472990958849639e+00
1.236095348720151144e+00
1.338467666784332932e+00
1.221288391979196364e+00
1.351511435581447707e+00
1.405360568324907522e+00
1.212749536235253833e+00
1.125772761336271577e+00
1.068195409487431524e+00
1.090473386942598877e+00
1.191717464628565759e+00
1.726965790405527335e+00
1.714489626588244109e+00
1.303129170168043194e+00
1.551794676114991223e+00
1.491754838342585376e+00
1.645590407740859851e+00
1.502157745615182449e+00
1.468491052781864425e+00
1.801921716924866690e+00
1.588190870417853340e+00
1.615986803922601300e+00
1.591144952086686271e+00
1.375965816931731256e+00
1.393892544552198132e+00
1.298264128460467015e+00
1.387445086130250527e+00
1.345109559212157802e+00
1.476300695974604116e+00
1.856552683069534915e+00
1.989323201013471376e+00
1.971103615560876099e+00
1.742186823264999962e+00
1.877621301855440850e+00
2.064673176481831351e+00
2.089659627019914367e+00
2.492082161592866996e+00
2.487157743064482673e+00
2.303281274656461264e+00
2.555202125766919963e+00
2.281577225179008739e+00
2.110124723327816199e+00
1.900865670514809480e+00
1.855974233190658129e+00
1.955558037539845362e+00
1.789909459694093874e+00
2.497655823962922739e+00
2.451254222724530418e+00
2.487275183663861355e+00
2.247826555687931105e+00
2.014059186792063638e+00
2.044502444913964823e+00
1.585932423003296954e+00
1.439434528960282345e+00
1.601680284909913654e+00
1.698639984057382257e+00
1.810844668294888216e+00
1.785232418334244731e+00
1.715986030603327883e+00
2.082906920513037718e+00
2.022684260212608720e+00
1.764567329029778309e+00
1.562791435901230708e+00
1.858732083943768876e+00
1.821758091065843521e+00
1.633911119854666971e+00
1.652710432762766857e+00
1.799622034996052555e+00
1.885168227996132151e+00
1.400080045840476073e+00
1.402057522067766238e+00
1.070425639828627373e+00
1.371516042499221655e+00
1.469509578266157135e+00
1.426371919119330034e+00
1.356108586752353240e+00
1.383101648068285616e+00
1.514083303995698238e+00
1.707323567979521561e+00
2.119960896181437349e+00
2.085269242788578392e+00
1.442746465219589824e+00
1.583810982439493031e+00
1.803981721749747358e+00
2.079326181962918962e+00
1.651065969698578106e+00
1.805832330439041788e+00
1.287356348324911082e+00
1.630734189827796943e+00
1.320421238926221985e+00
1.317064257846254360e+00
1.647980872174133582e+00
1.799303738111191819e+00
1.580302919378874904e+00
1.522187436401845728e+00
1.436792561651683897e+00
1.276030776189383209e+00
1.332267651230743422e+00
1.221079183139624602e+00
1.272727671595903720e+00
9.786120075611018931e-01
1.139444861321728064e+00
1.264820320607056736e+00
1.240928927716767882e+00
1.378053141784897351e+00
1.158259475727299037e+00
1.008632804220513490e+00
1.350830108066526147e+00
1.164361218998233527e+00
1.320092578004453010e+00
1.410008847089037509e+00
1.590209006085106180e+00
1.882810288141271826e+00
2.342691368243982719e+00
2.289619160620547600e+00
2.027415148401581657e+00
2.377741999646328264e+00
2.228189549135359826e+00
2.092183227957654879e+00
2.175312802855124072e+00
2.155229036676002963e+00
2.033769642600563810e+00
1.543797616817054852e+00
1.503414728612797013e+00
1.440756330442981570e+00
1.333700802202484992e+00
1.606509087121745338e+00
1.638217916334228086e+00
1.244538513350996300e+00
1.452860075009179797e+00
1.696390813110301599e+00
1.405310245078237097e+00
1.437326051351962342e+00
1.555482708085694776e+00
1.637195200084810232e+00
1.403793627699194468e+00
1.619206780246302602e+00
1.635855670432885267e+00
1.358866196383094360e+00
1.506011605832472178e+00
1.355105452266666122e+00
1.399149321527358936e+00
1.221924508512918672e+00
1.209521751574432091e+00
1.693931571773539035e+00
1.825327068236140438e+00
2.068268597711265144e+00
1.505002403273905109e+00
1.617294170430876754e+00
1.340182328078018514e+00
1.069957367203839160e+00
1.096872783223934222e+00
1.292586982342477597e+00
1.444991843024148181e+00
1.747333378916110291e+00
1.898989653582773052e+00
1.976180994060498186e+00
1.732294875105693910e+00
1.648215719959982728e+00
1.451364931298304350e+00
1.499619929806661922e+00
1.330751144475952330e+00
1.130615591927791153e+00
1.126522078235413282e+00
1.329258749741814682e+00
9.399602881947723976e-01
1.391009300652551017e+00
1.463895909181662347e+00
1.514311592496972558e+00
1.154752843989571565e+00
1.581105027742706781e+00
1.479623635780680235e+00
1.468383249808525193e+00
1.511531625592808403e+00
1.614983520322971433e+00
1.853536273988318106e+00
1.665586358536752520e+00
1.581927031045268217e+00
1.458475915678229207e+00
1.201436300841205229e+00
1.084124247700366306e+00
1.283521753955449984e+00
1.284973521008807795e+00
1.657956609775792955e+00
1.302615129299049102e+00
1.474471652733251981e+00
1.388277900808247312e+00
1.600075393139776425e+00
1.200614661648570669e+00
1.443443406688618369e+00
1.493329897874696055e+00
1.352948647746609723e+00
1.259055388623893990e+00
1.492813029084768095e+00
1.322055833610094489e+00
1.569802724352220125e+00
1.647683823526341573e+00
1.426281597398901368e+00
1.299349703536879730e+00
1.383957955242230753e+00
1.252159373661654307e+00
1.023811365740599166e+00
1.212547506059818536e+00
1.212002135442586948e+00
1.210970600203870928e+00
1.225424288735735168e+00
1.159739427606341078e+00
1.190346503337455841e+00
1.069825473803156513e+00
1.283005175935490350e+00
1.312908457677655072e+00
1.140881539162452496e+00
1.308944885856667018e+00
1.362092957326115350e+00
1.168687889962723103e+00
1.267165102218369643e+00
1.368392505375173540e+00
1.884529916447340803e+00
1.467251445019275735e+00
1.685615983375098992e+00
1.957643785344920451e+00
1.799210234273420639e+00
2.323452314024677445e+00
2.244205951721944370e+00
1.682983464874085344e+00
2.085994562462337498e+00
1.955750001939435379e+00
1.569669451963358053e+00
1.359357386645141830e+00
1.300053828221516161e+00
1.536816936831378877e+00
1.376112758313395190e+00
1.608810831832546917e+00
2.241391312719297257e+00
2.229506553200800933e+00
1.787974562888208885e+00
2.268224771697378461e+00
2.093129441201438290e+00
1.564215611486768465e+00
1.675649270673200464e+00
1.491291514876793123e+00
1.657805641029678867e+00
1.530079368505428583e+00
1.547662591333769155e+00
1.506964360288260751e+00
1.763601275920934741e+00
1.369440873724436791e+00
1.358696768457317905e+00
1.289575043257797704e+00
1.309866013820773389e+00
1.834407457271296282e+00
1.753711268465119266e+00
1.780356907601413630e+00
1.991455965449960175e+00
1.541403283028230708e+00
1.259040734454425658e+00
1.334725369291744235e+00
1.134499934110368313e+00
1.063907649252864296e+00
1.176499398638911620e+00
1.253050655776188682e+00
1.337760412058687010e+00
1.246241860971712301e+00
1.264524129112040818e+00
1.605448798683662748e+00
1.936838510871617958e+00
2.230530842156104310e+00
1.943833166755815300e+00
1.954062949322494802e+00
1.883249507015521296e+00
2.069794500974763363e+00
1.870568380132098696e+00
1.919228632908683840e+00
2.030681914707462177e+00
2.067774406178626734e+00
1.853498760686572044e+00
2.195770534976688726e+00
2.108789852167940904e+00
1.849888748941995065e+00
1.881229080058491210e+00
1.240228769129473996e+00
1.361520365927747278e+00
1.007821979683207303e+00
1.065996820644242060e+00
1.071903687306522412e+00
1.060453661269221026e+00
1.308439733941503924e+00
1.713860797798271385e+00
1.229338200306092643e+00
1.447208543282360260e+00
1.394940346444924373e+00
1.189295991948730036e+00
1.321195737631966738e+00
1.703248620875436492e+00
1.673655404060454321e+00
1.643276739251260610e+00
1.743610300658609225e+00
2.180885891040778457e+00
1.550644463584884836e+00
1.788612206795220816e+00
1.871939486277270692e+00
1.421676987284399063e+00
1.731810268464396785e+00
1.777455247576979591e+00
1.961697095365925847e+00
1.762019024503208575e+00
1.823429302367481686e+00
1.674758091276556504e+00
1.602854244392017069e+00
1.347165824793645550e+00
1.581186961557870418e+00
1.559433044944158020e+00
2.013847403647910372e+00
1.607466407250932594e+00
1.535053834211770107e+00
1.398185327726826133e+00
1.482540445719061184e+00
1.751945448512615577e+00
1.733220076655970221e+00
1.497927568232178208e+00
1.496389748371915296e+00
1.443403706535508757e+00
1.493944720462983433e+00
1.584070089524964198e+00
1.464961066122773659e+00
1.682829482442555147e+00
1.659951946804777201e+00
1.730044014522020168e+00
1.865529171893219873e+00
1.701280628293557529e+00
1.781566980641835718e+00
1.892527513843123232e+00
1.489088715758656534e+00
1.398116351128036783e+00
1.428499173696535340e+00
1.230078508371349244e+00
1.395342084814145123e+00
1.351896844875344783e+00
1.352793695815426078e+00
1.831961684943218760e+00
1.673137523874551835e+00
1.743140552559810708e+00
1.493253824545257569e+00
1.638009374591852918e+00
1.181667845174591669e+00
1.135802390726970756e+00
1.104347682904003092e+00
1.210788128578649925e+00
1.231803500705007215e+00
1.534040482073932399e+00
1.455673726180261696e+00
1.015124897544566362e+00
1.132840618934894517e+00
1.469215508961525085e+00
1.383601915495006551e+00
1.320767930780198718e+00
1.310870699139407902e+00
1.423591848215445488e+00
1.495663745660282373e+00
1.717046472017572434e+00
1.635562533312511224e+00
1.740183219316310703e+00
1.963657675587200391e+00
1.965971818518011505e+00
2.157520355633406606e+00
2.060042527722360628e+00
2.082358157619118355e+00
1.861759923447121157e+00
1.471503024346397126e+00
1.366707489641338924e+00
1.368710373722930029e+00
1.342344555760911051e+00
1.329731529246435784e+00
1.013421378788545546e+00
1.315695395930283951e+00
1.283826446865211857e+00
1.532343932530572772e+00
1.941453773506306213e+00
1.779800491151183994e+00
2.039416382975117958e+00
2.360994894579611980e+00
1.789595123826654088e+00
2.012432126784533537e+00
1.756173142031535850e+00
2.395549915330209334e+00
2.205383775953081660e+00
1.531768343316358028e+00
1.460515756841916257e+00
1.943510003282598042e+00
1.858131606595460283e+00
1.315794169736279162e+00
1.177183067460450427e+00
1.137502887456598222e+00
1.075694192293690676e+00
9.833487807406151582e-01
1.184902390416500806e+00
1.227740643869585480e+00
1.203805540652468586e+00
1.488328696993376887e+00
1.548244020195941539e+00
1.574350046938323366e+00
1.352712090552269597e+00
1.106695413473913758e+00
9.966973646370468343e-01
1.102197479108349976e+00
1.075199983983383456e+00
1.671729760047108604e+00
1.305719514673605808e+00
1.378063226174137457e+00
1.226438245193102183e+00
1.169777749747130668e+00
1.176055019860270390e+00
1.485875071471433273e+00
1.119298886845138119e+00
1.285469151976013302e+00
1.376159696650239628e+00
1.185204300899345808e+00
1.435271934559426699e+00
1.542563901700685136e+00
1.537347479282934692e+00
1.774646965283956268e+00
1.829215608163104578e+00
2.017717414663685371e+00
1.984314678051711356e+00
1.912645248543316745e+00
1.823006558334220761e+00
1.424613484384824824e+00
1.506048234169322431e+00
1.895413242364959672e+00
1.797820396994702641e+00
1.766002757988354155e+00
1.744428231929723516e+00
1.989602143097335407e+00
1.789625102114828170e+00
1.847699475955745463e+00
1.388046836968517939e+00
1.121329942829697002e+00
1.148009658251236687e+00
1.218837451898162172e+00
1.112643194578112116e+00
1.469475941079443793e+00
1.688279278170318198e+00
1.891335098200157105e+00
1.991415885966447918e+00
1.843607375533940385e+00
1.675770382067668152e+00
1.633913745347594038e+00
1.663430599987653524e+00
1.314212638617365148e+00
1.357561044772584546e+00
1.744475687907503847e+00
1.376629652025789463e+00
1.322630635994235471e+00
1.611681640988672504e+00
1.522171574299067132e+00
1.507654547088012720e+00
1.137789839525489510e+00
1.129337718272101831e+00
1.250488217647532929e+00
1.313767377182551543e+00
1.126177867589509995e+00
1.431211401869981081e+00
1.022731430947706910e+00
1.163508793750858139e+00
1.199090353446617296e+00
1.244004678020249610e+00
1.069100272454244438e+00
1.089154643674631995e+00
1.272334811276753186e+00
1.371292051575924154e+00
1.413084239094551720e+00
1.572530547954169799e+00
1.375375294658317982e+00
1.650295906681128688e+00
1.718608081283085953e+00
1.885034934737803702e+00
1.605649705131319882e+00
1.799136699405408768e+00
1.754206003554305004e+00
1.643177013440290768e+00
1.535755124162890617e+00
1.390558391812990680e+00
1.387940316990018852e+00
1.369173895743454716e+00
1.596235763372753302e+00
1.427950714471012850e+00
1.503172578237360169e+00
1.637764158898052047e+00
1.727589643058120572e+00
1.620941366459399013e+00
1.660495230774084341e+00
1.749800729475490702e+00
1.584037321365896700e+00
1.169978371551041674e+00
1.156848365657159095e+00
1.203080108492326161e+00
1.013534475838376858e+00
1.098891398273725395e+00
1.136650925692610059e+00
1.454613694330845419e+00
1.366563489762504080e+00
1.100422544937342595e+00
1.315991502816342695e+00
1.122226488138680756e+00
1.366224318497855528e+00
1.453833152225215031e+00
1.333798431405000429e+00
1.383086159188970710e+00
1.291441290214933924e+00
1.199883836019584260e+00
9.990596097012413024e-01
1.393809296835865297e+00
1.472739694809074074e+00
1.444184826412714617e+00
1.386649941577227541e+00
1.632522025257667098e+00
1.825031903800421462e+00
1.265039297741138435e+00
1.352694251755146571e+00
1.325226229929409305e+00
1.574717590565673841e+00
1.459914093614618213e+00
1.673399550204894171e+00
1.820875464556028334e+00
1.678564798855540774e+00
1.657608152920603262e+00
1.644097740726253809e+00
1.917763930013449247e+00
1.840933695556877581e+00
1.973788700001988250e+00
2.162648159988340257e+00
2.054161678776480038e+00
2.168652530710083237e+00
2.413575496997456771e+00
2.016012426226659215e+00
2.229787940718447548e+00
1.914728710046393223e+00
1.452236929484563621e+00
1.333969939301735685e+00
1.354451850219511755e+00
1.349621848603883123e+00
1.541220494011852349e+00
1.756758600115354785e+00
1.898757908595359201e+00
1.602273128412297298e+00
1.994531676535740150e+00
1.915793194488359052e+00
1.528468371750436816e+00
2.179537829023024287e+00
2.017264279117755965e+00
1.664120347433049263e+00
2.035095724620110236e+00
1.679244902651975568e+00
2.046712431390769193e+00
1.877882699567726021e+00
1.441066538706855749e+00
1.503121557464667024e+00
1.876824217574419196e+00
1.460820500742959105e+00
1.255388185404610280e+00
1.536882599148394313e+00
1.398959666997835471e+00
1.307654326510155895e+00
1.452454002817775702e+00
1.588301089794349030e+00
1.616490734002094642e+00
1.660460772637656568e+00
2.120008474279916122e+00
1.719607283530364406e+00
1.851950264497723708e+00
1.988477595948209498e+00
1.954784148320013237e+00
2.125233524953376030e+00
2.085430921024113093e+00
1.940957918819248507e+00
1.934417253251221158e+00
2.130640493467594432e+00
1.794783610998917034e+00
1.592809299641064769e+00
1.385635656170624230e+00
1.696690551037621564e+00
1.732493940938278687e+00
1.856223902909936330e+00
1.948095892923703776e+00
1.634091211528513332e+00
1.233566114585456175e+00
1.134298725753743353e+00
1.214886731832758082e+00
1.610085156000320428e+00
1.797302132703450184e+00
1.355321135025575163e+00
1.447851385785871248e+00
1.559308312847530242e+00
1.697863941555099121e+00
1.657403482067335121e+00
1.313805735816378828e+00
1.417825782099391363e+00
1.212039942090122002e+00
1.776504701259010055e+00
1.791245620713214581e+00
1.602190814161970955e+00
1.607387711506656602e+00
1.794862348007447483e+00
1.980242342496441488e+00
2.022007449596941342e+00
2.159237922327785775e+00
1.626330233627762301e+00
1.958001163484136775e+00
1.510531663749911990e+00
2.060373990141806555e+00
1.824502088430580704e+00
2.128216086456612199e+00
2.105190760690239138e+00
1.611959976154474283e+00
1.710997610992326834e+00
1.732517748104313915e+00
1.801246371091929310e+00
1.675639475003559475e+00
1.608953787574858740e+00
2.093752899301205783e+00
2.025525813240756978e+00
1.671460303202174202e+00
1.601556290458333809e+00
1.351513414041840999e+00
1.314805137626462006e+00
1.545852781354027705e+00
1.878360344547517657e+00
1.790784522081622754e+00
1.510814358216259645e+00
1.544450874898468662e+00
1.517586919944275969e+00
1.317617466837634588e+00
1.774448708956341880e+00
1.832424675221719923e+00
1.771644672375854546e+00
1.985247410957122982e+00
1.902562614333166868e+00
1.371131023375509628e+00
1.308506601172234163e+00
1.080080024578690345e+00
1.335844790372777258e+00
1.845863234899671967e+00
1.364872068250917225e+00
1.728720900470659849e+00
1.437991344307929298e+00
1.450908951073636155e+00
1.578540134493596092e+00
1.488649275713789466e+00
1.917587384825951036e+00
1.974308568263625663e+00
2.436736666155100650e+00
1.905527593854105639e+00
1.959138119547277235e+00
1.891988388652965813e+00
2.144613326109682472e+00
2.259038412033229637e+00
2.069562109318966225e+00
1.786906114049063410e+00
1.412369618731617260e+00
1.337430250141600885e+00
1.361607785305704033e+00
1.059384993377328721e+00
1.261442426402116457e+00
1.292959118779198668e+00
1.231459178244449948e+00
1.519230295092021121e+00
1.558958167912258830e+00
1.088904984278892041e+00
1.130599901289367271e+00
1.522788277894099096e+00
1.460210470484653911e+00
1.228323781861130337e+00
1.348507956201214109e+00
1.812145683642218508e+00
1.702025747201691308e+00
1.377041889327905055e+00
1.597326930903446573e+00
1.803174654468414850e+00
1.705311112746339397e+00
1.526426860867692747e+00
1.962204770939955045e+00
1.795683590829947107e+00
1.147007655834959117e+00
1.494036337514224932e+00
1.325405622381020221e+00
1.553036576475933739e+00
1.606565442262709142e+00
1.642892576898219437e+00
1.653634441002962419e+00
1.742478613969205448e+00
1.797265042530211021e+00
1.530983156706233750e+00
1.581117510369307366e+00
1.544694938999884526e+00
1.287188589816823159e+00
1.509447151539273557e+00
1.570480481917448934e+00
1.605479264847248011e+00
1.129687550134959917e+00
1.255193236158715031e+00
1.450387879682360159e+00
1.511373435907314100e+00
1.473514762677053724e+00
1.476645374941921496e+00
1.685073278621937121e+00
1.681946765436404867e+00
1.535279061928775057e+00
1.882643497716103731e+00
1.546908479903155387e+00
1.521760491788604952e+00
2.001445083105952261e+00
1.628944980208802740e+00
1.403081739343096546e+00
1.624164720412494489e+00
1.520146691241560433e+00
1.405594042856112891e+00
1.706935028878265870e+00
1.608805953781147879e+00
1.832195656280401597e+00
1.895864286417650924e+00
2.209435050552713609e+00
2.409816923208385919e+00
1.719530053538362413e+00
1.486218492614039821e+00
1.863721255083252260e+00
1.577473667948743108e+00
2.062278137663835054e+00
2.046980807665403468e+00
2.133746719132565417e+00
1.524049256364237381e+00
1.791444482188428999e+00
1.681950791529665423e+00
1.335807538903683422e+00
1.605559525094514939e+00
1.460362309685618198e+00
1.233451355501107294e+00
1.227466124861981589e+00
1.161898274904449302e+00
1.611499908206435627e+00
1.884358449614585318e+00
1.948264791143608621e+00
1.750208249754821255e+00
1.497450518312365642e+00
1.633806034100836246e+00
1.714562443336356878e+00
1.745184148584382200e+00
1.680567409482701668e+00
2.002962605137807550e+00
1.937918124571337053e+00
1.989948064424964302e+00
1.973563739730731958e+00
2.307291392767290006e+00
1.836698787195710558e+00
2.341622364652327093e+00
2.050650769097563497e+00
2.069349687002680405e+00
1.559249231258435620e+00
1.022096095267628346e+00
1.137861438669560465e+00
1.271438123307673695e+00
1.352375523852658024e+00
1.191025901259045616e+00
1.201902688821059551e+00
1.420011463972917332e+00
1.099050095775005120e+00
1.377332948753828612e+00
1.290575749835099595e+00
1.317298527986570100e+00
1.481528398677675495e+00
1.484953064018561975e+00
1.437370078339332169e+00
1.557057769745767928e+00
1.639524685046130248e+00
1.254554376449479092e+00
1.436463437004871002e+00
1.397270292208730780e+00
1.211714861006985444e+00
1.311034871543567126e+00
1.698868999288265291e+00
1.931541321894262087e+00
1.716920462445262308e+00
1.532949680956935623e+00
1.531229895028145993e+00
1.990782504073044912e+00
1.946290418608950690e+00
2.034365893471634212e+00
2.185496396698784594e+00
2.308198032622865270e+00
2.322611710676628416e+00
2.141989547721204534e+00
1.803968540082456773e+00
1.908425493719063670e+00
2.033092320426290289e+00
1.949313837706673214e+00
1.789226545446971350e+00
1.690625090320292845e+00
1.824565371476389863e+00
1.689299084566443288e+00
1.954320309492408203e+00
1.692147879392355891e+00
1.797582098993277588e+00
1.903692451194469726e+00
1.560552177633917070e+00
1.561156523810371510e+00
1.485222143018022578e+00
1.644222543390209346e+00
1.634064635463243098e+00
1.585245793462651598e+00
1.660648035531738564e+00
1.884995335079455048e+00
1.630145333582799783e+00
1.302250590807855657e+00
1.200061871596641794e+00
1.242522760828368211e+00
1.302185594359393406e+00
1.369342048877546514e+00
1.365224972210433263e+00
1.344482439358276826e+00
1.572754670797427146e+00
1.689527007912720480e+00
1.574735531206418182e+00
1.399030456692469615e+00
1.227339489523072258e+00
1.455206066841202572e+00
1.253015788717343204e+00
1.132268043554717663e+00
1.237434648308190832e+00
1.430062946859017359e+00
1.801283948432754300e+00
1.371874098569015210e+00
1.477521797280261007e+00
1.472765752528308658e+00
1.663720681934957923e+00
1.866557849792964907e+00
2.080188813104762779e+00
2.159720745024671817e+00
1.750296698232709947e+00
1.281740790222822612e+00
1.146816214469647210e+00
1.330244133748174074e+00
1.305544515781247306e+00
1.144942624831186473e+00
1.575338167554757973e+00
2.177659037776418671e+00
2.283316893374592205e+00
2.066272573294365866e+00
2.157521031229297392e+00
2.374963108043385951e+00
2.344650888062522753e+00
2.742963303930834318e+00
2.382201467522032878e+00
2.063481665307100865e+00
2.154103273819965469e+00
1.939841135448644227e+00
1.885303586923735342e+00
1.484656261222445206e+00
1.458238491747406496e+00
1.591920549096421222e+00
1.613751710323570565e+00
1.452045740595416135e+00
1.675459546848317549e+00
1.698154951945418212e+00
1.534324461491933356e+00
1.532528933475150623e+00
1.758552772216653626e+00
1.470712715258483572e+00
1.547813782736120025e+00
1.131451867174192660e+00
1.175110823607283583e+00
1.136910909125642410e+00
1.370203265577521368e+00
1.243274724947321053e+00
1.535683797712128262e+00
1.713316047576337597e+00
1.631743554996930357e+00
1.970209431973070302e+00
1.919880460776413944e+00
1.863797760354549471e+00
1.688265273236718045e+00
1.805811489627661137e+00
1.928680336469858592e+00
1.784968129040072959e+00
1.710436375093614458e+00
1.542537395873925909e+00
1.935820310646257703e+00
1.631770379193769660e+00
1.634082770249709160e+00
1.866033191944902470e+00
1.642474588932782087e+00
1.723330701550478850e+00
2.087456914049846457e+00
2.147053573262247550e+00
1.970833371161193170e+00
1.790954300196992310e+00
1.783774598555697866e+00
1.765041175330015921e+00
1.491661714789357607e+00
1.477605390494245441e+00
1.644576909084777272e+00
1.659932253693776616e+00
1.457393965026080096e+00
1.341831014692864699e+00
1.151848300761547872e+00
1.161938013005844983e+00
1.224021730527137031e+00
1.161458354297155937e+00
1.185530192309444786e+00
1.666398857218835516e+00
1.620546053760185234e+00
1.256574858520294713e+00
1.337885005867781807e+00
1.653189667853648848e+00
1.450613118852347894e+00
1.437128606150237076e+00
1.652388612792599965e+00
1.821155137834730375e+00
1.736232489339010643e+00
1.951584136285539728e+00
1.670157349742625419e+00
1.631020501477445483e+00
1.825522626696665318e+00
1.587583320401149800e+00
2.113640911031125835e+00
1.898248868247246257e+00
1.387746437975934555e+00
1.268186992964907889e+00
1.270625617846213196e+00
1.957103390615326122e+00
2.100979797816216799e+00
2.257421090571586575e+00
2.020018401931007901e+00
2.210399248460896082e+00
2.435090585546792141e+00
1.722152533716546419e+00
1.690041251304958525e+00
2.135535266428674195e+00
2.227205759516817540e+00
2.559551445210894727e+00
2.247089619081887868e+00
2.022519051561555425e+00
1.785977925652830312e+00
1.744879673137279319e+00
1.720922741609173023e+00
1.556931678859275081e+00
1.656993573955152232e+00
1.870344190529868555e+00
1.841910148929426505e+00
2.164476573428176120e+00
2.663809104334412314e+00
2.320454551918181618e+00
2.040783112060971405e+00
1.886383782219668959e+00
2.105664208412310945e+00
2.036623963543962912e+00
1.646527555367495399e+00
1.780889631168611320e+00
1.624238848451052819e+00
1.298747821202854702e+00
1.717075508027916086e+00
1.520278409145612075e+00
1.667027485865757219e+00
1.649065167270646004e+00
1.397092777791124618e+00
1.742986864019493654e+00
1.749835952769613456e+00
1.767944822394802662e+00
1.697018897141679972e+00
1.786741676000106693e+00
1.514279609149254302e+00
1.735301536126979904e+00
1.321258389436223535e+00
1.551221140208125071e+00
1.475499419226776077e+00
1.697127909372161403e+00
1.780632848838917370e+00
1.808553376490397158e+00
1.747969181434638530e+00
1.926008201980430101e+00
1.844786283301572682e+00
1.898624983598324434e+00
1.567767698380540864e+00
1.380645065628776758e+00
1.369858237281599500e+00
1.433991303146235019e+00
1.500996778502868834e+00
1.441470473312761236e+00
1.477381862960966963e+00
1.502414964082581905e+00
1.515617374190443067e+00
1.677528992652434159e+00
1.158833037603407945e+00
1.344122447126404385e+00
1.612912938171660926e+00
1.824872337350498697e+00
1.565145696360542571e+00
1.685467285675787075e+00
1.823368840632245913e+00
1.808627670304678636e+00
1.349566958812895123e+00
1.639978074854176349e+00
1.493387205927219519e+00
1.538803410914556746e+00
1.260092916536496244e+00
9.597204989953054266e-01
1.181608687978564998e+00
1.312228527532820488e+00
1.314726086915364078e+00
2.024725873743242310e+00
2.105166207326926830e+00
1.887968367423896510e+00
2.303306039312505771e+00
1.767348032455751783e+00
1.774174146485273829e+00
1.938888405253625269e+00
1.929758703857780588e+00
2.158671642770665589e+00
2.101857556426661500e+00
2.138932093132408507e+00
1.950383192545908306e+00
1.664244284709925026e+00
1.566437638516348763e+00
1.998543421189716840e+00
2.375342961145327614e+00
2.508793721660581788e+00
2.295198809435754050e+00
2.369903646935048958e+00
2.151372116198520867e+00
2.187564773008025210e+00
2.144713139102599087e+00
2.053272155111334651e+00
2.582693892337979857e+00
1.896063881714522115e+00
2.401615252742445250e+00
1.867504736383815755e+00
1.795118969800345354e+00
1.899970329516107448e+00
1.777759900424879191e+00
1.675272228310501932e+00
1.819010627190642326e+00
1.590132679341940802e+00
1.367248744505738411e+00
1.385635938002787393e+00
1.111889414665060416e+00
1.169789945748848092e+00
1.212306582576017533e+00
1.564825333131124374e+00
1.824710978779117587e+00
2.372592123951800414e+00
2.063257458028377567e+00
1.515050871016137002e+00
2.084171555263093278e+00
2.176588649702683398e+00
2.172012552699088328e+00
2.220486657332878533e+00
2.123218298740221499e+00
1.879208157415225067e+00
2.227226124245318850e+00
1.956894187064522228e+00
1.633132437615618215e+00
1.820014409015236811e+00
2.230106134654664451e+00
2.107660120004192894e+00
1.966815347119307278e+00
1.800320326870734622e+00
1.960586715258324064e+00
2.127355256017259055e+00
2.228030438013392178e+00
2.019997699931864954e+00
2.114326052551932289e+00
2.086626614235430388e+00
2.453541738847821563e+00
2.344776062433574282e+00
2.342071979847767604e+00
2.292128537491707085e+00
2.129776431987655094e+00
2.093325021145127529e+00
1.353068217233808879e+00
1.385655420872985655e+00
1.305623460206417175e+00
1.579093344156006440e+00
1.732038026671570030e+00
1.797275700018923672e+00
1.687857484517353956e+00
1.758965637377361446e+00
1.495272328838015641e+00
1.667543777588108789e+00
2.048297573700335050e+00
2.184435717325651893e+00
1.971827074064262497e+00
2.080348120018105984e+00
2.396677161568326664e+00
1.735604281414046657e+00
2.204061516258933207e+00
2.363626339371147633e+00
1.771417431770061945e+00
1.826942549404195759e+00
1.612535734146924860e+00
1.660061733756656110e+00
1.742570061597515263e+00
1.957792945376865434e+00
1.706436795595478451e+00
1.708990052144417238e+00
1.662510437931946861e+00
2.149514469774328695e+00
1.862270579427405259e+00
1.782176143245518762e+00
1.719492258663814388e+00
1.858659421152841773e+00
1.874565306954790733e+00
1.783972885637802763e+00
1.498814292954362415e+00
1.333418356773650615e+00
1.407600228244270335e+00
1.397320505444107575e+00
1.362067929183318871e+00
1.547061722472667267e+00
1.482703461899364861e+00
1.577893334833694317e+00
1.566717361119800422e+00
1.459637242705292159e+00
1.284668442437708391e+00
1.348338532914706844e+00
1.407448761362272149e+00
1.615384452946351024e+00
1.655351550749704970e+00
1.501768863950324162e+00
1.632666893932967600e+00
1.452248178411475577e+00
1.379933134704794062e+00
1.208339739582169337e+00
1.433033180765536097e+00
1.111039628712948035e+00
1.215025393760345684e+00
1.392396022787970589e+00
1.348878687925613162e+00
1.754354383494002967e+00
2.042007124230552861e+00
1.343987712307321392e+00
1.212507755606625937e+00
1.340285444360987510e+00
1.426654469161531935e+00
1.601283918488388025e+00
1.798221640573408608e+00
1.646761536258678049e+00
1.540677150040990151e+00
1.587776875384438569e+00
1.497659960862451678e+00
1.544441733814390094e+00
1.150541223799433466e+00
1.494007141523960414e+00
1.742295877446227825e+00
1.541240908414277300e+00
1.691215178440669042e+00
1.635419144502802569e+00
1.608597003436531780e+00
1.716741695829880232e+00
1.934435396486894776e+00
2.539622464101179755e+00
2.321960519344020035e+00
2.172990989138474660e+00
1.976396721428025138e+00
1.733555698487525776e+00
1.558770737152215480e+00
1.084282950686913383e+00
1.179264599154039583e+00
1.439764812045515541e+00
1.207362572494199426e+00
1.301620722140024222e+00
1.424601616887823941e+00
1.334260139866765282e+00
1.595768339866153740e+00
1.336106738545230765e+00
1.117129427935447561e+00
1.357875808296601594e+00
1.378787503683788884e+00
1.604866838638909332e+00
1.747420108620272750e+00
1.876135473168995205e+00
1.906130695495043881e+00
1.725933462868410206e+00
1.588155393236020396e+00
1.655949042797246751e+00
1.579479543025353649e+00
1.767737161906246746e+00
1.492016782608551084e+00
1.351461581226009345e+00
1.467524927424451064e+00
1.509448284193524392e+00
1.816074398571562831e+00
1.607298530048809404e+00
1.606689522421102412e+00
1.514730804768027461e+00
1.468644647765091849e+00
1.380132947801636645e+00
1.805248350488984022e+00
2.172101762549037307e+00
1.886485032098070835e+00
2.207116885340579593e+00
1.848793910698949716e+00
2.060423054839719104e+00
1.959305161142777196e+00
2.439297757227532060e+00
2.415973778292505258e+00
2.408224674197915860e+00
2.305463918372220089e+00
2.753583526969595852e+00
2.295565809642352129e+00
2.405707693710246176e+00
1.760224451062643469e+00
1.836336268137499061e+00
1.637128124198949486e+00
1.510952540218463813e+00
1.632112185369236856e+00
1.616339162103258120e+00
1.792859680739605555e+00
2.094164230536038396e+00
2.201746765594859045e+00
1.805927928007058814e+00
2.233965853435043947e+00
2.670652439129229450e+00
2.645277575438002682e+00
2.142153448413628869e+00
1.798935784706850782e+00
1.363699929859711890e+00
1.319510334479326197e+00
1.126648821730810157e+00
1.384556018542219658e+00
1.644183925854526329e+00
1.540639266263465368e+00
2.238983074335068046e+00
2.018004089700189407e+00
1.995604944525431579e+00
2.208265620517269934e+00
2.300386030058566789e+00
2.340536271522692058e+00
2.512437221581715896e+00
2.165463420915269221e+00
1.938050468222699330e+00
1.805130220051925027e+00
2.034686888137719141e+00
2.164074511800234468e+00
2.240922581635952593e+00
2.143944151981495239e+00
2.139951735099992813e+00
2.187036596399734467e+00
2.067799762332510394e+00
1.744919608307930137e+00
1.707113310253412841e+00
1.571307932915477767e+00
1.595997272588471683e+00
1.745737052499023889e+00
1.351821122042452306e+00
9.270161918598081030e-01
1.239250773162521746e+00
1.126422992684844138e+00
1.458774904319612098e+00
1.723410874176147800e+00
1.507687978094461867e+00
1.616202200323511251e+00
1.702803378622159691e+00
1.685391856000179933e+00
1.570156125604332154e+00
1.536750194771902223e+00
1.566601788601829526e+00
1.593348123998735044e+00
1.265656450848597903e+00
1.875765045652652674e+00
1.457315161440738915e+00
1.247924447563688588e+00
1.728890074204727956e+00
1.482472045756434431e+00
1.409264460626220350e+00
1.768736959863363767e+00
1.821336993667926230e+00
1.570993832661377709e+00
1.754888307895400734e+00
1.720229441544263826e+00
2.023528712433490195e+00
1.799502243665637158e+00
1.606223165885012794e+00
1.465665346030454064e+00
1.604056587620833030e+00
1.273050796616087110e+00
1.376435763694920933e+00
1.633020340888638344e+00
1.202371730983360587e+00
1.237607140528746985e+00
1.282003486926097224e+00
1.428717441354875328e+00
1.322699149518244743e+00
1.294040881472383608e+00
1.648696819611271680e+00
1.528178706724683700e+00
1.322449773526810146e+00
1.356887464717195124e+00
1.417104188645945895e+00
1.905650512359424287e+00
1.921441601966469070e+00
1.968434477490942802e+00
1.530292664392195467e+00
1.420509326666980598e+00
1.112748813180789442e+00
1.346278980364840283e+00
1.897038737553612853e+00
1.433783228515211450e+00
1.585815416878536777e+00
1.448386565400041404e+00
1.348348446969096281e+00
1.374386293004249637e+00
1.653812703024206687e+00
1.624223763338219051e+00
1.507170669689946951e+00
1.843376453685885652e+00
1.680325374574406672e+00
1.334820741428891733e+00
1.742006103948975371e+00
1.427347925212313573e+00
1.676987926129299034e+00
1.599866245572037382e+00
1.512217565389291973e+00
1.510532679142827739e+00
1.503984205974529642e+00
1.537487790417034539e+00
1.351080740436106931e+00
1.745515763844935453e+00
1.384453316347924234e+00
1.396555921510847176e+00
1.214709198663192602e+00
1.016723438760675391e+00
1.062556788181137746e+00
1.428525862348479336e+00
1.819439406158902983e+00
1.872942914338587173e+00
2.254256558871088778e+00
2.119724933090174623e+00
2.195917780781283302e+00
1.986158060359350275e+00
2.153243808858362751e+00
1.753580510403062620e+00
1.948704477204082242e+00
1.642819025409080869e+00
1.761105066142419462e+00
1.585062811548677120e+00
1.720871174289115402e+00
1.791613177794810774e+00
2.001097518368641914e+00
1.923607027512440615e+00
2.069463668903188669e+00
2.096616909174488619e+00
2.161333968976387077e+00
1.923746612323092853e+00
2.215168391830098393e+00
1.813853375736006912e+00
2.264818298017860609e+00
2.389364031829732671e+00
2.657712856538728463e+00
2.501352605259658191e+00
1.886530681073576021e+00
1.550636666194953550e+00
1.450481888512838990e+00
1.174819057107316267e+00
1.299976686094880485e+00
1.334115070716325846e+00
1.390394361903871889e+00
1.431112106589202071e+00
1.212468371334463946e+00
1.092175035035373609e+00
9.804603587068643211e-01
1.153185822891064083e+00
1.292795403065589488e+00
1.438631093228386115e+00
1.618769995421246222e+00
1.974683349489710471e+00
1.847550652019460005e+00
1.442335182587854536e+00
1.636896631788050005e+00
1.805050628203832108e+00
1.803409669590187336e+00
2.373857270044641421e+00
1.976788643687289015e+00
1.447511875192637021e+00
1.657081682136336331e+00
1.305775707646420924e+00
1.459333370087666726e+00
1.535027892887858014e+00
1.731543735009739571e+00
1.918246856046081250e+00
1.847569107255570886e+00
2.277293011466939188e+00
1.932630396090876168e+00
2.078906037232717718e+00
2.026227889224148537e+00
1.888310388851708765e+00
1.823490015882191173e+00
1.667933227700623577e+00
1.660676234444166788e+00
1.386924500154405271e+00
1.438707780415414472e+00
1.179393150499865817e+00
1.228318303887677931e+00
1.169552853388112101e+00
1.534910137741151814e+00
1.463369914997300736e+00
1.530918034300672970e+00
1.313365572486895338e+00
1.122907292147964808e+00
1.211880754943195804e+00
1.612930065558458637e+00
1.314509786563091254e+00
1.333019661534530442e+00
1.466030323307181416e+00
1.682956112085285616e+00
1.615067517452069445e+00
1.215312595516177430e+00
1.256603405174504084e+00
1.043870289012131414e+00
1.045036348234027468e+00
1.101203732509287603e+00
1.301567231544821457e+00
1.508120164213086367e+00
1.470342315403308620e+00
1.633236303189095295e+00
2.029658793255110449e+00
1.632751051755025662e+00
1.567128358771253227e+00
1.564985016294952347e+00
1.971561056742828999e+00
2.010896008802278701e+00
1.802367666651848666e+00
1.445553832244918624e+00
1.794930299845852950e+00
1.735761478681205006e+00
1.649816384501212374e+00
1.523131337562828591e+00
1.441292739632419551e+00
1.878511295244616797e+00
1.728708692677404901e+00
1.824799669697533933e+00
1.722556834663494518e+00
1.536314260534641596e+00
1.792971119684934056e+00
1.458768767565163715e+00
1.613202954443886616e+00
1.159633729567947968e+00
1.107325149749359472e+00
1.051170463096588348e+00
1.391756997950347241e+00
1.429977146943054223e+00
1.618215790418868538e+00
1.792944682492146669e+00
1.964584013525961570e+00
2.050217084010106827e+00
1.856887217352584329e+00
1.752223455190149881e+00
1.778026786878959875e+00
1.746412859920315697e+00
1.795204316640418130e+00
1.734432459114050751e+00
1.433313907541338139e+00
1.203250539854816559e+00
1.182901807741528755e+00
1.067195711845941197e+00
1.348393038221413320e+00
1.815388555149294980e+00
1.969599776387706669e+00
1.900231558654486008e+00
1.568208670294585438e+00
1.613924644035662048e+00
1.750701436815176537e+00
1.526563768873739013e+00
1.555241096377041554e+00
1.340622052824952837e+00
1.535314548114638855e+00
1.638141072289521993e+00
1.790383437799960120e+00
1.523076623397113138e+00
1.428479067682038917e+00
1.619200463220658692e+00
1.437628855444054610e+00
1.712510518962223394e+00
1.784344496783884182e+00
2.004771110846300441e+00
1.982661141225320778e+00
2.072436120548907024e+00
2.156559089009726371e+00
1.731938123167039212e+00
1.605464868008749768e+00
1.456371452845336201e+00
1.600546376774266921e+00
1.568786969714242252e+00
1.272357586725060719e+00
1.510164471037695577e+00
1.273635648128932152e+00
1.775322901483242566e+00
2.123032544680965028e+00
1.924484466943037875e+00
2.046633369678757308e+00
1.953781177406156644e+00
1.971327232038204258e+00
1.857960397901323946e+00
1.823172249922089483e+00
1.245695302288780004e+00
1.509631827240505375e+00
1.342655969899687163e+00
1.522868518982318342e+00
1.212774858584142468e+00
1.507552585548340041e+00
1.701146294163497164e+00
1.746014403766922518e+00
1.906329492946527315e+00
1.936205836694178117e+00
2.377287207504203081e+00
1.786956380852710469e+00
1.258500182486130159e+00
1.251138571440562286e+00
1.114833000044467282e+00
1.523192180024641074e+00
1.859793315142930004e+00
1.762904732804872809e+00
1.947123593422821930e+00
1.614985281370340253e+00
1.879704107265018909e+00
1.665673866797695357e+00
1.743597862054625525e+00
1.663621605975613482e+00
1.831651377845893380e+00
1.421445399446790603e+00
1.818245211353506363e+00
1.762355530003915094e+00
1.509041915002873324e+00
1.670584256939259937e+00
1.532242849751375147e+00
1.635730837371310642e+00
2.086052227428881523e+00
1.913848422201558819e+00
1.998867691510874067e+00
2.065158013887568256e+00
1.983185203114742112e+00
2.234316145864708059e+00
1.954181815276161194e+00
1.954833913274692581e+00
1.937894028582229033e+00
1.847551780445122249e+00
1.438662073575042610e+00
1.447958609774945060e+00
1.314051562231320691e+00
1.244011106278840373e+00
1.207495897190317136e+00
1.054001308803445891e+00
1.101018587292444062e+00
1.243020917669062086e+00
1.645111471605239517e+00
2.152616438048485570e+00
2.207684101493601947e+00
2.022175926636261334e+00
1.876685294252021352e+00
1.976088555815524117e+00
1.737497302610325534e+00
2.059701910126741087e+00
2.131072042973489733e+00
1.427739578905803386e+00
1.261829362452608905e+00
1.333893529801921440e+00
1.616788068353182339e+00
1.627961773510037347e+00
1.929070678145287987e+00
1.366976275595333412e+00
1.360985184583058283e+00
1.350192592892079047e+00
1.469873334645763752e+00
1.383985352857488360e+00
1.754889799279776952e+00
1.363505553177027263e+00
1.331403089783262272e+00
1.491629533107567518e+00
1.328193492744818904e+00
1.397038725796464265e+00
1.597684301781276961e+00
1.656673039433567141e+00
1.662596754390828879e+00
1.746377354928175585e+00
1.475793687636122398e+00
1.579015476896937997e+00
1.941742776668243131e+00
1.795738792939021611e+00
1.888065548300754237e+00
1.788820119859110935e+00
2.037759800307282987e+00
1.701124149258367968e+00
1.243847927856578828e+00
1.291667247515315253e+00
1.615491210877854300e+00
1.709362953785370953e+00
1.347419742680393551e+00
1.057320805904721217e+00
1.237043891285785069e+00
1.089900619125794057e+00
9.883683081754242039e-01
9.464021562055988657e-01
1.007383674492354109e+00
9.762876961544219023e-01
1.175898535471323614e+00
1.105794445292679784e+00
1.153605336781856172e+00
1.251023260292899897e+00
1.669608222852374757e+00
1.651762473885981297e+00
1.789232981581243553e+00
1.533157042325283825e+00
1.931163150371119075e+00
1.960416403411440855e+00
2.321637660575881501e+00
1.986001722116718105e+00
2.250916213870853166e+00
1.831943673699654385e+00
1.233144924949798549e+00
1.209196038587389221e+00
1.689730991838937602e+00
1.610580823218603630e+00
1.765632349590577466e+00
1.715296480321394590e+00
1.680509611322614560e+00
1.387112637480454991e+00
1.170745691207188521e+00
1.388587945198746842e+00
1.592815906976698503e+00
1.891759020305740613e+00
2.054931551947088320e+00
2.017840921318055702e+00
1.920961845366082388e+00
1.858708142101152649e+00
1.995154540625973638e+00
1.984931151444679021e+00
1.849344972855697211e+00
1.532505589812104718e+00
1.543321481155907060e+00
1.601521271100043053e+00
1.552781455568829072e+00
1.625825531319671668e+00
1.633756775434496822e+00
1.897880524573061223e+00
1.583537176610810837e+00
2.225326855499141665e+00
2.274522947790234451e+00
2.286424385008711369e+00
2.095791908832815853e+00
1.930384419713251809e+00
1.770461378394819096e+00
2.023773412000983818e+00
2.276532526775080001e+00
1.854810709102091115e+00
1.706062651273775987e+00
1.815392875503496928e+00
1.533866084000020891e+00
1.489034910622361263e+00
1.580003622090145221e+00
1.552323786352251211e+00
1.328053675354065266e+00
1.677815193910433322e+00
1.664877993784590560e+00
1.796383280777187785e+00
1.585418940626650564e+00
1.408060753513042052e+00
1.437842584361841203e+00
1.458642138504332664e+00
1.335577257167766874e+00
1.325638205560405458e+00
1.739534752449466870e+00
1.610846561036007429e+00
1.494204105742442001e+00
1.553352579948497736e+00
1.791089757020618567e+00
1.949839620356530467e+00
2.163887657498628769e+00
1.942173147999287641e+00
1.590157756541664691e+00
1.423811542050671397e+00
1.420079547665969555e+00
1.360709423590924505e+00
1.325059209999542631e+00
1.523236648458291542e+00
1.581145714523603640e+00
1.357064416689371722e+00
1.857766768658336121e+00
2.169654713756479669e+00
2.028187047175241009e+00
2.086907161450864745e+00
1.753366670761985491e+00
1.592467260330280965e+00
1.405006951783656310e+00
1.537889657677858901e+00
1.478171802193334772e+00
1.696659516806984236e+00
1.760701890220905286e+00
1.480971195981971134e+00
1.347822776470485984e+00
1.170449583889648038e+00
9.965841415027087979e-01
1.139614084958108453e+00
1.397600378668501619e+00
1.274785599348721155e+00
1.168550385557681315e+00
1.466864555172366913e+00
1.308304578643431526e+00
1.206313539284498582e+00
1.249515816738155927e+00
1.491988761226081595e+00
1.588155637966439881e+00
1.542352657918526715e+00
1.339286305377947128e+00
1.423513714562658627e+00
1.423590744050533763e+00
1.436622597785902400e+00
1.396083352524955190e+00
1.648816680217327191e+00
1.573644859936063511e+00
1.575383559826391666e+00
1.231698732650120975e+00
1.079045432103013846e+00
1.095100039933533109e+00
1.526291647415884523e+00
1.213523322825260875e+00
1.310708433877407098e+00
1.390822021855044888e+00
1.615621018120209973e+00
1.855054889166750876e+00
2.237772392324398840e+00
1.915645810597853771e+00
1.503737436177132958e+00
1.570326254965795920e+00
1.459085259536871071e+00
1.240739802491983124e+00
1.424102174704345636e+00
1.297822563487530889e+00
1.566677511924966071e+00
2.096055674613816144e+00
1.876872664955901771e+00
1.839952185618436875e+00
1.807095602851569005e+00
1.800399316009724693e+00
2.415540535760712704e+00
2.454649060945456984e+00
2.505572243486401618e+00
2.309540938037028202e+00
2.134933205778803522e+00
1.821433864568365202e+00
1.828910827504111714e+00
1.947478114198435861e+00
2.123992949226632287e+00
2.026300335529197749e+00
2.208699455263307243e+00
2.036372527765887064e+00
1.933182198827686493e+00
1.520176030525032473e+00
2.052766391286766634e+00
2.321989453306899431e+00
1.794487520156361260e+00
1.646232968993935231e+00
1.591532811534292158e+00
1.532888832662801848e+00
1.535300365323867711e+00
1.422972418197397726e+00
1.754943192277797159e+00
1.528110244435501031e+00
1.665213836836858752e+00
2.262561164784083978e+00
2.188907314348015554e+00
2.025210640990156463e+00
2.125474940693142134e+00
2.239180499261571367e+00
2.035976736069129434e+00
2.134747661671072549e+00
1.702171653785948813e+00
1.669328061982430889e+00
1.954183109544416652e+00
2.363520802033252988e+00
1.514660798290484500e+00
1.558821243072745055e+00
1.392911546443611037e+00
1.425723721542043743e+00
1.476405942505138569e+00
1.386055482261262295e+00
1.393888727657784710e+00
1.176450670981516122e+00
1.356901475956582281e+00
1.312606912049069097e+00
1.204419851867811087e+00
1.346279653532871379e+00
1.688270840039055365e+00
2.087587958767112895e+00
1.774918117483254676e+00
1.820365380809062517e+00
1.958549473273836217e+00
1.815035758500201046e+00
1.946623030054056347e+00
1.690515381734990719e+00
2.171489216648374576e+00
1.599640440106849359e+00
1.722357988580743626e+00
1.737377986882864711e+00
1.648205276257581620e+00
1.456094298983918067e+00
1.788702797820761248e+00
2.096401326916145447e+00
2.083598427529366415e+00
2.475173884068742947e+00
2.213441574068606421e+00
2.227712244463149194e+00
2.418809722831675391e+00
1.984404241425880233e+00
2.095795310184115579e+00
2.049861948449602789e+00
1.954317054394604014e+00
2.204446484475754087e+00
2.412818835777229332e+00
2.049207839543593312e+00
1.811142174746807942e+00
1.873351901083040616e+00
1.860123685057308185e+00
1.801506545288122485e+00
1.689363917484199451e+00
1.406742002902181765e+00
1.312333298762437872e+00
1.106813532694798541e+00
1.181284014238222602e+00
1.088453002005833836e+00
1.146818621746490185e+00
1.492547566438176876e+00
1.515085779807354704e+00
1.389600706506232575e+00
1.432061046588521958e+00
1.750084549435345416e+00
1.610861145963721430e+00
1.942644284664906795e+00
2.207277382843289004e+00
2.317316474959704387e+00
2.393972235544183480e+00
2.018535312222696554e+00
2.074829605909761288e+00
1.713466144714345774e+00
2.217258553887542227e+00
2.143861412125557919e+00
1.926557648974563719e+00
1.797565061412831788e+00
2.114427104955082903e+00
2.273269985779677427e+00
1.873017699095972155e+00
1.905404422052721092e+00
2.106817905879502462e+00
2.028387572972119912e+00
2.320535015827746683e+00
2.292462754492002208e+00
1.883832787309970502e+00
1.554542923607324711e+00
1.794458182077917741e+00
2.100531203290667115e+00
1.642443380990694424e+00
1.825322023582855557e+00
1.901092917458561349e+00
1.861902965152815614e+00
2.081321020897358043e+00
2.115390407815933571e+00
2.198934251896730085e+00
2.335876068200411382e+00
1.928613651642941740e+00
1.675527416449337892e+00
1.608434154174504194e+00
1.267177269251765104e+00
1.624213095344696045e+00
1.582749523625481158e+00
1.592960326164987395e+00
1.726271933205290043e+00
1.849371677291452798e+00
1.773126843534469588e+00
1.776438911133336518e+00
1.682051112995442965e+00
1.538155181004388083e+00
1.560312197631671838e+00
1.963951340905616849e+00
2.054772193884203624e+00
2.105896818407614557e+00
2.075210132208826774e+00
2.086309674766209987e+00
1.963280575874912559e+00
2.217449747265435978e+00
2.038260734456784906e+00
2.333329016518115306e+00
2.140279049152178814e+00
2.129316136632619649e+00
1.814848637046740709e+00
1.866975466598442601e+00
1.667981191561461518e+00
2.267194208152301549e+00
2.285057397861279593e+00
2.078073737277061461e+00
1.373696943113457358e+00
1.692799455962678667e+00
1.953185782119706948e+00
1.725258089517627269e+00
1.565675430304432680e+00
1.264455804788817250e+00
1.178535023851124519e+00
1.408308634358641287e+00
1.554311804947931197e+00
1.572270117907159870e+00
1.650282950278599614e+00
1.645344488845034592e+00
1.979633830506487335e+00
1.512122396322677975e+00
2.033968856252556634e+00
1.907643056598304687e+00
1.716537399064334224e+00
1.891781033330994122e+00
1.556064769750628685e+00
1.622479100827204590e+00
1.254919357050992668e+00
1.126236495597479514e+00
1.702513839291119657e+00
2.013524853066285925e+00
1.480927627216245490e+00
1.368789102721629458e+00
1.333408964432769350e+00
1.281239134560025583e+00
1.388731677776906315e+00
1.383634307090970239e+00
1.151444080020816108e+00
1.626374539201278058e+00
1.482502647941240204e+00
1.815646720039022499e+00
1.487000102058990691e+00
1.521285413796512609e+00
1.804232731026242931e+00
1.561377320725168660e+00
1.776869792308352736e+00
2.053768109165071909e+00
1.676523970317552070e+00
1.910040889903068750e+00
1.616578494919134856e+00
1.574226527229660277e+00
1.924668285900067222e+00
1.949343366703842229e+00
2.070821682235201688e+00
1.789003567757468049e+00
1.733447595116917928e+00
1.392727791682396354e+00
1.420965853487617947e+00
1.838547586847791848e+00
1.935478304391762272e+00
1.739163933474429102e+00
1.849696595501290730e+00
2.113333119795823833e+00
1.878989958645935765e+00
1.734765430142869880e+00
1.592190234228862744e+00
1.774220262215837396e+00
1.506990662920188573e+00
1.775749741126862347e+00
1.768103892002497846e+00
1.652311664248475642e+00
2.040035145566920338e+00
2.048519876126037698e+00
2.064224073282029615e+00
2.038116069257094320e+00
2.030842919028012172e+00
1.901204420576941834e+00
1.603153289690053107e+00
1.887251854509112370e+00
1.472925300703312290e+00
1.191360028240211255e+00
1.148821109187015077e+00
1.169125541391059064e+00
1.633836779777112058e+00
1.538079707835419807e+00
1.025856990376590172e+00
1.235679289110310330e+00
1.427136333815486546e+00
1.170462741431592679e+00
1.258380324050000887e+00
1.039558127376240870e+00
1.275419204643906124e+00
1.301273276498533527e+00
1.298136562430338925e+00
1.429549035651544786e+00
1.356182742395710461e+00
1.244256634694246078e+00
1.201538119166196017e+00
1.437822401654069937e+00
1.669990804842297338e+00
1.797390434656390035e+00
1.976723701388429788e+00
1.891450510037401500e+00
1.678500485182944146e+00
1.681316799206113544e+00
1.868226122789176102e+00
1.942177663151123390e+00
1.906740854874001245e+00
1.851484698294856734e+00
1.982422951681393819e+00
2.192807826556829820e+00
2.218633055180461167e+00
1.980237064471661812e+00
1.773309790807292563e+00
1.835851802395050303e+00
1.816814017386215951e+00
1.683374102723428578e+00
1.386234590705943237e+00
1.163995972437801063e+00
1.412131466164642690e+00
1.076111985140481675e+00
1.417754168887916499e+00
1.393496715467783753e+00
1.710446122012223347e+00
1.971094177471253150e+00
2.191839966288901653e+00
1.729353908183126620e+00
1.713594894364196097e+00
1.616187523292673012e+00
1.692635177384961498e+00
1.552975373227161837e+00
2.101623153705737490e+00
2.387529921006724010e+00
2.148497936868296598e+00
2.243214308912565347e+00
2.208479800914112445e+00
2.026705205706644808e+00
1.933586875984955711e+00
1.983698194790304514e+00
2.148343205570894643e+00
2.040463176636198472e+00
2.304603202843350740e+00
2.202009154993341600e+00
2.355732015780890531e+00
2.256576821080535478e+00
2.282844660500092271e+00
2.146349394756116080e+00
2.146870023893672208e+00
2.213642315752568202e+00
1.768452711699444624e+00
1.458708926969835451e+00
1.550814816063736945e+00
1.665196230147201861e+00
1.649059543087225466e+00
1.470297145240542225e+00
1.508180091226946740e+00
1.856185643742949143e+00
1.672592366484413340e+00
1.410103437970119389e+00
1.676732885325812550e+00
1.425441417674354616e+00
1.390305322214430150e+00
1.287854793592491776e+00
1.467932643133375237e+00
1.789192556447610105e+00
1.637979199071391889e+00
1.640243360153909480e+00
1.456077366367034776e+00
1.734724846845226764e+00
1.932873066588889133e+00
2.019875368630176915e+00
2.260477093509247304e+00
2.202779151586984785e+00
2.293766807277026754e+00
2.226620468488822446e+00
2.553652806366551342e+00
2.406550258182002633e+00
2.538825121149407948e+00
2.097388359725200324e+00
1.715907866504144952e+00
1.632711129387701909e+00
1.765985549226047002e+00
1.929248165720008235e+00
1.514902780154932183e+00
1.466589399020627571e+00
1.259054971992115357e+00
1.309981054121352351e+00
1.452221546765253279e+00
1.270940849914094839e+00
1.328930815815231314e+00
1.068554098889546333e+00
1.104963342234178469e+00
1.030311619687822589e+00
1.591239318489058752e+00
1.764743507632567487e+00
1.607218145911611717e+00
1.876933820979121315e+00
2.122919425548862815e+00
1.929062200241543401e+00
1.854259968210997478e+00
1.434884182400498531e+00
1.313552090362859026e+00
1.820157123917342190e+00
1.741052337400428973e+00
1.911126785910387760e+00
1.752299351748669132e+00
1.615510444401719425e+00
1.317970558020007621e+00
1.219070089368319731e+00
1.339060357536070001e+00
1.943125939883360020e+00
1.939862376722667037e+00
1.861470696641957634e+00
1.799737556803350902e+00
1.509113903306690929e+00
1.304094292857339354e+00
1.288540443016447767e+00
1.661120261519257957e+00
1.256891617340089473e+00
1.720524291929745431e+00
1.978837385037847119e+00
1.667143665839150746e+00
1.539928645637195892e+00
1.163001162704895952e+00
1.325794353562285366e+00
1.398401293791493138e+00
1.433037494319099769e+00
1.416813671627917159e+00
1.260006140091959104e+00
1.242406546484565055e+00
1.225265276246878976e+00
1.268797611443591933e+00
1.390896694514290211e+00
1.456123585291972056e+00
1.758329842364868556e+00
1.707267752870909483e+00
1.201933245805032691e+00
1.297599739993754442e+00
1.421956164340556272e+00
1.303322291448156811e+00
1.351521749240643500e+00
1.638417505159746712e+00
1.577111552191814203e+00
1.427965085636562659e+00
1.965010475868168571e+00
1.903111399358695444e+00
1.244823937054152729e+00
1.208848324727074486e+00
1.087322131427919336e+00
1.154016156600118137e+00
1.368261769020581387e+00
1.369802207361743740e+00
1.387820170389511887e+00
1.485856042765302698e+00
1.471244532279273542e+00
1.386412284738341327e+00
1.333450970676118175e+00
1.717359597960790296e+00
2.138360071935083262e+00
2.099313557993960799e+00
1.931388759230925123e+00
2.140412409151137840e+00
2.195867003352974134e+00
2.677615819662942709e+00
2.424241643472449859e+00
2.477612002814138403e+00
2.032020895626357682e+00
1.866159072775248617e+00
2.063950978081569687e+00
1.686286802524100681e+00
1.978795287592032937e+00
1.770641093218817019e+00
1.508205285405694873e+00
1.103277571373846300e+00
1.210289466528645663e+00
1.250330677028917981e+00
1.340135187375113057e+00
1.705740427999848485e+00
1.432056881808595472e+00
1.586769550039440535e+00
1.447036727836296333e+00
1.366795221408822147e+00
1.754554300063911221e+00
2.165982903935548709e+00
2.039303456972189732e+00
1.776878409689188532e+00
1.772530878791053199e+00
1.683903361821990075e+00
1.876698562712396878e+00
2.161033239746932733e+00
2.016233357884699373e+00
1.632027487199881666e+00
1.290510635820085739e+00
1.731674586991393427e+00
1.752114543013966852e+00
1.868764954680542489e+00
1.500098751559335586e+00
1.516558068112536573e+00
1.504055815756663250e+00
1.678585548445937325e+00
1.613168765981470187e+00
1.632831409580005833e+00
1.734655697277637465e+00
1.763131810796715548e+00
1.763456332736303755e+00
1.940127545612706061e+00
1.637154169200215392e+00
1.691775526585576728e+00
1.812535177475182557e+00
2.325071412555460793e+00
2.183414805195096786e+00
1.958940026864135930e+00
1.905312375911571765e+00
1.848497624685564666e+00
1.548546736579078376e+00
1.564840115330183856e+00
1.700944567091344339e+00
1.518444369914923930e+00
1.486707078767495638e+00
1.706209162882401431e+00
1.788775886492656397e+00
1.793254778315300557e+00
1.550391458356354280e+00
1.496816068341920491e+00
1.225118539922668059e+00
1.275001987834299300e+00
1.441226499239314895e+00
1.231440364099864127e+00
1.289014694717536047e+00
1.592814565906529145e+00
1.518158637323079319e+00
1.418719286977849769e+00
1.221015719660384358e+00
1.263217407681639370e+00
1.477796611648543701e+00
1.283387928097437403e+00
1.170806401947932951e+00
1.367407511052625146e+00
1.360649811705149759e+00
1.272522148280805121e+00
1.622218084899515578e+00
1.914037318854558523e+00
2.117514288646808129e+00
2.270416378874121843e+00
2.317892090073708111e+00
2.188991494378599967e+00
2.327758297500437390e+00
1.988850882955630617e+00
1.872995059367706494e+00
1.728931901942735827e+00
1.638595643505369681e+00
1.676443379052112270e+00
1.686915332535895873e+00
1.603884995065091523e+00
1.487021881608419527e+00
1.424282031738326237e+00
1.306538172399072106e+00
1.226423106455814871e+00
1.136136369944427793e+00
1.445875403115246316e+00
1.606073957222955872e+00
1.475210748287173690e+00
1.169245468804648302e+00
1.565535241142551826e+00
1.487574018286108135e+00
1.499434682047548817e+00
1.198653065046552779e+00
1.098044889235101795e+00
1.280111808323862066e+00
1.279352360858877935e+00
1.430610513063440337e+00
1.326676964587335306e+00
1.368290628439244649e+00
1.123515473276595733e+00
1.152149707289964686e+00
1.014526624111381947e+00
1.242793666998845303e+00
1.286888722065089086e+00
1.353017410784291163e+00
1.200195192722389725e+00
1.824544744478986846e+00
1.664646926151669648e+00
1.729394856007951065e+00
1.720626012280794814e+00
1.832555775000185294e+00
1.716784033626500561e+00
1.617557652204700380e+00
2.171316505756637483e+00
2.303011212019298704e+00
2.464511885330598062e+00
2.488236346077829619e+00
2.141919133419748267e+00
1.538983874785924355e+00
1.396802150714794521e+00
1.805648061638334356e+00
1.984509514731743085e+00
1.825367135750351810e+00
2.039611373835148900e+00
1.910493064607734048e+00
2.160582584624969105e+00
2.022239487761837040e+00
1.786660265149568438e+00
2.009072845088869297e+00
1.904997203504602998e+00
1.994258981926065211e+00
1.787194505355870433e+00
1.474988337177929321e+00
1.749229645072782446e+00
1.702953883472190455e+00
1.741345927531382065e+00
1.495586133385508720e+00
1.801888926198230712e+00
1.797968004560204669e+00
1.624669827156361102e+00
1.652312757042553315e+00
1.867548546906032669e+00
1.701625553106854927e+00
2.530623101775565598e+00
2.603154510005319278e+00
2.525015732774702037e+00
2.103279867289317817e+00
2.116999813679404596e+00
2.094042009752950406e+00
2.094499921941239240e+00
2.081414903200049515e+00
1.925601898120852695e+00
1.485055919170650496e+00
1.366111443412734827e+00
1.378022805758297942e+00
1.698112805985603657e+00
2.009751949553454153e+00
1.995012245620160884e+00
1.706686243312373508e+00
1.670575146016472168e+00
2.067013875158635994e+00
1.916755254095529715e+00
1.459596942969235478e+00
1.443485976515104685e+00
1.524911427193754054e+00
1.394166833648818660e+00
1.529801308850160746e+00
1.694920687759344791e+00
1.642457688613334854e+00
1.352747777618635627e+00
1.730960963060162561e+00
1.867958192130745321e+00
2.104439756619004509e+00
1.648346859922655172e+00
1.750389362672096327e+00
1.699284654797876826e+00
1.455686687076751973e+00
1.473547824631804115e+00
1.388251982802994888e+00
1.419320281542684858e+00
1.703962207922598004e+00
1.622040051082562107e+00
1.789671543970809298e+00
1.482065504760241792e+00
1.686096302527152035e+00
1.860567067562507226e+00
2.142302078668158138e+00
1.902272700801876049e+00
1.891870469624932882e+00
2.068663355399701143e+00
1.872075270619354859e+00
1.591526530975410303e+00
1.650626464981459041e+00
1.203622904272465766e+00
1.469507310470703265e+00
2.241478540556584242e+00
2.196669046376053647e+00
1.854873046438037854e+00
2.125131153031506681e+00
2.309846311527671059e+00
1.884540693514308307e+00
1.508766391532637030e+00
1.757418936152699063e+00
1.136827867224822208e+00
1.088921817779478829e+00
9.768837745827696484e-01
1.017194229131447525e+00
1.171103310795947428e+00
1.298376979138662568e+00
1.236911372769442075e+00
1.303776287992088001e+00
1.343951112937838754e+00
1.698166778947537425e+00
1.561995101197092062e+00
1.299336964199776734e+00
1.122631898216809754e+00
1.709899514721825886e+00
1.605261012654416009e+00
1.887805200337470568e+00
1.240241173257501162e+00
1.271200802104440752e+00
1.464270267675068737e+00
1.248657883081723430e+00
1.253027819663115272e+00
1.319316683185943084e+00
1.133057092364302409e+00
1.146595102571742242e+00
1.538447894827054796e+00
1.696538136765372462e+00
1.639823334441487646e+00
1.427566527228702808e+00
1.573930269101434298e+00
1.431172648408094883e+00
1.507354872581507133e+00
1.691342305559455639e+00
1.763203149831592986e+00
1.391911690624872966e+00
1.456112717089703246e+00
1.626033217371232187e+00
1.590619916683337687e+00
1.539835451046250192e+00
1.119310670632379212e+00
1.303629648352233383e+00
9.751316291187992480e-01
1.204505326324632142e+00
1.107847999298729347e+00
1.340068541227563248e+00
1.702389748140752834e+00
1.412953332503411596e+00
1.541942889655844473e+00
1.396758661293707071e+00
1.245725587106336185e+00
1.300812128793294331e+00
1.504959549177297795e+00
1.637604402805657333e+00
1.888355351187161801e+00
2.019113778458190733e+00
1.973935611702590798e+00
2.113428029204053704e+00
1.758906436774207993e+00
2.257731061364069980e+00
2.159082853876698405e+00
2.083120979951889051e+00
2.036483269662983098e+00
1.739131296078527233e+00
1.715324234867217079e+00
1.869738905036882670e+00
1.556873235790305010e+00
1.618300715014296287e+00
1.621049271671827441e+00
1.251621301356743432e+00
1.203673239193300937e+00
1.130525837482888818e+00
1.166967901005694364e+00
1.212636258552278745e+00
1.392539347017112794e+00
1.355472836811492110e+00
1.414692824726240916e+00
1.421904254062320794e+00
1.353663113166680088e+00
1.769717096110128951e+00
2.066577241603105630e+00
2.049408501323982890e+00
1.974513680496358781e+00
1.960017695645908775e+00
1.934222404512682347e+00
1.701099412415185030e+00
1.857251013649569460e+00
2.018218417616135074e+00
2.167209987216118350e+00
1.977335228453381166e+00
1.388023786012526850e+00
1.769369240361144735e+00
1.674225257249758902e+00
1.680911691132137564e+00
1.628186911884540011e+00
1.653712057317296091e+00
1.716009420904548222e+00
2.117837204401677109e+00
1.942298128173677529e+00
2.002189799021316219e+00
1.492263429791481189e+00
1.663389747064317747e+00
1.541821089062525463e+00
1.732429798238358520e+00
1.535740823448692005e+00
1.722177494313706703e+00
1.421112652600034165e+00
1.989603462143337609e+00
1.619629022437516941e+00
1.582306767659239721e+00
1.652033226847944736e+00
1.660856070293161402e+00
1.252899723097478990e+00
1.571487791896284181e+00
2.013212184640349900e+00
2.038073869430157448e+00
1.920410685035955911e+00
1.479344201057556818e+00
1.606423559436762849e+00
1.633422986128503895e+00
1.854176388755964133e+00
2.012064762200116430e+00
1.947512301910570232e+00
1.770041645898248639e+00
2.181811249957470888e+00
2.053023362863342971e+00
1.524107641492670417e+00
1.348580350731840127e+00
1.531564568695818807e+00
1.456799401308211506e+00
1.561935551145577472e+00
1.772869934713426687e+00
1.768801998450762358e+00
1.977408749306131641e+00
2.224551002090499718e+00
2.004834425491324179e+00
2.010857221854546850e+00
2.009040285272939652e+00
1.942547755158023470e+00
1.935121534987858105e+00
2.152835632099328489e+00
1.992240270525470480e+00
1.926745086442826382e+00
2.416055780349295912e+00
2.242765504926984566e+00
2.117560845136160275e+00
2.186844853830828939e+00
1.947016772704472931e+00
2.156093111623992975e+00
2.261846154023511080e+00
1.978441511615931292e+00
2.124417949927743798e+00
2.158883645033134346e+00
1.939239886416135761e+00
1.670303774665645724e+00
1.829013715763971648e+00
1.581197603944463737e+00
1.783430254557266892e+00
2.148215146070589388e+00
2.294933341996388876e+00
2.483639823485679798e+00
2.430620530878904617e+00
2.035017459570614751e+00
1.704024577073551372e+00
1.558768010525559022e+00
1.556715461789520027e+00
1.345600676471161883e+00
1.464173832756233917e+00
1.673938151500685256e+00
1.410258528303086178e+00
1.192847882934322312e+00
1.490853026618715882e+00
1.535438662010397248e+00
1.295459127900807861e+00
1.345475395496092297e+00
1.294778531217722239e+00
1.483305780948668495e+00
1.713493067333560660e+00
1.938705352557247963e+00
2.076960004147320848e+00
2.402564988590687012e+00
2.295594316289365278e+00
2.389158429246208470e+00
2.221548837014641009e+00
1.854928698715891500e+00
1.606604215383671708e+00
1.604632665047523776e+00
1.365762761574967676e+00
1.305105873402448546e+00
1.274933504061490863e+00
1.049747511524508958e+00
1.185746355042580413e+00
1.385481197435127543e+00
1.266466305204080323e+00
1.240542858815329552e+00
1.292655725628699681e+00
1.407859535946969443e+00
1.154807665004180084e+00
1.360438341091532610e+00
1.830601851181921980e+00
1.680530175168434059e+00
1.624015850215529966e+00
1.853120111903506118e+00
1.735814889595614252e+00
1.591669508975185110e+00
1.732615401072631789e+00
1.137162785147654676e+00
1.277310705706283356e+00
1.319366842586956245e+00
1.456755404309728164e+00
1.349432789347309258e+00
1.521199023910986270e+00
1.345657645906644717e+00
1.095522605681205741e+00
1.237445360350488466e+00
1.280332768884744787e+00
1.671930568378255488e+00
1.461184917327048360e+00
1.524194968149557461e+00
1.627118621763392170e+00
1.339951901449110583e+00
1.156095451682012332e+00
1.349642359227064325e+00
1.276219030443501934e+00
1.523535012967638824e+00
1.563928495214707448e+00
1.397576146953117382e+00
1.576303355211564616e+00
1.286020291449464725e+00
1.236590723371689071e+00
1.823053858397829963e+00
2.046347267268190162e+00
1.823964063009853920e+00
1.998252353260934200e+00
1.741806662349999701e+00
1.739815875624845409e+00
1.894506364649728214e+00
1.600891604118549694e+00
1.973956758288542446e+00
2.015242218286720899e+00
1.991554000718307904e+00
1.938745459475544664e+00
1.828683833606620901e+00
1.669818211391248752e+00
1.664130315635293345e+00
2.023565422158731586e+00
1.822117557810280175e+00
2.091770240293516547e+00
2.029620047446080378e+00
1.375255445881727878e+00
1.502338421434574078e+00
1.844676381466051174e+00
1.187077859270285973e+00
1.353992203420798512e+00
1.288004196371129728e+00
1.191190361629972605e+00
1.199940082215628978e+00
1.221221560325075339e+00
1.306021958229761637e+00
1.522143562427580754e+00
1.238130618564474261e+00
1.285696394129597131e+00
1.134120745498542027e+00
1.433819692263866408e+00
1.086964219066899329e+00
1.059295776413157641e+00
1.014087550073113908e+00
1.279983797287320257e+00
1.496588695808535929e+00
1.105495339611166861e+00
1.171867428153921198e+00
1.527966833113087342e+00
1.440159898805391414e+00
1.586540620308010130e+00
1.492714825667484257e+00
1.291080372770963658e+00
1.118180073177552858e+00
1.040736137354244306e+00
1.247078690938655976e+00
1.210210428077938216e+00
1.248396236088966660e+00
1.622808781226997343e+00
1.947195778822010670e+00
1.684038560472534973e+00
1.760821820162799645e+00
1.916709526656021012e+00
1.867509115638366302e+00
1.498754526070336324e+00
1.958756856232273469e+00
2.196594039200386650e+00
1.772294849356395252e+00
1.980208376102858825e+00
1.393355434349530242e+00
1.447660964636512393e+00
1.422373637125960100e+00
1.465819890572480411e+00
1.659583614229404036e+00
1.887970402013623428e+00
1.732609303617092866e+00
1.412719312043718922e+00
1.591794160490055177e+00
1.627101748617704180e+00
1.230925601201950714e+00
1.264480068101979882e+00
1.383593337727984318e+00
1.312671190104663266e+00
1.301275863020120660e+00
1.371743672281397153e+00
1.576866095931793055e+00
1.318769045875807899e+00
1.425152007480420924e+00
2.173774463105399679e+00
2.146578330326458062e+00
2.041190883617876484e+00
2.235181792778100807e+00
2.048314921888228390e+00
1.887948889974024658e+00
2.224366648695582427e+00
2.472089227809547651e+00
2.141677112800858485e+00
1.542584182102359369e+00
1.634867941271428649e+00
1.669714581026361166e+00
1.445020987468426998e+00
1.367392638215272793e+00
1.887375377372738416e+00
1.605983239622361003e+00
2.211329757657272577e+00
2.144012902848026592e+00
2.100854141691362642e+00
1.651978035447175364e+00
1.457811563319409753e+00
1.836768794977610142e+00
1.569384636534890021e+00
1.452291072813426176e+00
1.607127598842749139e+00
1.590744323983860342e+00
1.422022438898363550e+00
1.480753160946967739e+00
1.628116261806807685e+00
1.661965031553282124e+00
1.908303230423211039e+00
2.033636326304515407e+00
1.570385036365711917e+00
1.572307021991780074e+00
2.152242553109864343e+00
1.950142352006182023e+00
1.759919990313671079e+00
2.065492079445217399e+00
2.093646041679597669e+00
2.467159803562307907e+00
2.173994998961975345e+00
1.902733920976306115e+00
1.622234433721221336e+00
1.502080857800642377e+00
1.364668679255762296e+00
1.817506986735280439e+00
1.690118318552643828e+00
2.020849200050890193e+00
2.111482262383864050e+00
1.795776778062687207e+00
1.486703377601415133e+00
1.503714268391981745e+00
1.616640884184622484e+00
1.475393077153355215e+00
1.169155889743457077e+00
1.224402240376634587e+00
1.334679051782633241e+00
1.260751771721364767e+00
1.807537282983012750e+00
1.343228739778322023e+00
1.495076894225550790e+00
1.432930746218192608e+00
1.268098872797429610e+00
1.255823147492980851e+00
1.635685210219677721e+00
1.551625414226875277e+00
1.359711233982293210e+00
1.244088562250881047e+00
1.086044161915637352e+00
1.045320019884181439e+00
1.025436235767710924e+00
1.214756929668336705e+00
1.343040484015909364e+00
1.690612581985575735e+00
1.947178312467671590e+00
1.502018464962967093e+00
1.776760732315389113e+00
1.613952207501320180e+00
1.622738061735738757e+00
1.738851550961153736e+00
1.728084445922648316e+00
2.098192193201027234e+00
1.809545939909596557e+00
2.450857475585517697e+00
2.196631944030332573e+00
2.549601940304732306e+00
2.019209247381472228e+00
2.020237890914461598e+00
1.898921020026887563e+00
1.787941238884727113e+00
1.198306806080775111e+00
1.745502303776769182e+00
1.573131621212289666e+00
1.757570221525432075e+00
1.762153638012020629e+00
1.730656691497248545e+00
1.636392816193335653e+00
2.048600891160905046e+00
1.925806003717256409e+00
2.065771610814839399e+00
1.654527716449793573e+00
1.061161378751034112e+00
1.627057098317036266e+00
1.228867168775265029e+00
1.454065837583057075e+00
1.189804271210410436e+00
1.490207735806100331e+00
1.919541216104918790e+00
1.911244842043314351e+00
1.813066525629634773e+00
1.857918941148506198e+00
1.774417996802492015e+00
1.718412652518495065e+00
1.621186864439692732e+00
1.592976718051586360e+00
1.776631677531972819e+00
1.504212655611954608e+00
1.543485082087733495e+00
1.787097532088853358e+00
2.011206084564934660e+00
1.874274377945659431e+00
1.759745798015940554e+00
1.468758146177330026e+00
1.134933196506657582e+00
1.139458523950279245e+00
1.347729549509214531e+00
1.686564699728371863e+00
1.477076358596244532e+00
1.644230179581784856e+00
1.630305356936950334e+00
1.613191992664804619e+00
1.792215227768009234e+00
1.972848673629262750e+00
2.170900642878804021e+00
2.073225338612475710e+00
1.803835438404165714e+00
2.011649992006388388e+00
1.932437174370242872e+00
2.002224507530653952e+00
2.403502357502835363e+00
2.481823124862424734e+00
2.489866964309913833e+00
1.938125061178682662e+00
1.750726059360329545e+00
1.859596607752615816e+00
1.595636061418391094e+00
1.698835343944876231e+00
1.417835888913000053e+00
1.504634211540728295e+00
1.790841003443959467e+00
1.868445532416771915e+00
1.824372394273486853e+00
1.567605715553786361e+00
1.600591996055162003e+00
1.902197922450703294e+00
2.200828661663843278e+00
1.548793249481607459e+00
1.823291420882127589e+00
1.676813244134969016e+00
2.203225175963543503e+00
1.824181453148997711e+00
1.485307652900141440e+00
1.306837612816771577e+00
1.548502300174859014e+00
1.756085805099947494e+00
2.047023856300258959e+00
2.001494483926962609e+00
1.519087039801775951e+00
1.679727509694028287e+00
2.139370251338753359e+00
1.865068809692936869e+00
1.839047920619483634e+00
1.872242872796458402e+00
2.058696146482879907e+00
1.508798768368590393e+00
1.775101884334854718e+00
1.658354983363409918e+00
1.435870811714166306e+00
1.684220743433076040e+00
1.756635345088054967e+00
1.581568315140639669e+00
1.628412256540461289e+00
1.654940848079059057e+00
1.190019641142853413e+00
1.269648553676435032e+00
1.708680745550810842e+00
1.584999578738335302e+00
1.399764104778348450e+00
1.658189281234375700e+00
1.396828847402169727e+00
1.399704687085806976e+00
1.594510466990837427e+00
1.641417716724679288e+00
1.734477222930772555e+00
1.554566205525380829e+00
1.369800043441552706e+00
1.367117665915232205e+00
1.136331121552592194e+00
1.313815025659490265e+00
1.120097655101104595e+00
1.529511286129698666e+00
1.813122218550571763e+00
1.912714742182970884e+00
1.657061418401952757e+00
1.927419423893758976e+00
1.874960826056899954e+00
1.685086635647322417e+00
2.010850284994500026e+00
1.878624473498864633e+00
2.218158204509177889e+00
2.141249083473106829e+00
1.681113031429159577e+00
1.973916666055140157e+00
2.556531351791585749e+00
2.269586599961331608e+00
2.118460675445507757e+00
1.674328051288265007e+00
1.617196765725345431e+00
1.556415345369829284e+00
1.653951030914748932e+00
1.924351798561172444e+00
1.377359827691556404e+00
1.770717610482239968e+00
1.745702855215162330e+00
1.887026503827124335e+00
2.101858656392726399e+00
1.999713741270461531e+00
2.043991870541646438e+00
1.982419082953962519e+00
1.904084535639018583e+00
2.104609217077028305e+00
2.512538468798806601e+00
1.957828943528556964e+00
1.999560723016540198e+00
1.818071255702421896e+00
1.925191663441127465e+00
2.333608751353065003e+00
1.909604460241405732e+00
2.084969637776378448e+00
2.100788251275325980e+00
1.888632629619520165e+00
2.009418312972442333e+00
1.475221769478340716e+00
1.394931534385111638e+00
1.688076478376488998e+00
1.602346416217780956e+00
1.589100326463539492e+00
1.858692107444465114e+00
1.929881057279190459e+00
1.701913209853215925e+00
1.658013176673818423e+00
1.406464597238260117e+00
1.351563038782236603e+00
1.689751231771961848e+00
1.490163899101814016e+00
1.235760966512067016e+00
1.257542575449688727e+00
1.532811302421166255e+00
1.458576708798658306e+00
1.356397006268371896e+00
1.652761610984837759e+00
1.669967031342352914e+00
1.333026145742893798e+00
1.291930759266121775e+00
1.453595047108717564e+00
1.543842017648307641e+00
1.445438598547052811e+00
1.389085083898885742e+00
1.241330240800998741e+00
1.297622205854833011e+00
1.431548759021108452e+00
1.143025269875804328e+00
1.252484465951431147e+00
1.611901238319077612e+00
1.531353833098389128e+00
1.448731920103998316e+00
1.244073279292919665e+00
1.546567947544090771e+00
1.394853893843285508e+00
1.001333840274852394e+00
1.152919568944723805e+00
1.401025806667951512e+00
1.329346957848569488e+00
1.495070553695578175e+00
1.463675527273276877e+00
1.585480587518412143e+00
1.623920765191718019e+00
1.783456351133865470e+00
1.912032556785715487e+00
2.136528518960819412e+00
1.465247274063256944e+00
1.519200493004395414e+00
1.519496040438190976e+00
1.643662235592178167e+00
1.392240509362383527e+00
1.382797376564184555e+00
1.735066966055737625e+00
1.711937223460139101e+00
1.768846064194677936e+00
1.611714852793183939e+00
1.582872643858383555e+00
2.084862818137526386e+00
1.502120510638434991e+00
1.461366847974947092e+00
1.856196985479207306e+00
1.722783591316428220e+00
1.488474857564765941e+00
1.570758911377136524e+00
1.701627923230386585e+00
1.917864403457312683e+00
2.261950142387392670e+00
2.049096334456736557e+00
2.165875860949718845e+00
2.104355045245098310e+00
1.665002183017153303e+00
2.189546587220628115e+00
2.406848950357520778e+00
1.804711413193889502e+00
1.650046255244455473e+00
1.585857215953558441e+00
1.423202881235323014e+00
1.317052275782758297e+00
1.648319558890713354e+00
1.918915178479166705e+00
1.819259887053500613e+00
1.743112836947326771e+00
1.554591343081601851e+00
1.742042311221194018e+00
1.858149932649480363e+00
1.613841125553026501e+00
1.562283261476196339e+00
1.773562530501645362e+00
1.739435678287791109e+00
1.564031326981719427e+00
1.997248342933547027e+00
1.854756263552012285e+00
2.166370229327408747e+00
1.638560985649980317e+00
1.573538879341244812e+00
1.662436271871666538e+00
1.894027684886981922e+00
1.395100740710862208e+00
1.450981006324912892e+00
1.459166600814185255e+00
1.273834043654757053e+00
1.454437325143299375e+00
1.094061457552192307e+00
1.149912840390401758e+00
1.117820964919253202e+00
1.204510043719741574e+00
1.514212741886145075e+00
1.458272383773371983e+00
1.340183105825905718e+00
1.359664869513253826e+00
1.270159321466116209e+00
1.128609246647700903e+00
1.304446882706440602e+00
1.673237347607723358e+00
1.913270028311210957e+00
1.900983869498804602e+00
1.756191636629614194e+00
1.647171873145224286e+00
1.839177424036289921e+00
2.160057422964845042e+00
2.203823539949437915e+00
2.478339534721889503e+00
2.199285754108947888e+00
2.218044245218914412e+00
2.163414041006943567e+00
2.216052006141152386e+00
2.280189953358482846e+00
2.326234563388257293e+00
2.672785193405026405e+00
2.415632728718980715e+00
2.255019417003049309e+00
1.758617241162732769e+00
1.948701720875913868e+00
1.872276794995873406e+00
1.594820270922464145e+00
1.864164788161622788e+00
1.200137954099050663e+00
1.967981156725980174e+00
2.115062918677831583e+00
2.088925563786488748e+00
1.799826248172081922e+00
1.902910860406544336e+00
1.679487321051120308e+00
1.628606709689947252e+00
1.651606018318308777e+00
1.413842017973619747e+00
1.459145807515894733e+00
1.530330063661794471e+00
1.276370482226933722e+00
1.408284681253755721e+00
1.792190792734085214e+00
1.794027981083924805e+00
2.068215739755299154e+00
1.974149856960645266e+00
2.091496788033971654e+00
1.847513136400764644e+00
1.378637958534520314e+00
1.436754816711796723e+00
1.432610908329998933e+00
1.390625461477514646e+00
1.347797524669243519e+00
1.270100113146989340e+00
1.526124932726823147e+00
1.499219998200203907e+00
1.584584736464807797e+00
2.086586965365316182e+00
1.536875072447272839e+00
1.013138068337557485e+00
1.444179029849280038e+00
1.479997214480287537e+00
1.357517946460146119e+00
1.200834466563961422e+00
1.768827137987177167e+00
1.948680293012943654e+00
1.791538340884372804e+00
1.694107935733028647e+00
1.382119195493112906e+00
1.643950110482861326e+00
1.439163127658938723e+00
1.406106011386969001e+00
1.291827430242068697e+00
1.585318622899382079e+00
1.398875471218589794e+00
1.489031451369661418e+00
1.363677009891867131e+00
1.507504842161115910e+00
1.313129927182089540e+00
1.333082559317720239e+00
1.333141288824917448e+00
1.380883569147410839e+00
1.194175227013358542e+00
1.414112134889533356e+00
1.349837091458477190e+00
1.223761981856868131e+00
1.226915800134773527e+00
1.598774017715686391e+00
1.787646781715529487e+00
1.602878876296147004e+00
1.428125538691621399e+00
1.343696143423108502e+00
1.416309243910646387e+00
1.422212211300230678e+00
1.228891673737994683e+00
1.262333419003146995e+00
1.524100762834707634e+00
1.450359622252774372e+00
1.836190666921153181e+00
1.769428895455399386e+00
1.894369678487988651e+00
1.714242791875391081e+00
1.342935502545681281e+00
1.513419922691947583e+00
1.260875056435913244e+00
1.407833694520741474e+00
1.386568469658874481e+00
1.709705959723730961e+00
1.501591482756259088e+00
1.691137324527660413e+00
1.481118982851543420e+00
1.622122075269508690e+00
1.837464079766990110e+00
1.831512631788669854e+00
1.840169870397336815e+00
1.432433555651629220e+00
1.571172642154172294e+00
1.752108084762003415e+00
1.445623012908413552e+00
1.475641988726385412e+00
1.674259017916701175e+00
1.771711380990744988e+00
1.623985040788299195e+00
1.793454285774279233e+00
2.101015230172557757e+00
1.664140448573033115e+00
1.796112135253032482e+00
1.423485005896037547e+00
1.650442384305035537e+00
1.893448669796810924e+00
2.301136370801456721e+00
1.960695768122439731e+00
1.891775599384536211e+00
2.064820427840118544e+00
1.960023766748162366e+00
1.857993206923252094e+00
1.204755831223319529e+00
1.138395342287487511e+00
1.420771943484631317e+00
1.259844617268989886e+00
1.306885912796437843e+00
1.214813647458906631e+00
1.280486311134024113e+00
1.397880431352949593e+00
1.074107355873273217e+00
1.028745448104324556e+00
1.472215843140860736e+00
1.573278541865863467e+00
1.932177096585708576e+00
2.031536622602611697e+00
2.065662938569376994e+00
2.382480247430681874e+00
1.977591435000093156e+00
1.673499159000298109e+00
1.442731570954153941e+00
1.889485702372121212e+00
1.715937414769427072e+00
1.806974873933886450e+00
2.040009885057702643e+00
1.888695733941919475e+00
1.680308740166770454e+00
1.978320214457705895e+00
1.804282861985273545e+00
1.992251354204241709e+00
2.098261208142728318e+00
2.128769604557946948e+00
1.635552346878424546e+00
1.575538246478977555e+00
1.582953982645245228e+00
1.713974096860606311e+00
1.664972679573704539e+00
2.427999426415015094e+00
1.774850864817395735e+00
1.723185357314932054e+00
1.759774783044256941e+00
1.943405977548520402e+00
1.791425929115772364e+00
1.324180653288287601e+00
1.417585473629104253e+00
1.397527568509550067e+00
1.258393611730793005e+00
1.420196007893685275e+00
1.569772876967216568e+00
1.667653265704486465e+00
1.724236973259164918e+00
1.861591946190066515e+00
1.416901168020883617e+00
1.434234349836410294e+00
1.309466422770058758e+00
1.285127940461973983e+00
1.519440972275920565e+00
1.688841907816676979e+00
1.347995241372122566e+00
1.437163203276338841e+00
1.950496860691362855e+00
1.520817508234651116e+00
2.025610844006601408e+00
1.921262357944126808e+00
1.862638271873679585e+00
1.909595120058669160e+00
1.639301456086070363e+00
1.806731279557868053e+00
1.598946281096501831e+00
2.158947922268496633e+00
1.864674183400221397e+00
1.321670988620683440e+00
1.445239291920710434e+00
1.285111758273420168e+00
1.381705809675777052e+00
1.125038269303453964e+00
1.797328662332300375e+00
1.802191670490596032e+00
1.840567267573099741e+00
2.003582994280571405e+00
2.330558372695754610e+00
1.939095550611448004e+00
1.693729439888754129e+00
1.829890723220272797e+00
2.339905188704305417e+00
1.993773159859450139e+00
1.991658329324692112e+00
1.913221052332582550e+00
1.949151005940170878e+00
1.701469713179291521e+00
1.539863231627178530e+00
1.425089078720849223e+00
1.420416137750201813e+00
1.239349878884686618e+00
1.243062415848350533e+00
1.716560932747725587e+00
1.629252490964779643e+00
1.588176426125969654e+00
1.560862117012481676e+00
1.194088050430216041e+00
1.430743034086991550e+00
1.346730356841729703e+00
1.566918412446569819e+00
1.142679764278893506e+00
1.171841601676838041e+00
1.148500524170302350e+00
1.073929502925054846e+00
1.088910938527926531e+00
1.310594582936323915e+00
1.553840736223379260e+00
1.328198731307564273e+00
1.402696121807614160e+00
1.929417387018432795e+00
1.852552932645064265e+00
1.506045366603740554e+00
1.650133572628091461e+00
1.834036454995015664e+00
1.596794666641399019e+00
1.251783930595726346e+00
1.369952982064176705e+00
1.522966820353877315e+00
1.481361801138221468e+00
1.502753198298188098e+00
1.676253685829151907e+00
1.542915735601263716e+00
1.619024797145289130e+00
1.589823330810152369e+00
1.714005864594380757e+00
2.124080991604562652e+00
2.072482891508045988e+00
2.073823182957498457e+00
2.092109738797600649e+00
1.802173866653261403e+00
1.803461145007432043e+00
1.782494476666462990e+00
1.456089471966380611e+00
1.718602540581494198e+00
1.822287408639382322e+00
2.015760893705716317e+00
1.842561333215221753e+00
1.762515744222283631e+00
1.481404398551865009e+00
1.452737484422907288e+00
1.625809015398026025e+00
1.236608201479887592e+00
1.379763269338624809e+00
1.338117228016671989e+00
1.431022467190432579e+00
1.262571745293216807e+00
1.183051486231183835e+00
1.404396032074906264e+00
1.830103613762416259e+00
1.729270747296223210e+00
1.889083954707736268e+00
1.899294685930019710e+00
1.722755338131791270e+00
1.547189468487656372e+00
1.951753180647235686e+00
1.788333974624892520e+00
1.742974600697915655e+00
1.532881805555997623e+00
2.185306847618336601e+00
1.954392011077021651e+00
1.975832108409768528e+00
2.134504565560154443e+00
2.120762420827829065e+00
2.384396443317493119e+00
2.101138191008113942e+00
2.068793646995819913e+00
1.785074804573532736e+00
1.847396667018659677e+00
2.287406137320156407e+00
2.269549755820521764e+00
2.224843137411263605e+00
2.112566685595362426e+00
2.384962640354810315e+00
2.049561303262635636e+00
1.434950636834331883e+00
1.243607050152862881e+00
1.425877053823741747e+00
1.238356566062545738e+00
1.758008500056694734e+00
1.328758863035257143e+00
1.326627428305665379e+00
1.505862381177127673e+00
1.323601946332382928e+00
1.216240441523830818e+00
1.205506304420739916e+00
1.697766881073153655e+00
1.487197125290306454e+00
1.516715223107144128e+00
1.085731833511474731e+00
1.305113340721407278e+00
1.342951158597396333e+00
1.345246672677110400e+00
1.522260204129668448e+00
1.664568717759503436e+00
1.468907385958333922e+00
1.181268336379802442e+00
1.151968292892928014e+00
1.244175246705715665e+00
1.285613828689018412e+00
1.628386503860336010e+00
1.565496681848158822e+00
1.379538554499349257e+00
1.345234088336638045e+00
1.721253568478817941e+00
1.858053955046440109e+00
1.512199413720580310e+00
1.730307584334846771e+00
1.646751311794715011e+00
1.821226812805725848e+00
1.781995543119628822e+00
1.686738947448295001e+00
1.576671678946252042e+00
1.764717016533973837e+00
1.621982762901948538e+00
1.288432350965298845e+00
1.268438281620370978e+00
1.429863046462474863e+00
1.638662368573156503e+00
1.725188438802870650e+00
1.487338851847453736e+00
1.081948655475460930e+00
1.302733724924450165e+00
1.322805924600007899e+00
1.315640553775499377e+00
1.301997580282851397e+00
1.831207943454704834e+00
2.337256411370388420e+00
2.056527502484996273e+00
2.157330969848586300e+00
1.672587608875896414e+00
1.630363123288292249e+00
1.361900672743192819e+00
1.391048742724862342e+00
1.798584923637037036e+00
1.850539235142508065e+00
1.539700164571942143e+00
1.486277202796071339e+00
1.381941107355076914e+00
1.385321925945351751e+00
1.460193671391081027e+00
1.795383734772319828e+00
1.734190643605084237e+00
1.869000500162048439e+00
2.103136092192334772e+00
1.765996302903303450e+00
1.705496203483264583e+00
1.858310473438642862e+00
1.614310826171611923e+00
1.557316094873372414e+00
1.264138197750090287e+00
1.132122241002073482e+00
1.152773631204202509e+00
1.156599192023805900e+00
1.188172104876534130e+00
1.171460028162501166e+00
1.147797631083953496e+00
9.822775833437762394e-01
1.297978015767323967e+00
1.319400483775486688e+00
1.103679330480503706e+00
1.294413238156571833e+00
1.427822067452554800e+00
1.241606542810741010e+00
1.521967933079831026e+00
1.345352818455759936e+00
1.661872695595077776e+00
1.500432830417793406e+00
1.163820851467501916e+00
1.273932164546384582e+00
1.434424521245666329e+00
1.500371167422684060e+00
2.025382656211502930e+00
1.708499928937649237e+00
2.027065718240474990e+00
2.060053913157925187e+00
2.185979325977178700e+00
2.486888920914700929e+00
2.318384969612265145e+00
1.990201670945317858e+00
1.564216173690301970e+00
1.788317468866663873e+00
1.941445900113188294e+00
1.789888039215410842e+00
1.811125393329602318e+00
2.015233786037267993e+00
2.520746569930645720e+00
2.128758938702946857e+00
2.036869067608483519e+00
2.228154632585801931e+00
2.195179025618387403e+00
2.112545582864543192e+00
1.924262384296155703e+00
1.743305054832293699e+00
1.947458278408111809e+00
1.501033582771244657e+00
1.631043065550926929e+00
1.464055140593081950e+00
1.380725075516771483e+00
1.420361407920118779e+00
1.404208050014918552e+00
1.596576528860546906e+00
1.646619387609135066e+00
1.462211683622158143e+00
1.704860256377977556e+00
1.611929825868632982e+00
1.574730902167062352e+00
1.523064808190458308e+00
1.508860015250856890e+00
1.611737514003308114e+00
1.786021017860518700e+00
1.452399676711722654e+00
1.550839612985733362e+00
1.525052298546683227e+00
1.737755131209097970e+00
1.507350970028843662e+00
1.303960696632465943e+00
1.189590711449297178e+00
1.159192528606416195e+00
1.025675398184913600e+00
1.224150108353803335e+00
1.005242210533064728e+00
1.154776568856256125e+00
1.348571168467340708e+00
1.233664845176554170e+00
1.656719779881118626e+00
1.372071224031138792e+00
1.409548975753623257e+00
1.493311769146557388e+00
1.287752098493982533e+00
1.392451491974097344e+00
1.217197629140132520e+00
1.159876771828360686e+00
1.306488808062457707e+00
1.145171684437198856e+00
1.160690887754735945e+00
1.179603683967257233e+00
1.185507160062607923e+00
1.384157686261877629e+00
1.631878615471238803e+00
1.336418659251019214e+00
1.641708096822112495e+00
1.898143395693121294e+00
1.921295908907586281e+00
1.598051566417662661e+00
1.594636988380495612e+00
1.447628152695079384e+00
1.286481711228784963e+00
1.368233552386708185e+00
1.852757315237242963e+00
1.462002132075656657e+00
1.876333760165189268e+00
1.961828866804598892e+00
1.769709728268569426e+00
1.447989087670614294e+00
1.800749957375527899e+00
1.934209322721003987e+00
2.010509763175617248e+00
1.945844178169695127e+00
1.765703769419974201e+00
1.950009502986013832e+00
1.833262040454447517e+00
1.912323887166121894e+00
2.051208018574601777e+00
2.051532118841180363e+00
2.129642047451933973e+00
2.072232139732719247e+00
2.522347844350593338e+00
1.840466320350514273e+00
1.884814328522168125e+00
1.915020896619504587e+00
1.534808446450656172e+00
1.649590410787735495e+00
1.496174007554852192e+00
1.337552732374708064e+00
9.186687309777185062e-01
1.224948215070104318e+00
1.358686334734473533e+00
1.550774885408479964e+00
1.591324850358031284e+00
1.073959357584683749e+00
1.414723969840518292e+00
1.112141394023730356e+00
1.225680193684105967e+00
1.283874853197719101e+00
1.279985632460351352e+00
1.999796454797072576e+00
2.153861855995129915e+00
2.391986579778371702e+00
2.194758297006907277e+00
2.080576165554419266e+00
1.487590438641117396e+00
1.837752545277896221e+00
1.665062181391458118e+00
1.744757342084906515e+00
1.747483311750453128e+00
1.789137353736604430e+00
1.918449516358232465e+00
1.846248137030718439e+00
1.627251347482205901e+00
1.884787676064142437e+00
1.418877988391459732e+00
1.357606544071353838e+00
1.648027166653725617e+00
1.383751535360391749e+00
1.627903848553785116e+00
1.967163181624882684e+00
1.300586880530278933e+00
1.243495334472104918e+00
1.370949146100941762e+00
1.315593929893839054e+00
1.368508298401232004e+00
1.268150146421674007e+00
1.655149229587193460e+00
2.010890386577425470e+00
2.125961902519707625e+00
1.641985220774552889e+00
1.447932635666244527e+00
1.820027666805994038e+00
1.419890066134981144e+00
1.387879553324878223e+00
1.668842301457746036e+00
1.602612359178437806e+00
1.552685394971920596e+00
1.773434282312046806e+00
1.632050517974853010e+00
1.454517885189658521e+00
1.580448942590567452e+00
1.400861537946488156e+00
1.145357338264747282e+00
1.108087285066545080e+00
1.351196585172092179e+00
1.296622465616128705e+00
1.170691085556904598e+00
9.825710672786096556e-01
1.194713581609124997e+00
1.687720252598545079e+00
2.064062996746266254e+00
1.699869993418806846e+00
1.630293137433322048e+00
1.950808073387089170e+00
1.769865710812293491e+00
1.881866114702099413e+00
1.764800140356807212e+00
1.830468968629235693e+00
1.802041002779601886e+00
1.783941899288804755e+00
2.281647319035284394e+00
2.334836477163805490e+00
1.688249143622327697e+00
2.169912368272043146e+00
2.340188161716427295e+00
2.425980720625657394e+00
2.150279147274198888e+00
2.252678384239604537e+00
1.526914040046842169e+00
1.811345902429051025e+00
1.820738911328672716e+00
2.202881934188674062e+00
2.031181794668549312e+00
1.959498588028169452e+00
2.159823474423509637e+00
2.166089621085478978e+00
1.749632763859505946e+00
1.989545442332387282e+00
1.761162413161023288e+00
1.411836263562960214e+00
1.960229729481815175e+00
1.825803079184110445e+00
1.457231701200766505e+00
1.285945788219361230e+00
1.773272146367165236e+00
1.830164482136095394e+00
1.896284419144071087e+00
1.724069381899534070e+00
1.634789575098321679e+00
2.087877741487863315e+00
1.840547102961936021e+00
1.742363245705135899e+00
2.054944716087759193e+00
1.857708744884541519e+00
1.583570508448618019e+00
1.617714447388618026e+00
2.151073995086553836e+00
2.034848987903906448e+00
2.274497818707270191e+00
2.140497361738940452e+00
2.092775568774471129e+00
2.043142951432293852e+00
2.055802535304998013e+00
2.262476983106397999e+00
2.015654671551279087e+00
2.131758012331684160e+00
2.387736062366560219e+00
2.005001435320405534e+00
1.808274757814795963e+00
1.835175578114516259e+00
2.061231337077945369e+00
2.082167244349594437e+00
1.761203123164218454e+00
1.741284812716127339e+00
1.465485607847266891e+00
1.642903451033809858e+00
1.286192400425015814e+00
1.282236693117293935e+00
1.200205664979693498e+00
1.276034633346158076e+00
1.274727816239899392e+00
1.381803382374470424e+00
1.473799618433156100e+00
1.490872971168655026e+00
1.580762162302982832e+00
1.611441580478447211e+00
1.613774275396696156e+00
1.414185375841304548e+00
1.307855132040172785e+00
1.473986343642144314e+00
1.422710807101198682e+00
1.792481955656585857e+00
1.903629541841305617e+00
2.559835630426617215e+00
2.333729609777163372e+00
2.328589376255316701e+00
2.031743940808258930e+00
2.294461881674058290e+00
1.682743038828235616e+00
2.011302280009787058e+00
2.276493395219206572e+00
2.118110811992728770e+00
2.522181892048863894e+00
2.355325941015384839e+00
2.423106937283999063e+00
2.236668008399506746e+00
2.566732578185057179e+00
2.232907687828285415e+00
1.993176886536582870e+00
2.066237850237534257e+00
2.014434098163705666e+00
1.481666901291344152e+00
1.915135109283228942e+00
1.701548038389506745e+00
1.772192554169204515e+00
2.043019326158734383e+00
1.990341700748119891e+00
2.293222019605447581e+00
2.496950752198888956e+00
2.341766043281019005e+00
2.254545219925129462e+00
2.366376052915839523e+00
1.764667345714055147e+00
1.818056997970543209e+00
1.718486120432201503e+00
1.741871985950006918e+00
1.743099302910184667e+00
1.615413644184324315e+00
1.631371033426574968e+00
1.360595391378716768e+00
1.310371808555133466e+00
1.881727726815050294e+00
1.555567725562999604e+00
1.507543351652143038e+00
1.303950907119222569e+00
1.408396391771083334e+00
1.174691940895262965e+00
1.125551203685382307e+00
1.373261230097072794e+00
1.386778867777499258e+00
1.419637681158192777e+00
1.583871169333872952e+00
1.516401917233271668e+00
1.685687042486367915e+00
1.749301302336751851e+00
1.442864275102604399e+00
1.433237659414665410e+00
1.503137266692098128e+00
1.282498052422883283e+00
1.345740660267184863e+00
1.246014536135869211e+00
1.308605437839341690e+00
1.255686328789840767e+00
1.104316197905932606e+00
1.356492053985178581e+00
1.171062761173417455e+00
1.050854001812766114e+00
1.130917370079452366e+00
1.581562924506284107e+00
1.382001970243705857e+00
1.443743626665598079e+00
1.169240491805199511e+00
1.388691390484865673e+00
1.062252035197938316e+00
1.212136385199521715e+00
1.304327144003755823e+00
1.363810269830906474e+00
1.289924891228187320e+00
1.301697650716313825e+00
1.197924132098653116e+00
1.503257646701267269e+00
1.264408951691352812e+00
1.723737790414666904e+00
1.748265419158068656e+00
2.020606162009238371e+00
1.416644397010151657e+00
1.588509669312036188e+00
1.829319428527323765e+00
1.895436973275979042e+00
1.567997668058752625e+00
1.633311603906773435e+00
1.387029912775523233e+00
1.442436939240233640e+00
1.508030933954719099e+00
1.801618142816867163e+00
2.312182473824649698e+00
2.289834964025527331e+00
1.934132906610677827e+00
1.957471662295891424e+00
1.646235073862270415e+00
1.869450184584180663e+00
1.910193537141388731e+00
1.682945163259979893e+00
1.747375615488086398e+00
1.600983291046435442e+00
1.601958156471551042e+00
1.261232385660266075e+00
1.304202215912300566e+00
1.515269331127149011e+00
1.478676646962344243e+00
1.342867636408948240e+00
1.198359153261964405e+00
1.193819529558417525e+00
1.345581685594061438e+00
1.492593079765776487e+00
1.798225284784100042e+00
1.862398405319466876e+00
2.052795089589058097e+00
2.048288956176215425e+00
1.638727696104794296e+00
1.702308305899993046e+00
1.404332395122869448e+00
1.513476783984358143e+00
1.558122509649228604e+00
1.469325556070023797e+00
1.732588051871253532e+00
1.839744640712918544e+00
1.722371227488781020e+00
1.684766646329325601e+00
1.561025766125704761e+00
1.766031755097260403e+00
1.450526269939871549e+00
1.164311368320117168e+00
1.477216227155492057e+00
1.493921789011107393e+00
1.661453513457896936e+00
2.131032998482593310e+00
2.151587113791435968e+00
2.026488740467195182e+00
1.852427362347730755e+00
1.679097270471136660e+00
1.485733037220680952e+00
1.564576543505090234e+00
1.507664428457458072e+00
1.668978710074191740e+00
1.519896481460126125e+00
1.713546921029922787e+00
1.744448340921001872e+00
1.434391318667223914e+00
1.773919392522836036e+00
1.792095190664327209e+00
2.120064056416755882e+00
1.854650437752559444e+00
1.258145131065544042e+00
1.384606578622406658e+00
1.245668783036607108e+00
1.312797148617105947e+00
1.459633834031215160e+00
1.517424682253828649e+00
1.551743424478047917e+00
1.690510682948267451e+00
1.136962991090296970e+00
1.127612348271434195e+00
1.292744594375761391e+00
1.564553101162674764e+00
1.636655185690387704e+00
1.909519700305748913e+00
1.730440618568029443e+00
1.667339508639371193e+00
1.510952999049980372e+00
1.490351671997286243e+00
1.146464244935116561e+00
1.149234742523479458e+00
1.524382307438664874e+00
1.298866936805229910e+00
1.599220444971892530e+00
1.890691703509781441e+00
1.744311733884922111e+00
1.735493674606547687e+00
1.556795323893839678e+00
1.444470965982465271e+00
1.056244513337094348e+00
1.223900265634527251e+00
1.788310796585648621e+00
1.857113029735335763e+00
2.043282999735941186e+00
1.733628888209812757e+00
2.037046228462027209e+00
2.449691817376228986e+00
2.273807180735967215e+00
2.344954530552582739e+00
2.137555418096631854e+00
2.310421258500273023e+00
2.428286472613619740e+00
2.432954916452134686e+00
2.140639495338410914e+00
2.057673928109110317e+00
2.017357622815303397e+00
2.329275455099215630e+00
2.245806647971831715e+00
2.166956268075569625e+00
1.457695997541402999e+00
1.624261581055554293e+00
1.472662540875216530e+00
1.500456543893083250e+00
1.717081617359787593e+00
1.504412764682582448e+00
1.680115380032781935e+00
1.715272729431009724e+00
1.414394181351537716e+00
1.159289765073749479e+00
1.351595540889721558e+00
1.332180271007988637e+00
1.256584441837751198e+00
1.067213667544435696e+00
1.432756794223753127e+00
1.344883676862089095e+00
1.385581269768633828e+00
1.156545808684728449e+00
1.250040996674199212e+00
1.225205467446630614e+00
1.280611885156713869e+00
1.441368888328003584e+00
1.271412215723685790e+00
1.237681046531837303e+00
1.125052487286954062e+00
1.113997416648567107e+00
1.060230647357279121e+00
1.260948463794139052e+00
1.383924345402348877e+00
1.694288066402489967e+00
1.703691729527496923e+00
1.560946166952745129e+00
1.388166796200776432e+00
1.092638088868600255e+00
9.044709095595936388e-01
1.139317579707489259e+00
1.121952139345897548e+00
1.353590693416262702e+00
1.779059762302712899e+00
1.838990024989031413e+00
1.483010143455681940e+00
1.562285189980223477e+00
1.389151075054530615e+00
1.658868069213411234e+00
1.385775059929578390e+00
1.137011850039384653e+00
1.402241043698605250e+00
1.139814744338939034e+00
1.473854512945456552e+00
1.519912207167100293e+00
1.511544916770942937e+00
1.640040365511131304e+00
1.601632679437775542e+00
1.758460626565869989e+00
1.454306246555241211e+00
1.630651443768586395e+00
1.919385515267497455e+00
1.883486913387371064e+00
1.969683886540937623e+00
1.770507859478509083e+00
1.750916563222923772e+00
1.702841486768448043e+00
1.378034993646264139e+00
1.231482413434878964e+00
1.543807934765804024e+00
1.452247383468514563e+00
1.073730019592383123e+00
1.129537371779073762e+00
1.543763899559490671e+00
1.853915161153668834e+00
2.134208764204195585e+00
1.782751748825127436e+00
2.453902408890831666e+00
1.999125308874888152e+00
2.134524361144841897e+00
1.759028218306294633e+00
1.619036468737095724e+00
2.120220451047916566e+00
1.803367958032157325e+00
1.895444811132628082e+00
1.742208091130290626e+00
1.849938800424806518e+00
1.955641947143166526e+00
1.832544845304074022e+00
1.706915741826714239e+00
2.030204398703181479e+00
2.447801059364193232e+00
2.595315911226304451e+00
2.506375032196205055e+00
2.149203058839375569e+00
2.458117446778130155e+00
2.122292490469635862e+00
1.896979249383307309e+00
2.168907339209077190e+00
1.975167881626635591e+00
2.038766623753361706e+00
1.716703284707648880e+00
1.717678591643216013e+00
1.870863249217131541e+00
1.928610142830928131e+00
1.504033841514601733e+00
1.679986413371652887e+00
1.226740450528615911e+00
1.244011493890863740e+00
1.375495114570953303e+00
1.248672395563280135e+00
1.639621169450058424e+00
1.462859491216665919e+00
1.211508856798952927e+00
1.071671762918016357e+00
1.056926395947342723e+00
1.450892064609889731e+00
1.429560434210724207e+00
1.766595543112002176e+00
1.648930284791803702e+00
1.295395218654613601e+00
1.098258702219097271e+00
1.223590688535655335e+00
1.478800960691941446e+00
1.178921810001105852e+00
1.118751887971268344e+00
1.086983512204027447e+00
1.276835039619731660e+00
1.444148626036602323e+00
1.254390973317782709e+00
1.349758307673559532e+00
1.232627379563661307e+00
1.324458303789045388e+00
1.310080167586713973e+00
1.134128913007291795e+00
1.624706792651684939e+00
1.495280825881199149e+00
1.627814808386983003e+00
1.695828266982896793e+00
2.023436273852211809e+00
1.870032867397790843e+00
1.431049158756231732e+00
1.143065432235799150e+00
1.438600954852649494e+00
1.246073800151928479e+00
1.036329512044072088e+00
1.344850688392096316e+00
1.886297993654454830e+00
1.792859167427610423e+00
2.080968661764893479e+00
1.683414702312358902e+00
1.557461827715911795e+00
1.428631169584718696e+00
1.827385053868890274e+00
1.914937580633302439e+00
1.673000335681409600e+00
1.968575789397817077e+00
1.873506352223983207e+00
1.682605166714274736e+00
1.934423075311210383e+00
1.871175435131458675e+00
1.614286097087316962e+00
1.427921549469268747e+00
1.708714381303018559e+00
1.597446199102410036e+00
1.554724986469394388e+00
1.519920174144322234e+00
1.526489644094709330e+00
1.823656253171149322e+00
1.781011066964985901e+00
2.129937485065893199e+00
1.932549548574326259e+00
1.522409788105913542e+00
1.485832674017896871e+00
1.635515096035405680e+00
1.597763431405617496e+00
1.619090754647320995e+00
1.388254890777275374e+00
1.532097262875822707e+00
1.686404029175185393e+00
2.114527502902306733e+00
1.918118642474751612e+00
1.474833021727608218e+00
1.407507313471837662e+00
1.211512578400936846e+00
1.594294887697902396e+00
1.299233429254440964e+00
1.262050700236184042e+00
1.245850548443572681e+00
1.139627175158659744e+00
1.320381057855140483e+00
1.183337584278242538e+00
1.561196959297856957e+00
1.381387951294574590e+00
1.559858567442264254e+00
1.576860033297636798e+00
1.511944072398949901e+00
1.746479892194152006e+00
1.569615611853846682e+00
1.727890008387646947e+00
1.136709288643461546e+00
1.143196016872280563e+00
1.312874088269560202e+00
1.530532201775127277e+00
1.627767202539109226e+00
2.073170501454826731e+00
2.031414849691430824e+00
1.672722815401133545e+00
1.449216573181618894e+00
1.741507098863012359e+00
1.901738702478479759e+00
1.840526850128950676e+00
1.649316568039377762e+00
1.759955937458914210e+00
1.790615018524791768e+00
1.751635703690557211e+00
1.845832924086823645e+00
1.963240376891551620e+00
1.892958823631381238e+00
1.827061335930639352e+00
1.855881666093467830e+00
2.516447486596603778e+00
2.184822968544928301e+00
1.873323255997612069e+00
1.981913728041836187e+00
1.546494576025920775e+00
1.598601804352063116e+00
1.595409441066433454e+00
1.611721695292103407e+00
1.661296444899742930e+00
1.610009692875790099e+00
1.740082129074320028e+00
1.811351215696246131e+00
1.676735838080033902e+00
1.475582997015699949e+00
1.600669692970981606e+00
1.728277070923049497e+00
1.980517307403336646e+00
1.914392528451107856e+00
1.744368021389335555e+00
1.744177449212066522e+00
2.116890557719957044e+00
1.555116262143467543e+00
1.429169672737064634e+00
1.154934549447717229e+00
1.496483987206091548e+00
1.349958655505160587e+00
1.387126439461023653e+00
1.448798594110690452e+00
1.689215947296137221e+00
1.593648923207283907e+00
1.810401670614864233e+00
1.435061706976576534e+00
1.479151620795128963e+00
1.181914059031322850e+00
1.281247495774258560e+00
1.239755463590375362e+00
1.297505924779104980e+00
1.695577953560283291e+00
1.827492987631042842e+00
2.195520974846770557e+00
1.852886016357270682e+00
1.918166745419545682e+00
1.523617998864426504e+00
1.645770348441781827e+00
1.740775316507087389e+00
1.602780793854564401e+00
1.472341530668072274e+00
1.894909487873157605e+00
1.648238929565063460e+00
1.853901606613242992e+00
2.120722796364309826e+00
2.045105673549798997e+00
2.290921569386520584e+00
1.926207581038881234e+00
1.955547338138162505e+00
2.335208155538170072e+00
2.313017550762639374e+00
2.023003735024744287e+00
2.448597916962223398e+00
2.070143812257408289e+00
2.062454258469862189e+00
2.034972601058954833e+00
2.218881202207065861e+00
1.986911401475561778e+00
1.728158972964187745e+00
1.433617885377343137e+00
1.682884384949896006e+00
1.555344030057886018e+00
1.733744382766184700e+00
1.889380913280790386e+00
1.774506456606488758e+00
1.742207681807742992e+00
1.634087946705254923e+00
1.729086020707325311e+00
1.420779370166257660e+00
1.837038998484614272e+00
1.868947350339568381e+00
2.277857981077776817e+00
2.236782681306701104e+00
2.222430830389694467e+00
1.855990901199216836e+00
1.610864122112863006e+00
1.669701622072064184e+00
1.849939942392601511e+00
1.612204706697363710e+00
1.583833994547214630e+00
1.545918728885498528e+00
1.812011683868760770e+00
2.248110633379277523e+00
2.362726459400610324e+00
2.019119107644233857e+00
1.941217682373733711e+00
2.139712713361900054e+00
2.218974947463306258e+00
1.848930682540531611e+00
1.752852028030727816e+00
1.966114684810821744e+00
1.775147652754956340e+00
2.127616390411750213e+00
1.534393391414833552e+00
1.880678862590672740e+00
1.372937727857628243e+00
1.166172416158694158e+00
1.101546047880026302e+00
1.180046315520946854e+00
1.411014430820414445e+00
1.385654011169842992e+00
1.670117378913481110e+00
1.920715913293231214e+00
1.849661817336739844e+00
2.084453523333160252e+00
1.988805256412184752e+00
2.185717836426657623e+00
2.286050814051846292e+00
2.072875369384946875e+00
1.951089072049019268e+00
1.684285746413124230e+00
1.956778087534416732e+00
1.860724753490765160e+00
1.776081942960677340e+00
2.193716365951145164e+00
1.992502997641020457e+00
1.913007343737885169e+00
1.697482347451756191e+00
2.148724567169800093e+00
2.224821703434856079e+00
1.809573508152570342e+00
1.941745288055134244e+00
2.074554472195244248e+00
1.548246504095742715e+00
1.820581296676523797e+00
1.925845918172297777e+00
1.486101512009327719e+00
1.384928027207371182e+00
1.312858825912271987e+00
1.735636572313896231e+00
1.776596744481617085e+00
1.793177812537333438e+00
2.067861189988030368e+00
1.812088314386216314e+00
1.593332928620760258e+00
1.372061949249341328e+00
1.730952953899053348e+00
1.666173516119745290e+00
1.140331940920498388e+00
1.182739158059998186e+00
1.302712188343963184e+00
1.308398603446352837e+00
1.499409447577511267e+00
1.569350750439409303e+00
1.508697584232685962e+00
1.335219908063006944e+00
1.764935445075193066e+00
1.515590201444165785e+00
1.458920279792015329e+00
1.655188635568367594e+00
1.979676014318335620e+00
2.025318040823401056e+00
2.015917113716265252e+00
2.147544903290227847e+00
2.126389347366283378e+00
2.050829677380984872e+00
1.810471773680463414e+00
1.802208239354914143e+00
1.981606169771517489e+00
2.043761534564600524e+00
2.074204775239383736e+00
1.638145550827665220e+00
1.400933830325000962e+00
1.052090169217108295e+00
1.676778530886179785e+00
1.572761794065425711e+00
1.573166090689066543e+00
1.835853529085088809e+00
1.585262639024668241e+00
1.486671930085861959e+00
1.589621690713380664e+00
1.947904528653592315e+00
1.738583863679805663e+00
1.518272218554233888e+00
1.645808463588424253e+00
1.809001613925436791e+00
1.500946221739301700e+00
1.694468329244217308e+00
1.779781378389035273e+00
1.711443840510010306e+00
1.584059684330057172e+00
1.432422911648995933e+00
1.333020899911328883e+00
1.186745056194726811e+00
1.131178960612490458e+00
1.569764858588885925e+00
1.751565369120912541e+00
1.548672411288351425e+00
1.662187222966429623e+00
1.678435177602521255e+00
1.196853222224574465e+00
1.261185914604826541e+00
1.177470763874964632e+00
1.309843812301751065e+00
1.589574981307741108e+00
1.425936021946507815e+00
1.591285467293436007e+00
1.508351549262931135e+00
1.529095217331674306e+00
1.714151113047591268e+00
1.558042219581142085e+00
1.735355980945870513e+00
1.795337410783606646e+00
1.471183271861232988e+00
1.474304661070821254e+00
1.337134553313215513e+00
1.349293953220506381e+00
1.274226247167430159e+00
1.319573264515834232e+00
1.135161030299707940e+00
1.597941439657172502e+00
1.642806242455516319e+00
1.889873728784076778e+00
2.010013734903297600e+00
1.919492529459665864e+00
1.726563128573691985e+00
1.525128957917174288e+00
1.814105408523079666e+00
1.753785490248995549e+00
1.753715451437031447e+00
1.860255535574627306e+00
2.070239318498575898e+00
2.391145147409222460e+00
2.041687232627655835e+00
1.916963499600154108e+00
1.873801437153642668e+00
1.891842783871256373e+00
1.986049680836780684e+00
2.007458150895441218e+00
2.161847111024187473e+00
2.051288985867882442e+00
2.042083178629971130e+00
2.015354377564241961e+00
2.128031840418988185e+00
1.429215247291373503e+00
1.455420663165305939e+00
1.481673530352487722e+00
1.362732211181138631e+00
1.438262205905150637e+00
1.680338730245860113e+00
1.749663913801671633e+00
1.527913266411608406e+00
1.277770096775371789e+00
1.335827371040761768e+00
1.531914455721783419e+00
1.499218362856378217e+00
1.353541925052373474e+00
1.076748964070860515e+00
1.122527841311274255e+00
1.293701424191516791e+00
1.422590861294889208e+00
1.234231453198946449e+00
1.172814405224101852e+00
9.904510691233379127e-01
1.096406009016181127e+00
1.093542687948293457e+00
1.074648435174230476e+00
1.226828091857081526e+00
9.431043157109064712e-01
1.417901149890762325e+00
1.348601535708419785e+00
1.243998644511905338e+00
1.253122209505926676e+00
1.323834877661804077e+00
1.267172673307248143e+00
1.389675082705577713e+00
1.511975608228832924e+00
1.118831093715104918e+00
1.103295316769042245e+00
1.183612596331328648e+00
1.074618188678283071e+00
1.479942769377053713e+00
1.259084753183754124e+00
1.255192164045452419e+00
1.131956318314987220e+00
1.213697940890840155e+00
1.395623473353709398e+00
1.411699801936902476e+00
1.560608910756473566e+00
1.668177307259086861e+00
1.640862687782742357e+00
1.262097296867314755e+00
1.797856837813550435e+00
1.583721955775143631e+00
1.222658038467007602e+00
1.740048695403508816e+00
1.528266376618870215e+00
1.624730203081439228e+00
1.250874310815743407e+00
1.192963780973921306e+00
1.520238100094442713e+00
1.127199912914188085e+00
1.216228408689443263e+00
1.283777539270340995e+00
1.249124295875142732e+00
1.202646226290051912e+00
1.276171882029597082e+00
1.560043067307014475e+00
1.465882443825581305e+00
1.605416907654766412e+00
1.228358258741008235e+00
1.581906204668893423e+00
1.556302404324668931e+00
1.786269457745580880e+00
1.893992453848758917e+00
1.796982615297232799e+00
2.113767322785401692e+00
1.962682213178170931e+00
2.058586449573053034e+00
1.866608945529038444e+00
1.697442073950317543e+00
1.472128328023734944e+00
1.293848393007407616e+00
1.532418870865070559e+00
1.485372276440271255e+00
1.399662423719047588e+00
1.485777296641806133e+00
1.515630962279105320e+00
1.330738293111259907e+00
1.727242623155562873e+00
1.469060644482318878e+00
1.560841552082739447e+00
2.079310749649977641e+00
1.519167419708446154e+00
1.598120490454302711e+00
1.704241405216486704e+00
1.564260990628339121e+00
1.278762583799794017e+00
1.579796864602622808e+00
1.509670130835276014e+00
1.976538523661514279e+00
1.926400533370016932e+00
1.898840213696066259e+00
2.088518061363558775e+00
1.682311959833242998e+00
1.697204357822085230e+00
1.841162648474284680e+00
1.594923750812954566e+00
1.740442064247552656e+00
1.607145746138192610e+00
1.644116773095155581e+00
1.422346628827769077e+00
1.455355466024985445e+00
2.272588677535807733e+00
1.716904921331768197e+00
1.352655948059885205e+00
1.360089110210775054e+00
1.475866923036402545e+00
1.441067445425224802e+00
1.811340594428232142e+00
1.866333478805346280e+00
1.985550382746783526e+00
2.102530563105102335e+00
2.080004189919529622e+00
2.238537979740551354e+00
1.803356717183746127e+00
2.171528891699684660e+00
1.868064504219690392e+00
1.707130090313797588e+00
1.460497039371813299e+00
1.764724662975501790e+00
1.956607595301146363e+00
1.912198552813847874e+00
1.667311203308126766e+00
1.272787198880690251e+00
1.181302729606838353e+00
1.238006216345217458e+00
1.502257558393166104e+00
1.323784513521480743e+00
1.488636641132272453e+00
1.272634973137291681e+00
1.735523926000032136e+00
1.509789624982983192e+00
1.725650522554047051e+00
1.520771549447748505e+00
1.319156583690252571e+00
1.477331370573289782e+00
1.409730086392571247e+00
1.090033676555802300e+00
1.260462227391234480e+00
1.200368336738057762e+00
1.525950647450371012e+00
1.475379787388269692e+00
1.269636568981065139e+00
1.569744153613044313e+00
1.619322059709529471e+00
1.219503117513851764e+00
1.421905789287444266e+00
1.397366658678173224e+00
1.866682835620651737e+00
1.604120433018725755e+00
1.672769767833476751e+00
1.398196540796393217e+00
1.483841145939170492e+00
1.642238017502468672e+00
1.753310387317434937e+00
1.813362057073434785e+00
1.718669609551246369e+00
1.934864217744485915e+00
2.068026912309699483e+00
2.048234072254587979e+00
1.838366226794249769e+00
1.642080140825651347e+00
2.214860734743324233e+00
2.353464200196062173e+00
2.024702362686056301e+00
1.895087424192702485e+00
2.269194604544352067e+00
2.040149730214017687e+00
1.998408247650721226e+00
1.827024970307723484e+00
1.922933459104314124e+00
1.805506788871416690e+00
1.646324093276349876e+00
1.464167925201144360e+00
1.343373108370783164e+00
1.483144700050528675e+00
1.240737812614990165e+00
1.639591695371759528e+00
1.638363000046917595e+00
2.004542732238950631e+00
2.075057218213762766e+00
1.891602600676381307e+00
1.717422232998433884e+00
1.553044397137437471e+00
1.425604360958425909e+00
1.844867717837688437e+00
1.663930665056704727e+00
1.555990340770202707e+00
1.489197936345801887e+00
1.698720266558731984e+00
1.972959050015361315e+00
1.509785164142591007e+00
1.549277112230556641e+00
1.497668936547967178e+00
1.594794190780768117e+00
1.333322126445976474e+00
1.460611228764431502e+00
1.607186748983109315e+00
1.325281950409906928e+00
1.167077670388428023e+00
1.279345508773465978e+00
1.480440772590367882e+00
1.631700016438976553e+00
1.496733839437017544e+00
1.971351505766223644e+00
1.493791208925679070e+00
1.737857727658070672e+00
2.280904815193263158e+00
1.792950513455420225e+00
1.892446129643678310e+00
1.910629594794416963e+00
1.866057922851622752e+00
1.902170364314220707e+00
1.574073800831111480e+00
1.416886119193298876e+00
1.691770489716946546e+00
1.687631541682719671e+00
1.742867378647027454e+00
1.270801404326467932e+00
1.644175943192425438e+00
1.532227311803256553e+00
1.248178165158579933e+00
1.277429088460911411e+00
1.400088055960025057e+00
1.665826311877114607e+00
1.455877628940845270e+00
1.422648228869943354e+00
1.538915990817044444e+00
1.552496786942093809e+00
1.520662131377172432e+00
1.763491167877771604e+00
2.113057264481014830e+00
1.740468656776585465e+00
1.952601398828167412e+00
2.031002397614501298e+00
1.718478223800720350e+00
1.735487086132670331e+00
1.550393965822271625e+00
1.393640617978398222e+00
1.295736159928023046e+00
1.571433813262676615e+00
1.185174184310352707e+00
1.061721646539365738e+00
1.629165043115418987e+00
1.475099353962850746e+00
1.797297493727816331e+00
1.567448815950657659e+00
1.847973881255957629e+00
1.651566031743386676e+00
1.440322175332045207e+00
1.334565617429348539e+00
1.736487439689413437e+00
1.701788106454195759e+00
1.694902490526017491e+00
1.653828432973506457e+00
1.818494499924772301e+00
1.832714458922610534e+00
2.153920005374312829e+00
1.982385347331139691e+00
2.068654435461534380e+00
1.965358364864944862e+00
1.844880814013342363e+00
2.005035723501474632e+00
2.059946722218463311e+00
2.161995749550166490e+00
2.262341077789840504e+00
2.362731465881969584e+00
2.478542598116541651e+00
2.512315270039284787e+00
2.358863061118985360e+00
1.970549803043246007e+00
1.845052247043284410e+00
1.662263949306232114e+00
1.842269252811776115e+00
1.799530822033462263e+00
1.556209269417820451e+00
1.518072255054764508e+00
1.554102721494058592e+00
2.094106186128170233e+00
1.630208638186996239e+00
1.417840830672379315e+00
1.489173141441798354e+00
1.462314794849997712e+00
1.512923236020221163e+00
1.614626911488489469e+00
1.297262776907247783e+00
1.053638406069866695e+00
1.328536338540680539e+00
1.187483682319901312e+00
1.038890960979183653e+00
9.996098837440769991e-01
1.175833872648769374e+00
1.382876206269644470e+00
1.716479751469393467e+00
1.779679868342208593e+00
1.983713570329264986e+00
1.775013883322190900e+00
1.500774759225447008e+00
1.753793083096180316e+00
1.325552571531041446e+00
1.134458374888197563e+00
1.309273355147093643e+00
1.110436078638385338e+00
1.291486341340327471e+00
1.295588318887121781e+00
1.259697256480414307e+00
1.420849705688260523e+00
1.370269077327767038e+00
1.532536359088638278e+00
1.626464895459947435e+00
1.298247825058090221e+00
1.298448562717040122e+00
1.331581962780661099e+00
1.291820801515291883e+00
1.361494686379168151e+00
1.088661191051953692e+00
1.443636956132065219e+00
1.291255476184370199e+00
1.431183360278234007e+00
1.143121633940420434e+00
1.654774192397469923e+00
1.658630487928980379e+00
1.637593899494977023e+00
1.062817849267301051e+00
