1.556139453048774435e+00
1.808805092249139435e+00
1.899508509172427750e+00
1.925586044738697655e+00
1.837293789412827394e+00
1.895020561178675012e+00
2.282020263901271218e+00
2.692928649895678817e+00
1.910507126499676023e+00
1.827027784270129462e+00
2.356082352625811449e+00
1.804379870983500611e+00
1.735300789392625775e+00
1.920846371456325974e+00
1.828022237667584537e+00
1.808333893761595368e+00
1.541879667575834167e+00
1.612403880075725882e+00
1.671496550017247618e+00
1.787925504721413539e+00
1.607589067205446476e+00
2.111787740071221720e+00
2.160571300586970889e+00
2.031967704946638698e+00
1.617037099832132840e+00
1.414311679823180734e+00
1.677244731214151408e+00
1.362609926493666190e+00
1.716161069892944813e+00
1.960025334372999417e+00
2.094204262306936126e+00
1.649093730062269447e+00
1.850660672073025204e+00
1.589753419788799915e+00
1.877829660284033197e+00
1.848544157033741087e+00
1.368936521282833052e+00
1.242559715864691938e+00
1.642635367135791613e+00
1.642651103608834040e+00
1.718950744222350169e+00
1.521236047692025917e+00
1.504766271468335859e+00
1.570701728384634066e+00
1.810424283764726416e+00
1.782308599952131090e+00
2.113083572306426294e+00
1.906981668444350575e+00
1.997073056357844711e+00
1.996189183242442100e+00
2.257610114628975762e+00
2.236996974738402422e+00
2.037514185840789693e+00
1.478837031277435710e+00
1.420744935936601117e+00
1.507031673104995084e+00
1.541635538036102204e+00
1.517755805052291684e+00
1.852602204170236577e+00
1.452324946086750224e+00
1.331383135568480203e+00
1.388642004814515607e+00
1.338829564013506612e+00
1.335727169997817265e+00
1.325780142189776578e+00
1.663947980119969250e+00
1.959775328313930309e+00
1.948359524571395385e+00
2.023373834407392824e+00
1.696566441767108024e+00
1.630725238749769934e+00
1.465111859777043835e+00
1.468800778600913404e+00
1.760416558506820994e+00
1.325801597234905982e+00
1.443446364693205863e+00
1.612956504111898504e+00
1.773605423753431554e+00
1.667001280074678959e+00
1.679951415248346791e+00
1.985767850773646259e+00
1.622160208744179322e+00
1.790029955442184573e+00
2.262815276578806767e+00
1.980683459770798738e+00
2.126846134039087399e+00
2.180021351718906431e+00
1.651514870012699365e+00
1.719487800128326915e+00
1.761822525881015400e+00
1.563262530784576221e+00
2.010783091859445371e+00
1.967515596396765876e+00
1.486629252913485910e+00
1.531987537505074215e+00
1.168171572141541992e+00
1.307734892534114124e+00
1.142975779483600629e+00
1.319346694866904812e+00
1.492033813130076103e+00
1.385512802796927900e+00
1.427607982915495510e+00
1.722026627372003738e+00
1.594587821004511241e+00
1.377883743150425389e+00
1.547376725312734180e+00
1.641081549767981151e+00
1.761626828974666825e+00
1.433784315712905100e+00
2.047384935817281981e+00
1.902288665253286881e+00
1.774206780134956807e+00
1.888644465691828422e+00
1.796603350242389041e+00
1.678988731265720347e+00
1.865466123825724187e+00
2.601931213227284267e+00
2.221389275296863364e+00
2.228881044832384362e+00
2.109992655583604826e+00
1.997844309316217482e+00
1.743621335788635651e+00
1.618391502485836186e+00
1.679522335942345679e+00
2.111183230791145338e+00
1.870049024254156977e+00
1.334010255303546888e+00
1.451492412491925066e+00
1.505978757087078401e+00
1.420335337352480076e+00
1.401353272128858851e+00
1.647691564817373333e+00
1.555538825541073367e+00
1.297467918180096991e+00
1.931918244675444374e+00
1.476626302312488370e+00
1.408094316713600858e+00
1.761642664157911486e+00
1.705638433732854509e+00
1.338034097411769263e+00
1.324231484048165042e+00
1.415929078309321687e+00
1.306611258276328513e+00
1.263671421893022728e+00
1.379738492020256224e+00
1.506570554349127455e+00
1.762647389587660429e+00
1.703807857464368913e+00
1.652889462867801917e+00
1.510402530532689136e+00
1.238791535649542475e+00
1.431233619443177618e+00
1.244647575716153476e+00
1.308720188064100176e+00
1.521786756430332455e+00
1.645099769946517076e+00
1.576872682105848966e+00
1.422339683369896246e+00
1.239644318833564407e+00
1.486303191013593317e+00
2.014307400776244261e+00
1.765332745316272600e+00
1.466046916755681995e+00
1.731191794581482091e+00
2.119575022887706606e+00
1.538582061436229553e+00
2.002330512097084902e+00
1.572441541870180259e+00
1.640837136151109155e+00
1.743009945797043159e+00
1.648114088561345003e+00
1.569226188644854414e+00
1.964026610304170806e+00
1.544247101210654227e+00
1.319381331506550570e+00
1.618915287880344112e+00
1.839363856563482891e+00
1.832077329225721307e+00
1.744291514160754453e+00
1.251143964343600201e+00
1.320838941833694102e+00
1.503668979286943985e+00
1.543559068269046541e+00
1.426879075138415720e+00
1.198997443406177421e+00
1.176359316953776935e+00
1.649402569615252334e+00
1.267663553728636039e+00
1.189825328562147400e+00
1.941230109483559119e+00
1.919969125141512523e+00
1.546949022066213431e+00
1.634461842687137789e+00
1.505238671672516126e+00
1.104795197370061599e+00
1.385030580988100946e+00
1.815538527760724108e+00
1.693633396260208590e+00
1.613888461019298948e+00
1.750259831947569955e+00
1.524625927556443328e+00
1.547694040640245072e+00
1.738104818213404235e+00
1.592474387844750483e+00
1.418541140166466707e+00
1.560437549051890471e+00
1.226785052649124186e+00
1.493376034851734646e+00
1.493416570883784544e+00
1.365488020232246136e+00
1.551017183055749316e+00
2.208713594841003047e+00
2.220958571731781017e+00
1.496777232741582253e+00
1.308306465295594245e+00
1.157204870093875737e+00
1.585554011442689593e+00
1.256495754150479982e+00
1.920013063939892239e+00
1.632733929964046427e+00
1.825682622398505872e+00
2.107668170324727974e+00
2.097619206511756040e+00
1.544763083357977740e+00
1.765716047215670770e+00
1.740573520756196757e+00
1.893457668938451466e+00
1.783452537900246826e+00
1.548444497274029885e+00
1.713910324191588508e+00
1.847385676965323187e+00
1.930598308996574364e+00
1.855183087664496355e+00
2.081902160677008506e+00
1.875146473270784542e+00
2.126250081056386687e+00
2.084458734763626975e+00
1.947550960362012917e+00
1.567268923289408811e+00
1.530850458079993759e+00
1.805274720978505831e+00
1.934862729078040022e+00
1.921513446899766109e+00
2.107137083273065148e+00
2.286219141514397979e+00
2.170680384854417166e+00
2.152473073118100100e+00
2.346382832403657304e+00
1.607063633924496804e+00
1.841138339736465568e+00
1.681481303572489372e+00
1.798828296863020926e+00
1.673854160210193287e+00
1.298561316485090655e+00
1.246690277209816067e+00
1.585471798266086862e+00
1.993767438772645395e+00
1.697089121678329704e+00
1.793041212242640459e+00
2.092177453299691958e+00
2.288032339624811229e+00
2.391236964665134135e+00
2.435639564073607488e+00
1.911073161306250601e+00
1.865655534258886306e+00
2.093857680005597910e+00
2.366360868829995745e+00
2.105993800078049372e+00
1.621960860988629127e+00
1.468263358040174049e+00
1.452978406407149592e+00
1.519110752509754692e+00
1.678014021600273242e+00
2.161424138600243960e+00
1.944673060033986545e+00
2.061988201436240953e+00
1.965008682967902987e+00
1.565291584683685455e+00
1.633890705030763391e+00
1.865455613204476393e+00
2.316123012047623941e+00
2.436926634838548544e+00
2.248609776124352866e+00
2.395849475808114359e+00
1.906766332650586371e+00
2.305878187989930606e+00
2.470566052198266860e+00
2.208131790928837823e+00
2.353538125414075477e+00
1.558200850144326077e+00
1.541482572416718710e+00
1.284506352134072049e+00
1.160763716589674255e+00
1.534131770272102457e+00
1.345449127734240413e+00
1.592054347275427162e+00
1.663992361816339915e+00
1.728171317808381957e+00
1.463798820604404805e+00
1.326105410049793765e+00
1.525240751587364940e+00
1.684666908879040692e+00
1.622039469651169519e+00
1.412803920798363366e+00
1.819747509018697418e+00
1.564045329973086762e+00
1.872468691570460919e+00
2.230845254850695181e+00
2.130296831532539681e+00
1.718089532684412113e+00
1.634018705823217177e+00
1.652539176444931757e+00
2.013148158084582473e+00
2.142705972172721740e+00
1.982075925863910459e+00
1.856149491717522526e+00
1.597934190183328607e+00
1.568181962703226517e+00
1.662503552082992941e+00
1.738332282760376435e+00
1.737680535375320634e+00
1.510101203447779872e+00
1.559005638921789005e+00
1.546933829664151050e+00
1.542109456416582702e+00
1.871640251344252937e+00
1.635822705404706756e+00
1.757321311099555139e+00
1.608116768585869494e+00
1.726817919383112354e+00
2.195273226295505697e+00
2.093047217415615613e+00
2.206294559101246833e+00
2.063284777969967454e+00
1.970760036847007957e+00
2.134972109699361908e+00
2.344470758154701961e+00
2.212157052797642631e+00
2.552363787821597896e+00
2.197400354866862138e+00
2.164575608086535041e+00
1.768874897348701403e+00
1.421320274956764607e+00
1.194627759514882648e+00
1.127684316830431799e+00
1.218029330771367214e+00
1.136875659017221762e+00
1.206714256697243748e+00
1.219231977782277987e+00
1.365524299872365122e+00
1.505784323739769448e+00
1.487398830229025082e+00
1.495377991503483495e+00
1.321261679038667980e+00
1.129983337549892886e+00
1.356966239598084600e+00
1.240522655303552657e+00
1.291904053467288094e+00
1.399920095518354834e+00
1.378748627044629416e+00
1.425053729851234019e+00
1.450962089922725573e+00
1.239881796619507037e+00
1.094383569542522583e+00
1.306250352016962823e+00
1.194700622779628407e+00
1.439185036830864739e+00
1.285588107283216708e+00
1.642109766500368551e+00
1.767016386783973658e+00
1.481255882758534925e+00
1.349189325414582141e+00
1.228720699709001218e+00
1.178197260588423445e+00
1.650843413462578901e+00
1.566421607216402778e+00
1.533890279141731483e+00
1.876193639486267717e+00
2.182613370570380518e+00
2.299197158203184710e+00
1.900405001503397973e+00
1.818479407220306321e+00
1.629289011561639855e+00
1.701930606591499417e+00
1.431358003754725328e+00
1.603991547738904844e+00
1.918455032844658126e+00
1.852009264594542959e+00
1.779619251786909828e+00
1.659273287274723785e+00
1.697980859501350581e+00
1.990777135003449771e+00
1.882182196389720730e+00
2.121100119157521391e+00
2.142463251330333218e+00
2.118197487397898371e+00
1.778082408568691264e+00
2.157598893319952804e+00
1.966336514851600104e+00
1.411519150096218089e+00
1.927736334904523563e+00
1.874328731071682519e+00
1.939414321806789410e+00
1.843180044958502961e+00
1.852658057462020613e+00
1.953302577080416658e+00
1.722749076311772543e+00
1.690918771732562664e+00
1.978658534284522208e+00
1.952346169786442820e+00
2.032664896308248981e+00
1.408161726661560254e+00
1.404260178451474772e+00
1.595585388221992806e+00
1.343296985136491539e+00
1.193294353961400489e+00
1.120056367643493589e+00
1.105682762112734085e+00
1.190135022879055482e+00
1.560282937003737658e+00
1.662217989810391039e+00
1.232528741217085777e+00
1.452799024083762269e+00
1.590967075962773425e+00
1.862646736037877337e+00
1.736347731677144957e+00
1.450449100806014968e+00
1.312928188227482584e+00
1.362302613994166300e+00
1.489778663247372847e+00
1.447344218211832123e+00
1.512336918825136101e+00
1.385734703573966220e+00
1.497613767037125232e+00
1.565972788695425555e+00
1.246519126160001267e+00
1.434282499190307814e+00
1.335243334967962658e+00
1.553913563234676110e+00
1.508513664426694989e+00
1.526019984046739220e+00
1.519829794581885274e+00
2.114132974783262231e+00
2.031297165514933223e+00
1.925336309390068834e+00
1.854066942665603568e+00
1.750171171703374107e+00
1.584535615220173499e+00
1.356765406027725884e+00
1.603617749219060418e+00
1.373935496985928317e+00
1.524308646201050887e+00
1.473538041107239849e+00
1.246115307646147752e+00
1.373546560775950276e+00
1.327445714537712984e+00
9.875809844581318053e-01
1.431155593894132938e+00
1.090762676397544872e+00
1.113198457092557714e+00
1.753918243205960792e+00
1.687922783124631954e+00
1.882066880139294573e+00
1.798193388365672662e+00
1.582425199620361767e+00
1.830494549579692931e+00
1.458690961132377062e+00
1.372850552050582262e+00
1.314019567843430325e+00
1.507981129609156090e+00
1.849468131002161231e+00
1.424501437096924450e+00
1.744618923572732072e+00
1.526618517081449911e+00
1.634616843596845559e+00
1.606955945520167850e+00
2.236260941658705814e+00
2.153643480863118409e+00
1.969528871225462829e+00
2.012554483570837327e+00
1.998331977877469079e+00
1.856364823351307924e+00
2.127292590795117899e+00
1.602855530913239734e+00
1.841928698972635337e+00
2.000321817166256455e+00
1.955860140137494874e+00
1.585126187358106620e+00
1.764798406672892561e+00
1.381123857062816818e+00
1.441561887279857679e+00
1.653779267376943585e+00
1.339772497356308989e+00
1.532873769502159256e+00
1.698947149894753039e+00
1.755756489766826078e+00
1.068557014016334517e+00
1.283532694137863972e+00
1.320620802007331562e+00
2.042598465955879572e+00
1.536557651177880901e+00
1.522509649493556605e+00
1.598020797159104944e+00
1.578939601094002221e+00
1.482966939093884440e+00
1.563900615215956469e+00
2.026886041311168896e+00
1.955631133971600821e+00
1.945916613702112885e+00
1.760275469770834711e+00
1.535559350701151571e+00
1.782950711418217482e+00
1.531749233012036804e+00
1.853625348478113111e+00
2.500514808149632007e+00
2.196058349235734397e+00
2.331617960840052906e+00
2.027653660724081153e+00
2.104658926237253258e+00
2.201223340417472141e+00
2.141963057741940180e+00
1.929892847333603001e+00
1.865553989896791665e+00
1.837343302321682303e+00
1.780531881979878328e+00
1.510401078647238826e+00
1.230376263657229963e+00
1.442086210013008074e+00
1.522345652520924908e+00
1.711276746867486098e+00
1.933638722647839092e+00
1.995764264151185685e+00
1.760543059810551814e+00
1.678862148136580856e+00
1.356750666418177431e+00
1.456309544099858577e+00
1.684201362099263966e+00
1.725948110983693828e+00
1.492582968570263180e+00
1.620320555201238522e+00
1.318148884192404724e+00
1.299533968552937679e+00
1.730111289547231257e+00
1.716524229813520597e+00
1.613797644356772087e+00
2.208465951767500712e+00
1.828787444642911986e+00
1.687638242530015154e+00
1.699082144366184544e+00
1.736610815220104076e+00
1.699462389098756576e+00
1.787827504102652121e+00
1.643812271300420624e+00
2.139859967186815037e+00
1.769073199670101459e+00
1.618563879284576679e+00
1.656626864607555705e+00
1.489502169246590402e+00
1.514209734818655839e+00
1.826879571832900728e+00
1.459696796014974929e+00
1.334944503131932692e+00
1.470655740976295034e+00
1.583639037399398486e+00
1.489826175458894175e+00
1.484881075714602483e+00
1.487709353985276817e+00
1.682332703420104769e+00
1.530043500080480401e+00
1.257864676442437712e+00
1.671782873781202161e+00
1.560363972227668983e+00
1.878942396185132813e+00
1.900436114991084668e+00
2.216417590585478603e+00
2.233493173996483616e+00
1.962792934199336203e+00
2.220365297788993164e+00
1.924272821893121765e+00
1.611836405204951861e+00
1.450388451920754829e+00
2.041114026002908588e+00
1.872829465621033584e+00
1.397252836678934074e+00
1.297225576582171636e+00
1.398426375051164072e+00
1.225834527496728166e+00
1.492879099933729359e+00
1.839560671970206007e+00
1.966454818100626056e+00
2.004119977048512080e+00
1.935243461585220759e+00
1.442355892495066572e+00
1.585221866791477252e+00
1.577595707296727268e+00
1.692738586017660696e+00
1.633969159432266727e+00
1.778325697111857284e+00
1.879270695900282506e+00
1.790992247759454647e+00
2.064982300996553999e+00
2.056369117065847796e+00
1.987171608640569076e+00
1.975212478255874649e+00
1.949789040153782738e+00
2.155201922279217808e+00
2.273466720702236543e+00
2.026525241478300821e+00
2.084216100822283035e+00
1.766199393944805962e+00
1.925890947804441922e+00
1.721891747021223829e+00
1.354704114115216740e+00
1.405012206171410316e+00
1.590473912103121723e+00
1.482823910079327234e+00
1.929719210203294288e+00
1.527894010721887907e+00
1.490082300314101493e+00
1.217594190806057464e+00
1.455960970749370365e+00
1.452940533755036956e+00
1.299435938171543015e+00
1.461023309414700710e+00
1.750470675188197767e+00
1.626545850060633347e+00
2.188160059373783106e+00
2.325215661484775875e+00
2.134269669652384849e+00
2.005718804768753305e+00
1.638364612087675587e+00
1.396411661220337885e+00
1.301016789312313238e+00
1.576474446615692138e+00
1.421770185680117482e+00
1.864315612987115900e+00
2.039815727122993749e+00
1.920564609619876961e+00
2.142126739086964271e+00
1.926459924091700415e+00
1.824928598524759416e+00
1.508884326517287100e+00
1.723681559209085723e+00
1.915694352370259201e+00
1.898039632037578528e+00
1.891762903293575437e+00
1.964775109603946079e+00
1.504018361427060135e+00
1.676599085042904891e+00
1.816503810599227720e+00
1.364348825031099777e+00
1.465891637446851803e+00
1.650304421554846135e+00
1.485309055113381849e+00
1.498236355338200543e+00
1.911012138685405759e+00
1.892677741918091572e+00
1.625722916172383181e+00
2.003568049071378976e+00
1.877017466284958136e+00
1.605045026222067683e+00
1.710191805545451915e+00
1.605995289339291920e+00
1.790306044183000100e+00
2.071075346351137991e+00
2.056401588726566754e+00
1.785695113056496197e+00
1.650208761080663500e+00
1.697639513771751485e+00
1.958967730299024712e+00
1.634509042172548776e+00
1.935362987046675975e+00
1.716237970557323411e+00
1.545320826146584947e+00
1.501462447662105903e+00
1.702819045700916467e+00
1.550195936400145635e+00
1.696420255085455908e+00
1.517470700049127430e+00
1.551554236922048746e+00
1.378835376198616292e+00
1.314974615823614190e+00
1.179883998903416220e+00
1.194258969138413784e+00
1.312880399346107563e+00
1.838896845933250646e+00
2.278839231211976735e+00
2.283819640443473187e+00
2.041756861696483849e+00
1.866278958511082608e+00
2.099266919610090820e+00
1.947788424463040347e+00
1.663534855295309089e+00
1.273538346344671002e+00
1.310611920477330994e+00
1.370727821273917346e+00
1.549448479493459097e+00
1.817096740456449089e+00
1.272303622771629783e+00
1.413249185445707878e+00
1.336230947670748792e+00
1.274479277091470797e+00
1.190458003602853365e+00
1.191788932937966505e+00
1.483096443901017025e+00
1.251742173163098437e+00
1.185686954859724640e+00
1.178781948843765637e+00
1.454587096486383402e+00
1.677131623846903175e+00
1.472340556915527010e+00
1.692245705231800956e+00
1.388711689270079264e+00
1.506193267029952043e+00
1.315933793840398991e+00
1.257604049593044060e+00
1.166121188322557733e+00
1.230515416812626883e+00
9.928845737884058886e-01
1.389541962636517747e+00
1.459827629869685062e+00
1.419962007099985213e+00
1.136328032824678091e+00
1.117000622530129439e+00
1.214496353511766102e+00
1.609675383720676978e+00
1.691239585972442727e+00
1.577172894006428017e+00
1.293558597748497574e+00
1.871570872896465509e+00
2.150383544747595632e+00
1.538662069957783984e+00
1.154949013301548755e+00
1.207371293309431604e+00
1.790703704449723377e+00
1.789721719806016687e+00
2.190718895265353350e+00
2.220728304701480749e+00
1.790093269353456806e+00
1.313280000892595778e+00
1.619212023120577548e+00
1.520853015727937851e+00
1.394672449095639699e+00
1.576702077126394652e+00
1.472168368303538477e+00
1.578999084446559564e+00
1.977515275109612780e+00
1.306741256428038067e+00
1.280173794513437269e+00
1.497338381022367271e+00
1.703276882918243862e+00
1.627813646904511247e+00
1.637128356959480557e+00
1.546658342434924505e+00
1.790584700614698210e+00
1.851624774396378958e+00
2.121611007327177667e+00
2.097638421243768647e+00
2.175204667812809411e+00
1.963875711209465358e+00
1.991604142962969393e+00
1.832102805731194994e+00
1.817782092957225260e+00
1.816805061585784919e+00
1.722997322235113815e+00
1.265761661676461980e+00
1.522377745987633535e+00
1.648813922291717748e+00
2.239244697957766483e+00
2.161769087980643267e+00
2.275559955964778336e+00
1.933704655185066290e+00
2.208542143137536051e+00
1.857770366559341246e+00
1.796307776466318673e+00
1.447399329323536543e+00
1.338894207919862911e+00
1.743116164259375545e+00
2.057684117760252285e+00
1.742654550792366752e+00
1.425124004406714162e+00
1.479464002452021809e+00
1.504243255511835242e+00
1.310934498354703992e+00
1.812567937860111389e+00
1.617113643513592880e+00
1.455061590903482305e+00
1.534398075079180135e+00
1.569685464391475049e+00
1.686806611980780746e+00
1.740480893755637304e+00
1.641227258174544623e+00
1.553729691307317085e+00
1.717063579432627440e+00
1.402858559910008962e+00
1.356124052406170399e+00
1.015181492051370205e+00
1.386859601254565311e+00
1.615271053488292807e+00
1.474895042165913051e+00
1.691604712959818846e+00
1.586674046394750848e+00
1.358439926831906064e+00
1.714649141586306103e+00
1.676681871774545973e+00
1.634979802364576074e+00
1.637374857085053481e+00
1.429093775798199406e+00
1.492338277721458217e+00
1.535522643549922295e+00
1.505557295463156642e+00
1.511361964827557136e+00
1.331027290740737667e+00
1.244136462657837505e+00
1.726702253148322486e+00
1.395920787695672738e+00
1.744659998134385992e+00
1.418893755280258517e+00
1.551730627897073278e+00
1.412397812173773914e+00
1.522112310811241542e+00
1.553850207269460659e+00
1.528835112242737937e+00
1.489590407086283541e+00
1.496068450356564661e+00
1.481343251376053161e+00
1.748878635945211757e+00
1.836550471149914321e+00
1.811922009764790786e+00
2.174104738456001495e+00
1.737960768972168557e+00
1.526232194366322181e+00
1.925477419143457603e+00
1.686725591050215911e+00
1.517510990203622789e+00
1.479132213258140593e+00
1.356768686234175680e+00
1.299524257462382870e+00
1.148376990744918169e+00
1.066947889637041014e+00
1.351950875619227999e+00
1.167160485940241577e+00
1.326532642252113980e+00
1.376616347268589946e+00
1.447028117198380315e+00
1.517770133277987377e+00
1.703985437291263283e+00
1.328230845717713882e+00
1.160788337079128318e+00
1.154774657938624660e+00
1.312569068598533839e+00
1.149141044051393612e+00
1.310876796315835868e+00
1.355138366804375050e+00
1.191249699491400582e+00
1.174888195885725350e+00
1.569948500718613360e+00
1.739800426475970774e+00
1.628917359261827791e+00
1.544548847170166272e+00
1.192874810348329540e+00
1.172094079126468236e+00
1.226197192578969641e+00
1.208881115470686884e+00
1.667110351707136395e+00
1.788347658791330730e+00
1.969000260247804945e+00
1.757155698162778723e+00
1.772413406875894104e+00
1.972711479557914815e+00
1.745748710553076011e+00
1.528934817074007801e+00
1.924346250889949594e+00
1.983002352051669082e+00
2.062493837513410533e+00
1.551972735389430147e+00
1.491011647191150757e+00
1.797032294816981013e+00
1.969723043905734716e+00
1.850066400634108099e+00
1.957282319420534877e+00
1.800541308171989430e+00
1.559579664045431135e+00
1.330697187851421548e+00
1.526870408366901799e+00
1.406167128253881016e+00
1.365866439219649564e+00
1.389552070684214380e+00
1.696961887429213833e+00
1.869849411369637782e+00
1.670628211946461938e+00
1.889151574681733781e+00
1.857042099373341415e+00
1.846741782041933178e+00
2.147227155495699868e+00
1.571079561495681398e+00
1.417907699459382664e+00
1.317484888279225608e+00
1.658411442171905170e+00
1.500041867029667353e+00
1.362909076787336637e+00
1.727904597932482744e+00
1.528198962719332643e+00
1.762895677707063902e+00
1.429383089157507225e+00
1.411236485952048092e+00
1.486036123490900529e+00
1.551958331471510411e+00
1.576322164291285910e+00
1.630637880893446967e+00
1.421126608730971075e+00
1.607549160948411160e+00
1.970166870522161107e+00
1.894169966721457987e+00
2.091580571014135081e+00
1.655503329871601315e+00
2.168521075055834135e+00
1.795515863137316259e+00
1.814945338292622168e+00
1.477032365629792121e+00
1.579513662736161228e+00
2.035376271947720195e+00
2.350239647425613310e+00
1.731581739861098201e+00
1.612285259650237279e+00
1.713983553801130544e+00
1.442609556059585962e+00
1.135568944089577759e+00
1.384446868919645635e+00
1.646591954131460200e+00
1.668243276356324634e+00
1.810940274969014219e+00
2.348083723563436642e+00
1.924225923888607248e+00
1.978289913214872797e+00
1.769145020317290262e+00
1.363219773355908826e+00
1.607449550488014411e+00
1.605834297436445457e+00
1.651894544650750918e+00
1.212860321820456333e+00
1.266762871794508527e+00
1.312202630894845790e+00
1.210361987880721690e+00
1.612586368221326616e+00
1.220742594263840131e+00
1.361314556508185669e+00
1.620989486006808811e+00
1.499226422754626142e+00
1.514894597472553173e+00
1.584549736894565575e+00
1.373366348530265180e+00
1.235006654884053701e+00
1.078917517072139010e+00
1.294503965185695771e+00
1.617412572195168652e+00
1.739735696481608862e+00
1.598733667138688253e+00
1.900246552872517203e+00
1.988385583003028589e+00
1.626063916629489459e+00
1.579147596251976982e+00
1.591491110977890644e+00
1.411551958529892792e+00
1.354053637218958661e+00
1.165173637226554870e+00
1.358729356855002735e+00
1.392051792692767131e+00
1.278269975753750565e+00
1.406067033639961439e+00
1.864514034894548367e+00
1.694370656887611126e+00
1.948167156614723616e+00
2.037772881780010703e+00
1.625147817182854615e+00
1.563623948938158259e+00
1.655132964273974494e+00
1.673138952427454473e+00
1.454123493822994995e+00
1.536444657702081162e+00
1.720521840484754428e+00
1.677762198605096122e+00
1.191217791338089027e+00
1.411397134081716409e+00
1.281738957428931958e+00
1.451295953602220523e+00
1.622269013920831560e+00
1.293389037073721770e+00
1.576397549729102288e+00
1.337907036511964742e+00
1.325006014587544634e+00
1.669453989711921160e+00
1.840541819907068222e+00
1.736003008717165175e+00
1.904734206104517824e+00
2.143722214804680615e+00
2.185959001394648382e+00
1.649855311720178408e+00
2.094420483546136413e+00
2.024309151893913139e+00
1.825127439354069736e+00
2.113357368630060851e+00
2.084574498874285364e+00
2.104241793942372762e+00
1.761070815085569397e+00
1.801918251988557707e+00
1.702859827413189864e+00
2.020485307148703225e+00
2.087640201503427217e+00
2.159064485683326762e+00
2.016464563983323188e+00
2.523588445172345374e+00
2.024364381790284551e+00
2.088561312965159456e+00
2.218793916890197782e+00
2.192007851604633739e+00
1.591876127841865385e+00
1.608129927851637664e+00
1.801104061790501198e+00
1.952678342848743753e+00
1.607479254557289128e+00
1.658041613542223347e+00
1.644315600306548664e+00
1.320377482745695330e+00
1.313970595069297254e+00
1.121413511568490895e+00
1.273283147583062158e+00
1.360644331924279804e+00
1.328331115357931580e+00
1.578628729546339704e+00
1.963732888516646291e+00
2.390283551416024554e+00
2.445588587152519366e+00
2.285267110363054854e+00
1.617094962872072772e+00
1.700793517620577733e+00
1.814457182022695791e+00
1.546079538464321113e+00
1.625677178750164931e+00
1.370578598846727170e+00
1.662479144201503445e+00
1.479923811402470646e+00
1.432807984694411285e+00
1.680161373272655911e+00
1.792540348105463810e+00
1.161144931279433079e+00
1.551623654593236701e+00
1.786818228438394218e+00
1.851910254744125073e+00
1.941480595879505389e+00
2.137044037183206679e+00
2.215984315440305163e+00
2.043280606620168083e+00
1.969193833100768787e+00
2.230076107428780929e+00
2.008355858931102578e+00
2.084536145719213529e+00
2.126136342545866587e+00
1.772004442106488886e+00
1.297983366032559260e+00
1.713000733505004591e+00
1.776755373608990274e+00
1.962709270223605529e+00
1.787592517225153443e+00
1.740464178046393418e+00
1.790288721558834784e+00
1.757950196845619262e+00
2.293808980082262750e+00
2.112399077338172226e+00
2.374072344058974604e+00
1.938366238159960009e+00
2.010098457888888301e+00
1.675631048933921896e+00
1.958710728603259454e+00
1.788363856330086321e+00
1.557820738935449034e+00
2.091978917173506591e+00
1.723718102411773589e+00
1.627691802239555008e+00
1.329379829642437949e+00
1.235925566282616517e+00
1.448114233597711520e+00
1.369616529048252929e+00
1.632259814610047322e+00
1.414701269536527306e+00
1.667731398521653308e+00
1.810865959222673682e+00
1.616051407740716428e+00
1.463419903255389176e+00
1.888424397151267087e+00
1.417989925988062394e+00
1.363297325836566598e+00
1.239995781457487567e+00
1.201000365555264571e+00
1.189444456170895226e+00
1.439365488352661870e+00
1.618593501134095725e+00
1.546271444437682607e+00
1.855770384320682531e+00
1.975467722532179060e+00
1.950618163058765564e+00
1.961659262905771861e+00
1.738992863369517750e+00
1.461633195262636242e+00
1.430968043980599624e+00
1.745617105244554601e+00
1.598633988059509958e+00
1.851555286811283452e+00
2.242173879518066126e+00
2.125674277511153232e+00
1.847534455163561962e+00
1.863925571803130898e+00
1.567370061400720438e+00
1.540169738645845499e+00
1.187381117010404941e+00
1.418434021230159381e+00
1.263533659190088976e+00
1.267387511163723168e+00
1.259093498348202500e+00
1.128913246331048281e+00
1.122386926818875308e+00
1.393169476509194205e+00
1.398956283846952475e+00
2.126807858023818110e+00
1.802882650512625196e+00
1.536992930165597349e+00
1.761616326991036985e+00
1.673534606155215432e+00
1.602987172882267330e+00
2.164283872253067731e+00
1.525770238166735959e+00
1.921166511663834342e+00
2.108855228577019680e+00
1.725651494150466592e+00
1.695465676849972514e+00
1.744787759439047292e+00
1.508670392909264635e+00
1.689548469059099167e+00
2.015815798619257748e+00
1.849062512388343293e+00
1.915176654553190749e+00
1.571220093337021062e+00
1.557128611072284174e+00
1.863959503443114674e+00
1.946717388285051031e+00
2.007950940085318159e+00
1.723986370489233089e+00
1.882917834990978312e+00
2.152539436215796353e+00
1.766893633842896882e+00
1.902240767455688486e+00
1.948758079322546521e+00
2.002942443111292103e+00
2.264815540361085677e+00
1.797788401082287102e+00
2.133451411419291510e+00
2.377612746055116855e+00
2.314924750212294935e+00
2.196351758071041882e+00
1.938135312186241244e+00
2.097978992557632427e+00
2.088766955142389747e+00
1.498761866341942639e+00
1.742767301888975773e+00
1.726979951494744148e+00
1.797571573553352842e+00
2.194975506397914611e+00
1.869547548678816895e+00
1.658099371101579678e+00
1.633845844757034760e+00
1.099220200219517496e+00
1.360534638944377761e+00
1.295977013494843177e+00
1.212239155436145355e+00
1.262946446344295870e+00
1.165793128645114418e+00
1.175870168084636624e+00
1.290705062603664466e+00
1.566420790030971677e+00
2.265982213379304167e+00
2.266235524828065007e+00
2.019579117942201130e+00
2.137370957576386843e+00
1.675769094889449251e+00
1.589254628747312381e+00
1.116431624799308464e+00
1.334624834962189865e+00
1.597945221733254373e+00
1.787722480958620075e+00
1.640361038590114395e+00
1.378650913434637193e+00
1.350919999827894902e+00
1.398887679318720600e+00
1.318789685065610007e+00
1.434318325739294409e+00
1.163459903151342401e+00
1.295576104093423053e+00
1.166940243060899496e+00
1.322884938268541033e+00
1.577743863286716230e+00
1.902028987331505050e+00
1.626407267633592113e+00
1.451998333416286258e+00
1.229701022751538142e+00
1.136181823400666424e+00
1.504352538155417918e+00
1.846455685201278785e+00
2.315767724738579059e+00
2.451335405265793188e+00
2.067326724504332081e+00
1.654750281566342851e+00
1.661364097817728869e+00
1.811976133582954507e+00
2.030291692531869696e+00
2.176370774930902918e+00
2.207704548136887990e+00
2.020792397668719875e+00
2.002221178208527963e+00
2.245459532888696597e+00
1.551082998412770309e+00
1.982115021037057279e+00
2.115963751036796570e+00
2.192678793435340001e+00
2.155529941883547185e+00
2.091039620912721997e+00
1.967844602389656306e+00
1.551453411762553136e+00
1.546421052100531490e+00
1.915484389015532862e+00
1.646673563192146306e+00
1.767445085877032973e+00
1.901452294414673894e+00
1.616465910339212719e+00
2.041004038916964358e+00
2.191954939091259824e+00
2.325127878644710044e+00
2.279351980656771470e+00
2.062373203228718310e+00
2.569923527713790179e+00
2.366110999365777623e+00
2.505849585519847267e+00
2.331238878053772279e+00
2.362563434870021961e+00
2.294466501790237256e+00
1.915183925172640134e+00
2.076761395321032211e+00
1.530936481002957983e+00
1.800222423838490293e+00
1.847554837119362858e+00
1.736587963035867155e+00
1.463763748575990897e+00
1.795375593570834427e+00
2.038273797571910517e+00
1.881529185571604090e+00
1.755359412688838994e+00
1.180366290877858937e+00
1.343541312302832580e+00
1.646736233666806548e+00
1.631807607451786657e+00
1.908995201469275926e+00
1.349517117307665881e+00
9.960476492766430212e-01
1.354002357471893347e+00
1.095009687065578996e+00
1.361990769179075800e+00
1.233341482086462548e+00
1.392694910498996519e+00
1.375931310670480467e+00
1.605487055936701601e+00
1.704388488512259769e+00
1.832158825267932389e+00
1.905263345070340009e+00
1.773509737491444360e+00
1.380206764254366059e+00
1.501090660081665806e+00
1.422018646621086457e+00
1.547052191236255814e+00
1.446587134363190641e+00
2.129326226268582367e+00
2.156251390234940057e+00
1.970773752183821337e+00
1.621239549970584726e+00
1.999852732703355729e+00
1.535145913914814919e+00
1.739683597412245097e+00
2.249960803758863648e+00
2.554228077645171791e+00
2.556984173965290985e+00
2.686487304637111606e+00
2.056562618740110704e+00
1.850719691124646404e+00
1.653100586469442579e+00
1.528440283716378190e+00
1.221640590425325357e+00
1.309247663300880049e+00
1.345559235883984517e+00
1.830194152301098276e+00
2.032041328169705618e+00
2.267202264217357488e+00
1.856124982159400139e+00
1.678839531447267719e+00
1.750323357989361561e+00
1.550851578165918010e+00
1.658301236483063823e+00
1.224834401766728087e+00
1.338565664826943724e+00
1.369908506669893278e+00
1.470365492075137670e+00
1.533713623164399520e+00
1.897298461895715382e+00
2.012993016643278121e+00
1.918612361639826069e+00
1.891345326357335210e+00
1.714772450524912673e+00
1.634030845007974797e+00
1.249193831650926567e+00
1.328303596468854764e+00
1.393957377160443878e+00
1.540584626601135376e+00
1.568213499024878166e+00
2.041203341567920937e+00
1.813971017470035640e+00
1.853634309539923919e+00
1.598765727470909503e+00
1.549423488653183023e+00
1.595230715496304352e+00
1.716274518307983499e+00
1.653664185072640569e+00
1.547482147040641243e+00
1.401316029447351008e+00
1.683216779762678250e+00
1.690740654117522723e+00
1.817191790554959496e+00
1.629135101986540768e+00
2.040634468572673832e+00
2.124862611678405955e+00
2.078906050292021579e+00
2.123255790003924837e+00
1.870496691217101048e+00
1.623920748693392646e+00
1.680811923822218334e+00
1.939796880925107603e+00
1.649513858345777351e+00
1.938771921541702303e+00
1.497569202697282886e+00
1.369388072623395347e+00
1.290394853349142723e+00
1.348875028656269182e+00
1.464112447764125857e+00
1.479633151981202932e+00
1.331753352558061820e+00
1.143189859561216215e+00
1.317461514792049870e+00
1.049305550466351988e+00
1.055678698168627250e+00
1.402389452463123076e+00
1.701008483779215652e+00
1.860712304893659796e+00
1.702140834631083566e+00
1.564636607851515926e+00
1.633902121586631839e+00
1.524399658549449033e+00
1.187031573513654958e+00
1.224206800982528875e+00
1.464686674349923612e+00
1.483505464909719684e+00
1.488438175189153556e+00
1.710841053837020898e+00
1.694761165279771831e+00
1.312504594703736371e+00
1.756227262673298872e+00
1.726096693146343064e+00
1.568717763154428901e+00
1.541654335152569777e+00
1.646736069483753173e+00
1.728778011815941928e+00
1.772786168422202158e+00
1.636192827301003350e+00
2.036306701792575335e+00
1.849838438015502406e+00
1.802969326115411608e+00
1.950596196967162133e+00
2.232439179561562792e+00
1.837718744134463567e+00
1.620254534500760180e+00
1.772668752506415535e+00
1.581757654735376661e+00
1.628628079261510209e+00
1.549706314265334450e+00
1.496627578318419971e+00
1.676791887520480362e+00
1.849281963166606646e+00
1.419392770050865948e+00
1.789783522636017921e+00
2.130315303108286873e+00
1.958824163823909892e+00
1.900857906787533969e+00
1.554802569109919652e+00
1.382345363304945840e+00
1.408691040931032035e+00
1.568591593449608190e+00
1.467148668416036195e+00
1.447168016033755888e+00
1.376281769592732296e+00
1.685047202497774510e+00
1.915301650927478949e+00
2.035186371788583859e+00
2.036404459929127775e+00
1.833360382922047727e+00
1.813233794337240745e+00
1.755426865057224894e+00
1.812409822854748276e+00
1.777515655380227377e+00
2.024731198729302850e+00
2.062308859071551925e+00
2.048411835246507717e+00
1.698172399697440049e+00
1.394883427233934547e+00
1.582435762676269508e+00
1.698630282057415064e+00
1.726624479849328653e+00
1.472696417155023196e+00
1.391443157764013838e+00
1.624054448883160973e+00
1.405246736536712504e+00
1.313162450154780503e+00
1.392644435128669755e+00
1.218295329520785453e+00
1.130996357090579441e+00
1.180631066685726704e+00
1.457971591032448000e+00
1.408439164533540788e+00
1.483667790031980349e+00
1.297488144968079959e+00
1.450603872108087167e+00
1.468159530452937789e+00
1.562002431725676654e+00
1.871246412287204564e+00
2.295690075495053328e+00
1.689048916884401397e+00
1.951459553938669433e+00
1.835439136540072624e+00
2.062452234641752646e+00
1.989288254349577345e+00
1.705471375119528732e+00
2.053822065456858414e+00
1.919562667319518301e+00
2.214077331162815465e+00
2.151092675912207763e+00
1.733558585262222840e+00
1.511559410551920779e+00
1.577944142457402776e+00
1.401515480371050337e+00
1.464376074458061616e+00
1.593412565891545007e+00
1.486647390462072948e+00
1.290394569373404909e+00
1.893381039046300618e+00
1.729696392978756991e+00
1.539292927995050686e+00
1.667521289727713629e+00
1.479214188216667836e+00
1.282102113311014646e+00
1.094305109189998459e+00
1.382398763841211631e+00
1.370529926900915241e+00
1.501514321415575726e+00
1.701211824716769572e+00
2.075680568289034689e+00
1.913469163599559764e+00
1.761334639790683498e+00
1.863292318899119060e+00
2.121382985887175110e+00
2.100625433344539328e+00
2.175706930066641842e+00
1.445072431159751591e+00
1.347370234775770115e+00
1.401260851731258583e+00
1.591830970159336944e+00
1.937406327147404017e+00
2.112609668264803453e+00
1.712686575434519742e+00
1.858509360496974017e+00
1.754671354529147242e+00
1.930724982773460274e+00
1.907306547071080161e+00
1.854416634255325880e+00
1.933270469987563578e+00
1.848343857846529437e+00
1.944996161404919155e+00
2.385034740844737655e+00
1.954734329542277216e+00
1.726837961021846057e+00
2.035780860971443840e+00
1.973604326699165412e+00
1.617078488456694885e+00
1.905959393879773422e+00
1.843410443376768404e+00
1.949269565770036738e+00
1.927023653674643455e+00
1.865739665461052077e+00
1.710433929117467944e+00
1.596932180541673407e+00
1.822636550179978387e+00
1.677503945481428449e+00
1.433981585517966506e+00
1.394100203224655665e+00
1.379230899857187609e+00
1.476446338075763753e+00
1.722280720087724593e+00
1.741444668085246894e+00
1.254858186782314533e+00
1.042124780443117293e+00
1.311234369744340711e+00
1.322615151011864887e+00
1.947378654751846128e+00
1.999894199083661395e+00
1.898346726955900898e+00
1.859346838995088902e+00
1.872808429298949084e+00
1.777251687844682015e+00
1.406875615879782826e+00
1.874278311438864808e+00
1.785154836450660643e+00
1.818805452781571352e+00
1.657183094634013365e+00
1.759917545156848506e+00
2.143877272000592082e+00
2.224178527738940314e+00
1.836432625139108765e+00
2.047290312110027433e+00
2.347200356244795838e+00
2.217210018103699554e+00
2.258087860071213537e+00
2.287211666529900267e+00
2.345452541201927144e+00
2.139019267253920997e+00
2.019871740590422515e+00
1.826871064488644780e+00
1.467462352229247369e+00
1.618524291614678035e+00
1.619761383862336146e+00
1.897889513604269274e+00
2.000156525268104613e+00
2.130737605574186677e+00
2.055915488986276962e+00
2.035580556312698075e+00
1.962067724198366392e+00
2.252573311210541274e+00
1.757953655320335873e+00
1.690516748316960971e+00
1.872536947790476081e+00
1.730096326698181031e+00
1.704203061870703806e+00
1.645774930294144234e+00
1.379501227573011413e+00
1.594029696163416165e+00
1.708511739848905142e+00
1.721787524562893967e+00
1.507669730073454950e+00
1.952781256269536359e+00
1.963122617240848022e+00
1.754922468657616808e+00
1.745636055024159861e+00
1.632872381168996245e+00
1.263036115229130951e+00
1.367788681469423784e+00
1.308646759348497612e+00
1.346921541675799361e+00
1.499029814690206575e+00
1.612294633900525076e+00
1.368524164934798559e+00
1.801249190903153607e+00
1.644475190381896823e+00
1.381091372494548164e+00
1.531859266047662871e+00
1.764620739459697107e+00
1.961270230282147642e+00
2.073568270276536563e+00
1.890091526414982015e+00
1.913036073363868939e+00
1.404110336534866832e+00
1.783153701426561044e+00
1.752072600775205435e+00
1.806388800758393032e+00
1.534410606968188651e+00
1.505804265471137215e+00
1.541612626965144006e+00
1.458415011393207728e+00
1.631636110568244424e+00
1.237364388343882737e+00
1.632444070754178078e+00
1.986109379968781674e+00
1.731868923459215281e+00
1.208848903549144982e+00
1.279699262521993175e+00
1.095964343262368912e+00
1.157514018739272954e+00
1.150663756881626698e+00
1.253554070995709147e+00
1.358919569920718384e+00
1.421134065273503388e+00
1.430207773257049508e+00
1.545440886430418992e+00
1.313562223266371953e+00
1.433157212246172429e+00
1.489493013171348856e+00
1.657229604844576931e+00
1.332391635753090720e+00
1.646141714024031977e+00
1.601115637299739936e+00
1.679100697380997431e+00
1.582286681630151293e+00
1.433466925177183660e+00
1.361541872245452423e+00
1.590657699488375876e+00
1.356305200695663515e+00
1.411142262481819065e+00
1.434152043521741193e+00
1.503402152046108720e+00
1.263012259381205205e+00
1.166819368784177913e+00
1.711599098224565241e+00
1.385962848693699678e+00
1.358708455755406552e+00
1.580098394471569634e+00
1.694542580657303787e+00
2.034047215075597492e+00
1.647763293376399041e+00
1.676176029782316057e+00
1.767037327441294270e+00
2.168106994430802015e+00
2.065160686391558809e+00
2.255718518198368994e+00
2.369291893740850252e+00
1.757414407228014230e+00
1.703631918182073823e+00
1.294300896292818415e+00
1.495072142853807184e+00
1.456095976052963259e+00
1.317295196088714704e+00
1.030506893184899075e+00
1.586193151394478251e+00
2.048873549415224371e+00
1.886415184540805035e+00
1.699239474796273575e+00
2.141895607449476380e+00
2.084722484474995863e+00
1.895134623878780067e+00
1.831357790241940897e+00
2.045575498776244228e+00
2.267699113987857729e+00
1.889690485884184312e+00
1.627882445812470991e+00
1.464633736100231731e+00
1.806067121918128571e+00
1.560240618893791620e+00
1.488401777364326772e+00
1.806347989953977162e+00
1.519331348749790811e+00
1.640918321304248639e+00
1.867951551557832879e+00
1.862166433689044442e+00
1.789761506628790633e+00
2.387995573144253036e+00
2.330062256961818346e+00
2.499609337096339257e+00
2.544468934776824565e+00
1.977435453657468090e+00
1.504201506204744243e+00
1.564895414246760375e+00
1.666200747517392777e+00
1.357982229506215166e+00
1.440923585301668641e+00
1.421246969336097399e+00
1.757327920749690353e+00
1.737047441169057072e+00
1.772522495698527045e+00
1.528311211584748364e+00
1.626844451376717959e+00
1.409612561538316378e+00
1.608341359297376982e+00
1.176698098788407254e+00
1.540773487680014320e+00
1.695448415155557331e+00
1.613910933416112359e+00
1.300628993717678705e+00
1.653067053711732459e+00
1.697647501365744382e+00
1.112121709378412371e+00
1.360479709213027633e+00
1.378024148696565421e+00
1.540829271182385884e+00
1.878526789241924178e+00
1.687725859930893080e+00
1.759288060615828542e+00
1.737555135834266240e+00
1.699994638052719553e+00
1.535880619069986741e+00
1.762304676148504612e+00
2.132407320103069548e+00
1.897947991450930516e+00
1.946007411681283772e+00
2.140271884696946625e+00
2.169608315168291668e+00
2.148855003274202868e+00
2.180506594243355245e+00
2.015325603454392933e+00
1.976974520416820313e+00
1.677410782508035103e+00
1.407556484776107508e+00
1.679109410549910031e+00
1.340124136136591204e+00
1.671071917972361875e+00
2.208058675398690607e+00
2.160287832929829843e+00
2.361236064381673216e+00
2.301149785962178562e+00
1.994310675985450976e+00
1.795038789803578894e+00
2.028380993671528909e+00
1.736850241184859645e+00
1.911283906462773352e+00
1.864645345632439444e+00
1.759794608744452038e+00
1.511347840485542049e+00
1.759368034553898674e+00
1.428426017645000101e+00
1.201335783597808904e+00
1.038844818284048399e+00
1.502034154095690077e+00
1.391852823880506795e+00
1.188710688765116652e+00
1.300353965141194834e+00
1.742485196521066371e+00
2.132751103586282060e+00
1.658543785947237170e+00
1.920062625514477261e+00
1.609185423927470104e+00
1.922123583592344920e+00
1.953142409260633761e+00
1.540962597281958724e+00
1.712848243131106063e+00
1.664243164367787520e+00
2.077999228493105921e+00
1.999057537539131291e+00
2.117764845107890093e+00
2.154992331695088748e+00
2.329584198531118311e+00
1.924282952621818588e+00
1.832928374655161008e+00
1.905101636963060230e+00
1.865564045883545852e+00
1.504814228434884216e+00
1.323274108123071890e+00
1.271591574649510115e+00
1.545297130628049187e+00
1.529705831653501713e+00
1.473691519870413247e+00
1.354067212498001549e+00
1.688098583946067821e+00
1.493522730750916683e+00
1.270225520424504762e+00
1.490495405225708225e+00
1.680015675320548851e+00
1.538010471097153165e+00
1.401548241650093729e+00
1.376799402963651886e+00
1.403940612072831051e+00
1.187607954019704648e+00
1.327842795348239902e+00
1.284116246105759807e+00
1.531601302927796393e+00
1.721862131814817065e+00
1.884257719069668546e+00
1.685276020655043672e+00
1.990371754245197966e+00
1.879823901003284448e+00
2.085314553771803414e+00
1.878897709159612406e+00
1.985094983799151835e+00
2.153265190453886646e+00
1.791836327080898572e+00
1.503471690853869447e+00
1.417937700867924145e+00
1.308868774155740100e+00
1.217280460365862016e+00
1.148159859921243031e+00
1.405089209535493655e+00
1.379665522827393298e+00
1.459279026443183191e+00
1.357744132348940536e+00
1.200819902972182884e+00
1.157770442236173425e+00
1.100177778948886909e+00
1.119444057240363222e+00
1.238305929344453826e+00
1.538572106851115118e+00
1.733678777729380727e+00
1.454201455666997544e+00
1.433796523613835694e+00
1.364126673177232130e+00
1.197218207257922495e+00
1.645453184011464787e+00
1.408262024306151217e+00
1.431775556333316102e+00
1.534979502660670070e+00
1.739193128175841485e+00
1.903406027590864191e+00
1.851836681377077243e+00
1.944715322507333255e+00
1.821817447830260228e+00
2.163647012963217264e+00
1.906800431060378997e+00
1.825509404178552231e+00
2.013379431284081367e+00
1.659549629366507295e+00
1.590170642844762394e+00
1.517187656491411296e+00
1.389561562514641579e+00
1.333926466893869511e+00
1.558464117389447567e+00
1.382950606108314329e+00
1.381328547647324934e+00
1.183758139458783942e+00
1.314825224925685987e+00
1.495751571295727445e+00
1.515026691053067864e+00
1.617751526226071768e+00
1.474794284011758272e+00
1.524303650930936449e+00
2.026909454694214130e+00
1.727072994546469120e+00
1.610729132007336251e+00
1.643756201561840546e+00
1.835856066911333073e+00
1.805277306936240667e+00
1.388417499534714494e+00
1.659136114389844652e+00
1.844134031466814427e+00
1.489425657585739859e+00
2.121461208325560843e+00
1.882720217084582037e+00
2.053195684677329158e+00
1.898447187936526337e+00
2.142798647244777310e+00
2.172951170852698954e+00
2.118902603157965636e+00
2.382691765198354794e+00
1.960361709634280247e+00
1.782299024527325804e+00
1.682989598400622233e+00
1.202195131377801873e+00
1.143358063456124896e+00
1.159473325825215673e+00
1.599212042852697024e+00
1.775547235942622315e+00
1.903383580472024939e+00
1.731222826950002514e+00
1.901871737633351378e+00
1.806875237325775263e+00
2.015956798791814997e+00
2.313958514577626691e+00
2.015292087524959808e+00
1.788454973534687076e+00
1.978402244665073084e+00
1.683075246790354029e+00
1.686856045315691777e+00
1.678482476846451465e+00
1.880206233869915700e+00
1.968562060001917136e+00
1.719719874544754168e+00
1.697793707379737116e+00
1.729774920842206187e+00
1.644018940819308661e+00
1.562704823600959747e+00
2.129190771180664576e+00
1.868348745879651718e+00
1.517627060156655272e+00
1.722847576534152658e+00
1.607299431691183278e+00
1.833663850306716192e+00
1.664937383543955152e+00
1.528259462238818367e+00
1.700572061536486324e+00
1.801559510900853756e+00
1.886927626412844283e+00
1.881028664043615128e+00
2.116063598880394192e+00
1.485822810081036671e+00
1.675297485976138478e+00
1.379402811988097888e+00
1.530564744710495528e+00
1.268561381852631342e+00
1.241955602310034656e+00
1.695117668265464506e+00
1.656525855726669993e+00
2.070345456416279983e+00
1.874671749874611493e+00
2.181565663618977080e+00
2.077379218049213883e+00
2.125709088312750517e+00
1.988591213514874667e+00
2.019880377179884334e+00
1.995242223298247186e+00
1.874853194480163410e+00
1.661825199021264909e+00
1.380111162876533903e+00
1.601502465570676437e+00
1.864689820892134975e+00
1.582581347922350057e+00
1.429969730600784139e+00
1.559195481187185095e+00
2.230022978409328172e+00
2.326674913133671474e+00
2.631497652364196416e+00
2.531127887143329147e+00
1.536101228178101241e+00
1.581887726613510514e+00
1.844608442881506383e+00
1.576729538800057284e+00
1.291430211278052909e+00
1.489160086919587123e+00
1.588370628747165725e+00
1.516417689392761226e+00
1.885990127546482320e+00
1.559103949516698728e+00
1.623006580833266987e+00
1.517470290104676600e+00
1.829629014669252207e+00
1.951666089176384178e+00
2.316520838293254503e+00
2.227494968424494903e+00
2.292104050385668668e+00
2.190530943881479065e+00
1.778141071322937750e+00
1.916306849894132913e+00
1.715508320782674234e+00
2.109955290695081143e+00
1.838443901263853153e+00
1.577549817226185702e+00
1.405244716582639164e+00
1.728266943980760750e+00
2.142221045087189690e+00
1.954366920442405231e+00
1.487570635994748702e+00
1.665950807160166525e+00
1.665140818394932998e+00
1.447613311193352015e+00
1.648137208063691794e+00
1.696955615607243617e+00
1.695758571175001173e+00
2.429456319563348288e+00
2.025244216454144652e+00
1.992725508458437211e+00
1.901575045153362398e+00
1.568793295881564021e+00
1.885450449866624245e+00
1.971510818109601715e+00
1.937907657087296842e+00
1.626555634954897300e+00
1.574815518282981275e+00
1.616460797372335723e+00
1.445394917439008386e+00
1.519806608597252362e+00
1.473623258933136393e+00
1.811089262798527999e+00
1.283527201587544742e+00
1.062823004195395438e+00
1.772907349720256764e+00
1.974594270409719021e+00
1.805200730399677100e+00
1.815035061308437836e+00
1.562587434292742827e+00
1.696019309880601789e+00
2.036338544208671220e+00
1.900817174868719484e+00
2.008068492703551922e+00
2.141078766490374985e+00
1.550446984525000627e+00
1.639156706575970235e+00
1.578077125253286361e+00
1.387108902039883906e+00
1.500290211679971009e+00
1.331231715897190915e+00
1.479666551637796257e+00
1.325193132244885552e+00
1.252827599378575352e+00
1.374249704607908074e+00
1.043290202066255778e+00
1.295435184381367177e+00
1.116384958491544399e+00
1.519313307752429232e+00
1.172823639182779765e+00
1.091820190039772598e+00
1.447987998822298117e+00
1.903140340410113485e+00
1.816856965711818761e+00
1.838537150547673749e+00
1.584358780132221867e+00
1.680802997270139931e+00
1.615439816723837296e+00
1.908459311646288903e+00
1.762067891924749663e+00
1.467074467351555889e+00
1.428341440203289459e+00
1.966718121779886363e+00
1.830874617789615133e+00
2.065333142634927288e+00
1.637926485980754299e+00
1.491837249879069960e+00
1.653549766193237902e+00
1.765107500411629893e+00
1.598667519301715467e+00
1.507585305004397691e+00
1.886630923909858204e+00
1.693088505652426967e+00
1.672707007353542608e+00
1.560504049317310793e+00
1.556503452485771932e+00
1.891799294371854900e+00
2.114849543521736930e+00
1.838384541003494910e+00
1.658810512239751178e+00
1.198942590549850307e+00
1.257747815667275892e+00
1.605856959122238026e+00
1.802555433418541631e+00
1.590491398395013745e+00
1.532304323509706911e+00
1.362370418455706389e+00
1.690916129526828904e+00
1.603391510112377905e+00
1.794487063803664517e+00
1.699987438567442499e+00
1.908448089431847849e+00
1.876478560844555776e+00
1.543667298134198118e+00
1.479552709031550339e+00
2.046809924647997381e+00
1.707863454432421380e+00
1.875273068763489093e+00
2.130733262978160791e+00
1.878042347904434806e+00
2.228194667720097222e+00
2.337165582395507979e+00
2.141605535868523091e+00
2.366599813718438750e+00
2.411796824058995536e+00
1.826508318796942865e+00
1.833003123476055540e+00
2.155396168778274557e+00
2.192577618325445510e+00
2.085849040442613767e+00
1.496977926343552756e+00
1.594545271647094919e+00
1.273898447442368909e+00
1.470627306075144025e+00
1.483043937646806754e+00
1.441201751390283725e+00
1.716580547818272962e+00
1.715519078944040432e+00
1.858765225439959812e+00
1.918853002515092276e+00
1.517014755629178202e+00
2.010139504068660710e+00
1.963867565383809355e+00
1.551287350198469417e+00
1.560008199081166724e+00
1.380173498936878129e+00
1.661051408758640768e+00
1.670799840496779654e+00
1.534270645279568690e+00
1.794282584878571285e+00
1.606769321485108426e+00
1.338843857815634308e+00
1.728157987787240391e+00
2.059395880702120873e+00
2.131245290052213193e+00
2.070896717732790826e+00
1.955090179726370891e+00
1.825304097320838537e+00
1.853085269366480325e+00
1.498162900123957586e+00
1.910546446576821156e+00
2.207252392820323816e+00
1.859879009736461475e+00
1.588611360209460477e+00
1.347665560924170336e+00
1.454181884319279972e+00
1.999864001690369708e+00
2.141898162808197892e+00
1.820715296585126985e+00
1.624275745900826351e+00
1.689322812535944074e+00
1.562291090805983274e+00
1.167529788232402055e+00
1.351818586566799318e+00
1.900955936996471696e+00
2.161573813762414975e+00
1.808367170025809489e+00
1.921390941196608582e+00
2.196875854690985452e+00
2.139494442790314199e+00
1.661565423268346997e+00
1.529186499584934911e+00
1.653227063582050071e+00
1.645517114515309576e+00
1.617068819188455242e+00
1.739883709907784848e+00
1.678888667488948272e+00
2.030955042388721932e+00
1.641648526499161598e+00
1.730631594732513712e+00
1.307469117282590965e+00
1.411836550617217023e+00
1.353502596279296810e+00
1.542547921109473252e+00
1.257213517628344546e+00
1.345080751287786036e+00
1.397570799884198856e+00
1.147034462386188336e+00
1.396888955504593355e+00
1.852789652772869777e+00
1.221861954894981395e+00
1.800267630950759701e+00
1.825120101218963287e+00
1.926252769655439012e+00
1.543461129866493309e+00
1.610078116012093608e+00
1.808713801296573997e+00
1.753904030590164531e+00
2.217456650469296520e+00
1.978190633650477315e+00
1.975067395586619590e+00
2.264402507508334050e+00
1.701642224495203415e+00
1.811341353060668347e+00
1.828288137630462717e+00
1.642904101173146003e+00
1.447744624129834179e+00
1.516979215660883451e+00
1.626694211483878494e+00
1.409931677205799927e+00
1.027982448135650762e+00
1.481630420223128075e+00
1.424320404954962926e+00
1.523055315943453891e+00
1.384221464261570667e+00
1.214231923442990357e+00
1.446863819917670435e+00
1.841554755016995060e+00
1.692769021607301028e+00
1.844329411953350206e+00
1.777693623259817501e+00
1.733422449061201354e+00
2.434056882386514076e+00
2.566187411816545527e+00
1.937934685360750642e+00
1.685144719249846323e+00
2.301922550754548435e+00
2.151994340550767326e+00
2.296694345852990704e+00
2.271370249100077121e+00
2.106202377423449512e+00
1.925054458723248096e+00
2.066766369722914831e+00
1.692089151575083328e+00
2.030954069123783068e+00
1.828096840409360269e+00
1.750636259712188281e+00
1.389171874365476178e+00
1.554986139166655734e+00
1.480959145640370789e+00
1.077268815995084728e+00
1.552937729261784527e+00
1.490992682762788846e+00
1.773262586897567772e+00
1.706736798993367943e+00
1.669427707568029717e+00
1.732400820872915137e+00
1.636266459352101243e+00
1.829325917902328236e+00
1.397909172917010778e+00
1.548385745784772949e+00
1.720729687013514031e+00
1.821322390530813129e+00
2.268015389765450696e+00
2.208504534898767524e+00
2.427623869636102327e+00
2.051198025735645913e+00
1.765368397466168027e+00
1.754024191171833058e+00
1.477427495145413161e+00
1.421226729676772882e+00
1.432923882283340111e+00
1.506391586526026005e+00
1.305372180856228637e+00
1.033715303079356662e+00
1.019253821985275366e+00
1.117049560764489469e+00
1.620513916552861922e+00
1.419379434805551066e+00
1.368195834811112954e+00
1.604116596518689875e+00
1.364654335398683971e+00
1.411442003326813577e+00
1.433272353487109463e+00
1.389160408817927461e+00
1.508030708057818581e+00
1.610456474906851732e+00
1.563177314412203422e+00
1.462544800159776948e+00
1.377620386425828070e+00
1.315204586859872515e+00
1.498069077415960404e+00
1.229849369024917038e+00
1.400486036859549754e+00
1.638656006350037053e+00
2.207060470205552516e+00
1.980970183369437976e+00
1.628169951598836818e+00
1.739755548609335678e+00
1.468105196823698222e+00
1.205579212752408758e+00
1.328380152030848915e+00
1.398536091674479342e+00
1.676014665466155185e+00
1.497036143785442697e+00
1.426902268134378815e+00
1.665162086183188839e+00
1.283287350896963330e+00
1.352477551429273506e+00
1.157585311163920716e+00
1.285573771666900456e+00
1.237024087726432464e+00
1.400506371052132604e+00
1.539243228306722111e+00
1.768575083498441280e+00
1.812668786808138366e+00
2.427071850052700430e+00
2.072593081303762741e+00
1.943412041527275536e+00
2.015344159764858478e+00
2.165368455738171161e+00
2.010688769090305694e+00
2.051255111676464349e+00
2.062109877204472586e+00
1.855784353084746208e+00
2.423512013925795738e+00
2.438250494191896323e+00
1.906819711050340871e+00
1.735106164976166099e+00
1.374076644472718600e+00
1.836156750305096175e+00
1.856350546082831343e+00
1.688398725824640012e+00
2.010148177177756956e+00
1.766321231742951525e+00
1.686978237872578834e+00
1.551400688646031423e+00
1.611667226836327238e+00
1.346422393637150883e+00
1.761884440242211802e+00
1.683635929560052480e+00
1.970501643600481634e+00
2.234412520089086751e+00
1.938197857489685205e+00
1.556283896715767945e+00
1.941575680923805836e+00
1.549336832937577402e+00
1.561694042368170665e+00
1.597618446169734474e+00
1.703653770486058594e+00
1.874735044457955802e+00
1.686072012331439884e+00
1.976784477245364435e+00
2.108495597918378817e+00
2.168883158226813546e+00
2.167476765923009197e+00
2.519865783494166234e+00
2.775564129592028362e+00
2.844614684402225535e+00
2.531117110246968505e+00
2.349977729290887218e+00
2.491802195474319248e+00
2.510306086519948465e+00
2.319871617709925005e+00
1.698228179050237152e+00
2.035172031890895905e+00
2.044555016630452027e+00
1.809273981710205703e+00
1.729819157148935638e+00
1.902671340352971585e+00
1.307067142067968701e+00
1.486211279738771651e+00
1.554216863418400152e+00
1.831948605221955795e+00
2.170827290502007845e+00
2.099939005512057477e+00
2.199209407349246082e+00
2.160100842047101732e+00
1.806993505471029993e+00
1.618545835993797199e+00
1.535776907603591868e+00
1.834882358861760654e+00
1.836828020815153728e+00
1.627030062127047261e+00
1.625617079761215500e+00
1.707754663809024853e+00
1.565705756399251136e+00
1.717235199895899900e+00
1.537779646149083801e+00
1.623321964544042206e+00
1.543891953291495422e+00
1.576218400116578655e+00
1.481054164052113542e+00
1.034553495142883861e+00
1.473696994411749506e+00
1.254378216998515150e+00
1.356763866785265282e+00
1.692064935663974090e+00
1.553881730541396777e+00
1.738416275416486689e+00
1.814312080752002121e+00
1.896401671326843008e+00
1.357333331158274703e+00
1.676669716268909927e+00
1.725180815323547279e+00
1.758216141474401528e+00
1.647878722852228250e+00
1.519153633165746919e+00
1.502273487212080205e+00
1.757620591878573002e+00
1.625763411169813599e+00
1.891744588508718072e+00
1.705398799838346413e+00
1.749604712125838013e+00
1.478843892002569937e+00
1.249500842677663259e+00
1.390593506890168918e+00
1.300415165123714356e+00
1.441788873682967820e+00
1.042720902202968203e+00
1.299884101877363252e+00
1.308338472387480245e+00
1.533302175887181651e+00
1.212084038279845899e+00
1.432461216705492424e+00
1.353999731256136485e+00
1.367362994267627307e+00
1.563783826048834591e+00
1.833740553827463149e+00
1.759967174344722274e+00
1.923326002096856557e+00
1.863818469994261040e+00
1.962611792134126620e+00
1.772972303453818288e+00
2.098104244509116256e+00
2.286618963511633407e+00
2.013602882134160943e+00
2.230385980065429319e+00
2.235603352842468805e+00
2.150069687018776321e+00
2.046654435170987441e+00
2.299595893006374681e+00
2.327402848100414534e+00
2.364266638341615323e+00
1.813187167787744913e+00
1.661382657981797850e+00
2.233011413996367711e+00
2.347133421004111042e+00
1.940484601014436983e+00
1.569415360333855203e+00
1.279986247215313400e+00
1.348374813694454666e+00
1.757026369749732808e+00
1.307731457154569066e+00
1.222367186869242950e+00
1.485231558347586800e+00
1.521249510901427016e+00
1.567053713002232396e+00
1.940606601903891892e+00
1.789814330601928738e+00
2.084008746219432773e+00
2.117876793755051335e+00
2.044522289253206448e+00
1.994290258412793282e+00
1.680844773823146232e+00
1.814714607736603202e+00
1.486722628875533747e+00
1.324123981260767913e+00
1.633752865831049395e+00
1.830016199071041072e+00
1.643507709768303959e+00
2.005415555657051208e+00
2.080296336929015499e+00
2.350723136086716014e+00
2.424174598608613618e+00
2.164623134851462183e+00
2.276858784338142705e+00
1.914832514474047009e+00
1.704292197750361559e+00
1.752470534757511578e+00
1.586555458737717750e+00
1.985212060044413862e+00
1.519458277216024555e+00
1.513365716245243853e+00
1.793940801532481366e+00
1.602655196511027613e+00
1.293902964130895006e+00
1.492255183120172468e+00
1.389110003016850836e+00
1.701430099637552873e+00
1.638689876063752937e+00
1.892005334282269136e+00
1.527214702524643863e+00
1.564262917750869342e+00
1.383743897522781596e+00
1.476783852031295918e+00
1.714054425359687217e+00
1.663068688911311988e+00
1.577187779056145267e+00
1.736969025302153913e+00
1.962336219824938333e+00
2.128021456677076984e+00
2.398566505970364471e+00
1.964165838938595421e+00
1.758172346178671352e+00
1.976453045360068606e+00
1.558506224148100694e+00
1.700222918190073873e+00
1.495544784977549835e+00
1.524436508345921482e+00
1.348885971253773741e+00
1.333347758036185882e+00
1.545111802682566093e+00
1.390150843074221987e+00
1.281650186933965152e+00
1.405022100923501327e+00
1.561651475698035529e+00
1.508456233245341949e+00
1.284912448227144566e+00
1.177618098266807634e+00
1.171429727453355607e+00
1.212744403479018240e+00
1.005521288345982756e+00
1.157294892696820732e+00
1.158563769935199828e+00
1.321110804137685557e+00
1.364681225324548386e+00
1.174828678845126317e+00
1.353100259748984735e+00
1.236173569659135829e+00
1.246808809025326426e+00
1.378634934790036404e+00
1.473719086633096031e+00
1.506691078245822935e+00
1.547462037006135827e+00
1.555221792308185913e+00
1.474205482506450560e+00
1.941239418306542008e+00
1.596745390769228834e+00
1.975791869495346020e+00
1.842019972981928877e+00
1.922723289216485831e+00
1.900737569702935392e+00
1.977510361779292403e+00
2.147952620188036121e+00
1.781138079683415754e+00
1.515795007983996578e+00
1.970133573990930476e+00
2.068550582022072426e+00
1.959948986841754337e+00
1.808793088862675091e+00
1.461045616289301075e+00
1.692000363453718847e+00
1.583169237206551117e+00
1.474882887610199589e+00
1.561088312341060602e+00
1.665351836757691606e+00
1.741136744502922218e+00
1.530773824145449602e+00
1.441845413073266524e+00
1.377050914273632243e+00
1.884625122187892021e+00
1.650537160285975524e+00
1.249410921818893794e+00
1.292335984739245269e+00
1.198135398696563936e+00
1.267808989941634934e+00
1.325098082124361198e+00
1.656325947478929583e+00
1.294808747887369327e+00
1.503449501770072638e+00
1.459484849994544531e+00
1.115549234501602704e+00
1.059904911612016942e+00
1.083650174431567192e+00
1.509260631986111711e+00
1.560790117085659956e+00
1.559959859684081351e+00
1.712838639784017181e+00
1.960252334111102890e+00
1.911449491986574323e+00
1.722418964523340312e+00
1.301163935446949749e+00
1.290901062604787652e+00
1.291498024693033209e+00
1.930520140720308753e+00
1.791914456614387863e+00
1.713200253949833218e+00
1.875348932807086033e+00
1.224687423997445457e+00
1.633074457051691297e+00
1.570829736952370936e+00
1.471011534582891578e+00
1.416435827047707985e+00
1.556396768778032680e+00
1.248259319608032492e+00
1.295893614596205445e+00
1.337373819539996234e+00
1.616309625888207924e+00
1.780468446711393371e+00
1.883422300001517558e+00
2.084927107372394950e+00
1.880203255095287407e+00
1.899867436438500867e+00
1.789762984879511354e+00
1.978932894875933712e+00
1.686355505442204361e+00
1.662445243356404978e+00
1.991350429655271315e+00
2.028819512617402676e+00
2.426567257964777014e+00
1.585781715479138931e+00
1.807223811618337228e+00
1.895659373433122852e+00
1.785536844023231984e+00
1.924991774938276778e+00
2.083263309634423965e+00
2.015057156555406959e+00
1.691101305252294296e+00
1.769358988322924375e+00
2.198558195727543296e+00
2.223125797778720436e+00
2.174072125660292176e+00
1.700215501197612999e+00
1.953804762247001836e+00
1.987373184016399286e+00
2.041166557508657498e+00
2.283130351706314620e+00
1.906860036021431171e+00
2.033460240537400932e+00
1.711866121618654368e+00
1.587664334239285768e+00
1.229460494317119457e+00
1.286860500809596353e+00
1.402575542049175006e+00
1.417707363971950185e+00
1.226861920159255659e+00
1.397363042484739637e+00
1.432910602437381442e+00
1.396752854795470844e+00
1.516186944170331952e+00
1.350313701286306234e+00
1.473798621058895586e+00
1.639064686936017701e+00
2.048198960903389487e+00
2.044803607841910509e+00
1.879985163382996705e+00
1.220777320321148274e+00
1.308006161699275083e+00
1.276351416532260252e+00
1.406042287607078833e+00
1.686086800393446827e+00
1.635905933541226931e+00
1.752011022570491683e+00
1.982979985666772471e+00
2.207230418975194119e+00
2.337099257414846143e+00
2.071550508689685710e+00
2.274655303182887334e+00
2.405667003632677048e+00
1.945367865973577359e+00
1.763353577207904754e+00
1.439966281530747239e+00
1.422426423930082118e+00
1.324515321149964509e+00
1.214367152102118652e+00
1.701750014568842451e+00
2.026165384835778127e+00
2.214867305043654255e+00
2.024822325054992600e+00
1.716222425700598908e+00
1.804524045833541868e+00
1.984193367021825471e+00
2.038769045127167612e+00
2.072695814523431324e+00
2.532387095087649254e+00
2.134090448606472901e+00
1.928644020269721926e+00
2.148782480271314022e+00
2.058265467660184367e+00
2.067092587764568279e+00
2.494615699083980953e+00
2.175261130299437795e+00
2.356294396975497474e+00
2.252165515277409380e+00
2.414794890197283550e+00
2.133884298965868176e+00
1.974615529886647680e+00
1.736753451405371296e+00
1.811418032331617356e+00
1.812220133827643798e+00
1.874597962850204302e+00
2.089190697336463121e+00
1.827911333367302493e+00
2.057559557852620458e+00
1.994177746764912884e+00
2.333209922457941232e+00
1.856404312784849742e+00
1.642309372081302232e+00
1.803887107931198663e+00
1.590044303036154183e+00
1.642731433085583337e+00
1.756780675427342731e+00
2.012900853024459646e+00
1.880040891702319472e+00
1.760584155704644438e+00
1.620529402942333608e+00
2.038414896184562064e+00
1.776622770216087055e+00
2.055833463180961385e+00
1.817770408354803635e+00
2.000463989784602159e+00
2.392373617416504228e+00
2.107138540529749804e+00
2.408654728107167742e+00
2.153389054691210447e+00
2.099948568270626037e+00
2.108000916699601213e+00
2.166051500805057373e+00
2.162265174537949530e+00
2.041421588824460454e+00
1.524716393170176598e+00
1.744385165674724236e+00
1.550341127415510334e+00
1.601357193656685496e+00
1.424739085290428919e+00
1.343030791931050016e+00
1.420636602304676144e+00
1.934419277950900851e+00
1.699751849476283772e+00
1.669871229429294335e+00
1.628304908294989195e+00
1.663364465911107537e+00
2.165789435999164070e+00
1.941104597114315045e+00
2.046998050173904904e+00
1.797121315941052622e+00
1.881650657931523529e+00
1.791970303386238861e+00
1.465960996069472166e+00
1.420652706539099697e+00
1.261536110499727137e+00
1.746766601606897673e+00
2.213344976806055353e+00
2.263601047383874132e+00
2.571213950864144948e+00
2.245051974676883777e+00
1.873357161415665662e+00
1.809877121692557100e+00
1.287128291057931362e+00
1.693277505051651977e+00
2.345375864243707920e+00
2.085524157565826542e+00
1.707329439257480930e+00
1.762996387750795479e+00
2.082801712741946698e+00
1.759762294576566521e+00
1.903139958577112045e+00
2.293309638314540155e+00
1.772204300488985140e+00
1.633566495509339411e+00
1.449516697288060874e+00
1.426474804441073108e+00
1.535589992541525284e+00
1.415584612492823968e+00
1.285060487908635363e+00
1.551344423340541789e+00
1.616988481344780126e+00
1.644058296984915790e+00
1.827292856769799023e+00
2.258062860698783592e+00
2.135268173789313995e+00
2.104329138652016429e+00
1.678118991454770059e+00
1.342327547171005664e+00
1.248390935661059187e+00
1.223708641336652025e+00
1.195297711018239672e+00
1.196326277870661370e+00
1.410028759616282601e+00
1.532369472727829640e+00
1.802024177539443883e+00
2.181500050782146705e+00
1.798772355645156695e+00
1.962868484914191303e+00
1.740021729179768828e+00
1.664119201058715580e+00
1.765464352026657524e+00
1.424776543569646670e+00
1.579319607042866336e+00
1.388447268984145389e+00
1.851862576199582833e+00
1.993233445283531413e+00
1.877173110201367123e+00
1.587770737344576633e+00
1.618677515263286182e+00
1.203608759697557984e+00
1.583782988670491054e+00
2.109989210031830265e+00
1.890625625729311254e+00
2.020515502212179015e+00
1.806556981235597270e+00
1.681512336529136009e+00
1.672952206182495516e+00
1.764729284418524946e+00
1.740364514152078046e+00
1.835567520156967447e+00
2.027488604638442826e+00
1.770635358323700004e+00
1.822989337102444374e+00
1.589616259633107820e+00
1.868856218102956213e+00
2.126352235806187263e+00
1.598932591008024318e+00
1.691465360280639985e+00
1.842223352021587601e+00
1.951997216528913670e+00
2.118700133377853234e+00
2.432124968170639168e+00
2.233183131683416534e+00
1.972238046966567460e+00
1.906957439534640031e+00
2.101785139138210301e+00
2.223905037446064270e+00
2.096665542022886353e+00
2.082046713093265833e+00
1.682311123381918350e+00
1.630563191515261412e+00
1.616013643844375736e+00
1.208556079858105203e+00
1.602817411517354351e+00
1.818540498610021094e+00
1.384717975004603030e+00
1.598608395883341027e+00
1.604941565283279914e+00
1.520744130295903052e+00
1.978944771733059715e+00
2.163253741274135944e+00
1.940145593153981940e+00
1.853127584805375427e+00
1.616650170200418790e+00
2.071296933657256201e+00
1.909919612596889582e+00
1.943417264158898039e+00
2.103155791654728546e+00
2.122038566586594843e+00
1.868641085067985319e+00
1.973892624847453092e+00
1.964031917256243709e+00
1.908062274128914160e+00
1.481408181772619459e+00
1.808733343317978415e+00
1.654290527196262239e+00
1.500718151367106623e+00
1.726040582187205352e+00
1.693422117924336057e+00
1.616375633166925674e+00
1.694079777025589983e+00
1.832903012776814000e+00
1.846859891605231674e+00
2.117699071424728796e+00
1.868433438017532922e+00
1.904843573697134973e+00
2.322830892534345715e+00
1.878673993625454619e+00
1.998915425169984550e+00
1.872924085522792881e+00
2.350162232861663814e+00
2.363076726333676714e+00
1.714389161012699336e+00
1.938823667231267756e+00
1.991712902591740608e+00
2.171077262747727499e+00
1.393451928961286113e+00
1.246543077025181523e+00
1.124941800010878179e+00
1.270558619352405660e+00
1.260910382077213843e+00
1.594380153890312846e+00
1.471407556549701567e+00
1.819765471224216391e+00
2.133074483198726057e+00
1.915225366775173743e+00
1.906930951458428503e+00
1.721435307267515036e+00
1.502304168831632092e+00
1.082960991153614438e+00
1.266188707682490033e+00
1.467409867503475462e+00
1.299359242905802514e+00
1.702644763481481860e+00
1.657166628711522982e+00
1.534511264234672101e+00
1.539027276713484937e+00
1.372785236086547789e+00
2.037807510223795582e+00
1.942355423220537780e+00
1.444986050728966465e+00
1.488800846105368780e+00
1.767481166088066491e+00
1.677267632812007747e+00
1.524259390343701615e+00
2.047989415398279167e+00
2.150785923388082388e+00
1.482095410080823461e+00
1.724907540788376270e+00
1.592835716554175995e+00
1.724746410072594660e+00
1.441562275242710633e+00
1.418575328687806225e+00
1.365375136284677327e+00
1.686360232317344332e+00
1.754672955220695663e+00
1.424832847614905473e+00
1.277873596376677856e+00
1.359499254332046103e+00
1.339669798946120816e+00
1.588532278488594907e+00
1.697805028117272741e+00
1.911058316894030273e+00
2.174995413236275876e+00
2.144547696722352015e+00
2.004196509414289729e+00
2.215501936070536804e+00
2.348785901909808072e+00
2.156235602218510738e+00
1.885897398505605116e+00
2.223689286943545618e+00
2.307751444545030672e+00
2.154343926005810594e+00
1.492194205336120350e+00
1.443455516313586040e+00
1.583922174568912267e+00
1.459852181407296001e+00
1.533685837460417867e+00
1.414836697725595949e+00
1.393834531453246539e+00
1.901780794100838001e+00
1.544658885488406463e+00
1.631790589195501573e+00
1.673972461272439594e+00
1.726011748070140683e+00
1.965113188790243770e+00
2.192907703636566730e+00
2.293882008653727045e+00
2.258183327001544338e+00
1.819833305415217373e+00
1.986020471338114435e+00
2.049480865374504024e+00
1.762521675438944557e+00
1.835333645969531746e+00
2.061852296590821698e+00
1.976419805142977770e+00
2.665056994008292435e+00
2.431211003643101609e+00
2.385040280053087436e+00
2.391754029327019193e+00
2.242694335678631301e+00
2.148578701168649907e+00
2.361273224152472761e+00
2.254391235731551646e+00
2.051247148076191351e+00
2.099409394003554752e+00
1.866487449599570470e+00
1.895215053309845521e+00
2.086012318758695638e+00
1.775583286542515626e+00
1.926881031543815626e+00
2.329243520506179888e+00
2.286172355109246990e+00
1.996347393280522242e+00
1.887435502999633030e+00
1.519241166474459614e+00
1.322546837742001991e+00
1.451092845600347570e+00
1.722415761195663864e+00
1.349434108889512762e+00
1.607949736904628724e+00
1.731620644127718656e+00
1.555265327315084267e+00
1.278715330663970695e+00
1.794124280524791004e+00
2.060629127873012223e+00
1.740986146463886941e+00
1.527057441475605071e+00
1.456231284350393063e+00
1.409555400023986271e+00
1.331027911384786044e+00
1.554920749118451795e+00
1.827539897793707624e+00
1.638401604733922490e+00
1.805763999412866028e+00
1.693430858645720072e+00
1.813644437623911587e+00
1.830579178867354662e+00
1.460224725042717608e+00
1.467127670750409951e+00
1.791020746069175829e+00
1.608554170273202688e+00
1.423734775468353364e+00
1.567468315957166070e+00
1.548212850330485946e+00
1.813813270061863214e+00
1.865594626035432801e+00
1.907710995954986943e+00
1.841613900802335779e+00
1.580135202055921395e+00
1.110090713912425420e+00
1.084720792558724334e+00
1.188537835162914558e+00
1.408681829545849196e+00
1.363788583006020128e+00
1.609930973377351471e+00
1.493819179825544907e+00
9.769842740509973034e-01
1.147749793154460241e+00
1.221656601135354903e+00
1.149742093323782743e+00
1.032008860778289350e+00
1.217170338465806800e+00
1.472665619695358474e+00
1.238763730850286571e+00
1.361593340494168247e+00
1.213381096877803822e+00
1.175469143725415888e+00
1.298402915393623180e+00
1.428296384005079078e+00
1.247604180556267206e+00
1.147674779417843016e+00
1.217091107886717483e+00
9.932922031214599379e-01
1.181866415535910653e+00
1.114020291330204859e+00
1.222840395169410455e+00
1.182040739903887028e+00
1.617464375634247054e+00
1.567069582641487990e+00
1.672260942602459499e+00
1.577427361940616057e+00
1.769052115609694553e+00
1.566635583358445993e+00
1.537893704519165405e+00
1.721707545696073538e+00
1.938861971391100170e+00
1.800482905088325314e+00
1.469755058102305334e+00
1.704468653793744126e+00
1.347477753657650767e+00
1.507677807727255903e+00
1.738705971086545565e+00
1.949533198882950735e+00
1.886206838861974155e+00
1.837948618145851087e+00
2.249601024621634249e+00
2.049079313777964817e+00
1.859106261934131865e+00
1.691925817428874712e+00
1.650503019080643341e+00
2.280580609294351024e+00
1.695170555255630873e+00
1.590290576784087362e+00
1.399432907848823682e+00
1.762415786981403887e+00
1.913003642613739119e+00
1.917673515002382034e+00
1.923199131091589464e+00
2.250172438100661587e+00
2.363571941045159441e+00
1.898854901580236287e+00
1.677168428745341888e+00
1.635835185351388832e+00
1.751534126033920558e+00
2.039157102062180371e+00
2.080112414088089334e+00
1.935581510248898240e+00
1.901637949056085519e+00
1.628747768760278491e+00
1.751670419517093125e+00
1.747145843568518986e+00
2.092696239685520432e+00
1.711275517008383096e+00
1.605894905174822584e+00
1.513267896878424779e+00
1.627705375100096719e+00
1.368452481781694763e+00
9.948835078086919470e-01
1.252876158799905326e+00
1.379788984637467575e+00
1.617447555060284703e+00
1.755857137900521669e+00
1.786050907578301095e+00
1.929086509272282868e+00
1.770268323367868213e+00
1.683868269973952003e+00
1.829136314543982511e+00
1.705001008634764892e+00
1.859595309804165542e+00
1.555793975599159440e+00
1.527518637629739828e+00
1.599692480986740106e+00
1.522310616631495694e+00
1.545075400792994769e+00
1.598598724000672489e+00
1.659616898629177051e+00
1.543451636396833138e+00
1.307451315114725787e+00
1.489548919521110903e+00
1.615278999338782384e+00
2.519246042974918165e+00
2.090328941720737799e+00
1.383664284361244778e+00
1.690094221034997624e+00
1.840638744901385015e+00
2.153049819232967899e+00
2.097124186475278318e+00
1.917811400927099230e+00
1.998676856998399032e+00
1.640963642481321205e+00
1.447228951928346774e+00
1.682403377722438753e+00
1.425723146386606022e+00
1.553330705664351719e+00
1.525465099493170884e+00
1.624782191642787810e+00
1.563920952766621353e+00
1.557150543091344819e+00
1.695526203874239801e+00
1.967602226812993127e+00
2.008300643637528360e+00
1.965496981644765162e+00
1.428450626561690973e+00
1.823708165814870386e+00
1.784070197196616192e+00
1.508492133505818344e+00
1.621736805950885429e+00
1.917421204353475961e+00
2.193599318055031500e+00
1.843564629599287574e+00
1.758568441926635861e+00
2.018725243108697498e+00
1.906894519352358985e+00
2.413030836647840349e+00
2.304917012319884773e+00
2.453242866050837634e+00
2.689709210230342595e+00
2.069943451857327865e+00
1.486360594468633778e+00
1.265907778407187267e+00
1.580625086988391770e+00
1.597303754153650779e+00
1.524073572369956997e+00
2.220402016028720116e+00
1.803085843081518425e+00
1.918340974426662404e+00
2.174151702545333631e+00
2.204829873055667466e+00
2.103965559931244567e+00
1.842429752734242143e+00
1.669425397247897180e+00
1.993439949665277489e+00
1.942866718199793397e+00
1.937214437448629756e+00
1.963307884250454327e+00
1.293090497860584609e+00
1.829700008707720649e+00
1.173143321088618407e+00
1.465881860463785991e+00
1.304768492584205575e+00
1.553360450957006478e+00
1.567461404907701805e+00
1.238795954962115253e+00
1.525746771354346443e+00
2.293207522890247763e+00
2.200404343308304700e+00
2.283199236581403113e+00
1.623289028303054771e+00
1.646182193708326968e+00
1.772181026137717996e+00
1.817385752236428509e+00
2.300904677406089949e+00
1.727816984458159899e+00
1.543587387225566765e+00
1.343623596000930620e+00
1.181032761688587174e+00
1.479888173192633660e+00
1.540493026817773670e+00
1.330749995425864807e+00
1.514998474922659266e+00
1.638322379770281279e+00
1.669985805965185977e+00
2.094493697665551490e+00
1.904829487748791239e+00
1.557148165683955421e+00
1.832002645428163934e+00
2.008203196041409289e+00
1.911719610643560330e+00
1.620956561666013318e+00
1.538521542267105913e+00
1.561399793061282404e+00
1.766219136785475374e+00
2.070235494647871821e+00
1.725380984885920954e+00
1.948516703463355260e+00
1.625824146570394646e+00
1.646070813017774803e+00
1.570814113244932919e+00
1.625042532874920953e+00
1.485717714171453707e+00
1.521760369259533396e+00
1.266090327223635237e+00
1.302779767513260190e+00
1.397084363922107997e+00
1.766868716585261456e+00
1.864907408806855349e+00
1.849963951265039874e+00
1.781496769159112148e+00
1.825886908989160506e+00
1.821945109038374699e+00
2.008176845328506044e+00
2.189074090124217165e+00
1.912366372525525327e+00
1.851338385869036207e+00
2.083517540565419601e+00
1.772166161425712261e+00
1.748583471789548316e+00
1.807423605945447598e+00
2.033290493213795624e+00
2.084512408423655039e+00
1.881385083676629932e+00
2.078352090073875669e+00
1.864836837730318608e+00
1.606704834895655853e+00
1.617366385940534945e+00
1.564910327261743950e+00
1.573809094096027206e+00
1.738252579868284187e+00
2.235115532763514157e+00
2.429001846869413672e+00
2.259735651098480513e+00
2.017049764184604577e+00
1.989322451081203091e+00
1.649249652317585912e+00
1.719606484019295056e+00
1.469566748463909445e+00
1.688586841669104333e+00
1.920942774908542816e+00
1.983960787168654649e+00
1.591399415101554027e+00
1.495177624322741039e+00
1.561303381265442880e+00
1.884574427875127300e+00
1.997540788265187661e+00
1.323775002525785949e+00
1.451194086604656430e+00
1.527997532368032374e+00
1.852288384765810036e+00
1.715789870097890635e+00
1.788982167571626425e+00
1.437134413762477081e+00
1.223026442092166377e+00
1.382943819617344250e+00
1.402737502906099110e+00
1.450232910856987356e+00
1.319908107618316118e+00
1.437303511417442614e+00
1.721895712338899820e+00
1.802729971683308285e+00
1.570730820036923214e+00
1.559731734529519853e+00
1.030605502812261376e+00
1.169894751128045529e+00
1.076520628873998797e+00
1.177525402864287862e+00
1.128109785820048616e+00
1.183716903493777117e+00
1.061923766995264584e+00
1.276714134926492328e+00
1.694718998243645025e+00
2.084633244593990575e+00
2.608884997218710478e+00
2.154969366236686223e+00
2.163310345645218735e+00
2.447220046446693775e+00
2.127996251213449597e+00
2.144202422647043083e+00
1.910775109539095684e+00
1.404381605883936457e+00
2.228554663082003895e+00
1.957889485714620070e+00
1.767075693322435415e+00
1.405114617629579676e+00
1.628005510797186250e+00
1.556101234352899043e+00
1.778109202904179398e+00
1.946987435934947941e+00
2.118667648111439483e+00
2.109715078260110843e+00
2.145814434543544813e+00
1.893651671181505014e+00
1.736148505250586060e+00
1.793519164511238717e+00
2.417585771077312540e+00
2.328181480121132463e+00
1.982843639052459750e+00
1.891342632576323624e+00
1.749229141569744517e+00
2.115190665632672218e+00
1.965479060746292861e+00
2.011360645011019521e+00
1.611945714940041574e+00
1.786644381922739999e+00
1.275996426043049636e+00
1.242820087947946073e+00
1.348867499449431184e+00
1.291542682077277071e+00
1.405777836259338276e+00
1.237397574754790064e+00
1.193079545200137703e+00
1.487380847363152236e+00
1.300007480013110950e+00
1.222955171594694468e+00
1.522365401241969174e+00
1.186707889066016541e+00
1.173079476603271276e+00
1.214483684478041114e+00
1.566273509697658106e+00
1.524108421337038388e+00
1.484936590894272879e+00
1.808972785468444089e+00
1.400486754034445447e+00
1.308455695194009172e+00
1.543258190799014384e+00
1.891425584680939354e+00
1.571144707368176574e+00
1.557034799169293882e+00
1.674336117483068209e+00
1.936079343426200694e+00
1.863850737908405719e+00
1.951191542773871523e+00
2.014965558190073391e+00
1.834551383760549159e+00
1.573722104908602759e+00
1.488395869332653110e+00
1.580112858660216890e+00
1.490026817023349714e+00
1.268675096393590884e+00
1.227028555103787388e+00
1.344080367593396108e+00
1.359695178476419741e+00
1.408028865660322593e+00
1.591228099528279705e+00
1.689134332010621797e+00
1.549762953137256538e+00
1.819982823712736453e+00
2.189228868996168753e+00
2.204734538820110501e+00
2.225514480675498064e+00
2.600377570643658487e+00
2.247765941064199247e+00
1.902960011496970028e+00
2.088602524316263587e+00
2.180725984943101547e+00
2.298321967957113632e+00
2.157077805362079381e+00
1.958770181115333076e+00
1.977871761416729601e+00
1.737467118411240241e+00
1.570211734530535530e+00
1.395615379243673848e+00
1.504536703999046043e+00
1.737578179314004378e+00
1.210947036541616395e+00
1.686644425303331252e+00
1.984838728379587636e+00
1.755947387220431866e+00
1.620876526161590281e+00
1.347374471604942947e+00
1.426091221872927806e+00
1.669026165792347971e+00
1.759792439894660054e+00
1.652832874492073501e+00
1.776800727347250364e+00
1.867397031583997391e+00
2.246110506473514956e+00
2.327957231088944923e+00
1.795678161215702673e+00
1.559020050938665580e+00
1.751589527451710815e+00
1.791782482839990864e+00
1.919178386462631725e+00
1.887914028353690377e+00
2.282498834207213445e+00
2.502811032201730512e+00
1.809391131365270855e+00
1.541786344358349270e+00
1.121800617655246413e+00
1.134058619544602742e+00
1.171256505043043683e+00
1.318854722815858027e+00
1.448241151973953755e+00
1.585882988579366382e+00
1.948384773968841577e+00
1.989829920595383328e+00
1.971787707698000602e+00
1.727705420149739268e+00
1.820920701488157212e+00
1.557794644349720148e+00
1.309427958335256825e+00
1.462209222034885903e+00
1.649665281443902121e+00
1.866391622839688624e+00
2.167778845207767535e+00
2.085818944301712552e+00
2.509988343627175045e+00
2.390279352400729529e+00
2.381112536828426940e+00
2.342574611747280766e+00
2.134791439296115367e+00
1.681274788194260017e+00
1.937313683118214946e+00
1.895119564752874020e+00
1.694465746819119323e+00
1.868874159495069298e+00
1.798715367451221070e+00
1.948366780611997529e+00
1.893379421079436575e+00
1.942723225891953120e+00
1.973246180956712781e+00
1.916634077548127868e+00
2.176155256630046164e+00
1.875190786681542932e+00
1.660400130304806154e+00
1.913721770314052550e+00
1.853171384600964977e+00
1.739900519503412291e+00
1.651784957721711411e+00
1.792563513122474639e+00
2.006591361955007979e+00
1.803354221033652838e+00
1.749773902456951635e+00
1.963340857699590103e+00
1.844337221741660926e+00
1.712051799555603715e+00
1.441083840159508522e+00
1.182499140024717788e+00
1.669748673965031571e+00
1.972942108168234121e+00
1.817579067152715444e+00
1.502173794045588595e+00
1.736882652483896727e+00
1.602440667081144188e+00
1.437072205901107180e+00
1.470498057827239968e+00
1.688491861968302032e+00
1.999217480399343660e+00
1.575917307560088743e+00
1.511597291230374118e+00
1.936966355036255027e+00
1.729086153908220513e+00
1.910001523234797549e+00
1.429904379787988011e+00
1.565417237884327184e+00
1.512004932121667089e+00
1.454583708413396792e+00
1.731856896312352179e+00
1.732448136131375938e+00
1.482037606390050222e+00
1.453868092723203942e+00
1.251666966801785463e+00
1.332612380478816583e+00
1.235831925296478007e+00
1.749589992308413944e+00
1.675250911458556091e+00
1.679139975790675088e+00
1.200743764065268948e+00
1.790800954093248354e+00
1.246517626977959203e+00
1.549281547694270067e+00
1.521187526577225668e+00
1.894289196239072881e+00
1.780552047385675962e+00
1.975906503234449607e+00
1.694816553405174453e+00
2.299844850049507006e+00
2.121517594007890306e+00
2.341580348987887028e+00
1.780462134113934614e+00
1.915643470026469508e+00
1.895193117903051450e+00
2.034474130662103253e+00
1.869656151544014655e+00
1.639886957743551976e+00
1.347334031132783272e+00
1.568701486492666497e+00
1.590157718142998666e+00
1.526194962682769107e+00
1.654141886082608481e+00
1.453160352057470517e+00
1.690703071603975705e+00
1.615428690418858171e+00
1.461319633148362884e+00
1.517458825590634275e+00
1.232017178530728119e+00
1.546619400456637816e+00
1.406312888111634019e+00
1.213559128054714220e+00
1.288547948065988713e+00
1.303172407076215178e+00
1.453186867474710597e+00
1.511659890110619742e+00
1.618546293078744647e+00
1.603031200171369797e+00
1.401402228648600312e+00
1.370619459108792348e+00
1.264733374460154991e+00
1.464859041984757582e+00
1.378148199646985539e+00
1.354060603427764242e+00
1.622444837652675886e+00
1.701711161497157621e+00
1.773237423949006075e+00
1.933333103783923423e+00
1.943829228665205466e+00
1.884144066887349256e+00
1.964815924616327258e+00
1.831396141989366289e+00
1.978354116925073347e+00
2.264814186694956266e+00
2.504215843706674161e+00
2.212381355957656393e+00
2.301165706768657060e+00
1.897116763429768760e+00
2.052241531961262133e+00
1.705730124390438140e+00
1.877467868304467657e+00
1.781351951128395505e+00
2.130345775663613050e+00
1.480873896187172134e+00
1.626566979262276336e+00
1.815393395344373051e+00
1.722188929371817778e+00
1.902318171914393563e+00
2.096928303552869188e+00
2.313755574784301938e+00
2.157078998748551246e+00
1.824810500901183463e+00
1.671833105142195963e+00
1.294945612153922454e+00
1.072809133307070395e+00
1.180034215199430081e+00
1.116371273933695951e+00
1.340333092856410113e+00
1.719395657272240641e+00
1.811048425617738378e+00
1.826309513528771689e+00
1.978626951744469897e+00
2.109337253515680022e+00
1.898151298100095863e+00
1.949371741268760339e+00
1.960432109035342485e+00
1.736909477986827488e+00
1.603233835751543657e+00
1.885308691436508255e+00
1.421613816524391227e+00
1.514817678673632262e+00
1.913507945210544792e+00
2.251791625465642266e+00
2.086736604748436363e+00
1.964985347580572084e+00
1.928273341999682700e+00
1.631419804856679923e+00
1.690797958546381041e+00
1.969094880901616440e+00
2.050399446592676256e+00
1.797833855926620927e+00
1.535781582328638040e+00
1.327707918108736118e+00
1.656509443381603219e+00
1.708026810324959177e+00
1.779371351830678627e+00
1.675027308555159911e+00
1.711376274919731433e+00
1.656765995201348041e+00
1.557252751327415474e+00
1.540201336538285171e+00
1.609045099252070177e+00
1.291799786464017608e+00
1.496346922867742402e+00
1.955065443179488049e+00
1.466279264735966148e+00
1.517469195278077443e+00
1.639464158166142216e+00
1.639152699033338045e+00
1.991603571607694523e+00
2.168056516439571979e+00
2.079142126861428519e+00
2.201739756539677462e+00
2.279204657238692366e+00
2.172706775048361738e+00
2.431107888987973809e+00
2.004966143714603799e+00
2.112217621990498895e+00
2.413704982617780104e+00
2.534193152482078659e+00
2.275123110458855180e+00
1.948290659645091516e+00
1.878204719710284909e+00
1.919893398149450370e+00
1.601290514416126243e+00
1.333371871819910348e+00
1.413281707766358863e+00
1.389170384284799331e+00
1.681499368196436084e+00
2.126385131588009347e+00
2.067285154564771243e+00
1.702879594603341706e+00
1.740798959739758622e+00
1.990151961409590387e+00
2.314766051318622342e+00
1.769064413744227071e+00
2.509875567468939916e+00
2.511103143471313803e+00
2.401442223533851283e+00
2.392263849170527479e+00
2.113312974591076365e+00
1.943932592123734260e+00
2.209433314433093543e+00
1.762440747626840665e+00
1.664500415194522631e+00
1.785080083456033195e+00
1.741373852584095161e+00
1.797931280753517047e+00
1.630510220658731857e+00
1.800874591522323431e+00
1.735401669074843944e+00
1.895581600915843268e+00
1.826073037834049506e+00
1.969158643607200609e+00
1.898827449539998824e+00
1.479725404627226126e+00
1.474901371326850397e+00
1.685974978422510206e+00
1.798442047900464136e+00
1.884697847777756508e+00
1.950925515802689247e+00
1.562709572294213034e+00
1.287941188418425753e+00
1.210196630817313768e+00
1.090675456087635276e+00
1.392041515721302636e+00
1.244518733060317572e+00
1.324121363308272903e+00
1.691739424437918693e+00
1.519500074494199326e+00
1.644684951153315255e+00
1.704013809529346446e+00
1.120309690051348506e+00
1.333471953389919973e+00
1.590212993599493307e+00
1.875091557877423654e+00
1.978273298948468373e+00
1.967793635264354357e+00
1.713991618831437025e+00
1.985088156548645788e+00
1.940055431525485652e+00
2.241670990779012662e+00
1.529068348618389805e+00
1.662278845723660359e+00
1.317511784950218257e+00
1.396423882837268815e+00
1.303582748147224191e+00
1.387186980106579481e+00
1.845605431058535251e+00
1.892898387868663823e+00
1.977667765976400815e+00
2.034330401016491319e+00
2.398229772125914039e+00
2.483036380053563086e+00
2.337823012534654854e+00
2.393407402726256628e+00
2.336870329736647989e+00
2.030965527150562444e+00
1.854505147914548679e+00
1.918052659201794130e+00
1.876107451116679314e+00
1.772153291568539402e+00
1.518939021876935636e+00
1.372749062672814713e+00
1.386861581808968236e+00
1.483510062332088042e+00
1.649653365897601809e+00
1.583055045062217392e+00
2.089153315310039893e+00
2.162579324254211510e+00
1.879101352895914179e+00
2.225627426668825404e+00
1.832674387243169001e+00
1.830817981423612295e+00
1.775745059089733902e+00
1.821948698993456794e+00
1.513741839334325379e+00
1.400565657018052024e+00
1.909880193993052533e+00
1.398854123297156526e+00
1.532881049872385271e+00
1.859826825540679129e+00
1.838892264311056124e+00
1.708020033070906329e+00
1.778560779085164967e+00
1.902362265741570857e+00
2.078510306683469810e+00
1.958879790732063642e+00
1.844630579127518377e+00
2.109870688768321401e+00
2.450178416226057365e+00
2.522203929550458579e+00
2.002552323201018503e+00
1.821092917019053292e+00
1.551729845017732590e+00
1.484331746592116197e+00
1.430782617023424130e+00
1.911235430451073469e+00
1.939861423701396248e+00
1.644855071390384005e+00
1.846458325689544600e+00
1.868346285549622454e+00
1.609185895092968055e+00
1.354089109026077820e+00
1.249614818564451335e+00
1.331821601037923131e+00
1.550165929571399204e+00
1.693610653884035644e+00
1.843817084022240538e+00
1.798355554520651545e+00
1.917348693017054462e+00
1.645356009654116436e+00
1.903390863940147115e+00
1.915506846878828995e+00
2.215918849680211355e+00
1.985800225255774043e+00
1.697799755395887900e+00
1.469479321271004890e+00
1.278481053122410893e+00
1.495057906248384638e+00
1.439127834380276916e+00
1.301869126862100323e+00
1.428895841629324037e+00
1.532622697688220015e+00
1.317523713808673724e+00
1.378113022078526040e+00
1.442402252479068281e+00
1.774521255359763572e+00
1.897772615749568903e+00
1.634703803223484186e+00
1.646515069429369094e+00
1.349618603837382302e+00
1.985486285876077561e+00
2.155526856064556185e+00
1.823076850892172196e+00
1.594145209320426915e+00
1.633492231530720318e+00
2.144388846373520341e+00
2.071861753808908801e+00
2.068870797523087557e+00
2.127542554208983194e+00
2.048405135369683716e+00
1.992518480518220558e+00
2.301367054813608259e+00
2.132127048173872996e+00
2.640462152766549497e+00
2.505452690839436780e+00
2.265805655070679325e+00
1.829976109945110174e+00
1.605745836380342739e+00
1.575861205449183400e+00
1.575646359077724101e+00
1.492829304489909248e+00
1.172717087681284021e+00
1.181435635095883674e+00
1.191441491634675609e+00
1.279712593881967564e+00
1.237799145232299169e+00
1.264102903832220015e+00
1.319930965757812436e+00
1.572544057966485775e+00
1.604439914904896902e+00
1.832628654479283359e+00
1.897447310314044344e+00
1.699432387758514240e+00
1.724472674992302279e+00
1.842962593742347055e+00
1.491276243667794210e+00
1.483764908595596177e+00
1.571222142802427335e+00
1.383065617745240505e+00
1.270503483162489955e+00
1.131391846371838872e+00
1.270166125052213602e+00
1.389220008914095139e+00
1.347118400660934912e+00
1.414541551615820181e+00
1.303653120812874988e+00
1.771427207074314003e+00
1.568168202768635666e+00
1.302307622669275133e+00
1.137669794729790906e+00
1.064307862318534914e+00
1.190435223303864198e+00
1.267192632987069745e+00
1.618320313314371761e+00
1.721861245960435882e+00
1.501628393116808180e+00
1.584294982628642323e+00
1.605144238187155459e+00
1.263161958214299219e+00
1.480948202917206302e+00
1.309093411463805312e+00
1.228685548732657118e+00
1.247399538818506848e+00
1.434325954767854849e+00
1.370851894992217934e+00
1.455355171185322316e+00
1.524683941688756095e+00
1.183266084509998484e+00
1.495352489376220007e+00
1.351911837257387283e+00
1.199582191817957888e+00
1.312271988623689101e+00
1.676168903589772219e+00
1.685926822648247780e+00
1.278505499585470773e+00
1.854432360004865776e+00
1.682371791475990808e+00
2.048396619125253171e+00
1.850699228247207007e+00
1.709969002423396667e+00
1.832615599043784460e+00
1.756994355432942800e+00
2.250959401111681135e+00
2.143168862092306171e+00
2.376378785039344077e+00
1.906869745095002733e+00
1.472035920975511392e+00
1.934007309751509140e+00
1.665481077783150354e+00
1.489456039254770436e+00
1.638276457144433040e+00
1.450445827685576283e+00
1.181304465417395200e+00
1.148259853480873671e+00
1.318891642914884921e+00
1.260374723326789459e+00
1.981028327662322841e+00
1.752339986905697478e+00
1.343223146362793496e+00
1.456270622074810950e+00
1.225174332846406422e+00
1.162612620153574028e+00
1.153608083193912837e+00
1.479182330453032934e+00
1.406451727247038486e+00
1.297018365606889878e+00
1.597314420115725220e+00
1.642644305887186240e+00
1.560340175626483195e+00
1.917425950683310454e+00
1.726293562792394098e+00
1.597805943122085459e+00
1.713999798276242048e+00
2.165456719288134213e+00
2.376677642420103709e+00
2.437382730476527648e+00
2.227538541004107309e+00
2.029378652735355892e+00
2.089483347694707227e+00
1.720447392242546947e+00
1.813718640542680394e+00
2.389098892960256570e+00
1.981818913597118259e+00
2.156287626070858998e+00
2.231742256911931843e+00
2.282053152593519041e+00
2.420576895460543110e+00
2.233560179130343659e+00
2.147352403251801434e+00
1.953697189242210364e+00
1.812179254235277925e+00
1.672097249621814941e+00
1.681842101987595983e+00
1.632688939317855414e+00
1.867173211191346383e+00
1.637884849051825187e+00
1.896579616136203628e+00
2.094283488729256071e+00
1.929600801502203700e+00
1.835576284875106268e+00
1.818831427515164467e+00
1.753774914531778251e+00
1.433227739137591827e+00
2.005088269240669518e+00
2.054233324104826508e+00
2.174754620858597942e+00
2.490310442172242400e+00
2.532955464726798223e+00
2.428259550360888142e+00
2.319942753324732987e+00
2.481371550757589972e+00
2.175840100663634757e+00
1.669351529063214601e+00
1.648718165741928310e+00
1.709210461155161287e+00
1.688163643147164494e+00
1.696481423355940654e+00
1.508497275640324764e+00
1.924127866110803886e+00
1.710434372784461532e+00
1.711317846500916007e+00
1.935298106937159091e+00
2.235290084530763277e+00
2.174503188838945889e+00
1.749624743913297920e+00
2.057407336662025354e+00
1.882776724722037942e+00
1.697894558452752056e+00
2.022275545365587401e+00
1.451589938598520257e+00
2.377472069255827769e+00
2.010839609097696101e+00
2.016240618889818315e+00
1.855541168672524499e+00
1.942588393495081833e+00
2.171298198941534530e+00
1.754323690769640898e+00
1.505017245523312397e+00
1.271642767596707468e+00
1.194602731828265485e+00
1.204820897821190950e+00
1.205315951100280891e+00
1.319931521222187598e+00
1.339646723295116360e+00
1.655544545892621233e+00
1.186446489106546043e+00
1.439208498517904555e+00
1.725563949720007928e+00
1.523902056365804114e+00
1.571794963090148656e+00
1.141585471341212576e+00
1.323869846858525712e+00
1.404437200002304653e+00
1.642574119795493282e+00
1.743940436251915749e+00
1.780620563233417775e+00
1.605387719450090289e+00
1.588472681326874358e+00
1.501609599591364974e+00
1.545970106766558549e+00
1.617015534177667080e+00
1.652728378534466636e+00
1.464751321840865872e+00
1.527054934332728653e+00
1.416114314572445965e+00
1.473510344972416064e+00
1.231441180299147620e+00
1.396536396716940187e+00
1.493934354124232478e+00
1.314123031331940084e+00
1.100496477715114718e+00
1.745886039298757186e+00
1.414401490803490979e+00
1.460573191563337980e+00
1.238041051820193861e+00
1.210682800188046526e+00
1.404228297646195056e+00
1.487866020791215105e+00
1.694337300057040530e+00
1.955287092064526888e+00
2.243862703427433214e+00
2.345274468055974282e+00
2.079178035322441165e+00
1.806351314779887973e+00
1.424073228836504335e+00
1.663840482363714735e+00
1.745835242983784896e+00
2.009081628699209254e+00
1.713872642247440625e+00
2.079349642147735100e+00
1.625116906507428682e+00
1.815255395009073958e+00
1.859136226618823606e+00
1.726189463303880123e+00
1.829880094857081474e+00
1.502298250092524379e+00
1.332493762751385091e+00
1.348864730236671861e+00
1.445870673017305652e+00
1.318290778396417950e+00
1.139470959290971086e+00
1.260272939540368897e+00
1.380701446903709773e+00
1.125705061986205902e+00
1.258380374008115865e+00
1.047835651995740358e+00
1.275781706604884214e+00
1.800451023121101501e+00
1.919733633949694429e+00
1.715801546669569078e+00
1.575841667592505324e+00
1.499950077142402582e+00
1.874808772868254980e+00
1.755987736487014450e+00
2.019539568383104555e+00
1.843719759633092314e+00
2.005319993447409743e+00
2.445366779207208907e+00
2.356029715391279034e+00
1.855868067837976199e+00
2.069206780413988422e+00
2.111351018394112877e+00
2.090865929669174061e+00
1.925093802770643681e+00
2.288705584997731357e+00
2.166360362563369613e+00
1.688921425440016222e+00
1.336164350262912137e+00
1.605198852590004499e+00
1.558186264766667550e+00
1.827024294518926339e+00
1.646955666197005064e+00
1.905485982837377357e+00
1.948160311171188930e+00
2.009594845973059041e+00
1.982939299496737195e+00
1.571285562588494056e+00
1.214282904200921998e+00
1.568094421011967832e+00
1.380665866253175889e+00
1.510107580323021947e+00
1.625670258328215212e+00
1.781226519660165097e+00
1.628630458684939164e+00
1.951093491399696678e+00
2.517231214635604175e+00
2.049198853600907366e+00
1.874626158976951729e+00
2.240906763257118239e+00
2.246626506621632213e+00
2.027191889720121765e+00
2.011168014568351481e+00
1.628262586028990544e+00
1.917764670015924100e+00
2.096972669346557794e+00
1.992361849884482172e+00
1.790688945056581716e+00
1.777576467380655334e+00
1.806932910002107207e+00
2.001325983802667352e+00
2.071279518842637390e+00
1.852572322989175291e+00
1.878793949733952973e+00
1.739133566826539301e+00
2.157251680692595208e+00
1.749907341159808283e+00
1.894337845650278851e+00
2.000276275262736991e+00
1.927226296925919291e+00
1.887067786620070464e+00
2.268453693065736854e+00
2.173476320550218777e+00
2.136333667661901359e+00
2.023646500801342007e+00
2.200838323015591680e+00
2.009950592570729722e+00
1.389936524092022507e+00
1.284871403141490953e+00
1.384676034214841422e+00
1.187063453048202488e+00
1.372079849651671957e+00
1.496035418570341724e+00
1.459011257041384901e+00
1.679947606444328834e+00
1.702914194155382921e+00
1.694031634810269971e+00
1.696822526921414998e+00
1.306438390749075751e+00
1.343399938173761576e+00
1.003003263764813857e+00
1.207943303765104170e+00
1.369557890953306156e+00
1.101329955638960856e+00
1.241576536313931278e+00
1.273566556990929577e+00
1.215117265105610800e+00
1.438750993583076454e+00
1.473116366123336851e+00
1.344956695960608517e+00
1.464947661023539682e+00
1.372004980520618922e+00
1.305483052959124812e+00
1.150349758116096410e+00
1.495688285008560214e+00
1.336947815572195442e+00
1.477040902461085770e+00
1.397326886222407083e+00
1.628319542431371891e+00
1.318480531138833900e+00
1.064145989252729407e+00
1.356508981740197628e+00
1.334690516889359468e+00
1.249960220813651768e+00
1.422446541341362058e+00
1.637768230496219335e+00
1.555280184128456478e+00
1.543859461243959563e+00
1.519074801528463414e+00
1.485842526065729530e+00
1.681735967973813306e+00
1.399848024468507646e+00
1.348977022470481790e+00
1.511257918950982937e+00
1.577412846544085312e+00
1.688963465674647058e+00
1.837642002933785434e+00
2.057624101399776695e+00
2.161105174283116437e+00
1.857824525642940872e+00
1.265959049600285269e+00
1.377132906696457937e+00
1.419931920632801603e+00
1.188618671674176674e+00
1.180593151107317329e+00
1.099719962513442617e+00
1.241651015607694974e+00
1.230496471618780507e+00
1.206933435739620641e+00
1.445523537151451210e+00
1.129373444603724463e+00
1.398195085149026573e+00
2.031075804068102730e+00
1.964429252123500946e+00
1.676768559999969099e+00
1.652952391889676242e+00
1.848645489370604800e+00
1.993901670326196029e+00
1.922299046748162432e+00
1.995644929659706523e+00
2.049186759062188390e+00
1.856585443170791550e+00
1.669719701283735480e+00
1.740226340819949646e+00
1.746561098311185223e+00
1.497481863515514711e+00
1.439993036042927832e+00
1.333690230683742817e+00
1.457890501948778450e+00
1.401531486024633288e+00
1.542634349552432838e+00
1.669452375162230329e+00
1.480844443930964260e+00
1.290312424807611658e+00
1.340940138894697320e+00
1.463491992605370440e+00
1.730510425117686824e+00
1.823657249800330282e+00
1.595325912177391947e+00
1.814575808205063812e+00
1.987333034114838526e+00
1.723821437850692861e+00
2.322046649321025225e+00
2.077358976881769959e+00
1.981750931551197858e+00
1.589082287058776188e+00
1.415631608691720222e+00
1.228648061190385166e+00
1.195799536471108704e+00
1.533467391469501173e+00
1.832793331759442257e+00
1.916350411001758847e+00
1.625370434775397888e+00
1.278983866794285884e+00
1.312597474159146627e+00
1.546195787378201070e+00
1.811585921634187635e+00
2.244774085370825567e+00
2.001601001295397531e+00
1.910934340164239131e+00
2.230016231919149217e+00
1.717689463835108343e+00
1.920050012143172724e+00
1.561419168460706386e+00
1.461374550778399506e+00
1.392052859933670561e+00
1.512856005294945128e+00
1.312181071622412709e+00
1.083405049225796946e+00
1.149791117577465993e+00
1.251291088503373006e+00
1.334674239463329748e+00
1.506766444417455997e+00
1.661278400867532312e+00
1.332407439509360358e+00
1.375373507935276907e+00
1.430330700612631567e+00
1.674373992185584914e+00
1.558309268070469988e+00
1.797908089889483030e+00
2.010089705557936757e+00
1.743105694721529764e+00
1.691073092657179533e+00
1.985318627488253274e+00
1.599105395417939501e+00
1.826289821331659402e+00
1.730801433903812026e+00
1.762881447061812823e+00
1.599957738859127954e+00
1.514122255153638186e+00
1.354288269889357021e+00
1.628569135265155454e+00
1.640320706309326360e+00
1.715982104021683829e+00
1.864951193636336102e+00
1.557982457592530734e+00
1.633376567162195592e+00
1.889009660540983404e+00
1.446289087192687894e+00
1.185985651778126870e+00
1.138987505291223723e+00
1.495555258133440146e+00
1.800479350601655870e+00
2.131118001626045810e+00
1.857380455289223242e+00
1.954330843609258572e+00
1.572434126856585124e+00
1.591605744185477178e+00
1.319345807732257514e+00
1.502390493236635427e+00
1.599961184740527731e+00
1.645933609574370626e+00
1.823012078347455489e+00
2.100972675368603326e+00
2.167078270526912487e+00
2.500044600980478648e+00
2.446432458474626870e+00
2.439451241533767245e+00
2.100962298336077172e+00
1.967717886550461204e+00
1.630534487741726268e+00
1.949470669112823407e+00
2.052094821964334237e+00
1.896142169607693440e+00
2.128813242023642083e+00
2.037548619378852788e+00
2.168020955074414502e+00
2.475703621225747941e+00
2.038092928553512984e+00
1.808072356807058689e+00
2.051572585456653997e+00
1.992033311539537443e+00
2.104343575183266424e+00
1.859624808503681059e+00
1.948314400222935339e+00
2.502543823528129430e+00
2.301096084337489689e+00
1.697604162406110007e+00
1.788159776587519678e+00
1.539482635386718812e+00
1.322459545973860395e+00
1.368616483129501349e+00
1.320089659889638112e+00
1.443265910464758939e+00
1.338705523214656523e+00
1.679679448321323321e+00
1.939812050082092121e+00
1.747980293127388451e+00
1.914935399563490126e+00
1.658968162007991909e+00
1.605084269253037821e+00
1.540253908556017404e+00
1.456409551641566047e+00
1.277321846188282484e+00
1.702849524795748026e+00
1.841257543523307394e+00
1.650717247754498906e+00
1.663702567975200886e+00
1.972948587912890517e+00
2.500441210147200000e+00
2.093869625326860273e+00
2.235698385605573879e+00
2.001290156213156646e+00
2.038164055302917888e+00
2.090588210492384302e+00
2.067718926170285076e+00
1.718312435231534652e+00
1.619050176195828916e+00
2.012320656748286307e+00
1.580643353661025152e+00
1.160321787203024035e+00
1.228103318920725551e+00
1.554987092845028007e+00
1.587233078414977516e+00
1.220218674950166227e+00
1.405639754641185624e+00
1.663806273608712250e+00
1.641727677790430384e+00
1.827454955002750125e+00
1.436445825189991643e+00
1.700857943054741472e+00
1.655768923652937152e+00
1.525975240864937632e+00
1.684659360122423344e+00
1.862758277426587172e+00
1.985871123071590860e+00
1.960709225564718272e+00
1.859451506971685264e+00
2.463509621032006880e+00
2.153659738112482458e+00
1.987335007515315999e+00
1.659952922825847610e+00
1.715242200721183385e+00
1.638905596604369297e+00
1.619606812837779630e+00
1.937528272522326178e+00
1.962393038756997887e+00
1.873206761631108108e+00
1.819948140284670224e+00
1.767317799954334578e+00
1.702404386986379636e+00
1.303796624682399541e+00
1.446209319343289668e+00
1.667912401258572874e+00
1.697340000391547754e+00
1.660822655555584282e+00
1.862502859650431608e+00
1.641999330602475382e+00
1.578356671785967391e+00
1.623931591836126564e+00
2.032002704937216464e+00
1.730420810636285056e+00
1.616862896664045923e+00
2.050893372058998576e+00
2.263911944953926447e+00
2.130705044358770728e+00
1.640764581815215228e+00
1.589008702037437937e+00
1.689061980250829098e+00
1.946706471324943344e+00
1.827211558254546508e+00
1.924108239179778357e+00
1.882163583811745866e+00
1.823358323988997887e+00
1.850257044786684624e+00
2.272330266258498987e+00
1.839787441703060855e+00
2.410335792862583926e+00
2.142343625282037145e+00
1.820656366641506096e+00
1.614336603991695984e+00
1.823385791016793434e+00
1.728232152967628554e+00
1.746581368908614706e+00
1.650783234216468331e+00
1.739700087991740141e+00
1.843346292035584755e+00
2.030083931344433879e+00
1.681534519241220771e+00
1.397502825048070108e+00
1.619615115858225707e+00
1.512699013814551741e+00
1.767962002310201175e+00
1.476991960231546663e+00
1.717911405652248424e+00
1.857873497279273201e+00
1.502155870880554467e+00
1.915123082469773808e+00
1.562098585780265170e+00
1.820165795641141004e+00
1.711613406930271752e+00
1.835284127282814204e+00
2.432983376798008024e+00
2.202585048077433161e+00
2.261605730490319210e+00
2.004902459652130542e+00
2.132318192940978019e+00
1.882794466811469114e+00
1.920777853371631982e+00
1.904706600957668972e+00
1.701671085614657741e+00
1.817055993982659379e+00
1.694983781448091920e+00
1.357097670324484362e+00
1.538463865037040135e+00
1.695748403106163371e+00
1.613972907546438407e+00
1.805458280960168471e+00
1.855573525249816447e+00
2.079160437344025780e+00
1.854303946565182493e+00
1.622565392491773784e+00
1.773950870924396739e+00
2.038955444608841372e+00
1.871324066730609692e+00
2.211163397864273961e+00
2.047315688297741243e+00
1.550541578193967096e+00
1.538164397439070186e+00
1.669784915661320923e+00
1.576351471152660944e+00
1.959440917688407557e+00
1.857332163358508925e+00
1.859771005259525767e+00
1.822132329465283140e+00
1.966858145788100032e+00
2.339368947032115287e+00
2.336702898610208301e+00
2.199890307964508906e+00
1.834459776919656226e+00
1.587146060909378376e+00
1.804686220451163114e+00
2.021642690958119992e+00
2.266046713863790085e+00
2.104695122233824378e+00
2.038418895247166240e+00
2.634486707483338019e+00
2.331313324202157755e+00
1.877492217861163049e+00
1.904200483681719014e+00
1.987445756198349844e+00
1.853012541445830053e+00
1.813192037588389871e+00
1.918712537939986751e+00
1.769272294399261369e+00
1.669377563414197851e+00
1.881781047358282555e+00
2.375806749462897383e+00
2.111624535725330709e+00
2.364580866095492784e+00
2.340544729997890094e+00
2.145847140831726119e+00
1.550044167199663647e+00
1.757827029008189434e+00
1.392053877965796715e+00
1.376705910544504308e+00
1.311583866246222252e+00
1.648456235128231917e+00
1.735688336820011557e+00
1.691713793728893966e+00
1.604929139522833115e+00
1.433940432156875389e+00
1.556332723422889863e+00
1.409944841551673989e+00
1.318502824551972541e+00
1.505811373475311576e+00
1.353700266864474644e+00
1.282807449343875472e+00
1.483663913461614525e+00
1.570284216992066106e+00
1.496950293995615633e+00
1.857453373792546047e+00
2.396400728383676793e+00
2.231996062613251119e+00
2.429947202862186018e+00
2.242088533596614752e+00
2.154264775297318746e+00
1.752405175552229188e+00
1.805075397862035080e+00
1.991634906411833716e+00
2.007414963704037714e+00
1.514828493247854180e+00
1.367460799092817147e+00
1.865954275816858576e+00
1.655135929493651403e+00
1.667977468702344312e+00
1.076415599159390890e+00
1.299007831161128612e+00
1.412829867516044224e+00
1.261361914899853609e+00
1.398669330997494242e+00
1.417464689885018281e+00
1.249943817520550171e+00
1.287677459027973370e+00
1.547923871436706733e+00
1.221132936079881937e+00
1.574392910595713069e+00
1.948420962990995875e+00
2.012022461643250715e+00
1.957256922094038787e+00
2.094423198465686031e+00
1.695059130896045207e+00
1.704529937666730222e+00
1.860729937384097088e+00
1.995906656179618599e+00
1.951474207263142135e+00
1.648129197904913301e+00
1.882085107002982483e+00
1.787178978584042177e+00
1.620016290429933781e+00
1.604410857219134900e+00
1.711722600376206493e+00
1.758522847565715752e+00
1.321530814239963991e+00
1.681133276125166276e+00
1.906476609754775176e+00
1.810889736945823003e+00
2.031026426147325648e+00
1.640690407542527041e+00
1.945811820263248171e+00
2.100892231592328407e+00
1.897461076363151422e+00
2.009462887650934171e+00
1.676345826555896812e+00
1.837343615053298240e+00
1.879289559982058933e+00
1.751010737354826929e+00
1.748247116930599310e+00
1.750067279991852409e+00
1.629313745643071520e+00
1.835306595871527335e+00
1.572068496290963679e+00
1.856316402622137929e+00
1.706563100476488959e+00
1.385795474347974565e+00
1.054991070756565064e+00
1.026246382267330004e+00
1.166500112482371065e+00
1.848186585955344574e+00
2.145879304983467240e+00
2.128526350643742404e+00
1.933394668814567119e+00
2.021368562652162915e+00
2.338628734501071893e+00
1.981900414406335464e+00
1.772618756743510104e+00
1.976404655803749355e+00
1.828946169297959390e+00
2.075129420719154183e+00
2.371967545513729014e+00
1.494420026935580070e+00
1.577074453197484072e+00
1.802024460477610335e+00
1.807751380147923248e+00
1.768208197715052776e+00
1.835982786556718427e+00
1.627279553365381437e+00
1.466462332913330613e+00
1.612626008033589020e+00
1.659734092724579391e+00
1.222669385824738164e+00
1.325840258211155032e+00
1.450445212980572274e+00
1.489804258227648504e+00
1.764868541145253378e+00
1.584707037513113814e+00
1.547796077440075191e+00
2.080703191118368434e+00
1.995600368208541031e+00
1.597973473714630277e+00
1.811383108544939446e+00
1.762544765308693862e+00
1.400358357476565674e+00
1.386858282103871742e+00
1.412286753325954214e+00
1.425677941249329228e+00
1.122356168687944855e+00
1.037151197803633407e+00
1.716770008527877867e+00
1.738957053299606814e+00
1.642384895271159273e+00
1.587808226459777927e+00
1.609019160396127468e+00
1.541472806527223405e+00
1.429840926133837176e+00
1.247484357849875991e+00
1.377160399364329546e+00
1.409678289127134443e+00
1.484948661095504718e+00
1.852553057632234434e+00
1.773590316982097903e+00
1.575504827055729251e+00
1.735200842100407703e+00
1.858508407303300025e+00
1.379679233669520499e+00
1.419731706335324084e+00
1.816993474637616401e+00
1.765142692028311533e+00
2.008112303538467813e+00
2.026717430655911922e+00
2.132775963769803163e+00
2.030104927882255161e+00
2.151661109384511050e+00
1.890967508273954323e+00
1.752006816538377088e+00
1.914560892955212923e+00
1.399982989068104589e+00
1.569668464597651969e+00
1.691583391318114638e+00
2.071976013157945218e+00
2.078655515837092516e+00
1.784115572825122786e+00
1.389103229960526376e+00
1.413189015130898118e+00
1.093218515986046802e+00
1.240609202509049602e+00
1.502783972119282607e+00
1.364535248743547147e+00
1.065415139230778463e+00
1.546447818543433605e+00
1.833967781827417376e+00
1.676293343956622550e+00
1.709942366517175572e+00
1.636206652045396837e+00
1.518907424258603145e+00
1.024457485086472941e+00
1.302332041630414494e+00
1.281751299276840506e+00
1.136081340034934994e+00
1.561915245401830576e+00
1.958040183150404623e+00
2.218461411324219146e+00
2.087454393357986770e+00
1.763800644992770561e+00
1.898587404698606651e+00
1.856825042303172468e+00
1.441737617934559568e+00
1.584430303967080844e+00
1.444067269726866387e+00
1.352599863686280379e+00
2.041306598784428772e+00
2.336086189935506763e+00
2.031013481340062210e+00
1.848334697327400633e+00
2.260252130367130796e+00
1.993475717806621139e+00
2.381078613684252776e+00
2.349147928269214258e+00
2.190270623620433010e+00
1.941886487349587131e+00
1.952950132397321514e+00
1.921710575233747775e+00
2.000983295651466598e+00
2.321048160882131839e+00
2.115900638723079208e+00
1.717274516463560774e+00
1.838554871325345674e+00
2.020409630190501016e+00
1.989689843390143542e+00
2.102793033944573065e+00
2.585291946985979195e+00
2.033104721799022130e+00
2.434090961197744374e+00
2.047984506754880751e+00
2.264450653811795444e+00
2.418673947071569685e+00
2.400920049678966439e+00
1.949396437926696812e+00
1.910654222598327401e+00
1.805545037855190493e+00
1.433596809973157082e+00
1.565419471448548316e+00
1.595394588298260974e+00
1.835863204842615559e+00
1.507119627012262209e+00
1.457258985181725253e+00
1.801537282139481277e+00
1.824595599908883647e+00
1.587342006226847513e+00
1.599057355930845192e+00
1.922145004337790342e+00
1.835705810944561867e+00
1.600770731048586359e+00
1.732072988137839165e+00
1.834791840877172620e+00
1.856400558872102424e+00
2.020761990024401822e+00
1.960170757686239718e+00
2.110087954379067821e+00
1.736849103268037098e+00
1.699118514724535123e+00
1.511495056433678652e+00
1.933007122784359044e+00
1.880983970257213089e+00
2.172612663082758022e+00
2.057585450636970403e+00
1.671098117559059348e+00
2.029837582679644203e+00
2.080446409075958680e+00
2.387975792170782263e+00
2.609254215899619922e+00
2.045590624765155408e+00
1.980238063745687560e+00
1.417325995346035761e+00
1.727727573021739405e+00
1.873517721902453692e+00
1.792743051346548988e+00
2.097471090760544499e+00
1.975351429343950915e+00
1.660065436626831259e+00
1.472728806222672659e+00
1.753120236144117827e+00
1.599307700388697295e+00
2.045800494684413273e+00
1.691608151538704252e+00
2.119839150401372052e+00
2.268019031538289987e+00
1.883028736524789082e+00
2.020078219516910689e+00
1.723041519488193174e+00
1.770858256877704706e+00
1.850194571469824467e+00
1.761367481916732647e+00
1.681241272806974996e+00
1.592755169276871996e+00
1.726390924645089031e+00
1.806284527592447064e+00
1.716983977985938159e+00
1.516248362103452374e+00
1.389699405188825398e+00
1.273767900973002076e+00
1.374513824671309781e+00
1.393278505624030217e+00
1.404964180232477045e+00
1.418636842944172249e+00
1.260800193784297640e+00
1.753584732130204715e+00
1.749412529977256048e+00
1.808910678453823140e+00
1.609865335254233365e+00
1.379798413186352546e+00
1.190401070210671541e+00
1.406826039797288042e+00
1.405489678405948073e+00
1.570612259890436846e+00
1.489451981327752250e+00
1.602817513377626346e+00
2.116513518316943898e+00
2.011330781533684497e+00
1.687761695337685941e+00
1.760614513436188577e+00
1.882050127523120286e+00
1.578845472370751457e+00
1.351611312068581983e+00
1.657877136739664081e+00
1.559146798039643400e+00
1.584399535763327149e+00
1.908466242823539494e+00
1.737759293125614946e+00
1.575533138405939448e+00
1.640167531466642403e+00
1.465794408655358261e+00
1.562349318092698836e+00
1.528308352761886146e+00
1.675711905712587324e+00
1.698105746005159622e+00
1.273108872478912801e+00
1.518545488870866933e+00
1.564462847012702440e+00
1.914753825236457763e+00
1.950450801512790155e+00
1.668777077579753909e+00
1.774641262905768402e+00
1.490302805141647591e+00
1.242974915562250260e+00
1.307786378365228597e+00
1.447587279919693604e+00
1.748914340069215756e+00
1.626924812985985458e+00
1.898312747793435395e+00
1.610242486087368974e+00
1.657496024935903201e+00
1.718152225841985903e+00
1.620606434802232876e+00
1.680006486640596819e+00
1.761776304936847781e+00
2.302614095665278526e+00
1.920016789132173773e+00
2.201472679730906545e+00
2.138899606034488698e+00
1.712558054980668931e+00
1.513044209096870762e+00
1.426531469345398762e+00
1.457319767939454280e+00
1.331991447746361912e+00
1.769682985184474422e+00
1.816193509991402166e+00
1.831134535055974455e+00
1.609081387770859628e+00
1.550679354303621027e+00
1.401651149980170041e+00
1.504601234384978836e+00
1.364677401237371690e+00
1.305335912696292011e+00
1.517263748123303557e+00
1.462371204677318737e+00
1.170950704650655982e+00
1.133802207021865627e+00
1.234156767944886157e+00
1.685633709761789722e+00
1.422926982566161236e+00
1.138293625570156120e+00
1.277513726239961178e+00
1.275346288678586459e+00
1.230056826052019936e+00
1.123039980208803579e+00
1.307869796091443604e+00
1.368670336084883310e+00
1.438878078111446968e+00
1.546988584162690916e+00
1.822277102475140076e+00
1.652396539974157363e+00
1.245717587751338451e+00
1.148702714745200471e+00
1.385855959220407607e+00
1.435483529083347420e+00
1.595315703486893000e+00
1.279417560845433899e+00
1.538591611526868075e+00
1.736078762638162409e+00
1.617735320014037415e+00
1.730802512973776963e+00
2.240635061638827086e+00
2.264839474290172294e+00
2.228559917835237769e+00
2.535349539524070384e+00
2.687659958006242800e+00
2.197596797836033122e+00
2.273349464682147936e+00
2.218164449363805968e+00
1.945549319443965475e+00
1.941114808085297572e+00
2.485242617147093824e+00
2.224733734674698038e+00
1.978814598450550521e+00
2.030362572984861114e+00
2.308555218504500850e+00
1.960457089387302121e+00
1.663215615118871726e+00
1.581350502522902879e+00
1.844334388733091634e+00
1.731553671845778686e+00
1.539685938733033943e+00
1.655350549901999591e+00
1.646833891516423565e+00
1.739817537840720796e+00
1.560848223991389450e+00
2.124676753183868616e+00
1.914196085579968232e+00
1.755447685145025138e+00
1.574086341982779746e+00
1.618659492102223041e+00
1.500201098122357024e+00
1.504121522650267107e+00
1.601659303896224573e+00
2.011657469973665346e+00
2.120374306751160454e+00
1.598107819499070992e+00
1.765897961412189021e+00
1.593451559560940645e+00
1.473954696296406741e+00
1.675634575508352597e+00
1.761953724826892387e+00
1.535087772146266127e+00
1.431554068569094618e+00
1.558189642779264972e+00
1.286928258885839949e+00
1.349290842898167808e+00
1.234252411890351731e+00
1.194733138446006260e+00
1.746410346912140810e+00
2.256613450844177748e+00
2.163974734609090067e+00
1.888389861896729416e+00
2.004669355879290293e+00
1.821084946498166879e+00
1.836772529803947229e+00
1.525870929017832722e+00
1.845476998938470281e+00
1.731782173452193874e+00
1.624513340715268761e+00
1.932419903551178209e+00
1.941040498179839702e+00
1.911988986658419654e+00
1.942651776366169258e+00
1.764755549752587527e+00
1.841889872510142245e+00
1.899829534984869284e+00
1.574601398266630925e+00
1.593412526910143567e+00
1.480988989024964342e+00
1.793309903486880685e+00
1.342215141939446132e+00
1.202231041141316181e+00
1.170650158180147837e+00
1.180576046609589369e+00
1.510449301857174742e+00
1.652423335744771737e+00
1.655742655421308385e+00
1.670159752184533275e+00
1.834190548273917587e+00
2.115701242251345260e+00
2.014486877954971167e+00
1.901655620689589599e+00
1.642933421187531273e+00
2.371650027021778406e+00
2.345080616906638493e+00
2.003276715115211548e+00
1.742325180297557896e+00
1.532757639684693585e+00
1.954203145966100452e+00
2.010532362815476315e+00
2.037626350526606789e+00
1.875707873323312347e+00
1.593545370169882291e+00
1.695551231379640589e+00
1.809756753676861285e+00
2.298274548117700267e+00
2.122902950418001478e+00
2.054355137697200018e+00
1.759231208225145782e+00
1.905177898642888223e+00
1.957740169681798426e+00
1.949993063502539759e+00
1.678671019205768777e+00
1.651973898257251383e+00
1.720077826590381775e+00
1.549093916557954254e+00
1.713303675919434887e+00
1.475785810032966383e+00
1.419085487556394298e+00
1.380187695752042698e+00
1.453364474955833874e+00
1.511654390084444799e+00
1.862016852099373843e+00
1.487311339080672035e+00
1.600639212842339676e+00
1.558297545006196883e+00
1.576126435233922596e+00
1.364142589913464931e+00
1.484827739486685338e+00
1.494855201615875373e+00
1.568425572139227064e+00
1.177788026744272409e+00
1.059818915239968184e+00
1.471389252889981236e+00
2.118017996489238275e+00
2.037051199060358808e+00
1.765342914556879528e+00
2.114848689305883322e+00
2.101023378030577593e+00
1.995974802268940529e+00
2.028817040841746522e+00
1.777872740174064381e+00
1.877482580602916062e+00
2.182905350036168368e+00
1.587520942401336121e+00
1.755977502143623248e+00
1.961540487531904908e+00
2.366331938040639127e+00
2.163207809846654950e+00
1.885665963909374909e+00
1.934022613875964858e+00
2.273019940824536178e+00
1.960962806939194669e+00
2.084228453665148084e+00
1.893532055501122358e+00
2.062703110415434971e+00
2.221376140633817275e+00
1.760557722787821078e+00
1.660583098592090412e+00
1.733408984635338657e+00
1.981589899720078041e+00
1.751927586276455173e+00
2.045359019609007678e+00
2.027194236908657299e+00
2.221105291528737702e+00
2.032681629180906668e+00
2.079807404882099586e+00
1.828985750820488310e+00
1.877829698471927600e+00
1.549235474851773153e+00
1.533128561653496424e+00
1.711784685526638983e+00
1.578138999288571931e+00
1.711881879443986954e+00
1.720703816975578171e+00
1.496200388518901692e+00
1.885647982168541681e+00
1.844576994571117456e+00
1.716208953665017134e+00
1.774086006791095516e+00
1.900483907536268946e+00
2.102788918158608134e+00
1.925404919973398910e+00
2.134433346514729379e+00
2.399102187406947362e+00
2.072582810733313075e+00
2.050910908307477687e+00
2.195319803772095124e+00
2.586888376002502099e+00
1.907436940921799051e+00
1.594817357147054526e+00
2.247512817514617289e+00
2.399786535863799308e+00
2.439265394304069190e+00
2.232237552192708030e+00
1.752163158516940378e+00
1.552200527118452911e+00
1.734733447848744170e+00
1.574895087483261680e+00
1.330354724159457991e+00
1.678667944312329130e+00
1.684445080331147482e+00
1.960182420902132794e+00
1.616667587959227381e+00
2.031277081041032329e+00
1.898080452640120264e+00
1.579010321903896674e+00
1.771115186992031187e+00
2.011352910292338425e+00
1.988870581052377906e+00
1.909418770148595179e+00
2.097982489458854349e+00
1.683716139369292097e+00
1.746853560691179030e+00
1.701736863067356609e+00
1.655975404577861188e+00
1.941600578801385701e+00
1.767810607606223217e+00
1.600834079124165532e+00
1.671615882613120663e+00
1.827246736359060542e+00
1.732275974120807804e+00
1.561600579848730908e+00
2.011776600091347955e+00
1.656151064083678071e+00
1.850067947569223881e+00
1.940899123867418030e+00
1.716302415777641421e+00
1.921218434583967127e+00
1.849715167060606014e+00
2.037296908355927361e+00
2.146721752431000940e+00
2.247786081316450968e+00
2.108029426538631679e+00
2.137842322920072924e+00
2.106474081400584009e+00
1.863282083415012114e+00
1.579045293663882799e+00
1.802856328142852682e+00
1.365229045014919596e+00
1.421984221186809449e+00
1.256376308672993547e+00
1.431383130643712587e+00
1.466112167789913823e+00
1.434330373328332797e+00
1.671122680483997147e+00
1.762329157286360859e+00
1.993767993979177922e+00
2.095568799355498335e+00
2.389219245979954831e+00
2.220330268193749568e+00
1.928274290725380702e+00
2.249796620900100130e+00
2.059439907527598645e+00
1.661415826701086118e+00
1.557814083302537123e+00
1.579622717649486363e+00
1.150323528706963305e+00
1.300729942614807566e+00
1.321604274714244465e+00
1.424990405594461551e+00
1.786878176741402813e+00
1.749767458244902985e+00
1.606801482581208251e+00
1.283269625405277559e+00
1.717536616524895310e+00
1.898844410466258514e+00
1.940648169897164044e+00
2.030425624922565842e+00
2.037140970614544688e+00
1.865759851018256033e+00
1.984648243020481706e+00
1.490556669355933339e+00
1.315040642027136109e+00
1.705919125416817117e+00
1.417854947181696357e+00
1.710945659392254292e+00
1.518069376005674487e+00
1.350755276668137217e+00
1.349898931220217646e+00
1.551690699272072926e+00
1.696114199810965006e+00
2.104667441164123964e+00
1.615273368725970160e+00
1.759401894153716617e+00
1.509221698681779911e+00
1.242528880090784549e+00
1.172978395070962687e+00
1.552186504741419837e+00
1.448539688409467230e+00
1.269348702618510183e+00
1.333585920883736176e+00
1.250206686777007858e+00
1.272676385557042433e+00
1.583055756911591283e+00
1.658315813041662867e+00
1.766840438905539656e+00
1.448661798545259227e+00
1.633785107631533506e+00
1.624256475325312143e+00
1.705104672065310911e+00
2.095098521144779902e+00
1.573596308155870815e+00
1.459248463713701538e+00
1.770649114108993061e+00
1.594731854034720619e+00
1.575158615832918496e+00
1.524595791437752146e+00
1.673962789002399809e+00
1.586407386174961687e+00
1.379614426702638230e+00
1.362285409557456806e+00
1.286819180456546974e+00
1.293465135058442517e+00
1.339778169166505162e+00
1.169333716554497471e+00
1.178274761294662243e+00
1.309960797730629789e+00
1.379213933406163939e+00
1.337726777304206971e+00
1.185106432197201798e+00
1.529509565035302554e+00
1.815928185858880939e+00
1.740989065849847250e+00
1.818389256859010761e+00
1.801620728741816224e+00
2.105448053719663370e+00
2.109001564012173979e+00
1.995446943702635867e+00
1.682677121073689053e+00
1.719651629712837249e+00
1.667849825977390843e+00
1.446482632785669242e+00
1.842123778701017844e+00
1.902485177069146438e+00
2.161411933086648585e+00
1.702697020201406675e+00
1.724220189975411932e+00
1.598924303631255928e+00
1.823045809396272476e+00
1.246720178887239072e+00
1.587494923623502308e+00
1.534351871991764371e+00
1.594272045762675116e+00
1.407042153593333289e+00
1.353094646183978345e+00
1.365256755738828431e+00
1.112381095767306594e+00
1.400871430633608528e+00
1.370938514238371209e+00
1.506765416318077255e+00
1.536340258324056407e+00
1.355891871636193180e+00
1.567858226523954457e+00
1.717089042951753797e+00
1.726166752097856749e+00
2.288464670170936799e+00
2.390521837693242002e+00
2.128111698130500162e+00
2.370564138104836793e+00
2.328027205569966451e+00
2.651973244272227248e+00
2.319611399015215181e+00
2.154504529748130892e+00
1.994257919970605419e+00
1.392364110756929341e+00
1.612100380725605575e+00
1.635185617577796569e+00
1.900403917687336408e+00
1.723184191006516430e+00
2.027335166189669913e+00
2.082540372309919174e+00
1.980545173857935159e+00
1.894228547495962367e+00
1.441613221729423078e+00
1.357906739580958089e+00
1.108287116664087746e+00
1.247939809780921783e+00
1.379120635899971026e+00
1.453883857054110385e+00
1.118517653911003995e+00
1.397619883630947690e+00
1.479329154210049735e+00
1.532952804637923272e+00
1.985582718588251527e+00
2.100631247064703278e+00
1.721552381895965045e+00
1.284857613945744603e+00
1.333814693346242031e+00
1.254791956121828811e+00
1.075966704751027292e+00
1.309708452212986929e+00
1.124797579794658775e+00
1.013853492291771685e+00
1.287693576563617048e+00
1.396529349148090793e+00
1.397144256804519369e+00
1.625226065554752797e+00
1.929581242990322743e+00
1.870578432866316421e+00
2.131253399747969457e+00
1.878512458693915255e+00
2.035923275975028535e+00
1.796207085094706501e+00
1.776457646128094758e+00
1.996133225345658735e+00
2.039315472553170139e+00
1.977217977370791857e+00
1.930977655574033225e+00
1.712962279950922984e+00
1.700344970986224169e+00
1.674892407439860342e+00
1.920161528842462717e+00
1.792258861957453320e+00
1.281665387599251638e+00
1.387240174561634509e+00
1.524313061804304592e+00
1.710621580375510042e+00
1.612161097057899006e+00
1.800770032153779177e+00
1.838264992603151571e+00
2.055785730235113906e+00
1.834689691512844778e+00
1.494894438902657718e+00
1.518109192239853522e+00
1.440551858472979285e+00
1.293351760195233346e+00
1.510176960189246964e+00
1.342589684304573261e+00
1.650381094822245265e+00
1.685346441309967247e+00
2.185648261123924296e+00
1.811333402544427429e+00
1.915091159269933563e+00
1.637228373573889506e+00
1.750399252613196399e+00
1.559193046800358751e+00
1.379803479665752342e+00
1.879547470135251253e+00
1.665486823637328584e+00
1.399181123636132229e+00
1.345962734981220210e+00
1.307436805139755354e+00
1.602661409799224446e+00
1.295734107740832641e+00
1.548041783339001665e+00
1.696313535720666454e+00
1.660246402500719531e+00
1.735926124270299908e+00
1.224656087883363664e+00
1.401401134187921782e+00
1.105778838831090072e+00
1.257044367550995023e+00
1.553439677900078753e+00
1.729962086634323049e+00
1.584465813464953632e+00
1.392069907385631078e+00
1.422621450206723814e+00
1.772051649933483519e+00
1.946148905456000167e+00
2.237228560471198779e+00
1.824901736281365316e+00
2.026864124353179530e+00
2.230226971185206963e+00
2.121080593568019701e+00
1.917322807617384717e+00
2.152868831708639075e+00
2.148177183595753270e+00
2.140281087307320362e+00
1.860756562105556400e+00
1.673623717451146353e+00
1.486600217273013058e+00
1.646047955612325087e+00
1.760880682546442477e+00
1.713439479647764108e+00
2.100868461689281652e+00
1.411233818933284700e+00
1.502371647551451694e+00
1.442401963522023323e+00
1.102465329434995756e+00
1.708871156669910851e+00
1.801727962309859210e+00
1.596529043326230024e+00
1.797001788177626569e+00
2.027285310944776597e+00
1.952255767230507644e+00
1.776458693991963989e+00
1.949944508258729448e+00
1.468443836454663476e+00
1.502675000583177045e+00
2.043727651945892454e+00
2.084498628997084602e+00
1.997552058541636200e+00
1.888509706557362611e+00
1.598159037650165537e+00
1.610006316821602113e+00
1.287164965340664935e+00
1.327256226479212486e+00
1.789488674150573333e+00
2.122976123193752951e+00
1.953055120328488492e+00
1.406150010170996500e+00
1.810430743520938357e+00
1.989416461180406159e+00
1.858855247380160280e+00
1.900759877218864746e+00
1.812061324650287908e+00
1.854598099176140380e+00
1.480093806634016573e+00
1.232871576825244064e+00
1.500125504735861703e+00
1.622392415986733782e+00
1.576847484304551017e+00
1.630893804021886773e+00
1.967073841161911307e+00
2.309668997159139092e+00
2.173452645316732212e+00
2.183493656618569645e+00
2.337978474750811220e+00
1.803187513721425717e+00
1.320495193545192514e+00
1.462558904093303802e+00
1.442489209294596231e+00
1.254235822090163488e+00
1.143877110135006259e+00
1.418575853363601480e+00
1.398032255753720365e+00
1.436760754239070348e+00
1.397552599344181301e+00
1.631337957569806596e+00
1.389572812392868340e+00
1.706696572019230862e+00
1.562319226889715029e+00
1.602501399427787021e+00
1.537539255578414199e+00
1.578850185728611244e+00
1.511372338053696085e+00
1.732089377297627797e+00
1.617365371134288132e+00
1.452498462659203460e+00
1.487605645875431648e+00
1.565188229361753391e+00
1.280524885058493822e+00
1.085272600261221632e+00
1.259484180516361684e+00
1.145576279983750334e+00
1.506366262087502683e+00
1.678890299782595408e+00
1.794704092181924837e+00
1.673041767262402280e+00
2.249950718215382395e+00
1.934931185954656518e+00
1.820193986176117606e+00
2.013037756903427233e+00
1.745998367310090060e+00
1.476041310348227054e+00
1.570081411049102593e+00
1.491767892392952932e+00
1.641477687882719083e+00
1.768202224102177089e+00
1.576793109145437244e+00
2.011268835961118384e+00
1.793452465822258368e+00
1.464239500444865616e+00
1.425243638343032693e+00
1.102927200199305124e+00
1.248738930622659060e+00
1.594243393191222991e+00
1.248610628244028575e+00
1.365741829638543514e+00
1.526733149955410873e+00
1.409582277229642910e+00
1.719551440790042296e+00
2.213486441566387519e+00
2.261867780226357816e+00
2.293684668676789773e+00
1.694953090606954760e+00
1.903297963599515086e+00
2.125125408600775589e+00
2.037542135032987645e+00
1.795276234095436241e+00
1.773115317290414383e+00
2.036701294005756502e+00
1.740721993395609069e+00
1.384727864776306383e+00
1.248852838123368558e+00
1.265542891154443739e+00
1.131129779854554762e+00
1.417917959623941293e+00
1.415824615025174538e+00
1.431214060266359445e+00
1.395553396501805210e+00
1.439394169043579197e+00
1.618358484872611802e+00
1.232631913152885117e+00
1.224830967009892468e+00
1.289747098355266575e+00
1.554382682840770080e+00
1.558386092769521891e+00
1.965585560462270287e+00
1.795286929445265800e+00
1.637070302430196911e+00
1.852384746409581062e+00
1.643433770040775066e+00
1.348705566656860144e+00
1.563901207754732070e+00
1.558244904575629697e+00
1.722560499598207784e+00
1.826544857470807415e+00
1.980222173204259306e+00
1.907984982175883193e+00
1.619577442164596981e+00
1.581830017255303478e+00
1.820492967237329340e+00
1.993864536159539513e+00
2.102714106192226762e+00
2.089202471168350783e+00
1.930830688907487769e+00
2.161399998628343422e+00
2.384363181988156111e+00
2.276600932656801746e+00
1.997295139799795338e+00
1.895527164961902322e+00
1.558435200929619180e+00
1.444879088224877872e+00
1.409795995543026814e+00
1.476784140950725188e+00
1.393963658509127956e+00
1.303478540185397438e+00
1.203174725789452726e+00
1.339400472260729558e+00
1.385847540459684835e+00
1.588977003616907968e+00
1.687932049382154354e+00
1.736007087883727040e+00
1.672292391481492446e+00
1.474960101683115532e+00
1.524782570485731403e+00
1.480256307008315009e+00
1.582349880332424297e+00
1.626414632024049567e+00
1.432266764125436076e+00
1.514257906025320954e+00
1.607802946656567533e+00
1.648740118881284689e+00
2.216134694824575924e+00
2.233093349171788145e+00
2.245869114655348664e+00
2.122322540153314563e+00
1.951786748583895559e+00
2.040332229429598687e+00
2.269517600705947213e+00
1.462323938828604675e+00
1.473932807789460453e+00
1.650800608288915727e+00
2.150443238195721918e+00
2.124512254925101651e+00
2.247208644687438195e+00
1.708836727213979501e+00
1.584552838440062006e+00
1.670646398797678067e+00
1.919481400652965908e+00
1.684711260656201581e+00
1.720181714987143229e+00
2.100486645678657727e+00
1.711536955876381105e+00
1.676406085126672441e+00
1.991761113922902116e+00
1.615645694002572519e+00
1.601617921338635897e+00
2.110879771247220926e+00
1.866619915278692865e+00
1.607282343280039605e+00
1.924900116459474120e+00
1.524764676713159961e+00
1.799141679147612471e+00
2.066591378638620302e+00
1.407628903711995116e+00
1.440608827452915630e+00
1.467499652850115188e+00
1.576985915410133998e+00
1.957992261755356900e+00
1.866769499760111195e+00
1.433387093866198780e+00
1.461631765416374629e+00
1.453386685767786846e+00
1.524587262632931761e+00
1.496735191199784820e+00
1.310671686251586143e+00
1.133656753185162458e+00
1.210419001728620714e+00
1.139072753776813718e+00
1.100621693040813920e+00
1.557237127302376622e+00
1.582914421003688954e+00
1.315772845879232156e+00
1.340963237929490459e+00
1.381422891127376928e+00
1.199977735094554854e+00
1.448732921669787954e+00
1.511757839255600810e+00
1.563180804660834644e+00
1.601232528737726701e+00
2.130331117355521275e+00
1.772771401079690223e+00
2.435406887567854284e+00
2.324467868397474213e+00
1.970295545198351705e+00
1.946200414148951285e+00
2.032769571691981358e+00
1.866469854444456677e+00
1.672598801025413584e+00
1.795895367570568668e+00
1.792301103302390786e+00
1.805418512664782371e+00
1.691898054832004394e+00
1.892617627188041496e+00
1.922118777239138598e+00
2.018514236117979976e+00
1.864129843148939258e+00
2.060587338276706593e+00
2.031020348520504282e+00
1.949183017679097851e+00
1.992575333002380988e+00
1.746240415027576764e+00
1.745964663981121934e+00
1.575195301258860425e+00
1.203540860663642853e+00
1.410112973054351571e+00
1.735566313502644453e+00
1.664831885071902384e+00
1.964946235757187409e+00
1.655337590160168126e+00
1.699875024570399518e+00
1.739398984304099116e+00
1.792954406462333727e+00
1.651335401803849967e+00
1.236419094946356489e+00
1.422327752519712440e+00
1.341043261654404573e+00
1.652288158138486729e+00
1.866546698694879769e+00
2.105588803271269516e+00
2.040401328031977712e+00
2.242135022042228254e+00
2.019266070986082351e+00
2.017763821838324922e+00
1.870739305657369123e+00
1.597085309483350590e+00
1.708207013008529174e+00
1.440237791893421937e+00
2.124905931052739394e+00
2.201027489587541464e+00
1.928867329038508549e+00
2.274827459805007113e+00
1.990880420540689588e+00
1.541879050978562704e+00
1.801542645623452010e+00
2.022355336304043849e+00
1.611100849624376607e+00
1.731960894089128011e+00
1.838542389572704439e+00
1.770910980952076663e+00
1.484599139826761505e+00
1.313298410197563770e+00
1.274669178191357943e+00
1.574874823023371784e+00
1.392549822677717763e+00
1.291098241939228064e+00
9.640605624024529696e-01
1.176308244158657201e+00
1.611448715742560767e+00
1.451674637900829623e+00
1.602146465816911558e+00
1.637024898127790395e+00
2.056120397897388319e+00
2.526230895011900124e+00
2.531524145330281250e+00
2.260937325580938406e+00
1.653778632545932048e+00
1.320046609647913094e+00
1.272419685524178723e+00
1.560127108987954259e+00
1.285214453004337898e+00
1.457124047111513665e+00
1.492993974986247752e+00
1.805347153049017495e+00
1.934929408364664871e+00
2.128256184897147740e+00
2.212809528426366246e+00
2.171788269061287302e+00
2.279289890324606827e+00
2.055851988555281284e+00
2.171429590772075535e+00
2.440432131818813133e+00
2.245913354348747948e+00
2.062163675211707403e+00
2.036564297080664776e+00
2.145636646643987788e+00
2.024405361661331337e+00
1.916430307101061548e+00
2.151945158449006357e+00
1.998858146412278991e+00
2.588368503119258701e+00
2.073232403877960817e+00
2.613075223477684172e+00
2.140718547058172216e+00
2.093511018162861781e+00
2.024552782195286671e+00
1.926322890528302523e+00
1.829819493263345365e+00
2.575392420714770925e+00
2.487368330385990589e+00
2.195501225458275751e+00
2.025083118165823759e+00
1.957006952770610653e+00
1.663751250180551811e+00
1.575791597004156941e+00
1.427033695444329009e+00
1.635643338908032707e+00
1.833196556093674268e+00
1.923635498952549927e+00
2.086514355558391376e+00
1.941371834249342898e+00
1.828756046848012407e+00
1.480321478950211933e+00
1.228210898293200959e+00
1.244018483623345217e+00
1.159879791555523232e+00
1.372592981086720343e+00
1.420367299129355665e+00
1.723094834684890886e+00
1.800584155230591676e+00
1.330425649434997082e+00
2.040262788958824736e+00
1.570617222328561713e+00
1.757358011612731419e+00
2.184448571119899096e+00
1.821487109065415444e+00
1.750874736401428100e+00
1.898084161165181305e+00
2.352833688855313188e+00
2.230540088471464788e+00
1.998969528906989090e+00
1.391518769412952272e+00
1.262641096860038559e+00
1.616742849001298499e+00
1.721231915409565438e+00
1.870270434656560843e+00
1.595098249007852687e+00
1.417277935774543529e+00
1.348542376211597116e+00
1.421072230069730935e+00
1.405030777382232809e+00
1.504237611389906526e+00
1.639333371031856279e+00
1.640618569169851604e+00
1.765612326676348376e+00
1.635880073129675427e+00
1.670313161865003337e+00
1.380608771211675911e+00
1.484702076946127658e+00
1.082776873185574473e+00
1.441784286882056065e+00
1.377835303334488337e+00
1.406716015138665954e+00
1.525366830002388596e+00
1.462513164814533306e+00
1.217423364752601600e+00
1.357329023703929050e+00
1.414362778462746828e+00
1.559961341580437866e+00
1.463753929220011685e+00
1.315983918790472051e+00
1.322338048508228114e+00
1.098050381595635505e+00
1.447304392314009425e+00
1.168505300947530801e+00
1.269919180509953449e+00
1.297234163058048173e+00
1.399889863117828703e+00
1.252586705859786376e+00
1.287898389757361040e+00
1.525064929933003022e+00
1.531934664294224424e+00
1.503122245598979889e+00
1.821827355077201283e+00
2.175370187954375645e+00
1.719966948811472607e+00
2.111818202543035650e+00
2.071722927627660304e+00
2.332456862973174783e+00
2.303113339662615555e+00
2.005405009100313940e+00
1.827699154100916878e+00
1.544673769377527872e+00
1.839593649955177046e+00
1.972082552338912054e+00
2.059174098960157018e+00
2.055259203342579610e+00
2.153646854682073730e+00
2.003924445490292250e+00
1.426148419702313763e+00
1.416367997332215412e+00
1.545083048107020129e+00
1.585612495062205030e+00
1.879422396840191745e+00
2.071100745473395399e+00
1.870361396103269236e+00
1.912297705571047501e+00
1.849692170576978434e+00
1.994201530218617791e+00
1.618433869107923417e+00
1.692347353267513732e+00
1.342145293512078119e+00
1.182681297140956156e+00
1.287601723162115963e+00
1.543039050728466810e+00
1.584880619844719174e+00
1.582311346450912204e+00
1.509740056436300382e+00
1.781212433209905077e+00
1.920236237093962961e+00
1.389861527629476567e+00
1.813710373744160442e+00
1.866608354704985206e+00
1.721534239053427617e+00
1.624901191719531512e+00
1.665979162885711240e+00
1.411959809876917049e+00
1.351585054410163522e+00
1.426850874468513775e+00
1.250185569128110963e+00
1.476672494504468469e+00
1.591263463137164713e+00
1.424378071644381460e+00
1.749342601087264359e+00
1.498558255902763925e+00
1.519148823434457896e+00
1.021504539899150021e+00
1.573928323463175794e+00
1.563687398027722830e+00
1.853011501245291015e+00
1.729232737062272207e+00
1.300997968996302490e+00
1.151227314062490903e+00
1.138009542591555956e+00
1.110026694970066119e+00
1.557348497264650078e+00
1.513126311870339524e+00
1.404897248087363382e+00
1.760319089285497185e+00
1.782778622569740623e+00
2.091367349438991496e+00
2.042699169092954570e+00
1.567425301702843665e+00
1.808709893071011265e+00
1.442374149294083807e+00
1.298065972687242553e+00
1.318823044693157698e+00
1.048969081117431035e+00
1.368926018729192062e+00
1.276584633560532422e+00
1.222037915757627324e+00
1.233379154044133452e+00
1.463926467681505361e+00
1.630225662817461174e+00
1.403276194089410067e+00
1.235126443526152418e+00
1.560271206143174494e+00
1.822036636520052655e+00
1.728420238408567178e+00
1.713397897981379758e+00
1.454461621247765457e+00
1.600087521052387052e+00
1.630534866438558161e+00
1.940878830163576652e+00
1.910843538305146083e+00
1.336463649694430433e+00
1.681999495182806559e+00
1.580646918330272710e+00
1.354597760584091759e+00
1.755010078249526373e+00
2.083079608417829576e+00
1.973782194859163397e+00
1.807460940937668070e+00
1.624637656873188618e+00
1.906269145824464051e+00
1.840182973587654036e+00
2.132366902822558696e+00
1.747749434721476591e+00
1.987293433022099709e+00
1.592911532430943744e+00
1.448172016043158372e+00
1.375406731850150388e+00
1.333141830428294705e+00
1.346217147467529074e+00
1.424026794149908959e+00
1.495250200448309918e+00
1.674179279166683632e+00
1.787043802998744546e+00
1.967019409896182403e+00
2.062237950295086275e+00
1.924238094748199845e+00
2.060310655977361627e+00
1.449386054602465501e+00
1.515516323913733476e+00
1.666324697359251594e+00
1.221155067460834465e+00
1.309618433660467485e+00
1.397676211598476215e+00
1.671376646442187086e+00
1.818032441514169539e+00
1.460071127819520642e+00
1.352510322615408267e+00
1.615896829172699611e+00
1.676276802828098544e+00
1.692058353585173425e+00
1.769572847341684296e+00
1.663434379747651182e+00
1.814243801146949053e+00
1.803686413592417992e+00
1.940783453184816487e+00
2.216395328836922030e+00
1.899547462799846542e+00
1.993678184850942614e+00
2.351420441521663740e+00
1.981848859607456381e+00
1.783842499765182055e+00
1.509659708201379180e+00
1.377993071373998735e+00
1.668447628850509235e+00
1.453780586053504242e+00
1.418592481787181780e+00
1.231116200011248329e+00
1.351772237082249140e+00
1.069302384310440557e+00
1.313255964077507443e+00
1.255854877964745819e+00
1.186706908359924206e+00
1.186632709626457727e+00
1.234556132114654758e+00
1.958684313394775334e+00
1.508044854443356009e+00
1.609684111284189534e+00
1.746163960983751595e+00
1.842087739057939988e+00
2.037469005889658735e+00
1.743708023638868232e+00
1.581265932333966173e+00
1.252230117247532748e+00
1.307608460846880982e+00
1.355257909137752570e+00
1.392460412630571520e+00
1.746300319726929562e+00
1.381192498550066761e+00
1.322042475138006878e+00
1.526265332786082674e+00
1.437298674213572047e+00
1.376448054807421606e+00
1.220791257415213327e+00
1.282877347487186626e+00
1.332429366696328721e+00
1.758289647857715243e+00
1.996484232344814647e+00
1.473289081620521745e+00
1.611107878441995211e+00
2.036588349326393210e+00
1.937209007939015182e+00
2.251298391192585679e+00
1.691253481212640741e+00
1.715699420116557850e+00
2.072822960070282772e+00
1.910460887486480575e+00
1.844624709400444873e+00
2.348824105273930041e+00
1.502944652582058005e+00
1.850330224068748697e+00
1.552307315581158420e+00
1.488858198535984112e+00
1.454166164307008735e+00
1.947761296030563472e+00
1.920691877863876629e+00
2.346610690408020172e+00
1.608290394056507200e+00
1.774952034883051200e+00
1.978151513108697079e+00
2.127025382835512790e+00
2.213833884826047704e+00
1.714610288172276231e+00
1.910010251595597452e+00
2.339868915739933719e+00
1.952405731206368955e+00
1.970150865335462020e+00
2.016853245644032455e+00
1.377952766065577705e+00
1.883768829589700822e+00
1.979841969483089104e+00
1.905016012292507499e+00
2.201066508800648247e+00
2.344826731545018639e+00
1.971012322193436139e+00
2.286456655352391731e+00
2.149022174893790105e+00
1.613715571510158986e+00
1.781624452968915584e+00
1.482051551225662456e+00
1.266757686831417651e+00
1.402775619837960175e+00
1.195274677225925508e+00
1.201750289366332325e+00
1.193515712174289645e+00
1.158293042560542885e+00
1.439275616725187668e+00
1.680114539408145591e+00
1.857595889066772976e+00
1.638865346578624482e+00
2.031387711648476646e+00
1.799264262578223583e+00
1.821122062080689608e+00
1.756066548394978000e+00
1.562738424196515874e+00
1.602559382727800852e+00
1.378320379270038920e+00
1.264151532954846502e+00
1.420718281793436288e+00
1.420250278681386424e+00
1.313367386461997022e+00
1.417900197590848510e+00
1.600768789492034605e+00
1.788463360574035210e+00
1.822146064731700044e+00
1.676753712904639704e+00
1.820928139678295254e+00
2.025384213605700534e+00
2.231576736971936370e+00
1.710426798145886274e+00
1.268959530447751227e+00
1.293546716982955758e+00
1.863205460368251964e+00
1.569301422760552400e+00
1.628161618458587867e+00
1.405127595987113232e+00
1.524703525510090252e+00
1.581056827649197194e+00
1.380495613253536646e+00
1.597391046841254436e+00
1.703414687235887515e+00
1.518629421300486726e+00
1.646006473147318294e+00
1.543822928965151942e+00
2.108385384784248640e+00
1.979793103499222218e+00
1.514803134764011183e+00
1.591481805143673878e+00
1.543618040947599246e+00
1.758846090073258317e+00
1.948508242984334560e+00
1.953881308965991881e+00
2.125610849868869501e+00
1.565213370052199515e+00
1.474713318064060363e+00
1.672741308866954490e+00
1.317582666852610052e+00
1.395930170855086416e+00
1.391965059300617646e+00
1.339172829243348684e+00
1.250164322752633117e+00
1.576373823866435764e+00
1.663431038213798674e+00
1.877122299988264631e+00
1.884031963857273118e+00
2.276166094251536265e+00
2.022537175427996825e+00
1.819872749849305027e+00
1.652600074020793786e+00
1.363250775390991709e+00
1.304605608177034082e+00
1.269351017685353078e+00
1.477203193574494700e+00
1.449481455907926541e+00
1.365363744689027214e+00
1.073066897648653040e+00
1.180947175141466854e+00
1.170231185583320288e+00
1.579984526625982433e+00
1.386701541372125757e+00
1.659331512873465586e+00
1.565957341328704899e+00
1.444638089415283710e+00
1.246636777771304105e+00
1.056024878945824641e+00
1.244059664253813757e+00
1.389132264660839944e+00
1.497267442537083548e+00
1.054458982037300707e+00
1.441753095939622753e+00
2.066068761137458853e+00
2.023417436435559935e+00
1.990103701437265560e+00
1.794834381083704855e+00
1.691040733177249678e+00
1.762531522963412645e+00
1.543887619212888751e+00
1.662649083721928100e+00
1.380218638262346920e+00
1.382031063672938709e+00
1.484122439684067318e+00
1.561468478736384835e+00
1.422477257849687149e+00
1.491600293598528637e+00
1.601168364697290292e+00
1.619623025396252913e+00
1.650323230824878751e+00
1.453224997219941139e+00
1.612786808965956942e+00
1.334890737828677176e+00
1.379968159679596296e+00
1.283698846417372419e+00
1.400089258127683589e+00
1.489587816640893347e+00
1.608036961848430924e+00
1.663182072654241672e+00
1.636806472813715052e+00
1.954444362554249359e+00
1.795411998283854338e+00
2.002438514809890879e+00
1.988353738491852374e+00
2.289682430410174163e+00
1.878112706520149944e+00
1.843858014369109899e+00
1.546957223348888633e+00
1.722207563800701724e+00
1.681807011189497381e+00
1.841552240080560399e+00
1.745641905409824890e+00
2.245206356994331021e+00
2.048037446989708688e+00
2.006443486143026700e+00
2.050798893206859486e+00
2.146228935943772953e+00
2.157006913835198159e+00
1.894436706599243792e+00
1.626106747230515737e+00
1.799128393591895136e+00
1.290746121341802333e+00
1.502257749966101175e+00
1.453203973541725258e+00
1.326033320241723601e+00
1.603754470304400215e+00
1.984983478628602471e+00
1.993605407129350526e+00
1.722812631306111841e+00
1.772314722207151139e+00
2.027089865064726215e+00
1.860755799314173231e+00
1.464453420869777034e+00
1.718435738110826838e+00
2.014728793506470605e+00
1.526186050494840352e+00
1.339200715271594122e+00
1.401625044622948568e+00
1.274165743008904172e+00
1.589441931028774846e+00
1.669734011996480083e+00
1.481245363557492922e+00
1.421271574660583070e+00
1.665615243918437516e+00
1.435425382503486613e+00
1.517430235032313668e+00
1.654034561585775442e+00
1.458294174940854004e+00
1.419253403291175886e+00
1.799510180982401231e+00
1.994801232580535988e+00
1.551393208874461527e+00
1.562419729437880767e+00
1.556306937155999881e+00
1.596973246014659509e+00
1.718852694375751389e+00
1.616926448218054979e+00
1.630265904985251701e+00
2.094514192523091456e+00
1.976541613656146001e+00
1.981270073683239152e+00
1.948987345148242234e+00
2.289470184858654722e+00
1.697059066580437037e+00
1.918134660195363939e+00
1.840478482980143715e+00
1.585117596885900593e+00
1.817238950341711901e+00
1.943210319332399072e+00
2.056849853382106019e+00
1.716016088317912525e+00
1.791852183752290717e+00
1.694689602504403370e+00
1.513760129466330540e+00
1.403808570273927359e+00
1.686025173956071654e+00
1.744169835271267788e+00
1.650535294592515800e+00
1.461653522952924389e+00
1.342166461735189387e+00
1.463358940251026308e+00
1.282809197405208490e+00
1.185729247890308535e+00
1.356074690663892079e+00
1.018370920739990249e+00
1.249659756320131487e+00
1.500629224691201191e+00
1.895293324078555663e+00
2.033215781687604196e+00
1.874395739848088160e+00
1.655093294706351248e+00
1.342605040362555791e+00
1.082674672755556733e+00
1.235135536512055987e+00
1.251135039914424318e+00
1.248331456622773672e+00
1.686745878935834275e+00
1.597434578192888255e+00
1.376167963143755557e+00
1.570446692969408309e+00
1.815795489015131325e+00
1.770867921152024849e+00
1.754431667157893671e+00
1.696725054570897839e+00
1.624905020022528124e+00
1.865866956208860117e+00
1.905018296191371308e+00
2.073740098773374729e+00
1.826254828921038964e+00
2.073135741874993609e+00
1.930995332632487349e+00
2.580076577739268462e+00
2.536043212965818583e+00
2.148003524573820933e+00
2.253226271077972687e+00
1.949400048869704083e+00
2.009171861826863026e+00
1.975740611393238311e+00
1.549226789752008004e+00
1.522571947090040068e+00
1.764908771641714669e+00
1.425371116520786963e+00
1.501674192716279110e+00
1.446628345301274932e+00
1.810542019182365570e+00
1.648376281910914232e+00
1.475935384935346262e+00
1.379431489305336322e+00
1.529315247270965461e+00
1.729488179598585695e+00
1.436497571705313225e+00
1.507850681769882684e+00
1.418249775789120593e+00
1.384505190136526842e+00
1.249873294617857455e+00
1.216127672826877282e+00
1.238512494218674043e+00
1.517428977169408499e+00
1.496421601164799275e+00
1.286856649780725004e+00
1.138119071122631665e+00
1.305713260932616082e+00
1.178637819097981376e+00
1.401730305981891078e+00
1.526109356438881903e+00
1.644328189039206967e+00
1.708862384512749744e+00
1.151062942808965373e+00
1.460232153674788425e+00
1.601298608534866164e+00
1.420374133710349263e+00
1.580122843989121950e+00
2.173413288640495988e+00
2.060897758825825488e+00
2.228232737536693264e+00
2.301818644092210597e+00
2.311415055911171468e+00
2.437574701749836592e+00
1.929871147714884660e+00
1.778007466417527382e+00
1.942303968789759416e+00
1.698935282728974094e+00
1.983724807683059588e+00
1.964183362811456224e+00
2.220281855811784055e+00
2.388184513034710132e+00
2.444767577013399418e+00
2.732174690258945660e+00
2.269285287344046775e+00
2.269504713556574238e+00
2.163732962194240717e+00
1.910826494125624109e+00
2.181997008370164082e+00
2.274992002462817631e+00
1.897946863853233967e+00
1.919105060401257168e+00
2.124286704420084604e+00
1.910773775318706846e+00
1.812167274303905451e+00
1.954255667288410381e+00
2.334425079062092845e+00
2.577052910592199542e+00
2.562171869547992920e+00
1.919470885671635374e+00
1.640505531354253366e+00
1.960700674970356605e+00
1.754804651184764142e+00
2.137146568205114949e+00
1.915443716206302716e+00
2.100082479606045993e+00
2.107343277925003644e+00
2.245229351161624809e+00
1.750709513058442912e+00
2.180269409458430285e+00
1.829358940464595129e+00
1.517741044744056245e+00
1.358558567358077784e+00
2.037720413467546177e+00
1.765191954509916616e+00
1.864244974424999146e+00
1.673563877211831752e+00
1.687428499702328999e+00
1.373059760090527881e+00
1.146414268495812960e+00
1.165870655355966790e+00
1.322673102469820172e+00
1.441715810548823917e+00
1.418266756850329102e+00
1.480663163999935694e+00
1.626382059555120385e+00
1.794954394234441031e+00
1.526089431383888195e+00
2.003815866852224126e+00
2.315658969326001237e+00
2.440376632521788380e+00
2.758569925589725358e+00
1.861977800619067924e+00
2.053307481647144606e+00
1.632346352948466750e+00
1.977939886940527359e+00
2.242111200468705601e+00
2.475155437205496689e+00
2.413109391341879295e+00
2.461188391084570437e+00
2.408231449828744264e+00
2.350875407977373488e+00
1.847250312226007551e+00
2.324041840685331373e+00
2.288551398773891243e+00
2.204271905909551688e+00
2.200014769230103973e+00
2.441628795048830014e+00
2.375115267384948936e+00
1.889755558504129018e+00
1.883594362588890903e+00
1.939392145866418282e+00
1.737788076013756289e+00
1.938009076669280795e+00
2.112264961315853729e+00
1.907174499839137560e+00
1.850371387185225647e+00
1.775520463030166640e+00
1.854191340405809463e+00
2.300717574897535034e+00
2.156793520702295464e+00
2.048673738694579693e+00
1.906609015957055009e+00
2.453423080631676356e+00
2.394633475474853057e+00
2.286537666112075318e+00
2.001877259910524565e+00
1.911853808750646255e+00
1.786896118504157194e+00
1.345208071237054437e+00
1.167895733594881635e+00
1.060215171016219982e+00
1.624211410086903618e+00
1.444978996919910275e+00
1.707829218627743506e+00
1.847373799956571361e+00
1.501915954020859978e+00
1.388207501178974068e+00
1.432568944824511803e+00
1.616178574516571764e+00
1.396035692320950483e+00
1.381554468291406046e+00
1.499324474188620249e+00
1.866082234459567779e+00
1.608900788499953549e+00
1.439785601978754492e+00
1.512553340175193384e+00
1.423383572209258485e+00
1.717831415803299455e+00
1.703352967287008468e+00
1.601593263184613036e+00
1.469642808364049147e+00
1.162618277690230961e+00
1.396442679374884754e+00
1.644529840810229793e+00
1.938175131496671089e+00
1.751375118539010067e+00
1.876844380531980994e+00
1.569660074748895573e+00
1.736942179473422776e+00
1.761931078280337903e+00
1.642737091085424428e+00
1.739607063665370434e+00
1.411483391214776617e+00
1.524682579889618861e+00
1.513607925407819410e+00
1.716217304832605484e+00
1.618970951439067107e+00
1.462471095014755473e+00
1.326709890216053456e+00
1.149934616480807748e+00
1.357136072135843863e+00
1.198801802571866082e+00
1.603459298994646787e+00
1.470196120381952909e+00
1.655660326170013352e+00
1.258774922558592912e+00
1.480001365990746498e+00
1.545863272712271863e+00
1.498008844348855284e+00
1.365301472406946548e+00
1.432452684016798594e+00
1.326537105541794048e+00
1.513433248060579661e+00
1.633770222387167070e+00
1.892058778698922694e+00
1.747454169059661666e+00
2.042810789436221963e+00
2.096485011554295674e+00
2.183492970364005359e+00
2.008881571626210505e+00
2.030807538393431866e+00
1.737627692018286929e+00
1.895863871532694311e+00
1.422542611113251088e+00
1.523047290034052814e+00
1.728834852260460853e+00
1.429930550941183487e+00
1.517370983031233855e+00
1.602633906806108399e+00
1.618875574625592950e+00
1.553622940777915185e+00
1.206415134541430678e+00
1.602993949119874362e+00
1.370756747199185943e+00
1.379605620854703618e+00
1.365974152024588939e+00
1.190216744183724806e+00
1.234310693023391137e+00
1.090310501292354628e+00
1.102300011289989667e+00
1.538485995608441348e+00
1.258087264499455404e+00
1.289922711296848989e+00
1.341133209025947348e+00
1.332265482083248909e+00
1.309485310679841641e+00
1.483988750249944033e+00
1.913836983401221437e+00
2.116586223728739391e+00
2.366240166751733209e+00
2.256749986268344887e+00
1.907442272945614192e+00
1.809887786764265982e+00
2.309662356261027671e+00
2.442220891020261408e+00
2.388677154544931014e+00
2.132038279932764624e+00
2.369833852933429075e+00
2.079106072644022696e+00
1.940639329889126685e+00
2.189649365660244484e+00
2.101384967652808022e+00
2.276719524239058767e+00
1.932910129580410530e+00
2.221440225667046242e+00
2.121658286029883822e+00
1.565123247590894273e+00
1.550479967317266006e+00
1.695845469154724006e+00
1.985617827020386361e+00
1.638219549181506585e+00
1.440254992764953723e+00
1.368430554084937079e+00
1.345822797539133919e+00
1.460296040458452183e+00
1.383868708747579390e+00
1.615907084733960053e+00
1.610927943205529900e+00
1.652203005572623784e+00
1.706642739872152426e+00
1.623674227840654183e+00
1.575499654584127773e+00
1.749733192198701603e+00
1.942437872629969142e+00
1.538810125238107895e+00
1.597500967781908310e+00
1.782742312941836493e+00
1.484086061125015288e+00
1.603815781151943787e+00
1.669862721494808966e+00
1.952814855211978839e+00
1.363904981631987257e+00
1.500169100750885276e+00
1.455709030545546012e+00
1.926907550214326692e+00
1.863208115080496885e+00
1.736701410419281721e+00
2.192318949570737807e+00
1.839533832729483009e+00
1.687524040731847252e+00
1.810868654021560609e+00
1.966417040626222024e+00
1.922335425416346055e+00
2.058727088112365156e+00
1.662000765347987796e+00
1.736355337559931655e+00
2.040471575101200141e+00
2.026342107441891471e+00
2.044183075719442577e+00
1.822092731617423356e+00
1.630976862572965702e+00
1.587041287122175737e+00
1.347011063701162747e+00
1.903355612753595993e+00
1.637189849539608888e+00
1.523300065523043978e+00
1.471140436337601942e+00
1.352375241232392389e+00
1.398393875422101695e+00
1.638939458501843305e+00
1.722744206721608551e+00
1.747651667179288326e+00
1.696076522619388349e+00
1.687420737341349231e+00
1.662486238687759244e+00
1.249931292000880489e+00
1.320170338553905420e+00
1.688599251142099078e+00
1.368924323512832553e+00
1.373802935062320207e+00
1.388959354883559261e+00
1.239768528408800918e+00
1.422905715211470579e+00
1.395715493000884155e+00
1.566286777637530880e+00
1.565236555794944806e+00
1.459208386499754484e+00
1.634574221697057794e+00
1.962664411965164835e+00
1.686004788540638621e+00
1.828585328174822777e+00
1.621420469397040209e+00
1.431941791583814405e+00
1.444079912880428473e+00
1.360132378954503674e+00
1.492925919257806822e+00
1.676078503025106414e+00
1.542007009978154208e+00
1.578666911948429785e+00
1.893644765164073096e+00
2.075550431316169231e+00
1.867256086071012122e+00
1.834175596089405502e+00
1.718694547797796179e+00
1.714372698969407027e+00
1.621003005141531617e+00
1.943803250955165929e+00
1.731495614451558085e+00
1.495622263911772443e+00
1.652622569213258785e+00
1.737546196669176091e+00
1.647277060352907885e+00
1.588209414099330807e+00
1.275056240148567666e+00
1.206867282587487322e+00
1.247735270026686827e+00
1.417874890674380772e+00
1.865856631156595391e+00
1.298864716971140032e+00
1.741843621924354713e+00
1.480753659971970615e+00
1.231953473223763362e+00
2.000577799446256133e+00
1.718826646272455738e+00
1.439004551423529898e+00
1.293283595773780270e+00
1.469884550457943195e+00
1.515115668813983518e+00
1.501695253540347608e+00
1.681207576901234235e+00
1.913834882355607725e+00
2.154177311739688516e+00
1.752443648579277813e+00
1.667079418508757405e+00
1.765941770995901550e+00
1.726700440356372157e+00
1.636709062918779267e+00
1.790700523598202087e+00
1.760168658593314284e+00
1.785907119304694035e+00
1.962881891977455995e+00
2.227469768046943965e+00
1.967661973103524975e+00
1.631790611127820201e+00
1.982181673760670781e+00
1.664290203251985290e+00
2.029572695141330652e+00
1.759053962575645613e+00
1.656317632009305818e+00
2.031137867089209070e+00
2.006325250399918048e+00
2.064362550560594478e+00
1.808392818675512492e+00
1.766716652612837279e+00
1.693031843223970601e+00
1.751304006671311697e+00
1.910882668504203297e+00
1.855770649698917474e+00
2.068061470791478840e+00
2.136245046352013954e+00
1.798319042585666994e+00
2.133342981350589529e+00
1.849912843028996168e+00
1.499212680226927441e+00
1.724770508854562401e+00
2.063297484516208424e+00
1.453443514509139778e+00
1.611198296017333664e+00
1.950705871491759780e+00
2.075085134034525769e+00
1.732067970630722487e+00
1.177055925319226537e+00
1.530236295511480327e+00
1.790748231590137740e+00
1.867697399523168045e+00
1.553269889167270046e+00
1.532748343338799613e+00
1.434709327694273728e+00
1.463661077060204985e+00
1.637289650761264426e+00
1.628506372619229925e+00
1.568212461691317117e+00
1.682223473002113723e+00
1.631332533707627874e+00
1.718485207681738958e+00
1.748673113042759741e+00
1.694620852717645398e+00
1.364220270903625076e+00
1.381479705454144113e+00
1.566277794008693824e+00
1.300867953592708570e+00
1.305177557686493017e+00
1.262099916788870679e+00
1.630344442726369358e+00
2.009611805966725839e+00
1.739227064649647048e+00
1.668698710593450985e+00
1.893795432339651086e+00
1.683165767083911746e+00
1.570318744292916513e+00
1.513199049975057164e+00
1.920814609219557711e+00
2.013397337739029069e+00
2.010719449114330093e+00
2.536746874833315069e+00
2.347067355740902084e+00
2.007893760393421712e+00
2.187909432871049997e+00
1.819698761937610376e+00
1.646184678438780580e+00
1.809684432091623663e+00
1.737675297575629330e+00
2.068945213168155828e+00
1.985725800799867491e+00
2.016587560449281114e+00
1.817703830372972007e+00
2.170675134445522847e+00
1.760524790307857801e+00
1.520444828401743553e+00
1.560032540796845169e+00
1.566574375602285407e+00
1.318519535779550278e+00
1.601446480521327764e+00
1.558095462437478318e+00
1.884620625593125487e+00
1.928494664470337572e+00
2.296948096741558754e+00
2.211198961115273587e+00
1.858398950220732759e+00
1.578670095975232446e+00
1.501330195036271187e+00
1.286789644243370612e+00
1.233640798526648430e+00
1.242867339146941363e+00
1.172158245567639145e+00
1.225528544944368470e+00
1.588921569951449619e+00
1.937544657311055296e+00
1.496382383987624021e+00
1.717341486905112236e+00
1.729627081268146682e+00
1.742171799781184749e+00
1.544721877610183647e+00
1.489815627465806536e+00
1.804498720386716659e+00
2.183734952647390148e+00
2.367305615504208482e+00
2.451432218697163101e+00
2.314808228737848861e+00
1.894817265078906132e+00
2.295935079303512261e+00
1.970354470117161361e+00
1.550398127582897745e+00
2.089585382594204344e+00
2.528857155279300883e+00
2.368541177860461033e+00
2.193652866312456151e+00
1.897447251426730874e+00
2.110069213862213910e+00
2.258316743091282497e+00
1.826344096593909505e+00
1.953610545284337752e+00
2.269742252185467990e+00
2.048644129900992539e+00
2.224934202315542731e+00
1.596559956761987920e+00
1.526046072670953713e+00
1.265226592402050265e+00
1.717783954936251689e+00
1.564935684052066289e+00
1.611516336576863440e+00
1.658161270169560941e+00
1.878849034558165432e+00
1.897116821792582009e+00
2.098284907709512481e+00
2.405021354322499416e+00
1.738163320885752983e+00
1.718839091115039741e+00
1.881795038554164634e+00
2.223258982453278687e+00
2.365764346606276103e+00
1.714472279545015798e+00
1.424921869047282685e+00
1.698256394827296845e+00
1.716824488151607486e+00
1.757095102888730498e+00
1.909122994456451172e+00
1.757675310303240757e+00
1.754869430625963567e+00
1.891028798811018152e+00
1.994892603805874742e+00
2.199925639456148385e+00
1.913011591206610351e+00
1.742252435636908237e+00
1.241045119099067229e+00
1.269392026125307105e+00
1.569253720878336145e+00
1.227003221928637533e+00
1.477924319262591490e+00
1.497013974296906191e+00
1.195516010779027694e+00
1.735484514433710324e+00
1.990396707178498703e+00
2.091665181163697707e+00
1.910896005333357017e+00
2.049313372254313759e+00
2.044310210666727912e+00
2.028043271189280627e+00
2.181693246948424481e+00
2.122366003022392089e+00
2.026665322528427460e+00
2.431265107779303491e+00
1.962828339745982476e+00
1.642948345978006985e+00
1.719406480991382935e+00
1.703009966534098085e+00
1.496382032958123443e+00
1.449078244144942573e+00
1.399519268378071057e+00
1.490187651020802306e+00
1.399331558075508575e+00
1.695449651202849628e+00
2.066313162888076427e+00
2.264921135583486400e+00
2.062790069952592731e+00
2.017424223054537613e+00
1.461233480575389931e+00
1.431230303549572147e+00
1.353908440314493644e+00
1.373612769027670488e+00
1.612582511480853631e+00
1.628548648340136795e+00
1.551081496545736904e+00
1.665097006173436034e+00
1.730532100106933591e+00
1.665727707396378099e+00
1.625760125284587465e+00
1.461281813178224143e+00
1.438376396479334796e+00
1.397109919714103032e+00
1.367080040278940034e+00
1.463498054456796593e+00
1.241557138368184932e+00
1.334840814551478072e+00
1.352690897419719818e+00
1.262715397326220623e+00
1.242570195872048311e+00
1.347548685068723495e+00
1.281362616605933091e+00
1.307174532793734301e+00
1.179127142824740293e+00
1.391225923840226031e+00
1.309898926146308540e+00
1.456916028176987066e+00
1.615398542017030925e+00
1.634945187473363593e+00
1.873483325083799444e+00
1.699283413483004601e+00
2.304889482369690601e+00
2.036678444402447052e+00
1.715744507865563095e+00
2.365368511560397735e+00
2.063156299955832385e+00
1.808745487658674822e+00
1.372827344360093349e+00
1.483692078735804998e+00
1.164755666734489381e+00
1.558301477934854296e+00
1.252800526305527740e+00
1.463835834532640767e+00
1.603661779357639094e+00
1.547052672062398715e+00
1.423552159151042495e+00
1.462143353097325793e+00
1.408212008702124152e+00
1.319120653351697259e+00
1.128830845998304744e+00
1.537740918186367267e+00
1.464501965001718808e+00
1.371554031545539232e+00
1.399087292711505004e+00
1.545297430716846110e+00
1.573687680195849703e+00
1.364739888511813604e+00
1.475084623899191927e+00
1.580895258068625520e+00
1.900794808443545314e+00
1.527561669219171359e+00
1.460849685886304261e+00
1.481024412814677671e+00
1.222031521662039655e+00
1.553235989066408917e+00
1.508034710307993187e+00
1.558760060211650922e+00
1.337252871272814225e+00
1.363198319406890180e+00
1.103732194801237076e+00
1.698116147018378985e+00
1.613818863507380019e+00
1.183008642448982517e+00
1.483157621443902174e+00
1.499322488818876753e+00
1.448433934558168046e+00
1.682396801280590326e+00
1.387679470517426683e+00
1.633681589945755519e+00
1.522914189579186228e+00
1.408539857094811332e+00
1.709996004353198762e+00
1.697504164166362628e+00
1.221417852976678375e+00
1.241230000710592973e+00
1.112917343648438306e+00
1.063792080649741845e+00
1.316194792461313101e+00
1.327633409658261376e+00
1.402931954797355552e+00
1.187449128128495124e+00
1.375488580527342464e+00
1.449480539516824651e+00
1.752098565254833096e+00
1.705144085042879842e+00
1.815345052541150528e+00
1.358018776063868671e+00
1.546676089976874113e+00
1.483719542899808674e+00
1.468896853258853996e+00
1.199687444255234103e+00
1.496177432272558949e+00
1.578687199689993159e+00
1.848838692981183529e+00
1.668029176845405637e+00
1.553784787991170813e+00
1.456046974764895863e+00
1.493694303767811427e+00
1.286725020747752968e+00
1.217100965698181048e+00
1.213531877239481416e+00
1.634951240688463869e+00
1.769060449155823056e+00
1.428391467151511440e+00
1.431988575932097163e+00
1.772043372727887034e+00
1.640899234666692408e+00
1.357613752171268118e+00
1.455565031240821483e+00
1.458185998988117404e+00
1.977159946030589754e+00
1.902640013638850380e+00
2.136153000117394729e+00
2.031135425487870627e+00
1.831557488540138001e+00
1.612177349914089675e+00
1.445294478902569457e+00
1.926245296714318433e+00
1.591310538333528868e+00
1.370189903464249959e+00
1.416835564726059538e+00
1.899238863390429133e+00
1.468245454207783851e+00
1.377287882324295332e+00
1.704456434801476350e+00
1.854726563922641347e+00
1.750114784010956548e+00
1.700075013970891114e+00
1.468547465005396901e+00
1.415007861584763216e+00
1.307088708107551733e+00
1.447982547537818299e+00
1.503982409794312858e+00
1.254848085742394925e+00
1.353433509729987660e+00
1.571780029245843480e+00
1.427851472468096850e+00
1.460904069748972800e+00
1.509964624983587633e+00
1.735037020196050328e+00
1.959660528654116440e+00
1.543061315155290547e+00
1.867363883246697887e+00
1.886658256304707182e+00
2.080071266646311923e+00
2.022734878214434762e+00
1.919503365545243589e+00
2.232178721503896401e+00
2.210315080482457173e+00
2.100170888409425896e+00
2.200963755696979440e+00
1.916730467500380231e+00
1.802508847065156905e+00
1.838029542533579530e+00
1.925691786390130167e+00
1.998420733851091091e+00
2.096048313669381269e+00
1.482376070631624909e+00
1.261830516893369669e+00
1.411106626128135311e+00
1.613107832062636637e+00
1.451979087764899035e+00
1.447424359280399475e+00
1.476699416719435387e+00
1.744020707748241028e+00
1.924539330841527507e+00
1.693106434455722287e+00
1.887711557961592623e+00
1.326277096511554676e+00
1.178594781099176370e+00
1.410088436516328425e+00
1.919800965606663912e+00
1.834246441675013717e+00
1.871547293865349459e+00
1.815697773714534335e+00
1.295507550068199620e+00
1.065738291259714421e+00
9.964097349974965212e-01
1.358213371843256523e+00
1.472621123256347753e+00
1.822181549650760291e+00
1.570936652040758608e+00
2.170283816222318585e+00
1.824978871330064312e+00
1.734995551422220394e+00
1.653122503162828272e+00
1.566635731359600214e+00
1.928122561326102602e+00
1.681114003611887897e+00
1.551741786900446396e+00
1.400509497930060521e+00
1.617368727577321641e+00
1.503619347231618164e+00
1.745743399506932692e+00
1.395668270113834986e+00
1.523524786282821841e+00
1.802786534147974740e+00
1.497455731793069011e+00
1.795656166784126206e+00
1.787292211927347996e+00
1.827122656605184803e+00
2.015594345078122629e+00
1.797515918506523480e+00
1.884729024212169479e+00
1.471208746697677316e+00
1.517304440298398838e+00
1.410088147688901117e+00
1.497080256253787267e+00
1.261811294217674684e+00
1.141182204164223446e+00
1.154994879215358816e+00
1.494425341759143322e+00
1.791273952892182386e+00
1.910634281152893355e+00
1.960717629398999406e+00
1.823781137412810782e+00
1.915783764574703341e+00
1.817235352864285280e+00
2.015029707340901144e+00
1.645707719483858078e+00
1.269058638439337416e+00
1.378521572887575930e+00
1.323636024402075284e+00
1.155932118147237952e+00
1.367232631690215250e+00
1.435857973591474490e+00
1.849907612228096854e+00
2.128545213239249279e+00
2.029345046607812897e+00
1.952821079737307786e+00
1.977701178178574937e+00
1.740159312704468775e+00
1.438704740357428014e+00
1.694498749336506904e+00
2.247179522770597071e+00
2.027446531313257250e+00
1.874011934537609170e+00
2.110857487100329166e+00
1.667226373917524374e+00
1.704862491592364027e+00
1.889639285966452142e+00
1.796479874202666416e+00
1.840413656848890911e+00
2.200299849362798543e+00
1.955260989825788887e+00
1.934348192182228976e+00
2.296592579037820325e+00
1.729685150133834171e+00
1.376998772359556256e+00
1.531944056121313791e+00
1.193604110587942913e+00
1.682695805560185054e+00
1.341801800406063006e+00
1.399011960501390650e+00
1.530916448893906434e+00
1.157756482591564717e+00
1.212359690653840083e+00
1.372889166532816008e+00
1.406024678100195047e+00
1.241897283299724597e+00
1.501506191410220570e+00
1.471834198950148220e+00
1.424077704858361715e+00
1.570646690047353466e+00
1.687574028513497915e+00
1.544732955706486166e+00
1.562908341608351348e+00
1.627417929561664423e+00
1.723527511156937031e+00
1.589868185783014809e+00
1.849080304889712423e+00
1.838877746043291683e+00
1.553354419331318903e+00
2.130415740061762264e+00
2.041608165482669435e+00
2.119886636875926822e+00
1.864312214995692107e+00
2.409647749442777709e+00
2.120135828803344946e+00
2.243546386544216897e+00
2.138334832378832484e+00
2.339200466524531841e+00
2.456414931236753141e+00
2.131454171107324935e+00
2.164022290477628285e+00
2.379490975231219441e+00
2.287292833271457049e+00
2.023592192430140990e+00
1.800323957763386717e+00
1.196551323532625499e+00
1.172923124077345447e+00
1.226034049813140347e+00
1.188901709440032484e+00
1.323658995759746437e+00
1.529547610876370811e+00
1.655617965826867266e+00
1.144766242812941703e+00
1.258719999779458032e+00
1.554371474422153954e+00
1.131553931763676912e+00
1.399493179158257883e+00
1.332234022301045151e+00
1.396492351269647880e+00
1.424074586970524026e+00
1.284614048821556276e+00
1.551629596540360145e+00
1.276525160612243859e+00
1.366146479080861509e+00
1.437652171730244177e+00
1.535279575816619113e+00
1.140654677538080142e+00
1.236977337794006537e+00
1.038543893631966641e+00
1.201281436219398868e+00
1.460529394494663347e+00
1.461666162889210918e+00
1.434113100541235086e+00
1.304713095880852380e+00
1.115749369292342363e+00
1.076318043382032519e+00
1.811049704956031903e+00
1.871304626263910365e+00
2.063971903227468818e+00
2.511324983971839231e+00
1.838853645910004220e+00
1.954227166457777942e+00
2.012560569737555483e+00
2.018474427149606232e+00
2.076711796373961860e+00
2.034205284271915826e+00
2.330768433339434509e+00
2.268926409246120990e+00
1.879547667791658272e+00
1.509137958253234935e+00
1.702105925819786370e+00
1.790975084836706532e+00
1.938568483956885746e+00
1.446601931765981730e+00
1.575176377631632318e+00
1.903732014968005259e+00
1.744582868918339358e+00
1.198270591772684801e+00
1.242496509075804667e+00
1.214780857439443196e+00
1.394785552445047649e+00
1.243269313074684135e+00
1.354177916285024708e+00
1.328515214014674761e+00
1.537982014140203191e+00
1.510291872445719719e+00
1.559195960106199763e+00
1.147557695056921068e+00
1.491995009587438581e+00
1.657124292227846851e+00
1.856275218236107083e+00
1.882998002600414056e+00
1.963289120741094740e+00
1.848449451912116182e+00
2.207338687365994812e+00
2.314702844047741515e+00
2.238969970512984187e+00
2.007926440767603626e+00
2.022360197843610319e+00
2.106307264483640029e+00
2.295577061559704202e+00
1.985025275945826895e+00
1.688048587850744076e+00
1.688662050627097067e+00
1.913486915098174368e+00
2.197530566473845592e+00
1.725235601565160870e+00
1.535583973120539847e+00
1.429133713138831974e+00
1.303418527823337447e+00
1.430469170775026777e+00
1.372454051477161485e+00
1.580744651494863540e+00
1.529257566241512656e+00
1.374668714957227644e+00
1.428067828267388428e+00
1.302074327040150470e+00
1.645662809415921579e+00
2.207075946576652736e+00
1.957957444596275964e+00
2.371358368282153517e+00
2.319648139963911948e+00
2.053583154811836842e+00
1.848744950048745395e+00
1.651750879262070981e+00
2.163445530792713178e+00
1.654762575784630929e+00
1.848679971067822336e+00
1.606340040227523192e+00
1.814810887189636235e+00
1.491752598822191356e+00
1.629379927023931973e+00
1.536713359306867588e+00
1.597156074059788544e+00
1.475814813370663003e+00
1.450780783727577905e+00
1.436903807453806969e+00
1.319381650987319521e+00
1.375887667761502398e+00
1.538477961773605518e+00
1.497140122227580417e+00
1.664672127399658752e+00
1.590762231799076831e+00
1.452452270432333936e+00
1.370048660927644768e+00
1.427393875286209202e+00
1.778806977253643895e+00
2.099825992330082602e+00
1.949549104548899736e+00
1.733101206883752798e+00
1.651065477975113716e+00
1.710428863846455982e+00
1.654688218220129903e+00
1.376072827459521308e+00
1.009878882963710423e+00
1.150501669427052898e+00
1.371951538493272560e+00
1.709306836801617768e+00
2.011631223432106985e+00
2.292007548817248441e+00
1.739544114297691069e+00
1.754254095910193101e+00
1.688407095330491492e+00
1.813407296525096246e+00
1.656371329610945908e+00
1.365310690538755090e+00
1.456054732456542489e+00
1.395937734302681754e+00
1.598944387269428447e+00
1.858484049221753143e+00
2.127630376682863922e+00
2.208184110184046922e+00
2.087798053789630348e+00
1.924123748715844018e+00
1.650499470539274371e+00
1.629080482814637909e+00
1.511281441884530397e+00
1.593300795556401805e+00
1.472729671652885930e+00
1.459815104568458199e+00
1.265143972182308119e+00
1.702612872323961968e+00
1.704947528388035538e+00
1.176453295093263574e+00
1.479945866187275527e+00
1.575157541573626530e+00
1.749207426400642973e+00
1.844771412660370036e+00
1.796529248463983652e+00
1.751461054563499209e+00
1.851726253646075904e+00
1.716274031342965856e+00
2.204522505138391875e+00
2.126831455397410142e+00
2.248946588766201682e+00
2.136611637263318375e+00
1.888680760256227886e+00
1.859036267027494027e+00
1.954073962590676450e+00
1.953897762248036019e+00
1.807965293112004934e+00
1.731078435744375588e+00
1.783817276661404883e+00
2.222570982934366945e+00
2.008055362602695126e+00
1.875185043695949405e+00
1.894485616697417774e+00
1.463990542558980756e+00
1.486839050644317650e+00
1.853881527529082307e+00
1.806179035587033965e+00
2.016852586769985578e+00
1.923059317913995869e+00
1.684532097056839151e+00
1.979031441837372673e+00
1.937216758123855742e+00
1.901026203044426044e+00
1.276722059469977966e+00
1.270885433040561008e+00
1.269864262737542715e+00
1.688958353133697132e+00
1.606954310851511636e+00
1.288072296679240170e+00
1.319424477911377735e+00
1.200398946519370291e+00
1.470313689108564859e+00
1.578146238143013580e+00
1.275017258383954299e+00
1.527419758359129798e+00
1.495083313908627032e+00
1.605766483821595703e+00
1.323435411434689790e+00
1.604247162031255058e+00
1.754776449344240818e+00
1.333667452618503058e+00
1.451472125922771417e+00
1.339323031981560330e+00
1.311836088340777584e+00
1.314684338043315970e+00
1.375420644929506997e+00
1.715260783736616945e+00
1.963521480209251768e+00
1.793140266872478739e+00
1.774518400836043064e+00
1.327206063551081616e+00
1.197674375059511576e+00
1.219282020330369143e+00
1.692833396764816589e+00
1.470854574841123252e+00
1.479305491663116534e+00
1.317077145414507378e+00
1.688438546360030657e+00
1.242181890281516488e+00
1.132773508065405776e+00
1.253477042810156705e+00
1.743840890588257198e+00
1.810332286097853460e+00
1.811802732502343138e+00
1.746122524743992432e+00
2.085890164966416105e+00
1.898179235010784227e+00
1.958030869391632622e+00
1.962893097770839423e+00
1.609486616337634235e+00
1.977890332119125461e+00
1.830552311073906813e+00
1.633200828514476788e+00
1.896234062902681261e+00
2.171587322662167363e+00
2.078862275325565889e+00
1.674282949178487856e+00
2.031957283631775635e+00
1.924650086748521005e+00
1.926599995532480625e+00
1.706536792303067873e+00
1.689089832764258947e+00
2.178331529798928301e+00
1.948082658153355240e+00
2.163478693229100802e+00
2.349234410592019096e+00
2.413531684146838163e+00
2.450594934896807242e+00
2.081978015580596253e+00
1.866397121024213179e+00
1.883034599589920921e+00
2.005323854391547922e+00
2.126504753101675416e+00
1.858350722034443736e+00
1.663100305457592798e+00
1.606728387337680530e+00
1.499316948678053762e+00
1.426321327766788771e+00
1.366683507723202462e+00
1.203341477105360324e+00
1.407073187591940000e+00
1.415422049413610495e+00
1.376040753080867596e+00
1.615586360102662544e+00
1.907197916396386805e+00
1.787174503270800630e+00
1.987883740031425095e+00
1.733397425887380328e+00
2.156042287814803782e+00
1.996239684171948525e+00
1.877046502225637514e+00
1.565536648707536838e+00
1.390265226081916383e+00
1.294467997474872512e+00
1.601562294437841594e+00
1.968475511239890174e+00
2.082075101317881316e+00
1.512576809309898573e+00
1.500850178744432384e+00
1.496625810287572023e+00
1.557819962249753276e+00
1.287179923237726120e+00
1.609774735785614030e+00
1.609140365139531070e+00
1.750927332312888218e+00
1.642210555107538106e+00
1.616655204369511711e+00
1.945899485633584947e+00
2.200149224863775732e+00
1.843465641366817565e+00
1.633657163354991226e+00
1.691863078826665090e+00
1.704118336247242738e+00
1.444263517240404138e+00
1.834679442074278688e+00
1.579060881076621126e+00
1.781969643881221366e+00
1.976245685577958655e+00
2.183847993965624568e+00
2.146864374139425991e+00
2.321061507288467052e+00
2.245946307419733667e+00
2.394321364109252226e+00
2.486622877196320136e+00
2.515003544371456456e+00
2.179095646235541750e+00
2.349225971966551363e+00
2.111672308952895705e+00
1.949807487025712049e+00
1.831375353453499777e+00
2.145876315012415159e+00
1.959566068468081346e+00
2.140586175906673105e+00
1.835959227414519113e+00
1.904807767910992489e+00
2.039325296054658399e+00
1.885367892948513147e+00
2.044555523923615947e+00
1.681678271876801523e+00
1.500586663710734125e+00
1.250847497367803207e+00
1.318423350777104375e+00
1.372825886379083871e+00
1.362056480532440883e+00
1.514332417440878098e+00
1.387610562457702201e+00
1.682012606115169007e+00
1.633297141232975314e+00
2.045986165373095300e+00
2.000381169759469557e+00
1.515855068275015372e+00
1.317842365715420350e+00
1.525566719829481332e+00
1.449361251183297838e+00
1.755763757748722398e+00
1.540893802429152970e+00
1.457154650203695168e+00
1.612554049000303413e+00
1.629665110437785946e+00
1.533593411474787338e+00
1.557169640573400793e+00
1.814013540833536497e+00
2.015564285734579908e+00
2.039217564920693171e+00
2.021435798323955702e+00
2.161528690520122531e+00
1.868119742434873665e+00
2.015223728157961691e+00
2.203793115581605289e+00
2.358871512623158750e+00
2.341683974144223246e+00
2.023905793976831013e+00
1.601109531675106057e+00
1.536631151648964355e+00
1.865774823625488743e+00
1.582829915521274167e+00
2.226387847376001705e+00
2.064732716856428230e+00
1.754447178826594289e+00
1.694218587286941080e+00
1.471439177627580586e+00
1.652036475264105464e+00
1.768723685302975968e+00
2.017794754105584953e+00
1.479520445722621869e+00
1.404944922999703749e+00
1.721110457979292185e+00
1.277943716818445097e+00
1.446708702895632470e+00
1.298720579690176180e+00
1.108533092761852856e+00
1.256525195335157941e+00
1.170934901807078932e+00
1.115528689276305441e+00
1.384629366325651922e+00
1.407058260774813441e+00
1.353902462749133839e+00
1.509134042191948799e+00
1.703609589882409736e+00
1.692615233943830066e+00
1.701787600548760215e+00
1.427259508783560449e+00
1.186560853238358026e+00
1.403665723802046017e+00
1.927863980359216356e+00
1.432752366389233867e+00
1.199407705761630138e+00
1.574192405930432415e+00
1.417329322108916489e+00
1.600257378179425816e+00
1.919363575019798818e+00
2.185669906797689688e+00
2.070610643716311650e+00
1.881690902327961767e+00
1.859985796849313644e+00
1.561832454077378030e+00
1.357714520254447388e+00
1.285408483668994073e+00
1.330724411636095006e+00
1.069158559778072837e+00
1.289894323783727703e+00
1.564947741967934292e+00
1.629641505586308270e+00
1.692754449603846245e+00
1.480999072810954553e+00
1.601438395524797276e+00
1.335849091973425606e+00
1.295835758869977816e+00
1.395052034607257463e+00
1.511842147057870456e+00
1.483550725990141927e+00
1.937296573752349094e+00
1.734043105147732522e+00
1.857156915250192331e+00
1.581511046491213435e+00
1.730649050369220010e+00
1.787611389698814834e+00
1.914132780250164423e+00
1.623878792550788264e+00
1.481841938427856498e+00
1.172571356172035006e+00
1.258796794099250604e+00
1.254029364056882923e+00
1.365916867996884498e+00
1.120185388955749373e+00
1.271637647953439698e+00
1.209984989015759460e+00
1.528812556985631232e+00
1.608996430247569442e+00
1.461342691714298647e+00
1.203508073684307123e+00
1.622350310869593804e+00
1.554487133607764804e+00
1.550474543430131469e+00
1.397342302728926011e+00
1.422094008618197014e+00
1.278429957989619004e+00
1.532903316768766899e+00
1.539632475608533113e+00
1.472451971649465507e+00
1.608283455235024029e+00
1.563397043230416505e+00
1.543650051696973335e+00
1.466560999155784417e+00
1.640897260743615638e+00
1.404571893185503129e+00
1.197935258980932227e+00
1.205181964474475009e+00
1.173440205884169307e+00
1.316803386829366040e+00
1.425787395145195591e+00
1.760121905482425753e+00
1.936113487945763767e+00
1.722547889295390711e+00
2.215675684004572155e+00
1.970754037664248060e+00
2.281600500595381220e+00
2.097026398702320105e+00
2.610946467619543743e+00
2.513351129247801907e+00
2.284639487847143435e+00
1.962359756564782121e+00
1.844707941057196710e+00
1.814955687588463595e+00
1.863900910259819188e+00
2.006928493524823942e+00
1.683649214835787777e+00
1.704743880532827660e+00
2.006823974384999598e+00
1.830364649685852774e+00
1.237052645540852591e+00
1.370263554780875470e+00
1.375232952334137115e+00
1.316760654986535828e+00
1.433778459988785503e+00
1.641369663300527471e+00
1.588062615493480267e+00
1.577420927286787400e+00
1.591442839459793257e+00
1.717189131961260218e+00
1.565319084557766249e+00
1.847316928759981103e+00
2.116340345395106404e+00
2.312763265702677096e+00
2.447922700721548495e+00
1.874663596473371108e+00
2.321016626928615434e+00
1.955241103419137705e+00
2.307733246588357101e+00
1.868083687872633902e+00
1.690087949994017791e+00
1.319917737432777516e+00
1.366649979472676302e+00
1.269475725824052326e+00
1.163341708463047075e+00
1.095009751273878340e+00
1.161963739903868253e+00
1.511360858078903080e+00
1.478377071720743174e+00
1.523108786635434031e+00
1.665510299801814087e+00
1.975670983904982636e+00
1.936490069446670681e+00
2.161890681247560675e+00
2.528629866990708130e+00
1.729894272150012569e+00
1.681371160043639179e+00
1.680908658987744220e+00
1.889356873958813132e+00
1.592652626247471392e+00
1.374879607977074203e+00
1.307781636642601830e+00
1.562628239600052815e+00
1.255804696876731352e+00
1.356285007412658894e+00
1.277364392529522830e+00
1.272819620176787403e+00
1.299618948672012664e+00
1.312327239386211986e+00
1.646767038067412203e+00
1.496740820417842954e+00
1.721538291123979381e+00
1.468510674421364959e+00
1.458674844180900987e+00
1.315960549065446461e+00
1.222869784114016367e+00
1.417633061916229398e+00
1.570301948706852135e+00
1.865377063709203753e+00
2.065039317934151963e+00
1.711401648572160816e+00
1.515932750274390450e+00
1.302187018772797078e+00
1.255740260665309194e+00
1.175125531114986632e+00
1.625904682648794397e+00
2.099288960731140463e+00
2.314764908350288142e+00
2.426327334250649947e+00
2.232579778242791857e+00
2.268197213941175683e+00
2.191677503360335955e+00
2.159591640147268787e+00
2.506745318519540522e+00
2.632329180653015577e+00
2.242063344069508801e+00
2.018740387108925560e+00
2.148096293735553441e+00
2.227909061389352630e+00
2.358927914673121684e+00
2.624691888258416483e+00
2.411311824915114421e+00
2.385470650837837159e+00
2.391419430999014661e+00
2.512362163883619104e+00
2.607608960522091124e+00
2.533809158561492580e+00
2.220659307205675503e+00
1.754819760363163672e+00
1.878672852165939267e+00
1.666099007465360771e+00
1.504296272120025257e+00
1.708605454015001746e+00
1.445395805363434150e+00
1.655097677748083917e+00
2.008884881457087879e+00
2.162721707275152561e+00
2.225088249170786181e+00
1.735799952320541850e+00
1.990356473148289673e+00
2.331766392663335186e+00
2.047344174889187851e+00
1.780496898787739646e+00
1.838106708612366802e+00
1.948331744069470961e+00
2.272434888613500625e+00
2.042982313215387702e+00
1.607965292811740277e+00
1.226580228126250560e+00
1.289606320614368196e+00
1.710953937436345829e+00
1.222016444932354950e+00
1.756678166467869673e+00
1.755646040851398970e+00
1.718875886675010012e+00
1.983527225574755137e+00
1.827078701504033509e+00
1.473526215177018983e+00
1.441922688863537028e+00
1.370129039798309023e+00
1.604823607936657570e+00
1.668589906794861522e+00
1.399917128960406432e+00
1.269614082448756065e+00
1.172228369918731694e+00
1.201474072608737176e+00
1.218691312535639115e+00
1.419582551520865099e+00
1.354898127442517808e+00
1.453841430872375717e+00
1.549748780636053480e+00
1.687114387811459171e+00
1.228341614195381126e+00
1.466807507077213524e+00
1.262358753229770647e+00
1.550890102516999880e+00
1.393341092046346930e+00
1.383241965693301267e+00
1.308311317163129317e+00
1.145220492966203096e+00
1.107766896225185205e+00
1.338441664235612061e+00
1.196103797053477136e+00
1.595808312573234744e+00
1.894906858105156022e+00
1.786667133308370126e+00
1.718561197155498821e+00
1.101175072826046764e+00
1.410941437546219035e+00
1.271840957281360929e+00
1.579095589385914211e+00
1.516224875841215569e+00
1.745352972770888300e+00
1.632884337874240366e+00
1.630131639479408312e+00
1.511653100361262103e+00
1.362623227276062110e+00
1.439109248239848204e+00
1.276609859489713727e+00
1.367548546293805956e+00
1.152144892849952029e+00
1.388858606124473427e+00
1.450388699379726587e+00
1.459315381802347211e+00
1.428692343227403683e+00
1.330517806919578438e+00
1.672001193707818745e+00
2.054454843370254302e+00
2.017870002734844626e+00
2.156582279356567877e+00
2.059675371650880216e+00
2.118880126903103456e+00
1.946236888371903895e+00
1.734850324771361585e+00
1.873980650279579052e+00
1.832202134715489539e+00
1.782249464359022317e+00
1.723860024031870886e+00
1.348698190829778598e+00
1.578133604366469100e+00
1.729688553334622458e+00
2.088354032113476588e+00
2.203012442090408918e+00
2.277269179928189224e+00
2.175860303278086771e+00
2.351932621850367777e+00
2.387710367327071204e+00
2.030421658341077684e+00
1.583218641514580804e+00
1.875517149173418607e+00
1.594738576776965511e+00
1.391611626643262989e+00
1.521242168919184845e+00
1.629713335127967344e+00
1.287517294587951833e+00
1.387211077088895683e+00
1.244824046375483828e+00
1.368732828574660942e+00
1.833800940502245069e+00
1.958927977493489792e+00
1.640009719434644131e+00
1.885911769697420581e+00
2.032295999580228774e+00
2.203087683703641719e+00
2.165593036690181439e+00
2.311445295296970848e+00
1.937272727085171731e+00
1.400365405402994590e+00
1.930763867565188807e+00
1.536962560129356614e+00
1.429184655622861566e+00
1.528120952231756258e+00
1.772899975450156651e+00
1.841245617934672119e+00
1.482033905362344584e+00
1.731218372658597238e+00
1.640186675448067621e+00
1.651865220957466462e+00
1.859375199643632515e+00
2.236191928040443866e+00
2.282840302314343095e+00
2.140290630716128017e+00
1.705022586256450090e+00
1.849146770486560065e+00
2.468482180164085715e+00
2.275713777359244627e+00
1.982335084659648805e+00
2.139226901931068348e+00
1.892651454013083212e+00
2.084158422689952772e+00
1.746369060588692124e+00
1.223002767873287100e+00
1.409321587022721145e+00
1.206161739728902837e+00
1.172327459964767948e+00
1.490277106042960931e+00
1.526451352415478580e+00
1.704892507150217229e+00
1.541274550318635583e+00
1.843585329010837714e+00
1.999529724323633406e+00
2.033738863231819849e+00
1.693753360443298384e+00
1.377154036455271013e+00
1.605455731603982805e+00
1.388663193463119505e+00
1.289978752791680172e+00
1.490997672035988764e+00
1.324721823468605786e+00
1.617793252122317726e+00
1.355122404416232662e+00
1.489213353255981920e+00
1.575435263702720023e+00
1.418613995586583076e+00
1.222093352274108646e+00
1.224559727959555033e+00
1.262657988350013749e+00
1.070535290574901266e+00
1.290356655508997141e+00
1.566193534322581016e+00
1.793097356371498696e+00
1.567607124637856231e+00
1.689096306792480462e+00
1.650216309698955275e+00
1.538799078288328293e+00
1.596255461565435851e+00
1.449399743884652869e+00
2.100831050193965321e+00
2.033511584933293648e+00
1.861749825718087337e+00
1.964470581446979613e+00
2.408034537434691202e+00
1.958500666080629449e+00
1.676249356997546514e+00
1.676534436517958859e+00
1.652800892198382998e+00
1.536943107396854025e+00
1.467855794009836679e+00
1.602196090772632253e+00
1.503639937914976521e+00
1.347951750265280246e+00
1.244746269541696870e+00
1.286530089922449882e+00
1.246332797395354408e+00
1.343517282170046734e+00
1.753770790244009836e+00
1.660636862721355911e+00
1.558407328572829265e+00
1.317856174931284041e+00
1.511640715804134283e+00
1.451804532274695969e+00
1.443985952358233904e+00
1.394101966361769307e+00
1.440498280647182661e+00
1.671489194165605596e+00
1.360499676751944387e+00
1.355638255480409171e+00
1.528112122976781562e+00
1.586508551801905753e+00
1.545922733991396347e+00
1.542743761826486315e+00
1.651012820936363035e+00
2.000217799971144572e+00
1.619547139171968242e+00
1.529693619097791890e+00
1.318929882293540246e+00
1.299872888285979800e+00
1.273720757287612138e+00
1.819748679434618710e+00
1.458647955362940118e+00
1.280791405721305232e+00
1.264537010583707044e+00
1.188455538989672711e+00
1.013657794545597124e+00
1.141846977823482767e+00
1.107356831167132905e+00
1.283677704055252056e+00
1.155938533397462775e+00
1.519062137933364198e+00
1.339756473426021444e+00
1.458105665365497350e+00
1.388405064895249508e+00
1.328578981792935210e+00
1.294962447703678743e+00
1.892528864843763259e+00
1.669125910357697640e+00
1.818963883680468463e+00
1.616177216401027739e+00
1.388607282508282914e+00
1.667717355588040462e+00
1.677614602922409048e+00
1.949698884808218402e+00
1.734327123218482036e+00
1.653265140615281625e+00
1.577129366008498845e+00
1.577874197638998499e+00
1.776832501291318422e+00
1.871623378194987142e+00
1.789265080493892768e+00
1.627880012036266866e+00
1.740488076106649018e+00
1.593397570481888348e+00
1.672849010298485428e+00
1.879517820474118084e+00
1.803000147981413948e+00
1.702051979723496533e+00
1.739353738763381507e+00
1.613667592933453410e+00
1.956582926918561505e+00
1.984129056179564365e+00
2.067928922496986566e+00
1.928432585384666886e+00
2.338064743299578030e+00
2.479422668857908185e+00
2.407596218327150872e+00
2.212477445072756677e+00
2.410558875708982640e+00
2.192017076764518624e+00
2.031173314062680202e+00
2.029346023509580377e+00
1.920020852505895492e+00
1.770363668182324268e+00
1.706409632037888535e+00
1.767809422942784314e+00
2.037592820523706383e+00
2.170514469267843527e+00
2.123467637274478292e+00
1.859942194534338178e+00
2.438719295355814332e+00
2.450540256561303920e+00
2.165682821901900201e+00
1.777274608488567331e+00
2.129264946638421030e+00
2.130074204825656459e+00
1.654329694476112111e+00
1.648256294815817036e+00
1.919658254916202011e+00
1.459054886083976710e+00
1.461313137865139389e+00
1.514182963372743940e+00
1.631100968520232897e+00
1.934957876178613922e+00
1.629634620101555242e+00
1.639863481830523995e+00
2.163922944761389910e+00
2.321539142725640215e+00
2.265859470096148964e+00
2.082919140858539020e+00
1.585508722796017178e+00
1.674534855950712275e+00
1.965591035705803735e+00
2.366148226598410176e+00
1.937379608012334664e+00
1.418999272039091597e+00
1.794134174182907771e+00
1.986207524596445229e+00
2.029344501647280197e+00
1.927437039440058175e+00
2.127004811037421117e+00
1.806985820094922701e+00
1.737273461519643680e+00
1.523911588558216845e+00
1.896009529760214862e+00
1.575358651749972250e+00
1.745597498535374159e+00
1.684738490907740971e+00
1.708176012286789502e+00
2.383272599002721925e+00
2.206910360415168082e+00
2.180522253562034329e+00
2.393073637117651309e+00
2.293159185428927938e+00
2.024833637366210137e+00
2.173169214905582347e+00
2.164673811880202248e+00
2.419436829882920303e+00
2.097679568933430883e+00
1.584175693093488491e+00
1.475721862168749121e+00
1.469231067028249571e+00
1.407378466805960127e+00
1.464871949755377933e+00
1.502508899737894144e+00
1.431450174326748037e+00
1.092394313643825665e+00
1.274649156719760867e+00
1.503527927209235449e+00
1.630717726005936230e+00
1.287817336046974015e+00
1.283273040933257558e+00
1.397396904082093272e+00
1.373623079470278396e+00
1.521865268375766744e+00
1.294783560263169875e+00
1.527971798775143553e+00
1.407881680417843562e+00
1.701832436801920423e+00
1.706055217724786521e+00
1.529649782366229394e+00
1.198527773697184662e+00
1.352437681035614903e+00
1.664113866776319783e+00
1.177130372128573965e+00
1.287861476587957466e+00
1.120620713506685684e+00
1.274227794847925255e+00
1.592947094909839656e+00
1.818464382613547148e+00
2.100541595585572630e+00
2.222139841426587825e+00
2.365126755048604590e+00
2.191984018104217835e+00
2.024907373418114442e+00
2.177671909656329507e+00
1.732305266094598117e+00
1.513377538597867167e+00
1.430920345710412045e+00
1.537034512690957477e+00
1.808339509228605424e+00
1.871210470853181596e+00
1.680874067490992108e+00
1.850941665562471306e+00
1.886347360679685670e+00
2.272467757104045472e+00
2.508906023063593338e+00
1.795032022916208447e+00
1.564638018144455467e+00
1.740863932386703006e+00
1.827371352557572770e+00
1.621834305049407066e+00
1.761056410365898106e+00
2.203793644450726230e+00
1.900829484083630394e+00
1.644357056730988864e+00
1.455783575871648194e+00
1.657244119258820536e+00
1.595162736130535830e+00
1.439107734536444694e+00
1.499766211949715933e+00
1.709984898952464638e+00
1.764053760493496714e+00
2.283891006402809509e+00
1.734601590563995321e+00
1.669871227893575671e+00
1.978761106470059872e+00
1.437625572695695242e+00
1.635946714676929092e+00
1.645207929490447363e+00
1.568356441323535355e+00
1.704686598725922098e+00
1.663440582014223956e+00
1.834634797516327964e+00
2.042317945529798617e+00
1.950112790780727412e+00
2.221171680991186559e+00
2.141975627111104341e+00
2.170085457478200475e+00
2.653850716719246883e+00
2.452856794467622947e+00
1.853555501107297721e+00
1.606748013917873585e+00
1.940503357128496864e+00
2.286314114095098660e+00
2.186432776568570269e+00
2.248944219745430129e+00
2.141571401816929399e+00
1.733464109491277272e+00
1.711546211939127149e+00
1.754498460678655114e+00
1.685758287026699165e+00
1.371971567925384328e+00
1.359111020329337061e+00
1.520234578841809903e+00
1.953202071023474318e+00
1.970426046589501601e+00
2.130710690027936671e+00
1.554750502983320626e+00
1.414907614487912912e+00
1.537077592671415083e+00
1.377156546542429139e+00
1.390462396095456965e+00
1.567547373642214303e+00
1.719520880294458154e+00
1.429360836010251878e+00
1.288712148308985395e+00
1.250877378437417642e+00
1.307032968205743106e+00
1.552947455268313570e+00
1.499024247428088152e+00
1.348228878780739715e+00
1.696641982873394516e+00
1.591785492642235234e+00
1.817086433220500341e+00
2.104493034588849731e+00
2.286481202065249185e+00
2.353802954732067132e+00
1.805562941337701233e+00
2.195125035036949779e+00
2.261913376862986436e+00
2.150105371571536583e+00
2.014822365415893213e+00
2.148669838596847459e+00
2.034800089177247973e+00
1.897202503470022394e+00
1.728829243806933480e+00
1.327635038758957720e+00
1.311122524166919545e+00
1.640888127034275890e+00
1.660240065831106726e+00
1.307348147815099226e+00
1.726218186070295646e+00
2.105237051490491673e+00
1.925450594485478284e+00
1.849901309357765200e+00
1.698755410643242092e+00
1.364350280879023547e+00
1.472107252427707902e+00
1.379644399726827508e+00
1.777365587141966463e+00
2.378633201465041758e+00
1.957446676625848259e+00
1.838795699886721202e+00
1.713077916383269228e+00
1.317473663595952083e+00
1.080566244571910639e+00
1.336162877246609204e+00
1.771921870623791806e+00
1.240190174798961209e+00
1.424156301222106791e+00
1.271592310505277545e+00
1.199742623977048117e+00
1.559671342936182814e+00
1.756870373778224081e+00
1.553637923051025105e+00
1.397717499690336096e+00
1.264253211915891129e+00
1.469668925200394272e+00
2.051795014573362330e+00
2.344208033153202475e+00
2.416950968831201418e+00
2.109125793667414595e+00
1.874314227902782015e+00
1.721229733033220244e+00
1.769635602397589880e+00
1.463485968027926853e+00
1.530538945435129472e+00
1.547177919868267360e+00
1.717798398915516334e+00
1.528333363246002330e+00
1.454220700695411317e+00
1.445317022579753585e+00
1.784759161647243353e+00
1.474066042431112944e+00
1.373502012518809323e+00
1.415803279739678233e+00
1.404411072338370037e+00
1.183368432069569209e+00
1.351923161681721774e+00
1.723886082954039001e+00
1.299480548674118996e+00
1.297541943050269930e+00
1.466098919690230096e+00
1.660283048154617802e+00
1.745340355174013425e+00
1.386901513217524418e+00
1.601453051242991199e+00
2.126737948101416809e+00
1.751291773409444197e+00
1.347718371386618097e+00
1.552843593239609854e+00
1.597212924684926039e+00
1.535315549595080764e+00
1.977470563612892862e+00
1.981247929797964380e+00
2.150706442758332670e+00
2.072221034627519831e+00
2.257413005319745647e+00
2.479281170449137317e+00
2.040379779625582923e+00
2.105417501013314485e+00
1.776064223167497902e+00
1.741207993859052339e+00
1.487568358194654161e+00
1.435398934323043774e+00
1.423811493752175084e+00
1.498960065019339982e+00
1.461371710982068084e+00
1.661307346994022716e+00
1.885651555291304682e+00
1.676146295269433484e+00
1.450265057200428531e+00
1.309235442306235564e+00
1.210551479253243912e+00
1.478036652598052170e+00
1.748192534551902488e+00
1.732917066765578218e+00
1.839020405531001545e+00
1.450789055074590772e+00
1.503500805093126225e+00
1.472338909340397350e+00
1.399558435198747341e+00
1.683292746773059623e+00
1.685878423045922503e+00
1.612845974950915862e+00
1.258415651911736877e+00
1.783000144865236836e+00
1.567323887606173471e+00
1.395046331307445042e+00
1.418550435443647340e+00
1.640848068681362681e+00
1.659084353262300970e+00
1.458949034065014416e+00
1.230769464469996688e+00
1.313231389778477531e+00
1.731807831987793866e+00
1.854504591724216667e+00
2.149387951117770257e+00
1.888068779054650426e+00
1.805720974410249147e+00
1.612549100831508042e+00
1.681781322014637814e+00
1.492497550165252651e+00
1.838966110901892881e+00
1.455122978087726615e+00
1.688323364677889460e+00
1.649278534832983700e+00
1.494784306038736021e+00
1.330264958596201197e+00
1.677617142627084057e+00
1.716922814399781672e+00
1.963046697756215098e+00
2.045328589622266602e+00
2.295817318050561440e+00
2.118731473706500612e+00
2.258497128169659085e+00
2.294613924634764768e+00
2.105744282791073285e+00
2.118619536728867381e+00
1.625741740791091461e+00
1.780987766601142885e+00
1.627442688973925744e+00
1.886169441845828576e+00
1.962747420619348704e+00
1.998061852572705632e+00
2.097062589134317090e+00
1.966512963912397938e+00
2.381953121281939811e+00
1.616466809174554431e+00
1.508593785115799335e+00
1.448146967153582043e+00
1.325951153102016278e+00
1.463753665165612894e+00
1.722448110383314690e+00
1.193445847598957554e+00
1.504632084479870402e+00
1.713141811476337040e+00
1.310152536657152922e+00
1.868223949369938630e+00
1.764731984913918028e+00
1.874199535563508823e+00
2.538399919702867269e+00
2.370338142769619072e+00
1.917562034459631137e+00
2.255531117717724410e+00
2.228749254122047940e+00
1.927041941298766936e+00
2.136595758668226264e+00
1.463218117220110637e+00
1.510348903937984044e+00
1.928473647567917615e+00
2.181145742098806739e+00
2.194733732388643777e+00
2.105290620417864300e+00
1.680286406076896277e+00
1.747667327843206664e+00
1.605076433811427394e+00
1.508570447170542117e+00
1.188750902970981738e+00
1.606145544304999895e+00
1.404851542152528943e+00
1.445164787296557174e+00
1.545686238365207466e+00
1.452863255855489921e+00
1.323190031695499647e+00
1.253244686872768909e+00
1.087469636049049226e+00
1.333463791366192419e+00
1.417625661226373568e+00
1.577548798484836645e+00
1.584484599971096808e+00
1.501289128566599018e+00
2.004660500723654870e+00
1.730233212731916659e+00
2.188470198877551454e+00
2.007031866957074584e+00
2.145980427124426715e+00
2.239666164665139458e+00
2.125641048035126879e+00
1.669138465652141967e+00
1.429750547151267259e+00
9.158871509102690656e-01
1.385811355268647072e+00
1.233290516000617787e+00
1.422102528605000638e+00
1.204320891322590015e+00
1.241612669255610646e+00
1.190688845293536913e+00
1.089644647955631873e+00
1.069057418054208064e+00
1.215331345986831124e+00
1.689900183293413960e+00
1.342870664789534096e+00
1.549321656571225558e+00
1.522254538211729624e+00
1.593739644178253423e+00
1.321543963625179785e+00
1.358731771714591252e+00
1.455323022193705462e+00
1.163775368191657833e+00
1.136787554722222815e+00
1.168875916358985689e+00
1.218168595765551254e+00
1.256326254518214336e+00
1.166834979673780248e+00
1.103278295327538849e+00
1.300571074850389364e+00
1.547522648831822334e+00
1.797915682538543614e+00
1.622760500725920485e+00
1.512672334910090566e+00
1.407047469390606986e+00
1.123556955404224622e+00
1.202506402370184135e+00
1.280620333138565936e+00
1.536064344950827554e+00
1.640524806509695344e+00
1.624561967380058647e+00
1.785681717015886294e+00
1.978852358399591838e+00
2.129644556069492101e+00
1.415483266244043969e+00
1.562507897841234117e+00
1.634510068549602124e+00
1.602077650345523852e+00
1.590011073738794467e+00
1.455627752337723901e+00
1.476192248947232333e+00
1.413086359693595639e+00
1.644420320421785764e+00
1.762736551260677409e+00
1.953559074096815174e+00
1.986927444220373040e+00
1.541115924547342697e+00
1.629815750315541711e+00
2.077572181359600201e+00
1.847521076367623527e+00
1.537995777028889233e+00
1.725154437457258938e+00
1.715057368609203214e+00
1.730182315364126922e+00
1.673572084632230172e+00
1.481996771011813818e+00
1.528843337310327621e+00
1.823187201025116666e+00
2.228017349964328098e+00
1.990623473684807410e+00
1.711614036834181451e+00
1.551404967392787215e+00
1.508311442159013582e+00
1.431132469661397844e+00
1.132727690491474926e+00
1.616067618280000451e+00
1.269251662468927400e+00
1.145760642874483537e+00
1.217220029449904484e+00
1.775715236323475610e+00
1.893249900137365493e+00
1.928994496898652544e+00
1.832290646524576516e+00
1.819377356930628409e+00
1.941063399675897250e+00
2.552747556181460986e+00
2.441936070758077282e+00
1.980417643743479950e+00
1.969815445928501108e+00
2.001922025357138590e+00
1.624237252819766830e+00
1.495722839481932631e+00
1.391083922376434190e+00
1.254343730535551815e+00
1.399163948292494242e+00
1.228123353341346036e+00
1.258010475957485497e+00
1.290510408258461306e+00
1.392585309500564916e+00
1.377925741578721608e+00
1.397815417161725637e+00
1.291225278554232192e+00
1.342990317725650806e+00
1.762119064159881177e+00
1.789488026914406893e+00
1.623305069865236483e+00
1.709247888319921360e+00
1.386227470414900242e+00
1.230762415927229680e+00
1.383472821877939962e+00
1.288912570952984726e+00
1.292816268165297267e+00
1.318656012307589442e+00
1.498475445927216487e+00
1.265961926819653138e+00
1.812988553240279188e+00
1.828140996116884187e+00
1.711984101568295280e+00
1.751890180200790459e+00
1.903023148495327721e+00
1.686329232941659484e+00
1.738123356335850023e+00
1.822302778934397072e+00
2.170477471507953116e+00
2.266523932399422847e+00
1.869879695603070990e+00
1.944556045195616534e+00
2.144751759190435259e+00
2.082912391580062028e+00
2.023831380140604708e+00
1.969398227239645527e+00
2.315154783222613144e+00
1.970913070789694022e+00
1.632466144526510510e+00
1.303166960127567497e+00
1.930451288553977740e+00
2.081505908542153449e+00
1.711438718946769688e+00
1.651591291710591936e+00
1.519179506425333726e+00
1.593335642986108747e+00
1.484813546406750007e+00
1.893718353905492924e+00
1.909827402340704694e+00
1.762159595796713774e+00
1.709654211971445736e+00
1.617299598616768863e+00
1.244049326911568221e+00
1.076663107133022157e+00
1.102649577912658829e+00
1.523354247896697711e+00
1.799311127867014637e+00
2.038875891124292128e+00
2.288678450505622131e+00
2.228902051739400925e+00
2.219104058962775294e+00
1.786506537054503241e+00
1.510277331524780609e+00
1.715642281906634814e+00
1.782166460493162408e+00
1.294944869536749144e+00
1.250936804492430943e+00
1.362674990813490972e+00
1.532405383934849485e+00
1.414475133122804484e+00
1.590404534055934960e+00
1.797361973723417883e+00
1.930695334177577216e+00
2.071249641034484501e+00
2.299103013544378182e+00
1.643299109947219172e+00
1.731224812607999652e+00
1.202557272574493297e+00
1.314792560306305980e+00
1.048733649447026961e+00
9.842668300757003719e-01
1.325579383669190703e+00
1.340766252965111871e+00
1.566717537814071859e+00
1.434401024675373559e+00
1.265384760330166225e+00
1.216755672447924264e+00
1.441208529527253202e+00
1.638457198185291119e+00
1.948148740470654339e+00
1.542107917022615071e+00
1.222189336698838780e+00
1.110698689691656860e+00
1.265468452372005004e+00
1.409289669307781878e+00
1.226739963748062268e+00
1.429719518505979892e+00
1.666696860174141648e+00
1.363447816937735535e+00
1.281996051082870292e+00
1.252771432245566530e+00
1.455011075220363548e+00
1.719670569087827339e+00
1.531372694261047052e+00
1.405416880681905623e+00
1.349442830123231740e+00
1.368109942174820848e+00
1.676285158617158988e+00
1.440637468385050246e+00
1.706852377926610931e+00
2.156492153190670003e+00
1.725904719429870005e+00
1.356879181445440175e+00
1.513860973266412335e+00
1.834080424651610475e+00
1.820735596606169571e+00
1.602582445157694657e+00
1.534546172685395726e+00
1.920251167071904463e+00
1.797574789479474688e+00
2.056874114083090621e+00
1.759446078471081698e+00
2.182916648852990527e+00
2.284621049210247445e+00
1.992811098004986015e+00
2.140085285292627315e+00
1.734371308382463006e+00
1.553908830989625400e+00
1.494713119044727589e+00
1.233683818272508059e+00
1.139112042239197597e+00
1.272939385018750258e+00
1.172066277334258499e+00
1.306714451670749844e+00
1.592148332366781105e+00
1.369712085987738748e+00
1.346358044763647843e+00
1.364106732578715508e+00
1.329103571584406618e+00
1.215218934810046836e+00
1.445523245200806439e+00
1.312956198843634015e+00
1.318925772625697102e+00
1.451682060776802174e+00
1.444257682003491805e+00
1.759914642797141049e+00
1.891084039818509588e+00
1.586364871123375764e+00
1.212313245547797180e+00
1.258787015862418812e+00
1.475822565618012838e+00
1.775351496215195501e+00
1.815368993098306793e+00
1.618120320658896105e+00
1.517022181965215655e+00
1.664191373549111619e+00
1.838897350809650666e+00
1.844621939979756764e+00
1.889162186656644593e+00
1.784357464601742382e+00
1.879725954173238067e+00
1.433548486442771441e+00
1.312433319702386303e+00
1.419927164635222505e+00
1.349339827361477617e+00
1.182260076981986652e+00
1.259179856626940541e+00
1.184462497833474570e+00
1.184418728945091370e+00
1.596285626818263248e+00
1.569894163579256485e+00
1.826391333899982428e+00
1.457357876597468849e+00
1.890797567209329344e+00
1.705241598615300891e+00
1.831665478997098750e+00
1.362974731532759609e+00
1.154631709858477073e+00
1.265143298822212881e+00
1.500444876980532527e+00
1.358764886831639984e+00
1.360709882876397492e+00
1.523975245835747172e+00
1.290201428207067291e+00
1.265657517306463475e+00
1.710173185312431787e+00
1.565716477309758048e+00
1.655811030215455393e+00
1.999808944577621261e+00
1.526651227810686517e+00
1.839767225021814667e+00
2.134505610628205652e+00
2.157259095070288790e+00
1.912275714732945220e+00
1.763360898579634295e+00
1.900227972647055230e+00
1.844202831214295957e+00
1.919856930214724144e+00
1.866372550716525414e+00
2.142179202679493688e+00
2.577267101094025126e+00
2.227364004974376588e+00
1.785530876837778891e+00
1.793123331170853207e+00
1.747309781342263335e+00
1.705919143132370586e+00
2.054392705939788843e+00
2.140353298525889070e+00
2.358794304169592237e+00
2.334728932245430322e+00
1.968966064599417809e+00
2.182754048338692687e+00
1.863751609144131072e+00
1.857550850767525574e+00
1.544737285838175822e+00
1.328246699162008770e+00
1.454004095248246475e+00
1.406118371586964955e+00
1.630350964349202236e+00
1.607370432833512330e+00
1.531991086638492483e+00
1.480705332121331264e+00
1.545026879612251491e+00
1.561479178750689645e+00
1.387864415648401240e+00
1.248704109067194423e+00
1.226042189346634448e+00
1.273810504907947116e+00
1.417587509942428659e+00
1.484789555183933851e+00
1.787345100988337210e+00
1.626824755808019551e+00
1.835022173469851525e+00
1.307473475008631869e+00
1.075630204162908665e+00
1.399330383552365165e+00
1.451119610792136916e+00
1.608825157362595126e+00
1.447218740679683258e+00
1.289394535430318456e+00
1.367887437822924435e+00
1.453941107542342959e+00
1.445436738499599194e+00
1.482821757786799921e+00
1.450611946072220659e+00
1.453933699663005008e+00
1.544428042685045410e+00
1.740591922961463922e+00
1.837552840819871580e+00
1.605642620611114957e+00
1.858061999030677036e+00
1.944050158510584048e+00
1.279709821692386562e+00
1.407526133826891179e+00
1.406311488539987664e+00
1.313723654500694948e+00
1.595579066567760051e+00
1.485322959246639485e+00
1.003616391530985918e+00
1.163831542915758410e+00
1.461949401350046251e+00
1.493902107670110668e+00
1.364381685268303945e+00
1.400616438557174881e+00
1.562423002169552655e+00
1.492490076598864901e+00
1.484313792136695564e+00
1.273329688562007789e+00
1.441505254292991367e+00
1.671688479135133854e+00
1.741788532391262523e+00
1.598081829798325693e+00
1.547015188156734444e+00
1.669981359247953767e+00
2.001407314586090891e+00
1.927563442551143869e+00
1.991523165715497035e+00
1.502825802630378682e+00
1.713286915551983647e+00
1.607271662294034176e+00
1.249326949377105311e+00
1.277461745880532185e+00
1.167019442412169594e+00
1.224379741526579579e+00
1.409091205776768385e+00
1.114205385673429083e+00
1.128147205990352564e+00
1.514479330341311325e+00
1.484495933609028429e+00
1.275155077518002944e+00
1.078255691945751771e+00
1.140208319944963966e+00
1.008352298872920105e+00
1.242177759213006549e+00
1.158581752563783596e+00
1.095554088802570991e+00
1.193611074724647336e+00
1.154517223710222806e+00
1.453914193094239415e+00
1.769588225193419850e+00
1.381259323317156174e+00
1.451084378006527009e+00
1.138609132103920452e+00
1.480054611129908437e+00
1.520528972504804566e+00
1.361384160076810179e+00
1.336487514133915866e+00
1.485565757660397779e+00
1.510973610451024962e+00
1.620765181475887218e+00
1.325512148665545453e+00
1.271968242049660525e+00
1.129505797443101534e+00
1.017580682402533521e+00
1.107326948327644223e+00
1.322376270768626627e+00
1.295137648912285666e+00
1.367369511142769944e+00
1.394925407715797760e+00
1.551810941166207769e+00
1.370885793072146974e+00
1.308791954086910403e+00
1.230052167895658854e+00
1.336075300108015007e+00
1.437343241435893093e+00
1.354098091683670235e+00
1.462383425250409985e+00
1.104544449985220167e+00
1.110446068277347820e+00
1.193170656191628431e+00
1.500522345887104203e+00
1.311395403814140881e+00
1.844180783479351993e+00
1.554696844037099179e+00
1.511642658854758903e+00
1.551212226150557649e+00
1.806102922229876562e+00
1.913216298462495191e+00
1.769171537028901398e+00
1.747483692060018745e+00
1.788205247077779170e+00
1.444577057839537604e+00
1.329712029235933235e+00
1.713270334952690988e+00
1.530755473811637568e+00
1.345807794512958289e+00
1.289899758818567665e+00
1.610536999566048566e+00
2.190894075308178923e+00
1.882130260250317377e+00
1.454535651761618364e+00
1.500783311178453872e+00
1.311477554209229845e+00
1.428776436543491180e+00
1.369158993331018648e+00
1.350614925513396125e+00
1.414161217000903248e+00
1.462187140511284955e+00
1.577448001308060510e+00
1.842747971185387135e+00
2.371526256699954427e+00
1.841913526889836561e+00
1.270302645562259025e+00
1.622255515003595550e+00
1.446048241841451754e+00
1.552126982797655375e+00
1.594920373415629644e+00
1.777386229606292112e+00
1.747512994754181648e+00
1.747980060960811377e+00
1.542046169900494146e+00
1.354720417625968842e+00
1.419976434394840448e+00
1.832013809995835629e+00
1.738620074659076087e+00
1.701066511449265795e+00
1.645794141056127646e+00
1.781654367608165535e+00
1.673566679551936165e+00
1.521545158231130124e+00
1.306317884362294235e+00
1.626184675153663939e+00
1.760210598318036279e+00
1.821663111610145824e+00
1.683688743172510716e+00
1.788201224265305811e+00
1.479666139512955780e+00
1.652314179188491439e+00
1.542162797715950884e+00
1.619693632469348943e+00
1.448862021550204160e+00
1.473213359280162837e+00
1.671154748632805109e+00
1.720923124251071190e+00
1.606967586830715833e+00
1.517708979156237925e+00
1.438913185820587026e+00
1.402664859339745496e+00
1.394368333579493857e+00
1.385673019692919894e+00
2.068894430539043761e+00
1.743004635650665435e+00
1.805532653227630124e+00
1.668982218229402292e+00
1.908186787090537795e+00
1.893821975703819493e+00
1.726966991047601985e+00
1.373317729108533669e+00
1.510422015364239812e+00
1.684483466522168404e+00
1.889919241405593642e+00
1.612394012472790239e+00
1.556116841000549478e+00
1.574949952707166201e+00
1.427178601118940016e+00
1.642533234122859342e+00
1.515913972732510828e+00
1.236431392631069492e+00
1.424442205033696451e+00
1.402168238211151330e+00
1.113690965443921321e+00
1.254140977660504364e+00
1.100379653345169295e+00
1.384280608654557154e+00
1.579594977694160240e+00
1.610367617931082407e+00
1.678201117957949906e+00
2.003638719200239837e+00
2.027975382007053184e+00
1.633606327502442390e+00
1.671113997920610217e+00
1.846174946722705101e+00
1.810569239542238806e+00
1.703825415237625762e+00
1.770973772426543746e+00
1.814647669065367230e+00
1.865492588516855621e+00
1.725444853012936042e+00
1.703776596159248813e+00
1.758223393504271703e+00
1.486511047778017236e+00
1.590846934514918765e+00
1.851019250054753984e+00
2.216813830076927339e+00
2.145259563761273025e+00
1.858606924199880828e+00
1.648853993134170359e+00
2.091530414508224300e+00
2.095633745135746295e+00
2.550407225239421649e+00
2.337291453157617216e+00
1.891988907427262889e+00
1.791525052295534381e+00
1.798375596748368110e+00
2.091699186972611368e+00
1.563114229707943892e+00
1.493092829627139295e+00
1.333534190457937196e+00
1.932842259056532841e+00
1.489830372574552531e+00
1.484564443361921171e+00
1.295007411318414903e+00
1.546167006442115577e+00
1.553672562904154564e+00
1.663883803551074791e+00
1.575733817072520582e+00
1.631030524127274450e+00
2.033486586848828548e+00
1.747875050784345241e+00
1.917250307896317230e+00
1.952298586550543114e+00
2.162260385870900858e+00
2.206675956368810532e+00
2.174693506691345313e+00
1.891399089511912379e+00
2.032898704451521876e+00
1.720732660870468056e+00
1.550121536729512917e+00
1.518768659908237062e+00
1.137038502549033714e+00
1.246383998463276077e+00
1.262556630367522192e+00
1.205529113996207879e+00
1.608509634897269613e+00
1.634160712599032950e+00
1.948144276635001226e+00
1.845740424180212891e+00
2.145225612704099394e+00
2.064211138753582642e+00
1.683981805296641099e+00
1.535146872614118196e+00
1.674717808085422366e+00
1.704181830524680752e+00
2.076427886448793281e+00
1.806672404256590259e+00
1.778602131998030078e+00
1.583106738511099287e+00
1.085940287718484276e+00
1.567719728305247751e+00
1.957313289847887550e+00
2.265740126775257490e+00
2.248231735148307653e+00
2.329299250632640650e+00
2.237395940642725733e+00
2.025770258221465614e+00
2.040960750597367035e+00
1.750813306557687632e+00
1.606350522152509175e+00
1.427055422516515293e+00
1.178511909423490156e+00
1.330454121489676567e+00
1.020961388819158877e+00
1.340897501584641160e+00
1.392749424585406182e+00
1.435453399174661859e+00
1.617554996163227177e+00
1.470376517993971399e+00
1.612353703069351329e+00
1.610436941069619765e+00
1.778440434128694125e+00
1.580795742647875812e+00
1.318167877681553080e+00
1.248048567818324850e+00
1.302962572724064350e+00
1.407020793961815119e+00
1.577153473501969216e+00
1.389493932406606014e+00
1.149053598962338274e+00
1.191359538974475107e+00
1.495366843389746236e+00
1.840824926888684265e+00
1.612953342030122972e+00
1.690274577515789467e+00
1.815675555018894105e+00
1.350187629388582167e+00
1.409734810022711615e+00
1.478595386181915439e+00
1.340704207253735403e+00
1.422442360941132300e+00
1.691238273126538516e+00
1.485989567286676749e+00
1.377066283512740963e+00
1.200153596249371457e+00
1.452215408297091948e+00
1.689803967725911793e+00
1.790682960115388189e+00
1.738573133539436988e+00
1.649745299357519457e+00
1.980460201417888477e+00
1.904748388226517708e+00
1.904117191055748837e+00
2.169782217093910059e+00
2.262597708851898926e+00
2.107509803536067761e+00
2.166711434507865963e+00
2.137154255679288628e+00
2.079842739119574624e+00
1.784016563033681724e+00
1.815076071865079133e+00
1.726705294244367472e+00
1.788948774317103529e+00
1.680375486939673202e+00
1.527209233190351512e+00
2.042087566267611898e+00
1.447300217225191421e+00
1.381795387709968237e+00
1.326907772766400262e+00
1.405312660273663417e+00
1.223405997300935910e+00
1.383522860555856493e+00
1.638492578835226032e+00
1.707499220201329493e+00
1.141675111553097421e+00
1.323464771781058369e+00
1.570692509693280225e+00
1.433409391703997393e+00
1.460141583512462704e+00
1.269665149715280661e+00
1.225186963288413811e+00
1.250093914174640330e+00
1.364393803960243901e+00
1.408532747219505277e+00
1.472659090084304845e+00
1.653828463693687967e+00
1.343376991850869562e+00
1.456183206102929617e+00
1.524189430291467140e+00
1.502543194026862095e+00
1.477581509458089748e+00
1.653425842129704115e+00
1.485297335950421349e+00
1.659696955874585989e+00
1.436796489128231880e+00
1.639982591742392248e+00
1.579950168036285740e+00
1.269367368784309891e+00
1.792616892870134482e+00
1.716074785880176368e+00
1.667066186661265270e+00
1.677363998029264058e+00
1.875934217930554260e+00
2.088086537217763716e+00
2.404881954195589699e+00
2.620677778182766815e+00
1.949794850423675729e+00
1.943768656963064778e+00
2.112129786350358085e+00
1.880402344679574345e+00
2.126219711704707471e+00
2.112564450044110309e+00
2.369111265872336336e+00
1.794185271342314314e+00
2.177526719969090419e+00
2.208263620867532584e+00
1.902150618754195222e+00
1.944146592176619670e+00
1.465031119227836909e+00
1.440505838730774535e+00
1.508170943256239793e+00
1.418728891659990499e+00
1.767647230910791123e+00
1.656331564817648427e+00
1.839139324435956402e+00
1.790643448478997701e+00
2.176166035969682166e+00
2.254374542114978119e+00
2.007538785854229513e+00
2.118693081553847168e+00
1.798211713332632300e+00
1.624058861935583797e+00
1.495972217916821112e+00
1.740429411184742925e+00
1.494482611286274576e+00
1.865614899557571649e+00
1.967749156823317636e+00
1.815409994176810704e+00
1.759915728281062464e+00
1.909262609096578522e+00
2.015778012183398360e+00
1.818610958109847076e+00
1.726181057970049615e+00
1.474278981269350197e+00
1.443612232723366251e+00
1.598552638063223785e+00
1.372317611620530897e+00
1.755000924152182229e+00
2.201040536665648251e+00
2.337388385837415150e+00
2.516393771591868944e+00
2.268450971363134450e+00
1.836514263348945963e+00
1.647505166996823478e+00
1.568239531077897819e+00
1.343837599397046612e+00
1.605670527405487213e+00
1.821667619271500449e+00
1.820873480982037496e+00
1.900374397748067157e+00
1.679399512437113051e+00
1.943261190436582186e+00
1.669590030223063737e+00
1.177583403389043992e+00
1.402803285979024261e+00
1.586827762863824764e+00
1.255043694528141351e+00
1.741600849874737511e+00
1.806262443331445589e+00
1.469365177304264636e+00
1.224484542645263296e+00
1.217027954998751049e+00
1.098739538742859567e+00
1.965785841484779084e+00
2.413218295634628419e+00
2.031481661197809263e+00
1.538102317097762572e+00
1.909336468375999019e+00
1.529631066487807223e+00
1.623214880756317813e+00
1.539762463834961626e+00
1.851343519605000099e+00
1.610556606101569477e+00
1.548191893820809018e+00
1.909089014183772637e+00
1.539620079515315654e+00
1.832798203183140462e+00
2.039666940906544657e+00
2.132498872375390597e+00
1.907990630444569291e+00
1.588008398002804800e+00
2.061611713934442758e+00
1.870800790696033999e+00
1.932267757953819887e+00
1.590148246176356750e+00
1.861536563678393819e+00
1.313522846720063253e+00
1.250741692201588151e+00
1.267607769737096657e+00
1.479018654793661902e+00
1.589216211049653049e+00
1.245698166105892790e+00
1.288697095443466445e+00
1.440742988135723435e+00
1.710586949175274540e+00
1.966171809144870997e+00
2.202325408788871286e+00
2.187520164687974056e+00
1.863450979682768738e+00
1.658889668666849948e+00
1.756163532265927252e+00
2.255404134969522634e+00
2.322176268553118206e+00
2.507575591894234179e+00
2.408740934126073707e+00
1.902917738696083605e+00
2.428199402301029597e+00
2.233981313075550812e+00
1.642013723653393598e+00
1.931187007017435509e+00
2.094242840670449191e+00
2.044978678252745041e+00
2.125390174234442764e+00
2.192569544565707851e+00
1.518011245642420182e+00
1.603431597468254921e+00
1.047666518813464398e+00
1.168704314699959390e+00
1.487016088963814431e+00
1.717196649697390942e+00
2.225249223080265626e+00
2.084399715024118471e+00
1.566416352392952183e+00
1.581991328963528343e+00
1.507381449259862949e+00
1.183277401784828431e+00
1.654888848822844372e+00
2.033179136062325032e+00
2.106879789595068164e+00
1.944006378324380835e+00
1.720924955084964569e+00
1.647648575827992179e+00
1.672341488446932534e+00
1.518850529552367767e+00
1.755431443533585600e+00
1.930798998286094248e+00
1.967707749473232015e+00
2.308490110186608657e+00
2.227151622915241269e+00
2.215628561040753564e+00
1.896603622638137754e+00
1.835480904757940568e+00
2.319810930814854455e+00
2.128681726708407052e+00
1.705222206903242554e+00
2.298913185315023977e+00
2.468726140730229446e+00
2.151464325925765753e+00
2.184354146044726885e+00
2.340991212262719667e+00
1.756138624479791632e+00
2.043292146669462461e+00
1.950363755558930157e+00
1.587143064152023886e+00
1.672080690275868919e+00
1.409542311963364769e+00
1.705672269514246331e+00
1.962523555103391049e+00
1.896426192967358482e+00
2.004033067582384753e+00
1.713316910602304066e+00
1.562449939252593900e+00
1.516979422157199053e+00
1.481501457477950812e+00
1.537857005065754068e+00
1.405416113045490967e+00
1.516795688261850295e+00
1.412479875124668105e+00
1.705366917345080724e+00
1.406431141919697980e+00
1.669815003901759187e+00
1.736465631212419369e+00
2.195553187466740219e+00
2.335606721697692123e+00
2.151772941258330185e+00
2.069282855888314288e+00
2.114394848264061988e+00
2.021526624071539047e+00
1.878783685491812072e+00
1.530946450389432556e+00
1.283719400942459288e+00
1.613093062730467597e+00
1.917963934385224167e+00
1.928200561663349522e+00
1.917566439735854278e+00
1.851690429734764720e+00
2.377895093357305978e+00
2.500537120801158419e+00
2.307397950443377255e+00
2.587731250849329534e+00
2.281904121441259203e+00
1.961824327971642745e+00
1.958002487414513659e+00
1.198370362682349199e+00
1.202012705617178767e+00
1.578713098952523097e+00
1.771114968731922978e+00
1.918873181316258503e+00
1.506573687752299495e+00
1.431460004196019042e+00
1.566793987572242308e+00
1.674429782009156487e+00
1.653399215488231988e+00
1.426123643311871803e+00
1.337950192548484907e+00
1.368834501632347767e+00
1.206042814964240817e+00
1.071136028345558655e+00
1.268712323152767496e+00
1.237402186641471058e+00
1.262350778732209022e+00
1.472286408271752167e+00
2.090016222894258924e+00
1.738595885413416475e+00
1.791443104429000677e+00
1.542495521078055765e+00
1.789009768270064304e+00
1.781961344992920360e+00
2.048372779886802331e+00
2.033938557934447555e+00
1.974809472104056329e+00
1.894913219065725629e+00
1.727332376768459188e+00
1.670249700858586595e+00
1.781170459251253835e+00
2.054399204682129554e+00
1.927629009978222729e+00
1.761404935551433404e+00
1.990047510558748733e+00
2.049186382986821986e+00
2.236511780804490979e+00
1.923072095061175268e+00
1.614229833687165216e+00
1.915082220625142329e+00
1.873314125743292369e+00
1.616497494898724741e+00
1.448400550486402594e+00
1.576802622966968270e+00
1.541784319729873509e+00
1.935936059618604377e+00
1.870675628876074859e+00
1.355690405054535308e+00
1.514229777113008879e+00
1.575719910954191727e+00
1.817054410145150456e+00
1.522353318997367921e+00
1.721269042536754945e+00
2.028278969201943838e+00
2.215397381902859397e+00
2.456629729516536909e+00
2.351250501091119549e+00
2.195248511797870616e+00
2.018458549056324713e+00
1.857496604825875641e+00
1.529506425932878555e+00
1.062862254277277207e+00
1.534399672233745848e+00
1.714404701197260295e+00
1.714789593199649076e+00
1.569393841697645842e+00
1.673907396967359240e+00
1.562411515661937145e+00
1.645045292797496117e+00
1.754569718055883687e+00
1.824767461119184420e+00
1.734628806815850188e+00
1.620158228829708946e+00
1.713660551612566252e+00
1.554007324746058849e+00
1.713814787739080359e+00
1.953802587825005155e+00
2.075661650835496808e+00
1.928167867532457169e+00
1.756134628589705038e+00
1.871118534753112073e+00
2.202114536709498971e+00
1.907109746956183516e+00
1.843146171117629128e+00
1.848884711244149104e+00
1.888079532845959863e+00
1.866287757545720627e+00
1.844819375316842924e+00
1.929563671895001553e+00
1.867211134319961552e+00
2.237482831813943474e+00
2.316508673840298016e+00
2.280221647719174349e+00
2.411437857021413222e+00
2.217517117682232364e+00
2.339438176789355506e+00
2.307138231439680887e+00
1.913882211176005654e+00
2.220875764927393359e+00
2.066765657714670468e+00
1.924206148110828130e+00
2.011935018444671819e+00
1.858078899511172111e+00
1.896473956747474210e+00
2.158995163704854559e+00
2.202684966555358947e+00
2.213587826170753114e+00
2.004786270713081020e+00
2.024652607313447206e+00
1.801985827403567830e+00
1.713138864919049986e+00
1.883009432397344973e+00
1.660019309544551014e+00
1.256761175239845096e+00
1.466676509334163381e+00
1.453597730760818996e+00
1.393448296383060780e+00
1.259621376420268390e+00
1.581553971297056549e+00
1.752933131104627229e+00
1.729861377384472210e+00
1.483048401799141658e+00
1.333752239798368544e+00
1.483783683843969747e+00
1.687263797422377198e+00
1.289623844590218171e+00
1.374620898337044039e+00
1.569593094163408642e+00
1.877854585599144421e+00
1.902074763237863841e+00
1.886731460004172689e+00
1.821064716581362930e+00
1.983946118855747898e+00
1.537131040244271052e+00
1.366223792146847416e+00
1.510994258748571406e+00
1.796181170759306944e+00
1.679002154025985849e+00
1.823559310813249290e+00
1.572179082574759690e+00
1.771528896571300749e+00
2.074659518085608223e+00
1.226385498025392096e+00
1.455857507127941375e+00
1.600559677153773341e+00
1.637215586645787369e+00
1.491952793705674907e+00
1.352408943180569700e+00
1.463219683685135664e+00
1.215073432749643745e+00
1.835340502273204111e+00
2.240827696220608622e+00
2.004582094217397970e+00
2.182968956927799020e+00
1.700675030323122172e+00
1.567640353243857199e+00
1.860869876742770046e+00
1.751663918721773072e+00
1.964167849131242427e+00
2.018317771515833137e+00
2.307699582362225943e+00
1.762347677594702233e+00
2.189652348817235250e+00
2.120984291138980904e+00
2.099756606194266961e+00
2.332031004581431421e+00
2.192724499077179257e+00
1.883371016004196097e+00
2.064447647513590223e+00
1.712565382180424978e+00
1.778170503336861330e+00
1.712076124197957627e+00
1.618230190998191320e+00
1.703681455258045263e+00
1.316544343114737003e+00
1.460743630617930888e+00
1.259469803753516137e+00
1.386001620681112323e+00
1.092678212212766287e+00
1.304111230215498463e+00
1.540846552132907110e+00
1.342104767191185211e+00
1.493049625809013570e+00
1.536031833887862685e+00
1.363273759652442907e+00
1.121442529696943469e+00
1.308984394163899223e+00
1.414998222813374174e+00
1.746108174985573802e+00
1.605218545866559765e+00
1.744207222561681370e+00
1.521840156712829462e+00
1.732969783449762380e+00
2.041303416398415393e+00
2.026695567499188666e+00
2.229250635832593641e+00
2.115786668157968897e+00
1.833194729537008572e+00
2.280023212978614211e+00
2.329635062433604631e+00
1.866617471073004131e+00
1.939814962922783437e+00
2.070311997665406967e+00
2.172685089040008233e+00
2.476538946308147082e+00
2.249302637504819735e+00
2.666383945810265832e+00
2.287729234369521247e+00
2.116646067338163295e+00
2.435993204192674177e+00
2.228988971772618566e+00
1.629438954792991501e+00
1.900194005144657083e+00
2.040020073042764892e+00
2.214109359299990309e+00
2.444284774941517746e+00
2.650911048390073965e+00
2.206669471852041209e+00
1.983122418781706031e+00
2.070039719560675007e+00
2.364347337038338992e+00
2.184174220416947865e+00
1.865068647669833268e+00
1.970634106943387698e+00
1.624037198442947361e+00
1.506504469878415131e+00
1.900939803583493459e+00
1.864608218231136538e+00
1.904187817887849521e+00
1.951611778442668754e+00
2.448074341467649795e+00
2.204632988986150899e+00
2.070503743273368169e+00
1.413565498273482435e+00
1.484979924264837159e+00
1.682905635975197711e+00
2.030839908265455129e+00
2.067610859885335994e+00
2.382929391906189576e+00
1.997074410296194147e+00
2.166657580780417813e+00
2.020270185298025378e+00
2.033780426016036369e+00
1.906976862030974162e+00
1.560951675657324067e+00
1.495971939249045590e+00
1.505485240254541779e+00
1.742654840713828923e+00
1.701324630626242396e+00
1.449169353931962334e+00
1.648977527639363672e+00
1.352911452235195711e+00
1.284817981468683978e+00
1.174792029007192928e+00
1.392096555684657844e+00
1.850842091466377015e+00
1.960486774221562145e+00
1.852135049312690018e+00
1.527229710332266288e+00
1.585559106503869664e+00
1.975632592513067998e+00
1.483458636096779193e+00
9.672826523190591885e-01
1.609004482542341741e+00
1.791364493322312512e+00
1.161343393575972049e+00
1.508707242185249209e+00
1.615017260274136390e+00
1.351237076313658747e+00
1.458553847035286566e+00
1.353413513818935376e+00
1.254691657167106067e+00
1.371751251091485102e+00
1.407724152302805676e+00
1.163119838117589344e+00
1.264697940852690827e+00
1.381941996052768795e+00
1.322485358457170079e+00
1.585345097064851494e+00
1.741397363366956386e+00
1.653498178034237487e+00
1.782829715479985255e+00
1.619416577463215212e+00
1.735800179680535571e+00
1.218060778686203216e+00
1.570624795292262288e+00
1.776280393183226058e+00
1.993641536989174901e+00
1.607605087401921651e+00
1.798648825095331638e+00
1.584550528721943019e+00
1.592845880712177919e+00
1.698037824120031791e+00
1.449889445756957329e+00
1.218963567277614679e+00
1.220133031920264566e+00
1.453156122047349896e+00
1.467177065580552497e+00
1.501887598601622464e+00
1.513031703834677000e+00
1.719914088009008912e+00
1.620344886127658146e+00
1.327778069554031770e+00
1.365913985995199198e+00
1.143062463367168657e+00
1.109741991278033746e+00
1.225664143117113136e+00
1.304398632339373698e+00
1.153934094573761726e+00
1.458937222391069044e+00
1.910259062613607117e+00
1.566463223093166768e+00
1.626451565445013347e+00
1.454079545850428090e+00
1.456439533476925785e+00
1.140011163452810283e+00
1.185186480062424552e+00
1.658409164440348249e+00
1.890219138053953252e+00
2.024348752209137015e+00
1.790812451509072423e+00
1.748629976067663128e+00
1.822023238705368531e+00
1.621071261999804891e+00
1.317613884276876535e+00
1.809752733622345566e+00
1.410016723305734132e+00
1.387401193814809197e+00
1.747156190193602798e+00
1.769298872164465353e+00
1.932708498238135952e+00
1.530469688880282009e+00
1.234057753736786278e+00
1.471114736844879367e+00
2.121429727424926970e+00
2.048703808747784461e+00
1.864647712509772681e+00
1.790033362634618541e+00
1.993688918983893332e+00
2.066791235292844586e+00
2.064460525120843215e+00
1.743520619956434592e+00
1.354144479312307858e+00
1.323404475569484040e+00
1.137348631674383936e+00
1.537401970380150473e+00
1.523930724807969872e+00
1.259556766052997157e+00
1.161049145458608045e+00
1.120191772241976080e+00
1.357940627693786650e+00
1.687378461086300296e+00
1.935692015550708467e+00
1.896473221527177122e+00
1.998420832380584322e+00
2.246076341717097691e+00
1.852830339040981933e+00
1.354841248776940787e+00
1.327037833177942883e+00
1.379048676486534841e+00
1.410518912314531192e+00
1.624749781554000849e+00
1.485797453132378543e+00
2.042604280232779512e+00
1.877902719400508680e+00
2.030415852839577706e+00
1.689619862934720773e+00
1.929454496153913956e+00
1.994317138438459258e+00
1.864582554974968165e+00
1.559368000134006227e+00
1.812234529589354937e+00
1.956233011472162220e+00
1.802618153225526987e+00
2.047502787143010927e+00
1.746070296217987039e+00
1.536183440645521259e+00
1.703893919166705961e+00
1.629239015752232067e+00
1.859135273910794695e+00
1.969598633111961039e+00
1.792083596925155620e+00
1.770573401398912727e+00
1.646266573982143377e+00
1.490482382261805405e+00
1.846297236375130657e+00
2.021868202152433902e+00
2.094403940906476080e+00
1.627333078218671236e+00
1.973959117461187907e+00
1.832590781319860529e+00
1.939276002678412603e+00
2.288043505141965195e+00
2.098714462223921107e+00
1.995149375125430558e+00
1.440728975593174921e+00
1.871266703676831344e+00
1.579093157737717412e+00
1.391040920363723954e+00
1.492158629471793896e+00
1.473846212837967906e+00
1.516547765639286949e+00
1.768129866492307078e+00
1.799460546451679965e+00
1.557800027504053553e+00
1.733718362254518475e+00
1.829717322032563764e+00
1.991578355582533932e+00
1.632084177021517979e+00
1.262395876969053088e+00
1.106837799008090650e+00
1.042441388427447491e+00
1.227632030498103433e+00
1.619043605126353702e+00
1.532056012882539342e+00
1.275085308649057891e+00
1.151977360337009371e+00
1.312028750092802065e+00
1.311485707228762010e+00
1.520543763240820523e+00
1.555896853683283565e+00
1.336165708092171611e+00
1.462991453172453715e+00
1.416097568146087449e+00
1.377909009496085524e+00
1.662353301907077752e+00
1.511260027447377974e+00
1.528346873315790111e+00
1.486422982686302685e+00
1.784946889586272123e+00
1.658207251871832710e+00
1.475845814928981703e+00
1.799717313573405697e+00
2.071281560111881692e+00
1.831642768870866966e+00
1.643615102937402428e+00
1.522556534628503044e+00
1.581025776591486132e+00
1.563654280113095485e+00
1.402334910740612894e+00
1.222131191964632491e+00
1.458442418264518370e+00
1.406088643672172234e+00
1.545826046618091532e+00
1.431900234478415301e+00
1.662196744739558474e+00
1.776101081080239119e+00
1.676400842052352402e+00
1.043775767293395162e+00
1.568504059429345121e+00
1.827577825009681467e+00
1.579015520905586278e+00
2.042844945324501893e+00
2.214348407426217857e+00
2.172002531546465054e+00
2.108366099979803732e+00
1.624401681521710161e+00
1.912155271281551272e+00
1.938072176927367885e+00
2.179005032742988401e+00
1.919395718177410615e+00
1.959247457506655854e+00
2.102813480433639803e+00
1.977330801476080424e+00
1.984999085183215328e+00
1.838316940207204597e+00
1.659571801587889528e+00
1.821906015574224824e+00
1.747757202228365392e+00
1.632376352100832761e+00
2.003297121714075146e+00
1.541038928583841727e+00
1.787106630071031876e+00
1.767903093848291141e+00
1.530913843787822692e+00
1.599783265477889405e+00
1.574755694813921414e+00
1.551109152719805540e+00
1.472761034123521773e+00
1.533387847561034079e+00
1.737547527045947282e+00
1.444981884306907771e+00
1.480045636091105843e+00
1.401013092011557548e+00
1.604555924927617783e+00
1.416454625692330049e+00
1.836234081753815417e+00
1.854669962331753075e+00
2.151839202308200694e+00
2.054250334649897258e+00
2.027203065118746039e+00
1.685421363023662522e+00
1.847458430608298174e+00
1.825985340702720450e+00
1.876291683909853791e+00
2.037324315464336344e+00
1.866505133929449389e+00
1.942608692744595800e+00
1.698420471500780238e+00
1.581074830548335974e+00
1.702787358261467432e+00
2.358312867646334077e+00
2.258127182717628134e+00
2.330553455712590427e+00
2.260524910099290796e+00
1.655228490799002250e+00
1.729065081329814069e+00
2.027745729640709538e+00
2.003782507863807183e+00
1.685547997880290971e+00
1.682899877394949728e+00
1.718777245042023338e+00
1.361270921641355214e+00
1.119872894988173107e+00
1.182671018648333128e+00
1.262224429615750765e+00
1.472482230037607920e+00
1.738940508957929953e+00
1.712458863769570350e+00
2.207137857028764305e+00
2.229202122342092807e+00
2.300759507995149278e+00
1.775267760140899043e+00
1.510527090951588214e+00
1.626971865625393976e+00
1.554484129116490365e+00
1.270115542945281728e+00
1.791576987692493850e+00
2.483462897881725695e+00
2.669360912255506424e+00
2.552687534146149684e+00
1.846914432174640686e+00
1.914261618122935715e+00
1.857018141315640136e+00
1.720803676373903190e+00
1.411264686513154176e+00
1.601153063413534916e+00
1.724354752107398969e+00
1.675804751941757154e+00
1.908909230351601538e+00
1.948789965790029388e+00
1.621792124557196679e+00
1.551679984444707117e+00
1.485392218900002170e+00
1.741006386754767821e+00
1.961205188595180893e+00
1.596688230232266692e+00
1.485360240916102414e+00
1.348021357349718174e+00
1.315813546536554801e+00
1.301335025678112878e+00
1.416975923240780144e+00
1.344256109675611599e+00
1.336240751193824572e+00
1.375134402149355450e+00
1.499285421263634843e+00
1.777976549309693510e+00
1.380141311432744544e+00
1.501106471399952680e+00
1.392297905065858377e+00
1.696448099984435576e+00
1.876033311931183611e+00
2.182176600447813808e+00
1.846222533083775375e+00
1.853253124741457869e+00
1.969677237389876767e+00
2.067295201460927601e+00
2.001631144234124804e+00
1.932388636840978169e+00
1.973268832250061555e+00
1.999453463272265585e+00
1.900212849337381771e+00
1.725866350133803628e+00
2.500842877606229475e+00
2.075061318315153169e+00
2.282868857211449498e+00
2.107369659053258459e+00
1.769974998239133956e+00
1.582905513930120245e+00
1.521226905730285850e+00
1.258596944975429732e+00
1.250611174878848431e+00
1.175746443621632498e+00
1.503732950827052051e+00
1.748074085134556199e+00
1.545370207346292935e+00
1.829458489756035311e+00
1.755281627108657094e+00
1.459200635334168217e+00
1.668726917613537752e+00
1.779782813132006813e+00
1.794073648260638754e+00
1.714230036764931242e+00
1.812681430364310176e+00
2.054753741606040407e+00
1.456130206166556418e+00
1.226239919470290873e+00
1.440068418034142539e+00
1.844434950944927154e+00
1.854927647791991818e+00
1.726316533010521459e+00
1.574483952675457488e+00
1.806280167689878757e+00
1.155892935384080333e+00
1.568307563135530103e+00
1.609870478685251349e+00
1.614002703634680236e+00
1.596022936758968669e+00
1.482194483760516102e+00
1.733408198939972777e+00
1.382844058003312115e+00
1.302670276076929312e+00
1.128230703931956347e+00
1.313220266183250162e+00
1.543206627384867025e+00
1.561263478042550945e+00
2.056062242230580317e+00
2.140141453529716298e+00
1.671160959099299737e+00
1.859917070852893595e+00
2.247258849349575094e+00
2.044201224244143855e+00
1.801823423274634184e+00
1.862220830343148892e+00
2.104235933677521153e+00
2.261836124206674015e+00
2.284494566560466566e+00
2.415718874172478436e+00
2.069173310208645589e+00
2.390882968715058343e+00
2.045620200734883820e+00
2.212206940709667613e+00
2.561993154898933867e+00
2.273337552909932224e+00
2.350584626202797622e+00
2.095516200844839805e+00
1.681340036893181678e+00
1.948184266882424964e+00
1.790410606294231988e+00
2.109462383358595705e+00
1.970662529587759115e+00
1.429155179550129384e+00
1.589686550197763060e+00
1.254959649159708590e+00
1.555846663234671023e+00
1.557800130035446484e+00
1.320998225792995306e+00
1.531871817858327489e+00
1.526235669183283017e+00
2.112115274304218637e+00
2.045724976514363913e+00
2.204142810670068453e+00
1.922473285377595431e+00
1.541233284855602292e+00
1.524868364977988833e+00
1.373760185221372332e+00
1.530251895021320419e+00
1.082197959681920896e+00
1.281458505836960526e+00
1.210352782536744609e+00
1.420574110885383545e+00
1.301730404852854406e+00
1.406855728459124544e+00
1.525321952144621962e+00
1.815326936767231336e+00
1.646010693567624195e+00
1.818017558963919811e+00
1.822667204638974470e+00
1.594035151525605709e+00
1.595801722618901408e+00
1.385109530596466909e+00
1.293435415212083939e+00
1.032353278190510926e+00
1.122677236903935505e+00
1.243306926142893065e+00
1.406407139788101501e+00
1.290050144551063038e+00
1.407423743177733222e+00
1.419537247958721160e+00
1.614215048328799362e+00
1.586482553237100523e+00
1.492697171754274299e+00
1.417671858633632764e+00
1.476033647243323754e+00
1.150506070344561316e+00
1.238058829524601334e+00
1.268385147891467835e+00
1.043292087058765860e+00
1.131495243106018345e+00
1.133973705731070813e+00
1.485125956306689421e+00
1.583920541037971308e+00
1.324054884066880655e+00
1.517429889015059041e+00
1.467226991747714537e+00
1.787190347743982333e+00
1.868475918825014404e+00
1.603578615571652932e+00
1.809712701294954318e+00
1.788172649159228023e+00
1.334291103413393076e+00
1.350108247530166450e+00
1.389229241030798256e+00
1.503497002595550747e+00
1.519927190887611301e+00
1.284986216331453157e+00
1.386058049271311932e+00
1.267882488974593880e+00
1.649111424190429220e+00
1.419222996623368260e+00
1.442511737454259979e+00
1.463137637431532134e+00
1.610702647915375429e+00
1.435981889770432618e+00
1.507473034151533442e+00
1.456368892878028731e+00
1.660242803458664484e+00
1.877023438973278280e+00
1.999941173735142685e+00
1.737436226394233563e+00
1.519879936704008783e+00
1.573265096433163368e+00
1.863423382823294894e+00
1.908100061536461389e+00
2.346190596211541912e+00
2.012522200193083588e+00
1.791501943880543735e+00
2.376534739021054943e+00
2.097109790751951142e+00
1.599612780550527358e+00
2.135131712015315042e+00
2.129379280969539767e+00
1.724211850643082578e+00
1.444853546388450205e+00
1.953430609458104872e+00
1.902517376850975772e+00
1.727920060424765314e+00
1.527091477056755187e+00
1.495323140520975258e+00
1.693559037734766681e+00
1.686894631101666597e+00
1.570055439513905249e+00
1.247517461306920872e+00
1.493337276814774350e+00
1.405621835670936015e+00
1.323849609109409409e+00
1.147828153764963277e+00
1.516092186072467207e+00
1.601573728417707176e+00
1.733728684509683093e+00
1.684535355131063561e+00
1.580725665242275646e+00
1.748495029744401963e+00
2.120598103764505193e+00
2.373989845474830940e+00
2.360048433252474265e+00
2.236618190682629237e+00
2.389280692108960213e+00
2.231146376532847864e+00
2.647180817446908474e+00
2.251995053846658656e+00
1.996159903230413590e+00
1.834863061481181834e+00
2.017466542683915343e+00
2.287975366288002022e+00
2.413401104068099379e+00
2.364369239009574741e+00
2.146929975589504824e+00
2.017612018212868730e+00
1.275165591939022347e+00
1.270755367915672895e+00
1.271776990385993678e+00
1.524853406414947488e+00
1.520472025336489175e+00
1.489858830963378011e+00
1.467445070000010343e+00
1.422239741138022540e+00
1.695172772722458809e+00
2.022327390452821394e+00
2.092965750453466001e+00
1.541317448686705838e+00
1.667813837948052713e+00
1.564001338506206373e+00
1.847920528885161673e+00
1.710067580973048340e+00
1.923646818058862396e+00
2.148903806627357582e+00
1.793224260085533706e+00
2.164612261812694616e+00
2.270916560471962331e+00
2.003379012789184621e+00
1.871441719231139222e+00
1.693741778684893395e+00
1.543107658259958548e+00
1.417676826835662762e+00
1.383876189991918970e+00
1.155195529784813102e+00
1.301051777962337619e+00
1.579311846215667670e+00
1.260311607139020351e+00
1.936216367684189921e+00
1.659578356176055536e+00
1.892908170376927046e+00
1.947746370892264656e+00
2.028774339842084995e+00
2.193533956493890269e+00
2.106223646150892748e+00
1.993286970762842891e+00
1.999072205380856948e+00
2.143631163291380481e+00
2.188549909665828519e+00
1.984171285183412126e+00
2.324034891525841307e+00
2.578155219507614504e+00
1.958240090148347878e+00
2.155323641074075258e+00
1.925833633244968812e+00
2.079585787001535291e+00
1.941408240311390365e+00
1.549129750501923253e+00
1.694553697366546707e+00
1.729536113134721109e+00
1.640121248252786490e+00
1.668225473157860739e+00
1.875275885740276927e+00
1.621899855314947736e+00
1.623944679792695744e+00
1.872968937693535230e+00
1.523621998421128776e+00
1.536165062175638418e+00
1.670904601190291494e+00
1.692561126902732527e+00
1.881349942493900862e+00
1.832112181867892930e+00
1.312384403240336006e+00
1.486008508975736664e+00
1.573584172826164140e+00
1.513998697607271016e+00
1.660266461512868830e+00
1.656039270334802582e+00
1.653555585497751501e+00
1.355679876328661937e+00
1.745700215115221443e+00
1.946143220841594967e+00
1.985819139450729853e+00
1.716280670293907962e+00
1.151570842120615668e+00
1.665752518758697676e+00
1.837706485098873577e+00
1.566440662968009656e+00
1.712997487220535353e+00
1.869693105722442628e+00
2.096809131038229079e+00
2.055681786259992094e+00
2.053649706817316289e+00
2.177681857564928602e+00
2.167062420399993528e+00
2.533000866752892488e+00
1.993039887604229010e+00
1.636129370724817012e+00
1.222558162606053322e+00
1.432348183182089896e+00
1.222562561074756582e+00
1.214359281673206503e+00
1.076514456426194366e+00
1.126179147310626627e+00
1.486980565747602068e+00
1.714535329044218459e+00
1.654206947519488713e+00
1.782134534546967464e+00
1.385445934570715965e+00
1.267881853025442096e+00
1.174183107187052766e+00
1.392782261856023052e+00
1.461553671981554725e+00
1.243717981531898609e+00
1.153250540560547988e+00
1.294093496101044627e+00
1.198321537418883143e+00
9.890452273670643502e-01
1.141622170379259726e+00
1.501114182071574099e+00
1.804324582636629870e+00
1.737988337755753676e+00
2.107520025125450669e+00
2.136583530466259262e+00
1.335220033346534496e+00
1.332313793066131513e+00
1.747972182013162623e+00
1.464605086104996623e+00
1.485247609366652011e+00
1.610704300067942185e+00
1.725871704503408655e+00
1.949465885260938336e+00
1.941632652096195732e+00
1.966255531509049082e+00
2.435108934519533808e+00
2.521031811827115110e+00
2.412221145882822437e+00
2.114485036827296494e+00
1.696066385544279687e+00
1.973002218919214235e+00
2.184962809114276094e+00
2.182164690287320408e+00
2.490857521214754122e+00
2.544270554874835000e+00
2.236912734963056426e+00
2.348084114731385785e+00
2.544579309365862851e+00
2.203315588785839552e+00
2.206313831560771543e+00
2.049162092731596996e+00
2.060585594834142498e+00
1.525752790694607119e+00
1.615638017494907430e+00
1.480939147629027897e+00
1.547787323672802806e+00
1.731562627571052948e+00
1.780045869750204179e+00
1.659611339285307352e+00
1.642884077388734543e+00
1.502988221235656008e+00
2.060620719574294935e+00
1.933897719303818707e+00
2.082013181293935755e+00
1.661493265229864180e+00
1.740098320117974939e+00
2.141872311684241303e+00
1.759558174021236487e+00
1.501118049017673428e+00
1.159546445635051271e+00
1.951499136483346053e+00
1.818492462108954655e+00
2.092818732088081557e+00
1.914283134455434965e+00
1.512429156966173638e+00
2.057383421456641326e+00
1.477032997011563653e+00
1.751382288706906154e+00
1.789150803837816106e+00
1.576560884942237450e+00
1.862978252944906821e+00
1.440074419280600093e+00
1.567158083916688538e+00
1.303031044207786593e+00
1.214307311614595930e+00
1.532685526394744535e+00
1.358831343624461674e+00
1.301642754818954195e+00
1.371578407487411111e+00
1.465928163052566680e+00
1.447265838453652309e+00
1.489726682865581964e+00
1.446253198794421380e+00
1.390485956320559158e+00
1.240191215008541681e+00
1.308538256578514858e+00
1.586888450065935707e+00
2.044623175260027903e+00
1.385050577327607391e+00
1.168189149461159593e+00
1.266235130920232210e+00
1.759074072290738755e+00
1.644536415765965431e+00
1.300443347822634044e+00
1.059138350471338752e+00
1.194143279871295205e+00
1.505885354601174786e+00
1.246409378525514589e+00
1.184471262883702636e+00
1.391284023057378860e+00
1.445665824146650458e+00
1.510824361927563197e+00
1.643662987181339963e+00
1.423605256140692665e+00
1.424989158625522334e+00
1.430811380188604653e+00
1.230993847877615011e+00
1.082110570851304132e+00
1.288617620582001910e+00
1.406164576696255830e+00
1.487413967456730823e+00
1.092041345062140012e+00
1.103477549436588934e+00
1.314592723079394565e+00
1.473942872418859462e+00
1.506718746332448289e+00
1.347542791681250129e+00
1.289447303609688511e+00
1.322651165050481969e+00
1.548521437109964038e+00
1.643922940698462787e+00
1.688978532649183073e+00
1.199159072507246959e+00
1.567417346522091970e+00
2.326461662554792920e+00
2.509655926792346836e+00
2.367140125145419827e+00
2.227274526281197264e+00
2.065801923021258091e+00
2.420288353872986686e+00
2.407329306051158024e+00
1.927888153519055736e+00
1.908794645876346507e+00
1.733105551842993197e+00
1.520454385992532576e+00
1.559315137505197457e+00
1.761802982704710807e+00
2.025748841508948406e+00
2.108450020295143723e+00
2.175841851923523418e+00
1.882182099520490981e+00
1.950051064009087787e+00
2.277525993348335387e+00
1.416221871239091046e+00
1.509071715975994321e+00
1.105009796736722505e+00
1.280184221630445762e+00
1.465669052692550878e+00
1.256558494088884315e+00
1.349144412017755590e+00
1.332025159073974008e+00
1.360072632196254627e+00
1.452332984491744972e+00
1.576416505544114166e+00
1.720052719496298899e+00
1.707819345156978308e+00
1.466417206326865452e+00
1.467098199143010318e+00
1.587352149454479999e+00
1.349039528949964595e+00
1.361910353909176585e+00
1.046172268771571989e+00
1.337285108252885157e+00
1.528430564965255645e+00
1.806064546942953264e+00
1.744853709380382867e+00
1.827174471857574423e+00
1.942182576346729306e+00
1.877513950130753173e+00
1.308357042806014725e+00
1.149824577602003295e+00
1.271296695815440581e+00
1.494881089655404338e+00
1.288287415761000254e+00
1.411999384260377077e+00
1.407117218154345872e+00
1.414869319668456749e+00
1.591417740727098185e+00
1.409662990477807298e+00
1.145565848270480913e+00
1.548256239481806462e+00
1.618456532065686737e+00
1.770829106507405548e+00
1.466749859727679572e+00
1.659893105626167431e+00
1.683127930689305662e+00
1.688540359952755088e+00
1.659486268121449504e+00
1.454989968934406797e+00
1.362696149321824812e+00
9.959764285780359216e-01
1.158194443129062057e+00
1.106652802553035109e+00
1.268266440256855754e+00
1.447902493553029357e+00
1.478061113421813788e+00
1.318952434361613690e+00
1.389194245138378747e+00
1.390612549992860103e+00
1.576221798967831322e+00
1.745414572353947591e+00
2.066302467070977311e+00
1.793800923655860080e+00
1.965619715846537163e+00
2.154752974469198890e+00
2.159040986168529130e+00
1.655981253714653434e+00
1.509285882144169033e+00
1.702708097696863376e+00
1.675780964503912118e+00
1.823284604334258319e+00
1.501408499096860139e+00
1.447408650897936910e+00
1.715972318466492785e+00
1.982796445729789969e+00
2.039724579828154027e+00
1.981141323345392058e+00
1.972524657724293640e+00
1.748485642383302618e+00
1.950988016562870797e+00
1.726222861175707557e+00
1.613920044193099645e+00
1.495073511822839096e+00
1.912338493656539740e+00
1.798621441216358807e+00
1.493844837124772118e+00
1.683311030457297353e+00
2.022912050952422103e+00
2.137336261332951182e+00
1.747214314067364826e+00
2.140761707552925497e+00
2.087975558062869830e+00
2.269036800792649800e+00
2.155040892165343003e+00
2.088179361031606618e+00
1.799403377269413129e+00
1.929127094488200189e+00
1.914429259078620049e+00
1.753321649876187216e+00
1.642813596566818468e+00
1.682254118451212754e+00
1.457538830303712452e+00
1.899294864842269392e+00
1.778871394430602271e+00
1.508575696840524838e+00
1.448100525545190642e+00
1.574339988550696345e+00
1.455047456731755950e+00
1.583885834422762207e+00
1.790252707603431137e+00
1.293991277144360019e+00
1.427935937448911119e+00
1.679754062750933530e+00
1.722452136145550483e+00
1.720481905005181389e+00
1.946672301991153153e+00
1.504859977419346739e+00
1.591227188309125573e+00
1.822364238095413924e+00
1.201306663568637134e+00
1.286362476078824146e+00
1.159645127374296925e+00
1.243304686109631074e+00
1.255722285401824623e+00
1.447864197700448941e+00
1.234902207989317269e+00
1.397957772442961932e+00
1.108852022484025923e+00
1.415993525170364142e+00
1.461857147615901908e+00
1.756659795247496936e+00
1.803039938572427836e+00
2.430093701430054765e+00
2.373469097512428849e+00
2.265770606241512386e+00
1.638333158153798541e+00
1.663724177768301615e+00
1.551241591967812417e+00
1.558120310817773024e+00
1.912192842747211463e+00
1.850200930568799640e+00
1.894763328699576199e+00
1.632743069992672602e+00
1.610360953510942883e+00
2.138449729357125406e+00
2.013700316853479944e+00
1.961505450191111111e+00
1.969130620000143272e+00
2.054648237403918554e+00
2.183788080134566378e+00
1.946349203586549947e+00
1.789254528077411921e+00
1.763880180544559195e+00
1.982396715405699172e+00
1.739652388208557499e+00
1.657565095082961237e+00
1.265874625913574247e+00
1.594551259782750474e+00
1.589416600416421632e+00
1.403706787901445097e+00
1.695236355253856519e+00
1.695094232338014040e+00
1.532414486087574579e+00
1.406112830314092843e+00
1.312959285630665995e+00
1.337956728593878264e+00
1.441361408077303174e+00
1.428642214969762181e+00
2.000047209256291314e+00
2.279165431433594957e+00
1.718778462179149091e+00
1.462131603848676464e+00
1.963251965120509146e+00
2.118375376471252292e+00
2.237514761375132721e+00
2.281817529778316533e+00
2.183419418553367297e+00
1.840451684425875811e+00
1.465895961411681103e+00
1.543632677972158973e+00
1.280402474427673853e+00
1.382455214059658211e+00
1.376331290362173831e+00
1.377268255869307678e+00
1.599147124408543341e+00
1.299198787713215841e+00
1.304477036222938313e+00
1.401406441874345488e+00
1.764703767675719126e+00
1.367262182656839631e+00
1.638471078645606260e+00
1.366443551758574904e+00
1.445871861321158081e+00
1.954191097339995409e+00
1.824898520706976557e+00
1.541063916987774007e+00
1.599588130215796600e+00
1.540157445730964358e+00
1.299019258263607979e+00
1.560555026460762384e+00
1.154552423023472052e+00
1.350592668035587529e+00
1.464907616200165075e+00
1.393196370971947928e+00
1.481046175783169438e+00
1.671747684653047017e+00
1.310958740433970204e+00
1.452976011073406237e+00
1.640512394121710349e+00
1.793635337319837708e+00
1.597797413820883916e+00
1.849069540589953098e+00
2.011313373369755020e+00
1.685959229188605413e+00
1.510025886973453968e+00
1.831916344731779223e+00
1.472371497532788620e+00
1.512298472813762507e+00
1.110288421656540958e+00
1.267289898444786900e+00
1.372222815399811502e+00
1.464956647947492918e+00
1.252042484202152250e+00
1.189337668364739198e+00
1.322923249787010480e+00
1.112912149448406884e+00
1.256369653951992849e+00
1.639164910450805257e+00
1.527788022796617851e+00
1.669073351154734430e+00
1.929719837674912286e+00
1.709367401695930155e+00
1.587516416679753517e+00
1.358260967528241325e+00
1.614512874309991020e+00
1.597588888411089814e+00
1.362845754406401211e+00
1.517937061045749880e+00
1.358229053063536140e+00
1.881233110567308131e+00
1.912207345552197069e+00
1.841905793157581517e+00
1.959163226553262582e+00
1.737885484394077196e+00
2.142280150711685760e+00
2.071078637933411404e+00
2.325853758326175580e+00
2.022143423019266084e+00
1.943555040284177027e+00
2.280615073415328986e+00
1.930393662786365816e+00
1.629002571720736148e+00
1.373888578119463189e+00
1.784533528291623927e+00
2.183074057576317006e+00
1.890024963760353449e+00
2.216477206792990096e+00
2.073955699259363961e+00
1.880446165010491333e+00
2.308457071626571988e+00
2.212844174996751345e+00
1.704455644858598795e+00
1.713805325666949875e+00
1.487405223793415665e+00
1.535192248701201745e+00
1.396514185740883818e+00
1.626308525247713632e+00
1.336523363077193771e+00
1.372458950340667894e+00
1.185168777789835204e+00
1.394302632235518313e+00
1.382158790331956988e+00
1.681796604837675346e+00
1.598209476672145080e+00
1.292169087773346714e+00
1.342631288817647039e+00
1.443000513221485370e+00
1.419003469082436242e+00
1.418585555745658144e+00
1.616115681308200935e+00
1.822544396680681800e+00
1.530162969831077913e+00
1.410062656846631901e+00
1.675868206932183302e+00
1.609631627087421357e+00
1.642633023309813201e+00
2.005061475418591588e+00
1.723258265530474453e+00
1.557945665107411948e+00
1.609656283103382934e+00
1.731577417575369315e+00
1.789157274278622145e+00
1.964750872701572781e+00
1.895904085876447986e+00
2.054519247159774409e+00
1.962310856530238956e+00
1.823131084645577049e+00
1.775783012505492087e+00
1.914132270600710228e+00
2.076722067006303352e+00
2.102007507739734660e+00
1.966745191299285267e+00
2.034033005798907556e+00
1.741818693736645773e+00
1.793177767361981978e+00
1.811860447873573143e+00
1.954022852289885925e+00
1.744585870038538378e+00
1.796040306799908226e+00
1.689115054073071720e+00
2.088135737077674303e+00
1.996105316846898070e+00
1.811859382113062855e+00
2.003114960230676367e+00
2.004996827708043217e+00
1.586108574547365979e+00
1.920340216465853844e+00
2.150659401903753487e+00
1.977198776986543338e+00
1.894500384248195779e+00
2.523004484602701325e+00
2.358002437785400307e+00
1.877713664350531664e+00
1.959321514476116022e+00
1.940783807841443220e+00
2.055832091332515432e+00
2.232622747509532157e+00
2.115754014402987160e+00
1.975381102167252934e+00
2.143413484449186779e+00
2.523675252502702193e+00
2.003777688274059887e+00
2.082808484912671343e+00
2.274851006801878572e+00
2.651261907376583959e+00
2.168648162487906372e+00
2.209381062227731007e+00
2.345312013034763776e+00
2.079061954795529577e+00
2.010240238528110179e+00
1.857603315090183393e+00
2.290790964907500449e+00
2.146990023004945236e+00
1.988864201099343365e+00
2.421514228350429399e+00
2.410092346789605600e+00
2.450388953057756058e+00
2.315603943510577967e+00
2.315111568251157603e+00
1.788535053293425436e+00
1.517018510950837396e+00
1.547263964339921971e+00
1.875838474436974268e+00
1.605591136579358924e+00
1.376652818292031455e+00
1.847846676024356816e+00
1.630109458998227900e+00
1.529129247278424808e+00
1.957709282567338782e+00
1.802413340479805726e+00
1.899464522153706314e+00
1.764507438607884282e+00
1.608494890943476863e+00
1.521583051745603044e+00
1.105358370185934858e+00
1.386184094606980111e+00
1.193116074405000893e+00
1.394200405475325422e+00
1.285864659859595971e+00
1.247501171166849110e+00
1.204985276779559911e+00
1.432824793340134129e+00
1.567654136850919144e+00
1.571794317293161436e+00
1.863647883851732745e+00
1.673455820973228869e+00
1.522353865141820251e+00
1.683365976672379638e+00
1.694521227081264847e+00
1.486303965663048343e+00
1.310031142366836709e+00
1.733766255216389274e+00
1.746105784238098924e+00
1.616443517163503207e+00
1.707017267665729365e+00
1.727879719222990662e+00
1.592544769589407272e+00
1.367649204599064028e+00
1.437917468114322528e+00
1.305895280732377373e+00
8.988217459371231621e-01
1.240407447620150982e+00
1.302680891177897315e+00
1.434418132808189750e+00
1.493860389050861492e+00
1.614878663418546356e+00
1.887380844473744546e+00
1.954546320467174469e+00
2.024797575047200482e+00
1.937070910501377696e+00
1.604319465755521312e+00
2.165599100843072389e+00
2.330558491936958188e+00
2.254430794025914064e+00
2.128394173536919176e+00
2.384193081014159166e+00
2.281102897135729446e+00
2.290774106755127715e+00
1.801312018600570886e+00
1.998929390995254352e+00
1.596042080713991007e+00
1.833568108754882520e+00
1.759682034077149071e+00
1.893640261654981005e+00
1.738681561926370023e+00
1.484422653639363432e+00
1.317649714065534994e+00
1.722222884804468723e+00
1.367790146877812862e+00
1.755569585376921316e+00
1.740407299697833254e+00
1.835785110112851726e+00
2.037292675604581049e+00
1.567747090267407550e+00
1.777533786392308635e+00
1.815431080921506179e+00
1.385273512838975263e+00
1.869976265020370398e+00
1.714205999931028401e+00
1.503062623737239312e+00
1.441588899555442893e+00
1.351060968507926674e+00
1.677077500524611242e+00
1.434948280540027099e+00
1.102507293672022382e+00
1.255514768228784162e+00
1.216181550895536256e+00
1.649205416749603748e+00
1.382283994176936037e+00
1.412341583743632834e+00
1.391307744030912730e+00
1.252114359264592025e+00
1.041836885993882023e+00
1.271640644226720740e+00
1.392174729383641507e+00
1.622661373091115911e+00
1.893562767220989373e+00
1.674591565317960828e+00
1.618116360971662449e+00
1.822837364445303088e+00
2.058493555615479309e+00
1.960288127345160447e+00
2.197476440298657074e+00
2.007309680868177626e+00
1.993179142182437857e+00
2.217917243451310139e+00
2.367325925006969811e+00
1.724413022851752020e+00
2.048222234358058724e+00
1.743398046057999196e+00
1.761147738399971407e+00
1.896343945138211140e+00
1.777843469396020781e+00
1.408334685261615871e+00
1.573019705162240323e+00
1.497247781395305122e+00
1.469949321931169894e+00
1.461630636787629944e+00
1.695469912413885671e+00
1.933747620747565676e+00
1.629153607563314843e+00
1.681288313147957680e+00
1.516655462063297044e+00
1.482530823489111471e+00
1.258956900048536776e+00
1.313331494349888384e+00
1.534507083395684424e+00
1.813585626074507573e+00
1.663163148827325077e+00
1.717217175433510157e+00
2.115611471886444050e+00
2.410891861202635766e+00
1.904509966803132004e+00
1.771384040903368984e+00
1.533130315740241389e+00
1.536711656387759639e+00
1.268473694132502549e+00
1.949635716676082486e+00
1.699532050731839661e+00
1.533541135858670579e+00
1.997211197282886097e+00
2.504168330107958695e+00
1.973680016270996873e+00
2.203962488641059814e+00
2.482710579765926795e+00
1.926202172686580560e+00
1.825177353234267219e+00
2.470552357090344042e+00
2.013178240337649694e+00
2.235621588130988435e+00
1.832568007190869652e+00
1.755616871474382723e+00
1.799177590596822363e+00
1.995063652845057822e+00
2.094224232918494799e+00
1.797456424703517186e+00
2.300084181941192352e+00
2.317212420209107560e+00
2.236713773830877994e+00
2.411321224170192679e+00
2.189133242381634314e+00
1.719174277656598582e+00
2.084611352882928426e+00
2.253915244208732904e+00
1.953155336372104145e+00
1.799996896614346475e+00
1.998578577129602296e+00
2.248597223752701879e+00
1.908531812258886795e+00
2.138478423872589129e+00
2.144684692455198327e+00
2.103941193019707168e+00
2.500923008481509946e+00
2.348466910577091227e+00
2.151025720472192759e+00
2.180477558205668132e+00
1.817578582419193900e+00
1.900569773061401513e+00
1.872926929818797603e+00
2.179864432150116382e+00
1.780597509785800669e+00
1.780567366109608418e+00
1.637417958877487312e+00
1.732944496311723981e+00
1.885084523636481935e+00
1.890608497787968467e+00
1.898693747414229138e+00
2.008093227285301374e+00
1.919775398285141321e+00
1.896345150282956027e+00
2.364127704498860005e+00
1.968606490526226160e+00
1.746301817626254804e+00
2.026251867656151173e+00
2.327371053434065029e+00
1.684812225672203345e+00
1.490775627108431145e+00
1.712256843071702894e+00
1.553669688093516799e+00
1.917251385506869354e+00
1.851143206692443588e+00
2.066897517904276338e+00
1.717741217376790530e+00
1.882601036518332993e+00
1.864977533282687006e+00
1.841647555202419628e+00
1.801365259028123944e+00
1.784803132059235908e+00
1.829197903204400566e+00
1.995971959150016461e+00
1.829905300360111120e+00
1.519498431908617997e+00
1.800145872308042350e+00
2.066050082395697540e+00
1.816474406590786961e+00
2.025083903341669433e+00
1.728982863405089887e+00
1.608275122401473745e+00
1.948683678007428588e+00
1.879518215731812880e+00
1.527840180530246617e+00
2.184969707823940066e+00
1.991170125264613677e+00
1.478896596880169501e+00
1.813514031107326119e+00
1.973456591179897135e+00
2.039706370302768246e+00
2.503503161668833243e+00
2.545475682666257899e+00
1.913726400416282392e+00
1.829942049014668504e+00
2.194286811819969873e+00
2.209787948169190219e+00
1.675235445448878924e+00
1.629656543927852752e+00
1.577565343157659727e+00
1.281594380589709647e+00
1.366841640085457499e+00
1.428973903000170909e+00
1.433719522722180395e+00
1.395199151713730323e+00
1.368794307384886277e+00
1.493744554737079788e+00
1.647896592821994410e+00
1.352029862645470537e+00
1.138726318795777237e+00
1.106144900663511343e+00
1.601825434594265962e+00
1.498497176169536704e+00
1.792281331701905733e+00
1.647553034837809349e+00
1.294625047428996201e+00
1.302754960360553937e+00
1.340678113480982425e+00
1.284324584053058826e+00
1.141459840366549239e+00
1.135898615193536410e+00
1.092038258324905753e+00
1.585383732366263843e+00
1.627196070699005404e+00
1.336253267917530740e+00
1.376959105018888962e+00
1.365210907322205403e+00
1.330939139374262448e+00
1.458759677871183325e+00
1.679089623031032374e+00
1.748458123641756901e+00
1.456544826614972754e+00
1.517096080625828680e+00
1.489215978670899831e+00
1.321308944850588363e+00
1.325081939382592555e+00
1.543581217213353618e+00
1.356646007146381283e+00
1.470196951504205485e+00
1.492930397151878141e+00
1.495657156434989865e+00
1.516257135168703085e+00
1.792493848606197204e+00
2.155880679309076342e+00
2.136840205172219509e+00
1.814013583639327853e+00
1.189439982366008675e+00
1.139984755170380337e+00
1.307125758792136105e+00
1.360975235190359234e+00
1.450250589481703489e+00
1.663271591022104534e+00
1.829024090491088828e+00
1.647221693444055335e+00
1.403676382994011318e+00
1.266216382577623367e+00
1.684422216403966166e+00
1.269461408705108152e+00
1.214519812523723097e+00
1.134549621236701000e+00
1.494474851689696848e+00
1.553670142011084110e+00
1.850477678471575294e+00
1.897260294823288396e+00
2.008340153518498372e+00
1.874747929947380376e+00
1.513628877856812105e+00
1.718615016409601459e+00
1.639958440023339570e+00
1.903750630640875130e+00
1.483259311676372594e+00
1.751350978279579085e+00
2.033122695208134267e+00
2.002876709758415696e+00
1.564902704242718601e+00
1.234414426336979842e+00
1.156216056197058473e+00
1.359294808620653772e+00
1.299291877622491320e+00
1.341449939478170039e+00
1.477255532720186615e+00
1.732032896042185577e+00
1.765497989609021934e+00
2.122170752620795575e+00
2.268771687344457888e+00
2.366188822828360738e+00
1.937449291393781525e+00
2.582586753818176817e+00
2.554962513734652330e+00
2.865877224409186130e+00
2.131342615075277447e+00
1.999792572194787788e+00
1.738715174966818156e+00
1.636277591920325181e+00
1.646570501658544350e+00
1.395953895452977989e+00
1.331441586021016477e+00
1.359327140906260611e+00
1.573230238006089632e+00
1.487735189059899765e+00
1.892934228084062642e+00
1.887490173578481034e+00
2.073268730953310879e+00
2.109987213596200117e+00
2.296954120835660529e+00
1.804123594952269372e+00
2.156475092072583255e+00
2.133794720767166364e+00
2.020391294701802565e+00
1.723903506304400146e+00
1.712660335590065364e+00
1.699441961749699859e+00
1.523440756236031035e+00
1.661853831574708229e+00
1.784140886237973511e+00
1.811329821497011272e+00
1.656559871731300593e+00
1.928456587057779448e+00
1.835330719952311673e+00
1.780993031311551622e+00
2.078010376584155772e+00
2.502307145086085427e+00
2.299206757830291270e+00
1.978152236982721579e+00
1.839848417371050093e+00
1.823636216921836750e+00
2.276735842018693834e+00
2.325812039592624725e+00
1.589358381133685549e+00
1.645187397729867884e+00
1.863988958634356541e+00
1.826543927368386777e+00
1.469132580140046329e+00
1.349549118194073083e+00
1.612160276281834559e+00
1.706483030693634717e+00
1.519397728888820520e+00
1.473160929425318511e+00
1.775972682361837363e+00
1.692190059764808074e+00
1.548456408770700898e+00
1.745757401332338921e+00
2.432576486625933843e+00
1.802391747664631616e+00
1.710110303331027426e+00
1.608417669093714863e+00
1.372977976829860225e+00
1.603271741993989030e+00
1.803036929196279559e+00
1.951933805541040456e+00
1.815313918723576947e+00
1.793864239457265031e+00
2.148120642390400459e+00
1.996143854631307279e+00
1.731457683216353294e+00
1.358898670074633053e+00
1.180610536375566566e+00
1.189396938750217236e+00
1.389936823423978840e+00
1.409142218711617600e+00
1.510413198375327060e+00
1.400049771567166923e+00
1.249808779359811162e+00
1.552964005012916093e+00
1.587157837673587535e+00
1.029072900917042288e+00
1.531543699511502155e+00
1.843392932984703636e+00
1.788968882561578155e+00
1.825263672822161398e+00
2.065828753129751671e+00
2.549443154086181718e+00
2.328623303297487013e+00
1.816708647915365793e+00
1.858210782843797482e+00
1.689248924371181237e+00
2.148054659098822317e+00
2.019183992423054352e+00
2.247299097500615073e+00
1.645471204634892048e+00
1.951445055432820652e+00
1.818963287052978606e+00
1.702042122100429600e+00
2.097738100364879177e+00
2.205285344269692249e+00
2.042562661251852152e+00
2.067821463559325945e+00
1.605073384387404989e+00
1.702816859921785664e+00
1.928267631639465352e+00
1.979072366822483664e+00
1.909605179412291465e+00
1.947032822419417775e+00
1.799817366589516743e+00
1.859224552706964406e+00
1.729687346381460378e+00
1.856742857487810872e+00
1.985603644017343683e+00
2.070350959775774324e+00
1.993753540474242802e+00
1.805683177050805277e+00
1.717554969816166510e+00
1.737755612870828248e+00
1.771944594902904901e+00
1.666153204745775218e+00
2.231798643116304159e+00
2.543043842770642105e+00
2.611619564811137550e+00
2.362587884872520139e+00
1.912037049553962476e+00
1.768292253845126227e+00
1.750471824358046824e+00
1.898360854347785676e+00
2.019002226996947424e+00
2.126941664872939786e+00
1.750016559736678801e+00
1.611430436028594926e+00
1.851984486589574930e+00
1.556585554475695465e+00
1.635896806035517459e+00
1.739969431818604750e+00
2.082587320482693016e+00
1.693423724253755758e+00
1.589653798208230828e+00
1.813653910739970732e+00
1.721244877313188981e+00
1.835976762221237513e+00
1.393254249689458435e+00
1.736967230393365647e+00
1.872793572896722214e+00
1.641567248185061390e+00
1.470262016320947662e+00
1.736712735268600927e+00
2.085074737280872892e+00
2.046544753837600705e+00
1.304666947255249232e+00
1.809130835417319449e+00
1.592334017943440427e+00
1.183149143345098020e+00
1.257135311126651889e+00
1.215674665009379929e+00
1.286948810158172529e+00
1.322693444051775691e+00
1.532571720501727519e+00
1.445579740269070212e+00
1.367326092125850323e+00
1.408946864394753806e+00
1.483259516973445713e+00
1.700245528903444825e+00
1.511192507958226017e+00
1.561300538393426862e+00
1.679331084603737700e+00
1.315918003903333355e+00
1.189932120351893330e+00
1.468663120178830939e+00
1.476612204032142106e+00
1.779020156714881118e+00
1.932711499597528748e+00
1.966741319304020186e+00
1.860248486192224382e+00
1.914265147158157987e+00
2.023483761741705855e+00
2.486094636121725543e+00
2.335317220132240745e+00
2.141282255095011688e+00
1.637503582980580852e+00
2.191531115378208661e+00
2.034337021557562242e+00
1.735955994594304830e+00
1.579115321177266607e+00
1.233787207700684618e+00
1.745065494703679665e+00
1.796540106003244874e+00
1.999736162788334326e+00
1.925710386436240817e+00
1.919890237544323641e+00
1.920700012707837523e+00
1.854037931517374282e+00
2.295042520887864423e+00
2.011892315767748851e+00
2.067722528804144755e+00
2.164910429192332675e+00
1.647813250224262394e+00
1.938162411614452685e+00
1.810579326082402574e+00
1.705318672377600819e+00
2.036480959452706241e+00
1.793433649211136682e+00
1.915444082557200778e+00
1.731808393517306754e+00
1.963300301949113091e+00
1.442442121943657396e+00
1.427050598098507983e+00
1.359849657845187743e+00
1.560232259290331047e+00
1.583461241751344950e+00
1.998829054662660587e+00
1.914749066070917438e+00
1.607901926452480978e+00
1.649712974799159459e+00
1.525154842242517850e+00
1.717614707119617723e+00
1.701046081899757700e+00
1.461993306854019625e+00
1.536815094265655546e+00
1.179320902618957279e+00
1.538149739983057707e+00
1.433275262112904791e+00
1.318538421581723963e+00
1.125921895976955467e+00
1.658192280305605060e+00
1.441784302918169836e+00
1.592094470710615273e+00
1.565162815315292999e+00
1.938530846695290411e+00
1.707243370834265805e+00
1.737020368950989102e+00
1.818649615173887346e+00
2.002396492040709575e+00
1.610898870549341666e+00
1.765430557326430616e+00
1.462458609076651816e+00
1.027183311149985290e+00
1.099256254294703528e+00
1.047307305740038608e+00
1.215381781337101508e+00
1.158040782018450621e+00
1.353721397616046707e+00
1.241589108224807836e+00
1.358842953675349685e+00
2.030599009512832787e+00
1.869581229602726324e+00
1.906182949986216846e+00
1.641632108154637670e+00
1.400631622769338502e+00
1.228129224539355580e+00
1.634123640042306036e+00
1.675746778898009826e+00
1.492957181574467995e+00
1.547276295292703940e+00
1.338983193653153769e+00
1.573460847028247178e+00
1.458551946884011796e+00
1.446253338048440362e+00
1.405918820415423598e+00
1.521208275047762459e+00
2.049100242514914516e+00
1.978358388305103022e+00
2.414799038088736971e+00
1.977634702133348243e+00
2.199301397705494043e+00
1.884812586316798821e+00
1.663555747092753556e+00
1.303021557744876269e+00
1.471508253130116906e+00
1.192958842120402041e+00
1.399259343204954043e+00
1.473185435039778168e+00
1.290925702296990663e+00
1.718316280911118099e+00
1.551659797060090717e+00
1.304572480414531999e+00
1.361544108471973047e+00
1.528949236917807930e+00
1.439103653217916667e+00
1.375210173608933051e+00
1.648518645666478211e+00
1.521371487193908800e+00
1.327138273435149562e+00
1.200921378634190795e+00
1.411918453461600942e+00
1.480476793262635926e+00
1.207275825483546505e+00
1.690759734999562669e+00
1.425523858386941178e+00
1.896334717337033737e+00
1.468694385206571251e+00
1.597690147338793887e+00
1.725471593593466357e+00
1.476259432521370929e+00
1.624944905166091136e+00
1.561258032875150192e+00
1.269148672004861478e+00
1.610436169377391202e+00
1.484864271628505206e+00
1.401461185031143364e+00
1.650945426944293359e+00
1.891062438275518787e+00
1.511071472728537479e+00
1.759743615376225367e+00
1.441579379966868801e+00
1.402952709210722793e+00
1.550182029997780209e+00
1.263057512089197143e+00
1.233109033306897029e+00
1.480734470432299332e+00
1.605429226715936908e+00
1.743004114704311380e+00
1.482404637266356850e+00
1.546752426530640934e+00
1.390081171169280427e+00
1.877598553623690991e+00
1.723695485263532223e+00
1.537764128214831771e+00
1.638299044421045680e+00
1.607524326116820168e+00
1.679250895706401625e+00
1.276400433430172177e+00
1.136506504395183415e+00
1.300058480448183396e+00
1.348588412422859761e+00
1.478705518285879705e+00
1.795740456634270288e+00
1.884044513941848242e+00
1.979818429656559964e+00
2.202168955747393575e+00
2.181785722587775922e+00
2.038619440079570300e+00
1.995522892072324472e+00
1.950811338006975149e+00
1.856900464333984591e+00
1.656232905463883798e+00
2.070611440516215040e+00
1.859315903758003818e+00
1.742546941519272030e+00
1.854980851455553692e+00
1.663146510873894535e+00
1.929814592510612714e+00
2.034735150471556064e+00
2.015041510087648646e+00
2.045794915974031181e+00
1.787870738930974923e+00
1.772096507223350104e+00
1.455951265151016472e+00
1.488133162495760553e+00
1.542601645705357960e+00
2.485033302213544015e+00
2.431806207497948957e+00
2.263255532784951285e+00
1.907546017666582827e+00
2.227724432025123047e+00
1.699015694053022330e+00
1.998028167288288914e+00
2.190633498018026426e+00
2.319704348934837235e+00
2.304796970450277538e+00
1.677009437958214555e+00
1.342160301899876229e+00
1.466330511892907751e+00
1.307141692827629598e+00
1.687106081761566845e+00
1.836259616516256576e+00
1.994453120889312592e+00
1.853432517019270698e+00
1.856886737510718310e+00
1.851770396506280836e+00
1.995597155736850148e+00
2.083883757516526547e+00
2.070939663374230744e+00
1.757055292170142557e+00
2.184022773300868803e+00
2.047607087097241596e+00
1.864226082646017080e+00
2.015953540221947726e+00
2.126085073668204206e+00
1.958183494333522123e+00
2.061538295479293126e+00
1.725230532997106936e+00
1.798661784364685268e+00
1.610858016373747148e+00
1.699897099259840338e+00
1.965377100560257606e+00
1.841332744005427902e+00
2.144689597816368032e+00
1.942628232808986999e+00
1.925943554103891620e+00
1.454022117180361340e+00
1.431208581171449445e+00
1.270614716354782958e+00
1.465692327599451561e+00
1.251751565556115775e+00
1.539025345642039300e+00
1.601974492112574033e+00
1.400155531826756006e+00
1.381182152932034723e+00
1.572989777489217644e+00
1.728663671357018261e+00
1.811115655953275283e+00
1.530153520222534702e+00
1.576154930594378945e+00
1.598915409706783475e+00
1.778938982618603504e+00
1.787457628793035269e+00
1.431721013152945421e+00
1.168014231643694334e+00
1.607836358024416157e+00
1.602177036646989627e+00
1.542982687619614213e+00
1.432745779046677104e+00
1.371426424079084327e+00
1.693136014007355916e+00
1.698872251915565901e+00
1.692783381401598009e+00
1.865176893948550019e+00
2.077705576506731155e+00
1.931973809364365913e+00
1.813243348277763012e+00
1.617592963008792850e+00
1.389191297862272689e+00
1.795739267599001598e+00
1.923128818424964415e+00
1.214229245008807023e+00
9.932056618008765492e-01
1.117000781704291290e+00
1.551673946476450627e+00
1.656125056638698245e+00
1.796284071661982784e+00
1.461079378401243023e+00
1.483339951736253992e+00
1.668581648047937849e+00
1.611498178139162407e+00
1.386252675506345566e+00
1.424576359751720700e+00
1.380287213360644749e+00
1.951147189963687190e+00
2.006245932476250271e+00
1.641248912425846029e+00
1.742330347251655587e+00
1.648950921320768703e+00
1.627597894188510086e+00
1.746302898379320956e+00
1.660724115277420809e+00
1.211813226958621259e+00
1.175554760064922100e+00
1.466709484800456487e+00
1.587103618611117595e+00
1.720619188897797303e+00
2.000874202842867877e+00
1.673569730992602977e+00
1.545158475106938045e+00
1.297469709582356856e+00
1.521097878560433214e+00
1.507146222373612288e+00
1.440994884739173587e+00
1.269692075410411070e+00
1.315065456701410840e+00
1.786216178193942072e+00
1.773206777676056278e+00
1.806396066125537603e+00
1.862963569351811177e+00
2.470428494171613920e+00
2.296517152739492751e+00
2.126721134305045613e+00
2.144899150472850735e+00
2.459452860232147930e+00
2.384781744290299432e+00
2.092007570750661127e+00
1.921614163572592293e+00
1.671720832625490871e+00
1.751009276304978046e+00
1.870160906953345581e+00
2.015306336935718701e+00
2.332464214915519030e+00
1.779799851688313339e+00
1.878831825104064990e+00
1.860716950503323863e+00
1.618019536713642514e+00
2.037712095064965201e+00
1.749301302067437947e+00
1.486251095972843439e+00
1.496747819060098239e+00
1.639242061190878452e+00
1.469738974456972436e+00
1.664020461230505621e+00
1.466358844726029176e+00
1.340033012623492503e+00
1.173994548649162528e+00
1.542173629830439596e+00
1.529048969842974781e+00
1.453231490335745280e+00
1.546658718081780792e+00
1.913454548309766245e+00
1.869620524826276498e+00
2.041520199878732011e+00
1.605491523267222664e+00
1.637502057795017452e+00
1.667029611154824398e+00
1.687083271307818766e+00
1.974818726574008920e+00
2.293700029214594149e+00
2.051918625828001108e+00
2.184616400867605890e+00
2.322307981339391869e+00
2.508526264204983036e+00
2.164326936452791283e+00
2.100841431397000303e+00
1.868976980127265541e+00
2.081164752172317112e+00
2.204204584774614339e+00
2.034772139405375935e+00
2.020879311738953188e+00
2.065963210806187611e+00
2.336054333717731524e+00
1.904484988195241257e+00
2.140133657198937112e+00
2.080192056706366088e+00
1.916811008041102715e+00
1.683913448078333763e+00
1.935598851623488104e+00
2.165690034215106863e+00
2.219608805155212750e+00
2.199077220286901113e+00
1.960570508060414774e+00
1.998560996658435673e+00
2.081939781767501607e+00
2.091443850577201058e+00
1.869697273040983099e+00
2.283706116178658707e+00
2.395398310768034111e+00
2.243909354790303734e+00
2.432332537381102000e+00
2.411114863692564558e+00
2.374076727709563350e+00
2.430699378129520749e+00
2.117483976183219152e+00
1.470481387108318438e+00
1.621752019050406890e+00
2.469205841116254074e+00
2.513144763520138270e+00
2.617036084839634569e+00
2.140691302418704201e+00
2.365216667979316512e+00
2.002859910336441729e+00
1.667009888532641204e+00
1.555845829165717564e+00
1.425421693997797501e+00
1.584853727132931267e+00
1.279613340295741031e+00
1.557850012181524413e+00
1.579528335145898410e+00
2.234079135691136475e+00
1.977909696566715558e+00
2.230068787321080936e+00
2.161685795273796007e+00
2.329952143427106659e+00
2.268322263804824157e+00
1.723177946292970830e+00
1.486750220899320407e+00
1.808316932710569036e+00
1.335645613410493926e+00
1.817072632606528959e+00
1.720648743318913265e+00
1.758729197944037370e+00
1.344440775564983426e+00
1.335783675306649654e+00
1.539230934409292040e+00
1.429272030530364779e+00
1.596659936353433062e+00
1.700930348382164503e+00
1.460375244069671119e+00
1.280552326566770871e+00
1.437843936541931544e+00
1.585157392814530164e+00
1.399578399132068274e+00
1.257695481820814587e+00
1.217658793595931321e+00
1.205883185863300122e+00
1.334400920418021386e+00
1.330116554313941268e+00
1.285037865641988519e+00
1.244222675648220644e+00
1.085201520499783134e+00
1.143898803246870433e+00
1.202058540444627788e+00
1.399677423266346921e+00
1.351939253762224125e+00
1.364616892567123152e+00
1.604339375104785193e+00
1.524507861821831067e+00
1.617686169933014062e+00
1.359381562531107202e+00
1.592050403070692344e+00
1.844961808284131921e+00
1.858680315190376575e+00
2.231759316847906849e+00
1.841469580987730614e+00
1.549049424484697512e+00
1.567357800770129206e+00
2.109905240768140899e+00
1.694524539910030603e+00
1.525005736782450327e+00
1.314064114681050555e+00
1.359884160789237129e+00
1.584393472595589492e+00
1.976835988210857709e+00
1.795946562945862190e+00
1.424049439333736844e+00
1.948122768193662369e+00
2.080454235549505704e+00
1.846765241961996651e+00
1.159903528107909976e+00
1.327492473099186610e+00
1.314155752779855968e+00
1.354423552229397920e+00
1.369735112906797170e+00
1.720149991080646146e+00
1.542276715112006702e+00
1.452176097869055660e+00
1.951225533798674805e+00
2.053927264489351145e+00
1.955011740244971818e+00
1.666569912887528204e+00
1.827130294064009952e+00
1.735047385687201071e+00
1.692795589908858922e+00
1.724431382976939764e+00
2.266812349425378681e+00
1.929181896511001471e+00
1.969247693879482286e+00
2.027145238129146154e+00
2.207233438037135453e+00
2.176470781859869419e+00
1.890123828065775058e+00
1.662824819274249855e+00
1.513201519498917014e+00
1.691426701272014332e+00
1.222921898342284486e+00
1.372721532040981574e+00
1.583606572197702400e+00
1.309633886663359448e+00
1.360905959579411739e+00
1.520009027905016463e+00
1.391995813634933965e+00
1.169523369352408304e+00
1.401561553454783393e+00
1.494122064452388265e+00
1.357134604308855685e+00
1.575403033955501186e+00
1.774010304530468707e+00
2.014521028156796678e+00
1.843015869085541825e+00
1.443152084217871778e+00
1.482105817911816281e+00
1.420146286057085927e+00
1.131262534195255354e+00
1.556024384315953579e+00
1.500765557776093218e+00
1.169295708665271327e+00
1.424122992526778431e+00
1.169087131913659539e+00
1.271942434927911147e+00
1.380577181419790023e+00
1.484731013474423378e+00
1.286561056661478020e+00
1.394017310724540604e+00
1.604666602063153480e+00
1.531470488386143636e+00
1.140547242069865019e+00
1.782296830318176539e+00
1.776382985661107305e+00
2.013693801899913094e+00
1.565666478759256464e+00
1.886394762004254932e+00
1.841285099426564820e+00
2.099440252818260522e+00
2.346892711765006023e+00
2.255366359957903466e+00
2.213774626673820745e+00
2.097259853593617773e+00
2.136080620445182543e+00
2.250832395757457416e+00
2.180422635703636036e+00
1.765445024195050117e+00
1.572293463216956066e+00
1.593295372633969142e+00
1.694066873202611845e+00
1.774609222426066557e+00
1.869116351911759288e+00
1.453642895149182879e+00
1.350317193717518904e+00
1.916980249035395323e+00
2.131114140194852347e+00
1.917875643886286063e+00
1.434516649746786277e+00
1.578073709893872412e+00
1.581121517116716557e+00
2.414926218917238465e+00
2.027059382078579386e+00
1.979720812337521840e+00
1.810134994150478072e+00
1.467920034778862348e+00
1.576096554163481933e+00
1.872579223330417042e+00
1.766750709279270026e+00
2.010268851907389021e+00
1.919019834048993012e+00
1.885709571941673435e+00
2.386835669872042320e+00
2.412926785007862396e+00
2.120512571217229691e+00
2.168235336306858496e+00
2.388094865413381562e+00
1.841529613267148369e+00
2.124910872414138563e+00
2.121577336883381459e+00
1.905857088739246752e+00
2.032691351844135852e+00
1.662885861558266232e+00
1.913241843910239881e+00
1.927164801284295681e+00
2.088489184895185868e+00
2.123306169985339054e+00
2.283663356985921489e+00
2.116273834458367364e+00
1.635821281175348751e+00
2.123786366760040956e+00
1.751128844314109534e+00
1.700623839231895307e+00
1.359077808537779264e+00
1.443025110178893344e+00
1.445947350572611256e+00
1.570445174757288287e+00
1.799299121443825644e+00
1.891065694780560635e+00
1.828380466437408813e+00
1.764076454677057093e+00
2.059622479185331478e+00
1.999781559948204279e+00
2.252164189077416889e+00
1.709055620882423243e+00
2.107644132855935659e+00
2.006996395155169921e+00
2.007914759832887253e+00
1.546858313421406228e+00
1.246473722693406616e+00
1.387291027205267646e+00
1.444025337415652421e+00
1.559148342803097442e+00
1.640508140979737739e+00
1.653007749926094894e+00
1.222654685588994372e+00
1.538598057168201416e+00
1.827892140724688863e+00
1.820874720661682433e+00
1.850141956181647673e+00
1.653273089124449591e+00
1.677917077218624931e+00
1.646696683086374069e+00
1.796263871990388727e+00
1.576312501662639143e+00
1.539375827339268588e+00
1.572524558622430568e+00
1.846865854210682834e+00
2.040286236683422683e+00
2.092453503499261291e+00
1.788103857191932100e+00
1.725070776770419645e+00
1.594700166215118564e+00
1.693859013147427151e+00
1.547120317347757457e+00
1.488034991147043407e+00
1.560604128613360730e+00
1.512676072390543247e+00
1.715318911093915988e+00
2.033934120082419028e+00
2.330194360879324300e+00
1.809022731717304211e+00
1.808981214083983380e+00
1.766334542297792298e+00
1.896448305544407020e+00
2.283480167936441152e+00
1.854063146060904721e+00
2.151785368844272295e+00
1.832805143920370305e+00
1.944392902611594698e+00
2.047296998319228845e+00
2.138524765838576869e+00
2.149657918552461133e+00
1.873522850331870160e+00
1.548220097572713172e+00
1.436980718031200199e+00
1.574183912029143650e+00
1.748009705609669950e+00
1.951354072020840213e+00
1.749210065056950203e+00
1.594916087081079237e+00
1.639826313607786634e+00
1.453023904482525275e+00
1.860727777483064393e+00
2.169099403240083657e+00
2.075959304372933190e+00
1.882318006162961854e+00
2.060135277142554511e+00
1.936064163742685640e+00
1.882381891709367316e+00
1.744464318443448070e+00
1.592559409488216504e+00
1.867839521783132728e+00
1.620582599643861643e+00
2.367385971105683495e+00
1.896155007320400543e+00
1.791632189354137594e+00
1.869026424233012129e+00
1.914086686232794099e+00
1.909222412611405462e+00
2.090267208104883423e+00
1.492339061603657813e+00
1.813116766642792754e+00
1.329844262408503841e+00
1.432932921967357887e+00
1.713612317185678968e+00
1.976858562732746183e+00
2.236856067207274368e+00
1.926139007151959737e+00
1.688915373166989697e+00
1.842980566911385232e+00
1.972962172113474910e+00
1.361222055719075508e+00
1.903016367343461912e+00
1.635197238729364289e+00
1.770136396587929317e+00
1.790962333547081231e+00
2.159570712448882546e+00
1.682858898838626605e+00
1.416001543531044460e+00
1.200066266219772970e+00
1.541156494765744789e+00
1.428170948064517720e+00
1.323944308292500427e+00
1.534887134073152914e+00
1.556443268744122976e+00
1.225248917309621710e+00
1.361748401909659512e+00
1.386664877377223215e+00
1.504750510730187951e+00
1.536340216204903797e+00
1.917344808880760088e+00
2.577522660646055730e+00
2.415429989390042831e+00
2.737113142576844904e+00
2.174965065940078546e+00
1.954555278519817252e+00
2.037899607022475301e+00
2.073677916587003178e+00
2.066625323235521616e+00
2.474281993723476347e+00
2.245634379381763690e+00
1.930671244032150957e+00
1.962288279901718502e+00
2.035998298297369669e+00
1.691307836170914403e+00
2.079489862971250158e+00
1.418471845011021193e+00
1.401707093752230016e+00
1.452075075425093509e+00
1.925816397965014692e+00
1.768322836597412184e+00
2.309844737462150022e+00
2.458723345379111080e+00
2.269726372305913564e+00
2.258201879800208811e+00
2.402887658420060468e+00
2.121725918175239922e+00
2.203182846963965602e+00
2.017464021863815127e+00
1.881644959591952215e+00
1.558525254353114731e+00
1.245938584883227840e+00
1.379559588022154504e+00
1.562571807344092845e+00
2.034106735358402585e+00
1.647648184623739631e+00
1.629736518424035330e+00
1.834053728843541453e+00
1.942182480339835982e+00
1.514109217512225491e+00
1.770188115916345728e+00
1.598741782873541073e+00
2.057869173080601133e+00
2.003718247773479622e+00
2.105983787956769326e+00
2.030501717995204736e+00
1.826650005308441127e+00
1.411595476475784094e+00
1.582851230375120544e+00
1.946165206754455923e+00
2.145060346620566882e+00
2.487878532748558857e+00
2.161975239882495625e+00
2.111418624478376582e+00
2.143025448834398272e+00
2.075917476597837652e+00
2.323755934561939629e+00
2.053452272959974234e+00
2.374248819689346313e+00
1.987284183694771222e+00
2.381204638284190267e+00
1.769601624723839750e+00
1.749104291364917962e+00
1.741736311355648104e+00
1.679819176703929884e+00
1.414441459558215985e+00
1.122244914953760997e+00
1.252248002410751182e+00
1.408983062782490636e+00
1.412036106777853961e+00
1.314026693631358045e+00
1.625793828238360383e+00
1.439216720792806381e+00
1.516744352580463140e+00
1.439577391837801201e+00
1.517063359137070799e+00
1.557182716226653607e+00
1.475263600108101425e+00
1.334693363015661882e+00
1.514113378136675347e+00
1.548673409445483040e+00
1.433301823416310405e+00
1.532846140003414570e+00
1.737747682382283276e+00
1.422423059722518479e+00
1.427292804434417084e+00
1.838235810553572769e+00
2.177406029018095879e+00
1.874635039883718157e+00
1.474530957204692516e+00
1.733811437158908397e+00
1.551890080467885236e+00
1.492764024020767133e+00
1.386912469800345216e+00
1.671168516739746979e+00
1.270515869175497414e+00
1.257905427498028139e+00
1.542438734214842899e+00
1.535329656774035323e+00
1.367324992051771382e+00
1.658184097831849613e+00
1.902709877495343482e+00
2.155148300232677006e+00
2.340625102655121470e+00
2.474449717826984418e+00
2.260117485384474101e+00
2.187788343686232206e+00
1.734118581290042149e+00
1.899987416880692948e+00
2.014880765811918106e+00
2.168490860425081213e+00
1.844106684811031460e+00
1.789068744460927896e+00
1.240077681319668113e+00
1.420435367824945949e+00
1.396837159702687181e+00
1.308262344553338563e+00
1.572445324552615320e+00
1.683943233992367228e+00
1.749770759722317992e+00
1.873940006028051108e+00
2.093333152276432685e+00
1.870505736930487828e+00
2.039672435667996275e+00
1.736051373699461386e+00
1.332354069438897337e+00
1.266460538449830198e+00
1.405346497745977308e+00
1.458281153730099478e+00
1.859737721299910662e+00
1.672853871833444250e+00
1.752997482499131010e+00
1.449466475467977133e+00
1.449572286845101532e+00
1.439600532805141553e+00
1.256599994219837590e+00
1.306557222213297953e+00
1.434262982162946454e+00
1.460267635914209494e+00
1.402260188167302024e+00
1.665964518774910363e+00
1.609819446319799674e+00
1.468352073390624568e+00
1.374522904879160512e+00
1.585662995998284863e+00
1.372990497139497279e+00
1.185804574894798735e+00
1.243716025978073070e+00
1.513441132918780907e+00
1.790740251534056915e+00
1.434737654810039675e+00
1.350826180310831681e+00
1.665434533770570713e+00
1.785678372064717578e+00
2.304251609864443662e+00
2.268287130653511507e+00
2.188354936933702977e+00
1.895334828820830486e+00
1.932435266233957449e+00
1.919947876568915524e+00
1.664753159759470691e+00
1.833718867662545549e+00
2.170267937827403681e+00
2.277797351657438352e+00
2.708806349530735957e+00
2.136266198828048690e+00
2.087395106084661389e+00
2.014304752592483094e+00
2.173903249427872275e+00
2.150410674569772418e+00
2.369382251830670416e+00
2.114665656166234253e+00
1.985683152377838212e+00
1.378445258494331638e+00
1.729355215182706962e+00
1.685820744788585124e+00
1.564364246801803526e+00
1.131498947834396640e+00
1.174406119223412537e+00
1.195939478880770679e+00
1.219461635376028141e+00
1.172122934523311732e+00
1.330475966674713462e+00
1.258975276968411938e+00
1.191274817442746770e+00
1.345454784042799057e+00
1.177038152681952665e+00
1.383816184566448282e+00
1.635633442192683251e+00
1.849037638728145971e+00
1.548919497883057161e+00
1.857457937129846304e+00
1.640827407893125311e+00
1.521795410250002201e+00
1.873693035189832434e+00
2.339649071967975669e+00
2.285903478813576140e+00
2.442961103510423726e+00
2.311144810316402509e+00
2.223222552512680750e+00
2.168043302517714821e+00
2.299304867508142447e+00
2.034775018154880044e+00
1.793385187838779649e+00
1.635003666177203829e+00
1.498544970412643895e+00
1.678563717394252253e+00
1.741532264459912938e+00
1.789852075436283219e+00
1.678016124937961706e+00
1.493020708972031763e+00
1.477826117143033358e+00
1.421342439824299753e+00
1.416388398335703958e+00
1.489621060516596929e+00
1.563584787665026843e+00
1.710657559166477659e+00
1.817657522297642547e+00
1.952377249168268936e+00
1.855296539444236892e+00
1.900517906706580717e+00
1.915578727498675082e+00
1.979059193474204115e+00
1.831297863049493602e+00
1.836356118688997618e+00
1.755804209772751978e+00
1.925032131248348266e+00
1.766858731144785644e+00
1.579243090492671753e+00
1.612855023263697563e+00
1.413630269635959946e+00
1.186954329827240029e+00
1.511676615574025995e+00
1.616588500957907293e+00
2.090508347240446430e+00
1.607604772525148551e+00
1.470377429480286047e+00
1.509382058439310947e+00
1.186097673571818500e+00
1.259305235277069501e+00
1.219146118223129127e+00
1.323198813396975204e+00
1.311796894121213253e+00
1.310256330138197312e+00
1.426837335487675773e+00
1.361962976653766200e+00
1.464295995371239556e+00
1.554447703911618017e+00
1.401392484066007027e+00
2.069224796121691412e+00
1.664016105600585549e+00
1.646177495600940066e+00
2.185651183876566428e+00
2.081826008214505919e+00
2.131476275746440496e+00
1.740219888161134154e+00
1.308047299454747847e+00
1.267648430244079139e+00
1.435470355004595078e+00
1.616589703811322387e+00
1.685160510112775789e+00
1.807553460301068560e+00
1.734988840783481256e+00
1.982909649870920221e+00
2.228075572394483395e+00
2.646601693284069245e+00
2.487081335729607101e+00
2.322358677941326555e+00
2.088999309849860708e+00
2.257934161507298754e+00
2.049916787673586427e+00
1.674821887483825211e+00
1.776372106425442965e+00
1.958488593316881410e+00
2.006343076472778986e+00
2.184362606929804773e+00
2.172618356114063065e+00
1.933242267028852712e+00
1.971655433891841058e+00
1.262100508302028246e+00
1.528763204926730124e+00
1.465800761406258701e+00
1.602105956666113773e+00
1.526476622819158191e+00
1.668179704707733357e+00
1.440765030248985834e+00
1.664155027373413809e+00
1.652495311875327166e+00
1.584829844781946662e+00
1.530910607066770845e+00
1.558098532750985532e+00
1.616243818126926746e+00
2.295978881496222090e+00
2.145245628844425934e+00
1.818422494668114897e+00
1.642906419064899870e+00
1.776175076488641480e+00
2.195404313845114697e+00
2.167299231873653920e+00
2.276223443185898976e+00
2.307417151735763561e+00
2.368682978690881402e+00
2.298530842488305304e+00
2.039589393387200467e+00
1.873082425468344470e+00
1.668415305566672835e+00
1.909150433948459069e+00
1.783413155060245892e+00
1.803199058147318956e+00
1.512954582031433848e+00
1.998891118137568146e+00
2.169196807836908825e+00
2.203851896023500068e+00
1.714177754009728050e+00
1.420000535088971061e+00
1.523639892087592207e+00
1.508570977152270176e+00
1.566878117524327818e+00
1.553394785630874075e+00
1.775325244063175267e+00
1.772777027387338222e+00
1.708603092945855551e+00
2.072268711593760582e+00
1.741765590221815874e+00
1.793708954983861181e+00
1.830997330306459281e+00
1.899363178967877319e+00
2.243134626366558582e+00
1.881192909091935705e+00
1.938895108467088679e+00
2.103246443283859790e+00
1.975729209514705875e+00
1.724936345995226050e+00
1.944920989051132088e+00
1.828818394596912089e+00
1.586838949305739099e+00
1.504820803399474993e+00
1.436271795756685954e+00
1.217099123424933982e+00
1.326076972101645879e+00
1.265997372053533354e+00
1.359167162963806241e+00
1.171936379835340825e+00
1.169661673614492026e+00
1.285649978131070847e+00
1.187240913278681642e+00
1.484112029462726356e+00
1.873104220452830759e+00
1.538027715339434387e+00
2.210973735403045204e+00
2.327775309961463979e+00
1.968907874635289490e+00
1.994708299746406510e+00
1.546208076517529229e+00
1.803585849938852625e+00
1.353144928294191196e+00
1.441601117260546516e+00
1.528550838892940078e+00
1.544849726971867732e+00
1.907683313745794695e+00
1.731770863198301758e+00
1.864691284124368131e+00
1.842395284686908941e+00
2.113991574183490929e+00
1.879636128262532679e+00
1.436088787841810932e+00
1.766509163727089771e+00
1.629962113072437546e+00
1.550477617473793757e+00
1.828900931255289741e+00
1.850822454224058111e+00
1.662378710873182008e+00
1.992658955305178115e+00
2.434349615817478885e+00
1.843621040128743616e+00
1.635444667708689792e+00
1.567344419683667667e+00
1.637138168232789015e+00
2.112746834306987065e+00
2.010773795608644665e+00
2.299867228975133404e+00
2.613824603800762869e+00
2.102118471476413397e+00
2.221762798921135484e+00
2.500987941992285801e+00
2.274046681168262030e+00
2.173070230791183111e+00
2.106946141721252719e+00
1.981401903088783945e+00
1.932666387899768301e+00
2.051763976632259734e+00
1.981481396915388160e+00
2.047458948658194000e+00
2.345773582435425109e+00
2.256486117796415058e+00
1.837438296526612280e+00
1.918832132983129490e+00
2.030981913770967040e+00
2.419386734582336551e+00
2.183992186862169227e+00
2.090739504568529750e+00
2.315964575111391976e+00
2.501626623237865665e+00
2.318182435368105754e+00
2.294085138170123717e+00
1.752397470479810870e+00
1.857357771392623480e+00
1.674208860906260643e+00
1.624767172762050293e+00
1.676023335632393030e+00
1.824017400031809233e+00
1.407347818793210026e+00
1.614325096934389414e+00
1.624337375768961422e+00
1.665148716631290826e+00
2.090048450675728642e+00
1.695707022199414382e+00
1.994728657423166185e+00
1.690374981397612109e+00
1.601299172572567819e+00
1.187165461236503239e+00
1.544997077824497467e+00
1.523444260140879969e+00
1.849362617689998878e+00
1.763947260785543980e+00
1.632609736921394772e+00
1.663251267288902158e+00
1.431446090649918013e+00
1.629342782828618441e+00
1.346382946290795246e+00
1.582997297136733650e+00
1.587042468228038405e+00
1.519930849521329286e+00
1.207870685056203541e+00
1.565855463394442593e+00
1.725201690359206452e+00
1.809527437612540091e+00
1.829358026601156428e+00
1.786895815754175221e+00
1.819529749613779446e+00
1.504271441326216596e+00
1.495619331424261844e+00
1.641897702528585246e+00
1.628192156882402264e+00
1.203478517608874032e+00
1.235385728016843654e+00
1.512551748578478295e+00
1.717596581774722297e+00
1.984617573755005360e+00
1.762185213244034987e+00
1.810405314862115977e+00
1.519511660957606036e+00
1.305252110325920922e+00
1.389115524074637342e+00
1.411761968210233142e+00
1.567153911488546214e+00
1.696601524048228615e+00
1.715316999675047471e+00
1.559848247652630526e+00
1.675720439315571797e+00
1.333232939145057028e+00
1.321084777316540171e+00
1.393463875624928461e+00
1.651706842442934420e+00
1.639843251638872124e+00
1.327462124626076267e+00
1.694153743539508428e+00
1.477142139456414593e+00
1.850939158489054881e+00
1.737303951859483719e+00
1.604374315802390205e+00
1.673137780342994763e+00
1.961986162518430721e+00
2.335937691575187269e+00
2.179553432742728614e+00
1.905847758320728502e+00
1.655940576858673907e+00
1.506738523275433117e+00
1.642108159638759224e+00
1.963068943278166945e+00
1.864072364751443445e+00
1.776851408328936843e+00
1.467927022211730659e+00
1.141878990985150555e+00
1.126614606756950687e+00
1.441140696932297294e+00
1.780871627503464838e+00
1.449653513205245492e+00
1.387489438514631690e+00
1.063153061310406544e+00
1.267409122127385324e+00
1.332636731886675641e+00
1.306757574513936593e+00
1.349705424178053059e+00
1.541876009055459962e+00
1.879210844359613830e+00
1.269529228933713227e+00
1.211794677723830649e+00
1.374891419315376506e+00
1.438103706411888894e+00
1.295815672408671793e+00
1.433633357265142294e+00
1.097780362529820586e+00
1.196328987394804422e+00
1.307371801781619158e+00
1.368313898068365120e+00
1.580496663189389306e+00
1.443253382485853109e+00
1.657872162411137440e+00
1.528709507773217124e+00
1.501055438935801289e+00
1.291360411595663837e+00
1.222643016525317927e+00
1.266940775646136608e+00
1.428927843267791431e+00
1.531574611598721436e+00
1.569663428464656008e+00
1.827752102934494083e+00
1.415682480536521126e+00
1.491878129924952834e+00
1.465671200650005446e+00
1.332170387697471092e+00
1.151425344835266262e+00
1.357844841296079297e+00
1.126338334529284335e+00
1.138311080687138155e+00
1.289219331966649618e+00
1.538113546369937579e+00
9.351633797327301156e-01
1.233555450249980368e+00
1.568038925222966284e+00
1.647909977863180275e+00
1.446603774678700827e+00
1.572523622357541395e+00
1.845669403155751453e+00
1.855022685646710023e+00
1.695868711671422835e+00
1.438753471991925492e+00
1.509874400568827602e+00
1.216503625733377669e+00
1.249513271440686246e+00
1.828801965342230718e+00
1.377754045531161653e+00
1.655334604717919822e+00
1.372922427434460912e+00
1.221147295340402783e+00
1.566204533709453006e+00
1.647338502939547089e+00
1.956521761961588002e+00
1.714344178447026579e+00
1.713963069345556978e+00
1.960548378430802874e+00
1.800478167572137966e+00
1.656348668465360774e+00
1.642696244202374034e+00
1.997289978942484723e+00
1.929370748668722158e+00
1.846248832975801113e+00
2.230881528750656262e+00
2.161283203318097534e+00
1.481060514133670347e+00
1.621529837427147847e+00
1.575983507549001850e+00
1.482580669265346041e+00
1.111920037434434239e+00
1.159893094382497436e+00
1.392124302860908713e+00
1.426034345888522736e+00
1.426924920819779841e+00
1.342816859988640310e+00
1.311500359626557533e+00
1.594955186096765454e+00
2.056383220584636629e+00
2.126028355630870337e+00
1.976068340432976633e+00
2.371748549753674773e+00
2.295353823631828494e+00
2.073524743530413605e+00
2.340690775470704477e+00
2.097104704058525559e+00
1.730417444417615691e+00
1.883414080258434709e+00
1.669357924578738439e+00
1.479078481459506822e+00
1.823736949911871852e+00
1.917526938193935937e+00
1.584185479139955444e+00
1.639872747817759491e+00
1.158765985871757609e+00
1.533286999161915798e+00
1.532469819228656993e+00
1.226433664381662902e+00
1.852240116906936906e+00
1.585718395793729973e+00
1.749157002270153916e+00
1.858653067950801985e+00
1.871581516380689258e+00
1.915078673281050969e+00
1.998064393631341140e+00
1.899874201504351490e+00
1.672628923962021563e+00
1.538501581771950955e+00
1.651350854017199499e+00
1.534476519295512098e+00
1.586049879872963420e+00
1.831425092862294379e+00
1.693758672132368748e+00
2.128389619232359475e+00
2.186162241678640150e+00
1.881218143176811131e+00
1.853282386865642950e+00
1.690012298648942535e+00
1.941220533506056611e+00
2.099305108537099951e+00
2.165498089838628015e+00
1.817053455608969692e+00
1.758709476452694265e+00
1.486530824448836885e+00
2.049691798433668222e+00
2.202936422745185752e+00
2.273297805508541991e+00
2.133567477323663919e+00
2.259997019043795685e+00
2.394268478907239928e+00
2.421852823217359507e+00
2.364990100266313622e+00
2.214265990738782275e+00
1.323279445329904158e+00
1.190800771278367032e+00
1.598079041937319200e+00
1.596966966309983027e+00
1.402462415696775100e+00
1.610923348961230905e+00
1.597359786669387383e+00
1.640042835113081132e+00
1.522392342698780876e+00
1.469398892498151588e+00
1.984663891274274450e+00
1.921212947968409912e+00
1.386840048375073131e+00
1.412840948379155304e+00
1.384338171569999609e+00
1.251285544202651812e+00
1.107287334489871267e+00
1.115428086278608566e+00
1.218274256724765303e+00
1.217688894080983353e+00
1.345512598661639636e+00
1.176868964768227777e+00
1.498272108683446735e+00
1.610666468855513900e+00
1.517443331093053516e+00
1.551216713529293578e+00
1.543216239451650429e+00
1.348576654777224881e+00
1.344999462584939742e+00
1.243749447791671736e+00
1.378920928115132893e+00
1.391527644567647437e+00
1.520315276664917725e+00
1.724343707007348847e+00
1.725269778294932665e+00
1.761999339701409539e+00
1.935906743620921411e+00
1.985840692562737209e+00
2.223515661591544124e+00
2.177153753843556583e+00
2.564818401230747558e+00
2.493997301516388987e+00
2.199186444398663731e+00
2.354513897575719827e+00
1.581734638482209521e+00
1.504094409558828005e+00
1.285429650420887304e+00
1.183352796709401078e+00
1.228101787150043478e+00
1.461244711853434186e+00
1.579846844539388506e+00
1.091153536120051504e+00
1.473395118037269969e+00
1.896291515756537649e+00
1.830300758117380688e+00
1.650551875686544268e+00
1.857325220473478256e+00
2.206496466925565780e+00
2.104851530961741712e+00
1.758669385187966228e+00
1.555290269722768182e+00
1.362744897612839123e+00
1.282858264549579630e+00
1.889598117666721366e+00
1.624873242390230121e+00
1.706822176450782269e+00
1.777323468135291851e+00
1.420114685833022472e+00
1.951703088445071010e+00
2.126291102882774453e+00
2.750616011120633253e+00
2.490513707401239785e+00
1.580198208525841697e+00
1.584544170925381579e+00
1.852245368750655707e+00
1.514871530630083063e+00
1.401542927897779789e+00
1.637390137109059340e+00
1.394083555848268041e+00
1.880942772763787518e+00
1.908348814268167049e+00
1.443470986452368265e+00
1.498310187444124253e+00
1.467595827188654667e+00
1.377965989159927185e+00
1.500962789576861356e+00
1.330279922810363225e+00
1.692855373828270560e+00
1.184642584770516427e+00
1.515388969735020019e+00
1.351836492183998706e+00
1.519868578444641516e+00
1.408867742892080388e+00
1.588603549559483019e+00
1.951049754747932852e+00
1.956202088686880280e+00
2.053802127568184144e+00
1.976557246501468912e+00
1.898242724644040536e+00
1.778072594296064457e+00
1.739484250745049865e+00
1.663678962712564546e+00
1.485442000026905962e+00
1.475325404531973028e+00
1.536554007104522057e+00
1.909206539218823551e+00
1.971774043288099243e+00
1.977547169896826773e+00
2.002295472276408361e+00
2.133811502006965899e+00
1.830931041170080764e+00
1.794661233764008657e+00
2.048390020518864763e+00
2.409540614999443164e+00
2.415913849875151342e+00
2.268654971332618508e+00
1.991271913560325180e+00
1.759040331416350966e+00
1.475894136413854696e+00
1.233790312814042167e+00
1.313579498036225202e+00
1.539789077010878415e+00
1.579175384750017397e+00
1.577967487958632731e+00
1.760521269265596267e+00
1.270493826283510153e+00
1.087547728377862954e+00
1.482160421682924500e+00
1.409572448295921321e+00
1.365651226444867916e+00
1.288006300466405962e+00
1.540444437579039816e+00
1.416685113137379659e+00
1.447791576111788769e+00
1.702254379406474172e+00
1.463219153558661390e+00
1.282787157262507582e+00
1.279333388778230329e+00
1.413949055983658720e+00
1.524631758697265749e+00
1.513534712593269216e+00
1.209687129998603172e+00
1.202650616884230583e+00
1.391773300057311369e+00
1.887186717289755622e+00
1.929154423141178798e+00
1.636124180641092885e+00
1.661139783638705625e+00
1.575286690875269846e+00
2.019775548903515183e+00
1.700051122891070410e+00
1.968191537256369195e+00
1.845860938613886448e+00
1.957475435658274865e+00
1.808650422995062401e+00
1.495265957821959368e+00
1.551773004569328540e+00
1.726602421995875991e+00
1.805212590814951445e+00
1.223216428150152080e+00
1.474861194301714917e+00
1.563762809872526249e+00
1.317187018637866025e+00
1.363365775963862214e+00
1.237890610415755654e+00
1.259844952046174527e+00
1.405945428353928328e+00
1.545892607129897511e+00
1.555821284922402459e+00
1.535160898156187503e+00
1.489960772397668665e+00
1.521199525409134390e+00
1.678558551087304895e+00
1.743576724211396867e+00
2.340418561450949397e+00
1.990690172976285144e+00
1.764418184936795475e+00
1.392831614141424090e+00
1.354320974965065760e+00
1.543398187911943387e+00
2.121333598852502167e+00
2.142982952016901699e+00
2.056765722119227036e+00
2.093908073422623417e+00
2.074817125556703612e+00
2.272173745941429512e+00
2.213399465380490039e+00
2.006538380451448944e+00
1.790803457075955452e+00
2.062293321222863351e+00
1.388710398142622537e+00
1.789600573828971752e+00
1.549287151239637117e+00
2.138151202495249148e+00
1.832032468974592376e+00
1.774896889865123173e+00
1.877442206901622557e+00
1.919642252147695904e+00
1.488234826683145329e+00
1.122627184275895473e+00
1.281381447400140594e+00
1.113509739154088241e+00
1.248884788236573451e+00
1.220476403238648366e+00
1.143447681030865359e+00
1.097682041763149652e+00
1.099744778116562793e+00
1.234221376896229572e+00
1.259665219252326107e+00
1.611078986209159680e+00
1.779651074062978955e+00
1.581235574827368762e+00
1.661512176373937111e+00
1.456145345316229189e+00
1.429715139127892387e+00
1.504051586280284791e+00
1.590006140344321750e+00
1.479228851041787252e+00
1.445181093357700064e+00
1.247900753994134249e+00
1.432495249081347843e+00
1.381681635861428781e+00
1.305613761929401484e+00
1.507739804101215553e+00
1.623134765455109152e+00
1.474397593367366532e+00
1.542349476487504978e+00
1.259202223606768811e+00
1.956609043906478496e+00
1.769053630617557493e+00
1.888887756828893094e+00
1.661796413211710011e+00
1.618302492636503720e+00
1.529579399798487005e+00
1.774414960088686932e+00
1.522198849800226350e+00
1.493699187610420642e+00
1.271183207010211147e+00
1.479604362448903920e+00
1.728159799896809679e+00
1.664242867673760617e+00
2.019923221630935739e+00
1.794786070307112347e+00
1.627332813927614197e+00
1.489697327547007788e+00
1.593679351393516130e+00
1.969777612582864101e+00
1.744711688743250777e+00
1.531709226515279632e+00
1.411829054137643702e+00
1.672690166628835629e+00
1.676970502631669468e+00
1.694607578272728787e+00
2.171622774375350229e+00
2.080109083901824807e+00
1.950639187719943157e+00
2.314982202326054672e+00
2.171987703724242103e+00
1.871137230852014444e+00
1.707675918104575530e+00
2.123436330605330546e+00
1.965183277340478929e+00
1.704430547627866055e+00
1.518140230843559868e+00
1.389877072910143951e+00
1.300292290913331428e+00
1.751206859770921387e+00
1.672463180623163126e+00
1.631533676592167970e+00
1.311103056354623098e+00
9.782079898515591010e-01
9.695537965234761746e-01
1.160669349799273720e+00
1.511371882022472413e+00
1.471590403219543930e+00
1.714092621412919293e+00
1.961035010672198098e+00
1.858843995050244224e+00
1.768778644821229040e+00
2.169196320223236718e+00
2.158899875957894565e+00
1.848472292262241856e+00
1.621385434492490063e+00
1.896601941315083195e+00
1.914016511270588028e+00
1.896310810765486465e+00
1.607180664177410456e+00
1.612816909343886884e+00
1.707730254338477582e+00
1.937688573822836879e+00
1.253045562449394357e+00
1.313289044249618787e+00
1.250220759163284345e+00
1.253064097788685549e+00
1.463430087793240242e+00
1.287728256970126051e+00
1.719365241584318360e+00
1.376964437599811575e+00
1.325245860304048229e+00
1.354955012887802512e+00
1.315429867008232501e+00
1.593764824343594455e+00
1.363398748340787003e+00
1.661507696891414643e+00
1.642422933903132432e+00
1.344589275732856137e+00
1.892273465900882634e+00
2.115157164150392344e+00
1.673443800974313111e+00
1.557877760602917050e+00
1.977137511378099788e+00
2.057012337380821787e+00
1.913697308112837892e+00
1.537881350189413743e+00
1.654069168625840192e+00
1.605134164577954436e+00
1.668123501293709232e+00
1.815166963271673373e+00
1.634519810061676681e+00
1.839787234148283934e+00
1.736684801708132442e+00
1.964166117243635767e+00
1.953799070069226262e+00
1.672827692697977042e+00
2.050260027001379992e+00
2.481623024454651993e+00
2.399567884300222165e+00
2.276499439786195289e+00
2.305443013593337032e+00
1.616601538109051051e+00
1.399356892974548128e+00
1.517562747698471659e+00
1.420210365657342155e+00
1.238252390889076793e+00
1.441789631675777228e+00
1.759974624074419625e+00
1.616778795557079818e+00
1.534779518282970656e+00
1.930882198386951076e+00
1.569532141054523544e+00
1.410565390701458810e+00
1.437099116040634783e+00
1.041752026620071270e+00
1.329675246658045928e+00
1.755321553915438093e+00
1.747557609086518582e+00
1.755728929858561660e+00
1.984467504552679173e+00
2.029438729395434571e+00
1.915284775526481909e+00
1.998941280853015590e+00
2.227750242003348369e+00
2.211449597850708493e+00
2.265905872122257136e+00
2.054193040843599327e+00
2.065763778547888840e+00
1.825943321888086501e+00
1.697030165499577636e+00
1.723393232933966734e+00
1.653216982738081597e+00
2.141093756297866690e+00
1.851351219724544750e+00
1.700641991682928511e+00
1.320088287900951896e+00
1.441938754418391699e+00
1.793032937844147856e+00
1.793044877094270184e+00
1.659843607727057524e+00
1.619909103209261181e+00
1.855750331745394277e+00
1.902438072112016876e+00
1.908703134869253137e+00
1.913599685938715655e+00
1.602227943018098344e+00
1.886257183561049322e+00
1.630875374726709071e+00
1.676423458049839610e+00
1.675405435418828803e+00
1.702464608774844068e+00
1.447405129747575847e+00
1.514406297193419348e+00
1.400381276492000282e+00
1.732587609350237701e+00
1.986804985165421478e+00
1.848313651686247283e+00
2.114705982044474020e+00
2.219245623415685209e+00
2.373074477890394274e+00
2.007845072340216586e+00
2.060689524197641731e+00
1.977123931976997318e+00
1.565249822879431596e+00
1.626423887362007381e+00
1.501198945175572508e+00
1.490055146408697295e+00
1.623361082700438107e+00
1.429811887987647578e+00
1.325370623028206296e+00
1.381543830020338204e+00
1.279241850699294192e+00
1.128140956931076744e+00
1.137058933620102463e+00
1.413026182352930427e+00
1.493675991428099925e+00
1.502790152461418671e+00
1.177155013448251131e+00
1.154127925684647726e+00
1.257691786680491752e+00
1.138032671167926280e+00
1.341362628056834705e+00
1.344676746107278609e+00
1.160493240038074969e+00
1.067738448216549285e+00
1.223245756951071739e+00
1.397189933136236739e+00
1.730131686850189032e+00
1.450703961534952624e+00
1.526056032546550201e+00
1.326872859377118630e+00
1.162287142996979661e+00
1.468614942593778672e+00
1.120178445805932732e+00
1.263473859638389873e+00
1.291542358848672301e+00
1.398659985068846145e+00
1.773245109389404606e+00
1.769302853217399107e+00
1.538613748236076439e+00
1.374683602833782103e+00
1.212817455028360358e+00
1.205324522390207820e+00
1.647919862975897320e+00
1.644469252351159927e+00
1.925451434198274914e+00
1.790929736196597677e+00
2.061352237031995660e+00
2.054065758965375466e+00
1.849126637194934197e+00
1.406241338479444325e+00
1.538123467874427552e+00
1.769579829598382892e+00
1.365649793494117414e+00
1.144758424000456465e+00
1.578115913464968267e+00
1.816872026291427078e+00
1.594446551203678508e+00
1.477706177929853926e+00
1.545629152156676511e+00
1.720677278290856593e+00
1.396992435190516302e+00
1.334692374713651875e+00
1.429326857824159358e+00
1.450541020777906143e+00
1.716457788382355520e+00
1.901865738233698755e+00
1.990874900311487172e+00
1.738630293602450472e+00
1.595370181301826840e+00
1.333197675033968688e+00
1.591308311712994694e+00
1.312927326882168844e+00
1.372452923182971851e+00
1.580586806141925482e+00
1.492163963950595029e+00
1.435236689766876683e+00
1.560594353861232575e+00
1.576905741402443661e+00
1.493716557478981688e+00
1.508111008529255948e+00
1.688137751734872127e+00
1.858744881699301743e+00
2.092981099768699504e+00
2.318512238710276119e+00
2.436491628205857296e+00
1.813780911013182395e+00
1.775216758475687051e+00
1.880329104786618188e+00
2.180802998460829922e+00
2.019547007839745500e+00
1.768779722187840520e+00
1.481933850553362353e+00
1.337105981719998615e+00
1.490705382302573101e+00
1.729143238343255895e+00
1.630299621244574171e+00
1.932586305885106270e+00
1.848899322696154757e+00
1.902103014675448511e+00
1.824260323198988010e+00
1.954519944479596649e+00
1.996125905731149786e+00
1.772031915619810549e+00
1.982688730728292770e+00
1.906402737560426219e+00
1.760336939321387906e+00
1.636009965834377189e+00
1.549854040830286550e+00
1.616381918615555469e+00
1.672946147127921224e+00
1.800505334108882138e+00
1.989388572752481599e+00
2.069922218615230847e+00
1.903084811496385642e+00
1.821070803953879214e+00
1.894087451905101638e+00
2.085051286216062838e+00
1.578277624611447383e+00
1.779496091099431077e+00
1.587215083811062355e+00
1.509737172176157438e+00
1.718242810397393683e+00
1.790183229234482809e+00
1.871732934960952166e+00
2.022267423594395819e+00
2.215463189556012846e+00
1.992088107084976079e+00
2.172045543045535876e+00
2.034380570081050887e+00
1.449744893169418125e+00
1.509912977940883971e+00
1.402505914471392057e+00
1.373550627804294155e+00
1.177707003782178852e+00
1.068867922315966279e+00
1.173097701319719244e+00
1.056469508659267476e+00
1.270675696751108807e+00
1.119184774673391169e+00
1.392263833228845726e+00
1.158220284773085140e+00
1.247304431120799251e+00
1.243904395022838782e+00
1.293220201190763419e+00
1.527562451200476845e+00
1.434325188650783067e+00
1.474262155621325121e+00
1.564804177773425398e+00
1.648002398234560406e+00
1.713974762015390896e+00
1.845031690338711616e+00
2.219053946036876113e+00
2.339516730822100765e+00
2.312597784963358993e+00
1.681868840085459116e+00
1.996504823343847157e+00
1.754453730232985453e+00
1.525066338210752770e+00
1.560402225985203284e+00
1.715985884321403976e+00
1.526128616052482068e+00
1.628703490299584722e+00
1.505794542114032852e+00
1.143995852897341292e+00
1.314623711836485853e+00
1.673382008885178962e+00
1.644080074564970406e+00
1.609851826701562461e+00
1.598281779872081421e+00
1.856850968205083552e+00
1.723534314794658684e+00
1.902446179802646853e+00
1.940783151470320878e+00
2.237166518368240542e+00
2.191230186817120451e+00
2.238146415287952884e+00
2.218447871200554644e+00
1.823505079476304802e+00
1.968675202773080279e+00
1.407133226946442495e+00
1.468806843085356029e+00
1.662034762034940050e+00
1.733375539484272920e+00
1.677333339452864669e+00
1.700384671546669724e+00
1.977730160957567707e+00
1.910543654233561206e+00
1.602328540610886920e+00
1.604004853653226981e+00
1.979048824153781583e+00
1.910933630366613123e+00
1.569832029533978268e+00
1.688500249748099868e+00
2.072279476060129522e+00
1.608572241405463066e+00
1.561545238040647376e+00
1.542012042537014516e+00
1.403701011954520128e+00
1.421443310121762060e+00
1.305525936693070488e+00
1.608488624340284723e+00
1.489076161240677765e+00
1.491340152802288266e+00
1.218716436935667780e+00
1.170922671306191987e+00
1.330852320805342215e+00
1.197896804137809745e+00
1.347163664630536051e+00
1.741494093489764028e+00
2.152362809824563072e+00
1.844260689314558110e+00
1.627015477090852702e+00
1.495741949452815245e+00
2.042750992190347059e+00
2.094985439204790190e+00
1.802650689124449590e+00
2.050743406642716593e+00
1.937579248765781248e+00
1.577303197757800035e+00
1.676744999027014904e+00
1.392564338586020689e+00
1.863892624820508548e+00
1.436762140229864704e+00
1.468045172286650768e+00
1.387606344273133452e+00
1.538693920139521776e+00
2.138169753237645576e+00
1.756835053895094978e+00
1.920701187392433340e+00
1.682462972210882146e+00
1.875046197590013453e+00
1.864875259091367532e+00
1.709000725687329414e+00
1.917103555237460455e+00
2.272574569180974891e+00
2.077304234048980014e+00
2.384616920089952963e+00
2.099187766390437915e+00
2.125450164619479221e+00
2.095069511899622317e+00
1.712723471652596308e+00
1.752025779994774268e+00
1.493306780510035736e+00
1.675910537951579959e+00
1.644319051194924386e+00
1.326710528859181171e+00
1.403609692418693378e+00
1.435325042816671059e+00
1.353277467357129060e+00
1.324438585897678378e+00
1.405361233854296898e+00
1.215874842802466382e+00
1.328537691541357812e+00
1.451141663447044872e+00
1.529510103694496914e+00
1.462844950171911185e+00
1.524030725546919651e+00
1.240088212209303542e+00
1.567551261947849106e+00
1.327861985862464067e+00
1.378130058010980319e+00
1.400754359989376363e+00
1.318968667976923692e+00
1.341524596311161277e+00
1.518676869684893127e+00
2.082216694483032260e+00
2.262665754582763533e+00
2.406010116483574990e+00
2.267270642956423110e+00
2.061449348940154191e+00
1.870315789178830901e+00
1.670892429486837250e+00
1.430328419120216799e+00
1.525753983370247813e+00
1.744934118753532992e+00
1.937465987867432293e+00
1.797223251423455181e+00
1.559995848245780081e+00
1.688806262006788517e+00
1.715478380270041958e+00
1.730318434338381728e+00
1.470495460286169065e+00
1.408519872261182249e+00
1.505494385753372022e+00
1.620353360208857119e+00
1.638539702290965794e+00
1.782043391863439741e+00
1.877944073856496310e+00
1.873799545201467076e+00
1.793211838236164368e+00
1.668125358769878552e+00
1.812439738810379231e+00
2.113132325189979177e+00
1.717283331885802289e+00
1.923565010338122550e+00
1.868487250907033603e+00
1.747574533369358640e+00
1.659577507691437193e+00
1.431913641973299622e+00
1.345328065880580626e+00
1.661430023335152217e+00
1.917964428280149791e+00
1.664522095709226157e+00
2.473126526429843874e+00
2.496930961966946860e+00
2.138478673776561312e+00
2.391583142778804572e+00
2.369063298144198360e+00
2.440543226447482894e+00
2.285844863536082627e+00
2.415107857865887553e+00
1.940808451261588630e+00
2.034982596855088754e+00
1.801933233452913230e+00
1.686180665393242961e+00
1.759521928445418659e+00
1.913151687575973092e+00
1.847145156947456845e+00
1.713136039283614354e+00
1.870216215038732699e+00
1.686148079009049061e+00
1.835577545593210846e+00
1.496181549609351791e+00
1.921676511769709883e+00
1.480413082179331763e+00
1.687202444398157031e+00
1.456621974804091169e+00
1.481612963292413987e+00
1.273322544743685558e+00
1.436179818775661587e+00
1.185347542911975749e+00
1.073328081965166048e+00
1.597103950929526173e+00
1.629307071522429595e+00
1.755182419768965607e+00
2.105308913685086214e+00
1.607135297257863416e+00
1.886832312528173405e+00
1.641012118605398973e+00
1.462847503540927407e+00
1.621358176378990823e+00
1.585807257996015629e+00
1.631431056167140570e+00
1.253966146373620028e+00
1.494773438075565064e+00
1.838372617041533763e+00
1.608925713305561445e+00
1.551703827747978659e+00
1.461770374080424872e+00
2.036839050497234904e+00
1.937639833767667685e+00
2.071842452687134628e+00
1.935273318385160923e+00
2.242995177383942274e+00
1.871723732844981392e+00
1.796584621710170415e+00
1.607412387316691227e+00
1.192104053044972245e+00
1.418970396661750177e+00
1.385880825578415410e+00
1.410041494662479966e+00
1.189804124279556730e+00
1.201291303462934223e+00
1.424448356011957850e+00
1.255754160953930665e+00
1.231830826509215493e+00
1.207116119276812727e+00
1.133482416863090370e+00
1.285955424209487497e+00
1.401560243427228292e+00
1.469388705236474024e+00
1.783369637083422665e+00
1.618750435722089875e+00
1.427819976422769699e+00
1.349753741202418311e+00
1.812871792354311173e+00
1.842842042156220828e+00
1.299242497541326147e+00
1.182620193089648497e+00
1.290431654857266297e+00
1.295877240019901899e+00
1.329113319383436131e+00
1.472843975927579541e+00
1.505594702520905770e+00
1.615861418549663586e+00
1.580044679439515987e+00
1.695913102051392007e+00
1.713589141852736919e+00
1.326406665279478814e+00
1.269460693688987618e+00
1.177202741958033760e+00
1.239123450317609176e+00
1.202399727203570245e+00
1.043763478693747748e+00
1.484298030237495736e+00
1.795877268380562164e+00
1.956704256448358992e+00
2.172362491365891213e+00
1.553848533755908479e+00
1.678387680046255825e+00
1.285425314795649809e+00
1.546757690959466691e+00
1.496241992446082580e+00
1.607981125103542741e+00
1.718145640594110235e+00
1.694467542124421744e+00
1.783627946913838969e+00
1.872589307312167550e+00
1.626142783775486711e+00
1.632439164073176574e+00
1.757907121783501836e+00
1.673587403485734759e+00
1.602083145551936871e+00
1.842628067035949613e+00
1.962297249237421104e+00
2.134420113762354188e+00
1.968547305520817803e+00
1.992884048110402873e+00
1.751650158376634625e+00
1.560270529932494377e+00
1.474475609113267138e+00
1.640701720034935862e+00
1.799440675959476543e+00
1.580774876397018858e+00
1.781375755568683772e+00
2.148043533278392481e+00
2.499651825610214484e+00
2.521106420727345920e+00
2.435015296476123581e+00
2.235645739791767284e+00
2.072652190085895629e+00
2.022009173578970032e+00
1.969141755874213251e+00
1.920173184281569689e+00
1.863035173018827040e+00
1.890843730380093568e+00
1.572154334741211912e+00
1.934638895177705820e+00
1.802856377533355259e+00
1.481153023714623540e+00
1.656340681824762129e+00
1.568449354498744341e+00
1.927663650283311769e+00
1.479369258308125046e+00
1.373202136357607017e+00
2.061199725119821302e+00
1.806476411705387086e+00
1.557049586857833567e+00
1.234308686434580027e+00
1.399205134205736778e+00
1.624167262220843400e+00
1.676371026099041650e+00
1.379221793627586790e+00
1.544782250546035129e+00
1.470224355384652348e+00
1.738367192271539130e+00
1.652465991733792272e+00
1.444034151445598990e+00
1.572916135260001846e+00
1.922780093905872789e+00
1.976364427236665833e+00
1.914747917844167979e+00
1.814200794148197904e+00
1.923196802106976966e+00
1.262345925427673210e+00
1.691488663469598031e+00
2.031379977540884507e+00
1.980881332317846688e+00
1.871105384306063435e+00
1.842099453387856745e+00
1.984372418494385615e+00
1.992161725403986949e+00
2.140362410383490399e+00
2.504758982326720229e+00
2.463924301621577495e+00
1.944255584249997781e+00
2.015143660202630915e+00
2.284187384750105743e+00
2.022194800211714494e+00
2.693624518877058449e+00
1.840898547758425430e+00
1.805962312294772332e+00
1.911365234493042298e+00
2.288622688978460218e+00
2.256469679489127689e+00
2.428241863140868873e+00
2.419172935608356667e+00
1.811177634347727494e+00
1.729473052853866655e+00
1.791432366862925507e+00
1.880465021441269702e+00
1.628632622494801119e+00
1.467603662263030184e+00
1.436057007761317728e+00
1.723937202269922198e+00
1.423546296659278898e+00
9.957130468740086338e-01
1.012783931860975928e+00
1.096748093679556835e+00
1.347672187851758796e+00
1.261419332203335131e+00
1.631021832534975236e+00
1.982125040950460715e+00
1.651655765463918790e+00
2.418532795518652634e+00
2.165249621858146511e+00
2.120755998930810904e+00
2.061521822627064182e+00
1.947698334242547347e+00
1.969777558729584932e+00
1.706107491773137141e+00
1.811358798286012206e+00
1.764669385574075822e+00
1.755384541478451244e+00
1.635956797646034744e+00
1.643265137987667934e+00
1.419912326016074644e+00
1.738581041786486425e+00
1.647894439600504857e+00
1.855309527960000926e+00
2.051239840595411312e+00
1.723491680746385590e+00
2.103620540598341027e+00
2.026206917801372409e+00
1.851903136911911663e+00
1.861862788865502161e+00
1.833069156476655692e+00
1.807160262546634755e+00
1.950256119633550611e+00
1.733770888331158666e+00
1.836413832712553429e+00
1.963171399425372332e+00
2.032072506457362593e+00
2.233506703654905223e+00
1.821402495389594423e+00
1.593079795208984351e+00
1.677314926462011746e+00
1.087204325576899278e+00
1.269090249004313220e+00
1.579116881405194128e+00
1.606362441639212379e+00
1.728779219477456053e+00
1.646505765798627507e+00
1.893953613294248939e+00
2.120611338332182072e+00
1.926713464690360089e+00
2.145331227820308495e+00
2.102041537945564365e+00
2.156697651256029857e+00
1.378567825935253843e+00
1.310618405133464393e+00
1.541986125797121465e+00
1.659637977182532032e+00
1.984402877443117053e+00
1.972333148476781872e+00
1.507282992941241684e+00
1.634833597854598253e+00
1.347564250247822226e+00
1.491446906746518808e+00
1.276618928386899832e+00
1.284756813375900419e+00
1.588669944243299881e+00
1.390430946554108482e+00
1.454381324638870376e+00
1.250106315503622501e+00
9.708481472414908220e-01
1.177035239807674882e+00
1.364515434921495851e+00
1.574299733857486450e+00
1.293286166333435183e+00
1.242579457750224048e+00
1.370671634748215739e+00
1.397086113533688945e+00
1.248672856840744361e+00
1.607618763174000209e+00
1.903477118864983497e+00
2.212052108742930567e+00
1.716517910742002773e+00
1.868331507092527932e+00
1.794081750051625512e+00
1.714345603335200696e+00
1.646652255978949597e+00
1.621244077844784970e+00
1.325434139992119675e+00
1.530615612329832897e+00
2.076846139364830535e+00
1.603962891607182417e+00
1.872501196112183353e+00
1.903231136928611678e+00
1.927544927538759723e+00
2.048681288468644723e+00
1.780027869994447842e+00
1.196819461435632226e+00
1.198890187967580401e+00
1.543348461648612613e+00
1.484137331624399536e+00
1.451683185321354097e+00
1.758278573668919265e+00
1.481755293873058932e+00
1.592515468076107554e+00
1.791513061464818479e+00
1.676364657875982322e+00
1.878416736834258360e+00
1.705072844298509693e+00
1.490670261758650916e+00
1.715731932346336919e+00
1.458589479501292141e+00
1.490442698371175378e+00
1.698453766581774493e+00
2.051433420669645624e+00
1.447548369576911131e+00
1.374012085140856598e+00
1.371800635093665344e+00
1.397986599839671440e+00
1.252493764101793694e+00
1.410033147295422395e+00
1.247939352926709544e+00
1.577807753031989169e+00
1.542385206216470905e+00
1.716901272866866890e+00
1.729213275975501007e+00
2.008870504601715012e+00
2.231344474892396068e+00
2.180704062366229490e+00
1.763795978154671928e+00
1.811482249767593533e+00
1.985624713540414366e+00
1.909247737348978902e+00
1.710460437659786281e+00
2.530550014997807740e+00
1.882753667382332630e+00
1.633410260328252761e+00
1.316322024754267073e+00
1.070318967167925184e+00
1.128910170692543735e+00
1.109337763140286537e+00
1.146408217780611416e+00
1.364504795605352427e+00
1.549635490988840569e+00
1.145139123421312410e+00
1.594095868878554922e+00
1.531428612535604916e+00
1.282566762404044436e+00
1.247157110788989165e+00
1.322099032834728183e+00
1.422816947374314855e+00
1.493298711087123642e+00
1.613250796997653502e+00
1.651784710203867412e+00
1.512142414725809125e+00
1.377124687906535527e+00
1.317066671906984787e+00
1.549595358112285437e+00
1.539918643361102735e+00
1.336906287710143637e+00
1.654687834688261860e+00
1.649929648321280640e+00
1.607376194604666297e+00
1.890712017739786255e+00
1.800467167017259618e+00
1.946931298046529868e+00
2.003231257883573146e+00
2.012036446687587077e+00
2.032593631107521670e+00
1.807660700052333702e+00
2.054262774343178499e+00
1.973364870823593353e+00
1.983943826607879490e+00
1.940798866733774108e+00
1.851259399390607463e+00
1.998845445294603174e+00
2.196399180946988494e+00
2.376690743906757497e+00
2.465433064471998836e+00
2.360713005796983843e+00
2.319235698730365058e+00
1.851364398663525312e+00
2.181912325757129789e+00
2.290441091891892267e+00
2.157608923694053882e+00
1.959791736027690412e+00
2.070058414305057326e+00
2.077339652997284514e+00
2.067080031617757552e+00
2.193169993638258486e+00
1.865034931350898040e+00
1.761879735617471132e+00
1.596071252779803551e+00
1.656626745232700815e+00
1.555894084599584559e+00
1.546268561603022951e+00
1.158541096712488283e+00
1.569811680972265977e+00
1.491637661182524610e+00
1.486700038133534907e+00
1.611639163371705097e+00
1.750528128239858594e+00
1.590512477543126302e+00
1.226435563006718965e+00
1.783484130523090405e+00
1.637795222602218992e+00
1.777498255776805980e+00
2.188958625514091594e+00
1.963923821485242360e+00
2.198110986679886913e+00
2.150679928464181323e+00
2.293522335308741056e+00
2.063303851322765059e+00
1.860222173741481910e+00
1.777548574890413846e+00
1.897802331572659984e+00
1.912109618313439174e+00
1.870820351720620778e+00
1.687538192014524263e+00
1.415131939935929006e+00
1.540144047876657929e+00
1.575244892900336424e+00
1.424834004332362625e+00
2.110340666579186397e+00
1.991445807611702978e+00
1.751056896027541887e+00
1.856871022402360127e+00
1.855749437633624543e+00
1.605960058670039992e+00
1.418571431678638639e+00
1.276466305446173566e+00
1.580345120043298524e+00
1.496269635207188919e+00
1.486833130218155219e+00
1.301781883438768217e+00
1.322488741976365567e+00
1.412264597362166363e+00
1.480053983083030822e+00
1.464230506068143978e+00
1.869823931134989126e+00
1.902815095361920505e+00
1.618066729789173097e+00
1.187526581162622774e+00
1.135149598512532387e+00
1.061753761397391527e+00
1.386251120399172088e+00
1.285320832121941592e+00
1.833745141418750890e+00
1.632097406492422298e+00
1.326811654974816568e+00
1.257545589997610236e+00
1.255691923092942863e+00
1.529147048074166904e+00
1.381978079548635163e+00
1.704621368559889438e+00
1.682329467596734851e+00
1.188673418528632286e+00
1.132681556200072714e+00
1.584922488547066299e+00
1.413940934595457000e+00
1.443447328696414678e+00
1.162635282348754462e+00
1.170754265733455979e+00
1.162668742380321030e+00
1.558276700367856149e+00
1.605658729277497088e+00
1.317655703782556254e+00
1.463299519994233133e+00
1.417748916803654780e+00
1.350562426829835516e+00
1.370183428867814079e+00
1.380205038511027382e+00
1.096353404247511376e+00
1.301548143512661682e+00
1.297911544385513816e+00
1.483499879174411396e+00
1.554927121052606331e+00
1.852207996167340331e+00
1.346909096994511223e+00
1.613265323366649628e+00
1.793737222151534638e+00
1.622609782770947806e+00
1.794507598939120374e+00
1.942150303520166155e+00
1.958255329095200059e+00
1.706613490213742867e+00
1.521358834007047856e+00
1.829748089782343712e+00
2.005119029296298372e+00
2.044909247061884816e+00
1.888197237094831893e+00
1.415271634192797334e+00
1.922580875340046624e+00
1.737473858325369269e+00
1.697847185033366957e+00
1.834839469086517072e+00
1.677285851328995880e+00
1.691106383877794883e+00
1.659883349818669807e+00
1.813530972225150251e+00
2.361040231643847243e+00
2.101339667923945775e+00
2.403115420492599519e+00
2.001540617732214145e+00
2.494861106411393692e+00
2.207930399411579980e+00
2.252543713793049296e+00
2.292122591764113704e+00
2.057584444998657336e+00
1.940408484572538672e+00
1.600243522659940076e+00
1.523065844228139065e+00
1.484563830351365077e+00
1.410386928438624121e+00
1.369518827429218932e+00
1.377559506133436473e+00
1.660399254617796361e+00
1.636386107182385530e+00
1.564877001934578793e+00
1.440338190987579203e+00
1.450876946285766911e+00
1.486609331227867647e+00
1.393892036342364138e+00
1.284789661865235466e+00
1.477541910001273884e+00
1.764970076292984080e+00
1.895539704676185044e+00
1.758127204203562943e+00
1.819162873468205932e+00
1.822822288554696968e+00
1.562772156452935324e+00
1.400960376615570047e+00
1.780933741511481205e+00
1.468235367130124480e+00
1.399084214975851337e+00
1.320958944878289021e+00
1.468524716178856160e+00
1.249171990634497353e+00
1.193797391237325423e+00
1.394972888162267388e+00
1.199242551903707987e+00
1.622717588235270014e+00
1.581949649923853229e+00
1.445249563864853926e+00
1.450679391092307924e+00
1.858441573290876336e+00
1.821202183886488246e+00
1.689404513095183136e+00
1.990543137299298770e+00
1.914333157043376588e+00
2.147664803455902049e+00
2.037737396843041005e+00
2.075928685981709432e+00
1.759151223770739181e+00
1.850197933809367701e+00
1.685558151788943748e+00
1.570610391609897905e+00
1.533221606521344427e+00
1.638570104019294149e+00
1.268081797431668711e+00
1.260173497247886631e+00
1.041292382686445306e+00
1.238685126147821336e+00
1.360108456046581260e+00
1.358383974700478225e+00
1.605528805307491425e+00
1.535038041758179261e+00
1.484947509477492433e+00
1.796334018788501075e+00
1.746738464907210631e+00
1.786364901012428508e+00
1.536987614797984847e+00
1.989429749282060733e+00
1.664497362210422882e+00
1.736901870469142128e+00
1.626222279918718705e+00
1.954527874062243598e+00
1.605977646463543351e+00
1.633032002108996572e+00
1.494085419132938686e+00
1.475392270622163160e+00
1.568264802461853957e+00
1.445891286196338221e+00
1.702668418631158254e+00
1.329206705286588353e+00
1.317387036716374915e+00
1.628483317525572183e+00
1.390640883942685591e+00
1.690351805229908466e+00
1.575461280207616888e+00
1.784358038171427907e+00
1.709178352430638981e+00
1.693530028344781391e+00
1.465195656513660127e+00
1.740193788066639602e+00
1.901836526025593166e+00
1.665278513187033127e+00
1.661372147521376963e+00
1.131275138175792172e+00
1.465104236243643498e+00
1.412418922265710641e+00
1.250120015490083780e+00
1.455495187909508159e+00
1.549435136235524979e+00
1.454261219206793410e+00
1.446219895464164740e+00
1.496139462082308080e+00
1.642258550164277908e+00
1.347350458689881236e+00
1.323394628801241479e+00
1.546026338026134761e+00
1.965980864758044122e+00
1.603564162179401009e+00
1.979613552096238793e+00
2.210043158382619666e+00
2.299962695858632333e+00
2.091570203100735714e+00
2.112966991297581476e+00
1.941132598884492300e+00
1.496300022366357174e+00
1.701778805789275317e+00
1.843549973585227209e+00
2.036919224479472046e+00
2.162678702614564852e+00
2.202333111257949394e+00
1.620757090043474680e+00
1.543307412298200232e+00
1.411431343904073543e+00
1.226258742332357654e+00
1.439457516580966878e+00
1.399311167997167926e+00
1.338278759853457567e+00
1.516126452898686416e+00
1.451485993528873530e+00
1.233982149576547505e+00
1.409071966498391726e+00
2.032818452571347745e+00
1.966876335133199039e+00
1.426384258779879399e+00
1.518948308749561882e+00
1.561234536463945055e+00
1.691933750219028809e+00
1.375251828973820700e+00
2.123546203176441161e+00
1.874626761644759831e+00
2.019929223318478240e+00
1.763063983622663589e+00
1.587824138545813835e+00
1.942438975533171464e+00
1.561884743243963980e+00
1.598083331653375794e+00
1.393725952435261650e+00
1.517381039363840056e+00
1.514728462482098692e+00
1.259019001700524720e+00
1.418569073622817811e+00
1.178607267276542636e+00
1.450067798227813842e+00
1.513558944787384064e+00
1.317185655402344890e+00
1.984115183468327492e+00
1.814395046714661675e+00
1.826538630665193397e+00
1.852458850285682690e+00
1.877685925484748886e+00
1.791536091482694104e+00
1.825606804864876809e+00
1.748089819087910612e+00
1.960003980775084420e+00
1.598526417533950195e+00
1.825947145980519437e+00
1.797855532861450945e+00
1.716371650699155982e+00
1.723712186051069573e+00
1.501924155679352557e+00
2.149536404889524466e+00
1.846571532260134818e+00
1.801349272181931305e+00
1.690072272404552267e+00
1.642235803482630763e+00
2.055324875037583432e+00
2.036918595696036061e+00
2.025319989925889352e+00
1.997622214313438782e+00
1.779113781767044600e+00
2.041589708085171040e+00
1.916025903878413317e+00
1.618416804890713712e+00
1.681356952375365088e+00
1.951848586468771574e+00
1.237399664509081676e+00
1.300495000446749927e+00
1.283657635214442649e+00
1.257790540388695089e+00
1.770692570698501500e+00
2.150724957533804993e+00
2.092153628356955952e+00
2.044908842547306094e+00
2.128500416112008242e+00
2.232331981444597435e+00
2.289288202369473613e+00
2.546577188990617913e+00
2.508895266476343089e+00
2.272254582972213388e+00
2.356342513745015577e+00
1.859344809990848280e+00
1.889622759556033760e+00
1.563999911869107251e+00
1.590238896053232320e+00
1.836178656349391591e+00
1.951494424125826743e+00
1.640821347346338221e+00
1.921597857234013551e+00
1.468007972153566820e+00
1.981062591609154211e+00
1.664199436514783859e+00
1.916494723178636894e+00
1.877922599329028941e+00
1.913687779169177539e+00
2.341482350734381601e+00
2.790321267886207046e+00
2.519314597244491249e+00
2.638031625456081386e+00
2.118257778778461109e+00
2.414778177438482665e+00
2.386140973513354080e+00
2.132970268219501531e+00
2.229205497730037067e+00
2.197669389871407031e+00
2.500451964415600248e+00
2.217062088352292459e+00
2.156115498136879083e+00
2.832186814491539639e+00
2.421641826709425072e+00
2.064736433318376196e+00
2.237203989589768849e+00
2.000142478576947713e+00
2.640053791857113197e+00
2.170643420813917590e+00
2.172661841222185863e+00
1.891010908743262720e+00
1.457149912878486608e+00
1.822159662741160702e+00
2.024180879766375618e+00
1.953553648708901580e+00
1.743610914568428871e+00
1.739707502181383703e+00
1.634970935097296296e+00
1.750524443625406157e+00
1.686066875708250423e+00
1.788858980652576314e+00
1.780989147396193406e+00
1.854111395111435634e+00
1.338388685197938077e+00
1.612197547332556047e+00
1.647970827479999123e+00
2.043971989635755548e+00
2.099580970318625894e+00
2.370239841204419218e+00
2.138996967032323671e+00
2.527755485637153132e+00
2.244041604382714716e+00
2.738169901496462444e+00
2.509738720532581624e+00
1.945883908365677817e+00
2.192768993693623880e+00
1.991578721279999575e+00
2.072890573710024054e+00
2.257719104688596712e+00
2.391682894285169780e+00
2.636148003698643549e+00
2.366724024196135368e+00
2.074329853810292335e+00
1.893975074363946298e+00
1.739460843950750402e+00
1.356601981767089571e+00
1.237603722405134610e+00
1.363291960092611221e+00
1.678619787259345131e+00
1.512948492163717740e+00
1.451748257135497155e+00
1.698013027914041295e+00
1.080767668872800957e+00
1.365170130820478001e+00
1.058140057823307334e+00
1.292429602196643268e+00
1.111117608846275528e+00
1.031400280176735462e+00
1.096972711901768038e+00
1.179567748650265591e+00
1.549147372092545716e+00
1.657626305315109683e+00
1.878691827871264541e+00
1.733679991935202169e+00
1.386785807731452991e+00
1.624541565067784576e+00
1.616446068277141990e+00
1.553477244050855077e+00
1.445257143550372492e+00
1.148957648545771537e+00
1.321210108556999385e+00
1.389975753719905116e+00
1.301705441088391257e+00
1.303333096831560844e+00
1.594788347452920974e+00
1.888406525071998576e+00
1.533404922012747917e+00
1.786903722273469164e+00
1.875616458716420132e+00
1.541222394554003783e+00
1.722715854749808262e+00
1.785705087623167930e+00
1.958180836504986644e+00
1.699942713995728827e+00
1.720602466039395040e+00
1.794316221574413284e+00
2.329042296745102547e+00
2.208609932294831601e+00
2.424917369726394600e+00
2.242509626388160981e+00
2.256970718862248315e+00
1.495731234119618502e+00
1.519893226755683280e+00
1.749047896763280763e+00
2.121887650136011327e+00
2.238362776987700808e+00
2.106570230226277207e+00
1.998689116469557936e+00
1.579048805813074718e+00
1.343849426133466363e+00
1.261182864192288422e+00
1.904816178831576057e+00
1.542861376980548815e+00
1.968744422321974996e+00
1.918452000280504555e+00
1.695278778900644490e+00
1.725228661413801934e+00
1.527747706711914955e+00
1.531641672755166494e+00
2.366177033371237748e+00
2.297010697690801795e+00
2.267531779147573978e+00
2.405555678682200327e+00
2.208107206004299439e+00
2.365807225905051325e+00
1.686298827084310448e+00
1.401100970917876332e+00
1.302820263295117797e+00
1.510229447668002267e+00
1.586465273746881843e+00
1.955483936259417632e+00
1.540943295171555594e+00
1.544775005664587253e+00
1.873614527380196071e+00
2.166425414275946260e+00
1.853928046777906680e+00
1.754827398946660288e+00
1.988251861419315425e+00
1.893002731515692094e+00
2.089142797589523592e+00
2.033421368731650691e+00
1.887016797332651485e+00
1.859801439803433487e+00
1.876738370608591389e+00
1.874882210526833903e+00
1.570236495109806452e+00
1.416699506709469425e+00
1.785667216768989540e+00
1.621332678393214710e+00
1.851073858075130918e+00
1.862355629786339284e+00
1.788212257456716081e+00
1.784564220243287425e+00
1.962603868174895183e+00
1.826034689072258743e+00
1.450734377233439787e+00
1.602171447693313766e+00
1.447661006951813434e+00
1.234888775928628446e+00
1.127310117626396879e+00
1.158456073147585697e+00
1.438345396503114770e+00
1.484560544413834338e+00
1.807769369511329716e+00
1.430686124950145022e+00
1.537973789650875167e+00
1.675648248932672502e+00
1.703471042536128355e+00
1.840859127187243649e+00
1.924489495258472349e+00
1.745639367559589594e+00
2.107809726807323258e+00
2.013386983061239199e+00
1.807920640976791837e+00
1.621553314515806310e+00
1.708695412920203216e+00
1.534328015965679803e+00
1.253967594420590359e+00
1.618906105189417577e+00
1.759632768620054355e+00
1.468468968899309335e+00
2.012248917197404285e+00
1.949457211895597286e+00
1.930119531056601945e+00
1.841198445504159453e+00
1.756774972991305805e+00
1.833043954486057281e+00
1.907782406473152781e+00
1.792061517795564329e+00
1.839775067566509437e+00
1.712392361690936005e+00
1.688118965741652877e+00
1.667019879502444457e+00
1.916352734726679108e+00
2.159755829564220520e+00
2.151796937047396163e+00
1.719437106376546343e+00
1.548969629930643688e+00
1.780091255334605549e+00
1.851615767594498863e+00
2.401491254695515387e+00
2.486236436615506307e+00
1.696825036263657882e+00
1.682669810283958345e+00
1.888176489768550681e+00
1.872141894439616649e+00
1.559614478811004012e+00
1.575586123618066381e+00
1.560521731011272228e+00
1.515622098401011142e+00
1.585512402934400544e+00
1.684890746117823968e+00
1.723723726186014105e+00
1.597895890070557545e+00
2.066577340100214766e+00
1.990853984339241656e+00
1.685559795441760933e+00
2.161597187456502311e+00
2.185272113671271832e+00
2.050150668893464534e+00
2.087908195110600662e+00
2.038961320709979042e+00
2.270847362465572949e+00
2.244645670147327188e+00
1.953102425355264238e+00
1.749524559790983425e+00
2.112265604857643808e+00
2.266166227031413793e+00
2.404822159467465248e+00
2.177900061791710584e+00
2.177433206049570913e+00
2.069139223443779319e+00
1.766367213981602902e+00
1.865376703922873247e+00
1.738917594419246093e+00
1.561871881735918954e+00
1.477681099711491752e+00
2.021652540178203505e+00
1.634038953504441727e+00
1.695945342662050770e+00
1.499195818999427887e+00
1.453738595920070820e+00
1.416265826319207832e+00
1.207671177185501321e+00
1.427371132709412294e+00
1.433263262703380114e+00
1.432611997586672459e+00
1.513296803772905541e+00
1.317331286658430800e+00
1.701410134572996613e+00
1.591290465898875794e+00
1.735367497955776717e+00
1.601322007762104427e+00
1.399345137428514185e+00
1.241253729688186036e+00
1.934631033045038251e+00
1.894966103368282972e+00
2.111149401127361269e+00
2.184824925490878922e+00
1.994112333835698525e+00
1.863863186134325778e+00
1.632883058725097758e+00
1.614696553024423054e+00
1.742683359648880881e+00
1.462626343197992673e+00
1.582500560357343211e+00
1.532025976429386205e+00
1.549779040802509611e+00
1.620510241685281461e+00
1.592798399943720078e+00
2.356529355986706875e+00
2.022015981898765080e+00
2.068865339831455152e+00
1.828636715962936421e+00
1.728642620063482571e+00
1.331076071197869526e+00
1.490725552017516220e+00
1.629001861204349089e+00
1.831385781092532028e+00
2.120714994089799799e+00
1.976082158654240306e+00
2.032693983830088147e+00
1.931676372717862300e+00
1.926418954607205691e+00
1.931961131266220155e+00
1.888356799877769721e+00
1.880225040650200130e+00
2.155590865604651185e+00
1.694094745594474594e+00
1.642432601671654613e+00
1.461683545843949439e+00
1.494986464672335869e+00
1.649082370977500878e+00
1.800582855677976601e+00
1.922422083986296659e+00
2.079072858091634668e+00
1.992333006811314977e+00
1.912188179435190705e+00
1.434344453833027444e+00
1.569919770157496508e+00
1.384249857126570893e+00
1.160009496225352654e+00
1.456875390363189027e+00
1.603244689713234195e+00
1.214253663700653796e+00
1.575502734595079612e+00
1.460279605390135238e+00
1.272289403704786714e+00
1.380127527290650136e+00
1.403215248429678264e+00
1.530478774329870673e+00
1.978217067589193690e+00
2.377514227648559242e+00
2.143695920098342533e+00
2.160744489484942132e+00
1.700410530678270860e+00
1.554621154459625343e+00
1.623545822946790951e+00
1.791152369873399097e+00
1.793556246585370495e+00
1.733095300150066853e+00
1.969259346053636950e+00
2.159153145528728501e+00
2.192114260847503715e+00
1.969364920500454863e+00
2.185912624669088977e+00
2.206576747413652839e+00
1.894564049748981294e+00
2.078644313105610930e+00
2.237461647008559318e+00
1.991546877346730415e+00
1.700974442197054293e+00
1.488394689342058097e+00
1.210818910014002769e+00
1.381668414558321345e+00
1.664793278345683580e+00
1.569023771427923597e+00
1.743986389448912933e+00
1.626245670695300793e+00
1.364005201733285988e+00
1.526846533802248773e+00
1.190664539505924990e+00
1.152442048033531785e+00
1.518443955735443218e+00
1.750816905188751882e+00
1.804619860515288998e+00
1.610906054691361833e+00
1.505267492951736230e+00
1.511456503921055017e+00
1.137354443709369223e+00
1.287098027320725535e+00
1.429397800238156435e+00
1.545646792533521774e+00
1.493378206195371982e+00
1.333184973340584278e+00
1.114384865753496490e+00
1.204158186719253898e+00
1.197449004741867107e+00
1.232655681326424890e+00
1.417413573369722180e+00
1.413364126621071692e+00
1.303193892934954690e+00
1.177494746888556154e+00
1.191867372235196676e+00
1.260613257052428215e+00
1.421089410206326065e+00
1.874253274362000177e+00
1.859323658969068038e+00
2.151604648425436750e+00
1.974131710612331947e+00
1.380420582183633504e+00
1.386701670302386447e+00
1.231493408451706406e+00
1.248422053985193791e+00
1.223190370739374311e+00
1.602748174895272548e+00
1.281342914258345012e+00
1.641966783256831208e+00
1.434473825038166783e+00
1.505251197349928516e+00
1.599045963839022422e+00
1.224605371993672476e+00
1.470758461759125835e+00
2.045663026965966136e+00
2.044054728851849134e+00
2.008928779657858765e+00
1.834929039963000053e+00
1.434093660425570738e+00
1.806082294769202568e+00
2.223901459391212310e+00
1.928798906286369075e+00
1.772460688236379145e+00
1.875757581787004913e+00
2.001274974419328778e+00
1.813114978272182487e+00
2.021010872706358708e+00
1.461849788272437500e+00
1.734997646806567317e+00
2.113030549449860906e+00
2.380415388848818647e+00
2.212707369686008896e+00
2.621330189647450126e+00
2.291415771558176662e+00
2.455433932802775665e+00
2.298796035496692536e+00
2.224214606100130442e+00
2.071828984542094521e+00
2.285564452380314027e+00
2.622373752896024257e+00
2.116478703488946511e+00
2.121288769724745560e+00
1.740342922888046262e+00
1.877454900258251902e+00
1.826399284608156481e+00
1.967080938078560770e+00
2.037170950976475048e+00
1.565653541558320150e+00
1.311563873385054535e+00
1.575002503339506088e+00
1.568218925684329079e+00
1.505128213888368149e+00
1.702451546456723364e+00
1.507535391184478435e+00
1.772150395425650560e+00
2.140088755478477545e+00
1.560784292022800557e+00
1.496083184666736177e+00
1.738186893142489087e+00
1.548272503250339049e+00
1.643199083420757489e+00
1.436904653299342804e+00
1.424327833614419170e+00
1.446897199372910059e+00
1.367116031574680868e+00
1.758791925699737080e+00
1.475722791279156398e+00
1.523734823014333051e+00
2.188455621336948820e+00
2.481525251348349670e+00
1.705876002683407000e+00
1.659869700994219377e+00
1.993293129833213717e+00
2.233394160186711996e+00
2.012291760379110617e+00
1.990791751474172644e+00
1.663729920446582744e+00
1.615124442715343722e+00
1.516867793187010705e+00
1.623382121768039754e+00
1.859751649030306542e+00
1.788615062450095383e+00
1.852060915241887207e+00
1.596738707543719604e+00
1.761314218675071430e+00
1.614621448108134238e+00
1.318791815919151178e+00
1.291588178008628907e+00
1.437197870949854739e+00
1.384119260633646320e+00
1.583229932081364089e+00
1.581991235133201501e+00
1.531346380036024524e+00
1.904503329123817146e+00
1.993959728271180287e+00
2.100861733445305468e+00
2.136444788029977726e+00
1.742557236541875998e+00
1.991045097387158735e+00
2.192841483873967601e+00
2.225717128516017773e+00
2.297722686840987460e+00
1.911867052615875195e+00
2.041673195782305772e+00
1.773770694482329935e+00
2.048592747156076754e+00
1.853471362701616387e+00
1.641779861896146109e+00
1.553719940920284648e+00
1.148106138050387637e+00
1.150159868623782167e+00
1.435169578940077351e+00
1.882768792160400828e+00
1.714869260841289211e+00
1.683780193626503108e+00
1.223536248438529261e+00
1.675212137317221961e+00
1.981018799360494631e+00
1.843912624102850506e+00
1.655637448039598114e+00
1.407921937493035625e+00
1.423061950971736600e+00
1.729620001355552716e+00
1.722539778758990892e+00
1.627946150600467767e+00
1.681274438923121783e+00
1.591522611924132136e+00
1.363488819666570206e+00
1.384791329570474128e+00
1.626578249302164325e+00
1.488014170642211198e+00
1.515785295565384327e+00
1.434952726276840673e+00
1.313952987417241758e+00
1.811494626463126201e+00
1.838787564953842990e+00
1.653417232143247650e+00
1.714588465296316144e+00
1.768118424141791767e+00
1.797598202727469063e+00
2.106415314797936755e+00
2.443005426777176581e+00
2.094573830724371977e+00
2.154215386593044013e+00
2.186677671733613604e+00
1.997426686914897109e+00
1.780834380699706898e+00
1.703015778221467436e+00
1.132846183199877954e+00
1.250638383106341900e+00
1.376786467647144185e+00
1.442677682975858744e+00
1.313367863534495639e+00
1.494301178205750036e+00
1.640859073698687443e+00
1.383470837630906836e+00
1.130639897657991444e+00
1.317034637608660574e+00
1.179554129520780092e+00
1.119340840310424356e+00
1.506552236557741953e+00
1.136918237666298515e+00
1.295797295445083819e+00
1.273795481572970401e+00
1.457630372342950009e+00
1.413564575742935370e+00
1.347062968374690417e+00
1.608333380099561838e+00
1.531556799934501001e+00
1.604299746820477601e+00
1.684094743690114804e+00
1.407476312171382915e+00
1.433498594434957418e+00
1.817317496738410476e+00
1.480885466872211120e+00
1.330593030978790337e+00
1.485099496230717353e+00
1.505145297081590172e+00
1.338342330601183683e+00
1.174918955127775666e+00
1.096396292092881586e+00
1.434631802191375094e+00
1.972802372357479683e+00
1.802401960912908052e+00
1.876482394442972268e+00
1.799450799826966652e+00
1.804237149785258953e+00
1.722072339595463353e+00
1.503958017505806932e+00
1.463494404527150294e+00
1.457965866182704406e+00
1.657518897467989749e+00
1.530473598809920510e+00
1.695682352522016600e+00
2.023083738629824602e+00
1.988579840975643664e+00
2.197166199670733455e+00
2.016261268874430357e+00
1.715111139953630959e+00
1.946990218534350392e+00
1.786551999960358961e+00
1.765596381732891462e+00
1.857500623005529761e+00
1.406130510640231757e+00
1.795907155886778517e+00
1.639884308267981483e+00
1.870331593643454582e+00
1.477780712258542462e+00
1.390817757674290611e+00
1.767186806044287684e+00
1.176775000222813006e+00
1.280276912410200474e+00
1.381613864278349979e+00
1.769243848393678320e+00
1.608459703931314655e+00
1.964745207790864256e+00
2.261008396225913319e+00
2.349159441971129247e+00
2.673247460117970320e+00
2.591699265566975718e+00
2.189721096708985737e+00
2.187735068022845564e+00
2.144144429853882539e+00
2.282671168455574939e+00
1.906755146133852108e+00
1.797218460178887867e+00
1.761464577385702057e+00
1.376031217112956728e+00
1.321030268138042585e+00
1.535942154804353033e+00
1.980720453366781486e+00
2.051012240228810679e+00
2.114715338567879410e+00
2.431441548732740543e+00
1.896201793768344634e+00
2.043416605566533928e+00
1.900522727996015293e+00
1.474533671735284157e+00
1.780364920932855144e+00
1.334214078828456662e+00
1.751283599617895703e+00
1.660308567460439866e+00
1.853769662917426064e+00
2.063002684507938778e+00
1.604832782920737388e+00
1.945236944865441409e+00
1.371871749658826189e+00
1.458250451326899011e+00
1.300616024474646970e+00
1.264963615461767388e+00
1.057110719973858970e+00
1.234798494448184014e+00
1.540784009162605717e+00
1.488602669369101017e+00
1.424690721653806280e+00
1.786576946760684237e+00
1.610237949868541740e+00
1.579002857613966526e+00
1.387157211325688699e+00
1.458106658531678868e+00
1.433994303791530367e+00
1.610152846487284739e+00
1.105464929513156891e+00
1.419811396025275618e+00
1.406663390494108823e+00
1.727536395834634364e+00
1.957224987428701546e+00
2.139719459169071580e+00
2.307181253842216950e+00
2.430589715524417382e+00
2.043040368101838755e+00
1.855569823525844875e+00
1.691454926373826329e+00
1.487445784208238475e+00
1.602153108914154522e+00
1.613960610222524794e+00
1.475106642301368343e+00
2.070177627545715993e+00
2.188802031421593686e+00
1.966012344145349644e+00
1.903324930844486618e+00
1.692843827805170065e+00
1.821204022101588382e+00
1.548478668186256790e+00
1.432062684739953129e+00
1.354488120024626152e+00
1.582868714273039323e+00
1.658945251681587685e+00
1.985418483521881328e+00
1.813481457564924959e+00
1.608871053908224269e+00
1.228395008729529003e+00
1.689289925591638486e+00
1.745872749176808458e+00
1.510172484571117302e+00
1.350454973838342676e+00
1.312625288452981431e+00
1.348775988534286485e+00
1.314129935303185226e+00
1.466648318496641679e+00
1.046672110536092104e+00
1.414190202776862693e+00
1.686296838654258057e+00
1.452009291322145401e+00
1.283193254867072808e+00
1.067049484026618034e+00
1.656762578726657553e+00
1.504334392833426737e+00
1.728313559325532767e+00
1.570591434088753680e+00
1.533942983031193918e+00
1.301789869170405511e+00
1.234842561013626216e+00
1.311206587811271973e+00
1.415346621796118365e+00
1.355330665386509148e+00
1.343314615689405578e+00
1.759617532461978717e+00
1.638275957486474255e+00
1.783836106540296118e+00
1.832621970259157074e+00
1.512017344352549530e+00
1.401146840484507994e+00
1.287091338260237805e+00
1.273027143976888542e+00
1.841978878818272936e+00
1.944309590936700305e+00
1.975107166549595838e+00
1.546441147400064109e+00
1.768829260551575633e+00
1.514699454806356593e+00
1.581297209933665515e+00
1.304616253669516501e+00
1.323343990200321230e+00
1.108750835457179340e+00
1.456682906161008706e+00
1.660259440530297503e+00
1.858924527004849780e+00
1.684146475417716893e+00
1.425224978578805368e+00
1.593145732232298606e+00
1.993401171705407426e+00
1.616817459080214681e+00
1.830810399822864198e+00
1.875672203329261656e+00
1.945486827337875813e+00
1.870508225717392836e+00
1.396061376395093534e+00
1.848231478002685169e+00
1.452602610197059940e+00
1.691687885807000358e+00
2.014622074304766475e+00
1.751960688629356389e+00
1.946783117659827811e+00
1.570253493503138920e+00
1.409483872627528278e+00
1.297844280243990234e+00
1.569852526022749606e+00
1.474420113468827287e+00
1.359431868532050114e+00
1.715562375276973306e+00
1.392889317293127593e+00
1.558972179232170907e+00
1.531749525598743666e+00
1.430755163355531989e+00
1.569474710864509071e+00
1.112283876957385287e+00
1.006964454701333223e+00
1.317707873123689311e+00
1.423850770217252482e+00
1.470307785610181384e+00
1.424321463990544601e+00
1.364470351322225383e+00
1.223803789024787703e+00
1.405431522221666230e+00
1.473856830817942054e+00
1.570613434336033398e+00
1.789544784971864644e+00
1.830811751599465742e+00
1.965821065329306894e+00
1.719891208641911806e+00
1.497812667890694893e+00
1.461322340454518809e+00
2.026495527920896933e+00
2.025741790446923485e+00
2.002603936806586216e+00
2.259439440784780651e+00
2.298056596802066753e+00
2.065033714780354135e+00
2.292190348645020581e+00
2.380429745191377400e+00
1.988357494323624852e+00
1.910976997635560837e+00
1.542885553193539705e+00
1.989043791268870098e+00
1.917399944238461051e+00
2.077932166256598379e+00
2.073342315491577104e+00
2.096195912940685080e+00
1.651790030611146820e+00
1.686154944453879256e+00
2.303300996467729789e+00
2.255786648750312651e+00
2.499623434375354947e+00
2.500496500720097881e+00
2.433125759704828805e+00
2.199976064454423064e+00
2.139815488076377559e+00
2.012744794309621277e+00
1.950853989571807112e+00
1.825149347905578701e+00
1.524148973587316380e+00
1.419925713985880744e+00
1.284712400466240467e+00
1.164167035573023812e+00
1.196679766921397103e+00
1.480396945882426429e+00
1.645361305543046049e+00
1.795325998347962582e+00
1.787253093454941100e+00
1.703953734823616673e+00
1.758200476567492565e+00
1.846422205080250567e+00
1.985468876779432179e+00
1.589071753415932875e+00
1.669506743913632185e+00
1.661030019661098311e+00
1.615017377533819687e+00
1.702257589590959741e+00
1.675177020917318460e+00
1.722028760775585088e+00
1.549438226271258712e+00
1.836301680296087868e+00
2.156770557209657380e+00
1.979762743727040419e+00
1.735988864595129799e+00
1.724118203254777271e+00
1.750046323227616885e+00
1.935064389876777868e+00
2.348743227752590368e+00
1.902107514986823844e+00
1.906331130901483206e+00
2.050536325972572627e+00
2.088904521670982284e+00
2.026381926897760533e+00
2.019423379911769345e+00
2.397447699900985274e+00
2.423698749417964926e+00
2.302198347976282644e+00
2.151545249047939645e+00
1.802566304125363450e+00
2.022900139744193027e+00
1.856735927503588401e+00
1.766388610773500289e+00
1.697723622123731291e+00
2.023741968486817200e+00
2.256009207476388223e+00
1.971868421722238196e+00
1.993343858628483289e+00
1.518872991009119211e+00
1.793356992044824239e+00
1.805873696917697391e+00
1.835151360206134674e+00
2.192726391859274759e+00
1.749690168220072284e+00
2.085212287699694578e+00
2.318617090754376608e+00
2.371640068997275641e+00
2.168368323437545708e+00
1.850202761919736538e+00
2.252015795396667297e+00
2.314428531337232808e+00
2.092456477558301220e+00
2.350070293990361048e+00
2.631157679322881471e+00
2.412120786342711209e+00
1.910872310716806188e+00
2.287325442626738425e+00
2.071669365778935124e+00
2.204241823054905236e+00
2.004804200936197045e+00
2.029239357373572528e+00
2.149523428255397217e+00
2.177998254807771872e+00
2.263875339199013403e+00
1.856690390975168192e+00
1.820192908688188060e+00
1.986140381110585329e+00
1.928229306656174646e+00
1.994280799495138146e+00
2.193125974763659780e+00
2.000086791966816602e+00
1.974983356902924037e+00
1.830557687863167082e+00
1.394802237501517439e+00
1.315467953306480142e+00
1.390776393529145283e+00
1.404437782342381702e+00
1.299721822309482855e+00
1.577668551155841925e+00
1.731433723508020606e+00
1.635326417242297881e+00
1.509220523919235335e+00
1.800429423503823179e+00
1.659651905544361261e+00
1.498080437832539857e+00
1.328317463237506102e+00
1.477197018759216274e+00
1.540136501315936712e+00
1.614577032006899060e+00
1.769991955306624565e+00
2.003887639407400556e+00
2.214700635198404211e+00
1.786773164068744313e+00
1.705682990389311815e+00
2.013872826676358141e+00
1.421405947500201883e+00
1.591058926569701715e+00
1.545298887954437150e+00
1.941762687786082298e+00
2.023567654488230616e+00
2.142747772965566178e+00
2.270914885027143004e+00
2.636052654891379632e+00
2.274436856480935631e+00
2.230058168810942210e+00
2.027956537352281430e+00
2.080580859842386499e+00
1.996027676540672147e+00
2.185266778573583757e+00
2.049403954853560972e+00
2.008201864783323298e+00
1.819802194070312851e+00
1.988677375538212111e+00
2.438603324818266582e+00
2.311392349542045643e+00
1.904714283777044548e+00
1.952876148662244349e+00
2.115812784520174183e+00
1.988258589938395993e+00
1.685882421541462950e+00
1.584873573718116768e+00
1.406238757664667993e+00
1.489401614885349501e+00
1.272332451982886914e+00
1.341646873335631041e+00
1.437410233654053737e+00
1.833495554370784930e+00
1.373586930458463140e+00
1.879971332357103009e+00
1.598097019045139122e+00
1.376580241385665815e+00
1.379830489482500200e+00
1.682430643455715469e+00
1.912144977156466696e+00
1.928196729658864017e+00
1.954101073110741771e+00
1.630014608275302201e+00
1.473759771324889556e+00
1.281945598108873874e+00
1.343402324475658105e+00
1.570856237741869332e+00
1.529594870132151563e+00
1.520886722402560842e+00
1.499955285750088851e+00
1.687020568606108828e+00
1.545133634526360433e+00
1.407995108059154177e+00
1.671727511592384197e+00
1.886618819710212058e+00
2.070827381053280458e+00
2.156572890838327705e+00
1.962098403032239480e+00
1.746682013558939595e+00
1.770939707279595154e+00
1.901605755460377800e+00
2.235940737661115119e+00
2.071079511186819655e+00
2.310098715454200313e+00
2.169415272626749047e+00
1.704289643005427513e+00
1.601422652117172607e+00
1.547754918589911100e+00
1.300427795082095717e+00
1.217644740572505047e+00
1.458441763157363624e+00
1.391732499389427558e+00
1.658781218851027806e+00
1.440310920576667764e+00
1.531819399559790629e+00
1.450407475429133841e+00
1.346703498329676840e+00
1.552473196354760665e+00
1.151317518163045950e+00
1.582874718742244502e+00
1.840992047810066978e+00
1.614850459844551001e+00
1.558467597260656534e+00
1.778974125555812025e+00
1.796794027041122455e+00
1.759794068363253139e+00
2.015128933423629309e+00
2.496518514155289914e+00
2.198241668471670351e+00
2.148267792262132492e+00
2.334668614861740377e+00
1.956638425598139719e+00
2.266439432149399025e+00
2.719532051368435788e+00
2.250914351381176903e+00
1.807399502107275069e+00
2.166253708304817671e+00
2.274842986497211061e+00
2.082180780936898845e+00
1.703867686791446845e+00
2.113189297905721187e+00
2.084064753100278722e+00
1.618275547756511834e+00
1.183360518747524903e+00
1.271254745771329686e+00
1.555470790349009036e+00
1.423492205328581672e+00
1.565774600032319386e+00
1.791787352750748630e+00
1.583261287712298904e+00
1.205764341482018054e+00
1.587033262507785203e+00
1.700356284385698080e+00
1.969138394701206440e+00
2.134230395617851439e+00
2.287730678789823724e+00
2.216573135110068371e+00
2.321263656308598211e+00
2.100167015548564109e+00
2.336082645398742219e+00
2.504782167298049700e+00
2.260355654904372180e+00
2.137350405661770036e+00
1.783658926359384722e+00
1.407237889720283075e+00
1.621115392329691263e+00
1.570891853928927384e+00
1.478945779473264110e+00
1.400503727750687544e+00
1.565132697650136739e+00
1.730552293578677681e+00
1.662667728125859945e+00
2.044273073239888827e+00
1.673137300626078350e+00
1.813412401285418696e+00
1.268682026856759348e+00
1.411355697802732401e+00
1.209916047375672932e+00
1.426143525784353105e+00
1.216485538603265582e+00
1.314571669425009803e+00
1.147493822873409508e+00
1.807646005661576627e+00
1.925720403168006190e+00
2.118952996584128279e+00
1.944256124686584375e+00
2.011826826057216078e+00
1.993106697297274410e+00
1.901732489934228498e+00
2.180595460185095646e+00
1.799878056569344187e+00
1.633126819915601935e+00
2.224428868547731142e+00
2.165800133949076223e+00
2.065191105215114842e+00
2.056136330625197850e+00
1.872029511730224360e+00
2.065988998034653967e+00
1.925467601071267687e+00
1.495621812476046530e+00
1.513815348967285423e+00
1.389828595198293382e+00
1.370919018324853189e+00
1.901404594896523470e+00
1.943628042199137429e+00
1.627871915426416738e+00
2.125861155974410277e+00
2.292946734984892654e+00
2.025059318840459532e+00
1.704655060604608252e+00
1.881214958886302746e+00
2.219202163333083622e+00
1.909461691327151600e+00
1.588015767630380104e+00
1.907812496910489486e+00
1.962087148085313038e+00
2.096466036986635917e+00
2.016054696090114007e+00
1.956103266171505872e+00
2.365102162674028730e+00
2.566027707184625584e+00
2.285238780521455126e+00
1.854367635170946160e+00
1.743861745172371247e+00
1.929149889414856212e+00
2.055983503673358026e+00
1.952905083234683703e+00
1.686939843836714248e+00
1.788310246990352459e+00
1.553890774928458729e+00
1.507336164664146994e+00
1.526684877520414485e+00
2.011878503046057087e+00
2.207039315319682782e+00
1.929433597787248544e+00
1.983842293411261171e+00
2.174971135022686131e+00
1.672079115531130755e+00
1.477675470296434312e+00
2.048200842807505584e+00
1.737660017061019690e+00
1.216089853996948911e+00
1.260047151728426407e+00
1.428252146306487891e+00
1.435295531138702119e+00
1.413244877328578619e+00
1.429087176914456636e+00
1.359592705925012357e+00
1.238426590330043986e+00
1.221946981683039279e+00
1.152962051061908966e+00
1.443907913147414845e+00
1.605628824050363113e+00
1.675206855762051195e+00
1.781716838808705905e+00
1.508519187972978681e+00
1.498424527469558898e+00
1.445428407579232966e+00
1.475703187534445959e+00
1.669508484734260279e+00
1.941357485099935110e+00
1.838768117545371172e+00
1.990213681233236276e+00
1.849743778020846108e+00
1.997261954093020542e+00
1.866789177651160703e+00
1.522187792157739361e+00
1.477285029021671470e+00
1.409991547019930014e+00
1.649679164539285203e+00
1.769748393300124789e+00
1.870729273254761127e+00
2.094291385009455109e+00
1.454076514183222812e+00
1.366218790362601077e+00
1.766479003167741313e+00
1.532993670011295606e+00
1.836688741751667964e+00
1.226543657037395096e+00
1.180063875896575798e+00
1.322395769441033542e+00
1.187187352926937889e+00
1.586521882019568119e+00
1.605437204816762886e+00
1.413070884026113916e+00
1.803518280053216571e+00
1.740157618988742882e+00
2.031411506330719430e+00
1.920007941766414650e+00
1.928560192216258518e+00
1.725493497851906088e+00
1.912488166608900420e+00
1.690055735771566425e+00
1.458774307340000131e+00
1.470755041347894920e+00
1.376956595436176212e+00
1.592238229733174748e+00
1.547000758507045992e+00
1.985774165980683126e+00
2.159753166727111484e+00
1.960104660233713991e+00
1.887783989397244344e+00
1.793511622630103552e+00
1.826124769559598793e+00
1.962218032797819589e+00
1.978033424896494141e+00
2.047566757174803520e+00
2.021156189332605546e+00
1.586760713316815341e+00
1.464336185243237276e+00
1.529867079100321714e+00
1.176855911069826455e+00
1.434236413269974530e+00
1.581901061322430913e+00
1.304071870707324665e+00
1.210866127947554771e+00
1.592095041504550501e+00
1.492330144476637699e+00
1.607312630953984245e+00
1.712856723471189557e+00
1.535767755221446151e+00
1.475713203371010751e+00
1.637943719968415257e+00
1.559677076680818342e+00
1.769215794091685057e+00
1.324954757298343111e+00
1.542834177202252466e+00
1.735422984784856570e+00
1.214838177590639168e+00
1.410442936959761973e+00
1.383398363690784949e+00
1.250606070077502352e+00
1.275653757223595086e+00
1.264716229998355423e+00
1.476990544519627635e+00
1.318477655886285405e+00
1.451715464266975175e+00
1.966081093773215160e+00
1.770516424047742010e+00
1.504633408618947010e+00
1.746965008173741785e+00
1.729355932395053363e+00
2.042008761623228530e+00
2.081050626604523224e+00
2.156646376207244309e+00
1.994408588119060965e+00
1.686907287282828349e+00
2.184333695976561796e+00
1.859001802626226496e+00
1.995155393303876368e+00
2.174427828857739886e+00
2.107757378397092207e+00
2.110615625690810404e+00
2.419971919734276611e+00
2.110153769776783150e+00
2.146698722161928696e+00
2.368383216324438489e+00
2.363013401887039233e+00
2.502666535459094899e+00
2.311930020122358709e+00
2.471014144385748068e+00
2.139720430511635296e+00
1.840432814872126732e+00
2.016070135200519253e+00
1.783298680800289082e+00
1.708926498186266407e+00
1.283987038533974667e+00
1.552132031326367567e+00
2.002154097571340330e+00
1.599360431120522952e+00
1.682475003777811118e+00
2.096730163438125238e+00
2.384034402799999786e+00
2.115610815427412472e+00
1.976115573703989714e+00
1.975854957415002833e+00
1.763449970801854283e+00
1.875540022064204226e+00
1.711620733552111195e+00
1.648955008530825994e+00
1.729631416491308915e+00
1.667802144398354391e+00
1.865187298754677592e+00
1.548801857611577182e+00
1.599906415008047533e+00
1.759497306746732992e+00
2.019961296000900131e+00
1.920328739610962732e+00
2.534910074534448388e+00
1.955292502457444348e+00
1.912658353718018844e+00
1.775030917222536475e+00
1.854152835577826952e+00
1.325723547953231218e+00
1.897588940471126140e+00
1.523482459258886479e+00
1.645211106106628351e+00
1.427672229394114867e+00
2.024148072807469223e+00
1.800910255380446134e+00
1.271910918409158153e+00
1.113930058536287016e+00
1.151838396157431221e+00
1.139763710884298398e+00
1.253609285281767294e+00
1.075878645297789538e+00
1.152337908808663158e+00
1.478986848925754494e+00
1.563962452958937766e+00
1.740889104573079216e+00
1.563807405064086664e+00
1.555173865425958368e+00
1.537626408096601782e+00
1.889803672833371140e+00
1.551937606762230359e+00
1.659385410162998786e+00
1.653908262003256358e+00
1.876232203899962148e+00
1.750368821940694986e+00
1.702529690880727031e+00
1.858326993940193184e+00
1.449654803215027599e+00
1.269670963605194824e+00
1.497293746756509281e+00
1.530201019789523720e+00
1.608849323264271991e+00
1.748170716681677561e+00
2.049680747124485780e+00
2.081601933612953648e+00
1.970169750711407985e+00
2.126467330734135075e+00
2.263408080372817377e+00
1.948715349756223736e+00
1.884558705015260571e+00
1.904452919103583275e+00
1.979608628970904949e+00
1.848480712062004816e+00
2.033804022923033195e+00
1.851020696732279980e+00
1.788616700598101517e+00
1.959219273559484664e+00
1.839086253852669772e+00
1.561001285102027625e+00
1.502430057614431824e+00
1.492637417345386464e+00
1.445701019082338945e+00
1.660451155607230111e+00
1.604681109613528056e+00
1.840977257157025537e+00
1.794084996069914340e+00
1.552690903870584727e+00
1.202742382186088754e+00
1.355035586305660678e+00
1.658048424839907886e+00
1.544759104976176189e+00
1.751068334941196625e+00
1.676723399210468646e+00
1.841373737311078784e+00
1.968086134874039050e+00
2.163497837784456035e+00
2.115706076050997364e+00
1.951659565583093725e+00
1.769763032480976328e+00
2.078408632701305603e+00
2.043169367260169178e+00
1.855619061177514073e+00
1.883114873823790392e+00
1.679591018187087448e+00
1.873612693435459109e+00
1.989645464531974772e+00
1.883901317579985246e+00
1.640637692861131258e+00
1.693314970435735312e+00
1.675201331488730183e+00
1.512491055835035958e+00
1.404296780639843423e+00
1.627964019947810259e+00
1.560533472227357832e+00
1.663546039096347684e+00
1.853415604702882691e+00
1.535140819692890624e+00
1.562092337279213261e+00
1.480713938579175437e+00
1.654322760659122871e+00
2.175403846890932247e+00
1.923535930036949004e+00
1.600103347133916998e+00
1.547279723402906093e+00
1.568072325341730577e+00
1.330612357496044895e+00
1.312557018347120019e+00
1.456190824037843168e+00
1.462709055956954440e+00
1.497106298413891201e+00
1.836495915104053855e+00
1.850108738861091284e+00
1.964189415411233597e+00
1.640015766931314234e+00
1.561344127203261767e+00
1.387220437113620086e+00
1.154748255633033738e+00
1.058552497895722810e+00
1.276507150539308633e+00
1.356124538721300565e+00
1.462036844090738308e+00
1.418456185966812777e+00
1.799178119033981282e+00
1.860242690410524036e+00
1.559961239964271051e+00
1.920579899866640350e+00
2.047590632952359879e+00
1.645666562776605391e+00
1.354531302897653999e+00
1.585507942217096122e+00
1.452815583782291586e+00
1.364139086387909039e+00
1.492223319178800134e+00
1.714344601417026270e+00
1.504276478457541977e+00
1.164412800223122657e+00
1.118006856565170848e+00
1.194994475981000726e+00
1.463386160422367910e+00
1.171794823270843278e+00
1.260687141477415896e+00
1.247619375713240109e+00
1.460024297826773232e+00
1.686409514869242843e+00
1.675862795799208271e+00
1.884407154668846118e+00
1.110638495484732813e+00
1.183963259276221258e+00
1.376305501064533310e+00
1.344489203137238631e+00
1.241257948113511311e+00
1.390002918130806897e+00
2.072276285297513621e+00
2.097826426971789004e+00
2.322286258146152527e+00
2.076974672491051166e+00
2.233163667307203948e+00
2.101412223726945250e+00
1.873743467643562699e+00
1.642554482109097824e+00
1.891126895039378697e+00
2.165350206148523249e+00
1.891780753413486060e+00
1.768283804342372978e+00
1.453891939820093127e+00
1.440510317143166130e+00
1.477267761066027418e+00
1.551559357348979651e+00
1.535889123463657135e+00
1.201141094985302082e+00
1.357057877161927051e+00
1.442893636993698436e+00
1.545713495822690575e+00
1.495915190799956607e+00
1.679556492602908069e+00
1.522895854102650937e+00
1.756892109071301888e+00
2.264576827179542562e+00
2.202991481972758070e+00
2.331051108354975199e+00
2.098362560299921853e+00
2.082086064116368984e+00
2.246293049797023489e+00
1.760001976926829803e+00
1.357371033199163080e+00
1.341164333619709215e+00
1.216146012187691028e+00
1.103231649071843457e+00
1.635958210501952781e+00
1.476442512565343534e+00
1.745242066347773235e+00
1.747353319369405300e+00
1.867227470891732910e+00
1.750369012606091124e+00
1.845052459137432654e+00
1.638645078889969575e+00
1.918180032554125392e+00
1.431272878143571070e+00
1.731488379339960693e+00
1.637474652528470465e+00
1.700173496621877334e+00
2.033032281556179655e+00
2.164938783066513661e+00
2.406855412111978954e+00
2.210212799825428842e+00
2.582859768307279147e+00
2.614445401002162050e+00
2.229714217170697843e+00
2.102845492900589974e+00
2.115651062734475119e+00
1.877824676911238999e+00
1.793716950081931660e+00
1.495244123458006058e+00
1.732569718282718885e+00
1.936140525191924144e+00
2.194919116601461440e+00
2.518926126566650492e+00
1.976156809328875497e+00
1.944442344163525682e+00
2.125336882006836792e+00
2.166463348252890775e+00
2.426009320588826679e+00
2.308012326888450705e+00
2.458907710586950124e+00
2.305094773134980013e+00
2.052293311548713639e+00
2.027278020413999293e+00
1.710690453891806406e+00
1.864904646314367032e+00
1.535398210561547128e+00
1.809895422405379595e+00
1.615892636915656766e+00
1.740359825382407299e+00
1.849766856462569553e+00
1.315035527299263096e+00
1.756970869940636337e+00
1.424483334778149146e+00
1.141145803503589073e+00
1.303954781704573795e+00
1.100779503217705679e+00
1.488291240486599776e+00
1.348387246802517758e+00
1.527487125062852558e+00
1.308158901440497068e+00
1.339992747845125676e+00
1.329020638179365665e+00
1.182814702568688814e+00
1.477559754123555669e+00
1.913603043463246056e+00
1.970899627476782046e+00
1.703362971297961437e+00
1.973712679834662254e+00
2.057327836445867586e+00
1.491412389387524851e+00
1.181437412944706500e+00
1.350103345511514341e+00
1.161693870555240427e+00
1.258411762773717690e+00
1.359486507551937784e+00
1.150605424656176323e+00
1.141227965601852468e+00
1.275656491688033745e+00
1.129620242074963921e+00
1.689150270329809134e+00
1.521746288105073619e+00
1.222103817797806746e+00
1.480132463107566743e+00
1.673348108164915971e+00
1.707353222089685874e+00
1.649692875603101072e+00
1.959086329972865359e+00
2.036898951738495445e+00
2.282843916125715023e+00
2.312550159556984397e+00
2.369700994971653873e+00
2.390961500997872413e+00
2.405943989313291898e+00
2.051536807913007632e+00
1.486780337662773954e+00
1.430254339612735182e+00
1.175636983617064368e+00
1.108895858782843247e+00
1.281462056919745018e+00
1.291715130102415010e+00
1.723850155992449729e+00
1.176061025388786652e+00
1.424299542135929908e+00
1.598994798307299625e+00
1.687349280546069696e+00
1.607626400243545195e+00
1.391574040511084576e+00
1.183148172339611781e+00
1.323661542373761435e+00
1.377663806722169149e+00
1.385049885158970984e+00
1.259523501929707967e+00
1.352707710402000441e+00
1.532513130151269998e+00
1.454147369142989366e+00
1.517770835051993839e+00
1.998304690583120991e+00
1.858502740488587879e+00
1.554129487662308629e+00
1.509702558088379165e+00
1.508082792703027142e+00
1.757142565521246924e+00
1.823294915747009970e+00
1.928254959377424527e+00
1.467277449307531123e+00
1.550404003348129223e+00
1.472060493660650726e+00
1.878326893639781225e+00
1.873331193766983205e+00
1.558676587731207652e+00
1.321313170822655980e+00
1.278855038949609835e+00
1.571072350867993128e+00
2.137621608337815449e+00
2.052869475105567165e+00
1.521983759221261723e+00
1.677697666982326696e+00
1.447773588709158288e+00
1.412678555649384826e+00
1.738232690730893371e+00
1.524445824228065405e+00
1.423359957382134944e+00
1.205977901923402484e+00
1.417214367232731753e+00
1.265732188228733790e+00
1.084175950839928682e+00
1.614743961267472550e+00
1.593725466770707477e+00
1.268874140196005085e+00
1.202696593123578017e+00
1.246414840190943174e+00
1.611417156449559629e+00
2.096755767022424166e+00
1.511724254061376005e+00
1.326057346520096658e+00
1.622945075119061276e+00
1.696117303376137642e+00
1.251503232705651891e+00
1.563168111631388246e+00
1.408333689308020942e+00
1.323427421011311722e+00
1.203485821763825570e+00
1.357754052144931389e+00
1.453019204000954856e+00
1.413078535636046462e+00
1.382317145969694128e+00
1.247437490507219859e+00
1.774997457091889164e+00
1.863843566104624871e+00
1.906479866875355533e+00
1.512624043200750057e+00
1.476248988882187252e+00
1.539488878116030746e+00
1.595927631363367238e+00
1.848850396574157173e+00
2.125131662895918705e+00
1.967016939181135404e+00
1.650814880206897151e+00
1.799179272340345692e+00
1.847131554388018904e+00
1.648220045794436928e+00
1.745351118199562679e+00
1.342060375089875190e+00
1.536900935785499689e+00
1.486496479349205035e+00
1.530670557197517878e+00
1.758303111606419167e+00
1.665631232465160316e+00
1.310306107208093707e+00
1.312355013292501038e+00
1.491184600766350510e+00
1.235803481112986546e+00
1.360822402017330068e+00
1.206225142630513503e+00
1.312897552552972025e+00
1.535224361721563735e+00
1.490972157076513094e+00
1.706173826047074460e+00
1.749210655227638300e+00
1.658083514346524900e+00
1.736746260835937194e+00
1.603175939449154486e+00
1.453013662976475384e+00
1.323960366841092418e+00
1.401157083544224413e+00
1.326713068391752515e+00
1.230734636499944079e+00
1.436576561468540403e+00
1.498252630540015895e+00
1.504866661939796790e+00
1.713217209470833557e+00
1.380695361024876888e+00
1.488693090218593973e+00
1.640977878065997375e+00
1.642235104252431688e+00
1.727721329269708894e+00
1.454766775942125001e+00
1.700995360031247516e+00
1.627020056189807606e+00
2.117229342698677907e+00
1.894909468735494817e+00
1.881281360756822840e+00
1.733719732560215609e+00
1.687436168821087934e+00
1.365325789346749197e+00
1.232726176389646433e+00
1.114822702756453010e+00
1.376613271100038283e+00
1.189975117556292039e+00
1.219214838507006071e+00
1.536312792421734352e+00
1.629431739271622437e+00
1.799179895188397271e+00
2.235244553327527139e+00
2.356946362847183618e+00
2.355108494238512762e+00
2.171492631742182766e+00
1.752119735153537583e+00
2.203034857932388402e+00
2.060342880469176574e+00
1.921531314369861354e+00
1.757509288010842496e+00
1.558205315368681010e+00
2.012936501883553664e+00
2.168696982501969295e+00
2.032955486910343446e+00
1.864591555059809780e+00
1.628279067194374541e+00
1.659453604843200480e+00
1.967252138986642640e+00
2.124574737421331516e+00
1.621369747595583721e+00
1.725922177996649598e+00
1.618464285367667621e+00
1.471581637066749604e+00
1.307051012654559585e+00
1.256115078722064737e+00
1.247841269864338187e+00
1.460599092497357532e+00
1.468188178178754910e+00
1.168458210241389628e+00
1.509615130839163211e+00
1.586147842406563591e+00
1.770663811043862168e+00
1.634034834367792177e+00
1.798024624896502166e+00
2.156772801426023900e+00
2.210848220892199567e+00
2.521458257726084895e+00
2.271647475600230059e+00
2.475704628777834149e+00
1.881275497900916527e+00
1.390940597187204197e+00
1.693421393574537026e+00
2.137362334387635787e+00
1.763143425250337959e+00
1.725660909284753464e+00
1.718308678423779101e+00
1.686187538350544024e+00
1.378964561614421047e+00
1.514406467980271787e+00
1.525306916827431358e+00
2.056161208006063390e+00
1.531740517961827308e+00
1.349864384737335277e+00
1.227354348171190601e+00
1.186509070739417915e+00
1.740700788452019809e+00
1.400350036844589141e+00
1.345616079337610849e+00
1.544908106173449980e+00
1.591235402991878489e+00
1.719042023110920470e+00
1.907787433330662585e+00
1.677941120054614821e+00
1.889555121093759116e+00
1.452453267868339282e+00
1.793155671378675597e+00
2.165919893348621006e+00
2.077026568165074583e+00
1.866425479717174873e+00
1.700726198803252931e+00
1.675745390981691063e+00
1.675362596646243318e+00
1.848579204758090233e+00
1.481580036022187130e+00
1.352190639160202323e+00
1.449101407750147397e+00
2.108857435490069765e+00
1.925358352232206860e+00
2.041006444955814292e+00
2.117624177942185604e+00
2.198059426427870111e+00
2.127641097843334883e+00
2.195535245452233664e+00
1.848024645939358779e+00
1.822038001601663737e+00
1.894834061841479400e+00
2.026951186366999114e+00
1.856253070466318267e+00
1.796518643327571274e+00
1.772276996981038355e+00
1.477142165935825480e+00
1.710653327507690724e+00
2.058098582471017846e+00
1.719830614724759732e+00
1.479917298452224639e+00
1.453599149176742600e+00
1.182636333662532513e+00
1.239702497977893891e+00
1.445996096217670335e+00
1.238815381508489466e+00
1.215675726771164200e+00
1.190960913958279077e+00
1.065749004497280383e+00
1.423542886536714569e+00
1.334571918179685568e+00
1.350547796141292167e+00
1.651563054657725349e+00
1.760744766863805655e+00
1.255229634773716185e+00
1.700046633359883375e+00
1.608699723622730504e+00
1.242278303121988836e+00
1.285074012839746871e+00
1.238348789615664414e+00
1.585161184366342013e+00
1.574766700073906733e+00
1.712470983637286892e+00
1.753325140881182298e+00
1.501172606546842481e+00
1.532654927169907033e+00
1.903678297263353247e+00
2.054249927968901712e+00
2.064868525022917733e+00
1.710921807431935227e+00
1.805608202097630510e+00
1.690888925714938429e+00
1.951265605420394511e+00
1.843701655883626778e+00
1.794039722822941885e+00
1.902391797161522735e+00
1.826814519245188340e+00
1.588370192189712649e+00
1.659885844079554751e+00
1.827973721342577296e+00
1.978476838190484033e+00
1.690272530035974885e+00
1.594764249409079904e+00
1.309062926058684795e+00
1.415160407545615007e+00
1.443628551424122497e+00
1.674182543617545482e+00
1.656626165058479261e+00
1.423806565888384945e+00
1.440970608413672416e+00
2.009617201496974204e+00
1.735253595909069801e+00
1.596270957171690208e+00
1.573758221001262392e+00
1.548599163504845722e+00
1.521587022294564218e+00
1.375830899616823144e+00
1.238433375572597139e+00
1.253831277165927904e+00
1.234842966287371002e+00
1.113218520822335966e+00
1.667098511074878830e+00
1.782420227807300028e+00
1.854122688310857914e+00
1.702672526350928806e+00
1.403965784774919179e+00
1.569691142743196988e+00
1.397637073090033377e+00
1.555666664557460166e+00
1.499600149492822831e+00
2.094444738202237311e+00
1.623032342922690496e+00
1.553925401356187397e+00
1.571257647879341190e+00
1.511372959170751207e+00
1.448031178854321199e+00
1.221410618303038653e+00
1.320672127985338618e+00
1.294166670088099824e+00
1.323447774125838805e+00
1.161639748408344497e+00
1.137197324738394855e+00
1.311652460372549900e+00
1.339550271476729115e+00
1.361216459847311988e+00
1.505336755990601461e+00
1.691887111052116088e+00
1.585890434237518409e+00
1.131798515828083884e+00
1.262665615314596534e+00
1.455215331198636886e+00
1.604407394544169252e+00
1.327766422573975813e+00
1.181138808621136294e+00
1.333399965580752022e+00
1.358626621183175898e+00
1.449847870962344576e+00
1.366308460972852634e+00
1.384002545517263094e+00
1.421651394768530086e+00
1.673963040784913092e+00
1.405108374549262296e+00
1.427171410118295292e+00
2.117294642353960032e+00
1.913579733944561045e+00
2.094699071704952509e+00
1.976773900757223590e+00
1.885993847481557184e+00
1.674869026788482929e+00
1.372654050347325239e+00
1.353692520589864889e+00
1.322508760672055583e+00
1.365678387055642595e+00
1.946930212088998857e+00
2.196904736361717791e+00
2.385081379290611814e+00
2.714119354738751877e+00
1.952295837460724659e+00
2.043799571383253522e+00
2.059512739972634066e+00
2.037144696783771636e+00
1.665759561916644094e+00
1.367453334138543974e+00
1.667804424247252504e+00
1.836203527356412568e+00
1.843248017958671658e+00
1.198807109813777805e+00
1.077903890319986013e+00
1.113066385970635119e+00
1.209869689312899510e+00
1.461385626991631881e+00
1.636936866216609721e+00
1.647735528376160774e+00
1.642680212041446097e+00
1.617782114475997179e+00
1.540432017496420558e+00
1.423098619629652672e+00
1.410713613620013129e+00
1.596101295899288841e+00
1.416357262178000287e+00
1.686735520849488967e+00
1.600627182611408017e+00
1.786410101802322181e+00
1.640130955689569348e+00
1.578936873496170179e+00
1.961582095406766202e+00
2.049605641274315104e+00
1.939157831465758708e+00
2.110204004908192044e+00
2.356858592544529341e+00
1.600025717661719415e+00
1.790267887276499881e+00
1.672659157286645826e+00
1.372443496947987063e+00
1.417512950840738917e+00
1.504162632684714396e+00
1.930713048312765912e+00
1.807508186813959306e+00
1.456789367348837017e+00
1.244233590944363144e+00
1.441650739908099998e+00
1.474293096952735915e+00
1.616911431192612270e+00
1.430927197975151222e+00
1.623894045176031753e+00
1.567785655386674470e+00
1.809067085709995970e+00
1.793110040898165281e+00
1.666803663312014905e+00
1.382905938947435409e+00
1.206662498402771400e+00
1.100039281891223020e+00
1.086567420733775657e+00
1.151116274068612055e+00
1.069665999457473982e+00
1.475057129665487743e+00
1.342477562297945681e+00
1.723519053183135474e+00
1.750338524463397993e+00
1.682216120214904853e+00
1.735971909995531748e+00
1.438355356577407873e+00
1.748723602985053693e+00
1.698441027955022165e+00
2.007641318030744859e+00
2.466833088086467285e+00
2.189770018918888450e+00
2.523547877046384613e+00
2.108765822302392401e+00
1.959737880127449872e+00
2.106667510186913006e+00
1.886142549655991818e+00
1.977636643110590731e+00
2.109776579638726890e+00
1.573739348597595900e+00
1.586468590082322105e+00
1.159442154511906464e+00
1.440595346796993859e+00
1.329261842744514421e+00
1.448787766098112328e+00
1.495061726667287871e+00
1.582591369083281130e+00
1.135763997641006329e+00
1.376683112424117894e+00
1.595605764455808817e+00
1.454054848904364095e+00
1.815933382632804793e+00
1.917713258052134995e+00
1.640841446370673085e+00
1.933596049063934563e+00
1.666552178694980846e+00
1.516301948543848255e+00
1.803238551881187313e+00
1.551198637340247766e+00
1.488082049301668874e+00
1.601890424150644865e+00
1.482141448994988453e+00
1.929809730883692787e+00
2.039532038463601982e+00
2.004291768916556915e+00
1.729431152121585491e+00
1.971982096655440220e+00
1.607479062045015228e+00
1.497159006835983908e+00
1.361915553614918339e+00
1.447109735622418292e+00
1.168578124450776468e+00
1.194710756851043554e+00
1.465863151155008648e+00
1.651866673255389717e+00
1.516433463599126341e+00
1.513560043337732530e+00
1.438465718224120060e+00
1.806778963761438206e+00
1.501604253245194309e+00
1.369005211423506285e+00
1.516330211447782794e+00
1.690905160251396255e+00
1.662250537833624975e+00
1.251095860174295638e+00
1.221793470404530346e+00
1.219840793086807818e+00
1.783016470801799258e+00
1.791002656057091746e+00
1.995325242158709322e+00
1.866209377526751645e+00
1.387353020056837583e+00
1.642928283208300533e+00
2.057960653575146903e+00
1.921344135024732003e+00
1.753865262008049264e+00
1.449219840788116720e+00
1.708570755461623847e+00
1.873127087427503445e+00
1.543696909061942790e+00
1.391558598818174231e+00
1.232108430806376553e+00
1.247611782283520876e+00
1.303300950543269110e+00
1.359685656604199266e+00
1.046238893372974044e+00
1.298436982494312275e+00
1.449926932301529581e+00
1.442902455782486992e+00
1.491684001223799960e+00
1.186148833092190547e+00
1.283306760856286033e+00
1.467725263560283544e+00
1.303230470975113242e+00
1.461842652610419790e+00
1.323080815583807635e+00
1.525166068416673237e+00
1.561005296634138118e+00
1.360015473334525993e+00
1.399982085429232415e+00
1.353549663317124896e+00
1.535721148906580513e+00
1.639772271253154390e+00
1.665604415185926612e+00
1.589119221211245492e+00
1.613457638071101208e+00
1.721498330111651542e+00
1.715938751987570843e+00
1.568629839577892593e+00
2.076427148866047734e+00
1.862556585356164973e+00
1.803752174607121006e+00
2.132913297112005946e+00
2.061546282199590685e+00
1.547725807173423007e+00
1.896977254528948720e+00
1.820980559636438789e+00
1.549821693713326454e+00
1.630212979660598194e+00
1.700530401808136194e+00
1.663003338133215214e+00
1.207640223455467510e+00
1.603007644800119369e+00
1.339969524734816453e+00
1.364590565305552561e+00
1.456778119534806848e+00
1.685841029010018310e+00
1.713843248144578668e+00
1.885745085167132018e+00
1.635234979468469962e+00
1.787369200439048456e+00
1.843389598764979986e+00
1.930985091743660398e+00
1.432828194436189584e+00
1.478235279565879523e+00
1.563642112894500835e+00
1.893314494233697687e+00
2.021376751189813969e+00
2.262221434914902574e+00
1.854106180513101165e+00
1.624198759979411655e+00
1.463442005548668767e+00
1.661505139396571185e+00
1.385359517591153500e+00
1.597040676313531860e+00
1.802718386558905372e+00
1.518549948533202354e+00
1.309115842047652523e+00
1.471169636097579447e+00
1.447052120929155805e+00
1.298631086251583078e+00
1.541522120320649503e+00
1.373199770962858945e+00
1.585349729257976570e+00
1.558360151867778542e+00
1.353947058321339325e+00
1.423985894361860849e+00
1.832844289950503303e+00
2.272583884332213255e+00
1.820279222128731167e+00
2.232285559382632734e+00
1.890848498159970026e+00
2.043766128775903024e+00
1.786790232137195789e+00
2.078094751576779142e+00
1.994313734665487559e+00
1.989388257437333385e+00
1.798618815099854773e+00
2.144208083569001388e+00
1.643161778046112076e+00
1.591216223129583662e+00
1.905894313243222449e+00
2.022147446699825046e+00
2.083077628479176990e+00
1.480229208634875837e+00
1.510995878612957588e+00
2.168402393114955640e+00
1.923843691722919580e+00
1.987615004762970372e+00
1.655111613391702541e+00
1.873109417721757985e+00
2.001991517250774066e+00
1.944740245288181901e+00
2.106842002185407736e+00
1.986750085170296165e+00
1.848683248843963289e+00
2.318227614087030819e+00
2.079684237991297646e+00
2.314507283549696925e+00
2.251851466881277464e+00
1.853259854810257679e+00
2.152585115072476629e+00
1.967907772917792286e+00
1.807582932511111684e+00
1.609701165148390123e+00
1.507964862669034956e+00
1.693487634159773991e+00
1.553698094004557717e+00
1.573906240042341809e+00
1.910942874995155805e+00
1.704046658301982653e+00
1.768564022069814001e+00
1.444533343081343180e+00
1.131686691917648480e+00
1.383654401355332464e+00
1.564143520467787596e+00
1.572565367533234060e+00
1.341917104710895758e+00
1.590544424451749927e+00
1.624897407582569064e+00
1.511681952870595147e+00
1.577062385396789557e+00
1.482546367199707005e+00
1.580606334519287559e+00
1.515282200126469414e+00
1.343212366732275509e+00
1.152642528132517885e+00
1.287701769468220014e+00
1.317967165918626948e+00
1.424848242936842979e+00
1.260790569368128500e+00
1.433510738728675182e+00
1.645731548858426541e+00
1.592013612074087758e+00
1.645791897600552112e+00
1.554413024394836862e+00
1.464756442700275940e+00
1.809925628953692911e+00
1.684831730481704426e+00
1.809934566534583844e+00
1.909989653830069800e+00
2.179872219756957552e+00
1.915265140295717705e+00
1.791284174833300824e+00
1.326362708097991394e+00
1.547949922727715144e+00
1.391964620786490858e+00
1.769648380843780622e+00
1.805674998398902886e+00
1.753567705997364445e+00
1.630262878575027718e+00
2.320267641566057026e+00
2.625799006839693472e+00
1.945416828485715177e+00
1.852917146413716853e+00
1.853123424516937012e+00
1.867116867692084403e+00
1.309421493853341278e+00
1.532809550289726763e+00
2.127436301958768983e+00
1.671953632688467639e+00
1.770538745616042409e+00
1.567253481012706340e+00
1.709499120189017507e+00
1.902277955336281412e+00
1.643227679460444124e+00
1.621656402462710478e+00
1.866939424661857805e+00
1.932772452343747283e+00
2.321240994000085767e+00
1.918253024916399596e+00
1.730408735955667909e+00
1.660859795406776307e+00
1.493846383754819485e+00
1.802129217538680273e+00
2.073894464815290828e+00
1.841187262999969931e+00
1.423647906679200936e+00
1.560917342484934522e+00
2.328559953200834531e+00
2.159274512034298876e+00
1.342264028320303337e+00
1.862390079967621181e+00
1.665454129405375072e+00
1.828088521707106118e+00
1.523297430181187684e+00
1.336980287005452128e+00
1.442863368216313225e+00
1.950402389860359964e+00
1.771101824148160198e+00
1.697007845896728373e+00
1.999835440721862811e+00
1.674499732190783519e+00
1.679977387800505317e+00
1.722848892875463722e+00
1.304995762996226993e+00
1.764911873713800761e+00
1.493514427935211941e+00
1.720657280073456752e+00
1.569531159059181613e+00
1.612789908798041072e+00
1.878709751817346563e+00
2.051399436331942550e+00
1.978682926669028674e+00
1.309570731353287165e+00
1.482894925122577812e+00
1.549729242986746414e+00
1.429965654309010681e+00
1.655591528095703868e+00
1.282529014264232714e+00
1.302639907054394364e+00
1.528702070293802784e+00
1.315488551345800561e+00
1.497116428245911290e+00
1.328815836077173129e+00
1.416239128722679652e+00
1.541602212732630983e+00
1.192878026845384243e+00
1.291441200332758221e+00
1.519154721705739064e+00
1.729208249957542298e+00
2.115547124031289972e+00
1.579033970117735830e+00
1.384431119127405019e+00
1.459588975772875052e+00
1.481366190447067410e+00
1.453381120267227544e+00
1.441776313715540381e+00
1.449151557823026959e+00
1.254698823284804865e+00
1.736773034234590174e+00
2.022571837175769272e+00
1.745028268665100191e+00
1.795379680717846815e+00
1.369668258867583255e+00
1.167143208008465827e+00
1.586928510151401461e+00
1.450549920054684527e+00
1.058339164326460358e+00
1.160257848252471247e+00
1.423831482967645057e+00
1.266939053145090366e+00
1.282647768147893386e+00
1.269935462956183869e+00
1.271485989933402783e+00
1.352371584824293649e+00
1.244204243700175461e+00
1.279371082283594641e+00
1.279108847881109901e+00
1.304181635881970003e+00
1.482826177519025235e+00
1.661979709703825581e+00
1.582700910798708893e+00
1.464150897357915815e+00
1.476151291036459368e+00
1.642550312122574852e+00
1.566848543267143068e+00
1.493425493692988049e+00
1.354547431632742827e+00
1.602625413429080270e+00
1.388602890248523902e+00
1.419585611813516834e+00
1.601856408637239104e+00
1.900127607466385760e+00
1.372244918434285754e+00
1.442147617159829753e+00
1.902382190906015458e+00
1.675699313186111983e+00
2.015013213849009777e+00
2.049972940335690108e+00
2.021929311932523454e+00
2.036380608640556034e+00
1.926866770627036374e+00
1.831632849304648758e+00
1.455275305639831540e+00
1.502808083763385261e+00
1.300036553995862931e+00
1.369240387413550808e+00
1.326065270534854790e+00
1.580869783531187567e+00
1.733970914592916079e+00
1.507885632089685624e+00
1.459524643243368835e+00
1.682012382913902204e+00
1.462743907088783324e+00
1.554223203104794448e+00
1.429255816215937669e+00
1.738404203123899538e+00
1.626735088628359582e+00
1.634894331687040570e+00
1.657224555701861224e+00
2.133473951286473991e+00
1.360260665026752802e+00
1.676770048807336044e+00
1.806726352131038826e+00
1.592783027012371067e+00
1.948417202779566315e+00
1.294707266004439639e+00
1.569408015685482827e+00
1.803007478752894022e+00
2.039951057226458087e+00
2.225592407204805223e+00
1.878955055727105083e+00
1.550087593297934996e+00
1.526322334061198216e+00
1.521386293844220861e+00
1.371203996930043578e+00
1.649146043328163280e+00
1.645654637252232266e+00
2.030982477131850317e+00
2.138061569698340492e+00
2.175259807183184346e+00
1.939087472844765347e+00
1.758941825626183064e+00
2.042023227487254289e+00
1.243157405534769833e+00
1.301715253144487328e+00
1.547583601655845742e+00
1.262919691828604973e+00
1.293862681178340246e+00
1.257734074316595452e+00
1.700624552357907993e+00
1.519776223752394184e+00
1.264992808732333440e+00
1.304508663804734736e+00
1.560012373945952824e+00
1.654166345884191092e+00
1.544741771397300845e+00
1.576545036177541048e+00
1.414639352225700364e+00
1.542102735566594163e+00
1.815571086285725944e+00
1.620762531232340820e+00
1.561872437829328719e+00
1.528957046733179448e+00
1.545393220913079624e+00
1.980435047503986468e+00
1.935374943099046341e+00
1.665384973749348241e+00
1.983006575372881386e+00
2.380985347483712822e+00
2.325816510672583881e+00
2.254979928737034900e+00
2.180961178245018228e+00
2.117668821042943517e+00
1.810067808369854037e+00
1.601081006309809984e+00
1.748668175697988936e+00
2.044540909873592938e+00
2.023361319784582335e+00
1.725476452485461554e+00
1.827817728038485745e+00
1.658429266118651046e+00
1.779853363175281089e+00
1.505581093364979806e+00
1.379393703102384627e+00
1.257527209762196119e+00
1.736310118897618437e+00
2.234083684549740045e+00
1.712477186299657950e+00
2.171012529124115353e+00
2.088797523942536039e+00
2.248591372535153621e+00
2.327396073672354238e+00
2.176787990354163593e+00
1.920757737841298995e+00
1.413755075761618185e+00
1.538991573480079644e+00
1.778210283330862396e+00
1.613335668945242718e+00
1.275851087674494844e+00
1.052237758770455667e+00
1.253575134701038429e+00
1.768106151043962404e+00
1.648209020580020834e+00
1.880761811084130430e+00
1.570977165479928495e+00
1.266606825514508428e+00
1.461630217570854651e+00
1.500879472377153911e+00
1.170396396253765126e+00
1.704691055585260573e+00
1.697989040835351293e+00
1.783911746997940417e+00
1.483111335013188370e+00
1.657230899365545795e+00
1.457744955676764542e+00
1.605498378277118610e+00
1.779447636970197699e+00
1.145156687493536607e+00
1.557517835781275783e+00
1.715234800500336165e+00
2.019433543983681467e+00
1.805145201917912390e+00
1.691428439398777517e+00
1.923370873790762436e+00
2.037568711426589019e+00
1.981298313044318027e+00
1.856262569130712636e+00
1.316869857395618348e+00
1.712111211666090371e+00
1.708815965676076631e+00
1.479789764870873547e+00
1.883762647353396602e+00
1.848592956436163393e+00
1.813419048455140903e+00
1.777171100551230953e+00
1.826246590159574357e+00
1.687431913583084198e+00
1.762565373473820474e+00
1.924681653506099543e+00
2.093437871869681999e+00
2.406721553964235927e+00
1.924587637502156001e+00
1.788179207644580604e+00
1.744088750246570285e+00
1.781554389613415168e+00
1.594671572814322813e+00
1.845026499574533574e+00
1.949983625903055628e+00
2.099619037099329510e+00
1.798901675716075177e+00
2.680330217898259981e+00
2.392791654482686603e+00
2.317821380680877841e+00
2.355473558568997205e+00
2.179571848591803640e+00
2.188897262384697395e+00
2.245644278984222364e+00
2.098278463653216352e+00
2.033288677828228863e+00
1.922977281633749813e+00
1.805442355294546664e+00
1.655096625364336660e+00
1.445857025681162034e+00
1.641407572782360491e+00
1.219493491057610957e+00
1.582704002199512239e+00
1.609811374389808369e+00
1.591369572871911497e+00
1.144965037894633220e+00
1.844016464772874064e+00
1.267257273212028190e+00
1.281422521227420397e+00
1.413215204208825959e+00
1.403476244982406307e+00
1.592979443008907259e+00
1.610895420670097167e+00
1.791837063614514225e+00
1.354000198890627615e+00
1.304530562895077628e+00
1.663351502947390648e+00
1.416338763478617313e+00
1.497297524178260453e+00
1.404504971810102587e+00
1.334936960323128030e+00
1.332964890505776268e+00
1.787886260579370834e+00
1.624393440652822207e+00
1.320542344067660689e+00
1.288286997425723390e+00
1.080342189801752895e+00
1.234861072692576611e+00
1.394718379884878567e+00
1.469794295016252583e+00
1.773263390009700347e+00
1.764630695064562715e+00
1.892051755026328053e+00
1.726235097857555578e+00
1.304635834293464747e+00
1.316611354325914363e+00
1.593996683594320007e+00
1.277139467133949324e+00
1.217045337620744849e+00
1.692026399202360087e+00
1.394394008373503580e+00
1.772132656744968005e+00
1.604316815924920592e+00
1.765875804583322051e+00
1.891671172771148157e+00
1.630929557768420857e+00
1.583984178966261647e+00
1.697371991148020731e+00
1.852330299762423138e+00
1.615411832930398806e+00
1.900833894972743909e+00
1.562112143802341757e+00
1.658065171629476531e+00
1.742615611306717716e+00
1.493473253970880599e+00
1.206788724607636532e+00
1.566593851815553551e+00
1.333196156128913401e+00
1.422568667650494056e+00
1.182819080544536439e+00
1.214929492684440504e+00
1.653804853496702698e+00
1.717050265076302429e+00
1.877510751555444557e+00
2.127399788595767394e+00
2.237810505226534463e+00
1.950669526636450657e+00
1.882327307617421841e+00
1.524159980276505788e+00
1.533987492556720955e+00
1.347630513582404044e+00
1.214172706730165752e+00
1.166914803436815751e+00
1.075079558841166127e+00
1.581557577460634967e+00
1.890531667543640770e+00
2.042146399143211166e+00
1.701042081502887049e+00
1.680943082091514773e+00
1.659626344051258418e+00
1.527124211736651249e+00
1.423671717077071852e+00
1.466216503537276949e+00
1.124241586481883770e+00
1.528972957754186623e+00
1.632616076127736848e+00
1.697349887793517809e+00
1.645569626761017590e+00
1.324142001980920025e+00
1.316767744341344581e+00
1.296439382489046110e+00
1.356327615664206565e+00
1.299292452790657526e+00
1.273901860855836787e+00
1.411049464759099648e+00
1.947633903393635180e+00
2.095144143737699860e+00
2.014529501322351646e+00
1.981591314131136095e+00
1.813320368534758975e+00
1.905936114699398720e+00
1.820212155532777265e+00
1.307185803892807030e+00
1.454183412099749217e+00
1.574263434760870828e+00
1.380273404715322894e+00
1.466070303197173352e+00
1.362915388539808204e+00
1.394262477982192161e+00
1.553827005315901566e+00
1.378522369030497297e+00
1.505197733377054092e+00
1.364565383980455682e+00
1.276275525635789387e+00
1.431932690500193228e+00
1.285376201411353669e+00
1.663185092200189175e+00
1.894752068466166950e+00
1.762259622135474935e+00
1.733670339293113871e+00
1.865130812221524881e+00
1.961124552084629658e+00
1.958477509924222648e+00
1.651036145645606190e+00
1.503411935310354774e+00
1.410182047239340708e+00
1.743594517286954471e+00
1.615304904532920638e+00
2.006140997127701553e+00
1.431021744565362575e+00
2.114256185758008222e+00
1.804626048599495824e+00
1.738933868424298979e+00
1.620719861390639727e+00
1.707787723806478475e+00
1.829704616406603312e+00
1.843071725169362907e+00
1.539497322694847181e+00
1.531930266505796778e+00
1.934472897844611738e+00
1.523139039204674638e+00
1.573843966872257916e+00
1.648590235506689483e+00
2.025936722026966397e+00
1.916596640532387541e+00
1.470296715827676959e+00
1.799351769148249902e+00
1.807126673331079125e+00
1.821602444031693580e+00
1.909283212279682562e+00
1.618538836748978582e+00
1.274140190963800601e+00
1.435526343719364384e+00
1.569506431958101134e+00
1.361713297947122481e+00
1.591405003133974594e+00
1.416336974625152179e+00
1.229574716981746363e+00
1.266964958041414180e+00
1.227298348115305915e+00
1.183322923400672577e+00
1.225857778682080790e+00
1.203394541135600404e+00
1.329242497154886848e+00
1.489017444668058410e+00
1.548589822639578673e+00
1.461023074446897496e+00
1.624348297337670832e+00
1.671171330652468034e+00
1.467643158216795696e+00
1.955922858843207379e+00
2.132722792558071401e+00
2.411622314142112700e+00
2.243048701393517863e+00
2.382161664249276001e+00
2.304171957115700220e+00
1.858787254169061987e+00
1.278269968796884370e+00
1.148133741775217098e+00
1.758677399550050868e+00
1.758223826385362232e+00
1.903385886759561219e+00
1.845577982224687830e+00
1.614126570462168786e+00
1.529976260986623871e+00
1.626441468549177261e+00
1.402437698729274373e+00
1.584538195224047152e+00
1.481977855727887983e+00
1.479949981506904599e+00
1.525733509701973301e+00
1.566677045204333929e+00
9.710389457095383037e-01
1.280083278347134090e+00
1.341953773938054040e+00
1.636474961921052573e+00
1.391916475469648695e+00
1.685351123244849703e+00
1.344534129282426660e+00
2.165222355430195034e+00
1.882867397275244770e+00
1.713352336790316066e+00
1.760257429617788860e+00
1.631057390987579403e+00
1.902993688514179160e+00
1.654674009097297116e+00
1.398953211146043207e+00
1.445724568759369610e+00
1.441720378660424906e+00
1.505251441729329898e+00
1.356845816393546622e+00
1.519873867064097439e+00
1.441784972032998713e+00
1.599207779477637814e+00
1.757055814380848124e+00
1.781035453180926709e+00
1.649775474717295687e+00
2.004132850169662028e+00
1.344062891237041146e+00
1.618365406639289406e+00
1.678891141388243469e+00
1.867091980237641557e+00
1.764514701376383776e+00
2.036276645743477332e+00
1.749580492633317164e+00
1.587091643501381544e+00
1.527921832724017603e+00
1.682683836729083726e+00
1.743497244638510413e+00
2.153196791039865055e+00
1.723769938924107015e+00
1.926096762968239506e+00
1.595134753762132096e+00
1.677833097054425515e+00
1.623875361232883341e+00
1.466541648104605411e+00
1.313564511128180179e+00
1.550750648709033896e+00
1.708503693710168081e+00
1.304743230684224820e+00
1.717001644966496876e+00
1.499594901387959700e+00
1.689774095693088229e+00
1.592746609039351835e+00
1.799527906626055440e+00
1.706001090530038899e+00
1.404049913527670945e+00
1.975051553664072701e+00
1.957610373372472568e+00
2.191121531164808456e+00
1.582544529677224920e+00
1.616124600577339088e+00
1.620799502802231729e+00
2.134381139402254934e+00
2.197158761274411454e+00
2.196630696100890123e+00
1.766202683869961820e+00
1.429167367064144267e+00
1.439125452375587644e+00
1.507997918431234874e+00
1.441482738480814207e+00
1.463199242094647134e+00
1.917738250236010744e+00
1.533101558423849431e+00
1.778265090607930254e+00
1.447310901992600485e+00
1.493227096565029610e+00
1.653845051317773374e+00
1.693768096553818880e+00
1.926258279573787480e+00
1.585313814002918154e+00
1.541538985745599222e+00
1.574884688913418707e+00
1.788663763924702721e+00
2.092676249059591154e+00
1.679663215687258848e+00
1.767524380707069076e+00
1.412679078363465068e+00
1.557951517177886380e+00
1.616913470761679239e+00
1.503811377182935116e+00
1.613673483106130124e+00
1.861469722716930342e+00
1.439726127628740082e+00
1.910143432133799779e+00
1.965513499960523491e+00
2.197956566400006029e+00
2.016983299548980479e+00
1.703973128274545390e+00
1.826332585393317887e+00
2.044544637176813673e+00
2.411624145967842470e+00
2.195374862778074476e+00
2.009110014260139021e+00
1.830726951197425567e+00
1.868163125841791672e+00
1.509674092356799058e+00
1.877115194724125580e+00
1.295131060016736058e+00
1.188338538401162658e+00
1.212668587671071663e+00
1.384895736692162371e+00
1.294793425398333753e+00
1.319516340343433791e+00
1.377754062314418437e+00
1.857786783773860639e+00
1.663571707547706557e+00
1.627206060394823517e+00
1.668537306042379598e+00
2.152048059691906268e+00
2.342813096239899195e+00
1.807382771608032179e+00
1.858987730909662295e+00
1.988443377783331911e+00
1.754929766084190490e+00
1.389467569825018067e+00
1.331695120937591348e+00
1.086429430000924290e+00
1.210673160215850253e+00
1.347028954298524761e+00
1.367192535111217744e+00
1.348076529724640871e+00
1.221078910373838866e+00
1.396438589736600955e+00
1.391943939157225474e+00
1.275762701382237685e+00
1.787859225205658653e+00
1.768171872485324148e+00
1.869229185406101834e+00
1.538775035567499838e+00
1.680940193267582039e+00
1.326812537850928564e+00
1.484079224420546073e+00
1.555268303647570516e+00
1.380423356937097390e+00
1.576028883183345330e+00
1.335813101465326502e+00
1.545673671286921236e+00
1.635359014053828774e+00
1.779312448986425599e+00
2.162648331883536112e+00
1.818774970728398221e+00
1.862542047434764036e+00
1.906114675791007462e+00
1.969072642378378424e+00
1.871935967994213135e+00
1.759292385757371679e+00
1.602963153957631448e+00
1.587314478697692710e+00
1.373242762577177700e+00
1.387112822568365100e+00
1.405964395495642894e+00
1.279462768812797968e+00
1.463904050803930046e+00
1.586282366544853550e+00
1.432104852573068854e+00
1.184571785549625167e+00
1.403482248682770495e+00
1.504626033423872578e+00
1.465036323599263834e+00
1.068467550694113921e+00
1.227847210073635953e+00
1.235729181157287915e+00
1.704642983558402491e+00
1.891579865976233066e+00
1.847921842495009237e+00
1.773389507647326502e+00
1.883204831834664139e+00
2.027668261186274190e+00
1.945905892945747784e+00
1.882977407448167106e+00
1.935797773938719324e+00
2.169265556658318772e+00
2.741560363776097020e+00
2.064213776855814864e+00
1.870636375543688334e+00
2.193439372725748182e+00
2.187428556346862063e+00
2.048508144999110936e+00
1.731767472311591227e+00
1.725422184880581966e+00
1.423209495654306656e+00
1.887723852609384911e+00
1.818941778927128716e+00
1.857161262857797146e+00
2.011103941381617410e+00
2.164273813568024618e+00
2.109947680668254666e+00
2.068849148297374985e+00
2.108643819548907672e+00
2.015266840815147731e+00
2.254148994534172168e+00
2.460704508600422447e+00
1.988247025838715265e+00
2.282745036425243956e+00
2.101627092045223577e+00
2.483369798174733134e+00
2.108185278695017484e+00
2.033949470640381119e+00
1.908098622497362618e+00
1.886773357714431443e+00
1.648996055258136195e+00
1.579630761104065639e+00
1.544200207026546368e+00
1.483904698943584011e+00
1.495019036163909520e+00
1.919018836488365354e+00
2.109477798428105011e+00
2.072451431613919759e+00
1.974609614483697984e+00
1.935956058882228881e+00
1.645858810684372564e+00
1.237824582787228289e+00
1.348315955532381594e+00
1.107009502083954988e+00
1.360866644252100244e+00
1.389243669071786869e+00
1.541444901624793307e+00
1.872643113807927140e+00
1.701039904569470851e+00
2.097897632194923201e+00
1.626858919871617459e+00
1.569099139209618521e+00
1.226911078104611308e+00
1.337299743403143060e+00
1.593400272331962464e+00
2.204654659993283694e+00
2.419917495241263872e+00
2.149929810736917357e+00
2.176019397904342956e+00
1.859118574779962563e+00
1.703829475626196022e+00
1.574525266648943322e+00
1.524509940198075952e+00
1.516209678206662304e+00
2.066341088641741042e+00
1.715498155099896227e+00
1.575874916745775289e+00
1.444957827225028080e+00
1.285276858437715219e+00
1.320987752019491257e+00
1.451714306943855615e+00
1.154441655255296295e+00
1.529050269996964362e+00
1.587740997417562916e+00
1.730070406317131493e+00
1.647673404701115674e+00
1.375135168033711830e+00
1.428202222028282620e+00
1.536149871605098749e+00
1.588432068827530408e+00
1.469784431107071798e+00
1.815701382060131763e+00
1.976160489675535814e+00
1.703967197206993411e+00
1.728051934216562335e+00
2.088945564159377710e+00
2.162775389823672789e+00
2.447358032228811986e+00
2.188832569428741159e+00
2.111720739856904228e+00
1.967799313015363261e+00
1.560894849169891074e+00
1.554305382602132690e+00
1.268488372616644266e+00
1.169176016153954389e+00
1.263010931500472944e+00
1.247920641035085820e+00
1.356926985001433827e+00
1.397921715208275462e+00
1.400416517407379491e+00
1.557062576929528097e+00
1.531270518044914875e+00
1.456456346420610171e+00
1.723538514673039757e+00
1.725700584977328367e+00
1.642362537342702655e+00
1.379810439140838785e+00
1.304579525619582681e+00
1.336515035665258422e+00
1.247685429779774147e+00
1.323128072491141172e+00
1.438349922733484831e+00
1.437490413560512437e+00
1.276719183695603332e+00
1.377234988328158494e+00
1.490489366706220675e+00
1.383676221120714755e+00
1.316509843334834340e+00
1.133036280385615990e+00
1.343109389362953099e+00
1.222401734760039327e+00
1.157563646416754244e+00
1.359724416827112536e+00
1.504095511221274384e+00
1.758198147146667001e+00
1.448728845643608931e+00
1.319991945149382673e+00
1.240012585315160898e+00
1.284925930479748457e+00
1.442608996049750125e+00
1.750556423115659843e+00
1.784367669926405275e+00
2.008579659947814733e+00
1.452667199694009703e+00
1.720491623703441775e+00
2.240982102650419971e+00
2.556044557263829287e+00
2.278133736003412402e+00
1.959789862031110275e+00
1.869104645423995681e+00
1.792366939229981249e+00
2.316938480514600496e+00
2.064453320490963417e+00
2.032336516495376610e+00
1.836528168622372448e+00
1.859225668199678161e+00
2.004671666154027587e+00
2.074999382478612375e+00
1.795617314058147063e+00
1.964300732916021364e+00
2.116007434631749451e+00
1.962356141745538851e+00
2.025373104808611657e+00
1.997333450904213770e+00
1.973925477100975545e+00
2.128370828808717530e+00
1.973530066058975185e+00
1.923371363960273861e+00
2.227630443946809979e+00
1.957843431633392584e+00
1.860214608530000424e+00
1.875539761563513430e+00
1.875494826796024306e+00
1.724392872797210874e+00
2.107494321743583310e+00
1.739306958799464731e+00
1.737191455628348535e+00
2.232167006234788253e+00
1.560175453443323645e+00
1.632805413157397911e+00
1.752337616356053118e+00
2.086003197782909879e+00
1.889677167753064824e+00
1.850471608404438584e+00
1.616977181749246206e+00
1.407894121436692014e+00
1.597372865568246869e+00
1.385921822834027095e+00
1.379724677459927884e+00
1.523082272964352057e+00
1.215306077244037608e+00
1.326695161733509210e+00
1.156725562408391417e+00
1.398201963882789833e+00
1.330292214743131973e+00
1.341106434030715278e+00
1.153994495099307294e+00
1.455487694810061461e+00
1.378960640344296884e+00
1.437301375204529386e+00
1.650222318002731114e+00
1.990311650085610173e+00
1.799921244256862840e+00
1.630109713847413433e+00
1.474618099352160483e+00
1.489055530516924408e+00
1.600192999314581588e+00
1.979149627303062431e+00
1.873580522529025849e+00
1.585264227498619505e+00
2.364428746660644620e+00
2.517188747548916528e+00
2.214695421313310320e+00
1.956115445424762234e+00
1.583532206929666231e+00
2.064068801500298811e+00
2.067049925356663653e+00
2.120976816702176304e+00
1.957522575229004635e+00
1.834663919469335047e+00
1.961285004698481549e+00
1.867366110147937297e+00
1.821916156412018539e+00
1.919497284507441837e+00
1.813578539447272098e+00
1.705539641646032001e+00
1.323511890945251901e+00
1.157938715083872250e+00
1.464437395938380515e+00
1.222192914208951153e+00
1.378410760396588053e+00
2.067995899225699485e+00
2.302492126043987675e+00
2.379674646144202210e+00
2.149856384976284840e+00
2.112336900799814288e+00
1.828966793805344881e+00
1.794886765740822732e+00
1.613353125613722572e+00
1.985051286183934893e+00
1.948012775974927280e+00
1.982911354822557204e+00
1.859423577158077379e+00
1.735938936933380194e+00
1.391518937829378189e+00
1.969359121102826071e+00
1.908496078644909888e+00
1.457528635373411152e+00
1.703215251449568868e+00
1.971107212078151427e+00
2.074473861854579937e+00
2.064666985895335038e+00
1.961474805779205965e+00
2.330309987152616280e+00
2.057308742916287958e+00
2.032383703647774542e+00
2.030332839434665804e+00
1.511642775797602312e+00
1.885215865236980592e+00
1.756638095729712523e+00
1.632169598708383962e+00
1.894068030452179974e+00
1.518413684569873467e+00
1.732427977904030136e+00
1.598564743813846167e+00
1.558829664723349939e+00
1.591069110489627292e+00
1.830897788733087950e+00
1.677319733569509586e+00
1.886701119265274507e+00
1.721322200149230319e+00
1.879559821712169398e+00
1.983064652290620344e+00
1.810766874724141218e+00
1.796753272984399352e+00
2.074617175125181845e+00
2.098359389564601329e+00
1.889644558272968844e+00
1.882501514615251059e+00
2.061516259778363835e+00
1.880875053716644318e+00
1.550504821796404364e+00
1.860974425162296830e+00
1.763484836269844314e+00
1.678649222620044901e+00
1.564421366319567852e+00
1.648903653229743416e+00
1.646490546385385834e+00
1.594450283716004391e+00
1.736959421444597584e+00
1.397151559216066374e+00
1.646725382975421148e+00
1.108276983308772001e+00
1.189265557300650311e+00
1.228329952380397661e+00
1.395846093706474278e+00
1.522935768408173463e+00
1.737953840340402678e+00
2.104808633710736565e+00
1.831531468289558262e+00
2.152340342985739507e+00
1.830442559274932934e+00
1.323869443652275546e+00
1.534325146697723685e+00
1.620724414432492599e+00
1.608581187617825980e+00
1.732700247561508311e+00
1.538601752385453603e+00
1.380117099625536303e+00
1.872221484168070438e+00
1.811710750940753289e+00
1.411576993291094650e+00
1.734564934277067039e+00
1.810057849642693784e+00
1.557406809503731226e+00
1.548777766645921927e+00
1.668777382876157844e+00
1.489917499832845049e+00
1.641021278591949573e+00
1.452341311978991634e+00
1.573436985928863274e+00
1.345969125309161685e+00
1.438518787512412578e+00
1.275895635655940774e+00
1.259532219576316336e+00
1.225227738341986061e+00
1.266766384882981100e+00
1.709219203517877039e+00
1.580183819148875513e+00
1.786626852117471076e+00
1.460851484552597501e+00
1.578799329556820785e+00
1.662925293641653202e+00
1.656290659095923434e+00
1.814801498498083365e+00
1.921581956452439899e+00
1.991600730999108837e+00
2.078526340718057863e+00
1.872313992125165472e+00
1.771871123194115105e+00
1.686731655675030472e+00
1.751536513186420230e+00
1.484044451391387298e+00
1.778415251723444612e+00
1.753762588309821568e+00
2.003107734955418273e+00
1.968475830216869227e+00
2.099792160052119439e+00
1.930518377518244622e+00
2.037561432991210175e+00
1.722267377664125521e+00
1.909590721884919517e+00
1.801411544816643673e+00
1.831085185601475818e+00
1.581401528858306538e+00
1.418274434157550834e+00
1.477415677810518080e+00
1.418674172818795043e+00
1.252611928107190131e+00
1.211710212022166555e+00
1.357748872723855360e+00
1.422019321715391360e+00
1.647469170606725486e+00
1.899128781562499757e+00
2.033811334063865495e+00
1.783144389404702768e+00
2.353186276388014253e+00
2.248121343888642265e+00
2.149102398150655624e+00
1.920968029147901213e+00
1.996341538616986044e+00
1.936995892481114812e+00
1.724095216708903200e+00
1.918468413011787055e+00
1.595609173755091259e+00
1.840147008730981248e+00
1.966049645942977708e+00
1.697263148250585552e+00
1.426366550046038739e+00
1.547206381876398140e+00
1.639539489802337657e+00
1.238783376324953389e+00
1.652004248235672268e+00
1.639076960752125389e+00
1.295360417692408284e+00
1.118239369566857100e+00
1.196135194119882339e+00
1.187776251948342354e+00
1.273835993441194914e+00
1.378650918642570167e+00
1.468103874239425455e+00
1.910938039940211386e+00
2.127467077845750065e+00
1.819188876784820996e+00
2.046321498295687658e+00
1.528036283934807615e+00
1.519193818697512244e+00
1.716922216038929250e+00
1.437761809652685852e+00
1.609965019664806762e+00
1.736120810964148609e+00
1.506996780410306380e+00
1.417423172289982158e+00
1.547886162653628439e+00
1.519913471271901351e+00
1.693599981877484284e+00
1.795226582463131493e+00
1.677125835321356284e+00
1.831573212995560640e+00
1.813504979966892527e+00
2.213887415518935420e+00
2.256757275289294817e+00
1.859209836255634629e+00
1.824274965988060604e+00
1.757773319468686424e+00
1.956641136882642407e+00
1.825637315039135844e+00
1.681513937755878985e+00
1.661030291700195782e+00
1.646120640812889668e+00
1.227675665369648561e+00
1.291293511634304947e+00
1.399819859436315816e+00
1.424539391025714252e+00
1.271378050584293984e+00
1.251834598188263925e+00
1.518201682487205328e+00
1.495633787757109756e+00
1.450876011588919212e+00
1.396593293726671403e+00
1.279870579197330605e+00
1.537346678358086693e+00
1.591244985583143645e+00
1.839918797985641952e+00
1.389795876819169607e+00
1.560587104549007620e+00
1.692273230084492486e+00
1.308317409704405021e+00
1.477714547049463034e+00
1.588637622639061275e+00
1.551151040109673751e+00
1.872379340724190655e+00
1.652988936006446252e+00
1.634235480282356878e+00
1.315844615892210578e+00
1.545778392215093611e+00
1.608034072607995357e+00
1.974680616372671782e+00
1.950963906476504084e+00
1.671084630173171437e+00
1.667629535963755405e+00
1.558923932521412370e+00
1.589398787657156920e+00
1.877166112848033253e+00
1.723189627474034369e+00
1.345212767307456092e+00
1.676873863123866659e+00
2.461023163632410249e+00
2.449168949444927357e+00
2.330145199241104415e+00
1.872600783614115860e+00
2.007496685814208703e+00
2.115942040579440242e+00
1.648249613112640066e+00
1.438396204775340692e+00
1.692264570875539720e+00
1.415005963912630005e+00
1.710148276344998441e+00
1.515362874073526100e+00
1.624583646725422215e+00
1.621387703873357955e+00
1.551790344715543002e+00
1.869232070158510117e+00
1.687886191132180080e+00
1.257291335739753713e+00
1.209000345578836066e+00
1.327268721552067099e+00
1.497767538477788651e+00
1.292169740399048639e+00
1.365631359559308367e+00
1.588963094334829407e+00
1.480798973107665839e+00
1.109723969977976621e+00
1.181655877029910817e+00
1.247754802929753604e+00
1.442703063051635093e+00
1.507273055724406285e+00
1.497366523346887801e+00
1.399204471123064675e+00
1.461955795786620049e+00
1.450309683757297297e+00
1.359025904337219481e+00
1.448069352057606674e+00
1.841052788737643553e+00
1.668055499465727953e+00
1.999212379592989919e+00
1.716456303134862083e+00
1.558378932832215957e+00
1.536392838899731439e+00
1.582538969772554260e+00
1.395920192443143470e+00
1.452747158941315675e+00
1.486160868653738643e+00
1.140475967808393776e+00
1.583980045268237324e+00
1.439885510157512094e+00
1.622120782406450079e+00
1.763609260219940911e+00
1.540257935998590177e+00
1.588655095745604706e+00
1.804197512509271295e+00
1.791040417512135718e+00
1.388461370845967879e+00
1.579720206986719333e+00
1.429217848920600886e+00
1.189710931766694069e+00
1.186179531057300451e+00
1.252018604992918727e+00
1.405682485797649317e+00
1.892322790207714878e+00
1.607724339658192170e+00
1.563550861483991472e+00
1.561967110853447194e+00
1.843015603705829619e+00
2.023684952067433596e+00
1.399367733490899157e+00
1.398584846448226671e+00
1.345415882932620155e+00
1.674233556028791758e+00
1.831190901871829313e+00
2.268503045644345129e+00
1.772948495992956230e+00
1.922095751650455320e+00
1.644168028992547992e+00
1.775032049961671632e+00
1.542423129020544792e+00
1.397981447085228313e+00
1.483650276750912544e+00
1.328488829464910426e+00
1.473942013184245781e+00
1.530101614304678836e+00
1.399077695432763058e+00
1.126135101222321966e+00
1.373359674573198852e+00
1.651520814999363429e+00
1.797902238007692777e+00
1.888444121150524069e+00
2.175749417406143138e+00
2.224699102089540137e+00
2.192279332238138867e+00
2.075234705130197810e+00
1.830328874707933373e+00
1.810060543169037972e+00
2.037518680629286205e+00
2.006569278538583578e+00
1.904447340922797993e+00
2.058744188665003971e+00
1.982405684534991330e+00
2.011306282461700956e+00
1.881269781684590470e+00
1.229053347115765193e+00
1.225259528995446656e+00
1.153005828144460843e+00
1.463017751556275670e+00
1.662273694734119900e+00
1.794588164752345172e+00
2.025545475266401940e+00
1.851563411741424137e+00
2.099644193318776164e+00
2.030988233075820215e+00
2.147294027294498253e+00
1.581527705632701952e+00
2.186991642806467073e+00
2.111191568127196660e+00
1.982568156816261640e+00
1.820782348996601518e+00
2.056164251051848968e+00
2.527549714071346543e+00
2.223794830412602508e+00
1.936806567479049335e+00
1.775984451580694401e+00
1.699791266949762791e+00
2.394351276963602171e+00
2.207014181504264094e+00
1.887438771069173349e+00
1.619751984875290152e+00
1.446563061512622594e+00
1.479269113205603947e+00
1.267943413598828561e+00
1.235898597269805332e+00
1.376375812288657796e+00
1.400157839549245553e+00
1.752695916313152358e+00
1.492983225665423852e+00
1.455878354212991166e+00
1.643184674884829111e+00
1.334033641819247107e+00
1.707762759082751547e+00
1.813652285366657457e+00
1.740572493794538378e+00
1.802257606733891127e+00
1.981428390172444542e+00
1.919447900908500815e+00
1.598231566921856750e+00
2.195506169641144201e+00
2.121145665698191518e+00
2.154169462657676615e+00
1.912095425957148764e+00
1.911270527820908782e+00
1.954398546444859441e+00
2.071335198737251471e+00
1.847493760367610482e+00
1.701340552152602159e+00
2.023626760598163710e+00
1.968386433281395398e+00
1.757659407057698520e+00
1.743261401679916167e+00
1.638112160789955585e+00
1.821977834965736509e+00
1.492324595220830830e+00
1.811617473252843169e+00
1.684392520507253188e+00
1.452510365509477985e+00
1.564371792399552596e+00
1.517854440956087236e+00
2.378758414309932956e+00
2.173028524671744233e+00
2.500544899889232564e+00
2.596039164408853850e+00
2.368103623837319649e+00
2.093502533257681542e+00
1.427330289973884447e+00
1.036836257522423699e+00
1.256864394473226287e+00
1.363180576758546980e+00
1.338118236451015797e+00
1.497429762398976516e+00
1.761789451313775956e+00
1.777128362277497375e+00
1.253293392628369807e+00
1.628462803475845933e+00
1.951417523644693119e+00
2.196279335250904019e+00
2.378527427286845075e+00
2.734323609700784807e+00
2.271521316410776148e+00
1.547021186628479095e+00
1.551792582834671919e+00
1.462331081149291334e+00
1.630771280697094427e+00
1.667871999004955086e+00
1.554128715032334185e+00
1.632830407790226035e+00
1.564750530974674536e+00
1.259496755742451901e+00
1.568892694807314081e+00
1.699795869991571395e+00
1.417498153574280551e+00
1.775260635132256404e+00
1.680148491141449485e+00
1.403624270685369213e+00
1.341011361722505679e+00
1.593419468297195163e+00
1.681838971405343219e+00
1.538048070537833656e+00
1.977734268607671986e+00
1.716668967687098091e+00
1.565460681224507100e+00
1.735593680856733378e+00
1.967233318394638886e+00
2.295893435380726544e+00
1.894644119537218119e+00
1.767197698565267316e+00
2.079394329019893295e+00
1.951665669098141764e+00
1.783299991222662584e+00
1.741460147033045303e+00
1.388074760793771345e+00
1.236702399372730854e+00
1.476469287139858144e+00
1.817145788889352076e+00
1.685609494458578217e+00
1.662671130641429018e+00
1.260738835388443002e+00
1.265018493528023313e+00
1.670331475528400222e+00
1.919493275506497953e+00
2.265444693958075906e+00
2.392502539897815694e+00
1.893059919209724384e+00
1.883159345838569365e+00
1.712852085041253858e+00
1.682906699376268467e+00
1.302900167831004818e+00
1.065438254080555591e+00
1.435823769694327456e+00
1.461696698741338452e+00
1.545354651757804731e+00
1.477516344118435576e+00
1.292792836997227468e+00
1.194108424670024871e+00
1.445731551805125248e+00
2.076564418742029350e+00
1.865109901230234790e+00
1.578645376483650109e+00
1.607019709866252644e+00
1.722226010699753118e+00
1.662388917687675161e+00
1.674422879497484917e+00
1.377375669312019824e+00
1.510076412891836029e+00
1.710162446107519330e+00
1.581388839553523162e+00
1.182743511951490190e+00
1.349613282059435093e+00
1.295735480869510070e+00
1.565577699563665215e+00
1.634771475726804146e+00
1.780132877634033495e+00
1.615731461617688325e+00
1.700988337274770501e+00
1.882940994567562587e+00
1.663092413454108298e+00
1.533389107079702107e+00
1.106954557897563474e+00
1.763303830384271853e+00
1.959072545608790961e+00
1.913146177487888400e+00
1.612657216867592558e+00
1.654923787714716710e+00
1.700848976173794824e+00
2.142123967369113480e+00
1.951541556881994488e+00
1.901398667453745084e+00
1.747101709330322272e+00
1.950087468906312793e+00
2.004200492316457805e+00
2.062519446080486762e+00
2.049299633915447227e+00
1.985419584991688913e+00
1.957647677420810695e+00
1.506817649285605798e+00
2.287960061956971547e+00
1.820747229580796489e+00
2.111597715646376994e+00
1.887682051484703694e+00
1.645106275418720010e+00
1.674897732739193401e+00
1.688906218790558800e+00
1.853517861042992543e+00
1.625711796154841737e+00
1.828540187176546317e+00
1.611948511734054623e+00
1.804252248591569074e+00
1.655659697574074718e+00
1.738186399234006974e+00
1.523232052897945055e+00
2.089169442537056387e+00
2.081053472576226859e+00
1.992723891699375249e+00
1.746638264682391473e+00
1.786193828138832984e+00
1.956197143933596339e+00
2.057378977005566156e+00
2.293219723064301885e+00
2.161112478546401316e+00
2.196097480984383399e+00
2.020287781901840329e+00
1.884551094590703801e+00
1.700890416491315227e+00
1.687402392461961886e+00
1.582936730052450169e+00
1.215795671231755470e+00
1.780503038932218507e+00
1.323037249002045446e+00
1.586403928552116982e+00
1.773800481809820528e+00
1.603415765660824555e+00
1.545983195749923711e+00
1.678833133512163345e+00
1.133754436055492532e+00
1.153568453837577001e+00
1.267637513109154179e+00
1.277592517702692776e+00
1.763809636518499424e+00
1.780023116938462380e+00
1.925276749331419346e+00
1.339272017792826119e+00
1.196424467196009367e+00
1.264985209298591373e+00
1.480193382757012621e+00
1.795957893813359352e+00
2.041608047295144779e+00
1.954495282858252914e+00
2.083018789641003732e+00
2.232778669744723388e+00
1.698167901558660819e+00
1.564366980298588894e+00
1.159743381930377071e+00
1.234631439491788329e+00
1.104149782571625327e+00
1.092966789625405610e+00
1.215535042640629726e+00
1.186625606563277424e+00
1.302513447540559088e+00
1.495011139674346179e+00
1.603050233155858040e+00
1.449777988557767294e+00
1.243540914480493642e+00
1.255314499941582840e+00
1.495795733237288427e+00
1.312519429612550859e+00
9.255307262155387793e-01
1.236036775218527950e+00
1.519964629375251564e+00
1.607978775682920913e+00
1.552340489591567341e+00
1.391387442135970431e+00
1.751928432390816859e+00
1.689396053415787469e+00
1.884908141243429869e+00
1.400921352855076130e+00
1.471257845582095269e+00
1.229132996436752556e+00
1.625493907038768615e+00
1.571553363224991395e+00
1.254033130399689666e+00
1.124698482572532576e+00
1.106119756643298091e+00
1.151618893204663152e+00
1.344510445854699920e+00
1.295083906996272072e+00
1.466854286146880959e+00
1.427157341113771905e+00
1.373217023276551263e+00
1.453912889809503062e+00
1.464673052431993527e+00
1.705946656034202480e+00
1.790054541523554921e+00
1.843187998245742421e+00
1.852317287497561971e+00
1.466579929097464374e+00
1.277450763117981003e+00
1.818260054780798773e+00
1.670391154935600531e+00
1.580427792136589460e+00
1.751405006926942676e+00
1.697296195750471526e+00
1.340953398544447728e+00
1.414025122464743323e+00
1.628892527146719393e+00
1.901786271941164230e+00
1.795282693012820507e+00
1.880324918473552875e+00
2.156637302685772806e+00
2.047505393499194692e+00
1.945230899691932969e+00
2.336388998200012335e+00
1.865091898872372589e+00
1.649101625147383787e+00
1.207451368257493440e+00
1.328968962193113335e+00
1.628797746573818817e+00
1.395880105735191723e+00
1.450676839545240293e+00
1.490631609273883829e+00
1.458230780302016472e+00
1.188735764661507099e+00
1.398984357908839904e+00
1.455937649647908394e+00
1.308381467974300660e+00
1.464737027031776995e+00
1.685975630054246555e+00
1.715715265924108168e+00
1.885570525159331101e+00
1.615334222626081173e+00
1.540348259834758204e+00
1.551008251921960568e+00
1.724880631571368728e+00
1.269314531852426819e+00
1.400037849026384507e+00
1.264252045018499748e+00
1.077017545151549127e+00
1.353018625380881801e+00
1.442605411948689520e+00
1.514973283946123850e+00
1.759923923342315621e+00
1.293934674154400888e+00
1.178213939949866340e+00
1.273085390726921950e+00
1.409261637150489133e+00
1.637408858002124212e+00
1.647869597446165901e+00
2.000565006802839108e+00
1.808521235428000695e+00
1.647751838831064353e+00
1.608846463319509201e+00
1.461382444878974729e+00
2.226667997142350419e+00
2.388663696590314967e+00
2.714066822191456119e+00
2.287182473356648149e+00
2.585271202029788107e+00
2.275977899309647334e+00
2.139188090858287872e+00
1.433292996570189715e+00
1.624769248436799929e+00
1.512989007599158553e+00
1.372088078109305442e+00
1.881519265487100245e+00
1.611566097657835428e+00
1.747722201428137723e+00
1.889015230568566128e+00
1.705470394931398292e+00
1.637744610142375157e+00
1.280583633570897995e+00
1.938306541756525725e+00
1.588398322338667512e+00
1.522668096749485445e+00
1.490501597767203812e+00
1.352054395467967796e+00
1.197910114073070131e+00
1.460081502546811683e+00
1.595464786853862948e+00
1.652009775150444559e+00
1.916277201195471847e+00
1.823986141800167049e+00
1.673367730998990943e+00
1.746420406172048523e+00
1.727464083909256320e+00
1.952924917220727252e+00
2.027389623501317129e+00
2.164223553595348903e+00
2.106327161687965521e+00
2.187873654325899420e+00
2.206249372065785419e+00
2.090188525012931731e+00
1.869958874734455101e+00
1.260698438848236957e+00
1.445324791599118974e+00
1.442569818155829742e+00
1.592046747526890904e+00
2.027878405610175516e+00
2.353491259444237205e+00
2.569503792697435784e+00
2.160505619653450005e+00
2.144554102072170121e+00
2.585998229466332177e+00
2.602672507639567812e+00
2.313554454353981882e+00
2.377207256335339025e+00
2.484934557941188338e+00
2.574039328409201577e+00
2.242980597833240441e+00
1.994692610275190292e+00
2.048404187567766765e+00
2.095123153685654493e+00
1.992270050968316220e+00
1.716513246721795616e+00
1.879168807826587129e+00
2.206322164194478574e+00
2.047026623531002176e+00
2.486199169522758545e+00
2.251157466775719040e+00
1.804283808615672946e+00
2.139408461662479777e+00
1.820026160549085503e+00
1.890215257843141261e+00
1.491922285709455176e+00
2.028537976818830746e+00
1.938317375703629386e+00
1.704933036942551938e+00
1.448083372301787186e+00
1.630668457141984051e+00
1.787981964911657728e+00
1.826566746929377816e+00
1.724470314334732413e+00
2.138768948560831884e+00
1.750427333240968331e+00
1.494466627921402502e+00
1.918070227103910064e+00
2.191388912799025590e+00
1.554622735761036711e+00
1.209300858825371749e+00
1.538013445603251261e+00
1.762408107950354408e+00
1.921510391284083852e+00
1.873741755693564714e+00
1.703890094067113781e+00
1.833553281867581264e+00
1.879981658405281753e+00
1.468437965123972733e+00
1.481128610966608417e+00
1.586583729152156952e+00
1.838135458507522912e+00
2.076979439648155346e+00
1.793051137543288265e+00
1.833930481857074302e+00
1.873826136884316318e+00
1.989496003985321781e+00
1.554678357077971640e+00
1.405365653073119114e+00
1.253653088432216789e+00
1.324121159005048343e+00
1.640064761639538293e+00
2.067316789232486851e+00
1.899797137715257378e+00
1.602818099205247648e+00
1.921011896295224064e+00
2.135547134971845562e+00
2.211642179361638760e+00
2.355511492146419528e+00
2.521042399536867151e+00
2.269514614899236005e+00
2.184116738297161575e+00
2.177098257134407966e+00
1.859084241796466586e+00
2.187861935244696188e+00
2.237577054598613557e+00
2.442210675314073764e+00
1.973861862767088970e+00
1.901507038025306517e+00
1.700779648977316372e+00
1.976263211998998903e+00
1.906314561471921909e+00
2.168852941137268786e+00
2.267233708973930284e+00
2.230081371329569073e+00
1.804886646766091118e+00
1.641135897923579279e+00
1.112449076875634102e+00
1.159902133486511167e+00
1.129641580989255711e+00
1.053357957694334379e+00
1.071880539673910393e+00
1.129842188577789397e+00
1.093092409490455497e+00
1.182320145435996173e+00
1.261514901346894479e+00
1.534938414128732997e+00
1.298657607452408769e+00
1.644900008445331352e+00
1.497098816670517918e+00
1.566148824177589605e+00
1.850387354114058969e+00
1.387754606574240324e+00
1.386802106591968453e+00
1.679067314324876881e+00
1.779159234471673123e+00
2.053334018226825375e+00
1.650327944546275294e+00
1.454730666946740358e+00
1.558016298391075471e+00
1.639523568967116818e+00
1.697376939348792524e+00
2.073144483990752462e+00
2.145995222951320169e+00
1.714340537270255371e+00
1.756071298649828583e+00
1.686248470286339618e+00
1.314273470617188799e+00
1.299553737997055647e+00
1.045047808051777771e+00
1.159545498170230671e+00
1.416592230985233236e+00
1.479300477350402598e+00
1.385362581248697378e+00
1.523429272600662410e+00
1.629577831468665083e+00
2.174755065377604435e+00
1.979184799252430071e+00
1.835194137092663214e+00
1.714801975216091012e+00
1.866812003379274332e+00
1.953955884502910578e+00
1.742716997098551879e+00
1.677010382169615843e+00
1.611009400525023727e+00
1.535136501052056790e+00
2.187661481551397280e+00
1.473620475908405503e+00
1.923542359613324537e+00
1.881733860262861491e+00
2.026589262781154144e+00
1.958738353604482674e+00
1.509561739810863168e+00
1.810217525841410158e+00
1.649714733196679051e+00
1.829717194585865236e+00
1.734716435394660028e+00
2.211438624020536370e+00
2.129600802977181129e+00
1.949402176483344240e+00
1.878197755161060245e+00
1.658502943667564455e+00
2.079534657953901355e+00
2.045611786783621877e+00
1.976233317388936817e+00
2.135360348978613487e+00
1.846277798470452147e+00
2.029031843511114541e+00
2.123425214632262747e+00
2.084464357691974801e+00
1.922951464755427997e+00
1.946521480483900168e+00
2.007572989128151075e+00
1.570284080925878900e+00
1.779798014482940616e+00
1.677649726097698579e+00
1.982194529182723208e+00
2.230572567277127050e+00
2.241962137939545130e+00
1.750516725176788135e+00
1.237948307053327923e+00
1.404828013755123672e+00
1.786252947251077305e+00
1.527050070290389971e+00
1.716745657060060326e+00
1.510242744878824706e+00
1.915852189432854846e+00
2.194774975141070339e+00
1.922982533118904547e+00
2.457684728136636299e+00
2.006907776159515766e+00
1.929293376033743845e+00
2.011168783973543039e+00
1.760455891949057161e+00
1.911370521174251991e+00
1.723704497963193916e+00
1.902754685015244807e+00
2.169038026203931491e+00
1.932877798525743707e+00
1.384964302815610004e+00
1.527012990917432589e+00
1.747925979828856002e+00
1.864044119876105299e+00
2.021064521279752224e+00
1.845707130528864814e+00
1.943542299601635381e+00
2.319752848492317998e+00
2.463148470482176222e+00
1.841582444085728021e+00
1.751188722116973295e+00
1.291918582096826640e+00
1.533626607335051517e+00
1.480414315012961390e+00
1.263775854178810221e+00
1.252599210410202391e+00
1.095657693684150891e+00
1.488228918239244969e+00
1.312129819293723187e+00
1.338860852432796733e+00
1.523432309010267716e+00
1.763215450564250775e+00
1.778038880808003874e+00
1.989934655746731895e+00
2.190605463057375690e+00
2.340299542783484288e+00
2.090751570438157625e+00
2.173064037162047324e+00
2.138470192583294516e+00
2.273663833605645390e+00
2.058615802429988761e+00
1.750729050857063873e+00
1.693024502050405777e+00
1.798531378621993415e+00
1.863107656760401909e+00
1.955278707584802156e+00
1.794675310648030209e+00
1.586336227007051569e+00
1.716062803140057769e+00
1.251897316389841919e+00
1.559030404596228436e+00
1.593875081666129567e+00
1.481846185223753443e+00
1.376122982521107208e+00
1.490837958726409784e+00
1.242827364814207192e+00
1.534924006796023477e+00
1.644486926410949401e+00
1.506274521371579356e+00
1.346989032389285468e+00
1.266870752225762509e+00
1.106661403881138872e+00
1.334611690022092567e+00
1.240604901450074626e+00
1.246433350630931969e+00
1.271384444507982714e+00
1.247214557877266872e+00
1.326567059422391504e+00
1.344140923626666151e+00
1.241599658446264076e+00
1.135310955859974547e+00
1.413314654156978323e+00
1.652095302320937265e+00
2.106914041770520551e+00
1.881213588259155856e+00
1.569720638453279804e+00
1.734165643011170488e+00
1.677995423557868904e+00
1.895926165101491812e+00
2.006801167041131873e+00
1.662479247081895650e+00
1.574112506287373758e+00
1.601729105620844029e+00
2.102414008442927251e+00
2.226438510980957020e+00
2.255477354397186218e+00
2.594174839212333605e+00
1.893965616711550615e+00
1.413511064327540145e+00
1.312536488112502786e+00
1.662622105092103952e+00
1.394106650545754889e+00
1.499222212937918464e+00
1.918384100043699192e+00
1.954124874569520109e+00
1.881786247292726033e+00
1.962239094524012462e+00
2.045117807050212289e+00
1.683386512511438227e+00
1.674920002737878555e+00
1.830035088047925029e+00
1.471010117576204479e+00
1.573549040877273875e+00
1.268805837874785958e+00
1.456413954258708010e+00
1.356424071831218825e+00
1.384822450865860421e+00
1.231865357550940399e+00
1.817843759109499135e+00
1.206911880523973579e+00
1.583282680565171852e+00
1.802954459177629420e+00
1.595041853719259883e+00
1.506895403632177333e+00
1.673111544965540265e+00
1.866695287204921172e+00
1.629894508439188261e+00
1.857212460423889544e+00
1.797971696826211163e+00
1.813481134459528521e+00
1.836332697242025525e+00
1.996199429236922729e+00
2.038371645137222909e+00
1.813555846236921232e+00
1.539099992498163649e+00
1.253369961023552248e+00
1.529034860464015155e+00
1.599097197722918473e+00
1.602158849210425506e+00
1.793175306953654236e+00
1.864433953395740140e+00
2.005417400098851388e+00
1.675903212056547575e+00
1.755818583960806478e+00
1.548439986867905738e+00
1.611098684729704633e+00
1.583074253601884251e+00
1.923466588632404939e+00
1.531485415570649877e+00
1.913776346565014608e+00
2.094228259405576775e+00
1.993388994005231174e+00
1.882972070153107413e+00
1.916352602638684566e+00
2.001387859312793172e+00
1.682108446074348507e+00
1.727963163671384139e+00
1.530897654352965986e+00
1.467083152750961794e+00
1.671564976935179914e+00
1.546947206834349942e+00
1.559226937191027007e+00
1.484043556974325995e+00
1.377121072501546140e+00
1.485476087369366427e+00
1.535258455199681960e+00
1.564675193772407491e+00
1.591400822615522292e+00
1.453729190528034731e+00
1.284184217487601698e+00
1.386993200765718415e+00
1.185816524409756489e+00
1.548100673578810538e+00
1.580702024322452992e+00
1.450520074220732258e+00
1.541855805815025793e+00
1.654743574228777270e+00
1.426867735560461092e+00
1.626872669144003858e+00
1.758358645766363582e+00
1.901529428973772085e+00
1.833499820443819317e+00
1.541454792674875396e+00
1.355137159681853998e+00
1.381841370413869008e+00
1.372781619857929458e+00
1.345249059537620973e+00
1.538591939496731786e+00
1.664689720306085752e+00
1.272058161636514972e+00
1.536734091365224320e+00
1.733485305631830675e+00
1.723001523053268036e+00
1.366313948448997229e+00
1.497855480159762998e+00
1.450939071140322500e+00
1.224766424109493101e+00
1.317284269050539525e+00
1.414641232620572397e+00
1.298019650007401271e+00
1.377039112444508051e+00
1.395952134894953733e+00
1.404237745275971561e+00
1.431526990593817494e+00
2.013985228257475502e+00
1.806074094337695390e+00
2.313685253097274686e+00
2.345035871685358764e+00
2.100279624873583995e+00
1.679927442995044373e+00
1.538460634086609602e+00
1.442205339820098686e+00
1.624582336868892529e+00
1.622923604938406372e+00
1.552481700455390357e+00
1.306742391017459592e+00
1.351295455725518124e+00
1.430894286224290601e+00
1.812030650411677657e+00
1.445029167898468359e+00
1.556806708970821296e+00
1.600290265990192751e+00
1.455459709073017693e+00
1.758516494212946313e+00
1.756362349256925359e+00
2.028316558663616487e+00
2.161467452093025710e+00
2.517841591163223036e+00
2.396610273061375196e+00
2.381691747949857163e+00
1.938419533664754502e+00
1.930747251779814766e+00
2.452902240759358587e+00
2.058215778501163662e+00
1.768518372626394441e+00
1.649934027393318736e+00
1.680929175889140481e+00
1.485178587133542116e+00
1.831669512026631530e+00
2.341012302893616948e+00
1.834617553520241362e+00
1.895228230549408144e+00
2.322921879131666589e+00
2.098838836552837428e+00
1.651027043562200536e+00
1.880335735009874387e+00
1.986272302371205445e+00
1.767966294495839641e+00
1.776338157215514135e+00
1.758728280761864271e+00
2.134617637113801258e+00
1.695645791458973539e+00
1.594706538045750577e+00
1.410130037707986617e+00
1.579558926989625967e+00
1.310291186675046404e+00
1.273392125735185898e+00
1.410890927078102930e+00
1.402984212398654895e+00
1.298663210643872912e+00
1.544395294431851084e+00
1.076351551905101456e+00
1.225112460598486663e+00
1.502406261700877321e+00
1.719611250675696645e+00
1.378346366629562558e+00
1.792417567720816507e+00
2.159845413507037737e+00
1.852201404145910502e+00
1.678340338712732693e+00
2.005801130584722980e+00
1.994663732512875987e+00
1.923417560170869622e+00
1.479959547324256830e+00
1.477719856948498833e+00
1.903835660507262606e+00
1.751857227535213113e+00
1.482305169549163359e+00
1.511412424171761471e+00
1.746112632002385201e+00
2.313494916241597199e+00
2.527831480482502169e+00
2.233726519147828604e+00
2.088974787860706339e+00
1.849889012171273439e+00
2.206831379209016841e+00
1.886391496515226196e+00
1.840894581448801581e+00
1.943520668608559987e+00
1.811189814312264446e+00
1.667537706958203358e+00
2.113513306393075109e+00
2.096596926001753847e+00
2.523333453586787289e+00
1.985401047131840180e+00
2.425946922303795272e+00
2.208059135802886264e+00
2.645272940137713302e+00
2.265628492686127871e+00
1.945930981537724591e+00
1.791282397625942879e+00
2.184909233685486729e+00
2.416120568396585178e+00
2.351060738217301882e+00
2.328666319551261576e+00
2.238798065043444918e+00
2.493287950223367133e+00
2.044742842852362408e+00
2.122903920329767935e+00
2.260772906648463199e+00
2.047910444604549962e+00
1.848542311836829599e+00
2.175496939508211991e+00
2.060994598157264157e+00
1.907283073851863797e+00
2.025063111413124339e+00
2.111181176172991503e+00
2.200211423389997645e+00
2.544529269402213245e+00
2.463768327179406636e+00
2.658981491967838728e+00
2.396446039338303802e+00
2.435212319048801533e+00
2.273984148179805320e+00
2.019406555515687263e+00
1.992054130799978839e+00
1.730673431292739428e+00
2.154878670653717521e+00
1.726652495938156395e+00
1.689952545488241586e+00
1.429158889490183437e+00
1.821515211825383673e+00
2.171046853528205478e+00
1.988864505753050071e+00
2.511321487913002581e+00
2.059613861898740961e+00
2.160713644676748313e+00
2.323544795541905295e+00
1.862552032170773364e+00
1.942338101856857069e+00
2.209117667297056276e+00
1.746031299060078368e+00
2.296794351096987263e+00
2.001620898841484308e+00
1.740420305663985534e+00
1.690185316738405552e+00
1.617824356705175326e+00
1.999505072275023387e+00
2.168878512810038739e+00
2.056923845397074402e+00
1.826769256150205578e+00
1.904813372657836013e+00
2.108408957221055591e+00
1.970368487101889388e+00
2.559512705785813580e+00
2.028081935455676721e+00
2.080192657783537236e+00
2.057023832252755202e+00
2.142192981073674840e+00
1.612857528953216990e+00
1.844269778429140194e+00
2.012479613993760630e+00
1.789036235528334462e+00
1.720379574889499441e+00
2.114711846990757760e+00
2.120573301505384922e+00
2.140398477743437500e+00
1.760370698052442284e+00
1.503687882808233844e+00
1.235986048506824142e+00
1.527915144922558310e+00
1.738279526455730917e+00
1.805228095850760273e+00
1.782692024316849144e+00
1.900170247112962674e+00
1.883353911477145148e+00
1.615302527965735813e+00
1.721044718260310136e+00
2.093546165750027388e+00
2.204015475035812521e+00
1.835346993415995831e+00
1.940946555729722078e+00
1.739978308208923963e+00
1.643177938796960946e+00
1.793893799701329117e+00
1.529485712061702252e+00
1.617212048770765964e+00
1.497716322353763951e+00
1.722480233093461210e+00
1.417245261870389017e+00
1.391257221664411903e+00
1.622010237708716218e+00
1.456105945519053924e+00
1.411673433191126925e+00
1.308228989890571681e+00
1.778574462902248188e+00
1.421453760734331162e+00
1.318605647201644970e+00
1.167211090040381372e+00
1.948739003930715974e+00
1.675705069290308380e+00
1.670638394579720298e+00
1.513467776396267839e+00
1.817270813745787139e+00
1.284229366692307694e+00
1.716795264709251034e+00
1.419626554095420046e+00
1.246067988640889634e+00
1.352008661253510491e+00
1.423045235367941030e+00
1.363261729787641041e+00
1.646217590513615381e+00
1.395306896984219946e+00
1.916660287987871358e+00
1.864087226847677803e+00
1.916300486209324028e+00
2.148946620401388508e+00
1.694985941439010935e+00
1.805859408968316204e+00
1.797255907732817182e+00
1.988901427985884984e+00
1.758397898699991746e+00
1.867035222172901854e+00
1.710965693334103754e+00
1.692049184261024131e+00
1.582842509107396545e+00
1.458929259191726668e+00
1.848336918309691601e+00
2.206760034256271208e+00
1.905875256082557812e+00
2.167092537621101211e+00
1.988225851461399962e+00
1.971256950831901111e+00
1.608227129187458360e+00
1.536816214617103604e+00
1.415599530421491892e+00
1.321243426891606010e+00
1.363947365640618914e+00
1.739299002098473323e+00
2.188700697233980197e+00
2.325699139722768649e+00
2.203302178581751036e+00
1.990135977652252031e+00
1.662158363864416177e+00
1.597753558239141558e+00
1.655192267366185410e+00
1.648230665070718137e+00
1.756651761942033652e+00
1.567704928015194010e+00
1.701069879524717443e+00
1.549922129694424111e+00
2.104266982427285715e+00
1.649528164774253458e+00
1.901671651931876372e+00
1.589811698160278119e+00
1.920165692660669166e+00
1.867074584041283458e+00
1.696383360499416515e+00
1.136298676458160850e+00
1.104220999781794665e+00
1.185825073594972912e+00
1.328700952380223566e+00
1.301320703340726581e+00
1.675222126742277773e+00
1.576029556669266363e+00
1.772711627162464332e+00
1.806531767691549106e+00
1.449513177584989210e+00
1.291289172998037138e+00
1.402156134972223134e+00
1.591114691852654417e+00
1.546614460402039981e+00
1.188412722250436815e+00
1.545943448077204296e+00
1.574972874901829911e+00
1.462566035360592043e+00
1.398608740028702391e+00
1.319388385711325995e+00
1.323073421078690526e+00
1.441932185019702217e+00
1.352344337628702320e+00
1.302457145376453962e+00
1.429961258358963372e+00
1.659768048396011997e+00
1.600633788764857401e+00
1.709199758374442712e+00
1.589385062803558846e+00
1.544440177399493574e+00
1.417043447020884139e+00
1.419947685204193899e+00
1.490307821242919495e+00
1.479539207898391773e+00
1.210031559002987311e+00
1.202279748380004731e+00
1.293436872219927425e+00
1.547373311284258035e+00
1.481082688982577444e+00
1.651354342106782003e+00
1.414847901885142534e+00
1.767102533445895851e+00
1.659882293271489617e+00
2.059679603919520208e+00
2.428824435747935162e+00
2.175260480770717653e+00
1.928076400348151198e+00
1.394274197209704136e+00
1.401068551170748577e+00
1.543834803592115001e+00
1.886418164942666564e+00
1.709784583233673771e+00
1.961866319674284043e+00
1.518840243488794650e+00
1.569806563420849788e+00
1.825576082534807298e+00
1.589392647981929141e+00
1.670031552064823011e+00
1.452556069709210584e+00
1.520430833068603604e+00
1.435541596431061606e+00
1.306792757797121673e+00
1.472891966522901663e+00
1.583870218990130363e+00
1.633051069909773778e+00
1.584289679465073597e+00
1.578945975378402977e+00
1.784077672785089108e+00
1.931480181503191007e+00
1.354809896832581018e+00
1.210999072281753630e+00
1.453166719125341011e+00
2.017047487157557661e+00
2.073698351664452044e+00
1.408197103948689799e+00
1.036956058697615424e+00
1.146991275591548787e+00
1.418131481999677979e+00
1.549600251060814449e+00
1.681058675514038203e+00
1.479557092699520959e+00
1.658407659283152702e+00
2.116267226192778850e+00
1.966383875806706261e+00
2.029810867410428266e+00
1.852889146934357356e+00
1.794447458458145350e+00
1.946746714006001078e+00
2.295481971363986240e+00
1.770578832143505865e+00
1.970594362391612453e+00
2.008318599770011925e+00
1.972353096768550973e+00
1.474413795022792684e+00
1.599130486758812975e+00
1.401122926645026689e+00
1.508266336704751298e+00
1.408160409854289474e+00
1.088560781913302966e+00
1.667191875979698201e+00
1.279951224989607894e+00
1.759599624767504311e+00
1.683056124323269787e+00
1.822523412943251486e+00
1.615459148036540782e+00
1.704050577139148759e+00
1.487759508524996166e+00
2.106285178212141229e+00
2.100191907733787833e+00
2.110984799509533882e+00
1.696579704133240885e+00
1.577577905252871560e+00
2.149776046573660615e+00
2.095352147392679054e+00
2.393733986798443070e+00
2.271680131179895756e+00
2.316544529829146271e+00
2.400584735015653948e+00
2.210682838036021725e+00
1.701213503077775746e+00
1.405595671804434232e+00
1.386439543560375798e+00
1.643945545875145520e+00
1.335320952962223418e+00
1.544665316464379323e+00
1.431855746494384185e+00
1.549265717778571805e+00
1.289866439064843107e+00
1.243179611299816578e+00
1.514153263757607171e+00
1.373563814267917627e+00
1.625146497249125632e+00
2.110439335564981977e+00
1.922034889942024538e+00
1.900832535944763535e+00
2.147826574667776267e+00
2.128087643719425159e+00
1.954364874524300077e+00
1.737800237358027466e+00
1.587211754045074308e+00
1.403473506929374226e+00
1.899525509480603835e+00
2.069841096514288825e+00
2.228906357493955603e+00
2.430304703597055305e+00
2.380076346914199004e+00
2.232993722119392732e+00
2.241829951520734721e+00
2.126903394453790952e+00
2.241907194181549379e+00
1.522194606558164409e+00
1.560795937981014347e+00
1.648716425049563838e+00
1.954672063461076581e+00
2.120554543820234894e+00
2.279936416564738888e+00
2.073522144306671589e+00
2.162920422428471934e+00
1.995732213097675789e+00
1.861130526237463334e+00
1.910085241545462331e+00
1.478997049589327428e+00
1.249673934154409194e+00
1.216206575578200333e+00
1.356742674467536158e+00
1.507990404916002891e+00
1.364060280349508547e+00
1.470890033700800847e+00
1.530012279059887348e+00
1.407019782184555812e+00
1.080354985599896844e+00
1.233281779864835670e+00
1.741262940552306349e+00
1.988678318932520561e+00
2.230222254452362218e+00
2.409151978253253112e+00
1.673602756328475882e+00
1.944092804473428693e+00
1.652117513559992368e+00
1.967642425891036773e+00
2.127824335034520509e+00
1.663080757801274956e+00
1.542960702453283650e+00
2.064177909026407853e+00
2.236210619113709441e+00
2.245258127905601420e+00
1.999601971088071473e+00
1.816410387744160193e+00
1.983020386093716780e+00
2.087079686595842087e+00
2.021089481841660707e+00
2.304394322133864303e+00
2.230351990977003762e+00
2.240619909798297726e+00
2.120782089233195666e+00
2.042061072043043879e+00
2.231150831124166789e+00
2.025169994954437058e+00
1.994957203857254502e+00
2.362650360913154390e+00
2.153958015971447093e+00
1.771978110901485381e+00
1.961485658166947310e+00
1.507821220990653632e+00
1.862789333781481149e+00
1.840903460332030450e+00
1.534259739348923901e+00
1.879916086672031028e+00
1.803066602757003700e+00
1.891208368476950730e+00
1.828487804936102634e+00
1.724304835615753095e+00
1.583466844875391910e+00
1.466385522302936062e+00
1.575158399853983759e+00
1.456135315131111163e+00
1.524048945777160213e+00
1.803620240066310831e+00
1.408607317372064349e+00
1.838873197431221129e+00
2.005018017072137226e+00
1.922677704291656298e+00
1.820905777382935131e+00
1.817439786588639583e+00
2.094038096704796015e+00
2.301097387673935568e+00
2.283566009412968167e+00
2.426914969249420739e+00
2.619117334038889577e+00
2.309893957087644889e+00
2.312111365066062074e+00
1.864639148719836825e+00
1.612334192504913721e+00
1.756454166844505727e+00
1.485534048903630167e+00
1.887723224498242480e+00
2.372701484991790455e+00
2.171625196613774289e+00
2.027671039866673741e+00
2.077486632188288773e+00
1.846338546525433832e+00
1.473499297290516985e+00
1.511690887917346515e+00
1.579225849920113944e+00
1.336287764241355092e+00
1.415054086881580186e+00
1.237699538348041806e+00
1.459376772342523498e+00
1.452707284869139137e+00
1.575909258922131295e+00
1.242334117347347222e+00
1.372471453171870248e+00
1.362381280625553304e+00
1.007902507419220717e+00
1.147418101670425239e+00
1.006685192286308261e+00
1.345958617425459636e+00
1.597186366219198295e+00
1.596510844242351901e+00
1.532821548434463388e+00
1.393359224460850587e+00
1.518366818147707242e+00
1.548361618186159028e+00
1.549419182798221328e+00
1.947888725210707994e+00
2.057710866446151865e+00
1.438960904911298577e+00
1.698538178783253194e+00
1.571515927598952533e+00
1.783086246496638827e+00
1.689730861391604000e+00
2.209110829596376391e+00
2.636990393987449721e+00
2.324756979668440859e+00
2.374312425693730244e+00
2.265107574384162881e+00
2.281369352371033443e+00
2.157443176626808956e+00
2.181446222299287641e+00
2.269797122470475159e+00
2.009081612510517090e+00
1.757409323838146298e+00
2.111395407083824782e+00
2.330281377460215797e+00
1.840805706848557044e+00
1.739444625918284970e+00
1.833869276382590785e+00
1.741027958046613922e+00
1.608394154489736882e+00
1.806647312141045125e+00
1.665225715964371078e+00
1.766777233782521606e+00
1.916330270345191211e+00
1.658240983461014117e+00
1.797104004450786663e+00
2.155613166937577763e+00
1.721273519903444571e+00
1.390779921912894457e+00
1.555172464133926624e+00
1.435403916193802587e+00
1.683025576629423981e+00
1.649907422099546883e+00
1.530763994966143793e+00
1.595992272827948533e+00
1.713562318326144807e+00
1.862557663587668388e+00
1.860338831019272554e+00
1.767721808850052145e+00
1.913881358845512359e+00
1.926796493557058731e+00
1.603244562936299689e+00
1.933146115776125828e+00
2.013588576786143225e+00
1.692808277044699272e+00
1.809858842335205553e+00
1.803041660110819677e+00
1.793554404010527126e+00
1.555085726909965826e+00
1.846263384756648751e+00
1.944561254307276776e+00
2.146375970176852999e+00
1.571143631315214950e+00
1.337881134656339510e+00
1.264145831413058474e+00
1.222190193275702441e+00
1.362802801957162302e+00
1.520122349248050675e+00
1.616512358139615246e+00
1.570786845056031611e+00
1.665395572001250102e+00
1.518942220860410863e+00
2.294781387855362009e+00
2.278635596681862108e+00
2.016894136544718830e+00
2.174737383460927820e+00
1.869672256867470628e+00
1.515185688978845313e+00
1.533385090826634656e+00
1.427110298773325514e+00
1.400847161178211620e+00
1.153332358204736563e+00
1.568634615209054450e+00
1.341083073319712993e+00
1.378306203140297059e+00
1.302769419106943216e+00
1.244089788813739439e+00
1.271453046480058413e+00
1.114821666942592548e+00
1.344747333527455346e+00
1.761053243906040677e+00
1.621400982533843127e+00
1.325522143825891730e+00
1.352713479242388273e+00
1.453578903221509400e+00
1.600509695163920387e+00
1.417009027332408078e+00
1.505628426332201286e+00
1.424913767822235222e+00
1.581172850965103516e+00
1.981074219983428364e+00
2.167921791293552225e+00
2.124616133116425498e+00
1.884192585324589331e+00
2.026328894232890310e+00
2.456567847682298300e+00
2.083888493258687191e+00
1.531802812370013811e+00
2.305188053252925418e+00
1.874474290260142118e+00
1.509466621848759793e+00
1.566455930014841513e+00
1.676076710149732252e+00
1.629871889485664305e+00
1.464763908001349035e+00
1.457569374664598572e+00
1.564045864398736718e+00
1.558378244742844698e+00
1.177302802337486076e+00
1.259733160695841736e+00
1.228244627565047153e+00
1.247048228852475127e+00
1.633279202961780419e+00
1.561037702768385493e+00
1.579817965108405664e+00
1.578412389389745929e+00
1.823402121899177164e+00
1.408578188115820140e+00
1.569086295105157403e+00
1.112419143664828081e+00
1.506858414212995712e+00
1.540865986486641637e+00
1.634257735330315375e+00
1.783069865306332602e+00
2.018645839688598453e+00
1.692179186504266797e+00
1.724962503294287020e+00
1.358992455029697233e+00
1.158318320984216054e+00
1.444715712603684032e+00
1.304848887721485884e+00
1.441486480113279844e+00
1.395281212986068331e+00
2.041285147677754708e+00
1.575599561665069759e+00
1.911852351139929018e+00
1.833905978858491270e+00
1.874064382515141292e+00
1.838971326630808978e+00
2.026211244117367194e+00
2.204178037729091155e+00
1.853905918277379827e+00
2.122362994858405294e+00
2.097120578718765227e+00
1.871594382086082753e+00
1.752611018596405223e+00
1.838911708545825974e+00
1.577732969602010149e+00
1.506913939797779989e+00
1.765086192053770375e+00
1.935701542725845714e+00
2.251045866615018820e+00
2.193405536543726608e+00
1.931473990156002962e+00
1.589154372087301148e+00
1.387301956957685212e+00
1.184627163645008974e+00
1.348311535063486444e+00
1.381222331909378820e+00
1.176547906414440625e+00
1.367821770228503153e+00
1.236052997632579142e+00
1.258291557058187182e+00
1.686834177586914230e+00
1.547313080695760901e+00
1.630617939492253088e+00
1.684187272012960479e+00
2.053109433028053488e+00
1.788885810098445051e+00
1.835206455836552397e+00
2.076546968577659857e+00
1.752982818027138512e+00
1.636945786434869099e+00
1.696526043632770486e+00
2.008957685407333216e+00
1.773399698739209995e+00
1.482767873729815555e+00
1.580402472633815281e+00
1.605270887792759726e+00
1.768283829500852722e+00
1.623965928436733153e+00
1.751875980880416295e+00
1.924312553809826909e+00
1.904286495316805716e+00
1.985695922025850768e+00
1.691085528016927686e+00
2.347361921874725255e+00
2.228951084156530094e+00
1.934894410120418629e+00
2.114744421550846631e+00
2.135681315639140987e+00
2.104649010078912585e+00
1.996300046942872886e+00
2.067118737747585921e+00
1.483406586874674193e+00
1.376552888018743648e+00
1.409848542672564875e+00
1.424023801911537657e+00
1.658896918168677459e+00
1.383847480517601980e+00
1.190756359211720294e+00
1.285701721962215771e+00
1.159914761250177895e+00
2.048386735606832598e+00
1.900941308205220892e+00
1.647494444409663750e+00
1.486841213397865680e+00
1.283596756995014410e+00
1.372338620717267421e+00
1.479712787840629540e+00
1.369648544298388337e+00
1.210285631710299237e+00
1.341347377515199835e+00
1.450172174447760032e+00
1.434286274881441337e+00
1.101039365712246143e+00
1.369979787095191082e+00
1.249786958498936951e+00
1.216898498378810478e+00
1.034431657578719799e+00
1.243826941885181947e+00
1.327223745499534813e+00
1.437326702083506547e+00
1.564872109075500006e+00
1.438928747884798742e+00
1.185228089625178782e+00
1.409029198593652499e+00
1.405578566284821029e+00
1.764256383841306119e+00
1.968305198103217357e+00
1.822161651605384014e+00
2.176413297259595314e+00
1.934544958937884473e+00
1.979120640291653022e+00
2.322927132385073090e+00
1.737841041377865325e+00
1.821192114804347728e+00
1.912816199266845762e+00
1.511538904129988481e+00
1.270295795440647524e+00
1.242677561678487086e+00
1.192246218200001540e+00
1.551669580968554341e+00
1.701971793597831129e+00
1.365525475355487295e+00
1.301343702094557520e+00
1.382431496766823864e+00
1.157469090233905762e+00
1.101404355035625171e+00
1.310177461186663228e+00
1.614858476973061618e+00
2.044723042866039897e+00
2.161531883601887749e+00
1.446154834174260273e+00
1.469755923750172499e+00
1.530145369546800804e+00
1.870774808942987200e+00
1.683999087514726600e+00
1.773352158963306113e+00
1.597813802095433111e+00
2.378555017912620251e+00
2.219896955659079740e+00
1.813232799995958988e+00
1.800074907391379542e+00
1.851372125315027706e+00
1.707993605878374899e+00
1.726277993226504215e+00
1.989073221007050307e+00
1.536460981324454522e+00
1.561907069098345424e+00
1.821034902171278835e+00
1.585314948592084772e+00
1.931194214968676492e+00
2.154978958809781631e+00
2.177504147728477779e+00
1.795556520721825366e+00
1.870598128015940720e+00
1.787165734636065650e+00
1.835064346468680885e+00
1.748437224802268375e+00
1.807814107022983841e+00
1.766245057032612253e+00
1.922507278750735127e+00
1.350267106674934325e+00
1.149168339742589362e+00
1.147620243541334295e+00
1.723412721354681709e+00
1.241439738947237359e+00
1.624538704059200533e+00
1.940742001161238184e+00
2.048698691144433148e+00
1.972321155045165586e+00
2.194722653521425482e+00
2.107692101395023609e+00
1.949900986661425861e+00
2.220439132734251864e+00
2.080212411460519828e+00
2.054516514227403334e+00
2.091637139020926739e+00
1.737763592531750945e+00
1.762405819479174074e+00
2.158817490387117566e+00
1.927379105728061592e+00
2.384947156709187777e+00
1.988012454917245764e+00
2.037364321233931630e+00
2.389824265344162590e+00
2.185669200684523528e+00
2.522604859267849164e+00
2.052212237760568048e+00
1.431798582269714570e+00
1.286454907041682416e+00
1.451469412164767991e+00
1.554955013217504067e+00
1.399389170472334687e+00
1.171875164036967787e+00
1.633549661912664597e+00
1.682171719103486174e+00
1.256647392159627508e+00
1.204045258044473599e+00
1.264110589023568210e+00
1.480956341530599740e+00
1.466416112969356700e+00
1.518696877128669742e+00
1.369427821641364895e+00
1.301719555121218841e+00
1.766470325419829512e+00
1.884515728989732297e+00
1.771394894332810610e+00
1.870571566889665194e+00
1.778898155612516518e+00
1.637252695533343960e+00
1.498696517348664381e+00
1.623630892439850815e+00
1.976121766458639684e+00
1.804716381539533065e+00
2.256049966625957026e+00
1.705256725476214541e+00
1.848481506588784740e+00
1.665540424306891865e+00
1.954227446161128645e+00
1.966392593913891318e+00
1.550331847269026397e+00
1.918518143563614942e+00
2.160138745790102899e+00
2.068087148173066492e+00
2.260227801650676938e+00
1.808314615623757282e+00
1.896991795318640150e+00
1.913503045140891423e+00
1.480654737621855510e+00
1.106765168148391876e+00
9.556814426833449838e-01
1.288748470730378015e+00
1.427163550320552865e+00
1.550118018949919296e+00
1.650132698205403203e+00
1.417563843322488637e+00
1.628377529748598951e+00
1.129266520069261537e+00
1.041390901591590978e+00
1.279077953721417416e+00
1.244364657499367643e+00
1.218032996302922388e+00
1.319998689083287102e+00
1.583402318283463783e+00
1.677117330351785229e+00
1.451486307629399564e+00
1.191124237349048043e+00
1.242457298118077702e+00
1.452149248895777678e+00
1.289783172775075704e+00
1.702731176107322275e+00
1.892768674661933659e+00
1.777675896703862168e+00
1.638699088739886012e+00
1.846932875267371932e+00
2.211541965997584125e+00
1.748820650805259946e+00
1.749048852267769183e+00
1.809071556643225609e+00
2.001330978499352486e+00
1.589698175287619586e+00
1.793134090751474119e+00
1.561840425616967565e+00
1.447978373919975859e+00
1.120722285373059623e+00
1.166436269612335819e+00
1.608759734186845369e+00
1.249944507687057449e+00
1.416844830672219446e+00
1.313557420670425691e+00
1.532514636040916978e+00
1.238537952645674789e+00
1.257710859727416697e+00
1.138272191128331778e+00
1.186633790697628532e+00
1.120152985427017578e+00
1.523765006754963958e+00
1.571160047668572313e+00
1.664502783249302897e+00
1.386238430426078416e+00
1.494162154924267849e+00
1.567424409338007418e+00
1.589041630422293849e+00
1.696768799082920998e+00
1.674079081566598237e+00
1.704949867173056521e+00
1.249672510030211292e+00
1.397365777804367992e+00
1.377068242395754538e+00
1.265165769329740675e+00
1.455235501794374997e+00
1.174018219650527106e+00
1.450744931272009985e+00
1.206673277433388591e+00
1.245515564184475954e+00
1.589135065739028629e+00
1.572053127357237567e+00
1.226789188639554329e+00
1.345568933002408318e+00
1.495106462576834216e+00
1.668731327017183519e+00
1.859222034347018937e+00
1.719546739108631872e+00
2.287811974248755487e+00
2.139953079759381982e+00
2.163822892246610063e+00
1.806819927198210385e+00
1.844326895050646176e+00
1.850842695532927351e+00
1.806910157732005251e+00
1.517472653596349641e+00
1.642568952814921879e+00
1.747085818865790507e+00
1.290071768813502384e+00
1.201152284563831163e+00
1.655799423338652154e+00
1.808369301807132734e+00
1.734032489727143078e+00
1.462075971982443878e+00
1.528166611771092143e+00
1.468905466873297261e+00
1.768277590919624220e+00
1.839787559161749186e+00
2.018896756330699649e+00
2.035776258472725697e+00
2.350825492450363097e+00
2.212461403832186591e+00
1.878410044892345532e+00
1.867383026217129149e+00
1.964456905105350870e+00
1.822854471091945205e+00
2.088822026770500440e+00
1.579438459064579137e+00
1.469758136148010097e+00
1.804201196196059120e+00
1.653525755515234508e+00
1.568772996430325861e+00
1.604508211602818424e+00
1.891944554248072397e+00
1.857840067219176605e+00
1.852432656706763714e+00
1.932648507977377639e+00
2.212988054056233889e+00
2.388585555437026109e+00
2.176596233315134299e+00
2.545588813300138309e+00
2.379616534629271918e+00
2.476821443870541373e+00
1.797530544075892855e+00
1.849802211915994921e+00
1.901320386761103709e+00
2.172791902112532814e+00
1.879588209210371508e+00
1.953962160274516524e+00
2.216452263513523313e+00
2.068447250468820720e+00
2.092972420202343198e+00
1.782564723615486901e+00
1.576138635369644270e+00
1.983281100573970335e+00
1.908661290024378676e+00
1.864831650948884700e+00
1.780341311213470057e+00
1.948195235354908794e+00
1.911943533312998156e+00
1.962588663026382241e+00
1.243479945417386823e+00
1.263752600447387575e+00
1.230357936765943627e+00
1.312100030781352844e+00
1.294330501047356918e+00
1.332426547850421361e+00
1.524732718334227854e+00
1.363582274224445223e+00
1.117056440459726518e+00
1.126747855428544831e+00
1.202385434264783726e+00
1.551415666258430637e+00
1.517661434344545368e+00
1.697020081654630363e+00
1.435574851294775911e+00
1.557856128448050104e+00
1.558071608874673997e+00
1.519436970601129921e+00
1.615880605319001351e+00
1.611671740873132697e+00
1.776491519410856812e+00
1.790406752986743788e+00
1.819536429108318476e+00
2.019243488124606412e+00
1.881363982574284721e+00
2.200069237706994585e+00
1.845148397895571168e+00
1.833883456438854864e+00
1.856631863812301830e+00
1.929770503440977780e+00
1.995385671606022093e+00
1.828173037214900098e+00
1.785613468455345743e+00
1.521977106636580368e+00
1.100003440239046837e+00
1.541583178398370224e+00
1.401270654612059685e+00
1.430446091068938941e+00
1.834870641658811197e+00
1.708301246144457552e+00
1.812977195807632613e+00
1.658476977419856002e+00
1.330956003336963178e+00
1.275530902861320648e+00
1.374572186220681447e+00
1.078980289271941784e+00
1.296252071009176055e+00
1.327232459682751831e+00
1.621664751858215681e+00
1.533564388584649940e+00
1.725589455917383219e+00
1.938243058976052202e+00
1.905980234645570537e+00
1.946034600480488708e+00
1.948566055686834275e+00
1.972428847504705818e+00
2.110267066951593939e+00
1.135973658409836551e+00
1.369931201854452718e+00
1.412300165546362063e+00
1.588622176892431570e+00
1.603292821659064060e+00
1.896668079456553357e+00
1.774880178551737631e+00
1.711198988362419904e+00
1.688254298873542725e+00
1.489123336407757847e+00
1.823959427815638579e+00
1.860896167838441251e+00
1.467383288461976854e+00
1.623428975886214820e+00
2.029727058184271460e+00
1.879948343871332472e+00
2.146775167926344263e+00
2.352219228931205386e+00
2.178180807828976384e+00
1.982039775983328811e+00
1.695986624857485969e+00
1.373062471706048226e+00
1.734804584606759015e+00
1.593064420470266196e+00
1.720685185900162839e+00
2.070365365248471701e+00
1.683625414832683909e+00
2.041051148631960910e+00
1.727989031284448362e+00
1.386142771954016695e+00
1.368609076727194562e+00
1.527292134876057084e+00
1.894083827619599036e+00
2.043146856637342523e+00
1.902743289187283526e+00
1.633932707633394266e+00
1.544939513338437376e+00
1.664158912240170096e+00
1.957943167980191079e+00
1.799058347203727370e+00
1.767878767437164544e+00
1.509036242243197767e+00
1.169921068683620557e+00
1.451041637435173781e+00
1.574676767314106440e+00
1.406489173913373358e+00
1.270940723126272154e+00
1.190190492317178661e+00
1.227864844929867694e+00
1.614902801691284528e+00
1.563483361538194893e+00
1.639306820712904234e+00
1.778323176939625716e+00
1.700184129805681454e+00
1.317504500171886583e+00
1.494726151471579279e+00
1.852604327390997119e+00
1.755406149301854235e+00
1.912013751250458471e+00
1.635881417323419518e+00
1.616864714027527405e+00
1.976901775756680912e+00
1.732163960864020913e+00
1.959706885492332518e+00
2.218352702859462511e+00
2.285150353093875708e+00
2.218517476766507457e+00
1.820137554344379183e+00
1.962360202150178923e+00
1.775841383800999429e+00
1.505763992368439830e+00
1.954459721246002424e+00
2.282090520665225331e+00
1.906059962012916165e+00
1.888451122838536778e+00
1.996239239189507630e+00
1.738691957350302353e+00
1.892635351104832386e+00
1.587624351927719113e+00
1.573761971140909210e+00
1.097874956322024032e+00
1.053785804697194184e+00
1.233952137802203586e+00
1.311054830853802589e+00
1.502689752408973956e+00
1.870413945708556014e+00
1.728618766972144449e+00
1.592687437453976118e+00
1.476758862567007169e+00
1.462928744670036973e+00
1.787933155015458242e+00
1.814729002541479508e+00
1.520643673509812777e+00
1.824713694651178830e+00
1.814280922358156634e+00
1.833808756763398495e+00
1.710821685351555210e+00
1.985014390332556333e+00
1.635759480566205459e+00
1.623576470174983299e+00
1.752205025069648592e+00
2.023239419569851538e+00
1.580881980173541423e+00
1.643420698297147098e+00
1.524510414516956125e+00
1.564607575724240141e+00
1.280376768004976240e+00
1.356948553194758711e+00
1.701927098373590796e+00
1.410481768717367190e+00
1.588018438679300148e+00
1.812129745878144238e+00
1.533174767324304133e+00
1.273958869082434830e+00
1.455609716370612983e+00
1.626215157708432280e+00
1.574460640365384911e+00
1.740317113102796132e+00
2.024729622207793511e+00
1.793648009511300545e+00
2.129687843565880812e+00
2.205629680436134166e+00
2.354265530458114153e+00
1.943380978656186642e+00
2.306857268779028303e+00
2.289682197949401310e+00
2.099245523104003031e+00
1.994665125990176868e+00
1.711026116722533574e+00
1.902241255678854159e+00
1.792629763730558601e+00
1.467429215383307950e+00
1.351762548617765791e+00
1.600235002357194736e+00
1.410507166921639133e+00
1.376980231847186431e+00
1.309341653379570536e+00
1.514865311371777379e+00
1.739560939408633988e+00
1.628555763983529303e+00
1.882802668558461789e+00
1.822926770321633416e+00
1.856879143919951902e+00
1.669642729253682845e+00
1.617933641820375357e+00
1.296491580893985862e+00
1.419868772341412511e+00
1.311188606660106393e+00
1.818808207821346334e+00
1.880549900817825026e+00
1.546283222912575583e+00
1.190482586219791861e+00
1.335035721935518449e+00
1.242996187766397531e+00
1.201051657571663434e+00
1.256277959106413267e+00
1.271793355314449592e+00
1.476145616171551822e+00
1.629966771109043977e+00
1.379892647975453635e+00
1.512224206615455646e+00
1.509369891914345452e+00
1.302459200559980212e+00
1.522954722572049224e+00
1.462562649127990166e+00
1.932432024104510759e+00
1.635681485516991662e+00
1.262666025471119058e+00
1.404495140639049566e+00
1.664235420611450911e+00
1.963504758416829477e+00
1.889521745331376401e+00
2.028279838036845639e+00
1.932600978082542387e+00
1.466033589158876715e+00
1.638371434275124550e+00
1.847273525543507988e+00
2.029150581070871429e+00
1.667324769560909914e+00
1.989988471934586833e+00
2.411883729564079815e+00
2.462460672651406224e+00
2.227907035561169646e+00
2.105106744062969604e+00
1.614785633990863722e+00
1.541003434673875017e+00
1.423085900703127349e+00
1.486439166197694561e+00
1.243322574607304221e+00
1.162795219337484420e+00
1.476062841230834977e+00
1.518442302031457691e+00
1.286955980800085886e+00
1.560392721177774389e+00
1.810441065522938375e+00
1.429470688305273907e+00
1.793270724256212478e+00
1.560186548039487642e+00
1.535996411388058647e+00
1.495613817189122452e+00
1.271178852551573035e+00
1.624431226894818003e+00
1.493267438917945666e+00
1.685632126471585002e+00
1.579223344057935741e+00
1.329715040548114624e+00
1.535939702041501764e+00
1.332196389333248465e+00
1.841227470831376056e+00
1.800365437056560713e+00
1.620956806118432070e+00
1.559085801627893453e+00
1.660344250209240702e+00
1.078187530675924100e+00
1.160144704291941276e+00
1.228976016660473736e+00
1.379100770753564742e+00
1.420834875022364052e+00
1.581773930506102932e+00
1.674552381283647140e+00
1.764696867702102212e+00
1.765325746689412334e+00
2.019162365335293696e+00
2.058046973873131957e+00
2.350050911603710713e+00
2.291007807224818116e+00
2.171808381188143677e+00
1.717038645051900181e+00
1.871592824405637234e+00
1.778760256093195880e+00
1.769199924513173094e+00
2.135502061414760178e+00
2.262509707029317862e+00
2.133919246809808712e+00
1.691631648330534254e+00
1.867227379911243546e+00
1.792764684253808527e+00
1.448182185010985279e+00
1.566898006053549341e+00
1.528071845121836247e+00
1.635628660070052920e+00
1.421742015549599891e+00
1.087667449631531724e+00
1.045844763414484957e+00
1.188737976051460477e+00
1.011954982740253861e+00
1.180522410112498255e+00
1.176388501031738754e+00
1.349624375282795441e+00
1.427745193047791128e+00
1.477861560241387817e+00
1.585838788487067497e+00
1.517367533877519659e+00
1.258015181593596488e+00
1.381677345531383994e+00
1.403103010328752065e+00
1.434426479895097195e+00
1.267696434979083797e+00
1.295461664503407384e+00
1.340395639442459430e+00
1.510556499077001291e+00
1.306799905653240446e+00
2.022386205285108485e+00
1.934249475238749127e+00
2.095662411787669210e+00
2.039283704416483989e+00
2.042054591082264725e+00
2.021801837828533177e+00
1.715529880885328540e+00
1.202219202833109346e+00
1.647575356606878261e+00
1.467323817763964477e+00
1.644149989909000631e+00
1.943676672957315166e+00
2.045149059851811391e+00
1.972607322275123698e+00
2.292056939276679639e+00
2.113737224796365499e+00
1.842046745086427739e+00
1.990940008534333616e+00
1.753083122610882727e+00
1.896414852631130632e+00
2.127987457963527174e+00
1.945386443289635281e+00
2.399033161408568926e+00
2.458628617562361285e+00
1.959505958887816535e+00
2.243149794622492976e+00
2.291112511346307112e+00
2.028124665711382502e+00
1.755652975849978592e+00
1.383264505973832659e+00
1.530276954644749665e+00
1.304295706329309024e+00
1.336414945008651323e+00
1.244323584320349063e+00
1.123652168071265223e+00
1.261092160876625012e+00
1.544376403253808538e+00
1.252989354555783308e+00
1.418228140460553011e+00
1.740498064903481357e+00
1.699178729751505745e+00
2.117926299784351762e+00
2.041422161681290426e+00
2.116338947914427226e+00
1.813836751745239839e+00
2.045220397730821649e+00
2.018055909826127703e+00
1.896685264277034877e+00
1.705964006488228213e+00
2.106924173323716953e+00
1.996323811109221857e+00
1.656556493275686881e+00
1.540832155602198661e+00
1.380673472798991330e+00
1.131494541598475179e+00
1.246557187973614589e+00
1.554661003464429703e+00
1.908828156895423067e+00
1.785629391214732298e+00
1.582690142622833918e+00
1.868850060296866067e+00
2.064438676732432754e+00
1.765544597184175446e+00
1.862965794534416464e+00
1.978183024937260059e+00
2.068247519048086236e+00
2.197446341421148475e+00
1.660896571520768639e+00
2.059055070043882107e+00
1.933065781445178821e+00
1.948799772578703404e+00
1.943131214744331592e+00
1.903540174665151241e+00
2.151710256886212758e+00
2.170344388162785076e+00
1.978810043715576672e+00
2.129153794523980014e+00
2.186104149662620344e+00
2.065652228457284689e+00
1.364208549500156131e+00
1.412835265577412791e+00
1.516305016146528351e+00
1.486266440460606297e+00
1.442180990141638253e+00
1.539248733727178298e+00
1.425396227544392769e+00
1.467800230513320647e+00
1.269886483125296062e+00
1.555407700227455559e+00
1.826194631368158738e+00
1.974448611923831365e+00
2.355350859091149385e+00
2.099049084252503139e+00
1.758615246628032924e+00
1.745744619887393601e+00
1.678605402955643644e+00
1.858505015052502873e+00
1.877223180304205430e+00
1.808245359750070946e+00
1.811690871095315236e+00
1.877783164614637457e+00
1.645064400860177800e+00
1.683551861592380350e+00
1.599676764920801908e+00
1.472802115415084767e+00
2.059876371706540699e+00
1.675499257193926894e+00
2.092371077694930470e+00
2.163211343373433238e+00
2.062278456995242149e+00
1.554590209635150932e+00
1.603008082221947461e+00
1.394781213847902324e+00
1.366894975826222991e+00
1.806535499060963446e+00
1.814989146181840374e+00
1.739415837488976768e+00
1.819175753129159467e+00
1.814420978714097021e+00
1.495386872442250992e+00
1.568485986295933721e+00
1.605847379478592352e+00
2.032232994300217310e+00
2.008035219463454535e+00
2.229108986706488604e+00
2.201054094372686620e+00
2.084803084328576528e+00
2.060078726278283145e+00
2.073992756028892881e+00
1.975918734762414974e+00
1.798811801737940419e+00
1.833655868627953822e+00
1.779769398163444372e+00
1.686524584358837675e+00
1.866725650696994920e+00
1.718327728435809609e+00
2.078091529101496526e+00
1.899739372212777555e+00
1.923305722192648837e+00
1.952356291427353119e+00
1.763486543260689876e+00
1.584912717807160920e+00
1.815047076256273373e+00
1.662486427095446917e+00
1.657914683515729681e+00
1.437432379142259853e+00
1.708255089193492671e+00
1.245430764011340008e+00
1.237779746153484295e+00
1.396054509855970238e+00
1.372275976258646057e+00
1.234333184964787389e+00
1.516177960664670810e+00
1.427552958999530830e+00
1.364062581681999786e+00
1.621584150259836932e+00
1.678995449460472633e+00
1.532950230787671453e+00
1.231905759443003401e+00
1.572797775614846794e+00
1.385539243852990321e+00
1.619910700788432578e+00
1.837233896237105757e+00
1.644681391802515824e+00
1.786682118025300303e+00
1.963475903147684054e+00
1.773856014900522027e+00
1.662092193489651315e+00
1.313502289981903548e+00
1.419856652374903661e+00
1.370338306848527754e+00
1.817818952325035653e+00
1.803172254068832192e+00
2.050429164941891980e+00
1.906617891536530385e+00
1.768353509265072177e+00
1.374033707117930270e+00
1.641661611180930569e+00
1.546114487118726677e+00
1.783001864528196423e+00
2.279914257385120102e+00
1.857696615139720508e+00
1.720674331936203005e+00
1.816460190345835279e+00
2.208721233412281659e+00
2.127587393997072418e+00
2.130435260312481649e+00
1.625247411505830186e+00
1.587394139051769626e+00
1.422451197139096513e+00
1.334499986933354032e+00
1.614747489034553229e+00
1.455743623895261241e+00
1.450768747312930707e+00
1.394062971604160595e+00
1.476290466647748767e+00
1.352947131922928925e+00
1.782383711053978192e+00
1.759090325061321014e+00
1.755720313002573807e+00
2.143769291991158177e+00
2.301933036100817898e+00
2.737350481677275127e+00
2.553940758490791829e+00
1.939397518639484508e+00
1.981444125270887202e+00
1.591918302948260866e+00
1.541501996393369822e+00
2.101823066014364194e+00
2.099031697627306681e+00
2.389317735691107281e+00
2.121592540125500026e+00
2.133917921069928614e+00
1.934091356149173269e+00
1.895364583077144394e+00
1.939814897885014267e+00
2.145723979750644439e+00
2.196664127322860427e+00
2.449506170020551821e+00
2.314144972966081237e+00
2.558175114213220080e+00
2.288350510986414843e+00
1.989626548966913822e+00
2.262965804712791851e+00
2.222587447177626796e+00
1.871630068865934859e+00
1.833444177578488654e+00
1.895570463023556584e+00
1.615779357045293185e+00
1.482902355111634485e+00
1.615353625856268627e+00
1.615379387645109688e+00
1.409019781329222454e+00
1.680400738648491599e+00
1.846947524929771767e+00
1.613249391636797148e+00
2.047908651270539782e+00
2.271825314980327359e+00
2.347485808082840020e+00
2.090903700073500016e+00
2.155152818404346249e+00
1.811308638865824383e+00
1.990608751661928189e+00
1.843017759925006160e+00
1.766522664586491320e+00
1.751914007443023724e+00
2.024988928159773049e+00
2.052405611900359528e+00
2.075678477605289896e+00
1.347780670799397118e+00
1.856089755943861164e+00
1.716300725655935722e+00
1.772140190147168060e+00
1.551141341802669826e+00
1.462641940714230593e+00
1.492256814468500670e+00
1.388426747480907331e+00
1.482865325389426392e+00
1.407384186764115697e+00
1.274111180466570570e+00
1.387599826901822819e+00
1.488613692304801672e+00
1.394776442569999331e+00
1.344448236144758058e+00
1.322961493385975684e+00
1.219700594824072004e+00
1.169960328748960610e+00
1.361102152341784333e+00
1.400801307510333826e+00
1.016356459747388419e+00
1.313775106874163212e+00
1.538394911438578871e+00
1.591879288684850735e+00
1.831649444836195073e+00
1.969714317587469843e+00
1.967259983278188518e+00
2.006921759533817795e+00
2.162901256219137647e+00
2.177065886265936445e+00
2.315082622584303085e+00
2.274138555736551659e+00
2.363366019501157211e+00
1.843360011935599729e+00
1.810883922753355968e+00
1.722534102692229840e+00
2.128724177826285313e+00
2.219261045300001456e+00
1.873098630486976335e+00
1.492911629062041001e+00
1.494286367815052197e+00
1.462482739411657295e+00
1.577478655663524520e+00
1.690866164443787900e+00
1.709483606136605438e+00
1.842878671758778175e+00
1.886416965507425436e+00
2.103087416151025124e+00
1.788094829542529185e+00
1.909039031893429383e+00
1.955281123933319876e+00
2.286165730480795411e+00
1.958676909638767505e+00
1.677928349270176200e+00
1.482175193173343564e+00
1.491600898929783536e+00
1.769770997588395289e+00
1.806879370476502267e+00
1.710433285205330112e+00
1.887078047656312485e+00
1.871418332771725535e+00
1.769504433078841643e+00
1.894690937056992652e+00
2.015367173304451143e+00
1.919763311094433877e+00
1.997953048479780946e+00
2.237917991866767320e+00
2.300720829578536186e+00
2.194406007544797532e+00
2.245613362507499655e+00
2.089099376740248371e+00
1.872870007122330982e+00
1.705020952554215929e+00
1.218456126997487177e+00
1.186444117456553204e+00
1.324075691221137774e+00
1.636518191108194076e+00
1.815007777369291420e+00
2.082691308578166201e+00
2.072105873555046163e+00
2.406369158297227528e+00
1.888715572167792844e+00
1.996883519235598925e+00
2.319270890968505583e+00
1.728588094787165907e+00
1.975519127465588554e+00
1.563059941471509839e+00
1.395460944307657103e+00
1.682252912417818713e+00
1.366160719884536690e+00
1.850583813975175351e+00
1.518366943943240566e+00
1.350321182173342072e+00
1.332441559177277135e+00
1.705268897847434406e+00
1.813241096327605550e+00
1.314645957294175993e+00
1.315556679093341508e+00
1.265431111184736057e+00
1.522489185547150070e+00
1.678981125834556609e+00
2.064825612757401174e+00
2.618461442067395950e+00
1.993528894028182341e+00
1.889041651127024268e+00
1.386301379162508507e+00
1.516990273084811491e+00
1.722219727327765071e+00
1.767447759035198906e+00
1.858959805734823334e+00
1.832047848613562069e+00
2.062800078901939393e+00
2.090812652147678197e+00
1.716786529104062042e+00
1.476299928687233143e+00
1.377615642131675422e+00
1.273308352742082761e+00
1.119012983441736830e+00
1.311052217674132825e+00
1.262870397375839282e+00
1.350225914638032876e+00
1.393869273492060135e+00
1.556597854554539140e+00
1.309112941776394479e+00
1.325308921463790313e+00
1.290696649541019259e+00
1.381037687817440407e+00
1.500847513272476119e+00
1.155793274815389404e+00
1.483547273510280373e+00
1.399512177049678785e+00
1.582003438777832782e+00
1.896869168025003605e+00
2.028645169517971247e+00
1.397384922496722304e+00
1.723720878782625254e+00
1.647566783721209127e+00
1.787729499165656266e+00
1.515275944428106092e+00
1.481248311860651645e+00
1.837909029174940034e+00
1.801047015324461542e+00
2.201047386058022859e+00
2.319759461792365585e+00
2.099682069612736068e+00
2.269322137074623935e+00
2.101709401004692612e+00
1.607056302595036845e+00
1.440911911959815495e+00
1.978831248924616704e+00
1.882511233524783556e+00
1.935455735840874825e+00
2.096053385215049580e+00
1.903344631574845458e+00
2.050713412356010235e+00
2.303146928504400837e+00
1.937193399238692271e+00
1.784669617575585399e+00
1.949534695259999229e+00
2.052552108376530349e+00
1.716733971258382230e+00
2.049766501960269327e+00
2.009202703109710608e+00
2.007533862041908090e+00
1.727499762477142431e+00
1.675701902699646473e+00
1.809613022791411785e+00
2.090487085310773097e+00
2.072736507400562367e+00
2.166274684038749676e+00
1.956009120570554094e+00
2.213044868539690402e+00
2.078317482830244867e+00
2.066709039515652435e+00
2.098328028878448048e+00
1.923137566895420925e+00
1.810378567009488071e+00
2.087792691078877105e+00
2.565802385462724544e+00
1.897678590421995271e+00
2.112311731375973611e+00
2.056181765351300594e+00
2.470017772238421561e+00
2.033560751220246043e+00
1.844348960734257137e+00
1.336453162860093080e+00
1.398711355222768127e+00
1.646248216422211641e+00
1.917753507357528697e+00
1.981034555527549701e+00
2.139905179581542249e+00
1.897926912572979408e+00
2.031570588593103466e+00
1.618250819815453712e+00
1.695776670310608969e+00
1.998150965181873850e+00
1.733464169081166295e+00
1.772716347644774038e+00
1.487136984130938977e+00
1.557068995124280875e+00
1.524007231544832308e+00
1.500168766876800674e+00
1.393434354197341074e+00
1.613936522949578567e+00
1.866259807024011286e+00
1.818551984295859958e+00
1.592715369766318778e+00
1.679475883502340228e+00
1.586904182011658504e+00
1.551409134811795099e+00
1.258466157706653821e+00
1.144844147783933952e+00
1.381608255927526230e+00
1.169496484856626717e+00
1.351335103486368094e+00
1.632450812978033072e+00
1.915108931855091345e+00
1.703478962785197171e+00
1.756599783218736111e+00
2.039419172468379671e+00
2.067445364400458896e+00
1.881772055235773067e+00
1.806794585557276678e+00
1.817410961914338818e+00
1.628068463650204523e+00
2.306615211847070412e+00
2.280134711135156866e+00
2.621426629293892141e+00
1.801887539195297983e+00
1.437823367551469556e+00
1.618514244122116086e+00
1.944235668633012670e+00
1.876064823751737443e+00
2.182384616116024745e+00
2.148006776255687811e+00
2.064506913792374831e+00
2.026623467616388119e+00
2.021960172235840236e+00
1.512295025292991646e+00
1.333805861928752723e+00
1.489515570489488461e+00
1.244995228739166571e+00
1.545418256741328156e+00
1.633504232752977847e+00
1.687797825047899991e+00
1.371816321132106609e+00
1.508843310237207858e+00
1.153707741786295538e+00
1.754059878192648414e+00
2.009845396241852988e+00
1.881751685185927947e+00
2.047828401391244224e+00
1.887700262872986645e+00
1.755914205199575306e+00
1.855897682106458335e+00
2.018093034358669158e+00
1.866340644072960409e+00
1.531310792332357229e+00
1.239997425163268829e+00
1.267345109081805532e+00
1.781141550058666034e+00
1.677004963359959522e+00
1.712291991980262384e+00
1.604129108669892778e+00
1.535481747428472543e+00
1.693540609480979953e+00
1.743793191549037447e+00
1.395877546837623884e+00
1.910765060876576049e+00
1.845664132769679888e+00
1.476982110407571325e+00
1.579773163272222503e+00
1.358727838705124036e+00
1.619259852209503414e+00
1.642399133761351271e+00
1.968159274778793488e+00
1.895676832462474870e+00
1.570954686185211280e+00
1.747565266795666261e+00
1.983391034350783899e+00
2.414255757450122886e+00
2.449819185585548453e+00
2.452353759724752003e+00
2.430258184730798909e+00
2.189942165164140420e+00
1.850094498314994063e+00
1.905923039259414864e+00
1.923058608743918541e+00
2.067404657058272033e+00
2.278683956211618344e+00
2.466497867716228143e+00
1.987052667407166018e+00
1.800197939890838983e+00
1.704153369457686029e+00
1.856511112916654715e+00
1.857009527117909675e+00
1.741116092316292496e+00
1.826588122533509662e+00
1.754999645302236733e+00
1.550790290679196159e+00
1.699671788240326720e+00
1.624282858580283095e+00
1.603696304380143323e+00
1.663601421624820054e+00
1.786120990950949450e+00
1.844051024296161634e+00
1.591830689949433664e+00
1.267330139928575683e+00
1.485481472639757827e+00
1.493499658652611251e+00
1.385376224833051007e+00
1.158780942354298737e+00
1.269920840330595935e+00
1.657657142489689095e+00
1.735022509001486357e+00
1.431044041735455741e+00
1.801026113783654514e+00
1.515565581936394679e+00
1.985131095995570139e+00
1.874529454624994207e+00
1.663762518559414039e+00
1.938730095727146718e+00
1.871177540530766015e+00
1.938401798788760066e+00
1.502202321849024358e+00
1.415650729626305449e+00
1.482742468123381618e+00
1.632860190775677456e+00
1.619699203618971017e+00
1.801251379264225738e+00
1.711879050065360675e+00
1.659144023633951637e+00
1.747566981294303989e+00
2.130544339288374722e+00
2.029501118755733025e+00
2.045318607445354875e+00
1.941677402497852700e+00
2.148415220569590556e+00
1.773589140804595177e+00
1.350186513606601135e+00
1.575381355847816911e+00
1.615613169873580723e+00
1.464498173310317952e+00
1.309347454756772944e+00
1.140578792878036207e+00
1.274712076952096318e+00
1.403189571569305016e+00
1.296904193872223665e+00
1.186429196825128374e+00
1.363631498995900415e+00
1.299730913015140432e+00
1.522021172736915950e+00
1.649007023137266659e+00
1.783732122695565581e+00
1.408851917703061174e+00
1.593584784505621910e+00
1.889303704508976001e+00
1.438164765959098368e+00
1.527939797705073044e+00
1.544575912816572805e+00
1.740567145680532057e+00
1.700093574019572618e+00
1.509842707826431152e+00
1.238719037473745566e+00
1.302756430660924281e+00
1.337233408864241468e+00
1.584938484110786971e+00
1.605208762013027979e+00
2.227808375720288669e+00
2.146287036491099087e+00
2.024537504101123986e+00
2.067271245728410367e+00
2.329511601353905448e+00
2.040448977573939171e+00
1.762232635270627235e+00
1.482025096852118917e+00
1.264453226206811554e+00
1.348827471965454272e+00
1.394048583522682350e+00
1.233467616072414508e+00
1.154272487698597471e+00
1.201555650037133383e+00
1.192926632609326854e+00
1.558160689373826679e+00
1.538090000211794761e+00
1.627284347368365136e+00
1.814425660066163459e+00
1.884955663617877253e+00
1.910726522945575212e+00
2.036564356587683644e+00
2.099094148883145827e+00
1.840529642624460394e+00
2.287764273640539692e+00
2.378366119041015470e+00
2.511765879205121621e+00
2.201405162054219655e+00
2.419308636295232517e+00
1.768950359140672335e+00
1.117870954018209906e+00
1.090995350442127476e+00
1.151037172627093375e+00
1.509134567545370675e+00
1.586985005558255057e+00
1.433828508432119619e+00
1.523155377887206896e+00
1.129760154112861237e+00
1.175461055669700938e+00
1.578945554588456091e+00
1.590193735564712663e+00
1.752464405917933732e+00
1.981591837426706748e+00
1.675149701347265818e+00
1.748176924385623110e+00
1.336236296469325957e+00
1.257551629699513729e+00
1.197113095829952512e+00
1.387634894532194130e+00
1.803082007444174906e+00
1.535306118470357140e+00
1.310508293095636434e+00
1.433532418924276186e+00
1.393702965546323114e+00
1.200150307429446173e+00
1.137950542535890897e+00
1.057740755770091079e+00
1.256428107659840698e+00
1.277639494738883386e+00
1.341450869411761948e+00
1.407531873795413002e+00
1.373918919545225714e+00
1.784199546932296432e+00
1.827316850205057408e+00
1.715772222223595822e+00
1.601450696675868590e+00
1.552347773585971202e+00
1.509345979077358679e+00
1.516105955250549364e+00
1.736638011350075450e+00
1.699072484191539223e+00
2.042886817297584923e+00
2.016291701255963353e+00
2.180488462285665285e+00
2.376632024472329352e+00
2.104441735845827832e+00
1.771705420562572186e+00
1.720419394348683628e+00
1.668823068855503466e+00
1.743142308603759849e+00
1.571713249770701815e+00
1.622822425044949002e+00
1.835609961523104960e+00
1.804691488770133745e+00
1.731931075667384690e+00
1.877699238486381095e+00
1.978735714264850287e+00
1.871460392799235484e+00
1.257446023675579116e+00
1.691800010188041048e+00
1.463995338453621287e+00
1.788964325860258331e+00
1.810014412491836699e+00
1.760902858687790618e+00
1.759106407448149501e+00
1.869679104184563290e+00
2.093935236504907760e+00
2.023531600463208235e+00
1.320182293711578581e+00
1.480138386595684752e+00
1.397050338769204814e+00
1.315572533413555290e+00
1.420467652997028374e+00
1.637896843849026229e+00
1.397953388620494009e+00
1.314337971465161514e+00
1.167207573085432548e+00
1.190968702320608585e+00
1.663123229942276016e+00
1.593314710364838183e+00
1.477999765605921834e+00
1.779408637676957561e+00
1.492645076292567152e+00
1.252523093952259359e+00
1.275687599284630158e+00
1.315416273126396085e+00
1.207169706230275530e+00
1.045496837442708715e+00
1.192068405482526128e+00
1.147757914359886833e+00
1.291179201616508898e+00
1.316191933611463361e+00
1.122335385254895623e+00
1.440452020182350745e+00
1.339666207570869183e+00
1.306159167611876670e+00
1.066332067306085651e+00
1.367581178395340213e+00
1.272891908170214359e+00
1.142317760445787478e+00
1.279729534779749933e+00
1.238988624067735689e+00
1.433493249370956235e+00
1.356778135940773122e+00
1.512549218802505813e+00
1.756637992715495589e+00
2.013546542661070138e+00
2.006047439537340438e+00
1.666128698746057069e+00
1.788080251985046054e+00
1.881552496459890422e+00
1.913534608568440820e+00
1.812808406517935289e+00
1.969447618780638454e+00
1.798623538841752634e+00
1.534009815445893432e+00
1.233419871560187842e+00
1.435485527524257732e+00
1.606835043101658478e+00
1.457386003300003674e+00
1.500730226837912795e+00
1.553414427435059197e+00
1.376188778632385201e+00
1.669969001900958760e+00
1.654006316749840000e+00
1.518623526031413151e+00
1.532080642578133922e+00
1.418750726297055120e+00
1.805866060715428434e+00
1.686721082288641149e+00
2.016969290243108226e+00
2.210791432707915671e+00
2.087811560767289354e+00
1.989182962512980657e+00
2.079519708170908476e+00
2.131825428374212184e+00
2.228882387851872870e+00
2.056101680374868845e+00
1.952454498386636761e+00
2.004423472711566845e+00
2.367886809091998224e+00
2.616716753266833617e+00
2.664758786698817605e+00
1.871073596821715590e+00
1.840526675319976491e+00
1.894538040825048730e+00
1.581587384947632291e+00
1.511427426923767081e+00
1.534999944377479553e+00
1.882522938199012508e+00
2.104015419551257704e+00
2.013924954038726067e+00
1.679845055686539412e+00
1.848692884748501575e+00
1.734957457145227755e+00
1.803740248388508549e+00
1.896274953546441600e+00
1.594134544680950061e+00
1.168906421348768987e+00
1.498225355802408343e+00
1.527243353284966743e+00
1.717023301851424044e+00
1.376570542033289435e+00
1.967825114723270152e+00
2.238479495559745569e+00
2.251601483493379519e+00
2.553090877828427807e+00
2.405898794496097448e+00
2.571129619334805216e+00
2.367686586556318140e+00
2.241713181804175559e+00
1.941029520804831821e+00
2.090923614309871059e+00
1.420211598811760956e+00
1.476191665794839736e+00
1.791472443042848584e+00
1.721639157864619962e+00
2.052342673119124328e+00
2.148310792248701695e+00
2.045170196223037529e+00
2.116669336330114781e+00
2.338619772365426286e+00
1.868771373036961281e+00
2.017677688486503751e+00
2.094753281784967225e+00
1.990561378733587405e+00
1.731490424179408905e+00
1.373184340251804691e+00
1.360157360064489174e+00
1.552164483489001157e+00
1.150567213921126930e+00
1.195213635320693912e+00
1.202791735405245754e+00
1.432237416836932731e+00
1.738618124892931993e+00
1.392990307509347714e+00
1.453932734954883843e+00
1.427869007604271712e+00
1.398674377024728965e+00
1.339718014280776970e+00
1.205316071593422134e+00
1.220894894891448867e+00
1.362460737742208883e+00
1.204844032620243199e+00
1.196058207255257244e+00
1.230366476761465933e+00
1.579022487157192511e+00
1.518482098410586900e+00
1.788370212670135517e+00
1.646308727488554169e+00
1.939712018924879322e+00
2.027078310950741535e+00
1.923867421341104667e+00
2.107137581032484608e+00
1.888585373871859208e+00
1.439664104421244595e+00
1.336219373173531899e+00
1.579930714024015748e+00
9.700934481677827570e-01
1.099060212690707417e+00
1.147799125145388732e+00
1.088577358075412116e+00
1.059184424950742942e+00
1.499396696684706320e+00
1.556816849381685630e+00
1.300151224578236953e+00
1.226887629335930319e+00
1.184021308145406293e+00
1.302543747470964242e+00
1.391209679128077248e+00
1.486876412224910071e+00
1.585433404122682965e+00
1.811596449048407553e+00
1.887573073499755116e+00
2.522742373209008626e+00
2.060586719321075400e+00
1.804239313152863788e+00
1.714206635558404912e+00
1.689862760594830648e+00
1.772726479801514987e+00
1.223550747906436920e+00
1.473051828349025705e+00
1.329932380850405993e+00
1.686058008720363377e+00
1.565271219478598930e+00
2.071463031332416715e+00
1.883550434656119821e+00
1.833867118667878104e+00
1.396318407108708026e+00
1.560611477906444611e+00
1.794546292063573523e+00
1.865994292853335956e+00
2.299579221376627736e+00
1.916214597822713861e+00
1.871359237842206369e+00
1.527800635658560502e+00
1.693612204017339584e+00
1.547426651572564094e+00
1.857656082844697298e+00
2.033323662206121707e+00
1.985235913822304132e+00
1.827887584543906208e+00
1.942377568341252303e+00
1.823966591625495681e+00
1.901392719474299886e+00
1.977948187957178083e+00
1.810857743035517720e+00
1.978655995804656342e+00
1.866079472157317731e+00
2.193294618348228919e+00
1.855910113004651807e+00
1.811830953533106303e+00
1.678954860408611527e+00
1.484178241038007329e+00
1.365265907082316987e+00
1.451184001517707545e+00
1.413756953813434247e+00
1.173319458348418776e+00
1.679916136978255814e+00
1.796219175065182361e+00
1.932206684461429624e+00
1.470000512944098059e+00
1.676688766710399792e+00
1.399671089582424477e+00
1.325668777495558892e+00
1.470065909682207739e+00
1.561827016527583378e+00
1.395318171487793801e+00
1.405438848093068627e+00
1.417729275059764094e+00
1.237000850412425912e+00
1.354620871744297128e+00
1.513920264368971758e+00
1.884428938614881366e+00
1.538134667474014616e+00
1.628796360355335482e+00
1.572739764913998251e+00
1.574996197757819072e+00
1.883906002071876973e+00
1.903170754496851913e+00
1.598479192874650234e+00
1.761508979655623808e+00
1.825776102434480741e+00
1.865354007865138941e+00
1.560582819144080258e+00
1.475172335821400171e+00
