1.580008596708442070e+00
1.578335229906192350e+00
1.713494067012525157e+00
1.652753460187878165e+00
1.913735518461090912e+00
2.151974775545645979e+00
2.557664368368855357e+00
2.018020167656440211e+00
2.332852563894379561e+00
2.177057079044087740e+00
1.710986084757428971e+00
2.040704904520134644e+00
1.726341347502294843e+00
1.904840909446025243e+00
2.230536765122966170e+00
1.689935458468430740e+00
1.636964182855837224e+00
1.673840418345706516e+00
1.756575980431160477e+00
1.556275007499521967e+00
1.406750618903062522e+00
1.743462441870190949e+00
1.807718619660223958e+00
1.576596660817766171e+00
1.646221001594768696e+00
1.744094294241861576e+00
1.503625674204747797e+00
1.902358161948335180e+00
1.922546858618050081e+00
1.666160544967226986e+00
1.611729437102780382e+00
1.442409325698361000e+00
1.175738364337215458e+00
1.649362116422206759e+00
2.010071976556296214e+00
1.897719375759805205e+00
2.039064988944662815e+00
2.344015403868748848e+00
2.142588144929549632e+00
2.103710079526330823e+00
2.368163452975386996e+00
2.022693212674439689e+00
1.904582790334156117e+00
2.023939985811395559e+00
2.297679713390101242e+00
2.044909556863933275e+00
2.415439967718991721e+00
2.313893859861838376e+00
2.226379787328454096e+00
2.164707363059698686e+00
2.378214383213896443e+00
2.235269151214286598e+00
1.824161956389191319e+00
2.061033874429187840e+00
2.170442161862410568e+00
2.174110670905326170e+00
2.314648781365530539e+00
2.513777432763736108e+00
2.131194474672395422e+00
2.211782321748440250e+00
1.685963385522481817e+00
1.920417125516087786e+00
2.017794510526636831e+00
1.591304175469033355e+00
1.954375926536249031e+00
1.815068017634573039e+00
1.985925678422066243e+00
2.268031068498957747e+00
2.096672035982053206e+00
2.463218318993780187e+00
1.982530959653480140e+00
2.038047126921024077e+00
2.101170203873170106e+00
1.618084785745406151e+00
1.969819874997738696e+00
1.873001983210662580e+00
1.750822875341963458e+00
1.438942360336464166e+00
1.723593095793616747e+00
1.299768133246119284e+00
1.687965630160669805e+00
1.737037204475400998e+00
1.452899992079089930e+00
1.540497245190396214e+00
1.657743470694786003e+00
2.016394036442200388e+00
2.124156228078260877e+00
1.853431541089706647e+00
2.300556883586214241e+00
2.041742826694332269e+00
2.309722297618044262e+00
2.107130740660469126e+00
1.860899398349125322e+00
1.715609942579777503e+00
2.171478616363520686e+00
1.864238499287915296e+00
1.783891262807981271e+00
1.454684256786343166e+00
1.371797224531237980e+00
1.516285060564315001e+00
1.636713634862312139e+00
1.773985209246266015e+00
1.863470586048520561e+00
1.755773877739363886e+00
1.561654888201523539e+00
1.826532813038765912e+00
2.038285527910710382e+00
1.466292884889222714e+00
1.648823766166094051e+00
2.034897345667036728e+00
1.512638329790614966e+00
1.503974051460448713e+00
1.487653975630668590e+00
1.308961608425417866e+00
1.311428995525915298e+00
1.497742845289752101e+00
2.021021747874186314e+00
1.646970037356158656e+00
1.960579160143302690e+00
2.163113857735066148e+00
2.244309802631319517e+00
2.429173337419637591e+00
2.451965793727845622e+00
1.877846579129358595e+00
2.416329135713284337e+00
2.069649830731271845e+00
1.807325517861940956e+00
1.545980330541761649e+00
1.566037980417315234e+00
1.603349340045396865e+00
1.674920212265539554e+00
1.283053802157265721e+00
1.374926611297182300e+00
1.524960053819669259e+00
1.433154985796724734e+00
1.509255636903677145e+00
1.716754187427609768e+00
2.294086675481654680e+00
2.437703660360628355e+00
1.878143499943332406e+00
2.376729262975593393e+00
1.877528804942403928e+00
1.995148217417009207e+00
2.179078092876746364e+00
1.785840376807051655e+00
1.794997543409944996e+00
1.495955127196303414e+00
1.398611346778364961e+00
1.535590427389085022e+00
1.252603421174590226e+00
1.351438460635579153e+00
1.363662235502916875e+00
1.554794801154664174e+00
1.287127347754038587e+00
1.477024274102598067e+00
1.579163259588989066e+00
1.427292180365560936e+00
1.626968832662383235e+00
1.480240243079979923e+00
1.435989367555243312e+00
1.268101402300658265e+00
1.546911613584896372e+00
1.413943684857991823e+00
1.407307661814226396e+00
1.305543833313992153e+00
1.725379645662513228e+00
1.858947298575755358e+00
1.848248820431963813e+00
1.847345350325482860e+00
2.020809698533434506e+00
1.764066869091423628e+00
1.881375719987242512e+00
2.011352286004308265e+00
1.998452547615851005e+00
1.884946067111217038e+00
1.721705632601737257e+00
1.797194298350819786e+00
1.659273768656970960e+00
2.090080060084074542e+00
1.881404216860393053e+00
1.921313841283402546e+00
2.136547978146685178e+00
2.038357772340309459e+00
2.253886338158182845e+00
2.240425133635746135e+00
2.440950631043709684e+00
2.260093125959248272e+00
1.565887327390355077e+00
2.016446389709675824e+00
1.959946588960718827e+00
1.618789677107688618e+00
1.629124135152989483e+00
1.542448152680457207e+00
1.785917957070217943e+00
2.062062966237205419e+00
1.931732795104770251e+00
1.848837084875182502e+00
2.075267592534941752e+00
2.258018344902171126e+00
1.952339966025611773e+00
2.189093936008936758e+00
2.191520247803727894e+00
1.797473151989099183e+00
1.954115842347067478e+00
1.955325987636531426e+00
1.830313043075855850e+00
2.028551269083570308e+00
1.978850830735094934e+00
1.946671113806396125e+00
1.731483562244563235e+00
1.785404618446991609e+00
1.692588214872535746e+00
1.655044722865425477e+00
1.442468131079725158e+00
1.427778109997003497e+00
1.499366517212732397e+00
2.153423781940064341e+00
1.825836498781030492e+00
2.323529741234961588e+00
1.980962193477714628e+00
1.780829391421625552e+00
2.247729369107124509e+00
1.842115517892713106e+00
1.680870211024707350e+00
1.438839881983629665e+00
1.229548443477774811e+00
1.303100728231375349e+00
1.262096436519144271e+00
1.178204294647589245e+00
1.384571915638329376e+00
1.837333531968074585e+00
2.116915024196738937e+00
2.215240619702073754e+00
1.774071460537802070e+00
1.564686529261940962e+00
1.789184378465275671e+00
1.956296296203342111e+00
2.172863223903979346e+00
1.788110047034068728e+00
2.219330933285208474e+00
1.953250010770646972e+00
2.094931083930354543e+00
2.533975199509781007e+00
2.504258641128845220e+00
2.278755525096505252e+00
2.124861354524574253e+00
2.035049344896668000e+00
1.821194727137163571e+00
1.446732717389712874e+00
1.503564035462218396e+00
1.648093027000923527e+00
1.699844566565526849e+00
1.657597825822578974e+00
1.307460448839693257e+00
1.495761569089636644e+00
1.561328838230634730e+00
1.687710501414654507e+00
1.475570274581819552e+00
1.480620313148797162e+00
1.484701960402232901e+00
1.700537382609158987e+00
1.485869251784287748e+00
1.440273208206972910e+00
1.492626424995900702e+00
1.464965043072606443e+00
1.543075168406207176e+00
1.244181394863049572e+00
1.431515793887260912e+00
1.510175579847283345e+00
1.584397705569011494e+00
1.430863704462874253e+00
1.274434718661833443e+00
1.182166946078541114e+00
1.431014408594333931e+00
1.465129486221252053e+00
1.393915559445481733e+00
1.281938662147215080e+00
1.764335213727163509e+00
2.116203615246737169e+00
2.212096734198389480e+00
1.776720241953849255e+00
1.754244543406777046e+00
2.267871620439907865e+00
2.335772997067607104e+00
2.030694863094084646e+00
1.875169656399568119e+00
1.895509047241653366e+00
1.818753719970636284e+00
2.051924707730510278e+00
2.143272234897338091e+00
1.859304537456337947e+00
1.952718358874042881e+00
1.789889608887055505e+00
1.709011745532833082e+00
2.109123274321541341e+00
2.297120073173667176e+00
2.278593641711019302e+00
2.439753322339911712e+00
2.249980739410891495e+00
1.974630145425558148e+00
1.892523893704235238e+00
1.826961454919547201e+00
2.142808783020709207e+00
1.860215796947842781e+00
1.904917175399482687e+00
1.985567013569939254e+00
2.217221935594796189e+00
2.006813912756694851e+00
1.979412517228883450e+00
2.157109399456232701e+00
1.744882368278736440e+00
1.828670454756043284e+00
1.681312516679500435e+00
1.621395267501318349e+00
1.799738025822814169e+00
2.074434682315382528e+00
1.952107196358143559e+00
2.034470907595553602e+00
1.841965417201115729e+00
1.949911875417310148e+00
1.811115652624574857e+00
1.439730966256755451e+00
1.709098774645650298e+00
1.776363990149539163e+00
1.591277378321102276e+00
1.588488275800646665e+00
1.485234409211502848e+00
1.612784632294588683e+00
1.384205712699091428e+00
1.886305952567522759e+00
1.914367053096142968e+00
2.131247473226088207e+00
2.324214993325878442e+00
2.240658478315313840e+00
2.453816701337064199e+00
2.220866683438349032e+00
1.939478104593022056e+00
1.799107055483747164e+00
1.897911186134873862e+00
2.014717200369592121e+00
1.952215128028146784e+00
1.786750080636784865e+00
1.811613346768528476e+00
1.703878227133224899e+00
1.698435976637607148e+00
1.434470284061654777e+00
1.576453296643018032e+00
1.192506145584567134e+00
1.214990787138555461e+00
1.750385092338805793e+00
1.734707097967689293e+00
1.858036263490081996e+00
1.721582580768032278e+00
1.702541611800378440e+00
1.118347922954649576e+00
1.458541571652725244e+00
1.279980395902164503e+00
1.494128761848809273e+00
1.648024940729578836e+00
1.910081840852709822e+00
1.953387393671921490e+00
1.728632749118711676e+00
1.419635104219152621e+00
1.712912589140284103e+00
1.493299813379278307e+00
1.733617731621458935e+00
1.953219704317972649e+00
1.740604271652816948e+00
1.648083501979265453e+00
2.145808717988888503e+00
2.101292359220981343e+00
2.287948411134659299e+00
1.969005110831062444e+00
1.802683615104966552e+00
1.795287183791079322e+00
1.722788417592128640e+00
1.453850783061003238e+00
1.407701760191828910e+00
1.506954422025547524e+00
1.627610771342683726e+00
1.446251397198075495e+00
1.486604054630439986e+00
1.397414048877871018e+00
1.558833505476743042e+00
1.369413307695294790e+00
1.833842242457174310e+00
1.967554747825261963e+00
1.574999366782669163e+00
1.540521154457391129e+00
1.263430524022564061e+00
1.335230009902530712e+00
1.154193195863053800e+00
1.721432589989612572e+00
1.591265546023262090e+00
1.671939327162406119e+00
1.221078442751900361e+00
1.505237443932893493e+00
1.610235856849916436e+00
1.361133210052863918e+00
1.156149384943617076e+00
1.336538994469691044e+00
1.394875788624538870e+00
1.385002909225552692e+00
1.701469966735526640e+00
1.239722674241387601e+00
1.684343821793253371e+00
1.787220513762937557e+00
1.611399294567301910e+00
2.025869336015240219e+00
1.870283444571451570e+00
2.337063103293028021e+00
2.062353850932821420e+00
2.200476066606538161e+00
2.013964450212289314e+00
2.005104817431433872e+00
1.694219376752756023e+00
1.583320522062259705e+00
1.765027194011087319e+00
1.881974053972761851e+00
1.533877246937019656e+00
1.799791514773544820e+00
1.570466948197558388e+00
1.752191141714687594e+00
1.767739210174283704e+00
2.014085315593648229e+00
2.399989926577570820e+00
2.535247592490705859e+00
2.519238751219260664e+00
2.332911747057475615e+00
2.192970261016983002e+00
1.987955916759991171e+00
1.584430902148476150e+00
1.703157902354930586e+00
1.839763802393812542e+00
1.814759581538787803e+00
1.842738873064801330e+00
1.831682440965244574e+00
1.239265491360773908e+00
1.596686488419422956e+00
1.627252784549274356e+00
1.740063706764956919e+00
1.698098243540112851e+00
2.050431203852536299e+00
1.751450443387497335e+00
1.766233594824409225e+00
2.288008534934216964e+00
2.145843438922452773e+00
1.759038564924281234e+00
1.430527345253842508e+00
1.570424959667513054e+00
1.387442147790708846e+00
1.255763590731625134e+00
1.163964534458845623e+00
1.662646965754242423e+00
2.204270734543486654e+00
1.997044514402350757e+00
2.007008038220496893e+00
1.974926143731690509e+00
2.294019981229148186e+00
1.946838055991020333e+00
2.047101756600237632e+00
2.068722979734879619e+00
2.047710136130300729e+00
1.935105139925298978e+00
1.839393929293788865e+00
2.125068669247850206e+00
1.995691197484215751e+00
2.456158077511292337e+00
2.228319452150024027e+00
2.232165131983105510e+00
2.366221023186321659e+00
2.270711147685469555e+00
2.316170532553792238e+00
2.231730479413316814e+00
2.108668274445633539e+00
1.949705521215661097e+00
2.159988395871319966e+00
1.933399940555585506e+00
2.026671853622282082e+00
2.138322713743205927e+00
2.230472512010361452e+00
1.972607680981217193e+00
1.938749182539742710e+00
1.788920243895216977e+00
1.663985178113319030e+00
1.901699815457883691e+00
1.972687837276566825e+00
2.237628676204435063e+00
1.609977620815612687e+00
2.183995862295873724e+00
2.418235421207978852e+00
2.514215822161850244e+00
2.413229931276964280e+00
2.318872983552322076e+00
2.055677428289430786e+00
2.079799775380545945e+00
1.716383897679684800e+00
1.767414081475870535e+00
1.901589267114639714e+00
2.197940819322106609e+00
2.317934759895012409e+00
1.911499278798595824e+00
1.741504215801359612e+00
1.887433278072854215e+00
1.573299572319556860e+00
1.682759140418025545e+00
2.120922521484547296e+00
2.050941398825738116e+00
2.057459974683051751e+00
1.935460210231280120e+00
1.685266795608049151e+00
1.701209322767798460e+00
1.675163800680219639e+00
1.377560798746675585e+00
1.458944289003188954e+00
1.421112771396134233e+00
1.488813564744252416e+00
1.483207551330275153e+00
1.260906022186444098e+00
1.467976279636335590e+00
1.669482004758718219e+00
1.469330896560873789e+00
1.577963773678243919e+00
1.598972860497906545e+00
1.663005927284208374e+00
1.307323583526899036e+00
1.597253526621210673e+00
1.856865649848832511e+00
1.921388213629748876e+00
2.400881222778302515e+00
1.879028457573227229e+00
2.305073082274631258e+00
2.214588802930151701e+00
1.742624641786107098e+00
1.932097814706794203e+00
2.252937977197933872e+00
2.213321581708302066e+00
1.939279900872936002e+00
2.009513647940923686e+00
2.009956633111360524e+00
1.605147312727242870e+00
1.871975303034266735e+00
1.424874816007055678e+00
1.677149925961448851e+00
1.801212064790129963e+00
2.032680682127739669e+00
2.006864715237417496e+00
1.793862222995556976e+00
2.042287128409691288e+00
1.540667092532121529e+00
1.600204400378206104e+00
1.586718107664376376e+00
1.510624253344548862e+00
1.329612487994723979e+00
1.337860344798152967e+00
1.457427877858977538e+00
1.849982936332568828e+00
1.827523775333323774e+00
1.876167460847138146e+00
1.615093441101927985e+00
1.890233500042533210e+00
1.923793215762044317e+00
1.994438773247902752e+00
1.487177106501972768e+00
1.449145622288979363e+00
1.490765441736568553e+00
1.520837166380888617e+00
1.685594186661296678e+00
1.860922909907509748e+00
1.702517352118483096e+00
1.758392924971353466e+00
1.604024153355755988e+00
1.571933556836986545e+00
1.234505397033724750e+00
1.273286904921664409e+00
1.561488587699502828e+00
1.507636147923010039e+00
1.688176560544346394e+00
1.778144001405031149e+00
1.642423247161885147e+00
1.608413579910559665e+00
1.575943452872741402e+00
1.395485869055868910e+00
1.528843223658386208e+00
1.919282341727645225e+00
2.093397033539011964e+00
1.805973169561559288e+00
1.300027215763256194e+00
1.524578787382437461e+00
1.646189192946171609e+00
1.636872872269851342e+00
1.797176865742065477e+00
1.461562370422917034e+00
1.389737935232685517e+00
2.084904138401757034e+00
1.777827234864060912e+00
2.267736995206323769e+00
2.097703063088817377e+00
1.978186741346905198e+00
1.956135193159686203e+00
1.816995026431384774e+00
1.918862812653904903e+00
1.555220335885588723e+00
1.373052200052995220e+00
1.500760977374754113e+00
1.449284394155446520e+00
1.434974561285839556e+00
1.004381957949747939e+00
1.389924917582566977e+00
1.537769668758776742e+00
1.639789376399755527e+00
1.769699616129756237e+00
1.608888828378812086e+00
1.633489490411748735e+00
1.912643076725471403e+00
1.636768316913044474e+00
1.413233016598820946e+00
1.653582560556271508e+00
1.417014150174895626e+00
1.287089593565833523e+00
1.576448106460895504e+00
2.036466251804463390e+00
1.863177075216380763e+00
1.975226164273338414e+00
2.035323728491123418e+00
1.917944559371109747e+00
1.770468789345498450e+00
1.753304307052646172e+00
1.539737812657370641e+00
1.425564860680452739e+00
1.483343139066925609e+00
1.718845415554507206e+00
1.783431416478929110e+00
1.461865954951822921e+00
1.600512187515259477e+00
1.635785000643446896e+00
2.157885386379307047e+00
1.927318219692255141e+00
1.565146015509866206e+00
1.589406664982441653e+00
1.398314004596500126e+00
1.666671919281104586e+00
2.076731735385428212e+00
2.271489940105498651e+00
2.166638337900142819e+00
2.231197002048140643e+00
2.418111412049992026e+00
2.447879346683489388e+00
2.450592239874706646e+00
1.955003512925692633e+00
1.587046079257002695e+00
1.564828267852463206e+00
1.645828852526032282e+00
1.776635155528596632e+00
1.081959840370882553e+00
1.248331547220933535e+00
1.293249117940887594e+00
1.412758029722881004e+00
1.783963498664846270e+00
1.706441939160997068e+00
1.846493479088473499e+00
1.996169125895908891e+00
1.639765035392060533e+00
2.072462197021086805e+00
1.822282014577155884e+00
1.799132673089519407e+00
2.079140012179867991e+00
1.628417239095714342e+00
1.517329683615083802e+00
1.896822733349444512e+00
1.844505406539427739e+00
1.434280082019413705e+00
1.719915806555182058e+00
2.087379052850563799e+00
2.360256383105473699e+00
1.942772194850993062e+00
1.725059829653627252e+00
1.980114406863540566e+00
2.167864726959926269e+00
1.965409969445045535e+00
2.119818119999845596e+00
2.124873935535438019e+00
2.592507579162425468e+00
2.551676630637393917e+00
2.240784268098192644e+00
2.077476578502903237e+00
1.901466227733123793e+00
1.885579934011699210e+00
1.741911366406053707e+00
1.781491604740917722e+00
2.032415885841242442e+00
1.677017599436557038e+00
2.356621536965089359e+00
2.284109822893702013e+00
2.544604977466491391e+00
2.319874708860498735e+00
2.457140280427750234e+00
1.992866880282149866e+00
1.697576970375729077e+00
1.461358481947572896e+00
1.701852808206199441e+00
1.523997101677027510e+00
1.748688035982620903e+00
1.562349165714915777e+00
1.548899238968999725e+00
1.708327750814034873e+00
1.834404599744068110e+00
1.602890188054312492e+00
1.836523494807033918e+00
1.573974919222472124e+00
1.510527155714336045e+00
1.899577715060490224e+00
2.358244700617971201e+00
2.283992628925492596e+00
2.501008018807134636e+00
2.183898661924002393e+00
2.231097614430012310e+00
2.051175622793012465e+00
1.991872913364701736e+00
1.902203928745316963e+00
1.749625408685127725e+00
1.885838566129426797e+00
1.661928853132721429e+00
1.401896743956289937e+00
1.783486196952890568e+00
1.798067593023257693e+00
2.135048341107926184e+00
1.940784221076417460e+00
2.104403121854266256e+00
2.197688628618111206e+00
1.755645149320586018e+00
1.781158128359616288e+00
1.728790990497319546e+00
1.676559755166490806e+00
1.417205599732960453e+00
1.441087924517878260e+00
1.404454473862459807e+00
1.743130890250920606e+00
1.812325689658004668e+00
1.508375545305232546e+00
1.489189232343362868e+00
1.734389519880950248e+00
1.404377562642278310e+00
1.317534518469053673e+00
2.085784798725867972e+00
2.174270119391909173e+00
1.947314997485260823e+00
2.247266337749411313e+00
2.020597315688676510e+00
2.213168264785918549e+00
1.918311551893815636e+00
1.933565455410879652e+00
1.563651187510822105e+00
1.383098605221407373e+00
1.294932468660714431e+00
1.508904901012954936e+00
1.877428249173084929e+00
1.828712893263616523e+00
1.634952139722110509e+00
1.633162462266337434e+00
1.753289745006317624e+00
1.914967468605743850e+00
1.857016424818468181e+00
1.819088109593995917e+00
1.621362811371274137e+00
1.594741182970060178e+00
1.610740704784568322e+00
1.434366059118953096e+00
1.620335927984807967e+00
1.997302260942706242e+00
2.471340008515506170e+00
2.425241572096284770e+00
1.809048264134337280e+00
1.682894038043800222e+00
1.747000229188816922e+00
1.730066700801592638e+00
1.677125661490102893e+00
1.735469213207496253e+00
1.791073390101169727e+00
1.472749874243868051e+00
1.285384792317394442e+00
1.617722586470828006e+00
1.640259460166716865e+00
1.501066698758834361e+00
1.290981003719164466e+00
1.248717323767589704e+00
1.383049188280931929e+00
1.554291398831481041e+00
1.758959010793589517e+00
2.019360944486087828e+00
2.150641570351975229e+00
2.159474904968051501e+00
2.478065494326932239e+00
2.414267096956059344e+00
1.763301285582364430e+00
2.063564910358859361e+00
1.734948602737898415e+00
1.498560935393253191e+00
1.579342104552577730e+00
1.359092751794937826e+00
1.930133402076749993e+00
1.671381179611165280e+00
1.530321704804596283e+00
1.298205416448308558e+00
1.383209530395170361e+00
1.310813263188335354e+00
1.321289137871434427e+00
1.174272954806489411e+00
1.287137866093592820e+00
1.577295286692665499e+00
1.269532149428974854e+00
1.115274382458538716e+00
1.230126454972749528e+00
1.586145592337968147e+00
1.485502497590755366e+00
1.832044655156329860e+00
1.571817387790515941e+00
1.407483817166918394e+00
1.581190209165275196e+00
1.455469311431591084e+00
1.576936941217927490e+00
1.507667460472092325e+00
1.515465409325951418e+00
1.663121667708485241e+00
1.536386319959322844e+00
1.631380647162679054e+00
2.069162806025095946e+00
1.696875776716983530e+00
1.739626879645922664e+00
1.661469616601169541e+00
1.794631337135771609e+00
1.258022321828449641e+00
1.574962245426542617e+00
1.526658737000797794e+00
1.628745743507443500e+00
1.549487817027245473e+00
1.599805615676146431e+00
1.351402354679865025e+00
1.456238493901176767e+00
1.294043909429034578e+00
1.546041746075743184e+00
1.243583535254731087e+00
1.343128163479128556e+00
1.204367126951606082e+00
1.764332464172198023e+00
2.190792067069116111e+00
1.914421448201921949e+00
1.712322807780182643e+00
1.663017181928167165e+00
1.898607524990008288e+00
1.986329523807401687e+00
2.282135976522810417e+00
2.183721904129158453e+00
2.119990833864251911e+00
1.952784215518893252e+00
1.459327336599862690e+00
1.272493715289092941e+00
1.320905509743154793e+00
1.140959494542970409e+00
1.192703703080811195e+00
1.064488861065821412e+00
1.174180945068307391e+00
1.544382323640947074e+00
1.867861480699339216e+00
2.242042833693784765e+00
2.310528375688735814e+00
1.866529941317943475e+00
1.526665163095779709e+00
1.558830987999435314e+00
1.578640995592141882e+00
1.521550975700391328e+00
1.923978237735597618e+00
2.200609162102358685e+00
2.122577157349997634e+00
2.174356021683486961e+00
1.683435070335504768e+00
1.787950117897173286e+00
1.537588995443959883e+00
1.632477742298101830e+00
1.772142761577059744e+00
1.438989859714477237e+00
1.813570322932296364e+00
1.747617700527288598e+00
1.750661858119059167e+00
1.528749452304198897e+00
1.671488895987272461e+00
1.623943965623425134e+00
1.685303125069398167e+00
1.591829613165350210e+00
1.868480453341893721e+00
1.724495579555076041e+00
1.775077366370112486e+00
1.811253464351842757e+00
1.715026654111513782e+00
1.884452643868264721e+00
1.708259589669460787e+00
1.533666044820015895e+00
1.706122164172453104e+00
1.504738086540012176e+00
1.381470690452053951e+00
1.148883970157368317e+00
1.607879064181166662e+00
1.982978833729072576e+00
1.937451205740951643e+00
2.122851424442297574e+00
2.144654418536034779e+00
2.418497057934175132e+00
2.184956084311340696e+00
2.224289767574767929e+00
1.989725396041004402e+00
2.249436860347737266e+00
2.073423652172138087e+00
2.067327501591500916e+00
1.866242336726386952e+00
1.758399163794563735e+00
1.747376570557913844e+00
1.650582998521478828e+00
1.882581782707196671e+00
1.607614551733121067e+00
1.729818639206876840e+00
1.672226235447628717e+00
1.384051151087651199e+00
1.648995204932746095e+00
1.338578141812291511e+00
1.636558145510268236e+00
1.709182987701786338e+00
2.142172441990528586e+00
1.444066883222618447e+00
1.741924427541618359e+00
2.096760705213392306e+00
1.876451777699841061e+00
1.530199515636752050e+00
1.719244226259908137e+00
1.364659349850720682e+00
1.409660340683456470e+00
1.645885569197580001e+00
1.491447718592706195e+00
1.472834501904910054e+00
1.818044082910298176e+00
1.473505958754959710e+00
1.590379370140077908e+00
1.738074995393038336e+00
1.854009475913946048e+00
1.681061232033205677e+00
2.039968201850221874e+00
1.884623605297705673e+00
1.816844953386699935e+00
1.863056504205710118e+00
1.891982996115142202e+00
1.571261148697461696e+00
1.648590864099499953e+00
1.723262166423866093e+00
1.905637587001178135e+00
1.887280822921554746e+00
2.172940022618536471e+00
1.929099201442456168e+00
2.044779797053405623e+00
1.936459232243619599e+00
1.837460470982294369e+00
1.971502210301627533e+00
2.009676445158479208e+00
1.987216868238088185e+00
1.630544429566911369e+00
1.604741407184923974e+00
1.606604352930463442e+00
1.785655962107080441e+00
1.975340943576064490e+00
1.902192156026142333e+00
1.769320403951576637e+00
1.970656715726739394e+00
1.742890288511469654e+00
2.002785541544263914e+00
1.990426460588267332e+00
2.327280275968179435e+00
2.596244875613693992e+00
1.823180105061263268e+00
1.692339365224420522e+00
1.860139888774652306e+00
1.307333890806370968e+00
1.570592230908625986e+00
1.704645479847066714e+00
1.845649175266915520e+00
2.037357160612777829e+00
2.512158989897776085e+00
2.264524506666684367e+00
1.977298624492664025e+00
1.872932860331091520e+00
1.590840108125254337e+00
1.512546618398159737e+00
1.407976142816708798e+00
1.526354496651151971e+00
1.550974142999536731e+00
2.077860774030943602e+00
1.921420817284320570e+00
1.868048151616575669e+00
2.007017059520150859e+00
1.615624073517197168e+00
1.426924930831920291e+00
1.429670206996181303e+00
1.445135652468694687e+00
1.370156838054092496e+00
1.649221645698322192e+00
1.505469041859583079e+00
1.497580074200126621e+00
1.663838556808187041e+00
1.524812549028945696e+00
1.530476817132150780e+00
1.394789907024137410e+00
1.276240057120067828e+00
1.298910298913144690e+00
1.363634281756544331e+00
1.493090678293138573e+00
2.177184934502326197e+00
2.504520851024033767e+00
1.847135051798064032e+00
1.764735563048456912e+00
2.037115078929625955e+00
1.886355129309147394e+00
1.731886232146083504e+00
1.837201961275410245e+00
1.652071695322332223e+00
1.691144255044485067e+00
2.010855036868480994e+00
1.675184818495585093e+00
2.028718749026765966e+00
1.954354564054948007e+00
1.758843857916287723e+00
1.598799943114470601e+00
1.443401484170143689e+00
1.422713304283824698e+00
1.214892831413766361e+00
1.291526900310102421e+00
1.240658438271918573e+00
1.364005318809000888e+00
1.363762607871568555e+00
1.496947932549629101e+00
1.585871212503918937e+00
1.498635999431472632e+00
1.588555709369497748e+00
1.289123565349380440e+00
1.119689406969845091e+00
1.332837732102776451e+00
1.187059504605871840e+00
1.329433883378334125e+00
1.355388136990829828e+00
1.447781851291847666e+00
1.612234782020970592e+00
1.502621819564125882e+00
1.862333909162322998e+00
1.223948982506819272e+00
1.310079421980595349e+00
1.334834011125044295e+00
1.552423954358083558e+00
1.574946150718807836e+00
1.441590256405486326e+00
1.527039684729539992e+00
1.986215041175992901e+00
1.975055935204764523e+00
1.715613787140797930e+00
1.748373887916091718e+00
1.768284622244999715e+00
1.592896758324321871e+00
1.782670506601041316e+00
1.749408223222494563e+00
2.100160824545886484e+00
1.977871845395219097e+00
1.614368887221334425e+00
1.794203289311673943e+00
1.794803003455731627e+00
1.822748382696921299e+00
1.948832572678515396e+00
1.937577924043284661e+00
1.768555966320204398e+00
1.858334377007395233e+00
1.390663084749580447e+00
1.440653864589021005e+00
1.419232549022741541e+00
1.614471475894291963e+00
1.559521712567651486e+00
1.450250861404256630e+00
1.526589861495500688e+00
1.415760980588395501e+00
1.665597091009281217e+00
1.484464419647559374e+00
1.539481540713588670e+00
1.655509607085160928e+00
1.628488208345478583e+00
1.997194031264416525e+00
2.446480005803171931e+00
2.201672602643188092e+00
1.932272447897300571e+00
2.076795188332617670e+00
1.985907062896666408e+00
2.161029304747656532e+00
1.962813122482777395e+00
1.790868732998067703e+00
1.889800047973734909e+00
1.731161303690390341e+00
1.538087469069888025e+00
1.298244867117785084e+00
1.255788306747413152e+00
1.581276610257224213e+00
1.558593975715464541e+00
1.569906325418464199e+00
1.415547154213188552e+00
1.633700197988937397e+00
1.978261738914573797e+00
1.736818812122809197e+00
1.708717028486552936e+00
2.029749005762371272e+00
1.683604343318055641e+00
1.463025207569937924e+00
1.341729783895420747e+00
1.276177603894996126e+00
1.550243567861609995e+00
1.818271038140902407e+00
1.688155926489836478e+00
1.589897068278943282e+00
1.402542931098842871e+00
1.624219006944906285e+00
1.360087186020751293e+00
1.411320134255636738e+00
1.500464403958236659e+00
1.917359741049514454e+00
2.110190559589130377e+00
1.954007239790541250e+00
1.822195428792299454e+00
1.640318576517397320e+00
1.796008603646011670e+00
1.950034315922039241e+00
2.236493538836778594e+00
1.957191773066321971e+00
1.678754390034075783e+00
1.793352861299785106e+00
1.621703513709670919e+00
1.268550428750120140e+00
1.409588861350911770e+00
1.211037107513559530e+00
1.145570086839753365e+00
1.653784162237866839e+00
1.311235369056055866e+00
1.393819829900806440e+00
1.572324813490617146e+00
1.724392481380881748e+00
1.461244437216387526e+00
1.537083667115148655e+00
1.870859535906334914e+00
2.008078830694903782e+00
1.707141482411553612e+00
2.071422820612952798e+00
1.763543419431599091e+00
1.570475875745495520e+00
1.888833633191596695e+00
1.883749362092879132e+00
1.445451485355566223e+00
1.817935623183493776e+00
1.879632276635694099e+00
2.048138810566299650e+00
1.813377861512092126e+00
1.787356465729920574e+00
1.590943242961841086e+00
1.674528247353126664e+00
2.039289232156676235e+00
1.764789089975892900e+00
1.969967841313821966e+00
1.843451622808826462e+00
1.552442137922434462e+00
1.871441879797582475e+00
1.651751768845271418e+00
2.152537396999734565e+00
2.480484139490614304e+00
2.323785070225781180e+00
2.204772157931563115e+00
1.974520912519902582e+00
1.943040825755032008e+00
2.174438177828332375e+00
2.062517472888022674e+00
1.741795132691972503e+00
1.994288819496498055e+00
1.862651799508751260e+00
1.839780645545268989e+00
1.931575293257210335e+00
1.913597520386013606e+00
2.144818356478473742e+00
2.287281298741486335e+00
2.031665136740562705e+00
1.554911648776075239e+00
1.351182682779605848e+00
1.502611452284517313e+00
1.439128218143540971e+00
1.961171307833857957e+00
1.800763712795203864e+00
1.859325644880220230e+00
1.567463158239108090e+00
1.656901978234840200e+00
1.645091103909416708e+00
2.042564627724054116e+00
2.082739627200967725e+00
2.227077748580804872e+00
2.144636234106559680e+00
1.779000815888617471e+00
1.732470504896832297e+00
1.713331154565701953e+00
1.733886947324651651e+00
1.508135411601143838e+00
1.506990569261003943e+00
1.373955674592484577e+00
1.713625573269701663e+00
1.565989745382961651e+00
1.458326891759862853e+00
1.460494123480762241e+00
1.746851109068844554e+00
1.762889872594995966e+00
1.811832360179010282e+00
1.622330095934174654e+00
1.672682197495753087e+00
2.005125079560807322e+00
2.247381419500207311e+00
2.198675545463613545e+00
2.093893259606494528e+00
1.869842458912666761e+00
1.815022566383050595e+00
1.951206966154591216e+00
2.136684487346271144e+00
2.378737178579527267e+00
2.527061907330438117e+00
2.031299084144764677e+00
2.202956963586964800e+00
2.025717102630332445e+00
2.025935949382434043e+00
1.675828082405436126e+00
1.517082975827127811e+00
1.461466936132651107e+00
1.947578821736339227e+00
1.990636104350269164e+00
1.517294561035269496e+00
1.499002598219852267e+00
1.782515320303146300e+00
1.405889787531176438e+00
1.665755470266330640e+00
1.605686537993014085e+00
1.382114928742435689e+00
1.674937091695033464e+00
1.561298692279431855e+00
1.937820588248597709e+00
1.698012980852611209e+00
2.014100766047695501e+00
1.860622977102953657e+00
2.390933295693984828e+00
2.377149558900671256e+00
2.435027094503444012e+00
2.382797255135813419e+00
2.163288377095067716e+00
1.943334220958963687e+00
1.817499767538817812e+00
1.743886910035287174e+00
1.734563837788696716e+00
2.015936244603209193e+00
1.663369699883579633e+00
1.931556807435863776e+00
2.046468797205558410e+00
1.774511076950742394e+00
1.994564947845458569e+00
1.783609873856308425e+00
1.807700700400875382e+00
2.435940810420794023e+00
2.185419556827267851e+00
2.049002958673084684e+00
2.044296139304162985e+00
1.841782448281556572e+00
1.892308676327697725e+00
1.624423739874075068e+00
1.759128980459442548e+00
1.522602949335573053e+00
1.230136728021068215e+00
1.312850341431339274e+00
1.375744799045804267e+00
1.345508914105910225e+00
1.335516247998572936e+00
1.366875078999409299e+00
1.270755910318237092e+00
1.531482127897309642e+00
1.973215733482458267e+00
1.742488813543189075e+00
1.670672338422117598e+00
1.808485422850940383e+00
1.511227004496670911e+00
1.484866410884707832e+00
1.691923912957204124e+00
1.476286496029667994e+00
1.397008731449638441e+00
1.383088867161452074e+00
1.745337102911189930e+00
1.960986802871044876e+00
1.666970017647931401e+00
1.833922014154333757e+00
2.174946335362686778e+00
2.266126654399420293e+00
1.763280552035428661e+00
1.540666000909942657e+00
1.918227975863378676e+00
1.707177279598844466e+00
1.754900800498361946e+00
1.772744293139966176e+00
2.138191280454075915e+00
2.312942616715916611e+00
2.215293240351103421e+00
1.926976938949778617e+00
1.852117679972085540e+00
2.020708183322279528e+00
1.946464640399773405e+00
1.883340021247306595e+00
1.654798126602878838e+00
1.670300793466030775e+00
1.760304757298159606e+00
1.568200141573967699e+00
1.544702644369026157e+00
1.872700985982891586e+00
1.690138810826822713e+00
1.820243386051295431e+00
1.881158020811970921e+00
1.825396413878844770e+00
1.693141900907535247e+00
1.626648026975600292e+00
1.929872425346562004e+00
1.431415823988309466e+00
1.340294079582116327e+00
1.705709128171438937e+00
1.801599818660727381e+00
1.691249316935026670e+00
1.732887238639192251e+00
1.784839033994630286e+00
1.805928507626019641e+00
1.775380374625686430e+00
1.454727464642815438e+00
1.637615459087893299e+00
1.623770503736489124e+00
1.692437275275525455e+00
1.545901961362260213e+00
1.879206934075981383e+00
1.727026122159989630e+00
1.887913106509524930e+00
2.056389288209694577e+00
2.102367487258696155e+00
1.624654000277133692e+00
1.592884000598258964e+00
1.361637628888959117e+00
1.449133368395338239e+00
1.637192344528901167e+00
1.535048231188629764e+00
1.382608133294986885e+00
1.335501064939992544e+00
1.235112764925909268e+00
1.407524536928075998e+00
1.720153186788117683e+00
1.720078327866567891e+00
1.480182283862309545e+00
1.640917070762692109e+00
1.401558843146985645e+00
1.890895584946109098e+00
1.372069967667407742e+00
1.514175154066697448e+00
1.255457507897785208e+00
1.546176763220034500e+00
1.490689580914988932e+00
1.399225129002148238e+00
1.714197598792982280e+00
1.494665766053437705e+00
1.408379285309123929e+00
1.346172602948845887e+00
1.270400433184891931e+00
1.464808113963525171e+00
1.895811753444369918e+00
1.749347645721057720e+00
1.788326219292347474e+00
1.759507094176161024e+00
1.705472566318430472e+00
1.527155132237548507e+00
1.381648775859653178e+00
2.028486169262494698e+00
1.603527753005418832e+00
1.950577308295111667e+00
1.722103194172892593e+00
1.856009014101716481e+00
1.491254929831554499e+00
1.601919605189260132e+00
1.695283636313567932e+00
1.966902099968726780e+00
1.365880800862873334e+00
1.683472712882031264e+00
1.581645553683372007e+00
1.517058094803942270e+00
1.683184226944575590e+00
1.745440719594087531e+00
2.176384619016934696e+00
1.983267148490344134e+00
1.974034428871349833e+00
1.707377186267477143e+00
1.538665319768242279e+00
1.975383941564698986e+00
2.201839183222305429e+00
1.954400361050665502e+00
1.986806360169063090e+00
2.182727352374457030e+00
1.633847508256022651e+00
2.037313017676734450e+00
2.004042237245468705e+00
1.745222874165222926e+00
2.197206061020738677e+00
1.786576744484515089e+00
1.841143067003174316e+00
2.293426696888106076e+00
2.260752264765482966e+00
2.015888080672474825e+00
2.384356300790258398e+00
2.141675593449567039e+00
2.241615524502005297e+00
1.611776438471664852e+00
1.538483709806351296e+00
1.675994530269561356e+00
1.688699426160635175e+00
1.284835193815210275e+00
1.490684608972500103e+00
1.932104695990217724e+00
1.535458988060004470e+00
1.814192362417299975e+00
1.642338634568861089e+00
1.490943073978570954e+00
1.625410772265522219e+00
1.687719652075812649e+00
1.583824877699783862e+00
1.623752408598969854e+00
1.656502792054874496e+00
1.666542013548903078e+00
2.040837184161886864e+00
2.017040515403582646e+00
2.211985403022894481e+00
2.220809378806202883e+00
2.131603874352573591e+00
2.210501965917866407e+00
2.554343265117358097e+00
2.495228795800422006e+00
2.181191300000141720e+00
2.520171723001240593e+00
2.532939363887828588e+00
2.034227102883908511e+00
1.758490778353574591e+00
1.876827543973369261e+00
1.916742932114265940e+00
1.535756793580797863e+00
1.269852082509808522e+00
1.289726151222821748e+00
1.270417910105404502e+00
1.391870223102048998e+00
1.155164751523985123e+00
1.230937448060402284e+00
1.637709724177053294e+00
1.524413650594091507e+00
1.704778245273409043e+00
1.740073193436639576e+00
1.590214675142261447e+00
1.676939294283938953e+00
1.638778456985188869e+00
1.562188610640278252e+00
1.531327222940905175e+00
1.418463876404337798e+00
1.255161973341101467e+00
1.786513326058367657e+00
1.606222354527112151e+00
1.605414750934139212e+00
1.660624895989469385e+00
1.452675411299207298e+00
1.149634190653927579e+00
1.346739953940086387e+00
1.402775663596667721e+00
1.225241646502323256e+00
1.168322581078925060e+00
1.455417622945946787e+00
1.702575625874042320e+00
1.809870349794973299e+00
1.810318788509791332e+00
1.606667199161387449e+00
1.854922098698151389e+00
2.056924743737228223e+00
2.367762131271863524e+00
1.940680820429160569e+00
2.053550321109055332e+00
1.995274565718973880e+00
2.094073342994483333e+00
1.920141270268533873e+00
1.824222936939936535e+00
1.698833912214130271e+00
1.744898416929948404e+00
1.396317696888006221e+00
1.444173860642963048e+00
1.707773175631517537e+00
1.556363186840039381e+00
1.641824905921875688e+00
1.534089737385432528e+00
1.614173474484310367e+00
1.850532658720694501e+00
2.089344218778214302e+00
1.948359901657686466e+00
2.217184850495427462e+00
1.898094747855779252e+00
2.478952085712695208e+00
1.759566615447414550e+00
1.379374287497754814e+00
1.747073681706316606e+00
1.607658205321308209e+00
1.468999720107289075e+00
1.308442105400844824e+00
1.688147884070737126e+00
1.537312787217940180e+00
1.428022179728708485e+00
1.760080551395520887e+00
1.566377756267595567e+00
1.666076338443399196e+00
1.986856356873524021e+00
1.880756756709863753e+00
1.594200283162507281e+00
1.807985453287142441e+00
2.177838453423698972e+00
2.539953845436613733e+00
2.183319308217951171e+00
1.790182276282853424e+00
1.644503989355319717e+00
2.032044623878726419e+00
1.875093462576604031e+00
1.728399705884970050e+00
1.509198166090508719e+00
1.555762246224065448e+00
1.471216558551148523e+00
1.698690272525618106e+00
1.424683341436646655e+00
1.613838454596763006e+00
1.616569686268813033e+00
1.365454064124320688e+00
1.591742429783107982e+00
1.866375469490990868e+00
1.961883735071251467e+00
1.960390190408211941e+00
2.303458475927652405e+00
1.954070641106809392e+00
1.944314883782817249e+00
2.079398008293723787e+00
1.687226971481194271e+00
1.602164068649318374e+00
1.533114468074802117e+00
1.463869331687043029e+00
2.614143864232362446e+00
2.347506323731714861e+00
2.276785792885954063e+00
1.878829932123804003e+00
1.787026118244999129e+00
2.082191147073540360e+00
1.880967388594751544e+00
1.616020845865274502e+00
1.711494044826870287e+00
1.920244176377016387e+00
1.857334130062872068e+00
1.882021173667381975e+00
1.727267446880534241e+00
1.524494264264756760e+00
1.782633217098309020e+00
1.682340743047916476e+00
2.188445076619821794e+00
2.557215990799297067e+00
2.177947515169930792e+00
1.965957744857220080e+00
1.630927766566225845e+00
1.296577994391597599e+00
1.438328696939500162e+00
1.492147150328408056e+00
1.717669321748622524e+00
2.013992001513514651e+00
1.871416792480867786e+00
2.158678443421564452e+00
2.079379110430744415e+00
2.565673255865961178e+00
2.323626581617650455e+00
2.176919760676496729e+00
1.588761398326912211e+00
1.550878667156753599e+00
1.588359145492399094e+00
1.619204409576890491e+00
1.555816413876759619e+00
1.632507803999089235e+00
1.615340102183584037e+00
1.787729186746960686e+00
1.458192164934390300e+00
1.270779078165861886e+00
1.204410052005047138e+00
1.271544129668073175e+00
1.296769741838367906e+00
1.593635175918429958e+00
1.533970148754935536e+00
1.744178883303158401e+00
1.651028321022552703e+00
1.531975745088828944e+00
1.840850635639452282e+00
1.830358114665924907e+00
1.742410004010258140e+00
1.649597192401746071e+00
1.344053594820015407e+00
1.760480749604444561e+00
1.687773360263272071e+00
1.677723923061845257e+00
1.418060808916270066e+00
1.442497817433121998e+00
1.405433629451946942e+00
1.384329445544953741e+00
1.518248055459310075e+00
1.406822491197756708e+00
1.258907056051605577e+00
1.101186527369523160e+00
1.403279788177985488e+00
1.213128063270493273e+00
1.138039052169129706e+00
1.292344028473664697e+00
1.722925255814956591e+00
1.408079297814597952e+00
1.335881417307589025e+00
1.549691452157420990e+00
1.579593047289158836e+00
1.700842519821428311e+00
2.170651361262205814e+00
2.263902810756528439e+00
2.188179263667398899e+00
2.144858897695414157e+00
1.556518359099192006e+00
1.255938551487491672e+00
1.398150493204712852e+00
1.901784716002432818e+00
1.787658727882569298e+00
1.891781507024875797e+00
1.728551996186997730e+00
1.460123223243601220e+00
1.251222257608933353e+00
1.343827928497603352e+00
1.375576918680831096e+00
1.439811772934552314e+00
1.257178182286082135e+00
1.717742050785297625e+00
1.622335273105143472e+00
1.701967273403000691e+00
1.468969790028842315e+00
1.580149039855332171e+00
1.422777436992747724e+00
1.492062028295642051e+00
1.325041510877379203e+00
1.322595628177710925e+00
1.581705511759378124e+00
1.632791116458318648e+00
1.814500898736720380e+00
1.559598104994359469e+00
1.757386186532975847e+00
2.158238981893032982e+00
2.194295910450240417e+00
1.876481151276690573e+00
1.798821641944014615e+00
1.680246333515367896e+00
1.642261793011242865e+00
1.335471374806096456e+00
1.083527706413870417e+00
1.319948381161453410e+00
1.106395724068801378e+00
1.297353926461350060e+00
1.159261379010287696e+00
1.128114796285862864e+00
1.543686319459432799e+00
1.741442695430950538e+00
1.335658124758193788e+00
1.473891753975231866e+00
1.995066723230587868e+00
1.785460218482095573e+00
1.756044512695630999e+00
1.742758028762844802e+00
1.837478528567938696e+00
2.034943479800715771e+00
2.373341338133572176e+00
2.507731893704843618e+00
2.272132315614846299e+00
2.626435141475859325e+00
2.002267471317901393e+00
2.054862561059740411e+00
1.927777651797848435e+00
2.066080348646298415e+00
1.959795321548636338e+00
2.328888807550773432e+00
2.008150889497640090e+00
2.269415033811753357e+00
1.919887556184581401e+00
1.770208226055073553e+00
2.106806421464995527e+00
2.175193081653540528e+00
2.128717724341949502e+00
2.100883818261427116e+00
1.917317162627071969e+00
2.181394320572019208e+00
2.492027930711831818e+00
2.290515682901189010e+00
2.295663836376244049e+00
2.291550032607633902e+00
2.093972207932578211e+00
2.158224547919233682e+00
2.415800692418060169e+00
2.190960702972741370e+00
2.206932725532422701e+00
2.201945379232806310e+00
2.401361229661884700e+00
2.438897113875714950e+00
2.420148477597316106e+00
1.972060020602883768e+00
2.029100207365940545e+00
2.022697880776895385e+00
1.843438517282755429e+00
1.554669709388595722e+00
1.693461729441145813e+00
1.773783220115000336e+00
1.773661318063033621e+00
1.748528181525477621e+00
1.645313586216653690e+00
1.801032029452562133e+00
2.063008269780402415e+00
1.766989288850979056e+00
2.323885510829537093e+00
2.098195528726344072e+00
1.647461093316873848e+00
1.745401588307192497e+00
2.111479493833423593e+00
1.548962364791628410e+00
1.585851145449469479e+00
1.850509826749359377e+00
2.087581810671362614e+00
1.894788444934027982e+00
2.064354570731218086e+00
1.753202688775638451e+00
1.986812277740186650e+00
1.826890039211910510e+00
1.410620250428341160e+00
1.438383473506866350e+00
1.444891457697565107e+00
1.544276586304526688e+00
1.439986928611947548e+00
1.792137566833964302e+00
2.069827230537702789e+00
1.570323486904686705e+00
1.545919381819874427e+00
1.753653508600185651e+00
1.923062057338341235e+00
2.097138556370502727e+00
1.949359788680507410e+00
1.911639888892822547e+00
2.332318849640546699e+00
2.361436240687331711e+00
1.988616742213392019e+00
1.724964453763483618e+00
1.900000687508141217e+00
1.539239520398238081e+00
1.743301347934973711e+00
1.518412358093550685e+00
1.502281932029912781e+00
1.616258213690589862e+00
1.395809159865903704e+00
1.507779316625069699e+00
1.499837498015427428e+00
1.527782389797174067e+00
1.376287003817652455e+00
1.209399697550717079e+00
1.195586633836025925e+00
1.216425840974228567e+00
1.316615406696599155e+00
1.565029586950387852e+00
1.505789489082667743e+00
1.867549409365121482e+00
2.081093701109822725e+00
2.232989511640069313e+00
1.973686252327058632e+00
2.059060879729421423e+00
2.277331085505163610e+00
2.002591591478606325e+00
2.227474200071696941e+00
2.523219401366111114e+00
2.176021315415849422e+00
1.997907080556485582e+00
1.755638520871866781e+00
1.331218146314211648e+00
1.506064798365683854e+00
1.413967768776019263e+00
1.319375156378535863e+00
1.172063367285831825e+00
1.488524676786766809e+00
1.608019525623055834e+00
1.406569977034072716e+00
1.926759749460869031e+00
2.272267622612341054e+00
2.433563557940104261e+00
2.231619318470402735e+00
1.999253283191021247e+00
1.449950641518318983e+00
1.773414084223630560e+00
1.670446155930626508e+00
1.345738764129047249e+00
1.605106517072820926e+00
2.006256920065282667e+00
1.767416377134699124e+00
1.987829874508853623e+00
2.322814250934363223e+00
2.191436854258419498e+00
1.969220628309515053e+00
2.241360512958251228e+00
1.971839080436680991e+00
1.971790788248132031e+00
2.070977956222934235e+00
2.556791851331533305e+00
1.977415291349473581e+00
2.164255484804273433e+00
2.282935248949937268e+00
2.212638235952854693e+00
2.320887523311357725e+00
2.428104563030863972e+00
1.883162850389137111e+00
2.173637063330062791e+00
2.040829761733344405e+00
1.950289603135694438e+00
1.624412487659011139e+00
1.254592272641737338e+00
1.846611021961218402e+00
1.477481901077159598e+00
1.409914151753122846e+00
1.668684568718296068e+00
1.472567563920063938e+00
1.531532724460037631e+00
1.437615508707551948e+00
1.542629151676408572e+00
1.695911313754849381e+00
1.532567442072764186e+00
1.773722837865933988e+00
1.887525591799176894e+00
1.708827973654542420e+00
1.666858738362390291e+00
1.028790539416064798e+00
1.379068256312160567e+00
1.758055861309608892e+00
1.808479217437506392e+00
1.579977445627736898e+00
1.991446710690787159e+00
2.008347556733349304e+00
2.108119589856038090e+00
1.663493972903485663e+00
1.602426089155204458e+00
1.769337294411412520e+00
1.645687106049071424e+00
1.432044786607924003e+00
1.294481455150851446e+00
1.522156249048967069e+00
1.508801551101014660e+00
1.561636858712352804e+00
1.684599650856561270e+00
1.809765632990340212e+00
2.070259159574077135e+00
1.874108363196309135e+00
1.602769429381282862e+00
1.751997442400793581e+00
1.601583572790951537e+00
1.896991485473940031e+00
1.801387152024974014e+00
1.866270877513245274e+00
1.670943039204609626e+00
1.164600165626271000e+00
1.303006466398425323e+00
1.917196439134789543e+00
1.812933060834828414e+00
1.551484156812987791e+00
1.630078276836773199e+00
1.416334299708743361e+00
1.645551657725468075e+00
1.576722813980390825e+00
1.674741649333759241e+00
2.148854677422801451e+00
2.353203601001771617e+00
2.181526489313378114e+00
2.404836070075070609e+00
2.444194054893968460e+00
2.364860171164085312e+00
2.169956914493136768e+00
1.763723373850537346e+00
1.693276048317686522e+00
1.671675190946562140e+00
1.458307628998435579e+00
1.231131767049338688e+00
1.255831013599515433e+00
1.370645602742919023e+00
1.568453546562120327e+00
1.545650380758331055e+00
1.308268407835630587e+00
1.580455197332643724e+00
1.742629164184751778e+00
1.873783976353738057e+00
1.752487271874249686e+00
1.645828607989505699e+00
1.628772286751354770e+00
1.469558473603570059e+00
1.355724305885995129e+00
1.517118544327343166e+00
1.546293101394117020e+00
1.399188355350670321e+00
1.260139116119823655e+00
1.575112167813591535e+00
1.542165149096475396e+00
1.346612858729376638e+00
1.666152788819736719e+00
1.617142159452140682e+00
1.752461370255170792e+00
1.735774308609738359e+00
1.841054487814657747e+00
1.970193796912855788e+00
2.155800847475064064e+00
1.964816049854443580e+00
1.458415769912810411e+00
1.547215750189359307e+00
1.459361391894891113e+00
1.933122372263418320e+00
2.139979297615629328e+00
2.024895023241393144e+00
2.357139131631631468e+00
2.130900617831512189e+00
2.126999701080181104e+00
1.975156673431444077e+00
2.133218019771136564e+00
2.201034091295935191e+00
1.705339915353916824e+00
1.885159961969394615e+00
1.759136623647559183e+00
2.600333835271682492e+00
2.617210381775453065e+00
2.516030950216495476e+00
2.409445817043650351e+00
2.101182743835126487e+00
1.648396624995026372e+00
1.630179487879195310e+00
1.425232787073788643e+00
1.281074996339445216e+00
1.506863134798523740e+00
1.196045586188778875e+00
1.365462486710785406e+00
1.423456837011046749e+00
1.533930845572206048e+00
1.641855882692663915e+00
1.557395035237316705e+00
1.382637429794606021e+00
1.351821990563859766e+00
1.519134477608983014e+00
1.598448615187106459e+00
1.267060345451104242e+00
1.842531759991293816e+00
1.760595764149852416e+00
2.030050689179578871e+00
2.211612079172997181e+00
1.939587001658551690e+00
1.971566354790912357e+00
2.028651807724936695e+00
1.857456946027157718e+00
1.888521836668821896e+00
1.876461499744766392e+00
1.783478615381475452e+00
1.757719806037687071e+00
1.806375260605878941e+00
2.030601672411086689e+00
2.363057145791266134e+00
2.215876326227695259e+00
1.793989409037973104e+00
1.877973304953706180e+00
1.843825742446249194e+00
2.225232913166367066e+00
1.432580918166862505e+00
1.826705556225878269e+00
1.891351857344653498e+00
1.857494210564889503e+00
1.619096076269090689e+00
1.471790598480604784e+00
1.547717488942712327e+00
1.341295143656741073e+00
1.542100239650922244e+00
1.851798512657732987e+00
1.775800988298975147e+00
2.079930044338793138e+00
1.712131582646708283e+00
1.766563516667817968e+00
2.082848259277795044e+00
2.161865285314318985e+00
2.083376627728136921e+00
1.328413147210867562e+00
1.509444910007283536e+00
1.633878205285477669e+00
1.507537671190573025e+00
1.787486262434291096e+00
2.189063922440358301e+00
1.574188960220751499e+00
1.506293207222120678e+00
1.197395093581664627e+00
1.278857094132633376e+00
1.391347360059442373e+00
1.472403981149097874e+00
1.484624732908585987e+00
1.771618711070569008e+00
1.708153204298128891e+00
1.569810832147726432e+00
1.720267669720497272e+00
1.750543127295451029e+00
1.999817692086073295e+00
1.719898994100205858e+00
1.806433573708757123e+00
1.600727682964563803e+00
2.049908662231124001e+00
2.080957244115655413e+00
2.051319574048519723e+00
1.980761716022189312e+00
1.834695370968194128e+00
1.338998861590689593e+00
1.668427239295460884e+00
1.822129818719435468e+00
1.953081109973270335e+00
1.925976805118021495e+00
2.338733129532644117e+00
2.366068692393118233e+00
2.290412963285771486e+00
2.017640216248411722e+00
1.948684409484478186e+00
1.722433123268766408e+00
1.783095098343614682e+00
1.952314171317016900e+00
1.605645398646046162e+00
1.362894655823960965e+00
1.555948137205436677e+00
1.824907996270982879e+00
1.824220709572898391e+00
1.552080720510361278e+00
1.382461184195503234e+00
1.575316082593601008e+00
1.833533026090189644e+00
1.781483314322819922e+00
1.531571589806425049e+00
1.635783499795032014e+00
2.093567095474486273e+00
1.982249628026092614e+00
1.995902689300781852e+00
2.021926379218942138e+00
2.175116619041589594e+00
1.901993706632301828e+00
2.016213794308285401e+00
1.862785220115547702e+00
1.904875151991051396e+00
1.514617122659616566e+00
1.315559435644307440e+00
1.547333952385681499e+00
1.847534249078282897e+00
1.702343149329513139e+00
1.691472998784169679e+00
1.479566750995280788e+00
1.686232391910968520e+00
1.591723520760987887e+00
2.238927447964754514e+00
2.116107662844126214e+00
1.806824319538097079e+00
2.183336654772158436e+00
1.923324360833432722e+00
2.049603436484997321e+00
1.328486960088600011e+00
1.565164898582140474e+00
1.423582450830227497e+00
1.519547666655674867e+00
1.441935633418718776e+00
1.490115198373658911e+00
1.630408017930089049e+00
1.511840768689215686e+00
1.413208553797800526e+00
1.375400939561202796e+00
1.243625583200335782e+00
1.307452150404905478e+00
1.134350531049585387e+00
1.229677807697789227e+00
1.203104493980780010e+00
1.456519178489412258e+00
1.396501115303773410e+00
1.504612367230956815e+00
1.658930194213903420e+00
1.510135819942615587e+00
1.623874386633230360e+00
1.274897744244621656e+00
1.227056278001958933e+00
1.331736341822979286e+00
1.510525564245074115e+00
1.167532812082396232e+00
1.139489679675811384e+00
1.699383440512452825e+00
1.466526397656764180e+00
1.385236891294183703e+00
1.519679316703469674e+00
1.716041377374803334e+00
1.731696931209894208e+00
1.618842230515835867e+00
1.656529194943224814e+00
1.953338665444050326e+00
1.674531749234981381e+00
1.788775057292372628e+00
1.674727544112895261e+00
1.759006599150487959e+00
1.438996650460618199e+00
1.469037555089214075e+00
1.877244297661513572e+00
2.204242997237867208e+00
2.254985346390624201e+00
2.342026703858419268e+00
2.163252363469577499e+00
2.014290763349096292e+00
1.684905447705621562e+00
2.302386779745956513e+00
1.553102248425377585e+00
1.129173325803323191e+00
1.125587836519622575e+00
1.375552186771989094e+00
1.310145679501109051e+00
1.547282596673236199e+00
1.587791907710396577e+00
1.862031098072093105e+00
1.822771062313783608e+00
1.720944337383396139e+00
1.909872918796037489e+00
1.869519216718872334e+00
2.263673261352589172e+00
1.790958491070348435e+00
1.669486341721675648e+00
1.860166846450986178e+00
2.048201150868049325e+00
1.983653228365176879e+00
2.203359211153158803e+00
2.321879581942350779e+00
2.250169994817893038e+00
1.977369914048927813e+00
2.309172247719385229e+00
1.928002542547376796e+00
2.149846781931275430e+00
2.519807882287002698e+00
2.015940490733174162e+00
1.638620434154175021e+00
1.704097975862773229e+00
1.406135086639973997e+00
1.415941842564951036e+00
1.146306541105566179e+00
1.271607309052238621e+00
1.518422206330653168e+00
1.448968112559295918e+00
1.659563395923389084e+00
1.655822262224659669e+00
1.913749308074963018e+00
2.282098533354580905e+00
2.529721989360159462e+00
2.313037512635275572e+00
2.109180406490330117e+00
2.039780105492800200e+00
2.097685239933190893e+00
2.113684682242270352e+00
1.950208010239539380e+00
2.088386590318021430e+00
2.296472375611869676e+00
1.793443603921741403e+00
1.586979564919560381e+00
1.936728986418436271e+00
2.036347580530507351e+00
1.643478900129860865e+00
1.693253680832148778e+00
1.697576709110803383e+00
1.730482469815344260e+00
2.056721381262192505e+00
1.906158961798817719e+00
1.552047971920719860e+00
2.083977954437135516e+00
2.037544213765116741e+00
2.237622778569916537e+00
2.214100478692416551e+00
2.089425683757944352e+00
1.927111862026903211e+00
1.629241867164991753e+00
1.543618388530821228e+00
2.334248398126581137e+00
2.201614344257283751e+00
2.159257989573680092e+00
2.141600889691186449e+00
2.144351876862992778e+00
2.233672911696677588e+00
2.183627002448991217e+00
2.189498855235862518e+00
1.985379777189599571e+00
2.022441378334703721e+00
2.066306732578378824e+00
1.828019829917569616e+00
1.686831264874464331e+00
1.237399207780807142e+00
1.300043314426767349e+00
1.468214232322749391e+00
1.595714728331640408e+00
1.783548612568740088e+00
1.654621745861287740e+00
1.717763594403506122e+00
1.214046422656948954e+00
1.666080433455724208e+00
1.386133506033910834e+00
1.729545922751606346e+00
1.706753474164243833e+00
1.596495164711950077e+00
1.687354600799550131e+00
2.014612230347668120e+00
1.749918018958085630e+00
2.160102868377176133e+00
2.371202293138878314e+00
2.355004431886161598e+00
2.520565187959134423e+00
2.440292470343470299e+00
2.324407733907413398e+00
2.354169510531570086e+00
2.476763226566137899e+00
2.157250623144835622e+00
1.703097474620585139e+00
1.402956018284194695e+00
1.347625529265962907e+00
1.401814534467830331e+00
1.566338990625607774e+00
1.265981215465908472e+00
1.430580936925596625e+00
1.482445513835334072e+00
1.686774373634853719e+00
2.062151626089931522e+00
2.284724958930898442e+00
2.177484529270756308e+00
1.950233881480110343e+00
2.347788769214314009e+00
1.719286843139937293e+00
1.930410975446257726e+00
1.816680987966125649e+00
1.827578307935874946e+00
1.606569492741453775e+00
1.766453985801206272e+00
1.749292706813689868e+00
1.482939468566999874e+00
1.471261286134031065e+00
1.719660914005088914e+00
2.158328023945498497e+00
2.113522660965040600e+00
1.467105329752326659e+00
1.228497095753132928e+00
1.446953972699027924e+00
1.399242798482957406e+00
1.310519635524686866e+00
1.654026228806070753e+00
1.392032146654461400e+00
1.286521320784646871e+00
1.624218218744752695e+00
1.787175726749856697e+00
1.787217338881328166e+00
2.156204588024124735e+00
2.443178757430411352e+00
2.563882666436167135e+00
2.295469464541351368e+00
1.903864614495314855e+00
1.655365650631803520e+00
1.753706356030570790e+00
2.149522460779062616e+00
1.729928224596142927e+00
1.519079248480831756e+00
1.716345610680304112e+00
1.845115627006871595e+00
1.821120200139393575e+00
1.981416611359529512e+00
2.195978748791775015e+00
2.003184850556260166e+00
2.118937474817283562e+00
2.231825181174534212e+00
2.287914121077512686e+00
2.338463995368900594e+00
2.029671980068976644e+00
1.951600913576245988e+00
2.455371508888068544e+00
2.237777225866690589e+00
2.192474449214051102e+00
2.003554818360617329e+00
1.873519290450429864e+00
2.113305702779024298e+00
1.706379342699378299e+00
1.793249776452389588e+00
2.093408224258055395e+00
1.836307805919933589e+00
1.661526821203495707e+00
1.611960976578520999e+00
1.553014564397525277e+00
1.238438496629147734e+00
1.204571176826096934e+00
1.407651465096813270e+00
1.106789995391214587e+00
1.389018038909732189e+00
1.706771457066912134e+00
1.638924302683407497e+00
1.552296374773567633e+00
1.390863115609560108e+00
1.346310703145014109e+00
1.349011553423940857e+00
1.263020731227499915e+00
1.478538365558848433e+00
1.563647569850669994e+00
1.571074160143280274e+00
1.290239754528466065e+00
1.432127124018827580e+00
1.890548230185929768e+00
1.569445649174944224e+00
1.855722790103023101e+00
1.812566193169200535e+00
1.625224490189691728e+00
1.346394996143351452e+00
1.724962302111601176e+00
1.605500215150097887e+00
1.643759282192706284e+00
1.282114190497007922e+00
1.838126788755952923e+00
1.511478709312136681e+00
1.488663693165608981e+00
1.384896058909393046e+00
1.480199181613380155e+00
1.614900013586868743e+00
1.707457631258909592e+00
1.973334002627247674e+00
1.717279681104362909e+00
1.750383996810382925e+00
1.434308838524772423e+00
1.340817653332555759e+00
1.245958075009455435e+00
1.469095193636315910e+00
1.360992755136923416e+00
1.569327328664311683e+00
1.767822889501845074e+00
1.740987323852874802e+00
1.910836564682200978e+00
1.787536273428571576e+00
1.174488018187441973e+00
1.417225979439193040e+00
1.247782005201459210e+00
1.476969879145848763e+00
1.455929781784113253e+00
1.304121004115355920e+00
1.743248968908921004e+00
1.570691623670671389e+00
1.571209339602265942e+00
1.684325245257306536e+00
1.711782965963956515e+00
1.554363752659866371e+00
1.549050665200743637e+00
1.795655520678995476e+00
1.872201206228481629e+00
2.153779187056178213e+00
1.907492478884405429e+00
1.795696752931006834e+00
1.792837889880354529e+00
1.842383301395217110e+00
1.507424587060284704e+00
1.610582474413777776e+00
1.442254574458194938e+00
1.423567625814369908e+00
1.449945794697344192e+00
1.615400040489195721e+00
1.669412907032199911e+00
1.561200255294742600e+00
1.639348317221483775e+00
1.485845374183160539e+00
1.437952558063848363e+00
1.521660572501843056e+00
1.831312967440407391e+00
2.040752636107411977e+00
1.840611947341756593e+00
1.667955188671821576e+00
1.738449838994715613e+00
1.660221020102977452e+00
1.665772623746693215e+00
1.928602998035339855e+00
1.858122339311759852e+00
1.694419676864175717e+00
1.384520203157368012e+00
1.449892751018320824e+00
1.643768723269799059e+00
1.541050139798301410e+00
1.408836753813702547e+00
1.586180690216945077e+00
1.640585517457935794e+00
1.843998780778089985e+00
1.717014105273519498e+00
1.976716147421659464e+00
1.803566988201482646e+00
1.546391716577494302e+00
1.527596017350232316e+00
1.928694811942917031e+00
2.133715571550661938e+00
1.772435923030713401e+00
1.673268112160089416e+00
2.093542377628253792e+00
1.971503540305881819e+00
1.411633026194947904e+00
1.298880329989159588e+00
1.355007376416973663e+00
1.885240137267839344e+00
1.712894128717336706e+00
1.611887937535528170e+00
1.813961332133912752e+00
1.837051254800279088e+00
1.888113798604438065e+00
1.709907131991602602e+00
1.636808096368561172e+00
1.348146727439481163e+00
1.778603744675985698e+00
1.615068012638202433e+00
2.119227818496462579e+00
2.182659372788967378e+00
2.051603139534336151e+00
1.834284049958584406e+00
1.696433909694422759e+00
1.895539670434422064e+00
1.281947099225323683e+00
1.477420453414088897e+00
1.859041569719742215e+00
1.528938530102356363e+00
1.539298568966879444e+00
1.625009032935874842e+00
1.880796395850514946e+00
1.965818902520134248e+00
1.666494778560018819e+00
1.962220054232103328e+00
1.509633567736387239e+00
1.499737731302822397e+00
1.460149301169324509e+00
1.748788512198479417e+00
1.262307356968666472e+00
1.339962747662178044e+00
1.444840356788389846e+00
1.706526245095303596e+00
1.964671286500057512e+00
1.654128151800140945e+00
1.841530311796921726e+00
1.797361908617935100e+00
1.313455719343865180e+00
1.457835913206729339e+00
1.690683612722379880e+00
1.558312631101679724e+00
1.737822160816676176e+00
1.520988004451101494e+00
1.859402174339074509e+00
1.546227118412941026e+00
1.475442468881104752e+00
1.408795456167417415e+00
1.592906359458957866e+00
1.710100554567613562e+00
1.440992100615838822e+00
1.193264778422257422e+00
1.280400031291119900e+00
1.330693807313922505e+00
1.353625807574170503e+00
1.393400100299733158e+00
1.603410181406622392e+00
1.662395621399600287e+00
1.969540407935276072e+00
1.526115243776316355e+00
1.548817052875111955e+00
1.389312944759057089e+00
1.520959305666190309e+00
1.478163873163464537e+00
1.571430463786977816e+00
1.640351581431201966e+00
1.275047954263539118e+00
1.431818638415733425e+00
1.770729110759662550e+00
1.576168999057093956e+00
1.365996760485046257e+00
1.429037341961945984e+00
1.181678594125392889e+00
1.556056733887121402e+00
1.647796089053370272e+00
1.378149900137837447e+00
1.511485363187236475e+00
1.817813073632626342e+00
2.171105188584339984e+00
1.994809196095075565e+00
2.504934810899772657e+00
2.396781945217975274e+00
2.639991422338666016e+00
2.273150013982527806e+00
2.152673938486641791e+00
2.282691970893880207e+00
1.965362569913735147e+00
2.015438135180571688e+00
1.768928119109400843e+00
1.613896671118426385e+00
1.543832608191672229e+00
1.381096535126200342e+00
1.583700291384053216e+00
1.451780433015582350e+00
1.352358961476978871e+00
1.438844509754755974e+00
1.903705802215033493e+00
1.991959838839953534e+00
2.114080141711600636e+00
1.938505024809320965e+00
1.935686003405394651e+00
2.047463288224743660e+00
1.763194347674087670e+00
1.637276651201440281e+00
1.549276179904110595e+00
1.420227351015712181e+00
1.503389098408349556e+00
1.494993325102281112e+00
1.959579255871840120e+00
1.759453481325898627e+00
1.851563828839723813e+00
1.633829804873126790e+00
1.533395336827416244e+00
1.851563434238377770e+00
1.959380006943542529e+00
1.814753144837793375e+00
1.874921747554131546e+00
1.916158123448104211e+00
1.809024674465197435e+00
1.725838535988837297e+00
1.957241445730775187e+00
2.091930675098665038e+00
2.272581858340704919e+00
2.203550967194942256e+00
2.203281769861056727e+00
2.111564478748620299e+00
2.009770427162544504e+00
1.642032366270627541e+00
1.590167032441187400e+00
1.516159966585110652e+00
1.663507379631509409e+00
1.670383832177495753e+00
1.709463561365321738e+00
1.430357815231602103e+00
1.565405964485885759e+00
1.358128009371565525e+00
1.451898043760974311e+00
1.635975232096634535e+00
1.871214860620874054e+00
1.748645081717199901e+00
1.491913037547635712e+00
1.699308617879956351e+00
1.350394213272994470e+00
1.579097036469192084e+00
1.386202876953138485e+00
1.351772080501863593e+00
1.490321035443037401e+00
1.836351741231258217e+00
1.473621510375863641e+00
1.362919495692525906e+00
1.362580539909778787e+00
1.516789476113687085e+00
1.384558688914952818e+00
1.404205410439436363e+00
1.831344621494306324e+00
2.214785787289222707e+00
1.811348812077721249e+00
1.612102239245737145e+00
1.754558012191948624e+00
2.323781073328695879e+00
2.346976637387190756e+00
1.942001800470720019e+00
1.736053391789600830e+00
1.690046800407883687e+00
1.715508707077130879e+00
1.371694114819098864e+00
1.534066358913833916e+00
1.862881431444441738e+00
2.238138099281970828e+00
2.453913804808834698e+00
2.158707526482045669e+00
2.235003392262500110e+00
2.539035851220219353e+00
2.241602706950830193e+00
2.371368410710797292e+00
2.350852071163245682e+00
2.292770431109968143e+00
1.967502884272073871e+00
2.053929480460574108e+00
2.519581802664143222e+00
2.467764990913448031e+00
2.183949030568030025e+00
2.431558485292941274e+00
1.974841880688369633e+00
2.134691857594923636e+00
2.062490527098562509e+00
2.313443596960438775e+00
1.546221474836653620e+00
1.392283046442356564e+00
1.254998236295127967e+00
1.350748359213358896e+00
1.417737450682777789e+00
1.424575356912710422e+00
1.579883977234726400e+00
1.563180602077859582e+00
1.840975289268413251e+00
1.899711766095243393e+00
1.731748319607322451e+00
1.415971105433718291e+00
1.274756536355329928e+00
1.677963356734219591e+00
1.424211660705528626e+00
1.427879781644512569e+00
1.321092607519773532e+00
1.289884743056570082e+00
1.428857788691533459e+00
1.405690617455814806e+00
1.559032623120702121e+00
1.671103632761078872e+00
1.758798590482338442e+00
1.438129048821776834e+00
1.560037788784462309e+00
1.604729235101573837e+00
1.507791936342234740e+00
1.452704886721886357e+00
1.414563673041522307e+00
1.443713127012690389e+00
1.341730949765839842e+00
1.493728221739115014e+00
1.528823909094936262e+00
1.756774275284796349e+00
1.609009821168177146e+00
1.574693891263132750e+00
1.378414240788177425e+00
1.229025623390120892e+00
1.359735056019858002e+00
1.618234776564481781e+00
1.797463180614019551e+00
1.948229723367994826e+00
1.933197051350090012e+00
1.830155810185979837e+00
2.149206218527239809e+00
1.794358028521031434e+00
1.635850685050630915e+00
1.920730818610361545e+00
2.323469527110423982e+00
2.011768182248496295e+00
1.902621374628287176e+00
1.863074537129460584e+00
1.519669154487743201e+00
1.586166318435797251e+00
1.538549885160008124e+00
1.778172558405574311e+00
1.572625575865330916e+00
1.634283847311316595e+00
1.644700877253009841e+00
1.398110260523334203e+00
1.713175206582332910e+00
1.646390315790635661e+00
1.481254401713826496e+00
1.320559169468683791e+00
1.446948043373306847e+00
1.601129210658555069e+00
1.385338445659143325e+00
1.265145013757265069e+00
1.427318272964046564e+00
1.189428278096881675e+00
1.654129631178421711e+00
1.642155387085339147e+00
1.763426115860398768e+00
1.595919112319125643e+00
1.433501431599281117e+00
1.316051061614376572e+00
1.304245374590158324e+00
1.380364529169217036e+00
1.744454626631056104e+00
1.962450534921230005e+00
2.053933923874219136e+00
1.963278720733258709e+00
1.780260580207796428e+00
1.879245401448065955e+00
1.795522469030008672e+00
1.622380993484574319e+00
1.574989851432529564e+00
2.012947450639239744e+00
1.892457777694856125e+00
2.164014041242187325e+00
1.849165671854726689e+00
1.985491208816964948e+00
1.944541134472026478e+00
1.499886365757144846e+00
1.669881872144605373e+00
2.229740970715695436e+00
1.837835894356946387e+00
1.984669799803241652e+00
1.570891941096227429e+00
1.757272537743095775e+00
2.313521479459255570e+00
2.284916222619647552e+00
1.944317888069155620e+00
2.200611371702186680e+00
2.032964211228625917e+00
2.364143386929557611e+00
2.299620438742091988e+00
2.406676653368685415e+00
2.021241564882654718e+00
2.190420463139026275e+00
2.300634578275548847e+00
2.138342021500011292e+00
2.579437053883295139e+00
2.698505808925890648e+00
2.122655736706610785e+00
1.570975438372925082e+00
2.004552074112562643e+00
1.487269567782507407e+00
1.613000729975891945e+00
1.908009098614218857e+00
1.957364482296267028e+00
2.051739196109543251e+00
1.904754636112247823e+00
1.738946116971771705e+00
1.954736156137095948e+00
2.120724558877970622e+00
2.151771592095524266e+00
2.018963631682236581e+00
2.010773393187333280e+00
2.255182498850428541e+00
2.150780016297335617e+00
2.418327670074573277e+00
1.993741033781690097e+00
1.709623075065374698e+00
1.615739109255054817e+00
1.318748725232402608e+00
1.227289660671932348e+00
1.621782278670239608e+00
1.552496119018737186e+00
1.370408977705429576e+00
1.661532367695955248e+00
1.833575746324473732e+00
2.183354420891364889e+00
1.978404604750168660e+00
1.955628423709985686e+00
1.750369468102696890e+00
1.847960706612018944e+00
1.921526668683481764e+00
2.056933534638796246e+00
2.099815449170820525e+00
1.770471916364976472e+00
2.169423455334528406e+00
2.107383948255332040e+00
1.798526638240444786e+00
1.844219166677246946e+00
2.086818607807773063e+00
2.262167505124987876e+00
2.308536838458121299e+00
2.100947956950621087e+00
2.171363017479908120e+00
1.838455011693743701e+00
1.737101157440582133e+00
1.351494413889728463e+00
1.717015732015738649e+00
1.703080058044259104e+00
1.357230688220991688e+00
1.418814086136231056e+00
1.692529587927341428e+00
1.651741419660136989e+00
1.431273977204233550e+00
1.346890602161691319e+00
1.253162924613349993e+00
1.301614375893688447e+00
1.235444749078659754e+00
1.267576800346369881e+00
1.366997194288837481e+00
1.338018744834620577e+00
1.387915417583875488e+00
1.462632005051418993e+00
1.411681304227663025e+00
1.930523458623551569e+00
1.893957344513321317e+00
2.235733733843660254e+00
1.923226926503673218e+00
2.030284605803062359e+00
2.008434733028272134e+00
2.014448600841811210e+00
1.845769358851398811e+00
2.100033223102556690e+00
2.098582531145070984e+00
2.092458430627150090e+00
1.823680144737488185e+00
1.895862137453608653e+00
1.705407230153166864e+00
2.043142846108258137e+00
1.358068562621938202e+00
1.455050023254048197e+00
1.489450533005587385e+00
1.219331867587882146e+00
1.779381957794031521e+00
1.926237760781241093e+00
1.687554446329893487e+00
1.894618656248890476e+00
1.942332294191821296e+00
1.899496436875895755e+00
1.689566807672546078e+00
1.675920070756862890e+00
1.569412801387554568e+00
2.007171435983180263e+00
1.966824119766279244e+00
2.399384358487702595e+00
2.188637604206574050e+00
2.002378056359323644e+00
1.963923632234803041e+00
1.963320195695569481e+00
1.927871495930395529e+00
2.081819894100312762e+00
1.626668572209062580e+00
1.444174395642429110e+00
1.354273776577349153e+00
1.168455345172877191e+00
1.439812465526618013e+00
1.863549114582641497e+00
1.900121565514841571e+00
2.148197341340260191e+00
1.870221195452676843e+00
1.767951081870665409e+00
1.569592744303907716e+00
1.290768990074791844e+00
1.428818466602021608e+00
1.306162323594501906e+00
1.494936895377829922e+00
1.737167871504103900e+00
1.782732051429335662e+00
1.709367500041520715e+00
1.823224647463664416e+00
1.755409641584502856e+00
1.738871460879851227e+00
1.967854338104790379e+00
1.762347523446572639e+00
1.932130269687792667e+00
2.076839163146485756e+00
1.829418860163231075e+00
1.561368314192947082e+00
1.494963266340941566e+00
1.576955722983108599e+00
1.690146567192427174e+00
1.780309845189784301e+00
1.365697944953478071e+00
1.314004914029521132e+00
1.505047047428366591e+00
1.740706489389110878e+00
1.662211719678203359e+00
1.648686815912931536e+00
1.757896987384559129e+00
2.053574830967867193e+00
1.832552435240062394e+00
1.942675036736825733e+00
1.968866390612138417e+00
1.733567009448777174e+00
1.133285022519272989e+00
1.110321090251221943e+00
1.326355691248538804e+00
1.422017206643266363e+00
1.379890550328126686e+00
1.574327525793377980e+00
1.513076697008973959e+00
1.714632060593541230e+00
1.795385532151336783e+00
1.997786822848038657e+00
1.965981245267192534e+00
1.758515262966340975e+00
1.530941506455146373e+00
1.802474703574481030e+00
1.670211971724876454e+00
1.635401529961122424e+00
1.521858368738616463e+00
1.394809295030779772e+00
1.105872112658768280e+00
1.144023110028825618e+00
1.237276915528203958e+00
1.624720107077940456e+00
1.449338338993167996e+00
1.230279593678406114e+00
1.686749893318871374e+00
1.812086755294481266e+00
2.172525799672448965e+00
1.555553469569370462e+00
1.666545577546693968e+00
1.543863951271597479e+00
1.331139028615700992e+00
1.438716993856530069e+00
1.568494074704386509e+00
1.551715786804511943e+00
1.626724148007257176e+00
1.622254521780800207e+00
1.267449445457699220e+00
1.390114431103511405e+00
1.479222754898051440e+00
1.348929304784290517e+00
1.224820237169635728e+00
1.560299579280489457e+00
2.264091053685061805e+00
2.020670946784695499e+00
2.197038550866706519e+00
2.218958903635876556e+00
1.843660227578903132e+00
1.294534798951558319e+00
1.609076715288499493e+00
1.512970738013453609e+00
1.723551625868733117e+00
1.170773981321323820e+00
1.451813513612321582e+00
1.462273889418904016e+00
1.564756841848997215e+00
1.728807463322452165e+00
1.730000711421263437e+00
1.532450416311380126e+00
1.364523998817537942e+00
1.064169947922873671e+00
1.128434519123907132e+00
1.481884244885446122e+00
1.485898801730350050e+00
1.435542978498081323e+00
1.407485091310457292e+00
1.741743725770206197e+00
1.961855855757293376e+00
2.012077267933715774e+00
2.121766088116268545e+00
1.668031287598870094e+00
1.832132427694110666e+00
1.375250071696792808e+00
1.235192209819444109e+00
1.220119916663686910e+00
1.303217702351314511e+00
1.248149306788459922e+00
1.349276508424966936e+00
1.180571030977002112e+00
1.379646688842366409e+00
1.135679036245936135e+00
1.323892709499152609e+00
1.607013429101984414e+00
1.593537909628384597e+00
1.685249507087660525e+00
1.763572750924218724e+00
1.767078702129889711e+00
1.646355576175373869e+00
2.201486471277117829e+00
2.151348514678474988e+00
1.822561474944926818e+00
1.967003928390723688e+00
1.602066377429293809e+00
1.737707129787337879e+00
1.957942579102846636e+00
1.709812606051133388e+00
1.607420518761073724e+00
1.705785561022286290e+00
1.826105217401515990e+00
1.857871704951392422e+00
2.216095032702674050e+00
2.064234124377252400e+00
2.109358087127958470e+00
1.676224499216901309e+00
1.776240503615482469e+00
2.048357066971348228e+00
1.894222418991236445e+00
1.514157159314698520e+00
1.998982453154879657e+00
1.827910010036321031e+00
1.925809500097256377e+00
1.672927097424957488e+00
1.565303558214649726e+00
1.867947834497991400e+00
1.878572867755896603e+00
2.029069864940649559e+00
2.167330806399109466e+00
1.817206108238409890e+00
2.129670456588225402e+00
2.091990113936039730e+00
1.761927094450864040e+00
1.642623212858067339e+00
1.516007767272920859e+00
1.424016884096320990e+00
1.378248764203868770e+00
1.564031062680828921e+00
1.788523400760673843e+00
1.890635179799407872e+00
1.712417916819832797e+00
1.926048775395914348e+00
1.739057928118590723e+00
1.964510033290460145e+00
1.867615391692346805e+00
1.824334694348643815e+00
1.601847686446813857e+00
1.578082724851686658e+00
1.547056530093316340e+00
1.761213931808340849e+00
1.466227656705581195e+00
1.242405726379044673e+00
1.179730135025766957e+00
1.695045462210360121e+00
1.716643520852604965e+00
2.159877080748349165e+00
1.974331676971611049e+00
1.624375039463780146e+00
1.406551965002283522e+00
1.564655128003937357e+00
1.549127978290332219e+00
1.615875406900545874e+00
1.489004987704060090e+00
1.703208918784258064e+00
1.927021813489665725e+00
2.058451567175944685e+00
1.697975949268619278e+00
1.794231177162548097e+00
1.871176478612388783e+00
1.887842957286083978e+00
2.460251190284836298e+00
2.031436132349629720e+00
2.476068380994176366e+00
2.329467088298548205e+00
2.454427139146768688e+00
2.084294196583108327e+00
2.111292831000436188e+00
2.516643560911747457e+00
2.772040626085884085e+00
2.420523792342998970e+00
2.384625262997708273e+00
2.272471792659886081e+00
2.361241563348599914e+00
2.501562056757460351e+00
2.050107401464825951e+00
1.610430536775166788e+00
1.306567678158558898e+00
1.932762757176047730e+00
1.502482040566033517e+00
1.447343972237951970e+00
1.528513621357336483e+00
1.250768303766658152e+00
1.223206165902360976e+00
1.334438833669793212e+00
1.268999056156257854e+00
1.201879540568590254e+00
1.501939902374115787e+00
1.463284587246458379e+00
1.322003517832583297e+00
1.388561267396809518e+00
1.602511003418406466e+00
1.689713316002074084e+00
2.026823832030900885e+00
1.757888020276068053e+00
1.634338164095711976e+00
2.028593642341136594e+00
2.138719659231552495e+00
1.954905050430601365e+00
2.236142243987401912e+00
1.957294394193566989e+00
1.765252238618787217e+00
1.611010776552648016e+00
1.976031345950705731e+00
1.949333575791666551e+00
1.428365747568522526e+00
1.746645538591299784e+00
1.681689809123616985e+00
1.661333153968195475e+00
1.535880597339220444e+00
1.424874370131446355e+00
1.111174670295376199e+00
1.242759867247395844e+00
1.292191838067939136e+00
1.499185536664001450e+00
1.429004997201325455e+00
1.377509468170434737e+00
1.757240958205718684e+00
1.603225062630721842e+00
1.938024691776333075e+00
1.962548323118606719e+00
2.120205289602523635e+00
2.069437224276377219e+00
1.974411825914295981e+00
1.835068970583785486e+00
1.943376673267386723e+00
1.626328182714578352e+00
1.610760278306286430e+00
1.393645189861095091e+00
2.443485584976875291e+00
2.316646281482202863e+00
2.049825445600530927e+00
1.924306013312761188e+00
1.876296299691692759e+00
1.844516128041632230e+00
1.929956108306673856e+00
2.070573518871674512e+00
2.113944141234120000e+00
1.661398112692300533e+00
1.652659292903362775e+00
1.750837169038290675e+00
1.861483428347957547e+00
1.749062256769382762e+00
1.682835676768702715e+00
1.726822458880293176e+00
1.699386571562977011e+00
1.342215024652938515e+00
1.227491040454883331e+00
1.304825721094132085e+00
1.366467002500394656e+00
1.578150854493864275e+00
1.585025474312754534e+00
1.632686972480848597e+00
1.592902491615911797e+00
1.557554584793906960e+00
2.016987490653773918e+00
1.755959823160525124e+00
1.673216349949037784e+00
1.416960678600830636e+00
1.559620268016857381e+00
1.569489152114401875e+00
1.640795642831531786e+00
1.465669439465506096e+00
1.424728676296717955e+00
1.459142870126980185e+00
2.032121447533480563e+00
1.682717926888923188e+00
1.878731103996411633e+00
1.834312042175174629e+00
1.418259791621922838e+00
1.197672228667373995e+00
1.290021031708665333e+00
1.251833263298978594e+00
1.582708557325085641e+00
1.474431928167025951e+00
1.512427459691148890e+00
2.031718765512843916e+00
1.756565939299477908e+00
1.785504575787603132e+00
1.581654143556687098e+00
1.703520973876984090e+00
1.514351796004075323e+00
1.480675473274942533e+00
1.644942416532402252e+00
1.606110984891084614e+00
2.002189942962436131e+00
2.004372892745246215e+00
2.020734547096991296e+00
2.107653486941825971e+00
1.966696864239234177e+00
1.990866030026790190e+00
1.736560964014290720e+00
1.823500780409804678e+00
1.867256745859737554e+00
2.028424682782050237e+00
1.726170479952599202e+00
1.812974415331945810e+00
1.999468802929850630e+00
1.961377415651437861e+00
1.420452085336941117e+00
1.408546080867464578e+00
1.472677865732490154e+00
1.857736991684896921e+00
1.577997769864758926e+00
1.711469082892471905e+00
1.433471868901162516e+00
1.513285691712496828e+00
1.689695143898370278e+00
1.598382727769981360e+00
1.457137695079337325e+00
1.713243954267688274e+00
1.309324003691502147e+00
1.316954740338468044e+00
1.497486027513624585e+00
1.285855626634091919e+00
1.743255935256425859e+00
1.629267244559517769e+00
1.621734807628095743e+00
1.585813874821947245e+00
1.469865493454180161e+00
1.560305341107946608e+00
1.221801451214656886e+00
1.271525207444878625e+00
1.429166065568074684e+00
1.443706005383791346e+00
1.528488045740351797e+00
1.877822324050822278e+00
2.073514302824154054e+00
1.420410971364941766e+00
1.513260045945449939e+00
1.496495390502022405e+00
1.332096959495725264e+00
1.217525230267260783e+00
1.504888730073627556e+00
2.231498787196789735e+00
2.017688765497072989e+00
1.794256624948224799e+00
1.885011871125257699e+00
1.890370649583066331e+00
1.579489840603911732e+00
1.834959748798123957e+00
2.184894381042422395e+00
2.050972877295399677e+00
1.812173437855340685e+00
1.857845806553346080e+00
2.039021292026515386e+00
1.813490001517606309e+00
1.752877797843986230e+00
1.583126167041082333e+00
1.531289107752466183e+00
1.338394759322495409e+00
1.253169851375811383e+00
1.668292336219327598e+00
2.027121639630141470e+00
1.805772635893113431e+00
1.873828460823361741e+00
1.840572603758484860e+00
1.837455959958073981e+00
1.769586493960273677e+00
1.730766500883295311e+00
1.554099457631381798e+00
1.750278400317260452e+00
1.545477408679907683e+00
1.571315806306532892e+00
1.380223119099920348e+00
1.336935343334531012e+00
1.649206109325177527e+00
1.628948531130332888e+00
1.760956686042442598e+00
1.531311308438482621e+00
1.546888621282942466e+00
1.461461031668079613e+00
1.334598946702967082e+00
1.607869173887725101e+00
1.850616863012306545e+00
1.720852361054006296e+00
2.212067242705900494e+00
2.065744250439415008e+00
1.738685615134345941e+00
1.707866827757394068e+00
1.579695586899174886e+00
1.683278218590545938e+00
2.161805125336357936e+00
2.112430869486950691e+00
2.268820296606782971e+00
2.253118980627056178e+00
2.025296629602716614e+00
2.430648204813477431e+00
2.279987837252066107e+00
2.249127316791580178e+00
2.070944957626600136e+00
2.225426318962091532e+00
2.520685379440096963e+00
2.751797171260692565e+00
2.117070016905926888e+00
1.843158465555092995e+00
1.594137575666019657e+00
1.248170903218126515e+00
1.433967994282797198e+00
1.381215965773001653e+00
1.455792258997042010e+00
1.996258449892866382e+00
2.094462961654166566e+00
2.073522804950383325e+00
2.450593375063711221e+00
1.900150720868183818e+00
1.878500164388906546e+00
2.530192608412211275e+00
2.264226156234207643e+00
2.250489889358372242e+00
2.433980371250421104e+00
2.268370050101236490e+00
2.093371437406533975e+00
1.671703690464262371e+00
1.741924337486879359e+00
1.502503065831443330e+00
1.697291025265320830e+00
2.152105814768102032e+00
1.964697544136249752e+00
1.833204994540404975e+00
1.515203107760640711e+00
1.477591470872429369e+00
1.863958418173265130e+00
2.308755024404314238e+00
1.984266080598962922e+00
1.964638592324449595e+00
1.821713327169667274e+00
1.995264776634045667e+00
2.023389132967601256e+00
1.653543012435585879e+00
1.682655986678977644e+00
2.031756287370789504e+00
1.886598477630581527e+00
1.840119279078861858e+00
1.833779638870946416e+00
1.673137762602925349e+00
1.695363842723761838e+00
1.674097041067333258e+00
1.327803901554031940e+00
1.481337044493514554e+00
1.904626281003239940e+00
1.643007614664151905e+00
1.626466422343676888e+00
1.825896840718472580e+00
1.966054401404891072e+00
1.748575949778114591e+00
1.193857765931209292e+00
1.555900895872982970e+00
1.391313326173807319e+00
1.920412195029888913e+00
1.702152935858094684e+00
1.993358045283384561e+00
1.780000339335588100e+00
1.869110669529986168e+00
1.966386829293568228e+00
1.894890963784115590e+00
1.795347527292441958e+00
1.920870904143612279e+00
1.947314076317587794e+00
1.766332317805493268e+00
1.647523596044079941e+00
1.889558233687539612e+00
1.613892830003267775e+00
1.485263241440671456e+00
1.677207705750905165e+00
1.420964871534205365e+00
1.290169284029223151e+00
1.227743652215274262e+00
1.666367197994304439e+00
1.945455068743626503e+00
1.869809751916692298e+00
1.978417240878196370e+00
1.876771126524101163e+00
2.261349605149739705e+00
2.558797889844494744e+00
2.167052762310429426e+00
2.088994965099288059e+00
2.117963526431427379e+00
2.075672782012249584e+00
2.023347019588148221e+00
2.018932024199401987e+00
1.685895121191491874e+00
2.356121710174577277e+00
2.457195477241218118e+00
2.050752559378213657e+00
2.350352802980947065e+00
1.932888127861152716e+00
2.420150940219850000e+00
2.186940966038093848e+00
1.681040512908099860e+00
1.554271466178605010e+00
1.632417616715944320e+00
1.660697574409703670e+00
1.918161070972823623e+00
1.598547592132373074e+00
1.678736965392300107e+00
1.450405027406893810e+00
1.630193030302815149e+00
1.780867173431145645e+00
1.698833138124053566e+00
1.735831850788478237e+00
1.310537573880580231e+00
1.668502883510502022e+00
1.601668209864512527e+00
1.671216514004235876e+00
1.625723375045331487e+00
1.734266540249930433e+00
1.780330064787203570e+00
2.203008352245374279e+00
1.870216663573467386e+00
1.600392963597881080e+00
1.949278770370613145e+00
2.009773573027604510e+00
1.863692061654575127e+00
2.333323231775662698e+00
2.239702783755838755e+00
2.176592537695394292e+00
2.045116489913099578e+00
1.839315100516322632e+00
2.095463756759675000e+00
2.017932482010735384e+00
1.935062657141549458e+00
1.806680902912526143e+00
1.910934207640562876e+00
2.089552713899859082e+00
2.292397885162862803e+00
2.161443909381461914e+00
1.760644177645253938e+00
1.424836718126712309e+00
1.820467611005383013e+00
1.854400633575545632e+00
1.699927917750772011e+00
1.632366632381231586e+00
1.596737155460642210e+00
1.739428198928806513e+00
1.323593027391587462e+00
1.355824724646858437e+00
1.681882007242280652e+00
1.513557767393060249e+00
1.414249266663790916e+00
1.593383642839536707e+00
1.341016260021564044e+00
1.400865965266019586e+00
1.688955809285290988e+00
1.550739211958892527e+00
1.561602375169929502e+00
1.323349716480102467e+00
1.666126992360815295e+00
1.507257486673583502e+00
1.407639596325277020e+00
1.312794771661696558e+00
1.544234424613990297e+00
1.385740309970589834e+00
1.394735791077770903e+00
1.456824650225319040e+00
1.444728266140427486e+00
1.779259543540333555e+00
1.839792170445708308e+00
1.607923532207891304e+00
1.655079392480597100e+00
1.545835316569504236e+00
1.645490665278170672e+00
2.127574202431517403e+00
1.519532572427678918e+00
1.647766208266425059e+00
1.822558414654841474e+00
1.456247009673456327e+00
1.909187505901540849e+00
2.331746471922005348e+00
1.971975168987210258e+00
1.759947064358200697e+00
2.071823602535327602e+00
1.635264984217637441e+00
1.613689234414060980e+00
1.616796848350975369e+00
1.628156800467861487e+00
2.132107735784678049e+00
2.081383717278833423e+00
2.193004454956267502e+00
2.089094875581472888e+00
1.803919616384952906e+00
1.988901553851210258e+00
2.131581758137980565e+00
2.003591738452898063e+00
1.622436291304895750e+00
1.592632299764726866e+00
1.693604952797600038e+00
1.778625806460051084e+00
2.021171798728504498e+00
1.590162711560497266e+00
1.362658766838409363e+00
1.823589892247725608e+00
1.945437331833795858e+00
1.528387192961759844e+00
1.499801720695192131e+00
1.653477029478658045e+00
1.395724968874791472e+00
1.616523685288730583e+00
1.566289354951950763e+00
1.692723638109409512e+00
1.824790546591868567e+00
1.517647670491737433e+00
1.419487868824529819e+00
1.168654537191097686e+00
1.560958544771312573e+00
1.543517024734774701e+00
1.504875516608182417e+00
1.627645780343676796e+00
1.604090765940422436e+00
1.304600845035626566e+00
1.478816564937349476e+00
1.290073677516869299e+00
1.247277474830809751e+00
1.174937323381968879e+00
1.263224350209005475e+00
1.784764609586151796e+00
2.099220375755883605e+00
1.946771340832404551e+00
1.493454083376324570e+00
1.491485379986555060e+00
1.440164097106159335e+00
1.225945137013731090e+00
1.384416360457199069e+00
1.154202300506615764e+00
1.298643016642465620e+00
1.563553262284413714e+00
1.663404363888327797e+00
1.922214833928844291e+00
1.565102057650012757e+00
1.342401893478637920e+00
1.414465575422354515e+00
1.357046015386959015e+00
1.443650684793805539e+00
1.447489944890343772e+00
1.647492887367754122e+00
1.764307835976861583e+00
1.693542772562673271e+00
1.875499645663286419e+00
1.692548117164992760e+00
1.301452715905359270e+00
1.735404398536082970e+00
1.809274319808952924e+00
1.961916973062430403e+00
1.693147668768656189e+00
2.130926050702519614e+00
2.074274934320427644e+00
2.031388140551315669e+00
1.706855922918292467e+00
1.403669225570862933e+00
1.915873014967999000e+00
1.864541954352750608e+00
1.335564002868488309e+00
1.266007099732154639e+00
1.336089547919249165e+00
1.663970481037946314e+00
1.798536606981395058e+00
2.249667807847658629e+00
2.017103004741031658e+00
1.867840044405311151e+00
1.922052830681915569e+00
1.619987120750501663e+00
1.827613777919825599e+00
1.824371793822188614e+00
1.920245280467878901e+00
1.756882225830335820e+00
1.776682998741401454e+00
1.690494962784680144e+00
1.791964830275527110e+00
1.998792874894355309e+00
1.570155927944634655e+00
1.777808648127435109e+00
1.769412574388305792e+00
1.307988985457357423e+00
1.452754644939530326e+00
1.330566825862203206e+00
1.408909691063152669e+00
1.553602852312462090e+00
1.447251464161868117e+00
1.463785638875224837e+00
1.257414682967133768e+00
1.314983275886989045e+00
1.230776311490333841e+00
1.680383204716295431e+00
1.455719998274664695e+00
1.552895829005621842e+00
1.770887845599975696e+00
1.988715497368782614e+00
1.428787504390657048e+00
1.826085062889718280e+00
1.961900578294001996e+00
1.971545206784506732e+00
1.934072335485931493e+00
2.035219097448147885e+00
2.592501292255629419e+00
2.474068680816273513e+00
2.404802863123944423e+00
2.045485749787014029e+00
2.247925805598153470e+00
1.844694234699910229e+00
2.186577731039936801e+00
1.783575064371573093e+00
1.838447137275454724e+00
1.643780805387504707e+00
1.826455597976648138e+00
1.765648461054751595e+00
1.857140612773176436e+00
2.082608736900180890e+00
2.033257697459123658e+00
1.768079520991915787e+00
2.254071827111422177e+00
1.896648505225265069e+00
1.851585730728029677e+00
1.893584772669943961e+00
1.925335016821383638e+00
1.555862452873906898e+00
1.686485357115136807e+00
1.938805677836566987e+00
1.753526339900782549e+00
1.565381623058702765e+00
2.205290218794850876e+00
1.802676626627032874e+00
1.825046821944604325e+00
1.706389027465692543e+00
1.718294944140811076e+00
1.621248845901049229e+00
1.647157651922924515e+00
1.644318271788429486e+00
1.956060970840273416e+00
2.309226261739749209e+00
1.932257769825484806e+00
1.818830278812517465e+00
1.492010500813647944e+00
1.372837318525633288e+00
1.567644782423629479e+00
1.433931547542786955e+00
1.620479687746291919e+00
1.562039214749671112e+00
1.472890237419471227e+00
1.342052417706081968e+00
1.858124618480277990e+00
1.632788658883860267e+00
1.635313701455940905e+00
1.805891758825591387e+00
1.838537795045842138e+00
1.981282803317259367e+00
1.548136788900299710e+00
1.621784363603433921e+00
1.227458322745638375e+00
1.580601837358730721e+00
1.943052127254834449e+00
1.631194343445248940e+00
2.235694132200265027e+00
2.037935281234369622e+00
2.513619264247012985e+00
2.251372375225137556e+00
2.303351198863131000e+00
2.377395407131881910e+00
1.756229313661855418e+00
1.472117002639969696e+00
1.225166342889506321e+00
1.110264666133550238e+00
1.262583065514214731e+00
1.406700229547100056e+00
1.150550963239700186e+00
1.227449461729322788e+00
1.285106265130445458e+00
1.433024990010646427e+00
1.489615765466340447e+00
1.632932515656838390e+00
1.873396708037973868e+00
1.818022373842664852e+00
1.617468576386817070e+00
1.298259143525731352e+00
1.405099019123049464e+00
1.625711888643770253e+00
1.716068285873719068e+00
1.765626601577529931e+00
1.934939542409432889e+00
2.100046388415929055e+00
2.412640443791707057e+00
2.406467813446885096e+00
2.373106203470139786e+00
2.272985776970517957e+00
1.767422115175911079e+00
1.507626821671201212e+00
1.221718882068465684e+00
1.591370763859767834e+00
1.762129694488128173e+00
1.780910413635620415e+00
1.525272920531180798e+00
1.453493694989176799e+00
1.393476991590750780e+00
1.369915009398054551e+00
1.360594937572136232e+00
1.627537383353619749e+00
1.463319135989357589e+00
1.861670005499100888e+00
1.901828459415088490e+00
2.099092984417235019e+00
2.352926934550223947e+00
2.373815953064266626e+00
2.060432805786935884e+00
2.047612747966223168e+00
1.975393514920726012e+00
1.602886308465160781e+00
1.830133655845276763e+00
2.212212886080699104e+00
2.061152998559804939e+00
1.840713354765536769e+00
1.720365819119978212e+00
1.839538440181842205e+00
1.615458227936190205e+00
1.828463337186508442e+00
1.741013104777209497e+00
2.008936857451743663e+00
2.081992829406065226e+00
2.234258885914905068e+00
1.969271818144233466e+00
2.107753602139982529e+00
2.214823843466447784e+00
2.186480101707646728e+00
2.066463223055737153e+00
2.024331759042209633e+00
1.747550000139230342e+00
1.484156483312207619e+00
1.354944578698958679e+00
1.304579079245611339e+00
1.368653789727398928e+00
1.469280365721282955e+00
1.715251673456398507e+00
1.683452784033865557e+00
1.879369750824145813e+00
1.545141536553566564e+00
1.575142537200963755e+00
1.572973031526805565e+00
1.647829216306787803e+00
2.028303723049476925e+00
1.573155141861404038e+00
1.570299289361718031e+00
1.663522683081081199e+00
1.460745021627592122e+00
1.659176166397773544e+00
1.982443530108705110e+00
2.289803646925583802e+00
2.361597279244660452e+00
2.575425340363607596e+00
2.463248163491695397e+00
1.822853644520756378e+00
1.908746842096542995e+00
2.048663819415057041e+00
2.125392419332786442e+00
2.049351872339407077e+00
2.226704695055246486e+00
2.014108704956775853e+00
1.790207352532123597e+00
1.720153792755521271e+00
2.062535607576898133e+00
2.102820569114376426e+00
1.956667751265658062e+00
1.996795516426522088e+00
1.645152448969032122e+00
1.906402584730948924e+00
1.603782248186623294e+00
1.951743940484178541e+00
1.750754366956914998e+00
1.839758746024614311e+00
1.728169125691003671e+00
2.420899499697343860e+00
1.979797622059841444e+00
1.860194824242952016e+00
1.672044982131910551e+00
1.467041993279593726e+00
1.749904256786972923e+00
1.962524762095623210e+00
2.185865956227620810e+00
1.802207247582445993e+00
1.734306268503272852e+00
1.733185006826677865e+00
1.369407172098876302e+00
1.244839531650692388e+00
1.257491068736042106e+00
1.214514937868239386e+00
1.400691264216417986e+00
1.251881140866178521e+00
1.189157009409341992e+00
1.604690119337158327e+00
1.781805588875899904e+00
1.786680152722883053e+00
1.591566372863391532e+00
1.633242475911948377e+00
1.543281980779379614e+00
1.401739267516020293e+00
1.040948162397139498e+00
1.600819031089435018e+00
1.916607431465663147e+00
1.504506631816815876e+00
1.570155007569520533e+00
1.701957175268516087e+00
1.923291786086987365e+00
1.939280275629310601e+00
2.040722857335795393e+00
1.558159275651629150e+00
1.532513226503113390e+00
1.724510122456395678e+00
1.777087550290790574e+00
1.979207506512526749e+00
2.023988626120784229e+00
1.779455549382560342e+00
1.874637031796035691e+00
1.529409907098519428e+00
1.703149421780507211e+00
1.595536604814718151e+00
1.766498935929244229e+00
2.022071952924669347e+00
1.671351050381480352e+00
1.717124993511609521e+00
1.735667572699281180e+00
1.701967576964189321e+00
1.660852843627932174e+00
1.742548749650489670e+00
1.347276869724750581e+00
1.594162813448378513e+00
1.432332734839062427e+00
1.245432801374966481e+00
1.842215237471078737e+00
1.746495390273655746e+00
1.592986391357558817e+00
1.893425510073500240e+00
1.887384077636705904e+00
2.241002637118867824e+00
2.240210817852261282e+00
1.931041236502186287e+00
1.815548668472259042e+00
1.819974023135836338e+00
2.069072161564793344e+00
1.630806325978326088e+00
2.232220350329191749e+00
2.588618375646342784e+00
2.271696048332570328e+00
1.364819601279481764e+00
1.563637616471394765e+00
1.842766608077091250e+00
1.727625231419263940e+00
1.411292715574706369e+00
1.406104842646271447e+00
1.347207817151893749e+00
1.164261071166764916e+00
1.175740082615090554e+00
1.406954044787423586e+00
1.740816600588762642e+00
1.566457124572210091e+00
1.339742710053214658e+00
1.495878592399105367e+00
1.302742126415453283e+00
1.305750007361500709e+00
1.356356966805964070e+00
1.670895927914709533e+00
1.420485593826981807e+00
1.277928167760026490e+00
1.390993795258039345e+00
1.613976908202137572e+00
1.627364802213504991e+00
1.746532120361832474e+00
1.760598076502851050e+00
1.406850702673891895e+00
2.020288917317937472e+00
1.623173804007174370e+00
1.431697795768994919e+00
1.306869196791216936e+00
1.623147726155188764e+00
1.567263251857419659e+00
1.635776487163117299e+00
1.759382819741978965e+00
2.092014543094331103e+00
1.646988670320314263e+00
1.991006687659864882e+00
1.642752922033404506e+00
1.342285814544630584e+00
1.548110236884082225e+00
1.698532569131292025e+00
1.517611258949030706e+00
1.555735493096625843e+00
1.633328052213901316e+00
1.739624334995019783e+00
1.712363852226484573e+00
1.476012352852937859e+00
2.024087041377162333e+00
2.003057670582320426e+00
1.990169821452638432e+00
1.858301064167560135e+00
1.722304822015783277e+00
1.710261228173431292e+00
1.414376248909373857e+00
1.240689493836012458e+00
1.289260345848165734e+00
1.402472258420897733e+00
1.416528804850845091e+00
1.712445169964639469e+00
1.597628258808373003e+00
1.615685357326774652e+00
1.466118766839522136e+00
1.556979590718917006e+00
1.655341650453626023e+00
1.558789958138619092e+00
1.612164274311334466e+00
1.611136735935473796e+00
1.713997572525302493e+00
2.122060850847147684e+00
2.369765989243117321e+00
2.374987707815697568e+00
2.050052547003952785e+00
2.264186484765057017e+00
2.168593075736041875e+00
2.155842647320211913e+00
2.251010201344946893e+00
2.013769340711107247e+00
1.754836717632073162e+00
1.674553203197670648e+00
1.893018417206660864e+00
1.859849685881765247e+00
2.002832016645605950e+00
1.338167138381892052e+00
1.246313062177558217e+00
1.654038841465158560e+00
1.380295773396819747e+00
1.541518937841133807e+00
2.008866807009915600e+00
2.342143408306933239e+00
2.062291732320642446e+00
2.396903911781373964e+00
2.202950525077388644e+00
2.300751693406556164e+00
2.121814702651953599e+00
2.245300127948757662e+00
1.953380637889550631e+00
2.078068876246750740e+00
2.038397834051282054e+00
1.771671577409863474e+00
2.056712106825411723e+00
1.662429866858557093e+00
1.434858097566585222e+00
1.628824573555053279e+00
1.528069847134954751e+00
1.616495087627591865e+00
1.602718418587152360e+00
1.398747148745926427e+00
1.348350410941763888e+00
1.483501865560630906e+00
1.497354340336880085e+00
1.294228662546324626e+00
1.254396868437803514e+00
1.168132619677224815e+00
1.240558983899766154e+00
1.296368663071572724e+00
1.359946929774195290e+00
1.181464293227405538e+00
1.328427223310487015e+00
1.128542571464065780e+00
1.194339003026892998e+00
1.365118101065437628e+00
1.526670283754222313e+00
1.651473714863367137e+00
1.419030552872585726e+00
1.692045372631915789e+00
1.819770870893467452e+00
1.871444210430704080e+00
1.760004593500434700e+00
2.085655655843438705e+00
2.182265254851982750e+00
1.978752050670332885e+00
1.912539314331528573e+00
2.380260278266511431e+00
2.264081005615536046e+00
2.071832385138848487e+00
2.408059053333861943e+00
1.955754396937140260e+00
1.609847793475546185e+00
1.671526124792027890e+00
2.227705048232076379e+00
2.118709448042385368e+00
2.002297831485591484e+00
1.806672157820965907e+00
1.704299660642587755e+00
1.324459203558529641e+00
1.998946900808460603e+00
2.176466548254986311e+00
2.220487793651548802e+00
1.978696134311508592e+00
1.668903745166509189e+00
1.367649420434418950e+00
1.516584582235019685e+00
1.709630124921927674e+00
1.740053673890826547e+00
1.428136341935408282e+00
1.353731411735388246e+00
1.400220381968960481e+00
1.280297575213277472e+00
1.277247465222538736e+00
1.553422125416574762e+00
1.839816521584317854e+00
1.918622188383211968e+00
1.379127418571270303e+00
1.679153267013045792e+00
1.642792331090378255e+00
1.615736891183364055e+00
1.692453851132697196e+00
1.506645447977920105e+00
1.468342943146231594e+00
1.161103428514163038e+00
1.342211971590585584e+00
1.459697211996318300e+00
1.680142497812227909e+00
1.561102400697005566e+00
1.455070458456172000e+00
1.694199023313223584e+00
1.200075924083745749e+00
1.194379271141878140e+00
1.354938731108159544e+00
1.392735578191972134e+00
1.453154797303084500e+00
1.516565552052846044e+00
1.597429791278998312e+00
2.116674208165761684e+00
2.059253041787754146e+00
2.147250051583337260e+00
1.993104311201900458e+00
2.110634316479462758e+00
2.475114058817550422e+00
2.410016796495781488e+00
2.227241623994057118e+00
1.917870468945222839e+00
1.636028318525637237e+00
1.742731067951272639e+00
1.248298234335256884e+00
1.475849106591694104e+00
1.570372737124983153e+00
1.451639236504101760e+00
1.544120727680025951e+00
1.344449318753007772e+00
1.199104018461502053e+00
1.415377750073258944e+00
1.341345626452596029e+00
1.461677174040319382e+00
1.301572294777374461e+00
1.206732172836072259e+00
1.406862412274633378e+00
1.458076424158792017e+00
1.401445082973167722e+00
1.274197112044295421e+00
1.470814996740286373e+00
1.524299819078143825e+00
1.363716870714679175e+00
1.740052664070858235e+00
1.530971524890257562e+00
1.899853789290082418e+00
1.735003729452218479e+00
1.930740485483140034e+00
1.763117710213336853e+00
1.561600424681180321e+00
1.549860971161769241e+00
1.844855482790171752e+00
2.013848234280964711e+00
1.873457788813446712e+00
1.999395755182615808e+00
1.797396625460890407e+00
2.021215854733312778e+00
1.866361737958304845e+00
1.716098962545286710e+00
1.505431185286847384e+00
1.364433610348427806e+00
1.443825366485873340e+00
1.649376501097552739e+00
1.914232854540568018e+00
2.028135138633993417e+00
1.857634990821955157e+00
1.506640509572991560e+00
1.658601847851086220e+00
1.889592661664553974e+00
1.815496211095400270e+00
1.737094968211411627e+00
1.388559788182818444e+00
1.019922503512008305e+00
1.384799731668185485e+00
1.640910635896611014e+00
1.765494736671381792e+00
1.637201320159916484e+00
1.929873862408642227e+00
2.146604754753018707e+00
2.170486676712894525e+00
1.792546143327752306e+00
2.251351137643290201e+00
2.208639863802142500e+00
2.336442045883072360e+00
1.907454259435642285e+00
1.919665727526633781e+00
1.839798460723263807e+00
1.649706310801642317e+00
1.526022152054693271e+00
1.376779302531821125e+00
1.241907177225331171e+00
1.516057638359237458e+00
1.940320969588063438e+00
1.673194044616614251e+00
1.853806068951337371e+00
1.955297776545892763e+00
1.749410870324680012e+00
1.497620244918235199e+00
1.510092436594438148e+00
2.014848661785722861e+00
2.166381048357134187e+00
2.073492771186070893e+00
1.914801975910217724e+00
2.087788875594566829e+00
2.396379123036843861e+00
2.199571159648319174e+00
2.125298912181803335e+00
2.538614314059379762e+00
2.439018793406272589e+00
1.951607393021012715e+00
1.712107019648745343e+00
1.710215263501301486e+00
1.561302232064644357e+00
1.417678794136004061e+00
1.383469074906065632e+00
1.630011699801588554e+00
1.576747160903232636e+00
1.379424524122491613e+00
1.133988951286038827e+00
1.528917100993201883e+00
1.944677118936784188e+00
1.908168251317215569e+00
1.869781875614119571e+00
1.951891076974768158e+00
2.035924323792984492e+00
2.085507637030302952e+00
2.108629796509404297e+00
1.870867719080685276e+00
2.132322907812199908e+00
1.984050545885457373e+00
2.251052170143768461e+00
2.160138179430882932e+00
2.199820657336935437e+00
2.556149805233799199e+00
2.673396948762636782e+00
2.435245169250602970e+00
2.711911638568949900e+00
1.913531323844735343e+00
1.768505656181255992e+00
2.010983026903282234e+00
2.097640274053682141e+00
1.799559958179233199e+00
1.725351861157004452e+00
1.699257942549850631e+00
1.430436438073690475e+00
1.305087068049837873e+00
1.395246344534982086e+00
1.526060166336556279e+00
1.262461058706515926e+00
1.628223374808186463e+00
1.483241910000933528e+00
1.526338038831536403e+00
1.459858788120825590e+00
1.360470034247838189e+00
1.336207846476314298e+00
1.642311879478167924e+00
1.286729091422182947e+00
1.483310701060360781e+00
1.608481888073821864e+00
1.555082898341898279e+00
1.473872470709195470e+00
1.425354911319434148e+00
1.580939261420430952e+00
1.404526854134163338e+00
1.446978339063738739e+00
1.437810650787710198e+00
1.029286001126127337e+00
1.524541456748598645e+00
1.224008784061848987e+00
1.395343603812836619e+00
1.528778881186485528e+00
1.420541600569556806e+00
1.477183977338644372e+00
1.311370269000512678e+00
1.444572747381980715e+00
1.499086184698311452e+00
1.462341881720813364e+00
1.560743448600366179e+00
1.168956531500452201e+00
1.434601615759317994e+00
1.661606042635770386e+00
2.404789040318895399e+00
2.128869785276390481e+00
2.403541666622063033e+00
2.405830257629077096e+00
2.148571423701429950e+00
1.955827481557729897e+00
2.037454142374842458e+00
2.132993232024869013e+00
2.516374916195898148e+00
2.283712820501531127e+00
2.142417319682063503e+00
1.553623218526383631e+00
1.712367898810844169e+00
1.776293248580338435e+00
2.084393094836694438e+00
1.993680360947019281e+00
1.945212755476840805e+00
1.777592614705049145e+00
1.980118225485545835e+00
1.782333852688836151e+00
2.001517912223919726e+00
2.249201014052029546e+00
1.853829501567696214e+00
1.308903908699599050e+00
1.232353462290724844e+00
1.338979126249235874e+00
1.418928491524476643e+00
1.330525925639858498e+00
1.406116578182297516e+00
1.393109212977020173e+00
1.319837272826938079e+00
1.307282620050790989e+00
1.438114710429465815e+00
1.410873216655909701e+00
1.781787861348574253e+00
1.934908404576830110e+00
2.071918260954238811e+00
1.933114457697270527e+00
2.048456428604163104e+00
1.684558097168987523e+00
1.475994628528805030e+00
1.707665951037031782e+00
1.600118391699842268e+00
1.250614040131367899e+00
1.330667298755628059e+00
1.618507069209229599e+00
1.558374100286148645e+00
1.497819973477536148e+00
1.668600978787805333e+00
1.642882080584454174e+00
1.592018975521426238e+00
1.371451109105588761e+00
1.726349506260753675e+00
1.354949143555854052e+00
1.564929342799231904e+00
2.167801753840892243e+00
1.528713782317642211e+00
1.583541348819639039e+00
1.515598810396636908e+00
1.772563772550425076e+00
1.767108012016306517e+00
1.438835236228708903e+00
1.345934012201950303e+00
1.320715029189384770e+00
1.377972198523069070e+00
1.392434231092593011e+00
1.490057818179184146e+00
1.697419957218762931e+00
1.712066350557002625e+00
1.592919571917784882e+00
1.366617408819204904e+00
1.528301416752462449e+00
2.025191990847064361e+00
1.791358870779446777e+00
2.036166025083241404e+00
2.109404488138461264e+00
1.788836976038161497e+00
1.893805198617430463e+00
1.574027806534807894e+00
1.262688705636655140e+00
1.290426470503447831e+00
1.531537189496622986e+00
1.493290076472566952e+00
1.798780695720191281e+00
2.389055238324547581e+00
2.456290809807439857e+00
2.289604816375008678e+00
2.061283862948604106e+00
1.870785100448372651e+00
1.744760455101686647e+00
1.880142429973486351e+00
1.491189428416468621e+00
1.730385666478244433e+00
1.903818043924398129e+00
2.008554500017363686e+00
2.176559204675574399e+00
2.233289053534596391e+00
1.931705701502422601e+00
1.989121503341493735e+00
1.882222428465421649e+00
1.434933865147389742e+00
1.584025232834917141e+00
1.278583562308711397e+00
1.486765962066360913e+00
1.445157456006358920e+00
1.505162304899039460e+00
1.429244374456234867e+00
1.498247998768407419e+00
1.730111169945024008e+00
1.443384889115975067e+00
1.551155471032787947e+00
1.541877111843417802e+00
1.370797088709914568e+00
1.789244206008750115e+00
1.332340500692767993e+00
1.323338819988459703e+00
1.441915068723957027e+00
1.404854097650198641e+00
1.310411270422077834e+00
1.428083113025518269e+00
1.174296718648730753e+00
1.218887496703145557e+00
1.303489423655348034e+00
1.589041331036543658e+00
1.603845120891759457e+00
1.921938416470412525e+00
1.793237821376109098e+00
1.817174133585588880e+00
2.492992862276651955e+00
2.438769390926647240e+00
2.126628182134331801e+00
2.317695551672938059e+00
2.034368136777927827e+00
1.873282177068577470e+00
1.687878543417157040e+00
1.659688969738633224e+00
1.499316316051014564e+00
1.685224810501776638e+00
1.599995996138683818e+00
1.561732485130026493e+00
1.362561790843695997e+00
1.548461134679922635e+00
1.565964486497401609e+00
1.834093459222614797e+00
1.838536271228424113e+00
2.201586642775008595e+00
1.938537018976731474e+00
1.778525706144700180e+00
1.667309026147536288e+00
1.518827005448498468e+00
1.817499950887413451e+00
1.577751315942212074e+00
1.930894676665063869e+00
2.056723970254216827e+00
1.903902675929502131e+00
2.055429403208183015e+00
1.925669932969622522e+00
1.651058758316667152e+00
2.381594165477044722e+00
2.076904845983691406e+00
1.730076326650670016e+00
1.532674012403743236e+00
1.834694493915894897e+00
2.037998692627622788e+00
1.830024790250805999e+00
1.569399584461770747e+00
1.826932959246927002e+00
1.778559295686436670e+00
2.150451923002169696e+00
1.987408654052600809e+00
1.782824540169001271e+00
1.989606414482924412e+00
2.120401939283268256e+00
2.138581599345523721e+00
2.290173977087368584e+00
2.083884518114177187e+00
1.746264246749176685e+00
1.631884838732996945e+00
1.637578237680830329e+00
1.871903365871148583e+00
1.817336659681712208e+00
1.913217283575783911e+00
1.649337463930034220e+00
1.453754268371822755e+00
1.343639124628203119e+00
1.228311066169987864e+00
1.452479454298993389e+00
1.235976985579203102e+00
1.549794917272019568e+00
1.576780982118370922e+00
1.620030043911879991e+00
1.541777146905251694e+00
1.281820384715610217e+00
1.569129533080573236e+00
1.585055357040414448e+00
1.502155880679073574e+00
1.903082685455729006e+00
2.044773912272165983e+00
2.080342293887779359e+00
2.131714366626410673e+00
1.837597952685090519e+00
1.959336059442122524e+00
1.515704461981270068e+00
1.688917099418929313e+00
1.588512943023587143e+00
1.479179546101881071e+00
1.657436559090251116e+00
1.782751403261205514e+00
1.609609513870975395e+00
1.941855926637131580e+00
1.969109565144772311e+00
1.812761995245353974e+00
1.378792790161894155e+00
1.484530282391953726e+00
1.630304547039757468e+00
1.487029233822473095e+00
1.521343827946936678e+00
1.659576244261850464e+00
1.440594579197173708e+00
1.135730750673612732e+00
1.394757392129260865e+00
1.416090917800979732e+00
1.397888854663028146e+00
1.433236306108453206e+00
1.356037079362982123e+00
1.369919893275796996e+00
1.568009648525509947e+00
1.519652801076048609e+00
1.663528304081412390e+00
1.620572682271931519e+00
2.031033160775348012e+00
1.937835556440119067e+00
1.711926113529536053e+00
1.613610595954857452e+00
1.730982227893055558e+00
1.522708117079538237e+00
1.932413556788985076e+00
2.064496215491760100e+00
1.629005651994136716e+00
1.663029599997917662e+00
1.783864322314115292e+00
2.062919399396159204e+00
2.093721327189118409e+00
2.057488353378170043e+00
1.865140204129734913e+00
1.978173438008129725e+00
2.069042611113861341e+00
2.367179970407285783e+00
1.855211316731625093e+00
1.762820211088033551e+00
1.754909450517131653e+00
1.889785060385321902e+00
2.188947143360637337e+00
1.856375434120155710e+00
1.623176563888009127e+00
1.603956393670578295e+00
1.705977561342124194e+00
1.776046697507339900e+00
2.015916127885922116e+00
2.204006904311774928e+00
2.193123802175558357e+00
2.139084761627318976e+00
2.088111763046913705e+00
2.269382829545086633e+00
2.369644595633385808e+00
1.912745072916993028e+00
1.831363650805512222e+00
1.615222238367611585e+00
1.661418857408407668e+00
1.536112046477914772e+00
1.715603562678548188e+00
1.870486680994585926e+00
1.269371228311358735e+00
1.755957737324104873e+00
1.502347730340514609e+00
1.617940203043830794e+00
1.447186713811130065e+00
1.549800472624595082e+00
1.697725998840527994e+00
1.618750575921299450e+00
1.256971815314701368e+00
1.453843368601588359e+00
1.194027196492183140e+00
1.195989924794129911e+00
1.253489531668142032e+00
1.414548253135942568e+00
1.227354854986338228e+00
1.389917253199195457e+00
1.483723438826833441e+00
1.464818140256658019e+00
1.538023765255184250e+00
1.749316467551819576e+00
1.906551663975043276e+00
1.862322381118055148e+00
2.123784339900522511e+00
1.919108017906520081e+00
1.865715314549214243e+00
2.035947890099807811e+00
1.937309100764982084e+00
1.614209372978344881e+00
1.464357919109313899e+00
1.972373878365956790e+00
2.478138437638646607e+00
2.179321783003395741e+00
2.302538506735126500e+00
2.289966022396072720e+00
1.912949994423000621e+00
2.061167108191408914e+00
1.967534113226713233e+00
2.014859726450574318e+00
2.175886474281043981e+00
1.935550189865764770e+00
2.069879705577349238e+00
2.203727224117665084e+00
2.342321431286279232e+00
2.080870125709620932e+00
2.512610202125933334e+00
2.309013331091151588e+00
2.251700085418411934e+00
1.775238955059819324e+00
1.780223722349352444e+00
1.394739643017144815e+00
1.553445098000707514e+00
1.772749106916968076e+00
1.457978412428174941e+00
1.343732796288426234e+00
1.536333383752418458e+00
1.806536724069720323e+00
1.763861746468799341e+00
2.053335668813685899e+00
1.855888416652532902e+00
2.188147194752031677e+00
1.943333831973087289e+00
1.748587015710878934e+00
2.066775604634732755e+00
1.963441796086027313e+00
2.636527616307287047e+00
2.068640409328673879e+00
1.913893380162142721e+00
2.160660347250821456e+00
2.410554936394034620e+00
2.242596449003654069e+00
2.135270832263403307e+00
1.795493333517437451e+00
1.653787957235865136e+00
1.736771401850445873e+00
2.198667614250131574e+00
1.901097269708731163e+00
1.834015134351800302e+00
2.254958016048671965e+00
2.369215676292558470e+00
2.160922538985980523e+00
1.703283922583247678e+00
1.685306909584620927e+00
1.458682065162340225e+00
1.381783097877237854e+00
1.445130623861560437e+00
1.283567920163866560e+00
1.101986078838023131e+00
1.308799364035441393e+00
1.310127099191833899e+00
1.225513694674587484e+00
1.306611119591037262e+00
1.615253268270447240e+00
1.547360660398121590e+00
1.425437520917236967e+00
1.212623831054469470e+00
1.574231726304069934e+00
2.030736615035237058e+00
1.751993032171451192e+00
2.055542352990409327e+00
2.291278657103330119e+00
2.340762367129340937e+00
1.938477502875515457e+00
1.318443592126915753e+00
1.269757703526749992e+00
1.693321907824033135e+00
1.731929925251703750e+00
1.473518335688740244e+00
1.675654924677087765e+00
1.481528912953036681e+00
1.733422553405241873e+00
1.724299286531869813e+00
1.770017381411654656e+00
1.879706505379274306e+00
1.561578851471455032e+00
1.761227986678503221e+00
1.876204297370097862e+00
1.633993254713822951e+00
1.818389602107252090e+00
1.991526945239894708e+00
1.841575197959181232e+00
1.554746410464843187e+00
1.314701201157513211e+00
1.317809028733864629e+00
1.454257826772597184e+00
1.425068057622177475e+00
1.052581285101896524e+00
1.371657239311054433e+00
1.381780350726764528e+00
1.371773241914219454e+00
1.393236916422656790e+00
1.565064183215229221e+00
1.257875132913921945e+00
1.417643460480392470e+00
1.185292395977923574e+00
1.278073808351698037e+00
1.493382246607536379e+00
1.439688299525309523e+00
1.372066271353993949e+00
1.872835027645349371e+00
1.921462079493513109e+00
1.839122098561073004e+00
1.842941791824837638e+00
1.960049598235415136e+00
2.085096052878552264e+00
2.150034151192853127e+00
2.181123781510967863e+00
1.878977433989137413e+00
1.458649187180069973e+00
1.215719416723493929e+00
1.343201172341800698e+00
1.550461734304847461e+00
1.479992094112595247e+00
1.464844183164927038e+00
1.686473708376332370e+00
1.825944714280874681e+00
1.595930003029969235e+00
1.583358770287884409e+00
1.449779368259366708e+00
1.541448614330960032e+00
1.818641518232607002e+00
1.667767688969371553e+00
1.812556351490879569e+00
1.868737795985488948e+00
1.563172403379545328e+00
1.581153975534264733e+00
1.370453155395821021e+00
1.437930898261059243e+00
1.485710764542512941e+00
1.481799959258370158e+00
1.601294457284987871e+00
1.794437934398197543e+00
1.894787518018566930e+00
2.060128937491371381e+00
1.916560862245864305e+00
1.487385049183257202e+00
1.605334534642399946e+00
1.846401374086374503e+00
1.884379455507502632e+00
2.113250460293636390e+00
2.319147077769329268e+00
2.039725713508557359e+00
1.898625285269003315e+00
1.759180323299569526e+00
1.765638367880125514e+00
1.857464287576646500e+00
1.414299374377856466e+00
1.188784293905972511e+00
1.706827235998685799e+00
1.654647291655229058e+00
1.874558512578891500e+00
1.614826744881547205e+00
1.581732644943182553e+00
1.701376975592197471e+00
2.075510720119168262e+00
1.349258259936697346e+00
1.844779150890562214e+00
2.075838976266476177e+00
1.670127220629028075e+00
2.535450453750375033e+00
2.384015417854457919e+00
2.556150597330184127e+00
2.277687742880959210e+00
2.167873197712818278e+00
1.831188579615254275e+00
2.152728938918984536e+00
1.619508688402637731e+00
1.608605095076248492e+00
1.929855920831002436e+00
1.913398092966480668e+00
2.229894593343930698e+00
2.073505367175130232e+00
1.733676900651728303e+00
1.719794737547010177e+00
2.129763633944171008e+00
2.043734909019976342e+00
1.879096508675790478e+00
2.507620228054211697e+00
2.368634026205378440e+00
2.169905107044324932e+00
2.078537597214704657e+00
1.904173570634480006e+00
1.658186466896280242e+00
1.744807518541813707e+00
1.939997121860282725e+00
1.970022868699976559e+00
1.718257428811634346e+00
2.026885836573841804e+00
1.900624309105509502e+00
1.896299559350885566e+00
2.319466309826541561e+00
2.308419598376310056e+00
2.257180364265099826e+00
1.978982468643805337e+00
1.503336800291879438e+00
1.615686298041731250e+00
1.902548315616482855e+00
1.838548809294680231e+00
1.505158230996259228e+00
1.368593267676826875e+00
1.166020248702886342e+00
1.487507250114808777e+00
1.571161332840806502e+00
1.849234646383504099e+00
1.722888955094656005e+00
1.870919997060025652e+00
1.998768317292363594e+00
1.680052119065242655e+00
1.776131716654901993e+00
2.033127168866172507e+00
1.786857284507922472e+00
1.615435525406057282e+00
1.811760480670689066e+00
1.676698006647677319e+00
1.386394288651678464e+00
1.579433196999286082e+00
1.679378668098508776e+00
1.449576126294169987e+00
1.718019245654624827e+00
1.597428323511403292e+00
1.936535717422573244e+00
2.001515770695033947e+00
2.089100678978919046e+00
2.115168838415346642e+00
2.165280326174427117e+00
1.882123901433069735e+00
1.893838993708514939e+00
1.461352704904302469e+00
1.499518629281082482e+00
1.396889143517458853e+00
1.496191786262128343e+00
1.451584166480012206e+00
1.737889100517568508e+00
1.361071434298874783e+00
1.327881686763477953e+00
1.547154549474193175e+00
1.818699536781974935e+00
2.209630486466340749e+00
1.665383993085844949e+00
1.708815271833008742e+00
1.708986498194887460e+00
1.383345624378360172e+00
1.428765161934549166e+00
1.306835463278195997e+00
1.614664979472727246e+00
1.491939630018147334e+00
1.658117394671353217e+00
1.860375232594003281e+00
1.639605847821878459e+00
1.533742849712375289e+00
1.376793595085139543e+00
1.689233567757113308e+00
1.828759145493172866e+00
1.901005563518489483e+00
2.178706294666648002e+00
1.999940683276014930e+00
1.920005485506512066e+00
1.759230175642318761e+00
1.743251285850833554e+00
1.792914290236494512e+00
1.691968571109277564e+00
1.921533681099089952e+00
1.572736220388142758e+00
1.391943729387468132e+00
1.547333812863794122e+00
1.353071337460740819e+00
1.278842007658811397e+00
1.506061718017011941e+00
1.450564131044724370e+00
1.533941398412701496e+00
1.746855625728612527e+00
1.470981894034250059e+00
1.427914506799100147e+00
1.700855927694068459e+00
1.814694575388259512e+00
2.180422917976696517e+00
1.827629435230588628e+00
1.563327966981134409e+00
1.794216113496078124e+00
1.910641254190363014e+00
1.986982511385805727e+00
1.786323625910801516e+00
1.439957971305476203e+00
1.392847090041344105e+00
1.497569728764158725e+00
1.507604173627582922e+00
1.289225017441020471e+00
1.581373294548443553e+00
1.721198995555757838e+00
2.148547927912800137e+00
1.690219460466585666e+00
1.611618327686314522e+00
2.098611168370288826e+00
1.690919921959533001e+00
1.408441017125124928e+00
1.585335405881465043e+00
2.030298308299616661e+00
2.138805765410585646e+00
2.470021460077175490e+00
2.345167486711625671e+00
1.890899463128201452e+00
2.229284600772021285e+00
1.724070633490805138e+00
2.101279153249659526e+00
1.891685647697944894e+00
1.486096918639797870e+00
1.456098848842783733e+00
1.388907041962430533e+00
1.459407811620768491e+00
1.892795149447532133e+00
1.602229304247488662e+00
1.467332524775169622e+00
1.294808630026840657e+00
1.730612208241209649e+00
1.532485718797155227e+00
1.316381124371463596e+00
1.355669960611752378e+00
1.481184205080242622e+00
1.381260294291751123e+00
1.575941186204306010e+00
1.937703932512276239e+00
1.907612720086929947e+00
1.973713482919833950e+00
1.915483570876701069e+00
1.997109973121794058e+00
1.971526107264066630e+00
1.829514670312649471e+00
1.651553478615987558e+00
1.827571393184558524e+00
1.878606132675513685e+00
2.330636163863465615e+00
2.020181420762619862e+00
1.874659491695746416e+00
2.082342377893522833e+00
2.086945277918653030e+00
2.102902952103899104e+00
2.264909514083958353e+00
1.824792934761552132e+00
2.173938702253602084e+00
1.843402538025820325e+00
2.101735073448499858e+00
1.902032467602675414e+00
1.906220765196797728e+00
2.049508907572961114e+00
2.216811324470442823e+00
2.081603364415334223e+00
2.002253425638718998e+00
2.043475913137604572e+00
1.624344665027123158e+00
1.984477386111935804e+00
2.054817335434600434e+00
2.473492413169713355e+00
2.463049349762159945e+00
2.127303963845327939e+00
1.535553727785980982e+00
1.905006351615736282e+00
2.119515412421907552e+00
2.167775970064868218e+00
2.139316149589901794e+00
2.268553252390216546e+00
1.746105271442831786e+00
1.593030879798363442e+00
1.474850938236798026e+00
1.903385743968814658e+00
1.528147629168510990e+00
1.845227562119842180e+00
1.543991270011730643e+00
1.617319043850514504e+00
1.473251809216049146e+00
1.412712771004194012e+00
1.660794675479808635e+00
1.616490108482658172e+00
1.374859749470705772e+00
1.572293769579929057e+00
1.722872396181027499e+00
1.986829736336266583e+00
2.134624625117491181e+00
1.582639093845594092e+00
1.716072974462166556e+00
2.266484011892851758e+00
2.109051158937783388e+00
1.833775954884538706e+00
1.638313218372007718e+00
1.486045477642171875e+00
1.673223170473114862e+00
1.517341112489889898e+00
1.432277428891230997e+00
1.587470157860150444e+00
1.800940565820911665e+00
2.156789436188646825e+00
1.929112225598474728e+00
2.113661591415336716e+00
1.775180349823786585e+00
2.130450142879052322e+00
1.946995303838666702e+00
1.776667491211083139e+00
1.863619790401531917e+00
2.268015244531773167e+00
2.246640314664263727e+00
1.943330157092622024e+00
2.528039604692937203e+00
2.375064539716878365e+00
2.023046576636652105e+00
2.072899033213584818e+00
1.987335770721278649e+00
1.929968879058417519e+00
1.948280745031190087e+00
2.074755282631756348e+00
2.532483910763973611e+00
2.060784449518640926e+00
1.978812633120337061e+00
1.837179639210306803e+00
1.629471456668334817e+00
1.855320506971344763e+00
2.215588923786071085e+00
2.879320199482922504e+00
2.633527561685993224e+00
2.364062552975031206e+00
2.529068131673398057e+00
1.956561246225405615e+00
2.215533661463679582e+00
2.010289020687398232e+00
1.889691925144441065e+00
1.812673890216181638e+00
1.704710493762925827e+00
1.810609686240307825e+00
2.223222730798066760e+00
2.034541370349275624e+00
1.960043335863245417e+00
1.484187626722775155e+00
1.583863514929506833e+00
1.589918763388551426e+00
1.443552566696437056e+00
1.427522972423475256e+00
1.639621471221719862e+00
1.884882849024932527e+00
1.847276721890365181e+00
1.734866965891999291e+00
2.002086519103785101e+00
2.161441719528448768e+00
1.848519441235563221e+00
1.913769961092026239e+00
1.967710506164759510e+00
1.855133959880101990e+00
1.656234598062445773e+00
1.547672655999092095e+00
1.426552250720778403e+00
1.383776242639669807e+00
1.681155033440456137e+00
1.744085933334039940e+00
1.515846384132349289e+00
1.463249926581597471e+00
1.451898852090151681e+00
1.523639001657572267e+00
1.742812532042694817e+00
1.575660764653991075e+00
1.995403727164201335e+00
1.931439064208627876e+00
1.732428834433319187e+00
1.497849534726521048e+00
1.723954959479845783e+00
1.610733920695781807e+00
1.600087753357987586e+00
1.598287081530483267e+00
1.637648171758124604e+00
2.002339029125021597e+00
2.080077101723638577e+00
1.951737370059279941e+00
1.719767308010213602e+00
1.769928447505459745e+00
1.691302135462707135e+00
1.794938305575496162e+00
2.153513003992797881e+00
2.209122931811502877e+00
2.363408264781207802e+00
2.035986117436719756e+00
2.131059006345477069e+00
1.911907002095180275e+00
2.050954708472682686e+00
2.089151279742624823e+00
1.782048649039964516e+00
1.768761138839631375e+00
2.100638493465535106e+00
2.248771542678854818e+00
2.183371341248820929e+00
2.132616906986021466e+00
1.934124849530417523e+00
1.585805049038412795e+00
1.684375304663983997e+00
2.320367321293328455e+00
2.352591632144850120e+00
1.945203791501343149e+00
1.870877634838391534e+00
2.016736364925964864e+00
2.165100598256489484e+00
2.266392177454260359e+00
2.598390332435842165e+00
1.856459090042686277e+00
1.633411398644814883e+00
1.586224828131960862e+00
1.723265977804622429e+00
2.074416525268861999e+00
2.113096755910021329e+00
1.916154849851285480e+00
2.211468593952032435e+00
2.024312882622766097e+00
2.000432966522044165e+00
2.267196953630665757e+00
2.129724213984102388e+00
1.943875828835340602e+00
1.754503464801654644e+00
1.764758753599603214e+00
1.236513688587326243e+00
1.602550986067429406e+00
1.557956981763036097e+00
1.821488085282165770e+00
1.392691909421235108e+00
1.436851610610885510e+00
1.583322134009950144e+00
1.890639260830362378e+00
1.686066557530102372e+00
1.488720173753495857e+00
1.819111591357769786e+00
1.261010986948860157e+00
1.187121650169230991e+00
1.427762510672890395e+00
1.601389433079417834e+00
1.671594645505113608e+00
1.600170917106881197e+00
1.608916237972255914e+00
1.785182251916429541e+00
1.633363561753046200e+00
1.619149854924726739e+00
1.618751258562884487e+00
1.456044477593087194e+00
1.424873910164740964e+00
1.603103196550067056e+00
1.530047910082867668e+00
1.243084213051101505e+00
1.395429029641690466e+00
1.362729902900013279e+00
1.543058652142295983e+00
1.539772689461073041e+00
1.564302229955235379e+00
2.118553831611094118e+00
1.682768505008023219e+00
1.808877849661159054e+00
1.645086358603514043e+00
1.206427945572888127e+00
1.732678011385965666e+00
1.643090158618136787e+00
1.701006444035068288e+00
1.722359393618305035e+00
1.678174722852383782e+00
1.566608520216221212e+00
1.917385200580886462e+00
1.985657527968364811e+00
1.809640716517210368e+00
1.579808209535352059e+00
1.508553831692260871e+00
1.384667294826247286e+00
1.256175756947492284e+00
1.388351243876829955e+00
1.595710728604805784e+00
1.513840163877717915e+00
1.492898140102783877e+00
1.385146000406857647e+00
1.556706908351036311e+00
1.174540605686933192e+00
1.416769667738540850e+00
1.652066913620255040e+00
1.493867991136587525e+00
1.716940741980564455e+00
1.813689299473565830e+00
1.964873919542110547e+00
1.861378173975182904e+00
1.990011979089398197e+00
1.655532471767570790e+00
1.665349089790045145e+00
1.502976654317850214e+00
1.311022664962022910e+00
1.432116440221567810e+00
1.603440958257661197e+00
1.788358119068315322e+00
1.821409133339887410e+00
1.842638969664667004e+00
1.960351708930856418e+00
1.608632043756808017e+00
1.618054347622845057e+00
1.308776122463504166e+00
1.270853988427984582e+00
1.399942213270016111e+00
1.280886812186732282e+00
1.609367358458780206e+00
1.686340152078130927e+00
1.944175430439745389e+00
1.902019552472119290e+00
2.029014304754633624e+00
2.069421116259718474e+00
1.683484741332830659e+00
1.540628250433258684e+00
1.961796312774049644e+00
2.474457009959484921e+00
2.603363027185588319e+00
2.171745907978992474e+00
2.320540572648827737e+00
2.163594049364773397e+00
2.030341261125756080e+00
2.303154145591472357e+00
2.011794904792816308e+00
2.117543741992313766e+00
2.325972051955114139e+00
2.022330318982775932e+00
2.001070920497056704e+00
1.516157971269377125e+00
1.480654595678294383e+00
1.604083802500918754e+00
1.605102420329199475e+00
1.387154637044558436e+00
1.495506979082718235e+00
1.439357249985470766e+00
1.438789627960971540e+00
1.358376776369188743e+00
1.404347089870652487e+00
1.664087995018426858e+00
1.581438282749240587e+00
1.556323472938703212e+00
1.894611249516618745e+00
1.834381588129448959e+00
2.226690949388721030e+00
1.736033605963695159e+00
1.808836273585666454e+00
1.267353267699458552e+00
1.546375891812741266e+00
1.559045692394787741e+00
1.832711972856815308e+00
1.997583782172883460e+00
1.868518458769848456e+00
1.225889043883785723e+00
1.506635222172789002e+00
1.563719901736426721e+00
1.513843047350755810e+00
1.573487026760916674e+00
1.512350595063762126e+00
1.528102771577169783e+00
1.371827659614472505e+00
1.553464480654288771e+00
1.582011420829813719e+00
2.187913922622294116e+00
2.312897724011228728e+00
2.108091174356795161e+00
1.969557164713884312e+00
1.994065817102621097e+00
1.879094133224386898e+00
1.703091762716533397e+00
1.557960941976333169e+00
1.655836240992318409e+00
1.495996602244993978e+00
1.510166172796250095e+00
1.505582406706093002e+00
1.589714557709850595e+00
1.686157201922883431e+00
1.774714235721781108e+00
2.283578986076722828e+00
2.131090498636051489e+00
2.034386121507384626e+00
2.087042465679002756e+00
1.631132671550678204e+00
1.441740146529178812e+00
1.604284386328627576e+00
2.048649953280567981e+00
2.067420261288737571e+00
1.823416462550664141e+00
1.753087342560017747e+00
1.933780201002403887e+00
1.411583838055249451e+00
2.335978719698534878e+00
2.421127800889246284e+00
2.370073839774244906e+00
2.151002902463584388e+00
2.059921300550388690e+00
2.296950040513330737e+00
2.297347686833524527e+00
1.873255751522126422e+00
1.769764645927070168e+00
1.703894089815338520e+00
1.583942396618098769e+00
2.087893061784559467e+00
2.126735898885981690e+00
2.107883500893093842e+00
1.885302819095642679e+00
2.647808999506326089e+00
2.394778552493298296e+00
2.240114365700867971e+00
2.045067432850321776e+00
2.100536693253358234e+00
1.849387606999448153e+00
2.111179626937900178e+00
2.560277854418012922e+00
2.653789603921846485e+00
2.193445282415337427e+00
1.871024637068170238e+00
1.957211985511895014e+00
1.866014058249660934e+00
1.327291198932989191e+00
1.449563580545867536e+00
1.519937639871719259e+00
1.732019898095490396e+00
2.219712390993253237e+00
1.768283156545455315e+00
1.972951374148993908e+00
1.872738470249342146e+00
1.668736436882255703e+00
2.036575773516083210e+00
2.039887062549413876e+00
1.961386647698146746e+00
2.029310836477004276e+00
2.030274737759840242e+00
2.083577205927076736e+00
1.769007576581381302e+00
1.683911423526121887e+00
1.746971462420352061e+00
1.708779409123816428e+00
1.543625216909716880e+00
1.548470503061346148e+00
1.377633786886605538e+00
1.265021088887655409e+00
1.619007267024323626e+00
1.719309129916680945e+00
1.689109176112517652e+00
1.596682541128277011e+00
1.883118294205758936e+00
1.910770403818966123e+00
1.985632501963054963e+00
1.957603119558075422e+00
2.210598537295938470e+00
2.298115962770498122e+00
2.417156024899310029e+00
2.102711725418682676e+00
2.172936135459365481e+00
2.065668588660972471e+00
1.654160915698303036e+00
1.774901764285057970e+00
1.899974246448763004e+00
2.055315611985039759e+00
1.929106390104013968e+00
2.228564414187585108e+00
2.306805745015919396e+00
1.821140761379189676e+00
2.028946409295218078e+00
2.315016801391103662e+00
1.981449446361675859e+00
1.731788293042560545e+00
2.368794819867600321e+00
2.150597859186349492e+00
2.261200681567506088e+00
2.059931950666393785e+00
2.473921422711146789e+00
1.777041524347970469e+00
1.994494249597507762e+00
1.891076036933011295e+00
1.868378163485058030e+00
1.952294880255776466e+00
1.380285178730956464e+00
1.829367795472848002e+00
1.990620551702336094e+00
2.226374416417233881e+00
2.010363742289520861e+00
2.062189030840822834e+00
1.803468729769380108e+00
1.825225199502839679e+00
1.709073121203698920e+00
1.299578142671005576e+00
1.208484852726123382e+00
1.378076704259909135e+00
1.231239605999413955e+00
1.276890857931787027e+00
1.561408395670604410e+00
1.362438556823287739e+00
1.471926758971096261e+00
1.610217777817633422e+00
1.772023757642530173e+00
1.682598821291011237e+00
1.422965619609449117e+00
1.822438375783366427e+00
1.709462962240743344e+00
1.761289455778647373e+00
2.289659461806541341e+00
2.352276769373645937e+00
1.992971128974094119e+00
2.164711404215482471e+00
1.866976658264420941e+00
2.300062932579348907e+00
2.309092845963646834e+00
1.999657100535029430e+00
2.222300503246322556e+00
2.077489504651979679e+00
1.966996118073999433e+00
1.702599765564739576e+00
1.907482931053895658e+00
1.562711682067438490e+00
1.403830626804567272e+00
1.730276954471749562e+00
1.724158269331236726e+00
2.117241011865426792e+00
1.815146016546845376e+00
1.905033629437981268e+00
1.562005746839449927e+00
1.768443106188777980e+00
1.454813976029194489e+00
1.391129446153958726e+00
1.347243914962762412e+00
1.683161147801049085e+00
1.617495026634780064e+00
1.445504004612744531e+00
1.518600570609726530e+00
1.388532405448127394e+00
1.578144302418967637e+00
1.227051357724752156e+00
1.263656653336718394e+00
1.459481375828176386e+00
1.868424217364999862e+00
1.931764929706067280e+00
1.656092747464785520e+00
1.832285305851243384e+00
1.748743197703793939e+00
1.445559467418403576e+00
1.592232272728587361e+00
1.340825333773691730e+00
1.409134374548592916e+00
1.344958150475279002e+00
1.786799907141515042e+00
1.436357626038976987e+00
1.493800563418712368e+00
1.573803561815069862e+00
1.370750200554764042e+00
1.346449003927550514e+00
1.512882212110222557e+00
1.875967404879950839e+00
2.213850223767007463e+00
1.766136189152130775e+00
1.745629084229836536e+00
1.977829918289970124e+00
1.868578420566541443e+00
1.803141780676656758e+00
1.760898942329498285e+00
1.838720347776648723e+00
1.668563826890124391e+00
1.894642065001680864e+00
2.089995484526637082e+00
1.964400235640404890e+00
2.119936640566872477e+00
2.129446466316555320e+00
1.446096725207644651e+00
1.182630535991744614e+00
1.515364645892714357e+00
1.592788505822373857e+00
1.562490386416726551e+00
1.606774172547803303e+00
1.398215086447507360e+00
1.477072759363617926e+00
1.887555589989547755e+00
2.166998366381517105e+00
2.348656779136248485e+00
2.071155641951617277e+00
2.292243646489847020e+00
1.711924625319704241e+00
1.409035720589683960e+00
1.261593157112282704e+00
1.195563564048627958e+00
1.252285468819077652e+00
1.269163919024232534e+00
1.407255915993813389e+00
1.333570337750108692e+00
1.542160742956768082e+00
1.548600239946642976e+00
1.151332703529563517e+00
1.197333943894650421e+00
1.292746064553596419e+00
1.295173329576556398e+00
1.340844286175460809e+00
1.311036948344256547e+00
1.619044162130742981e+00
1.281329882207081772e+00
1.591007326454069171e+00
1.870817196157623208e+00
1.887416708830716772e+00
1.573594085737187287e+00
1.804711968422952895e+00
2.028476853123737822e+00
2.158847919684969252e+00
2.135475719389793969e+00
2.312094381649267838e+00
2.096106819904846486e+00
2.419303439358007068e+00
2.393488113212586921e+00
2.356443965275427654e+00
1.586783860044247429e+00
1.339057105129796366e+00
1.549520271646557701e+00
1.263357111587566806e+00
1.427788310441125974e+00
1.667883473716855081e+00
1.563404735111235455e+00
1.847700657227598686e+00
2.026190567223643768e+00
1.824546691684940658e+00
2.047179034954126564e+00
1.915036395086448628e+00
2.107081476443188883e+00
2.215984632984610680e+00
1.710833258423179348e+00
1.830576988262861526e+00
1.735422239576811299e+00
1.929260561217808423e+00
2.018356162393286635e+00
2.007895184688958778e+00
2.099844220088180613e+00
2.208182446940095023e+00
1.754726283599486569e+00
1.611769645421332386e+00
1.458231536059339195e+00
1.310826256840671222e+00
1.427989320838024545e+00
1.317076964047906529e+00
1.285563566279055436e+00
1.243309230854764413e+00
1.383511302432179235e+00
1.293041739130997181e+00
1.337572312286482656e+00
1.234237294200619228e+00
1.429804902600930516e+00
1.566034888747251053e+00
1.395232695020456104e+00
1.791684735733017453e+00
1.531228669214197424e+00
1.631858955968846558e+00
1.683833616901887709e+00
1.344709606109021793e+00
1.718995740403781669e+00
1.618742463799746290e+00
1.431241112700648799e+00
1.500148727924097258e+00
1.668732538390667264e+00
1.479973940673151578e+00
1.548907985042017987e+00
1.504598900451042054e+00
1.270839790664812341e+00
2.001556859483634376e+00
1.851521628561352717e+00
1.804671507167274314e+00
1.556696035907256137e+00
1.996315099007603955e+00
2.321488662045131601e+00
2.073121553547378593e+00
1.777472348429933069e+00
2.213101743496435070e+00
2.082190185752312850e+00
1.745902284354862388e+00
1.603670250267561492e+00
1.842288182726705692e+00
1.674632822848913349e+00
1.626954439574819222e+00
1.456321435068109071e+00
1.498948194355542718e+00
1.278055892681453143e+00
1.459702139318003411e+00
1.377943602811066537e+00
1.921205976858172848e+00
2.144728053192092698e+00
2.146732683881327208e+00
1.794873543769719859e+00
1.653276546449064854e+00
2.058093195137068232e+00
1.748800936891740765e+00
1.539877106803167361e+00
1.680198922416999086e+00
1.523817681733226514e+00
1.281437135931168037e+00
1.729506272095051589e+00
1.413597781193086877e+00
1.121905824198619950e+00
1.702734722218546937e+00
1.504884805459015151e+00
1.537656046215007732e+00
1.485317101622539493e+00
1.346584560875768055e+00
1.563597021700611434e+00
1.730740446725542503e+00
2.309249845275835877e+00
1.886073519030883494e+00
2.344186680183930616e+00
2.058570922672339432e+00
2.670210400155675234e+00
1.993031990637963435e+00
1.771060069531745107e+00
1.833763768323796173e+00
1.744222311248073032e+00
1.693325443005685660e+00
1.530759668907198723e+00
1.405249368935385545e+00
1.416382736210184845e+00
1.414322220797952667e+00
1.309935549311058045e+00
1.481400696988300014e+00
1.759723662498959174e+00
1.996593168402708063e+00
1.834359209406972502e+00
2.033735305393458592e+00
2.084308926857100452e+00
2.337993614832741152e+00
1.654051173756391213e+00
1.720155315869375201e+00
1.676780359004876209e+00
1.406971681317065404e+00
1.639156309299229619e+00
1.628794180913327727e+00
1.636725709486895886e+00
1.537118726428356119e+00
1.685343657347860846e+00
1.792528449506205490e+00
1.357538923216601745e+00
1.310947791638114701e+00
1.385676789167551881e+00
1.405152582598394151e+00
1.540706817476286128e+00
1.383662503115345777e+00
1.508926798190959095e+00
1.381317557243682437e+00
1.239644664097537374e+00
1.547290432225052692e+00
1.969700240833359928e+00
1.670452654159809702e+00
1.782407843209703024e+00
1.577322906469574626e+00
1.684663176738955714e+00
1.712211674521747273e+00
1.766071629950900279e+00
1.714527025030154750e+00
1.652451847250695494e+00
1.652723008851475939e+00
1.521838540190644018e+00
1.563321886708763042e+00
1.641679094748580869e+00
1.506514237946042556e+00
1.894721214357457884e+00
1.986468476385831128e+00
1.777088247272180510e+00
1.882679375215969619e+00
1.490685970427495066e+00
1.318836200944443204e+00
1.493168262863836304e+00
1.577615511956281580e+00
1.303126077451553844e+00
1.554486508280485957e+00
1.445382070267690722e+00
1.361768502340916731e+00
1.115994294580918256e+00
1.406561150386324011e+00
1.405639349715968933e+00
1.893766161374759394e+00
1.933213846825493576e+00
1.709136417630936045e+00
1.932542528973469009e+00
1.691021725975357715e+00
1.413960222761598606e+00
1.802962295378890190e+00
1.692397100042869029e+00
1.734758659722050567e+00
1.725552375221292678e+00
1.451081735745909596e+00
1.603148729786337601e+00
1.495256736865449021e+00
1.346765939277943636e+00
1.601558161042289541e+00
1.273775178158090382e+00
1.653014744787649981e+00
1.975878980022482301e+00
1.520983075866464196e+00
1.660838172445205929e+00
1.857648087381094548e+00
1.880762240842118960e+00
2.126587315281088131e+00
1.832590529298580684e+00
1.644842087055546020e+00
1.386027188044392178e+00
1.832849198146159653e+00
2.008491845542101029e+00
2.063343541788647872e+00
1.819207932084894397e+00
1.313625818711059878e+00
1.267144949519698693e+00
1.657564593682586462e+00
1.534000117851589184e+00
1.180518733609471349e+00
1.429007748306556635e+00
1.401176660433876675e+00
1.482872195471268029e+00
1.704304881647081604e+00
1.575982054604875060e+00
1.231830865233080718e+00
1.263134699115972204e+00
1.551928120255779531e+00
1.324667178159241399e+00
1.585983987559310249e+00
2.012061122042455352e+00
1.650152741758367902e+00
1.374744463450890297e+00
1.401414931882337678e+00
1.388788774035488727e+00
1.368968686124555578e+00
1.345524486516152640e+00
1.256970363784204014e+00
1.140176070023948274e+00
1.432448481563005416e+00
1.748979540210085393e+00
1.638868813425243154e+00
1.759595235419064485e+00
1.571923000027477535e+00
1.688757950267348651e+00
1.750920208514200826e+00
2.317602388912612277e+00
2.234082113365117639e+00
2.366333444670032371e+00
2.429617938208050720e+00
1.872505014401300016e+00
2.141147977132011437e+00
1.863160173535340469e+00
1.538957667428670018e+00
1.779744888244191303e+00
2.007743129772082913e+00
2.119258113021575074e+00
2.087741192237066112e+00
2.139683482471343101e+00
2.339957569778760682e+00
2.159533816002978224e+00
2.139329837151073388e+00
2.380255837193814283e+00
2.603800194215573516e+00
2.298238905869397719e+00
2.425547007282203626e+00
2.092806027523497647e+00
1.683032927844711146e+00
1.799518448630296197e+00
1.704416390537550896e+00
1.224649972533205622e+00
1.400350274076954005e+00
1.250305807834237282e+00
1.434600272784407160e+00
1.695216702579046331e+00
1.516264151351362610e+00
1.321412691350716706e+00
1.383546401281922300e+00
1.704641633156561698e+00
1.568950713234695371e+00
1.779470210223009108e+00
1.876304089092011740e+00
1.508122085460662287e+00
1.555606349434092150e+00
1.407832440657580841e+00
1.693457864569231752e+00
1.554144844227388411e+00
1.779490781585156611e+00
2.245803175301083865e+00
2.371749503193505415e+00
1.966392558822572800e+00
1.892494683198076233e+00
2.215052387142837809e+00
1.979791296848695259e+00
1.526102509001177276e+00
1.648886500822878354e+00
1.849016961969306427e+00
1.838278351388873633e+00
1.868275498008602042e+00
2.074543710817477127e+00
2.232892073471769656e+00
1.816465998520670144e+00
2.243935237406087690e+00
2.170987555153628179e+00
1.550855176881487996e+00
1.459793209665001479e+00
1.452414149441889180e+00
1.188145247923789061e+00
1.443626099099788229e+00
1.694561582174914705e+00
1.453535510640715067e+00
1.522922238651803983e+00
2.024903791787489915e+00
2.076125765570823400e+00
1.998718469795906394e+00
1.783248179592504590e+00
1.740980996459237096e+00
1.938131331752836362e+00
1.874303840756426531e+00
1.794416103043887212e+00
2.046973846198323344e+00
1.858276022513109638e+00
2.153886879487791450e+00
2.528960859915482473e+00
2.210410691528216010e+00
2.205277809980312309e+00
2.258814890550691512e+00
2.771565124929145973e+00
2.783382197374651312e+00
2.609395059152264107e+00
2.169099776728579343e+00
1.998375017867627168e+00
1.941777825029523008e+00
1.868794412658314474e+00
1.692460859556994768e+00
2.162178001750850953e+00
2.294384403026442421e+00
1.969262661382405133e+00
1.888952119204865499e+00
2.039201220170138829e+00
1.816352268730024866e+00
1.963451424022465863e+00
1.918342495828466276e+00
1.872187692667823811e+00
1.475731594422274862e+00
1.971294594231821184e+00
2.062780023691687337e+00
1.935501038321339351e+00
1.530446060250863827e+00
1.330539153106174100e+00
1.333149574650324354e+00
1.448925700885483003e+00
1.643614983008414576e+00
1.631047794819321828e+00
2.069090188780581041e+00
2.041981872668547027e+00
2.060373151495138000e+00
1.442611609519854454e+00
1.864567185750475975e+00
1.824788820667195388e+00
2.093657998867246572e+00
1.760535780463735156e+00
1.590061726513136708e+00
1.449546402799277489e+00
1.264446539779422451e+00
1.288254444744497684e+00
1.349577632434284524e+00
1.579771220187905278e+00
1.474028486268498028e+00
1.583804901888080652e+00
1.537152527520066370e+00
1.935415216938416227e+00
1.923195113322754057e+00
2.141757283335058659e+00
1.445702890763508996e+00
1.427187275037133496e+00
1.638952920151630854e+00
1.887377005666863727e+00
2.409174921852327955e+00
2.418353808562272889e+00
2.520766734434742862e+00
2.507934797746243394e+00
2.477193791435619463e+00
1.948448474374765871e+00
2.300559156282882878e+00
2.404394470359913161e+00
1.896905712561390622e+00
1.616689420292335200e+00
1.866860719610216712e+00
1.884427186757560380e+00
1.512788532093887639e+00
1.659042987646866196e+00
1.804601690008550197e+00
1.864594194282860773e+00
1.763791975132518175e+00
1.924814198826765521e+00
1.552053542849820111e+00
1.479006952518538309e+00
1.361363199137251900e+00
1.668340433241841225e+00
1.704908515045873374e+00
1.866928591643791435e+00
1.920337376993152878e+00
2.093111885003422490e+00
2.571765809973101113e+00
2.101875716146662576e+00
2.183075585179190536e+00
1.950334071587967344e+00
1.688959782710576008e+00
2.061837449725671068e+00
2.227108748108863168e+00
2.022388722865234190e+00
1.901683966545159699e+00
1.785457417016589332e+00
2.181271416942645036e+00
1.883586868752253896e+00
2.032811762281514056e+00
1.662533907240231201e+00
1.254917481533954327e+00
1.202968450926744204e+00
1.671893074730030682e+00
1.515043746925207602e+00
1.997539598061511601e+00
2.092127777768801433e+00
1.793434662541711688e+00
1.708652420062782618e+00
1.773163724168753452e+00
1.730550677452521668e+00
2.149416146783145631e+00
1.952031376800968943e+00
1.869858341452083739e+00
1.727315355284750442e+00
1.747956669448483158e+00
1.695641217660275757e+00
1.655707334063915459e+00
1.430552453652715217e+00
1.758334163016319840e+00
1.957527704478271291e+00
2.022238503395152431e+00
1.938331145774898623e+00
1.692245024747658366e+00
1.763159827757361686e+00
1.907652873650180325e+00
1.537619004680154333e+00
1.734798042405678364e+00
1.442626148793975993e+00
1.550942062548102074e+00
1.422730069179523937e+00
1.615332344217642380e+00
1.493236345373283758e+00
1.380396867230450519e+00
1.259521707994519124e+00
1.372079362729528906e+00
1.303764314916098677e+00
1.280727561280258442e+00
1.353303512934394881e+00
1.522468489688313831e+00
1.188897255622564098e+00
1.177898225478680727e+00
1.238457934897560841e+00
1.240265785334942583e+00
1.459972591170715983e+00
1.270658593385076474e+00
1.489152702026749431e+00
1.767771365420247598e+00
1.711502671620973359e+00
1.739434753113648258e+00
1.737583079604341663e+00
1.761321504426096585e+00
1.582302074413838522e+00
1.858049569427669967e+00
1.987115274116247221e+00
1.822254714083590743e+00
1.878780792418536905e+00
2.107357853431127470e+00
2.485247207557151672e+00
2.462428205172469298e+00
2.218656741337237115e+00
1.799242897477201897e+00
2.060273711366176652e+00
2.032343622832239571e+00
1.868093770097887019e+00
1.488799304589108807e+00
1.080580451241345497e+00
1.103800501759347741e+00
1.404049067496602188e+00
1.603392504870781554e+00
1.648693025676791768e+00
1.129731290556566625e+00
1.255821024931898622e+00
1.117975778722461788e+00
1.535512542538904013e+00
1.461153565441804858e+00
1.489374222367578104e+00
1.731180584331653227e+00
1.980387988264458832e+00
1.785706677769675954e+00
1.803118092909913983e+00
2.044503715859558479e+00
1.933699457141859090e+00
1.857490802526038154e+00
1.556120723764335079e+00
1.922837022168885746e+00
2.061009003652128246e+00
2.042455997111928934e+00
1.556213300378903597e+00
1.498368787909846622e+00
1.891934009756743862e+00
1.450998694294338698e+00
1.775868209952694121e+00
1.482211958559243703e+00
1.435562338959062600e+00
1.762136993557840814e+00
1.875445947959813786e+00
2.145585230800919341e+00
2.132304882964305648e+00
2.249610726428444618e+00
2.098789295284877010e+00
2.059647538346788043e+00
1.839532004938050136e+00
1.824240521649068247e+00
1.976538627871881948e+00
1.837637601196218107e+00
1.958007145110112424e+00
1.690598745962037741e+00
1.750321644550332456e+00
2.197561994434400923e+00
2.423459537818844822e+00
2.034979333562339843e+00
2.043579988662024505e+00
1.692895086921982539e+00
1.967240164216895737e+00
1.343707233292136038e+00
1.534072994207325458e+00
1.650313360196117962e+00
1.546027572732863398e+00
1.437155303919414706e+00
1.252626489535234811e+00
1.240111415400362294e+00
1.332830173379977223e+00
1.418789841090938753e+00
1.715267279306665005e+00
1.600226842662345605e+00
1.439475418030963905e+00
1.923321143399767896e+00
1.815836921306603902e+00
1.591183077117561684e+00
1.472796601958660467e+00
1.541031189492974907e+00
1.486888168779074926e+00
1.558040928155203453e+00
1.346639402490793280e+00
1.544953466672912334e+00
1.301202792083065995e+00
1.509787068219054618e+00
1.531811674099762044e+00
1.440662725952863932e+00
1.551147353087933167e+00
1.642271687766820865e+00
1.424118648691450773e+00
1.692389133678423363e+00
1.620590100044601689e+00
1.521793392857048843e+00
1.703962187785215576e+00
2.427878704289265333e+00
1.903302992535113702e+00
1.992918209989337441e+00
2.309181325942374574e+00
2.602709486235239567e+00
2.594267194166665291e+00
2.697972474251703279e+00
2.313176154246227689e+00
2.085180615046753783e+00
1.736283433550861233e+00
1.566599239925501541e+00
1.426500147725476841e+00
1.422963928066923067e+00
1.722871342148101892e+00
1.521006796382817772e+00
1.577878550253709600e+00
1.494580321165448922e+00
1.372219472932073581e+00
1.533079374049873156e+00
1.429890267319406050e+00
1.313621710270939325e+00
1.382461075191319777e+00
1.526794550858715294e+00
1.031273261145631670e+00
9.821760913036272633e-01
1.547617669347823188e+00
1.660463325736288187e+00
1.763556421326373247e+00
1.679515488543510848e+00
1.488578769346253772e+00
1.585231745292752237e+00
1.587136577704304718e+00
1.495482963640411000e+00
1.480520297244037886e+00
1.363420859780699823e+00
1.386313543314323216e+00
1.359914988185796147e+00
1.468468299915777431e+00
1.296850821490415751e+00
1.791637108595113048e+00
1.449654226451949635e+00
1.587438736604814604e+00
1.932944286885370788e+00
1.837172613978097280e+00
2.020522870735974141e+00
2.181381916111665209e+00
1.767918004290483625e+00
1.947967487029647948e+00
1.955496241196271301e+00
1.553827363485526414e+00
1.643031349662804175e+00
1.643598798362128965e+00
1.744818913378369807e+00
2.404753095909063276e+00
2.224716505361960639e+00
2.402323051852542690e+00
2.018922648535503406e+00
2.184712007411287349e+00
2.014629725595673992e+00
1.945702666696289773e+00
2.154624177253606998e+00
2.169374811826482397e+00
1.719062180134932394e+00
1.499365268311279920e+00
1.784312008829190832e+00
2.106823745938542825e+00
2.159718965269868729e+00
1.934692752525742909e+00
2.241124337689706092e+00
2.161783015201728553e+00
1.884100049473340421e+00
1.756814912501562631e+00
1.657087379073218791e+00
1.599185273023727261e+00
1.893833859005188636e+00
1.859445059667928390e+00
2.057842032230943641e+00
1.842104264448523487e+00
1.809856982637827905e+00
1.375278107138460992e+00
1.505664664189736435e+00
1.972135921881335241e+00
1.533340369215180354e+00
1.476090683457756292e+00
1.369893971981378300e+00
1.291786223152093793e+00
1.357571361177396518e+00
1.512232110185501188e+00
1.389599110168453500e+00
1.493991370127079055e+00
1.541649875673968939e+00
1.742741017491112876e+00
1.440058156614773877e+00
1.660888409237616159e+00
1.580428085988939468e+00
1.814346075304202222e+00
1.563598428598392598e+00
1.494569156344909722e+00
1.829656784877984110e+00
1.769130173617164958e+00
1.321890730596121832e+00
1.441849079179327919e+00
1.448953799740778425e+00
1.527247356965062863e+00
1.627270436452724844e+00
1.886695253514810489e+00
1.434263574557382626e+00
1.428030697334510490e+00
1.658194305218710696e+00
1.964055539767269210e+00
1.706603811875506471e+00
1.747457416934495855e+00
2.296189329490712527e+00
1.486607678046092174e+00
1.241193867923830574e+00
1.809302885689430429e+00
1.934793855936358442e+00
1.963909036451762624e+00
1.887407244746133417e+00
2.047832784145291907e+00
1.657000695057313067e+00
1.416855463650303681e+00
1.402267732722327187e+00
1.408620907121115762e+00
1.247753798260643698e+00
1.221219271334195611e+00
1.403171162057949450e+00
1.467383981534208015e+00
1.499501851966177579e+00
1.363156625348042050e+00
1.855929580538122181e+00
2.067996600228559245e+00
1.832643497399075727e+00
1.728542940706604858e+00
1.750814169058322323e+00
1.857981096047216285e+00
1.400332636230195105e+00
1.391559208133492653e+00
1.329800019144937950e+00
1.562081561603427371e+00
1.266767657279820325e+00
1.565295704344164207e+00
1.185531256738155959e+00
1.805547420245473988e+00
2.071624268498069910e+00
1.942201742124969543e+00
1.659669855424834140e+00
2.171169143611476393e+00
2.204041550799706872e+00
1.810638549063619429e+00
1.455958324210889554e+00
1.842705605917285272e+00
2.712213326058518170e+00
2.527542675896171431e+00
2.008037257780868057e+00
2.558953833703206726e+00
1.936244702406022089e+00
1.993371421653802544e+00
2.229159816435434038e+00
2.186980704804782683e+00
2.275405227935500374e+00
2.277803640101491833e+00
1.946976366826729921e+00
1.875629672056703612e+00
1.939532335350640402e+00
1.537648195719129918e+00
1.288188822038604409e+00
1.184848656633257669e+00
1.206902485518495105e+00
1.630461143901803300e+00
1.814464940358655687e+00
2.501544898176799148e+00
2.216605798180593556e+00
2.378849924838297270e+00
2.427736526277758600e+00
2.089804049366985605e+00
1.835752114826314951e+00
1.511132277229111143e+00
1.332263958510880641e+00
1.643040369494291220e+00
1.951575263520904713e+00
2.125494732640591078e+00
1.837946742014080925e+00
1.699519909888525193e+00
1.794658848992866984e+00
2.046618942352358861e+00
1.835741319931149862e+00
2.176882160427314528e+00
1.789910765674862958e+00
1.686919551687325880e+00
1.674630324259514857e+00
1.667104025919615484e+00
1.788042613318989282e+00
1.918680776057767323e+00
1.854006426728375789e+00
1.810626984371680237e+00
1.573460873099136181e+00
1.280642848588717797e+00
1.480850536365728942e+00
1.590488227184696290e+00
1.452587283519657158e+00
1.607472826105448283e+00
1.747633693560402213e+00
1.465172327065645153e+00
1.790569535825331293e+00
1.967397254914334814e+00
1.788924388481226480e+00
2.217856870535338309e+00
2.091020761621471546e+00
1.562380746814250987e+00
1.659457636333734332e+00
2.062377177140607198e+00
2.133306409344450483e+00
2.101495127718609801e+00
2.346981079868261322e+00
2.410735079895832467e+00
2.464218385809144429e+00
1.704788291897482821e+00
1.622022556411194749e+00
1.423307573304225526e+00
1.442072671011610741e+00
1.889809025125600783e+00
2.227253985218195620e+00
2.363542146186371706e+00
2.274977153587863565e+00
2.340124522364615878e+00
2.235841824483421281e+00
1.932975531822213711e+00
1.866222951645904793e+00
1.752907207102171627e+00
1.949618376479699045e+00
1.675580772366344284e+00
1.330942794407562024e+00
1.165388243745295815e+00
1.623237580851029538e+00
1.415905817899417940e+00
1.501280328819471377e+00
1.503500446563552195e+00
1.490913803323934195e+00
2.184442480037680490e+00
1.665106021431704608e+00
1.684201254339160903e+00
1.410934487270562254e+00
1.493979486681568325e+00
1.922061280697853647e+00
1.951404838606842107e+00
1.979978555663886475e+00
2.293820286418805310e+00
1.798829361134258065e+00
1.873109030453874002e+00
1.703711367706235880e+00
1.291081548173615312e+00
1.408752690679091479e+00
1.689934285126597491e+00
1.439190168845555950e+00
1.853887428062597653e+00
1.674879812154110859e+00
1.435033470250993037e+00
1.612015488841202826e+00
1.748811800911936221e+00
1.899469397159980533e+00
1.582273756085468497e+00
1.538275592350523135e+00
1.749030565264065862e+00
1.740282209098862998e+00
1.965498611297199050e+00
2.068178634670603255e+00
1.958111750197703449e+00
2.094763288323789219e+00
2.103451887340867632e+00
1.507338681806684066e+00
1.668823980063451007e+00
1.319110423417906519e+00
1.772258115396242451e+00
1.917106652398525846e+00
1.607415714128159978e+00
1.949128371562355744e+00
1.552719069632845894e+00
1.549714204795834549e+00
1.453517487686145193e+00
1.330806885426833341e+00
1.767099725478177508e+00
1.681011285259042198e+00
1.905599889081888820e+00
1.623704887199165725e+00
1.714026840418446218e+00
1.696370560638738034e+00
1.338470193321452228e+00
1.460909121403046518e+00
1.850288107428720297e+00
1.926743913578153000e+00
1.775552475614125658e+00
1.351993703271294311e+00
1.426456239694826822e+00
2.076134235277365736e+00
2.263233746736843077e+00
1.925219089755605184e+00
1.637110851373572373e+00
1.854946422305598253e+00
1.690948806525718773e+00
1.739297191514886709e+00
1.475185031171246886e+00
1.510068866465958060e+00
1.825202109755148516e+00
2.096410313707712358e+00
1.965068099600591145e+00
2.007936387265727873e+00
1.997801022764336798e+00
1.742637253029754918e+00
1.317257634054164406e+00
1.577499658738470423e+00
1.521034047232801223e+00
1.395843110495795125e+00
1.478467692213897067e+00
1.473800280313380284e+00
1.571528502850598308e+00
1.512020488701594445e+00
1.610405728247953805e+00
1.619138548069570582e+00
1.364778159154367509e+00
1.564789008152268623e+00
1.416664577642692047e+00
1.412351249105557205e+00
1.430727479379439115e+00
1.397201509327339108e+00
1.571543336347343889e+00
1.336405935394239020e+00
1.297484200322043701e+00
1.339950066981596244e+00
1.388502544878838840e+00
1.444597978895327373e+00
1.970437640506480070e+00
2.029283216615423324e+00
1.924237925101876856e+00
1.713612166288722038e+00
1.833082028754587256e+00
1.693323668056307740e+00
1.614333207472380627e+00
1.606632544736443569e+00
1.904101448183810552e+00
1.869618312551733386e+00
1.576843728730726646e+00
1.896345164353764545e+00
1.895149306604134054e+00
1.825055892804308799e+00
1.937845672223754256e+00
1.672494995056728273e+00
1.717741066130742844e+00
1.389971215842107810e+00
1.802001967263152871e+00
1.962317054928972127e+00
1.975761950274870005e+00
2.146080342985305478e+00
2.278927794391476080e+00
2.429441381871517258e+00
1.991581579216417541e+00
2.176924854895897266e+00
2.165520847332622623e+00
2.108324303252558707e+00
2.213933755976234874e+00
2.106150754714040563e+00
2.360987886073498299e+00
2.284137502877383152e+00
2.317284696816240608e+00
2.321337850485681642e+00
2.112169459514403158e+00
1.990628668012648150e+00
1.807774021421171273e+00
1.926633622318163930e+00
1.890120814695568585e+00
2.389360709503622893e+00
2.050114633449750201e+00
2.290497600450970062e+00
2.364505308590870936e+00
2.381828020626242992e+00
2.066211087070718655e+00
2.167107945144780334e+00
1.885953841457829405e+00
1.803020904519469614e+00
1.780991605088995122e+00
1.861438424727644758e+00
1.861917924541125036e+00
1.863735392585541994e+00
1.847756664045160369e+00
1.685645640706109560e+00
1.518091308053372668e+00
1.504843056267004320e+00
1.345679255313661837e+00
1.989803202338984001e+00
1.946281906366756020e+00
1.870916712688716288e+00
1.734468127167491325e+00
2.000342644442192341e+00
2.101715715165053844e+00
1.969646143023424445e+00
1.753709962230352026e+00
1.578697840868229063e+00
1.912482231454754489e+00
2.047187915789562940e+00
1.894269498870429835e+00
1.881104595237863109e+00
2.091639487393183838e+00
1.890333435112092619e+00
1.813286834924394686e+00
1.828451529758601257e+00
1.498436352284542750e+00
1.621200373402688077e+00
1.320730443528684628e+00
1.241666556929103216e+00
1.384201706403313414e+00
1.445448637569597850e+00
1.625498540317727780e+00
1.886312143783369422e+00
2.524135130260145132e+00
2.426120104626443563e+00
1.814031713127430168e+00
2.058526060321549611e+00
1.785079160353884919e+00
1.830664447821572116e+00
1.418215762679118974e+00
1.617671753067201568e+00
1.446228078432369113e+00
1.308788636429454089e+00
1.321090063654525970e+00
1.614458924007944551e+00
1.873566893865554084e+00
1.983432973995683968e+00
1.750503862571082925e+00
2.218605455158322748e+00
2.179297840615502135e+00
2.518154743059052958e+00
2.040960739787689437e+00
2.245827985754952572e+00
2.048850856764452111e+00
2.048113164321689883e+00
1.934894992773555700e+00
2.070496102157973528e+00
2.252743053856534949e+00
2.172278016348689000e+00
2.166191206648257150e+00
2.374684256440913632e+00
2.389336492311269655e+00
1.963189218123157609e+00
1.820248509882363308e+00
1.737425506399962849e+00
1.877692642772151421e+00
1.705119664392114487e+00
1.694884783077211132e+00
2.030303134790222952e+00
1.919387125117321125e+00
2.057019169899684030e+00
2.489353213779498475e+00
2.322072898679860220e+00
1.923329100588876628e+00
1.848083445578246442e+00
1.768157385185847419e+00
1.894531788192966193e+00
1.516715559863990093e+00
1.498890042826376723e+00
1.457273120784237541e+00
1.295070880960901505e+00
1.757607796275038048e+00
1.677696276966689215e+00
1.606114321529897637e+00
1.798940115141413720e+00
1.767928850873494717e+00
2.032538885530424277e+00
1.590278357265084708e+00
1.470025902216848479e+00
1.707578226338888117e+00
1.491150204548292280e+00
1.392167097764788863e+00
1.464979024516589456e+00
1.443215537747156496e+00
1.633549715404297720e+00
1.602228646229164388e+00
1.884816567826433698e+00
1.401332246327206210e+00
1.891216345900744278e+00
2.015764213445359498e+00
1.752966013272394097e+00
2.050912280574342716e+00
1.944397223836898947e+00
1.982963080555439905e+00
2.029087357444201878e+00
1.868249299285261067e+00
1.776588687075969508e+00
1.725031572297679450e+00
1.538037504011275480e+00
1.417956761992113623e+00
1.749903594904774984e+00
2.065969064313463832e+00
1.849976728974725537e+00
1.718681350946393183e+00
1.716810916668518816e+00
1.514021799940711510e+00
1.718086662471652648e+00
2.253474783586285390e+00
2.118035702820704191e+00
2.383584618308361325e+00
2.200981195394846157e+00
1.987917330316616216e+00
1.523626200743661396e+00
1.469155798366836629e+00
1.312793378802407762e+00
1.425279476832469916e+00
1.595718658211112251e+00
1.550248026084679154e+00
2.046596220081764894e+00
1.889642144874412955e+00
2.080714145504300117e+00
2.147627253670019609e+00
1.487373457992862580e+00
1.325740274573639077e+00
1.366177318084080605e+00
1.238834634542475666e+00
1.296894368392432551e+00
1.207163573701048875e+00
1.106530175982730180e+00
1.325724127867687230e+00
1.447745943642031019e+00
1.288916205208562316e+00
1.671950789545786797e+00
1.622667853203451305e+00
1.603464501373212503e+00
1.242145132409258501e+00
1.145132473679662644e+00
1.491097429765883886e+00
1.209568454023501438e+00
1.312723914023399274e+00
1.278195008392946530e+00
1.347206750885980187e+00
1.535731330228676805e+00
1.815655366965701623e+00
1.707569159486829635e+00
1.590851168367271917e+00
1.612164596558879781e+00
1.941335616813031129e+00
1.959083656471844570e+00
1.780668464036265108e+00
1.954784599055692240e+00
1.227452899622241800e+00
1.453181332517267998e+00
1.395042252693886820e+00
1.370268860600596161e+00
1.628288032918057571e+00
1.727091441805122418e+00
2.083826461449392653e+00
2.074067316796425420e+00
1.933061279831595813e+00
1.989237378422165747e+00
2.057343315474211121e+00
2.173394134450618687e+00
1.760945565824621584e+00
1.872043556858757229e+00
1.863139836486087830e+00
1.775789489958804923e+00
1.789286884414317713e+00
1.663146905518768648e+00
1.886921930346098009e+00
1.628014314368443127e+00
1.479442607012215305e+00
1.614528963495257985e+00
1.341205304517639973e+00
1.259767979785773262e+00
1.560572468921869849e+00
1.697329853255425292e+00
1.824466754606875574e+00
1.729473721371606487e+00
1.375606069922747032e+00
1.511953170955898429e+00
1.432224552874948209e+00
1.517491827915509850e+00
1.640417605170645832e+00
1.497129694761909491e+00
1.353098065656860971e+00
1.664707718329975439e+00
1.496165021594126232e+00
1.524921263408939742e+00
1.460941655649620419e+00
2.085589036371938487e+00
1.748806123927166389e+00
1.577552466022463129e+00
1.744225417997969707e+00
1.623682920495939319e+00
1.551297122199236878e+00
1.492106698714776414e+00
1.457123987038567048e+00
1.517434249171450533e+00
1.451905349478624485e+00
1.581754174239924371e+00
1.336127578040559483e+00
1.198176094911664880e+00
1.158698467604744042e+00
1.323528440384855287e+00
1.751625634039340795e+00
1.684733934323943805e+00
1.331958610934200316e+00
1.406159705655414482e+00
1.984884699407735376e+00
1.407227387941692109e+00
1.563368641270425519e+00
1.870961488074281975e+00
1.323433775628065190e+00
1.260202704466271362e+00
1.407367946860812236e+00
1.615876402956216928e+00
1.538649271563244714e+00
1.687026449030019526e+00
1.947768820847726623e+00
1.995352614731719321e+00
2.083116808100636597e+00
2.223102768691692877e+00
2.018706650980295780e+00
1.967320016553535611e+00
2.290095665614466647e+00
1.891877287306993116e+00
1.968910192349103916e+00
1.819041673776140344e+00
1.567510640549944823e+00
1.479043001856010120e+00
1.750841411242701318e+00
1.778814833996583022e+00
1.721383727901510730e+00
1.711180609050425350e+00
1.955670745373483843e+00
1.898698216820525975e+00
1.863974222476266540e+00
1.866620338075132057e+00
2.018472363748642806e+00
2.090564287404008237e+00
1.767627882813398443e+00
1.562162250101567951e+00
2.041272539665465402e+00
1.993380129338598428e+00
2.042674721256782178e+00
1.536532777432471075e+00
1.488708987124139682e+00
1.518410886027885320e+00
1.428401859228548121e+00
1.310320355882113041e+00
1.508372172084639473e+00
1.494964097212495346e+00
1.535935281914631911e+00
1.783311799906471151e+00
1.264906100270664968e+00
1.337491036048688908e+00
1.320553740302627732e+00
1.402653415995842590e+00
1.424617276520145026e+00
1.394228521674242938e+00
1.318870563690835107e+00
1.680791562256694904e+00
1.575428859129650583e+00
1.759937542157434143e+00
1.902286872743815138e+00
1.684143676804403134e+00
1.594943280435415112e+00
1.619546726527106406e+00
1.695533255545985440e+00
1.360979215281918675e+00
1.589070786124174628e+00
1.337032692816327861e+00
1.591791684471896451e+00
1.359791206024220322e+00
1.250123242773668375e+00
1.536647197592027281e+00
1.507762855394711110e+00
1.534476910317748244e+00
1.735181725817275922e+00
1.243073646150261391e+00
1.712490591214304025e+00
1.665404743485326522e+00
2.147140730855578994e+00
1.580414422065450575e+00
1.604032998754405526e+00
1.576915001542453565e+00
1.316181802902353759e+00
1.612039741047962993e+00
1.467434724052247397e+00
1.524731062299373940e+00
1.659112627087127922e+00
1.352592385941312036e+00
1.970358605469750390e+00
1.982505039000877378e+00
1.768975521425268260e+00
1.307271480667637320e+00
1.215853029502454774e+00
1.709657939923282299e+00
1.503284140150762394e+00
1.813348862234100967e+00
1.939682201948538465e+00
1.715247275973318386e+00
1.725797725598647636e+00
1.895651953877700580e+00
1.870390045042626070e+00
1.870696107293655208e+00
1.462055762457413088e+00
1.832301554594212734e+00
1.718687349471604398e+00
1.654339761544974863e+00
1.449758828493242113e+00
1.955922552074657705e+00
1.633606810397185916e+00
1.496771117660456563e+00
2.184340748857429571e+00
1.845480508176180479e+00
1.673284696922183290e+00
1.377672209525059088e+00
1.416161369853951024e+00
1.620919639395277834e+00
1.930042428101220287e+00
1.598434381609249888e+00
1.438722254435194525e+00
1.486109088742963102e+00
2.121341617490374087e+00
2.088159861425407549e+00
2.094263805132613232e+00
2.066586127483317270e+00
2.060450875244070001e+00
2.215218806769746696e+00
2.057776148949364892e+00
2.205718452844578792e+00
2.180525473561194083e+00
2.306119722783609216e+00
2.199927615162088124e+00
2.253608462275245028e+00
2.010957432818360591e+00
2.051187655742668703e+00
1.979899220680641392e+00
2.280789719742255084e+00
1.750425286262734081e+00
1.859383378497031947e+00
1.641501847531646296e+00
1.725575644933218689e+00
1.852064340405231269e+00
1.945277464729468608e+00
1.534571785448461512e+00
1.490845091645506937e+00
1.370587068258391827e+00
1.278030775016880005e+00
1.324837053793014530e+00
1.604295333559761616e+00
1.573686850984745700e+00
1.316413931932519876e+00
1.255175132649524183e+00
1.471492185091264115e+00
1.664765979118712380e+00
1.687826181488261357e+00
1.830229443083165597e+00
1.793506859041070989e+00
1.585200660468965683e+00
1.984060134253876617e+00
2.061329620818657560e+00
2.269004362309970713e+00
2.390607751745700948e+00
1.933000360132818063e+00
1.941805986272234108e+00
1.740949827537414230e+00
1.639230402147344057e+00
1.550401144008083376e+00
1.794557473928300340e+00
1.555430527564919174e+00
1.547639859164653409e+00
1.369094129628445566e+00
1.543998855196892395e+00
1.604177040224608497e+00
1.773898908216488879e+00
1.606628730568834262e+00
1.965526089299905355e+00
1.709996477278393545e+00
1.558177292822741311e+00
1.705573651186295336e+00
1.517303262287539312e+00
1.941972834580263596e+00
1.527187264290763791e+00
1.845273654275404018e+00
2.014643285110647053e+00
1.638361274628234554e+00
1.560043714665453995e+00
1.769654167531723665e+00
1.603290297060247616e+00
1.349477556472534978e+00
1.735982699181856992e+00
1.627842561048490344e+00
1.459446158328505661e+00
1.793733776077546027e+00
1.646633590048036444e+00
1.815856256128415502e+00
2.113038211937352528e+00
1.329082036429253932e+00
1.547577269998889671e+00
1.557035293355093497e+00
1.567236096131262357e+00
1.230580568949382503e+00
1.439885400729467690e+00
1.529516263544646426e+00
1.309150111870806654e+00
1.373818400761958047e+00
1.521434252938140830e+00
1.568615818415600494e+00
1.378557287405670184e+00
1.552672211602175389e+00
1.809633413868138696e+00
1.943382974821146636e+00
2.160475964630850676e+00
1.855418943133381182e+00
2.031172314406152424e+00
2.202539104789246416e+00
2.292013166122202961e+00
1.763098111257938250e+00
2.202098234441209890e+00
2.137911215086890859e+00
2.093810009160420371e+00
2.219439518920961252e+00
2.665443450811796122e+00
1.996750875374332601e+00
1.947369001652496712e+00
1.784896605542807935e+00
2.308206350806325080e+00
2.280864013983110450e+00
2.500674764433618691e+00
2.020727704618090925e+00
2.180628122653272438e+00
1.937035028889049215e+00
2.216813116594575916e+00
1.948583989448273490e+00
2.108871349523814498e+00
1.909834754394873491e+00
2.112361724420448450e+00
2.135936494736078828e+00
1.616748514891382715e+00
1.725874996836555653e+00
1.521509787319026863e+00
1.490673193679095121e+00
2.114454204917904701e+00
1.861338827373559157e+00
2.210889745812501861e+00
1.723567957085311297e+00
2.312045577798629292e+00
2.323967775530398239e+00
1.912248716729328057e+00
1.609181571389536547e+00
1.625674046550725116e+00
1.542424797525513425e+00
1.795747337245650943e+00
1.776281030925746185e+00
1.982834944812261746e+00
2.197759226260628029e+00
2.117824257185042747e+00
1.671295645386602580e+00
1.561226478844819354e+00
1.418544422725568799e+00
1.197162004687854608e+00
1.427448816428886547e+00
1.539113163211070612e+00
1.351330008856565179e+00
1.422681091595000336e+00
1.333913772001682041e+00
1.351228049976363144e+00
1.319208553154139096e+00
1.150605520116653846e+00
1.106777821313130739e+00
1.452098491604187025e+00
1.631392445981144412e+00
1.563402399268238874e+00
1.786211012469073767e+00
1.736000577002963174e+00
1.939177096086091900e+00
1.888094310734001358e+00
1.631407847520189636e+00
1.537330481582557917e+00
1.513444808192554669e+00
1.997453105562733811e+00
1.601077725508803340e+00
1.782266868847344199e+00
1.812043630656622772e+00
1.968211326226205093e+00
2.068917288959345679e+00
1.580614522024096802e+00
2.022720763235637431e+00
1.931236481188785881e+00
2.055898258896250663e+00
1.917811632088626483e+00
2.063868435254180067e+00
2.089926709008284700e+00
2.315287147477153695e+00
2.061699644074246773e+00
1.940705740009594171e+00
2.117863513748338811e+00
2.037909554289702552e+00
2.556759694310316355e+00
2.245855347048037576e+00
2.267813336165851901e+00
2.248558327665195922e+00
2.132363724639543712e+00
1.774002549434841258e+00
2.126795484311343909e+00
2.348744678360215943e+00
2.082463988976691827e+00
2.245138905856785438e+00
2.314186410260704374e+00
2.351962113441767865e+00
2.055890941114544734e+00
2.253266533542880534e+00
1.790255513966751977e+00
2.143665487703128925e+00
1.878881060550071869e+00
2.002679438336023576e+00
1.972156029895186791e+00
2.192140932938458686e+00
2.309000186629365015e+00
2.280719930208702007e+00
2.088612458085686185e+00
1.871079098454889511e+00
1.797033714786685721e+00
1.695022295583956451e+00
1.439014192799902503e+00
1.305152687891656171e+00
1.645682186777401412e+00
1.622403996298325879e+00
1.494027834109262542e+00
1.990549840811376647e+00
1.828992367231127902e+00
1.971408640329583850e+00
1.862972205093094802e+00
1.679075008773344813e+00
1.773823150665563730e+00
2.247479094630404628e+00
2.154208444061275429e+00
2.338608970798986331e+00
1.962013383686273871e+00
1.918050569924335313e+00
2.208709888174125169e+00
2.490817285885417398e+00
2.199096592946284456e+00
2.378412717160921286e+00
2.341615317847782318e+00
1.713685653411123555e+00
2.066494302094474378e+00
1.769603170843282669e+00
1.634609193499928281e+00
1.731172235709544482e+00
1.707467096550352226e+00
1.545221127164731811e+00
1.781936091045665194e+00
1.562463072516482754e+00
1.893226652652473918e+00
2.011092081838515622e+00
2.126786002179702706e+00
1.784847547712713922e+00
1.775269745387791476e+00
1.828825240894715209e+00
1.561952531183953496e+00
1.583741666389440805e+00
1.447670371368647402e+00
1.572814702504730766e+00
1.554643204907642851e+00
1.802138790262101997e+00
1.817894713731230683e+00
1.330434394513398955e+00
1.234977447331538913e+00
1.416136237630938988e+00
1.508813458155134457e+00
1.871899686109036454e+00
2.070302832195016318e+00
2.017058386331453512e+00
1.776138884598926104e+00
1.977509920210476224e+00
1.992763821997043827e+00
1.972237273116435929e+00
1.578027550803497991e+00
1.642803367863831632e+00
2.104986691032217916e+00
2.265429552526295520e+00
2.298153775045512770e+00
2.098737145282381089e+00
1.571358259142001446e+00
1.716688061223237360e+00
1.721033798937473325e+00
1.850226310873657187e+00
1.828815012360928138e+00
1.870309603129261866e+00
1.962380073125391977e+00
2.039149456790678716e+00
1.832489051077583087e+00
1.945625867003364817e+00
2.718383346254785948e+00
2.552635563690177634e+00
2.393677051109975640e+00
2.526039978750898030e+00
2.454759950672745994e+00
2.043423583206181782e+00
1.801918859924601435e+00
2.208892912739290448e+00
1.840092899888692735e+00
1.746861371251275941e+00
1.626852767168176506e+00
1.454658103610341868e+00
1.583220648831492605e+00
1.560730393512884229e+00
1.413058197325782084e+00
1.253431655317942317e+00
1.399969780006583786e+00
1.319646252036114076e+00
1.379957896683585483e+00
1.469357630852422991e+00
1.943184376958425830e+00
2.297121558061998581e+00
2.309088499051523691e+00
2.009454789358533500e+00
2.185930309384077841e+00
1.864624473405574356e+00
1.812115687527913410e+00
2.193521221779016095e+00
1.576472613212462459e+00
1.664696307877067127e+00
1.558131614229948170e+00
1.676359155292850067e+00
1.425194498946984689e+00
1.454033177965603052e+00
1.474748899533304680e+00
1.971916574983885617e+00
2.063513617835028402e+00
1.964312180143979125e+00
2.299266834647439861e+00
2.191234998934253664e+00
2.273323305575567055e+00
2.507243306047270526e+00
2.217305395782692923e+00
2.490451993394903418e+00
2.231264951285413911e+00
1.893356915284839737e+00
1.433045870887446505e+00
1.789832355301621325e+00
1.819498262036698621e+00
1.764975930581572205e+00
2.053403424366378349e+00
2.338273860242288560e+00
2.123780340864829252e+00
1.981387585319789757e+00
2.049079689017805794e+00
1.946406816103356086e+00
2.271033909460512756e+00
2.388194290709155343e+00
2.059305172895346203e+00
1.796254321966758827e+00
2.149904598021728841e+00
1.806971051594960631e+00
2.102933098463983352e+00
1.898057131515656692e+00
1.663099082558994191e+00
1.910678300157439224e+00
1.305742404222188791e+00
1.492681373779095599e+00
1.924759881904992476e+00
1.481008833178295570e+00
1.746910518282434488e+00
2.054862429920631950e+00
1.825549628112045131e+00
1.818371158090623885e+00
1.629166936417503653e+00
1.544676297678221788e+00
1.703778122010225493e+00
1.574577936593442029e+00
1.801318339965430004e+00
1.880368790283779568e+00
1.936431204133715056e+00
1.741397504064319257e+00
1.747560409558499117e+00
1.693856079449517882e+00
2.105339711153432436e+00
1.748502679678634708e+00
1.899893722890032777e+00
1.617081045533583783e+00
1.910362358466412225e+00
2.038939439770400153e+00
2.107880306427142081e+00
2.044400215216798156e+00
1.938770715669127176e+00
1.820345722072739925e+00
1.459120926602229140e+00
1.789152416442607807e+00
1.869136934004831163e+00
2.017825002187942030e+00
1.846531467783080416e+00
1.950475274954149629e+00
1.731148494301703922e+00
1.089855190199052304e+00
1.554728402690387146e+00
1.821054984146271982e+00
1.810398615095540897e+00
1.639357550507449135e+00
1.653151450995096639e+00
1.174604443791599229e+00
1.284729401049411690e+00
1.328394311934879557e+00
1.359390146512000630e+00
1.372982545151624434e+00
2.027227027232526346e+00
1.634347301994795831e+00
1.932971343284419774e+00
2.265133990075443915e+00
2.150530609951386118e+00
2.191730888488904849e+00
2.029517944512475580e+00
2.066212461225667152e+00
2.015160070540189974e+00
1.792032115008784565e+00
1.787274409654653118e+00
2.440471496488300751e+00
2.074792067378366411e+00
2.416418947724699340e+00
1.824659592130166708e+00
1.861869791105832395e+00
1.559699339082206482e+00
1.787439439777987804e+00
1.960761050294919761e+00
2.355185599317353162e+00
2.669664614778765710e+00
2.167769540708094578e+00
2.093009374114728871e+00
2.167199311754150592e+00
2.431261622309811798e+00
2.379456534078657093e+00
2.249552607592185449e+00
2.748683004101549088e+00
2.419847073119410386e+00
2.071575926257116063e+00
1.689894025705971137e+00
2.102849276835440318e+00
1.822214841046571498e+00
1.289778077270240075e+00
1.603661125388456288e+00
2.123411781461675307e+00
1.983221490819558896e+00
2.016787606431244217e+00
1.683705362733927124e+00
1.630424498322579741e+00
1.744544677867293503e+00
1.941851333791360990e+00
1.629194785735973205e+00
1.466141260728111684e+00
1.246890622990593167e+00
1.533947166331098622e+00
1.466797431729250256e+00
1.247614629766703898e+00
1.544189258341917670e+00
1.265509031141938578e+00
1.495782044305430603e+00
1.393645894996834667e+00
1.391818513853272377e+00
1.497941384356510808e+00
1.690378958383810915e+00
2.056104782612240722e+00
2.161220753810796147e+00
2.175704254697604423e+00
2.314973901922442234e+00
2.126869048309444121e+00
2.095711370620966463e+00
2.372778995486787057e+00
1.779685413446496334e+00
1.763444937879175889e+00
1.632262421167665956e+00
1.944927556605688057e+00
1.609729597207413265e+00
1.709534361686046555e+00
1.674833437583211015e+00
1.677906601080175086e+00
1.619846906483124016e+00
1.648269574674925186e+00
1.516287196811812565e+00
1.759644158110569734e+00
1.384379015943525637e+00
1.699999704578362358e+00
1.861125645359059222e+00
1.497563372403464266e+00
1.402533589153987847e+00
1.570966074131925794e+00
1.662724497401641077e+00
1.538946022393191004e+00
1.390046142659026485e+00
1.488123413417267393e+00
1.425176890134355556e+00
1.241700481306346138e+00
1.333573640402642591e+00
1.662891683447545121e+00
1.761585582141783624e+00
1.637191142601360783e+00
2.103383104904579692e+00
1.905360423794924429e+00
1.785457406976336037e+00
1.829208561483024242e+00
2.131984937359279630e+00
1.766248785498043539e+00
1.930560108692276344e+00
1.734160866128100054e+00
1.706452743714963916e+00
1.896088722322425646e+00
2.321979337308818447e+00
1.864408480994238282e+00
2.266811088986075529e+00
2.135298039392002245e+00
2.057928180590465672e+00
1.951296852791173597e+00
1.909182126168799343e+00
1.771760686822751119e+00
1.742040685093765306e+00
2.164531088474525689e+00
1.871059574144928961e+00
1.945583408588777985e+00
2.216973332762661730e+00
2.121179519705036043e+00
2.225592679135480978e+00
2.087830710900925535e+00
1.773285369424685953e+00
1.865816952630447778e+00
1.319224526821604293e+00
1.471444068022165874e+00
1.741976089496908742e+00
2.231111254640009811e+00
1.827486458487919352e+00
1.768748829775465659e+00
1.647378188684242906e+00
1.351045802511474214e+00
1.277762256763913085e+00
1.485750397270149126e+00
1.811256490156061494e+00
1.834929771792569442e+00
1.586261682287821495e+00
1.840932450348379934e+00
1.744872048891423333e+00
1.963327016375559397e+00
1.678416672594722048e+00
1.913007419164462819e+00
2.033562103038382585e+00
2.086563603854936222e+00
1.621830131221561944e+00
1.765976892408056109e+00
1.517042809382355806e+00
1.961208279189923687e+00
1.685232111483366158e+00
1.803555727838287881e+00
1.641088375414028633e+00
1.959003961383291248e+00
1.990105905360643135e+00
2.084137618099186184e+00
1.772854659095441265e+00
1.653207492390422306e+00
1.590975104688458819e+00
1.143836399459347675e+00
1.681750474494404290e+00
1.803790809341996981e+00
1.503031889379065067e+00
1.396885647489459537e+00
1.314571447050410624e+00
1.912325530032957577e+00
1.642778545042765659e+00
1.507905784090130430e+00
1.294226733440827282e+00
1.439667213149410374e+00
1.668870330432410842e+00
1.638144680967541067e+00
1.723107057459862590e+00
1.493783336789795024e+00
1.469473812489900055e+00
1.388507048683457201e+00
1.417329101704788430e+00
1.406240508587765392e+00
1.338931729015432559e+00
1.205505035682832071e+00
1.481582421048289300e+00
1.344733982683009366e+00
1.693600581773097691e+00
1.557786179613039224e+00
1.735781024821956287e+00
1.734232492267210324e+00
1.968934163947992477e+00
1.977233511631050433e+00
1.786177742080707453e+00
1.960234109220038157e+00
2.091853611682116920e+00
1.698957930233764957e+00
1.394027319205848547e+00
1.680987512627751590e+00
1.692220817688879109e+00
1.431359390991490566e+00
1.543958941882501268e+00
1.300623398068328385e+00
1.701098729695262213e+00
1.757439251542888492e+00
1.754968790695376590e+00
1.761127564175725357e+00
1.487138981272235760e+00
2.124282627793029565e+00
2.119003071953875939e+00
2.036179587336000907e+00
1.668534546906309757e+00
1.377271550113220666e+00
1.575064329262509055e+00
1.497077305890729404e+00
1.404678911725059542e+00
1.439581754475155684e+00
1.716296278402893227e+00
1.691268404610200449e+00
1.588186049223512697e+00
1.623191096724318827e+00
1.210188676217180515e+00
1.137644737708064291e+00
1.610519714968451144e+00
1.590321430492437349e+00
2.077950822979393930e+00
1.868763107838975035e+00
1.565878165265950805e+00
1.467474381362265934e+00
1.417886472156395516e+00
1.302559416123800995e+00
1.245276374224538296e+00
1.158529738702510192e+00
1.491167892719322374e+00
1.594289505568635246e+00
1.304736067452813231e+00
2.120490280871033750e+00
1.988023555051188884e+00
1.882529694058225678e+00
1.730756993595172988e+00
1.724099792118035879e+00
1.946834495041443347e+00
1.657459988294183395e+00
1.463984106519638173e+00
1.272388168019395804e+00
1.414890649401139067e+00
1.668620185597145866e+00
1.655643190376394180e+00
1.408526661912618216e+00
1.227660415650028591e+00
1.641618274145009826e+00
1.082774317389946228e+00
1.410819940186312405e+00
1.453093606922414738e+00
1.399930911833979108e+00
1.170025043907145124e+00
1.448061329798823849e+00
1.294876192705972207e+00
1.416773796780349315e+00
1.860918026569351458e+00
2.192353956601075016e+00
1.981944010129133904e+00
1.923104464093428723e+00
2.392602667414520656e+00
2.284278858448101523e+00
1.825593062526327692e+00
1.760260211206414072e+00
2.407370049602369999e+00
2.261904846392010171e+00
2.055333953546667924e+00
2.062455307533200166e+00
2.021132858844823410e+00
2.046369505865886840e+00
2.218622071434056764e+00
2.324629502374846002e+00
2.177986077899049189e+00
1.805687780710249601e+00
1.551341651085138551e+00
1.619879039500319529e+00
1.547307678425781541e+00
1.713944690807335691e+00
1.888510209512539895e+00
2.000835761017056402e+00
1.882838052021252651e+00
1.899056187123655981e+00
1.629859465597047752e+00
1.298539472559308017e+00
1.327406144835191704e+00
1.501071118163382678e+00
1.326759903978084409e+00
1.480975180656950663e+00
1.457450711754360029e+00
1.564673874438204937e+00
1.708623687362346821e+00
1.544230614275277524e+00
1.464637976341119696e+00
1.447367663246084124e+00
1.532462155526068681e+00
1.350176836895411903e+00
1.175461784163966072e+00
1.234848750033848530e+00
1.236778879287216526e+00
1.524545774795297959e+00
1.773858235652971960e+00
1.490467471820504874e+00
1.980963134425355099e+00
1.781658778228269346e+00
1.826818326420017291e+00
1.708021807098389466e+00
2.063152072317824715e+00
1.969598494660508736e+00
1.925093979435864799e+00
1.822396410714790749e+00
1.526173584296484087e+00
1.728524363328024283e+00
1.883382193218752221e+00
2.073542390901942589e+00
2.146893305105512795e+00
2.389283180462857370e+00
2.616591798935001378e+00
2.302626281054577007e+00
2.505787982928473934e+00
2.143257518146864271e+00
1.973231201112960909e+00
1.920916131092342161e+00
2.037755513573620725e+00
2.460460411803451652e+00
1.980812595196543846e+00
1.739850563421428964e+00
1.992181314130682113e+00
1.670087891240435329e+00
1.515846696299509189e+00
1.830265668018089320e+00
1.868604675688524397e+00
2.087044884844260206e+00
2.185278374333779361e+00
2.123380988351294629e+00
2.111911448877010322e+00
1.818019989205429399e+00
1.573371090710933728e+00
1.555332239175394760e+00
1.838340422595805101e+00
2.161636099527490362e+00
1.560008786177869089e+00
1.528891390494699021e+00
1.330598232393916724e+00
1.553655583492258740e+00
1.634361804063912516e+00
1.646171475690809904e+00
1.994193447043642209e+00
1.823116497586548590e+00
1.572504034279657681e+00
1.154970030232091549e+00
1.306068010919257283e+00
1.574890158615836366e+00
1.404015760717757466e+00
1.754047746563954568e+00
1.642703268437248454e+00
1.785275850226628824e+00
1.728996273813022455e+00
1.680743162900756760e+00
2.431756517568731901e+00
2.053354336575663908e+00
2.200539082120267498e+00
2.295614373664574881e+00
1.835845288021390020e+00
1.811727602645119006e+00
1.571048446348839001e+00
1.460700049067479966e+00
1.277447966944085023e+00
1.457105699606988658e+00
1.621719449294091620e+00
1.923337720233261550e+00
1.939323724020828976e+00
1.701745412720592654e+00
1.578754815460878369e+00
2.001512967761895023e+00
1.861491302026485828e+00
1.962346825029397612e+00
1.790935863413876561e+00
1.758082152327446357e+00
1.849661314703326953e+00
1.909041900900284361e+00
1.964997859792442902e+00
2.192115326909154227e+00
1.960185038505404709e+00
1.910971717858151564e+00
1.597009240091624704e+00
1.517275259747571825e+00
1.489136379367104857e+00
1.757370321011436420e+00
1.261864320985467636e+00
1.260592076092105884e+00
1.535263655254391013e+00
1.691428221884701877e+00
1.711063419190418600e+00
1.406024516312811778e+00
1.417511497014251720e+00
1.395406931285277929e+00
1.568755285206789418e+00
2.059061977099858165e+00
1.974612863408334640e+00
2.255730039581886004e+00
2.333724397796971495e+00
1.873185531500379586e+00
2.015245109826079073e+00
1.953701801972293595e+00
1.985269182234174146e+00
1.759577048223643247e+00
1.775516935397000173e+00
1.865171871288857863e+00
1.678649732180250487e+00
1.616238728653473178e+00
1.662098716618437555e+00
1.487724410304875233e+00
1.741407288377179841e+00
1.636590501650206919e+00
1.580434783413498856e+00
1.468074602153366603e+00
1.576217817580424452e+00
1.062348094651116348e+00
1.347809478301822184e+00
1.620406747979777906e+00
1.635909389169471595e+00
1.718368327721631061e+00
1.683088948838010968e+00
1.869248814735319897e+00
1.529679640046208045e+00
1.762062637535748211e+00
1.381193154167121406e+00
1.221049256280911877e+00
1.483579914064049765e+00
1.425233878966000400e+00
1.288667995554560797e+00
1.198344626662286361e+00
1.333353921823385191e+00
2.070941582003880566e+00
1.843640769624775189e+00
1.881466279039243794e+00
1.896432952298972241e+00
1.733005167168664373e+00
1.839693700384986474e+00
1.690944528601430186e+00
1.983132798727994306e+00
1.741931775304931707e+00
1.902589072069855280e+00
1.668159430346118022e+00
1.942535137430067227e+00
2.287799465989683867e+00
2.027662451116992504e+00
1.945771892360450117e+00
1.862911227864123775e+00
2.215804068418008921e+00
2.208419441228322011e+00
2.011058331192354220e+00
1.725233657152870137e+00
1.451714171838630607e+00
1.402543754883758709e+00
1.127700891335508437e+00
1.222650333296095404e+00
1.358213221744974053e+00
1.437398497358371774e+00
1.251583003316659948e+00
1.353187907909941368e+00
1.668104071879938477e+00
1.689040940282216630e+00
1.629326666166967419e+00
1.971497535384307831e+00
1.573330425913480601e+00
2.007338602427264806e+00
1.632645229926257491e+00
1.548447841048418372e+00
1.531626249205945367e+00
1.999500561391098774e+00
2.354350121247825722e+00
2.045245514289018018e+00
2.077916609086636335e+00
1.895466576446412477e+00
1.841923446507955475e+00
1.959998153487447770e+00
1.696089027046368436e+00
1.384026822479514029e+00
1.765800442293948613e+00
2.060816846067016872e+00
1.827502122680385810e+00
1.718079967161311394e+00
2.166260366240629676e+00
1.993584955942712789e+00
1.928402834476796501e+00
1.607507933257239063e+00
1.758338707432623327e+00
1.890692774866542969e+00
1.764456627324375582e+00
1.948962831276570773e+00
2.077681519628125084e+00
1.977645046773797155e+00
2.055964044026060034e+00
1.935521349318603646e+00
1.762334522849389407e+00
2.117940302528812602e+00
2.101012367243640266e+00
2.094545253177763744e+00
1.566324490566715744e+00
1.617375350815122292e+00
1.913899081744555364e+00
2.066552050893986081e+00
2.103433632650824503e+00
2.104997831094375549e+00
1.792673223646545244e+00
2.008827809990504143e+00
1.758591633784485353e+00
1.555797320745913481e+00
1.409125120249528296e+00
1.520592847542266313e+00
1.885115940795030198e+00
1.911853969463831682e+00
1.800724981982314787e+00
1.827280168648366399e+00
1.794976817971041916e+00
1.941928051918568876e+00
2.381896997093975621e+00
2.268190291195999464e+00
2.156471255559663902e+00
1.977894388304958007e+00
2.269525087461619073e+00
2.331367883857585088e+00
1.973820868412383689e+00
1.504246156779084798e+00
1.602196219957612744e+00
1.629619828250634672e+00
1.511322657098429723e+00
1.490830652208840812e+00
1.305382796299011883e+00
1.289405421174788735e+00
1.350100840694666182e+00
1.719401229297902622e+00
1.325859761429021288e+00
1.346420825234491803e+00
1.433045051031466954e+00
1.414160280972769801e+00
1.244291189302086043e+00
1.920768792765138899e+00
1.820222065236936082e+00
1.766389096205045028e+00
1.460376412933744428e+00
1.269187378748012129e+00
1.103746212355444012e+00
1.431718042343767650e+00
1.486419777402789633e+00
1.694115961335054044e+00
1.447511911621234937e+00
1.571393020567527721e+00
1.396315121693847416e+00
1.226444200970935983e+00
1.658475096529803849e+00
1.801854440576803329e+00
1.650826541640719292e+00
1.515204003381602327e+00
1.447624701270036507e+00
1.369061569620846797e+00
1.293062035326655312e+00
1.401698473465097461e+00
1.504467383632004163e+00
1.575372564837506317e+00
1.422514663730654938e+00
1.290172359879315112e+00
1.300193911152775827e+00
1.387393926056463833e+00
1.305196849655103186e+00
1.496462907562191136e+00
1.385836606088546752e+00
1.856419774032579184e+00
1.477210574209622651e+00
1.470032691531470537e+00
1.760989627367060884e+00
1.652001145235715285e+00
1.935570888640631537e+00
2.032124189151893745e+00
2.031897961287398413e+00
1.797554955249023978e+00
2.253536355073284536e+00
2.259972389273593674e+00
2.173143788558831613e+00
2.202257507366840450e+00
2.469122550849403908e+00
2.126572454166071324e+00
2.312722279921465951e+00
1.553868670427479559e+00
1.740310969179565070e+00
1.454658247259330128e+00
1.501620396789545175e+00
1.547260357712414880e+00
1.378719101506776790e+00
1.539833670763867124e+00
1.757152296823463633e+00
1.979762024336330528e+00
1.733823790832845990e+00
1.364910945520329211e+00
1.341980926621922032e+00
1.578761167624194828e+00
1.723856154318563982e+00
1.996918445979715351e+00
1.757619421157546213e+00
1.948785534201983971e+00
2.163492950821326755e+00
2.201814639071990598e+00
2.073946300658931374e+00
1.801718753789891769e+00
1.969263704861037967e+00
1.897779065409739729e+00
1.950593878323066521e+00
1.517166360958002613e+00
1.495834467209594454e+00
1.309606952432942562e+00
1.439144875288530745e+00
1.412336628015971929e+00
1.532337750134357357e+00
1.375943202329532156e+00
1.321874460967581433e+00
1.371321551169825348e+00
1.326412419497652317e+00
1.169878156737864883e+00
1.429982458996747807e+00
1.944986780372185642e+00
1.722092061537307206e+00
1.978774328926728332e+00
1.610488931390215761e+00
1.753315992265981782e+00
1.833666897427217668e+00
1.777056597050864939e+00
1.983288614291102592e+00
2.025227002353904293e+00
2.196104116921660854e+00
2.082361682429915373e+00
2.159479895559339280e+00
2.301791986524881928e+00
2.128213692526343959e+00
1.966092728409446044e+00
2.147871210350792204e+00
2.281780550551575804e+00
2.471413209982539883e+00
2.072090034826860272e+00
2.006083889291902178e+00
1.801728173429296254e+00
2.184321162559917262e+00
2.112270105195198866e+00
2.565752044952352762e+00
1.741791702954601506e+00
2.024201212638589986e+00
2.004207539772869584e+00
2.310503040386448159e+00
2.377675569166299407e+00
1.992004582914876698e+00
1.974723744762753475e+00
1.911454831094166806e+00
1.578840137049804415e+00
1.714257666980021355e+00
1.567803956930940323e+00
1.477696639540941881e+00
1.525155423987500480e+00
1.427791951861994146e+00
1.597951126739972860e+00
1.503270893421936538e+00
1.402918191983687723e+00
1.517320048697415880e+00
1.557165838788184153e+00
1.540489495620852578e+00
1.731957273890485816e+00
1.224064441743063947e+00
1.496173192084557346e+00
1.546638666913231042e+00
1.425993670898156873e+00
1.268852759311521083e+00
1.288620019990216248e+00
1.214469215845902283e+00
1.454544728366339745e+00
1.389343502177389000e+00
1.341337117076825791e+00
1.560409771703455739e+00
1.735572721158617160e+00
1.738159783625464305e+00
1.371438395438830504e+00
1.531431145162348573e+00
1.272687356834810934e+00
1.242982435692569165e+00
1.271205108393573369e+00
1.469015163755755138e+00
1.963486487620668797e+00
2.087461795217372185e+00
1.882737890393573643e+00
2.014521806793443837e+00
2.122805250847634717e+00
2.286440301181949408e+00
2.257280246319772310e+00
1.885637892037633101e+00
2.152543359810180856e+00
2.211903090732422417e+00
2.353308002006997413e+00
1.942412625946970950e+00
1.733994214391632926e+00
1.927551017143533718e+00
1.655740432286368025e+00
1.557580242725597586e+00
1.448863793736092198e+00
1.460529409249248678e+00
1.886845800876404411e+00
1.729082764157457097e+00
1.526858844625300193e+00
1.263418370669439961e+00
1.337322381912498415e+00
1.707538777015849663e+00
1.514220562316572094e+00
1.401914182847699530e+00
1.303085467547191456e+00
1.298394117176130402e+00
1.711542482682785193e+00
1.308143718538852474e+00
1.465851734124679062e+00
1.525627557079782370e+00
1.692713037657113340e+00
1.408150876246688998e+00
1.467042545597868175e+00
1.275885952605077200e+00
1.248379582725394732e+00
1.144956996700559504e+00
1.310643083280118804e+00
1.259256563976510757e+00
1.481154013368717770e+00
1.790406712370242959e+00
2.109586689310821495e+00
1.758228080356095901e+00
1.657925923234815802e+00
1.545955810646371997e+00
1.620893675361086084e+00
1.370355121363524331e+00
1.498308422251992456e+00
1.436797936754095950e+00
1.334373751424807075e+00
1.210970726265861996e+00
1.366029737705370062e+00
1.138497139957193482e+00
1.216320690310203512e+00
1.597470590282201952e+00
1.340214076659940190e+00
1.553942895078929354e+00
1.424204500135999307e+00
1.630924582863580996e+00
1.558716761665158712e+00
1.496370767674313207e+00
1.782285216308918230e+00
1.397170907727840250e+00
1.382340264732615953e+00
1.643836143020874774e+00
1.439442014971715977e+00
1.683606335677029442e+00
1.559470667644458963e+00
1.451244698169185554e+00
1.308746209205769340e+00
1.301982305276613960e+00
1.650362808079451460e+00
1.721512151362143417e+00
1.725384414374184772e+00
1.767560261190871618e+00
1.909729020284429257e+00
1.902023244706213312e+00
1.615696308815441018e+00
1.540277983452162047e+00
1.613731063091131679e+00
1.275107640008269039e+00
1.627279440463305749e+00
2.324055898531433684e+00
2.431639306853059068e+00
2.080765463948430316e+00
2.058400422634693694e+00
2.065992471966126676e+00
1.991213655924639170e+00
1.958921678946294209e+00
1.918999031887828055e+00
2.136753052977226286e+00
2.444573605118598003e+00
2.531782393251316599e+00
2.543088614549688486e+00
2.532923964731470079e+00
1.868085491934524001e+00
2.115725260813990705e+00
1.710001578242844822e+00
1.367233825565477234e+00
1.300643867769146311e+00
1.431542345288651985e+00
1.376820228066005569e+00
1.320369159748975063e+00
1.331001346553551734e+00
1.272932135213537430e+00
1.291340490036778643e+00
1.440475647125854186e+00
1.288266391568604785e+00
1.561362168410308504e+00
2.107930935435622377e+00
1.809985478072424048e+00
1.966304541832119668e+00
1.953858608680061337e+00
1.819505677664335686e+00
2.183092444771010943e+00
2.282962656288737957e+00
2.132041215996196115e+00
2.190031233017044165e+00
1.984487568963996029e+00
1.804627747731008203e+00
1.507015095724835163e+00
1.493928793099013053e+00
1.330135439019284105e+00
1.803405232849521589e+00
1.895204860223778986e+00
2.049439635474513466e+00
1.930144364710425053e+00
1.665643265506737469e+00
1.955441362188667043e+00
1.502935372812420178e+00
1.697868934165491783e+00
1.898427712467270156e+00
1.472307340367986717e+00
1.532897306301024942e+00
1.604709851037345203e+00
1.426904888337644284e+00
1.614284951842799520e+00
1.569329129514861476e+00
1.545214421876775823e+00
1.844372036699603257e+00
1.492069759416859043e+00
1.743521162185986517e+00
1.749604707187804697e+00
1.895009340971086420e+00
1.418753240913062541e+00
1.416654784539704615e+00
1.329655920230234933e+00
1.481672868562410317e+00
1.480232910864530460e+00
1.402658135908006143e+00
1.493409824351287218e+00
1.514709854527418464e+00
1.378531846272448069e+00
1.395692536477087131e+00
1.332392491621416708e+00
1.526815563564337674e+00
1.389461973164857200e+00
1.419669250986550724e+00
1.353730467079793165e+00
1.414865278542901450e+00
1.366831311733977428e+00
1.377535748059787402e+00
1.496256854516658574e+00
1.666453182523055077e+00
1.637614490859010674e+00
1.748724417707432810e+00
1.361471393978910482e+00
1.251587651062977091e+00
1.583208293612544004e+00
1.658503113192868028e+00
1.356399209343442047e+00
1.488183961105543851e+00
1.406456718795081828e+00
1.518741183138199169e+00
1.356686839812957679e+00
1.251950234885537361e+00
1.814636801908373176e+00
1.527250780331031343e+00
1.417581101319731696e+00
1.382451974138029671e+00
1.356920770057027603e+00
1.462587859423866821e+00
1.314441892607824514e+00
1.289509996517717028e+00
1.723592858946116912e+00
1.638096205858050602e+00
1.401320627371485994e+00
1.314566858350272316e+00
1.273391284582973793e+00
1.253844278789429723e+00
1.613301995578358294e+00
1.634730024901743795e+00
1.554280000312224352e+00
1.297422302158705465e+00
1.377285421098730644e+00
1.182971826051877562e+00
1.160919825952630990e+00
1.717852570208452168e+00
2.065933512256077798e+00
2.168074724562519595e+00
1.792688451404119254e+00
2.046991419314099225e+00
1.880169546339805819e+00
1.807106198007177200e+00
1.745121131552322957e+00
1.472817255367843359e+00
1.722509631373340344e+00
1.874797655577050026e+00
1.596148964106642865e+00
2.104022761807420761e+00
1.938596154145166395e+00
1.916638891598960504e+00
2.137865316890347422e+00
2.106194920412439497e+00
1.953222541961652681e+00
1.657226842012372803e+00
2.060502292915201039e+00
1.906766058923136775e+00
1.688994738396845552e+00
1.592175361235762310e+00
1.380662768307240107e+00
1.847024808666033024e+00
1.713716305709115817e+00
1.964500154018587796e+00
1.436553509231271342e+00
1.631297040152766886e+00
1.260360568176633667e+00
1.574135034662589749e+00
1.538654273714656462e+00
1.521987108934931499e+00
1.521618790577542235e+00
1.272433599624848810e+00
1.272500466542913156e+00
1.714679233110816270e+00
1.590786533021393723e+00
1.543408488153160896e+00
1.644397719975125405e+00
1.425078708124501770e+00
1.111704051884442768e+00
1.629126036874735561e+00
1.235492527178620570e+00
1.628877965253241245e+00
1.853000375240881015e+00
1.596743793792033905e+00
1.926419683485227630e+00
1.723821202757362947e+00
2.142554536040634172e+00
2.108298043442305314e+00
2.292487149586720285e+00
1.902239822930962276e+00
1.819335043884394709e+00
1.539419409127874783e+00
1.528212585258422296e+00
1.442660675345009302e+00
1.828944702377454989e+00
1.584368158450150332e+00
1.483816249242724927e+00
1.450802889557956998e+00
1.761278002821692112e+00
1.746220922664198261e+00
1.877589455303561694e+00
2.326224849214554968e+00
2.317920415703802917e+00
2.161421216862053907e+00
2.047962827776536709e+00
2.034384014404489349e+00
2.060162033773974777e+00
2.236933591443518221e+00
2.009387400649106148e+00
1.740686334174218253e+00
1.463603202025787864e+00
1.477960953607674988e+00
1.531578693902158728e+00
1.661104440771445923e+00
1.461053710253204629e+00
1.521034481266337890e+00
1.336772872548456448e+00
1.278085754320186673e+00
1.177218680708551402e+00
1.296796890995723039e+00
1.765784575199848661e+00
1.520446329271242014e+00
1.991659042363444598e+00
1.974626609810224309e+00
1.670786494847325887e+00
1.668359198413086775e+00
1.568457843291544584e+00
1.253404910351387569e+00
1.517275585466885346e+00
1.511523565221627230e+00
2.018476106414638149e+00
2.210650987932800682e+00
2.474727993610255083e+00
2.388510771943162414e+00
1.978032890464414439e+00
1.958957880446355437e+00
2.413426186061157885e+00
2.068034587111530875e+00
1.947442980253728528e+00
1.842666501732388218e+00
1.301194341442462932e+00
1.378726659134181798e+00
1.883183508163445596e+00
1.990189208333933424e+00
1.924580725593021402e+00
2.015276312541494530e+00
1.886877259076817026e+00
1.755379324734945179e+00
1.634135479334552388e+00
1.603348023112799670e+00
1.303084450812126649e+00
1.490292906075261437e+00
1.931133727199126682e+00
2.147209852045256717e+00
1.671306453147585191e+00
1.510254047096006857e+00
1.369133755559501564e+00
1.222897193727643605e+00
1.403613236396856756e+00
1.541135775509745898e+00
1.405408167509705653e+00
1.478723632098129182e+00
1.591803057445733138e+00
1.491241913733921898e+00
1.530361824003796833e+00
1.589513116278365779e+00
1.483828422649754897e+00
1.109457148610807797e+00
1.173730804776390135e+00
1.600691225227317993e+00
1.703285985262937174e+00
1.640484983748488279e+00
1.811813313707538953e+00
2.120730472157613011e+00
2.352055024610196554e+00
2.087143661237007120e+00
2.347757704831495928e+00
2.184862851516221838e+00
2.005420405167063436e+00
1.495599663200049001e+00
1.720518892981046655e+00
1.774133246231817118e+00
1.188764714800926159e+00
1.421712701340433593e+00
1.651562835427143883e+00
1.728243460674400822e+00
1.870303228721630795e+00
1.582149337641208353e+00
1.590273520573796340e+00
1.604315237230563573e+00
1.823780805561407981e+00
1.829967892892597980e+00
1.866262974605810587e+00
1.593382644399939485e+00
1.431300457361576628e+00
1.541285894133247680e+00
1.662600168116257437e+00
1.398531630076844889e+00
1.575904845408534705e+00
2.160445778001145900e+00
2.234714467478563726e+00
2.160858230486470966e+00
2.025858150930078150e+00
2.096834001393156122e+00
1.981475878608015995e+00
1.797317695722449926e+00
1.816709054337953377e+00
1.686458279216251244e+00
1.768238835187123659e+00
1.684611717513432083e+00
1.498701853708253706e+00
1.758298371943322058e+00
1.591661656036083894e+00
1.625828049887033444e+00
1.614019137795950520e+00
1.701857719285060355e+00
1.375894459381182378e+00
1.933895387032094959e+00
2.096042811775762793e+00
1.695424515730975079e+00
1.649201954105067092e+00
1.723946752036016994e+00
1.847093776946980626e+00
1.900764364874410139e+00
2.475826085218420847e+00
2.290064254891004847e+00
1.958217757897688927e+00
2.133749993273831080e+00
1.976391370442279083e+00
2.306865207106242988e+00
2.096806002111809786e+00
2.165843021455727602e+00
2.138174073732366676e+00
1.706771252473605616e+00
1.716591888146291156e+00
1.554277137897774885e+00
1.493776953168583610e+00
1.573685919221405882e+00
1.377314090632003163e+00
1.979858437232610457e+00
2.038959830988498201e+00
1.364566031071166252e+00
1.480596100434416584e+00
1.342894881109843119e+00
1.174855227394444368e+00
1.474917862600712226e+00
1.915207964876163294e+00
2.011049680064578737e+00
2.077524908236922485e+00
2.123421432906321016e+00
2.310259937895293270e+00
2.339106568533921404e+00
1.765312054703462641e+00
1.407534069707257141e+00
1.103889082540625122e+00
1.438881187254504646e+00
1.596471957509799866e+00
1.266835395596328295e+00
1.432523712167989016e+00
1.258620134915152233e+00
1.355032646368096172e+00
1.562156158113379156e+00
1.913750954501042933e+00
2.232252360740618613e+00
2.018129141554322548e+00
2.269960199213162166e+00
2.315863692673569840e+00
1.807141946716598557e+00
1.796988283956348242e+00
1.909081866568043573e+00
1.893964693833918078e+00
2.224715210268825683e+00
1.554531414092115593e+00
1.851917810743596071e+00
2.201940472641084945e+00
1.835609723048055031e+00
1.914878210595064578e+00
1.873474839169512407e+00
1.671836494502602299e+00
1.960283854102727652e+00
2.358778458432339686e+00
2.065456028742561401e+00
2.347749261017872069e+00
2.251188813434046310e+00
2.088551145149197819e+00
1.667589307246752917e+00
1.717390103455637806e+00
1.618729856354099939e+00
1.714012117448288963e+00
1.548768085143567452e+00
1.504295189871845517e+00
1.724574813984711685e+00
1.772806545512206178e+00
1.665009336220453440e+00
1.740608987788099471e+00
1.567820941571997917e+00
1.623987278242795984e+00
1.778083252007721660e+00
1.884847345496957871e+00
1.995391237893539671e+00
2.075355397480735498e+00
1.738148313399924039e+00
1.641146917081919288e+00
1.762345293040824989e+00
2.013905235522820192e+00
1.908934458484107033e+00
1.584331688448690656e+00
1.782484755951214694e+00
1.744355585818877064e+00
1.710933888621216425e+00
1.631577771386369280e+00
1.532855813938635015e+00
1.502912844837999806e+00
2.119651270285218825e+00
2.013073497850027760e+00
1.885779320626220557e+00
1.945985995822041348e+00
2.036724238076064619e+00
2.088007416773795200e+00
1.470198062602699807e+00
1.220620765105999039e+00
1.551500880208280586e+00
1.518555989200585543e+00
1.481016957020992120e+00
1.412327869682740822e+00
1.350921419176249971e+00
1.553324404096347422e+00
1.511201038583010803e+00
1.846075880422089588e+00
1.656197298189318934e+00
1.598040527615540274e+00
1.461783671104886828e+00
1.663234681042572438e+00
1.916635824684602474e+00
1.849819167215394522e+00
1.775447681564640279e+00
1.707549610203862755e+00
1.579873311008201497e+00
1.888900547695950394e+00
1.878935412237298541e+00
1.639804347660175132e+00
1.975392717140458165e+00
1.975961003228682067e+00
2.015037728094995373e+00
2.074738144398441175e+00
2.008268294390662678e+00
1.715246814265630082e+00
1.408052255784538520e+00
1.744845844081128083e+00
1.680278098092149452e+00
1.816911733880495650e+00
1.809587143661353315e+00
1.805357047803032522e+00
1.528066869898842883e+00
1.651188981060927929e+00
1.727819627153857951e+00
1.434760351194950712e+00
2.013093816122602409e+00
1.715674119246945128e+00
1.514315224334585652e+00
1.869018443544020913e+00
1.694214061990389597e+00
1.868373760142228113e+00
2.274955524151742292e+00
2.379750787358214215e+00
2.128739507128084352e+00
1.751479655513830558e+00
1.552087223733436216e+00
1.412814357608942473e+00
1.343022104352792345e+00
1.456792587494241786e+00
1.475922196914491558e+00
1.391047105271921325e+00
1.550819592419865556e+00
1.759590142622205367e+00
1.491050769916424823e+00
1.626179263727641988e+00
1.915790658910043964e+00
1.923397130090316764e+00
1.796972770880472581e+00
1.947002435631029149e+00
2.019844400240544235e+00
1.899271919748020343e+00
1.828775670502717166e+00
2.100560443311444203e+00
2.464058032524808706e+00
2.677885900492827709e+00
2.234867513307772224e+00
2.247477600383317675e+00
2.047209919561614910e+00
1.791021042382098916e+00
1.918956641072896874e+00
1.704447219441469263e+00
1.403073681759539504e+00
1.475048306431218981e+00
1.510263269171359779e+00
1.593604128836870748e+00
1.207382364501365046e+00
1.448738689513711542e+00
1.980023985621826688e+00
2.160198881253748926e+00
2.217076915659995873e+00
2.142225235701709529e+00
2.211069618400011816e+00
2.478735028721982481e+00
2.157331540608813825e+00
2.146095329385401040e+00
2.388184450895984856e+00
1.894980055159863230e+00
1.933251152913531890e+00
2.076075607516473465e+00
2.236601182181092273e+00
2.014477115693830811e+00
1.935944981887345540e+00
2.087686776586452631e+00
1.926343834333440475e+00
1.881834329046772725e+00
1.889963791221282996e+00
1.921079468661824441e+00
1.918563782255126471e+00
1.640660786903811674e+00
1.934976934628235945e+00
2.136699508161713723e+00
1.418549767890422419e+00
1.566741400360502467e+00
1.701696859786767213e+00
1.767259228307866081e+00
1.831956075316410582e+00
2.175247938854434349e+00
1.790550821365601397e+00
1.998974344772244782e+00
1.717820868982806282e+00
1.575003598212507017e+00
1.673770756545098326e+00
1.635517470209930879e+00
1.594825209369297836e+00
1.656034214441860941e+00
1.402074623465920711e+00
1.605016874054312259e+00
1.628061574383973920e+00
1.835694401307529366e+00
2.315139401250244866e+00
2.271229213390193902e+00
1.935656067556722704e+00
2.069331581094221661e+00
1.968498008020657331e+00
1.631611337082980562e+00
1.716661792152166299e+00
1.512779300595292531e+00
1.805010079684190805e+00
1.667718262298851561e+00
1.437125503043292785e+00
1.873970518107505701e+00
2.202487207551127479e+00
2.035340159165452079e+00
2.219533235710077435e+00
1.888652539028902400e+00
1.827139788912222507e+00
2.007297202729075636e+00
2.261816183663968083e+00
2.199133190927745840e+00
2.152994635655007372e+00
1.941953668015374390e+00
2.015896533678377178e+00
1.770867466825787551e+00
1.786355700382092238e+00
1.416246490870948893e+00
1.656625308306644229e+00
1.911918685908172044e+00
1.749562012149547208e+00
1.628261773131082890e+00
2.114986860297542126e+00
2.172540892267736723e+00
2.197614606947427607e+00
2.187776423627712408e+00
1.971059401976593906e+00
1.671219933781919798e+00
1.639667233350210473e+00
1.717605642925062348e+00
1.650287309927443991e+00
2.075940883433465611e+00
2.051948316399724970e+00
1.815046689703247118e+00
1.588801714515786223e+00
1.575067196437453410e+00
1.851605979439686855e+00
1.664961619507788315e+00
1.636360721029718635e+00
1.685731499072545381e+00
1.440572521392095906e+00
1.264020929815363292e+00
1.321847173255968677e+00
1.342844343020486830e+00
1.617876812383773455e+00
1.384633090769115782e+00
1.605519605833279018e+00
1.393304366315617715e+00
1.410388164677490286e+00
1.571529477411196973e+00
1.795943814447684694e+00
1.773058552107913632e+00
1.590949425599888389e+00
1.642063465877499073e+00
1.479206919066932802e+00
1.607605882692885846e+00
1.373712206607127007e+00
1.449084712459872470e+00
1.963664735169734943e+00
2.366522026693782976e+00
2.069213535304019302e+00
2.185464165454316987e+00
2.439229432564534505e+00
2.318322535318986244e+00
2.320372946941009484e+00
1.826856875725825224e+00
1.655450726647357929e+00
2.117962688775266056e+00
1.904986771911661991e+00
1.890289257193376704e+00
1.518558492812267735e+00
1.369663564960779789e+00
1.760826151392445027e+00
1.742453126286960474e+00
1.563408530120193873e+00
1.414282075862042021e+00
1.581872814250816939e+00
2.196924156484997059e+00
2.120899080919034230e+00
2.161870933925046590e+00
2.275291093720152258e+00
2.325791285908411776e+00
2.172292211334520662e+00
1.966960789000546939e+00
1.693277656796791764e+00
1.605075844462844792e+00
1.575745028625414434e+00
1.445734309638204040e+00
1.359997715670671514e+00
1.296641927891291957e+00
1.797690901284476617e+00
1.608466722385311742e+00
1.906334957718374357e+00
2.099011042470539934e+00
1.901750719026947367e+00
1.608959320155553208e+00
1.442336925608426634e+00
1.661555281329313294e+00
1.723895737038857234e+00
1.384871256493416469e+00
1.897080565366666249e+00
1.787001148938475836e+00
2.019670405335955543e+00
1.899497978586208724e+00
1.708314978574882348e+00
1.643378119695985795e+00
1.296473672633881247e+00
1.583766277008800349e+00
1.411413564396138964e+00
1.300996674159732081e+00
1.303177791119707329e+00
1.421194820479132481e+00
1.504051173600781999e+00
1.285656698267567455e+00
1.495563945813984663e+00
1.535902494244950622e+00
1.714529780607805254e+00
1.920287623549074230e+00
1.408566023949002988e+00
1.140579490885794245e+00
1.451495968949610749e+00
1.465423807781574439e+00
1.538877860120726915e+00
1.627252866136460696e+00
1.285152908965465635e+00
1.394819061866104271e+00
1.428609914988493212e+00
1.495938215043194353e+00
1.542297194592207044e+00
1.482501689316835902e+00
1.459552311844081629e+00
1.819245989581842471e+00
1.544013171853677591e+00
1.415212492227519325e+00
1.695530396943381479e+00
1.378992475932867556e+00
1.326910090799795272e+00
1.343892022482511273e+00
1.449539104059414107e+00
1.592401927269903483e+00
1.516764088174513470e+00
1.496194508880993146e+00
1.386345263222008128e+00
1.334245457387545963e+00
1.515383296539583036e+00
1.824503722594673194e+00
1.687206152181903285e+00
1.556952384859791483e+00
1.390027751781213183e+00
1.228966661756498713e+00
1.440284368315146279e+00
1.610302537474916251e+00
1.753413597965375548e+00
1.486089462389891258e+00
1.587140021926557676e+00
1.830266126172439334e+00
1.865032027962800543e+00
2.088387609177103865e+00
1.367070528751160641e+00
1.692270640686166505e+00
1.774946623340450280e+00
2.201350441523881596e+00
2.645831146368223141e+00
2.447052171804672493e+00
2.074261238713643873e+00
2.135677086478878106e+00
1.894007438203775706e+00
1.853368171516723395e+00
2.281402190074627079e+00
2.303116483990963914e+00
1.725816143643103873e+00
1.701909331542867054e+00
2.218349380660418646e+00
2.312198558716191954e+00
2.001195707875335739e+00
2.295782799217434889e+00
2.286377532361829612e+00
2.448458063940019525e+00
2.592619282129554836e+00
2.677301803384425583e+00
2.393916168228576336e+00
2.290090067213372826e+00
2.514735615529046342e+00
1.837994599140021057e+00
1.860028649703543424e+00
1.795060649586331936e+00
1.530508030001493713e+00
1.356043798360818675e+00
1.576398283248041654e+00
1.535342735459094943e+00
1.913809278884244014e+00
1.800036248428293240e+00
1.642168231397193257e+00
1.459608175368663829e+00
1.800329883971367728e+00
1.565965488839361264e+00
1.710965747184865826e+00
1.454035201799866339e+00
1.263103147821309724e+00
1.509140942063396551e+00
1.536308783285543766e+00
1.378231998181541407e+00
1.715368310060719326e+00
1.448992468757150931e+00
1.917759360057267548e+00
1.951828966070388915e+00
1.971213139254042845e+00
1.978314092342555064e+00
2.282939691045358099e+00
2.207548873078458040e+00
2.174760421050571768e+00
1.634430740078423927e+00
1.446851770593703179e+00
1.759163444480475791e+00
2.211249261497927332e+00
1.945301888204498786e+00
1.511873460681891768e+00
1.379272742145576380e+00
1.558183922402611721e+00
1.390739706400244469e+00
1.702309402125233850e+00
1.848018682285544445e+00
1.760876295956370630e+00
1.770364400537976168e+00
2.226601634304521848e+00
2.144828734226002620e+00
1.831877974943584508e+00
1.702181361552963956e+00
1.808572356276472393e+00
1.522178433280583221e+00
1.746290844333500347e+00
1.402871767476538301e+00
1.724597269193774540e+00
1.378093019283963105e+00
1.660041173105204493e+00
1.495558725809599476e+00
1.636669693616873644e+00
1.724251923275319953e+00
1.601903294286402435e+00
1.397862836062683911e+00
1.388308329236800809e+00
1.626206401689053171e+00
1.906301106836395309e+00
1.372136326759736180e+00
1.726957165901921165e+00
1.373174563915925628e+00
1.511841320934048882e+00
1.851210822019524915e+00
1.686128008409864210e+00
1.308623446863729889e+00
1.972617654570422152e+00
2.125303551070407693e+00
2.062336365722324150e+00
1.977806694795836151e+00
1.500615068070770386e+00
1.660949117232299432e+00
1.641537603366025611e+00
1.745688297712466586e+00
1.500309320357425813e+00
1.751120510833890087e+00
1.517259188908094636e+00
1.732323318260751366e+00
1.792521785778872445e+00
2.103570707370729043e+00
1.987131217762104995e+00
2.465607833265465842e+00
2.191196570407613287e+00
1.794255454544578798e+00
2.168195231275672263e+00
1.819986948282144246e+00
2.151872507875487894e+00
2.190339197061441645e+00
2.129261195660398620e+00
1.796561093141105792e+00
1.728711590404197640e+00
1.610010632913681405e+00
1.703027263833033933e+00
1.963659509993914476e+00
2.366939475779613833e+00
2.461590335523200501e+00
2.597540284873321337e+00
2.296792785627996825e+00
2.316781102696046535e+00
2.136861500556687332e+00
2.195457118346852976e+00
2.430526891466399775e+00
2.281031916759781009e+00
2.427139745734422149e+00
2.024981314944440225e+00
1.942244453015525840e+00
2.189995951134590779e+00
2.176252728633558231e+00
1.947559235684917400e+00
1.526939054195275647e+00
1.401523243953131548e+00
1.416413712429797300e+00
1.628703523935621567e+00
1.708575655478117072e+00
1.670861323465241188e+00
1.601279842910461770e+00
1.595223826870570072e+00
1.813700309656269383e+00
2.007130087094249227e+00
1.955074024790693032e+00
1.648288328955180182e+00
1.643035266379737624e+00
2.026190388302028467e+00
1.628444273893080663e+00
1.690445203896548509e+00
1.629769300534223975e+00
1.392770112653683556e+00
1.626137684324274080e+00
1.367571371937563285e+00
1.182629091114424824e+00
1.516322112581057979e+00
1.827813396811968749e+00
1.664905338504071297e+00
1.793954685519732584e+00
2.010874802825170615e+00
2.311782378971943164e+00
2.154167430785261850e+00
2.276749117212149454e+00
2.149525990933915942e+00
2.272869202054911053e+00
1.996000340383727867e+00
1.462461005331158859e+00
1.323641710474549704e+00
1.602569267752039117e+00
2.216425914882828252e+00
1.889115276986495617e+00
2.192495137733018407e+00
2.275371426993547885e+00
2.530791103649880469e+00
2.044355922061059427e+00
1.571582416638012125e+00
1.166582717557419491e+00
1.392239473228233493e+00
1.800124137785568568e+00
1.743994964221287081e+00
1.753561911856298838e+00
1.749394733137989322e+00
1.959456437776582183e+00
2.347225311569204553e+00
2.187407798645101487e+00
2.148944960172233021e+00
2.159301695672505517e+00
2.317715915617817757e+00
2.172223550830627570e+00
1.949889027162901911e+00
1.865597668758532057e+00
1.923789624147741684e+00
2.201828200563435978e+00
2.303226069088752492e+00
1.755759524888222733e+00
1.958387907704380426e+00
1.605352250170288819e+00
1.453447289917763952e+00
1.742611364998412959e+00
1.846361135985046920e+00
1.668946227113778491e+00
1.974381284062360464e+00
1.857124930594594492e+00
1.825066547423260577e+00
2.076200604788737802e+00
2.028643550254025651e+00
2.462511065281194789e+00
2.703029229278287815e+00
2.407880632237578755e+00
2.430828447309863805e+00
2.292104865384688051e+00
2.426714183013007009e+00
2.251768048866055860e+00
1.995647989094559538e+00
2.213777298092897361e+00
2.353206566321409454e+00
2.197710989651241675e+00
2.226406660245519920e+00
1.803426272446411183e+00
1.292532713924903653e+00
1.448671235821799907e+00
1.386957429314410017e+00
1.495115368857913074e+00
1.523075216883771121e+00
1.657140089175480391e+00
1.475702082273123494e+00
1.525148402824191507e+00
1.354224418467000923e+00
1.550041794520049088e+00
1.330776299812161723e+00
1.649132395606977441e+00
1.615073763577893562e+00
1.577861887251940765e+00
1.564315456152855610e+00
1.402695726730719405e+00
1.477376223997057370e+00
1.399175890598730820e+00
2.026582970886646073e+00
2.026814528634384160e+00
2.037959975026453208e+00
2.533921280914374741e+00
2.295502481256487481e+00
2.268349209168300629e+00
2.498202545450144640e+00
1.694873963599559552e+00
1.861981333415037243e+00
1.549557895461287638e+00
1.647506077127512958e+00
1.543671320591046836e+00
1.282876545990751183e+00
1.436058791752132358e+00
1.557291579648206303e+00
1.680032357186273861e+00
1.486704726230093421e+00
2.117425376953947946e+00
2.410835090888665100e+00
2.089941712369566940e+00
2.258194654142657853e+00
1.622066412420069659e+00
1.935787594796924971e+00
1.708304949085465596e+00
1.735556081143850182e+00
1.448417027175709526e+00
1.280695563761994116e+00
1.372536167346736669e+00
1.484111794532783746e+00
1.649036580241691530e+00
2.146370316462705929e+00
2.138053369565676487e+00
1.849254864203001336e+00
1.675994330964835077e+00
1.918443719193231978e+00
2.110939143122419370e+00
2.223720109478285689e+00
2.176332460814597525e+00
1.829335595049493612e+00
1.795113109536839335e+00
1.890379861621814150e+00
1.766687971626550002e+00
1.480751355772581546e+00
1.840185618566445136e+00
1.752110188358656062e+00
1.493227188264650840e+00
1.674495451621903719e+00
1.558227152481077127e+00
1.942770909175867367e+00
2.147880838828599259e+00
2.059979328105296492e+00
1.717886113727804531e+00
1.857179124594023456e+00
2.356600885414187552e+00
2.079535413360067420e+00
2.179320953563109065e+00
2.051431359688166367e+00
2.114954876137774331e+00
2.140351849123040218e+00
1.780146773085582668e+00
1.654968892625555243e+00
2.156349826621429155e+00
1.568816586305336047e+00
1.846880025470860609e+00
1.559119559899234453e+00
1.369362639567813344e+00
1.473040956125490908e+00
1.461488414221490117e+00
1.455871864302678453e+00
1.640201674699130141e+00
1.785056299425333171e+00
2.285185518005583560e+00
1.731399240220086400e+00
1.819773943099859626e+00
1.987145292745604808e+00
1.896301388196572235e+00
1.708925466687895467e+00
1.353221759463382412e+00
1.441845886447804537e+00
1.735627172825534359e+00
1.695212378790085239e+00
1.569306729574325043e+00
1.986843441668521670e+00
1.931136467453417715e+00
2.069432634059306775e+00
2.152077341778725561e+00
1.826901273524314639e+00
1.982466747296715015e+00
1.635988132164821529e+00
1.982737180599177140e+00
1.951562570753507364e+00
2.342944734537681928e+00
2.074051468864495096e+00
1.911498103550894001e+00
1.947395593453174589e+00
2.086742013798577045e+00
2.150349264962130302e+00
1.743474695532010621e+00
1.599696632010470854e+00
1.581857029450133734e+00
1.197618329909307944e+00
1.227275139749517852e+00
1.555151711560867511e+00
1.909271733222377865e+00
2.103037669902336759e+00
1.735432099856216936e+00
1.823489635052204960e+00
1.716659823642280758e+00
1.606593246814284504e+00
1.769848428948962438e+00
1.639366259265069292e+00
1.560098293922925095e+00
1.368188444618173127e+00
1.738470364421833558e+00
1.654716875501541118e+00
1.448453444588657879e+00
1.677607013862946417e+00
1.742566088956249093e+00
1.879348428881304045e+00
1.840777098424986269e+00
2.204177649806151162e+00
1.979662127620296364e+00
1.723751893961901205e+00
1.909864111786306440e+00
1.747188274310168543e+00
1.627916338758775838e+00
1.596883330518624300e+00
1.773055590426827255e+00
1.496802866876445037e+00
1.277700340366571874e+00
1.060535055343104549e+00
1.254916461792251026e+00
1.400547144769004770e+00
1.559220101599787967e+00
1.876417840950415084e+00
1.805117200328565374e+00
1.779328779894985946e+00
1.735843237638525993e+00
1.528475103021513348e+00
1.266872206647512655e+00
1.597902570455604465e+00
1.601209919634927648e+00
1.720726720728099401e+00
1.376316391227532465e+00
1.504155407982709081e+00
1.673947290620087403e+00
1.506087943263424656e+00
1.591301962770770961e+00
1.425707032724338630e+00
1.394059807299437903e+00
1.819463396519555687e+00
1.740848200859629991e+00
1.982100576498208699e+00
1.602925870570775402e+00
1.621423458172836618e+00
1.535393943846192100e+00
1.636513458570061363e+00
1.311114133861777331e+00
1.428459964940312021e+00
1.493935928529271484e+00
1.396855254539100422e+00
1.106193389636104252e+00
1.115799587182766395e+00
1.203524045735544945e+00
1.377349211135332929e+00
1.703102079922808265e+00
1.867651293804424517e+00
1.590208985654251173e+00
1.787159627927654704e+00
2.065472512664104698e+00
2.017324637300693446e+00
2.490330040449506566e+00
2.195354522383048401e+00
1.821092428356081427e+00
1.704506295124059934e+00
1.490382821050175721e+00
1.297472332774006309e+00
1.534595861490759328e+00
1.767469623424999359e+00
1.932371390273982303e+00
1.857386740238530898e+00
1.926865109891918726e+00
2.036066170530413277e+00
1.698212498807405657e+00
1.578899216764794167e+00
1.807155510331015513e+00
1.711475674140499947e+00
1.704148354650043107e+00
1.657757401384311269e+00
1.671315721461235304e+00
1.653043977527006270e+00
1.564288463144826391e+00
1.576379870434938768e+00
1.668801632703279969e+00
1.716574679565638695e+00
1.961843606363520287e+00
2.104374527525818106e+00
1.846677875265902546e+00
1.791642991278428187e+00
2.061946796655528047e+00
1.964303919587163882e+00
1.729689165643623516e+00
2.072226014550190065e+00
1.669145246713830133e+00
1.855903255077114622e+00
2.058618133505706105e+00
2.124182578659511211e+00
2.294314681905800235e+00
2.251038521131454306e+00
1.588391894131213178e+00
1.733067213102490900e+00
1.608602002734852654e+00
1.448143773869228657e+00
1.976165234934246007e+00
1.890663618345825414e+00
1.978274106204972682e+00
2.062077353333201746e+00
1.951022701948504023e+00
1.554309342201483535e+00
1.572157347350156886e+00
1.553925979982202055e+00
1.882756684514627965e+00
1.653087836115629816e+00
1.520376327304410857e+00
1.739741431531343530e+00
1.792543505944031779e+00
2.127996275964529893e+00
1.938255937378731364e+00
2.348078350514248847e+00
2.104551304062587391e+00
2.527361408881238169e+00
2.571895542949499180e+00
2.218370160888073261e+00
2.320621599475396923e+00
1.881711387645179645e+00
2.032420740697902239e+00
1.782849507231016872e+00
1.796591369996709098e+00
1.490841234599772580e+00
1.697016242356217397e+00
1.804330895360278353e+00
1.562054031683292266e+00
1.439839009026366634e+00
1.623142294647938133e+00
1.647268760338798987e+00
1.751102553170783782e+00
2.129538199635280460e+00
1.882975354982835414e+00
1.990234979739026633e+00
1.828629995698556998e+00
1.381424117023709819e+00
1.671129093279071220e+00
1.838362048460461695e+00
1.841548773533706385e+00
1.882737416814340037e+00
2.034103383600709858e+00
2.076605032951982732e+00
1.993343413198665148e+00
1.660435929330379423e+00
1.878171406012422384e+00
2.465724828563818249e+00
2.397037435894743496e+00
2.296254926214610137e+00
2.157323711850083647e+00
1.974444009902880826e+00
1.570286359958641631e+00
1.264929573403054341e+00
1.488832376698284499e+00
1.840288541617052021e+00
1.924610699802520974e+00
1.853368452060564664e+00
1.880225272856621110e+00
1.676169686483885757e+00
2.276166302155437915e+00
2.272321366703283552e+00
2.255935426889346118e+00
2.069683785834975254e+00
2.263795067862822474e+00
1.804469034556990259e+00
1.716268062433116359e+00
2.161107043423397212e+00
1.860505282286383677e+00
1.714869784301023437e+00
1.460752823780596010e+00
1.705205147680281641e+00
1.175128013319090003e+00
1.400842833534558851e+00
1.326461351964399737e+00
1.439669163742592017e+00
1.694767695509009631e+00
1.746982093257894775e+00
1.613590659501010549e+00
1.981223343257284997e+00
1.694211333890778937e+00
1.951136801098209084e+00
1.851584373263320593e+00
1.609233025247892801e+00
1.922636749035229187e+00
1.653489342073814372e+00
1.842039407978430576e+00
1.985128292492874813e+00
1.973937746322960596e+00
1.885636468942309962e+00
1.826914553802075236e+00
1.560472932911356025e+00
1.652299489429820856e+00
1.897442660569472528e+00
1.652111137294704379e+00
1.817068730345665628e+00
1.903402185972763450e+00
1.736417369613990180e+00
1.919778219063430713e+00
2.016582110907501058e+00
1.861155514069004147e+00
1.792303483221661997e+00
1.384712897006978194e+00
2.038306787177230017e+00
2.087729741154811691e+00
1.781400850376962941e+00
1.683651123157320129e+00
1.867492231893825183e+00
1.253999155947028044e+00
1.308172190467926210e+00
1.132665603269937593e+00
1.299369374781008002e+00
1.441051288784499285e+00
1.597446050683995811e+00
1.749935621250566120e+00
1.707863284594610009e+00
1.455856614305764074e+00
1.941180817675583814e+00
2.003254589291813215e+00
1.916942811524214862e+00
2.225205287115905595e+00
2.359112273508171764e+00
2.106728075180622550e+00
2.034673800825349765e+00
1.932377829470198982e+00
1.398025071889468229e+00
1.759100717084733922e+00
2.275827697665412153e+00
2.698742815953760754e+00
2.271091223780745239e+00
2.562228940116129117e+00
2.594820961372871881e+00
2.243722663327309075e+00
2.331146081523666869e+00
2.405684703835454297e+00
2.611476082831220680e+00
2.228417529409805642e+00
1.935871237496897379e+00
2.007100755619713794e+00
1.630771474148992928e+00
1.630974178511288786e+00
2.135928540067566939e+00
1.944167883155230925e+00
2.219866115936945494e+00
2.120995113765267615e+00
2.370700398378056573e+00
2.277753349344374012e+00
2.069682618912905170e+00
2.093625602143435849e+00
1.708666831801091135e+00
1.603368177990610155e+00
1.705933159872689675e+00
1.314343163702965445e+00
1.158563772225045252e+00
1.389608826287842547e+00
1.451633124223862037e+00
1.486548097991284179e+00
2.101972464500783122e+00
1.774081856221369824e+00
1.779579278203537118e+00
1.938141069527121507e+00
2.065665498365440111e+00
2.267922488603864917e+00
2.321898322012183158e+00
2.332746242973926964e+00
1.929452672316283035e+00
2.008179890642102450e+00
2.185987677418642416e+00
1.747751641825524338e+00
1.584707368542741301e+00
1.682595243739608115e+00
1.320788433198571976e+00
1.223311008729620397e+00
1.342870311715804732e+00
1.622798351381065762e+00
1.546900717249865664e+00
1.393987062177156400e+00
1.771650211895863025e+00
1.429151547923271259e+00
1.407692248461141382e+00
1.422137269838896323e+00
1.632647038326657585e+00
1.541254102460844155e+00
1.588382010421637291e+00
1.333924455548337384e+00
2.152464289112346219e+00
2.427853852891973752e+00
2.166980680489775768e+00
1.735465859059847737e+00
1.541649890434579895e+00
1.561774527456813111e+00
1.529494751013117604e+00
1.582077446217962313e+00
1.387276514568181573e+00
1.527797176566433324e+00
1.539429981940587666e+00
1.366923686463017429e+00
1.348952010044546235e+00
1.325467425105185670e+00
1.789644956085841621e+00
1.678288071289222305e+00
1.639795535267057236e+00
1.668770648683050029e+00
1.737005232327284432e+00
1.806067663696474090e+00
1.957476630683646412e+00
1.884229730881746168e+00
1.831410294781017134e+00
2.200966949608789136e+00
2.029169374564555817e+00
2.061581455486307668e+00
2.123988774781882860e+00
2.035940609784451905e+00
2.057814601592894643e+00
2.358464083864992844e+00
2.260816379099653162e+00
2.133091893939182082e+00
2.178010204680731920e+00
2.044740936230840855e+00
1.727784272522943754e+00
2.000256887515734938e+00
2.031321523957081876e+00
2.234004650873588460e+00
1.929770816503989295e+00
1.804424511611799620e+00
1.637343201197979825e+00
1.359129162393490686e+00
1.607080638124380734e+00
1.682499780696811165e+00
1.495339513762310446e+00
1.604986311201540561e+00
1.548133909777204220e+00
1.554817768807758682e+00
1.731727750317622272e+00
1.530451289159011186e+00
1.493569423065925328e+00
1.402146431859041975e+00
1.390490264484605554e+00
1.417582133525183474e+00
1.375115872368278813e+00
1.467582275916421874e+00
1.303842991886165592e+00
1.320619271686418905e+00
1.373126373908600151e+00
1.797719498665528937e+00
1.999816060498829318e+00
2.338413849356693941e+00
1.935211069211457913e+00
1.570914007980244165e+00
1.509791862477401603e+00
1.489944744337526661e+00
1.772073333450965738e+00
1.380622708201587612e+00
1.916625839945086174e+00
1.536983985178372869e+00
1.578990611704176095e+00
1.700823236451487253e+00
2.103687562485176965e+00
1.898065181077464025e+00
2.100217314150261139e+00
2.297961174839566301e+00
2.309999363201990175e+00
1.953430485248837334e+00
1.569884407877523369e+00
1.617518260249006135e+00
1.782249722809777559e+00
1.533345975423116014e+00
1.278792497433157926e+00
1.344817359842414906e+00
1.506804495320730464e+00
1.260788807926005450e+00
1.316804840850110736e+00
1.326921587351595377e+00
1.683649272380395745e+00
1.366907096257474974e+00
1.517198924335977805e+00
1.419162457875604133e+00
1.329300135379871683e+00
1.388700928897893982e+00
1.381965669622879034e+00
1.234612619380294207e+00
1.195884157107479639e+00
1.298244806665986850e+00
1.372128740897998966e+00
1.327607045265959407e+00
1.300764560014546101e+00
1.458253280638592386e+00
1.536031025700017594e+00
1.388327612732835892e+00
1.286365537788323854e+00
1.355570529837756943e+00
1.344626338708750923e+00
1.548021378187056429e+00
1.659253268963890138e+00
1.624030787673020448e+00
1.538835503999440135e+00
1.484335042123999582e+00
1.549071916725529796e+00
1.549353805054455080e+00
1.663726416474284209e+00
2.222956441730212340e+00
2.098037780459641066e+00
1.525004761943866693e+00
1.589933630155593969e+00
1.421826776775017454e+00
1.638452028649439729e+00
1.957422989796913315e+00
2.147557728177244663e+00
2.035015951857024774e+00
1.590925392955255147e+00
1.563587183348298826e+00
1.503124122559932552e+00
1.427834461482321737e+00
1.831077695689952822e+00
1.809738958148770838e+00
1.709911195088262392e+00
1.549212257127612347e+00
1.423083898484227561e+00
1.791032152952064527e+00
1.482909941422553501e+00
1.523079806748855569e+00
1.592033148856063951e+00
1.659283306634290245e+00
1.894326652193934368e+00
1.831310606269601182e+00
1.969775354137335288e+00
1.696062065286779719e+00
2.067258674695999332e+00
1.614361114650447737e+00
1.815223275516280044e+00
2.196283233088160980e+00
2.450384708526814670e+00
2.231466603041180274e+00
2.447452068440511663e+00
2.433918736334871102e+00
2.206915747412240947e+00
2.057623945121370479e+00
1.951544679126246296e+00
2.063635707419525733e+00
1.766712473687691132e+00
1.678698799631646033e+00
1.644054254878926757e+00
1.798785501521613428e+00
2.086738863445432468e+00
2.226956385381335224e+00
1.910550391773568890e+00
2.569326522215332531e+00
2.665432432924271566e+00
2.431483381257471876e+00
2.368565490296040910e+00
2.144150410251378425e+00
1.765142417778639228e+00
2.214691181621680105e+00
1.595115520841906998e+00
2.378889121537294038e+00
2.706504863364034730e+00
2.499517677066636523e+00
2.191285219943342355e+00
2.118364080091925228e+00
2.634915491793175857e+00
2.330192780049297863e+00
2.409372950545486169e+00
1.943755126765962959e+00
1.439724841714821180e+00
1.152866665077372899e+00
1.251034652265444302e+00
1.591987466186818967e+00
2.091603796554875050e+00
1.657444337546393420e+00
1.400809357175712089e+00
1.196647748823596258e+00
1.331263974387918214e+00
1.446332376491106908e+00
1.494313952173249804e+00
1.398133277095242821e+00
1.705908056383891980e+00
1.658372120430189556e+00
1.930540994454269965e+00
1.572017977826935864e+00
1.742228109723259921e+00
1.541434850334634676e+00
2.051688823921531846e+00
1.927041108869375963e+00
1.644391525896519601e+00
1.692578399402694833e+00
1.608497051267197664e+00
1.647491341433795942e+00
1.509424260497530534e+00
1.413076313946126206e+00
1.721114168397016586e+00
1.557242989620880369e+00
1.530435943894376205e+00
1.481335535073615040e+00
1.349943485432885337e+00
1.295363391035734280e+00
1.662643103566558977e+00
1.500335754016109302e+00
1.534978196885714574e+00
1.297253787944708359e+00
1.505590174223970124e+00
1.862367221314601640e+00
1.305510710336200475e+00
1.288117353910879670e+00
1.451163826353464525e+00
1.411601776997707169e+00
1.402664676076926575e+00
1.895255213225888413e+00
1.865742827265910009e+00
2.131547614944701685e+00
2.163358297870141556e+00
1.703587665519030070e+00
1.746716391477102226e+00
2.173458430111129047e+00
2.027057601835233314e+00
1.965959753111007791e+00
2.098709870387977627e+00
1.845269576155249780e+00
1.875312913175501528e+00
1.885933096958199107e+00
2.101343425015481881e+00
1.743016997134422486e+00
1.364759243850047987e+00
2.137190737367083759e+00
2.100285236308548686e+00
2.051132255824775541e+00
1.984796891098427940e+00
1.980496099514576613e+00
1.727640496147799798e+00
1.498278511960465575e+00
1.613822008027398613e+00
1.951892617404285879e+00
1.870715666302923852e+00
2.073050976009182200e+00
2.110303745392677843e+00
1.733941901745103653e+00
1.455750872018849007e+00
1.323980771808694001e+00
1.485786176910600886e+00
1.530088834270106890e+00
1.794227226140840292e+00
1.812629366275243514e+00
2.005464562111016313e+00
1.720825372358016470e+00
1.498273272437200987e+00
1.516213862111413180e+00
1.569904181459250703e+00
1.511079085123803845e+00
1.382020014784545392e+00
1.197157662598664407e+00
1.413154306742069544e+00
1.744671162060735359e+00
1.482027613533713151e+00
1.788465473603915390e+00
1.606594979380546739e+00
1.478380498389111342e+00
1.640428349107796224e+00
1.424170825693609643e+00
1.433454892023941163e+00
1.335992031897878629e+00
1.530332473046749131e+00
1.180014482288065825e+00
1.420210351675607052e+00
1.768694298241839435e+00
1.636157935139005648e+00
1.554096307995024517e+00
1.278073224677782393e+00
1.314101187076532229e+00
1.588303805060737872e+00
1.460137678692192242e+00
1.468571332326784606e+00
1.804479134866312284e+00
1.950641728002243003e+00
1.874656565389519303e+00
1.564079697797856161e+00
1.738220905794281457e+00
2.066657601008658141e+00
1.867715544841856090e+00
1.743427506050575948e+00
1.662692267143443203e+00
1.427021380177840193e+00
1.484200164867212512e+00
1.729227702468483230e+00
1.675921155203810020e+00
1.608743001221461189e+00
2.006751593898199015e+00
2.196364425274364152e+00
1.680739938569946190e+00
1.459279640059883976e+00
1.715117983885931841e+00
1.372962718319098885e+00
1.477550059252802583e+00
1.687274061345352072e+00
1.765161145843255674e+00
1.816337427415083416e+00
2.083536642477676448e+00
2.052017595305327013e+00
1.818554769425323459e+00
1.443758998867251675e+00
1.725898555274457458e+00
1.838873894459352121e+00
1.529970205602227740e+00
1.733569905621343610e+00
1.552096356935294352e+00
1.596965918444996246e+00
1.773504635150331854e+00
1.665039227481651896e+00
2.243162624036081798e+00
2.110350147386883535e+00
2.149235855339181711e+00
2.063995893143511395e+00
1.975813920692117698e+00
1.952200119976364112e+00
1.677968244394617336e+00
1.755915735083557472e+00
1.757427165295905258e+00
1.627821609739963593e+00
2.158073286964452109e+00
2.000800394978286434e+00
1.584373676459692959e+00
1.406896090500363350e+00
1.998818551269512911e+00
1.858749677110773435e+00
1.878978287290457905e+00
2.006993733516318823e+00
2.136297108343926165e+00
1.879878935842296928e+00
2.046628557011544114e+00
2.112359186275469369e+00
1.906694292680928271e+00
1.663345085862328210e+00
1.782437474748783446e+00
1.812069132684486439e+00
2.101727693878144176e+00
2.133585173649733768e+00
1.823944636997295365e+00
1.739276757834099518e+00
1.597830900965808709e+00
1.305782428565272379e+00
1.820645331907798870e+00
1.858679315845758628e+00
1.863460567500687892e+00
1.686100530652905549e+00
1.586888615624362675e+00
1.711205725584772130e+00
1.905549334409672113e+00
1.825967764209607713e+00
1.708000778292781963e+00
1.740990717301986068e+00
1.590915870690586154e+00
1.274987791583219732e+00
1.418053471202400662e+00
1.607934538468305918e+00
9.870762274422283378e-01
1.434800284849076180e+00
1.087920991784424363e+00
1.403629206359959580e+00
1.443665976528805350e+00
1.439847971251724701e+00
1.484973039987012466e+00
1.827575283077792268e+00
1.686652784451147857e+00
1.913235874322021024e+00
1.909783635889917619e+00
1.828415167110893469e+00
1.666951756206175750e+00
1.765503112181948442e+00
1.585846615529395098e+00
1.383388199671577334e+00
1.321086072976354053e+00
2.002793420421022486e+00
2.012478296797869159e+00
1.742264818868049403e+00
1.736368732130111558e+00
1.910725721127929377e+00
1.588392391395768710e+00
1.721320143580421957e+00
1.905257961994822224e+00
1.992965835188782009e+00
2.276697388232990615e+00
1.892753228200430904e+00
2.168349836782897722e+00
2.257324798253186326e+00
2.343709855859162250e+00
2.061195122047379868e+00
2.392907202838915115e+00
2.134704784788531651e+00
1.753050709177740529e+00
2.022672955734633238e+00
2.056415362177141937e+00
2.155543519194351276e+00
1.949809752097307003e+00
2.489817329302845383e+00
2.344978603823999475e+00
2.138526231524429555e+00
1.891723680923957263e+00
1.616766614498691856e+00
1.760603091051786251e+00
1.796654938109917943e+00
1.818267636505913165e+00
2.000440411576451805e+00
1.933344428761557543e+00
1.585852628988020374e+00
1.686108261640301142e+00
1.835923538910090302e+00
2.297298511579770608e+00
2.522544134719248543e+00
2.081981940602293246e+00
2.058954748897894760e+00
1.894494967949783337e+00
1.891527956670666200e+00
1.652458194856703422e+00
1.278925358753130181e+00
1.157926404440376755e+00
1.475384527734540097e+00
1.728288337428313559e+00
1.495780960506688295e+00
2.078913181469163263e+00
1.857343602587798292e+00
1.687451301029980755e+00
1.914066061747861980e+00
1.938340963298463393e+00
1.955989187543630381e+00
1.788316597547165543e+00
2.107368454672067681e+00
2.433765989755340087e+00
2.130843765439616178e+00
1.821967756208604516e+00
2.020470284452668963e+00
1.652570364400524072e+00
1.821818941655448443e+00
1.746081659237772143e+00
1.926317925673697973e+00
1.919820968711496434e+00
1.799461619314616900e+00
2.052878725805546090e+00
1.940556067622187131e+00
2.380049818030771647e+00
2.411552837970384999e+00
1.997890610500581587e+00
2.082741270419420587e+00
2.088114532290344716e+00
1.852165185574127237e+00
1.930512465938556410e+00
2.011135194263761861e+00
2.270804224476875799e+00
2.137318293895129617e+00
2.050731201935167558e+00
2.204674976920749874e+00
2.294285183333747202e+00
2.125152110982735820e+00
2.108223232764080191e+00
2.387889247027332740e+00
2.339499244895971497e+00
2.454833631895442014e+00
2.109030507541178601e+00
1.717636010082543851e+00
1.217472697915755964e+00
1.601346369614775611e+00
1.328678982069519066e+00
1.254953693087282218e+00
1.225605358110279708e+00
1.196800504608872995e+00
1.512775499679450464e+00
1.881429237503812191e+00
1.891955938462818398e+00
1.856349685566028640e+00
1.956128498725465681e+00
1.812873304464489355e+00
1.835991947339230990e+00
1.650698940915054980e+00
1.419022194227655964e+00
1.356281507586425628e+00
1.655263468978009911e+00
1.411237777583852271e+00
1.320866010875504371e+00
1.404196168278279977e+00
1.433267012715428113e+00
1.635324163570927469e+00
1.910190591889976197e+00
2.027945983962538001e+00
1.910980385387921476e+00
2.043350841278711805e+00
2.372739054424172433e+00
2.450160273656753152e+00
2.335007784196730718e+00
1.918897292242687236e+00
2.066677015034410481e+00
2.489196261901609031e+00
2.506052985926626953e+00
2.156984341698269247e+00
2.146126325518620259e+00
1.825837475012590971e+00
1.993319159613187175e+00
1.973064458054985426e+00
2.513607986078826073e+00
2.251805407468697950e+00
1.930708013467347772e+00
1.815534397403362199e+00
1.710702537990140826e+00
1.784629042511127528e+00
1.768859171698903054e+00
1.631745201477069251e+00
1.495714427164041460e+00
1.635309225517572518e+00
1.283675804394271092e+00
1.377051683491133938e+00
1.678265167785391032e+00
1.620531138090028911e+00
1.637196980218572184e+00
1.821017295309989237e+00
1.708516299151022100e+00
2.055216086048242463e+00
1.991785261728511447e+00
2.041592826940807903e+00
1.658339374005185496e+00
1.807502720822292019e+00
2.216240443765662427e+00
2.038591973517394518e+00
2.368660956785056282e+00
2.146933506728085916e+00
1.701014271562964808e+00
2.115074659472230501e+00
2.287428866764558588e+00
1.868794546172746429e+00
2.085244820273385535e+00
2.128220821715520739e+00
2.413789600050160189e+00
2.344005901738396069e+00
1.938461069777844159e+00
1.437288098393250113e+00
1.554995476875641769e+00
1.513145268243765384e+00
1.561751123829146159e+00
1.839988897218075126e+00
1.551122166973714300e+00
1.909483295241548806e+00
1.978590480373010330e+00
2.114177906700057452e+00
2.060460220798451481e+00
2.318005714960139407e+00
1.844452163591483895e+00
1.849513633068120555e+00
1.432182677286311545e+00
1.585662642607149619e+00
1.475979718102209404e+00
1.699916150566410877e+00
1.489539536906189898e+00
1.451323996483163903e+00
2.057394329634351759e+00
1.817970743948295498e+00
1.938859569722012344e+00
1.950635047598491045e+00
2.190050203751913394e+00
2.152081020988218629e+00
2.184154106393616956e+00
1.808515463080309082e+00
1.750743260359105991e+00
1.528640560953145044e+00
1.465186573963900951e+00
1.543997518258153789e+00
1.349992188809088667e+00
1.545939071976056844e+00
1.472305909411129043e+00
1.507190052486970577e+00
1.656412443727982353e+00
1.716048513427591793e+00
1.484671821354287324e+00
1.584050950168373051e+00
1.459450187764965712e+00
1.809477890435029712e+00
1.815235213941512660e+00
1.597437597758655903e+00
1.423705701159427850e+00
1.247466371231696014e+00
1.313639315927141338e+00
1.340847432237084247e+00
1.262941626734145562e+00
1.537446389707548100e+00
1.292809584331259476e+00
1.385778363721004824e+00
1.364871341637390989e+00
1.946351978670001648e+00
1.625680389357700539e+00
1.507805760481034207e+00
1.576147804639526084e+00
1.684890799427871677e+00
1.922200196036547570e+00
1.878941143954785620e+00
1.741343122137573474e+00
1.778367613951559179e+00
1.407073334718059066e+00
1.792622757047933835e+00
1.606788323878071800e+00
2.016541472539568947e+00
2.022907227493063509e+00
1.785387108721910643e+00
2.048087829741797261e+00
2.373531412157708242e+00
1.937185151569480457e+00
2.272313805183977298e+00
1.683422826648164339e+00
1.559548386041337054e+00
1.704432026148896995e+00
1.681795306026740100e+00
1.679160039641160340e+00
1.563357291527962545e+00
1.597831567537308928e+00
1.705224663607760593e+00
1.611416525435527936e+00
1.815413052227497603e+00
1.655494789117661902e+00
1.611978135524430478e+00
1.494922293920292411e+00
1.158919490597038138e+00
1.319273151998413107e+00
1.495284965879006833e+00
1.856900576207294762e+00
1.774266094734700649e+00
1.622202623200943439e+00
1.523489209966832902e+00
1.531922833646627957e+00
2.005226908277045972e+00
2.014259992928829401e+00
1.913823836673594458e+00
1.716006656754884618e+00
1.845574086729409036e+00
1.725407971148456454e+00
1.365183123068940851e+00
1.522762502951580998e+00
1.108104749006216805e+00
1.667932035053408146e+00
1.933803171039048197e+00
1.585271574154703655e+00
1.515585344535566703e+00
1.732127961168373531e+00
2.030180685126111495e+00
1.842044462904943947e+00
2.143630169561736132e+00
1.946008092372623510e+00
1.781383293310848437e+00
2.137963092195497516e+00
1.818513007511149526e+00
1.818852481447330582e+00
2.100807665442672167e+00
2.124476770370754775e+00
2.170465103174147092e+00
2.026212031855412654e+00
2.035263639166693839e+00
1.672270896854596733e+00
1.893543714309712911e+00
1.440286798400091328e+00
1.736363591480422075e+00
1.648046818709544059e+00
1.455087709161832832e+00
1.590076371176612824e+00
1.598661415548008113e+00
1.420143980308648191e+00
1.532119994085428871e+00
1.567499205138658702e+00
1.463439391673327705e+00
1.884172530768543741e+00
2.448546870705683443e+00
2.476055422368006909e+00
2.422088731008291695e+00
2.131777142839053063e+00
1.897267645197712627e+00
1.571390223936920183e+00
1.669880329821902709e+00
1.697225476391957422e+00
1.769552578353758676e+00
2.131397525829370032e+00
2.057795875824246501e+00
2.029079149362927215e+00
1.581411991051294930e+00
1.573276171397708145e+00
1.699335848751064137e+00
1.600650603436280406e+00
1.251973001597723512e+00
1.491815808465127180e+00
1.596507756814992129e+00
1.626392917777654379e+00
1.505797856609573548e+00
1.561631298443731053e+00
2.112091362362030988e+00
1.899083900976808126e+00
1.830412241974964660e+00
1.457055847455133391e+00
1.501887190312477527e+00
1.915575365786043704e+00
2.107688518294048130e+00
2.523771208497707974e+00
1.938973524973028661e+00
1.617951541845378705e+00
2.143089768946945473e+00
2.225890371704999371e+00
1.967198472309097390e+00
1.941752630070014307e+00
2.141296609390913375e+00
1.928975195283411992e+00
1.673195791690863521e+00
1.303904949512762590e+00
1.338688945102601835e+00
1.591375170443223741e+00
2.022189543148873891e+00
1.910665701132590932e+00
2.206324169264928248e+00
1.880711340294899614e+00
1.914492339418817579e+00
1.988598252368167785e+00
1.812363056589127996e+00
1.478193013018612501e+00
1.850038929991744130e+00
2.159138299455160226e+00
2.216312411971259166e+00
2.070025223942931536e+00
2.027433230055282198e+00
2.283588237391709352e+00
2.212948702412345092e+00
2.032505672194553359e+00
1.890061822597454366e+00
2.004718580946677431e+00
1.794635552248661670e+00
2.176722868953338885e+00
2.089480673448051107e+00
1.831812305778777628e+00
1.774681339430600246e+00
1.923981219012533161e+00
2.193189747121707889e+00
2.212873998112923957e+00
2.085531017828775813e+00
1.854688953374547866e+00
1.823073544067708385e+00
1.615100410791262320e+00
1.720390475819088438e+00
1.583881701983567147e+00
1.991718162054954000e+00
2.031787877891534144e+00
1.620442959845687980e+00
1.559276381124266697e+00
1.423627116757920863e+00
1.653295778640086811e+00
1.644522707528975447e+00
1.946334825279220526e+00
2.190580822754627732e+00
1.969796948659619851e+00
2.244467505362180315e+00
1.881726614189197067e+00
1.930943303799881994e+00
2.215708410291065356e+00
2.096966600307058393e+00
2.122736996222010841e+00
1.936208877322308730e+00
1.800518738646355477e+00
1.771416063396807239e+00
1.686740340177178332e+00
1.714562712442434522e+00
1.965223045582069394e+00
1.636971454926624991e+00
1.504642978539082021e+00
1.469197934819266749e+00
1.615514468650889102e+00
1.951821055080187994e+00
1.842220078460244936e+00
2.213862625493633995e+00
2.249849809540725776e+00
2.415346878577901091e+00
2.213056213845449705e+00
1.966474591140032091e+00
2.095377003526492921e+00
1.759300055011645547e+00
1.770674596352355579e+00
1.916621728649751333e+00
1.514055716400998230e+00
1.611239658550982945e+00
1.464417282413552401e+00
1.480014288235616426e+00
1.514566021983940969e+00
1.559156339883703168e+00
1.747438128156045600e+00
1.939372382865349964e+00
1.840140841977367048e+00
1.894830608404318717e+00
1.683749581286379415e+00
1.996606740221441800e+00
1.735974436890493910e+00
1.735576867210880891e+00
1.797597414844814168e+00
1.343888023488195804e+00
1.947351385686431291e+00
1.871358107172373053e+00
2.188516256930173931e+00
1.478083280961789203e+00
1.608861916279174409e+00
1.489825668511599144e+00
1.215332770039772470e+00
1.286368784198985482e+00
1.384489791389570179e+00
1.943658262605737264e+00
1.725038072018478363e+00
1.461416010353519201e+00
1.488056723266169890e+00
1.477839510540515100e+00
1.519610795045680529e+00
1.654894236817124442e+00
1.530965206175909143e+00
1.574568052497375525e+00
1.655206847035454842e+00
2.096552161104413781e+00
1.786827347779766484e+00
1.516620079994210002e+00
1.859367972930569879e+00
1.659186790438220704e+00
1.389390855037829775e+00
1.560225420537857843e+00
1.613499827128467290e+00
1.374308891037266278e+00
1.904535855515206322e+00
1.539082382738587329e+00
1.475098272354197215e+00
1.836731810558078992e+00
1.385684662543025025e+00
1.102888264870596879e+00
1.574303120694889424e+00
1.383685214992251389e+00
1.422859070916861146e+00
1.379191634669341804e+00
1.631352287628402342e+00
1.703928234803191888e+00
1.794713945183665338e+00
1.733431956654898132e+00
1.772763769910186582e+00
1.758538712262408099e+00
1.833060381977071218e+00
1.816419807623973703e+00
1.572432223979458810e+00
1.554380966849172374e+00
1.970595609985190011e+00
1.848839617996411278e+00
1.852649404466300886e+00
2.307344554009281179e+00
2.462129648430346762e+00
2.518954470809523283e+00
2.222450674534465875e+00
1.701473681825448558e+00
1.891172688271904212e+00
1.925190808756765071e+00
1.747324800953145685e+00
1.676118021461738383e+00
2.224588477921004337e+00
2.028122765343059353e+00
2.265901017381256377e+00
2.243965547901472402e+00
1.691244978090551854e+00
2.122219693321145684e+00
2.232176561740981224e+00
2.226580716973808105e+00
2.005810453033811225e+00
2.089449801393079120e+00
2.248129208519704658e+00
2.289074971633139111e+00
2.079196655873844168e+00
2.193452812424748100e+00
1.876009703957320474e+00
1.699677340424407879e+00
1.772660489349738855e+00
1.468846784861152166e+00
1.897092579656838751e+00
1.898507334994720797e+00
2.232264905450374926e+00
1.467153355849718288e+00
1.313125666924320534e+00
1.727444347004574610e+00
1.599945842900015958e+00
1.503522713999227545e+00
1.772430801339162088e+00
1.396896467547703580e+00
1.483637683022243081e+00
1.761683984878227527e+00
1.814133541622303447e+00
2.096542708021897017e+00
2.198766397850308252e+00
2.194261904949951880e+00
1.995907340501062111e+00
1.975425317821353222e+00
1.979425153092995160e+00
1.923018934743609298e+00
2.356574170955645364e+00
2.124449577646410514e+00
2.130505406815287550e+00
1.492031528736593060e+00
1.784442331317893649e+00
1.806608565895205132e+00
1.603134089438734255e+00
1.562375379008048792e+00
1.701583336958683690e+00
1.481701287453454308e+00
1.492944195446086475e+00
1.596842274170796827e+00
1.773940887216322482e+00
1.255155033762957117e+00
1.218446459949486638e+00
1.670995979384330088e+00
1.464677511826851353e+00
1.553042839000380759e+00
1.504352756448881889e+00
1.669197698977024302e+00
1.443208871678567595e+00
2.026339382678344236e+00
1.772285983906968232e+00
1.527644622958477472e+00
1.800624366850754887e+00
1.558024986988592708e+00
1.690166751519825317e+00
2.021634971314697715e+00
2.024174445205208617e+00
1.650348030887682116e+00
2.058166181070141487e+00
1.923281514647412926e+00
1.770161998422979055e+00
1.904129303785025318e+00
1.683290773317438482e+00
1.199890161429831847e+00
1.194149183042109374e+00
1.340360258569011309e+00
1.302376489746146282e+00
1.452649249606738913e+00
1.717029989834089720e+00
1.435372021351068783e+00
1.611935041778875588e+00
1.490094861517560432e+00
1.780525087970900699e+00
2.030737336236489110e+00
1.868577244709644036e+00
2.332352161269596547e+00
2.309133043687047859e+00
2.150661808528574692e+00
1.679921821562143425e+00
1.865061709540566826e+00
1.818373026013859972e+00
2.230982756506413089e+00
2.534138392870561418e+00
2.862432077932826058e+00
2.436088729379440210e+00
2.207133917288977454e+00
2.223973302040472166e+00
1.716074881700717203e+00
1.879836244554388358e+00
2.036048097310799943e+00
2.167842864636476907e+00
2.025302060129579029e+00
1.711716665323625763e+00
1.917110986095749370e+00
1.990254498029219610e+00
1.712924529239295612e+00
1.349243633042666701e+00
1.244581574588738526e+00
1.624594423688573208e+00
1.607326695747609113e+00
1.543666945495367315e+00
1.553066882018242723e+00
1.726550197552452648e+00
1.864274128133686537e+00
1.482661048504790191e+00
1.804374991883626933e+00
1.786167520415687937e+00
1.531295102968915689e+00
1.935027827637144870e+00
1.671874476037864543e+00
1.777308442232896857e+00
1.827680302232488563e+00
1.523518492652893519e+00
1.729248121201083510e+00
1.783867174620488161e+00
1.770266069254549768e+00
2.137206166104904437e+00
2.173762584793564212e+00
2.212227102381072452e+00
1.990901873420690471e+00
2.250133714145167385e+00
1.824508479825190044e+00
2.080466313335351369e+00
2.007770271266568152e+00
2.541685911443041235e+00
2.554221040171978707e+00
2.030863251945995263e+00
1.747938062888885646e+00
1.905096413201746053e+00
1.961423040195265033e+00
2.003090872536902101e+00
1.954991555859141972e+00
1.689461587014284394e+00
1.495686624827488043e+00
1.405518342573800705e+00
1.279338119420551978e+00
1.429285122908171779e+00
1.311110271664663429e+00
1.333037381807425037e+00
1.612859333251454252e+00
1.714691415009422348e+00
1.339416027098658812e+00
1.424286967046466401e+00
1.277367542995731853e+00
1.714575600253773091e+00
2.098695346549928953e+00
1.878015146125120216e+00
1.505161361877459525e+00
1.628591424509215901e+00
1.961807489919974445e+00
1.374233194194986574e+00
1.474523112389942048e+00
1.297240602322293102e+00
1.399849761179791763e+00
1.521856129620106302e+00
1.485662359577576863e+00
1.348686015122714243e+00
1.323421632956625738e+00
1.497696895280868468e+00
1.370307052371394718e+00
1.678015990149034131e+00
1.848153133963520878e+00
2.228773641908931680e+00
1.668605044690979033e+00
1.228651724773786480e+00
1.143045009690772273e+00
1.228151561712522266e+00
1.421009650021710424e+00
1.341825942416825068e+00
1.311008563950285533e+00
1.475248703573756259e+00
1.766419991483567209e+00
2.064443124934280061e+00
2.310270065568230891e+00
1.926241583196067086e+00
2.149327687751243499e+00
2.040883897009741155e+00
2.360530907140999002e+00
2.061846527237347626e+00
1.975013253730253160e+00
1.880619724989296859e+00
1.670986551416848931e+00
1.423188379700014883e+00
1.312809399855439985e+00
1.409014894164874354e+00
1.346430083534629452e+00
1.530191086656981003e+00
1.458819570546889821e+00
1.316164378190297413e+00
1.342224603447203179e+00
1.248019616115478403e+00
1.371806920252705009e+00
1.358019118248779966e+00
1.616181016318048780e+00
1.812698135689098100e+00
2.235298393383792881e+00
2.002500995025093378e+00
1.976391227474277201e+00
1.742256244636076090e+00
1.946312300690537178e+00
1.979652733504287943e+00
1.828097840107270278e+00
2.000970376171439025e+00
2.057990616982866339e+00
2.127164598944756957e+00
1.817326458674835665e+00
1.270901306695740196e+00
1.280426634383632356e+00
1.401547334886548590e+00
1.531831038616654261e+00
1.420291113600522737e+00
1.403651464728237208e+00
1.439323906026786393e+00
1.459062516321665504e+00
1.394238518751935052e+00
1.382822130100682223e+00
1.658161761317077154e+00
1.941942360222354225e+00
2.209899293364532280e+00
1.834762397526302324e+00
2.104838929496607225e+00
2.202111652000941611e+00
2.080437802050777663e+00
2.321889581125910151e+00
2.092081348960147746e+00
1.963831979594266919e+00
1.658813461536639444e+00
1.505024238019260885e+00
2.076321422734996425e+00
2.123797779141475939e+00
2.170326889550385108e+00
2.105992896276597026e+00
2.125855664870608841e+00
2.048540818084610304e+00
1.684688230851735469e+00
1.370843225671781518e+00
1.867039202142399823e+00
2.494931810575017117e+00
2.346435464470772114e+00
2.238533531077654626e+00
1.963943445388212083e+00
2.048719684767340787e+00
2.057268599378017537e+00
2.043097953460664584e+00
2.323617767635355325e+00
1.939563495671478011e+00
2.214831301846252654e+00
1.981651543622125589e+00
1.987367097089064671e+00
1.808718254446930462e+00
2.147956078391707102e+00
2.373220758726672930e+00
2.402618380944056220e+00
2.066683027100608694e+00
1.820974911862600409e+00
2.085302614068794025e+00
2.106484029508235878e+00
1.747089373444421057e+00
1.653551930795676528e+00
2.040394930714304778e+00
2.151328893975183121e+00
2.142462625414535804e+00
1.939558260146268642e+00
2.071243455295522562e+00
2.387879843631641741e+00
2.204015368738610814e+00
2.125291374994721760e+00
2.199954036906078159e+00
1.927779419556653995e+00
1.678704171669096468e+00
1.881228413222104878e+00
2.377348749376056336e+00
2.389985572522838719e+00
2.349107982734871758e+00
2.264670233490334361e+00
2.235181358653068440e+00
2.093037089675956697e+00
2.084461575265369238e+00
1.914902430010528178e+00
1.848062573384634311e+00
1.801277743623446170e+00
1.806719649573960584e+00
1.788926758454725263e+00
2.054595988719524868e+00
1.763340494650674772e+00
2.042779954427382361e+00
2.023664172956565199e+00
1.889468487794858653e+00
1.679306268545522229e+00
1.430200569151832024e+00
1.643253853771124984e+00
2.077212090857621707e+00
1.862142506314149237e+00
2.548466540655848434e+00
2.474927376945480706e+00
1.885363369111827003e+00
2.085122263043083457e+00
2.332553152564727394e+00
1.970986946905308734e+00
2.051863339308054535e+00
2.155674369836589221e+00
1.514551808192619475e+00
1.715750637561882064e+00
2.009623032541694165e+00
2.107027620840712157e+00
2.141285290539619801e+00
2.335373478153849547e+00
2.487687649463158124e+00
2.208856787358012497e+00
2.442638184394452239e+00
2.116733762719698486e+00
2.743678184177665180e+00
2.601535918824989579e+00
2.240337597747130260e+00
2.325639900293389850e+00
1.854179875275123734e+00
1.840303379335413103e+00
1.765610678558009017e+00
1.696593149264653988e+00
2.100634209974222788e+00
2.164163074862593739e+00
2.134738403109745608e+00
1.678086070628093784e+00
2.036849458520460843e+00
1.779754753915900878e+00
2.149631672825781603e+00
2.007559074387553100e+00
1.927493129187021426e+00
1.635287059460970305e+00
1.583430514119219756e+00
1.748454309561884079e+00
1.350153764386266886e+00
1.472318044131849746e+00
1.705441240652719515e+00
1.582518456660475747e+00
1.880073480187958612e+00
1.899852425803526090e+00
1.935033986728376565e+00
2.059398731969726892e+00
1.434421736664896807e+00
1.706562619650891621e+00
1.594322046021434680e+00
1.449354575941802503e+00
1.362849868089153871e+00
1.324806690939553944e+00
1.463184800692306498e+00
1.244649897465627042e+00
1.584668207932955042e+00
1.538340826732790934e+00
1.753771281549598715e+00
1.599261450513861149e+00
1.837391449812034283e+00
1.850247327279790133e+00
1.960326217884914346e+00
2.064671504312476369e+00
2.048392807075380517e+00
1.887796020309651102e+00
1.883197531764449373e+00
2.000126877293613159e+00
2.272965843903720362e+00
2.334584524004586381e+00
1.883337470059473162e+00
1.639927502242847446e+00
2.175282284023575929e+00
2.073157263934592542e+00
2.126734609863660364e+00
2.299574969825810111e+00
2.067266249621389829e+00
2.061566639245641763e+00
1.892428935294447889e+00
1.647804274189869744e+00
1.646082732374954949e+00
1.683730036584427658e+00
1.791749019723146708e+00
2.034377744175781988e+00
1.614583069450295616e+00
1.517837774314797494e+00
1.745200473673066854e+00
1.763466650961109217e+00
1.271832444675687457e+00
1.167662478913310986e+00
1.277103321038311146e+00
1.482677599173325644e+00
1.407152799253195141e+00
1.452264190826272783e+00
1.588177526141921980e+00
1.713637855592431425e+00
1.725921972028763740e+00
1.498807739996678601e+00
1.309713593758985217e+00
1.317807635998668347e+00
1.589170885595024840e+00
1.724291769047988865e+00
1.970493618366678135e+00
2.413575535429846930e+00
2.072254724330265585e+00
2.400128233012292611e+00
1.746160699965396468e+00
2.085699474882016791e+00
2.055943050575254727e+00
1.986058949424914566e+00
2.286128517712004982e+00
2.503303468493371042e+00
2.072206219729385346e+00
2.252732124561569016e+00
2.044002023675504986e+00
1.852317388182477487e+00
1.920420221543198469e+00
1.979765224438850169e+00
2.016315671901882212e+00
1.776759340826978617e+00
1.864321558119138800e+00
1.841846270319924761e+00
1.452424125343568795e+00
1.518379377738074743e+00
1.595474120115699002e+00
1.972422539063827474e+00
1.470151634854560463e+00
1.340909726430095317e+00
1.311515706934928360e+00
1.430675645115077721e+00
1.538571658339507486e+00
1.290730473721651617e+00
1.340939387604256350e+00
1.498708424105277048e+00
1.617406366575843579e+00
1.670955917202945784e+00
1.534146451632755204e+00
1.577701247373587856e+00
1.478804269269955007e+00
1.543638142508655831e+00
1.268973631636558297e+00
1.324767177149690944e+00
1.326803348849255881e+00
1.801761322930484743e+00
1.853981886649615163e+00
1.988279147947784153e+00
2.011752991742620456e+00
1.743900795430794792e+00
1.622513927054104244e+00
1.551113178440234330e+00
1.848752813006220297e+00
1.955626929109596235e+00
1.974057606917858365e+00
1.791810237071141065e+00
1.720734092969109952e+00
2.152728000802961006e+00
1.646882230483638354e+00
1.865895564521192540e+00
1.853289287301021382e+00
1.755557564324115916e+00
1.564486075587104619e+00
1.649583679385375534e+00
1.485353537645127009e+00
1.551887762079566357e+00
1.506433662141948959e+00
1.365609108524635573e+00
1.715629989031792535e+00
1.452634109583965216e+00
1.693217115866978872e+00
1.671514715482109725e+00
1.342363540725596938e+00
1.358224593576364825e+00
1.835987972579726346e+00
1.605171000361193423e+00
1.823885506479836272e+00
1.434749476068813312e+00
1.670542869653949936e+00
1.755680515114787843e+00
1.712371942420418014e+00
1.527413552736767599e+00
2.087683252467900097e+00
1.984798041386481193e+00
1.993585666392950317e+00
2.196779875932186155e+00
2.016540348846834529e+00
1.768513113384468260e+00
1.547680558260176253e+00
1.424710036346894082e+00
1.295800141603461464e+00
1.432380516095835388e+00
1.440583743830085917e+00
1.312941547216679439e+00
1.380121279021796932e+00
1.546410060849735091e+00
1.904438918214430121e+00
1.775312497745045626e+00
1.611265435325858419e+00
1.423646438111280332e+00
2.073182250447159536e+00
2.003314525185793116e+00
1.867171831468160015e+00
1.794103181981400397e+00
1.557182362147529364e+00
2.048086535533713004e+00
1.798414400022197546e+00
1.456112775449360131e+00
1.466688681612211775e+00
1.404060637911030973e+00
1.429658722767948031e+00
1.689743842183955680e+00
1.697327362733310752e+00
1.751894379828430104e+00
1.908318449421113616e+00
2.153336995479766536e+00
2.086772500930451191e+00
2.033920712385520524e+00
1.837581122278689083e+00
1.695966240050061691e+00
1.950329537869036178e+00
1.517756544621377435e+00
1.813009169478061011e+00
1.974129561672704369e+00
1.860797627107726671e+00
2.127004917611354795e+00
2.434660021850720835e+00
1.936057613035564451e+00
1.644475991828107553e+00
1.458363312391885547e+00
1.661711560962329415e+00
1.695313072611420724e+00
2.056392302204030464e+00
1.711608203414853868e+00
1.804284590437126301e+00
1.764578405364161995e+00
2.052512442585806340e+00
2.228234156911249375e+00
1.800075813595392704e+00
1.629130228716116680e+00
1.360494625847320727e+00
1.572686222191962635e+00
1.694549042543724404e+00
1.351233540588671289e+00
1.623721737884678662e+00
1.413717069500254553e+00
1.654354184181290321e+00
1.895183055393122373e+00
1.783875913450739592e+00
1.444637096513446073e+00
1.403453408002130809e+00
1.271103192311366481e+00
1.386204710899465287e+00
1.548086614034843267e+00
1.795696711781915145e+00
1.557095496651304201e+00
1.398167122688194652e+00
1.163145200622335507e+00
1.532634959616851367e+00
1.597731114168805977e+00
1.356001068365834783e+00
1.652504158481808094e+00
1.441665425787026278e+00
1.580992252817346566e+00
1.922962360212983057e+00
1.655697147106750977e+00
1.902719508663293091e+00
1.451099573270770771e+00
2.092828876160880203e+00
1.832427991642639142e+00
1.804910476856351309e+00
1.969972071445694528e+00
1.613706309317475274e+00
1.563760837247407220e+00
1.581996503889959493e+00
1.420898804827845252e+00
1.620024080647625597e+00
1.235941124124909862e+00
1.428397732654616004e+00
2.008846295603285981e+00
1.654760879662537931e+00
1.834070271634870686e+00
2.203291808993605994e+00
2.336432425923503864e+00
2.321820262526232082e+00
2.438258658995030359e+00
2.484215000437844267e+00
2.617168992166003516e+00
1.980203829798910409e+00
2.344574988853286523e+00
2.184869463289707436e+00
2.369198750758635175e+00
2.541787080036676194e+00
2.415394436570183601e+00
2.432949451339377678e+00
2.050742452267346305e+00
1.931349479497125987e+00
1.794459575508432936e+00
1.492118434229007029e+00
1.502699146040167966e+00
1.329577725348878303e+00
1.281068382020526197e+00
1.747348809591267926e+00
1.323801223759704104e+00
1.488955025427744383e+00
1.633881965341830611e+00
1.939467032577890215e+00
1.953987848606938416e+00
1.750065987517361865e+00
1.798234565628182402e+00
1.806640300141670430e+00
2.059968670372173793e+00
2.120625117395553261e+00
1.748516304647627528e+00
1.590114732633643779e+00
1.361089774126105434e+00
1.315681190755292995e+00
1.287380011926685386e+00
1.460748301270984761e+00
1.422595937781357511e+00
1.268675706404369441e+00
1.329512567298264392e+00
1.378407224030374412e+00
1.229203874902319749e+00
1.519888702882324027e+00
1.610086832003030821e+00
1.788069504880458016e+00
1.884929621026846691e+00
1.748233691863361194e+00
2.202482197562849020e+00
1.998756400440951042e+00
1.919610059804890190e+00
1.440044313786157826e+00
1.776836776849448629e+00
2.117330793333334071e+00
1.826909691590953733e+00
1.639815782971135949e+00
1.135890066251372010e+00
1.412215041971492280e+00
1.344209195431874448e+00
1.688057239322967140e+00
1.646295987437494945e+00
1.812494547612039986e+00
2.128867680389283201e+00
2.365368268343972069e+00
2.151723742416707719e+00
1.842426063807553138e+00
1.961416474699790413e+00
2.078040161201090807e+00
2.251679719891138021e+00
1.985883185326318356e+00
1.811585141305510849e+00
1.959365690577723473e+00
1.725741431125161318e+00
1.637923465362188580e+00
2.165864359891426005e+00
1.843807451986579693e+00
2.009074278742507769e+00
1.929219306457779615e+00
2.221949210124107399e+00
2.570414445293658812e+00
2.351661636540018474e+00
2.223844700559539866e+00
1.868292982616384101e+00
1.981199145084710400e+00
1.753516228998129867e+00
1.826597240456388604e+00
1.868911175799652824e+00
2.150850037256002878e+00
1.872890003699666073e+00
1.352822853963865590e+00
1.595785881541133433e+00
1.333102529878037457e+00
1.437369326849936346e+00
1.546130568716092446e+00
1.685451212214164940e+00
1.401485108015812386e+00
1.403510256082838970e+00
1.425191544147615730e+00
1.556486701430400688e+00
1.787821354526679674e+00
1.667228625470714265e+00
1.652387329906098490e+00
1.795389825549969620e+00
1.469801188380185142e+00
1.438711699484809259e+00
1.892669628170043028e+00
2.059229872908383996e+00
1.706765732106839017e+00
1.548063373731019876e+00
1.470219790144238203e+00
1.420791060014547469e+00
1.499345834516314424e+00
1.611875517195123342e+00
1.766495819805218082e+00
1.622764489607702476e+00
1.835506094756921502e+00
1.547398349944415052e+00
1.455221796808590096e+00
1.318935880571559860e+00
1.220685671937558281e+00
1.436649504974460090e+00
1.427352981301333257e+00
1.570348189969385411e+00
2.019876577310280030e+00
2.084501176775120257e+00
2.133024698282717235e+00
2.037317667528188547e+00
2.515550597682365108e+00
1.895225696941468030e+00
1.871487149880012968e+00
1.897525420988143585e+00
2.168860605458434954e+00
1.858029724293448481e+00
1.892885350713368275e+00
1.497331316520091438e+00
1.184694419392430031e+00
1.394419275349699561e+00
1.892474376475887787e+00
1.758833025712608578e+00
1.517468381368786368e+00
1.824454868825569065e+00
1.769070400333834669e+00
1.746457436185515633e+00
1.630521835469932235e+00
1.604083337635391793e+00
1.553583637556803509e+00
1.904308437412709942e+00
2.077618609367567704e+00
2.274027022245845853e+00
1.709724806487137316e+00
1.659314154738967817e+00
1.604949252178651919e+00
1.592918957294272131e+00
1.680972147277080886e+00
1.525066425262712855e+00
1.532578421340271113e+00
1.585878907813055960e+00
1.411538538282892663e+00
1.601312353340286654e+00
1.606640154618799832e+00
1.463246050575157664e+00
1.308066080554794564e+00
1.207717592596772471e+00
1.470641355131049766e+00
1.571018844409477921e+00
1.649365924541012607e+00
1.368374337211716307e+00
1.544076376570012066e+00
1.485066096548591563e+00
1.708972974153674773e+00
1.530168783519687770e+00
1.428788363269041906e+00
1.793870439005114115e+00
1.748691476986479643e+00
1.712767154970636474e+00
1.892579586610287468e+00
1.932340775133076338e+00
1.861994764971022676e+00
1.573119812189850197e+00
1.320688144659299512e+00
1.291599864748413484e+00
1.771067072612923177e+00
1.794082864153834223e+00
1.867210645719227902e+00
1.649485782882765150e+00
1.226472184842849478e+00
1.545606511363018631e+00
1.512661850767147431e+00
1.391199111110170028e+00
1.711556778297238957e+00
1.447424563162307942e+00
1.345718619618553547e+00
1.567005675485880101e+00
1.433906942831843612e+00
1.271154765367621842e+00
1.570777872640320760e+00
1.610624555919707435e+00
1.411776209208333688e+00
1.368820415220959985e+00
1.176539343464252596e+00
1.318789258805266984e+00
1.318162732129011250e+00
1.708876595336200399e+00
1.975012377175485057e+00
1.581653821530331294e+00
1.214414499428482452e+00
1.503380172629731337e+00
1.640986146955257574e+00
1.843256720133521487e+00
2.101221693855877426e+00
2.091531928043589783e+00
2.100282168433800667e+00
2.296218924743865131e+00
2.088546553486072099e+00
1.852930024643306472e+00
1.465072762357415126e+00
1.689861714798100101e+00
2.070404879973945622e+00
1.517839473913939807e+00
1.287543757772994457e+00
1.180077063732238640e+00
1.204682112427686302e+00
1.334157399870615768e+00
1.756486113026973106e+00
1.649330385425212375e+00
1.677748748197709361e+00
1.767989081083991110e+00
1.790554688372198999e+00
1.701760860989170787e+00
1.389970910688261174e+00
1.381481189169638579e+00
1.362120757302376806e+00
1.331122908615564038e+00
1.718176041172371882e+00
1.146895704688613238e+00
1.452772723013163292e+00
1.570477805492431100e+00
1.770583876785505328e+00
1.396630680189130169e+00
1.267528934379612116e+00
1.428467497042133161e+00
1.665688594652984467e+00
1.755093968377634983e+00
1.500936386091646702e+00
1.702578339970997279e+00
1.820053512492664893e+00
1.940265417449062557e+00
2.112417954002608678e+00
2.421025887531840226e+00
2.258840445610907022e+00
2.468020003937656526e+00
1.980622530445645513e+00
1.943931278771448889e+00
2.236877437923185941e+00
2.111455280466439710e+00
2.229471942650727012e+00
2.265624004991400486e+00
2.485805878625372500e+00
2.596840379387597153e+00
2.656877523711486777e+00
2.396202176323624311e+00
2.351856705852012563e+00
2.374178346979474608e+00
2.263268691325137638e+00
1.880514473032224743e+00
1.571402837054156620e+00
1.320414260025045472e+00
1.338916870824113259e+00
1.287286857148356445e+00
1.693577656421692001e+00
1.343450385135557701e+00
1.179264780966132520e+00
1.818334325265573703e+00
1.743479144797545732e+00
1.642528513607450114e+00
2.036591529420849866e+00
1.788064451519436382e+00
1.865015142161851047e+00
1.731993308386497787e+00
1.948048756888590027e+00
2.079949948090831224e+00
1.705534995971223156e+00
2.114336275303601909e+00
2.130188279546648467e+00
1.939226516696580305e+00
1.809220622806734013e+00
1.446321555044798757e+00
1.584980993645493497e+00
1.333123848761135655e+00
1.295459445184069303e+00
1.240775214312874075e+00
1.584246587970705722e+00
1.546416409826953053e+00
1.376115872292239528e+00
1.238081618811758267e+00
1.203787717433111082e+00
1.445717569840791139e+00
1.642477134123748961e+00
1.988610863288603925e+00
2.104170722898612844e+00
2.114148460320944611e+00
1.524650239633347226e+00
2.045933481375836305e+00
2.025436819338735095e+00
2.159197230203697249e+00
2.324726363755869940e+00
1.975358053392923585e+00
2.417148096448371142e+00
2.325235553480333284e+00
2.102945757470687127e+00
1.886071897807334086e+00
1.792327726691434808e+00
1.734685825743707888e+00
1.766485794889362415e+00
1.953242519749970540e+00
2.016478845638571382e+00
1.681862647577232028e+00
1.659169012242431185e+00
1.747913909638887375e+00
1.583162212045494899e+00
1.860160449175025876e+00
1.505691255526487637e+00
1.513462787607827487e+00
1.490494593278566704e+00
1.581322082877817836e+00
1.449964577385214115e+00
1.242251104391464578e+00
1.682658039885994050e+00
1.746164200183219384e+00
1.692584282998881084e+00
1.502092188771074976e+00
1.732622716162425025e+00
1.689338354183744784e+00
1.492033052053524989e+00
1.754053160627407681e+00
1.511825634255598017e+00
1.819973883270579407e+00
1.496580283983728332e+00
1.370007694315142688e+00
1.503625930104270259e+00
1.380983041051529581e+00
1.722891448120660529e+00
2.152975594231072431e+00
1.514486995363137467e+00
1.639307833372626311e+00
1.463365600037761283e+00
1.463517202325367528e+00
1.480407872585610463e+00
1.209666864864805236e+00
1.288881814401753090e+00
1.447770988832448369e+00
1.508057980610190585e+00
1.576049453655741450e+00
1.745656872471930576e+00
1.764558761150193611e+00
1.308426644408579698e+00
1.595147012910612228e+00
1.719301427144726224e+00
1.724852502189228476e+00
1.413568247501397757e+00
1.497156190146063492e+00
1.450365672507668346e+00
1.639274012358231447e+00
1.321288218828597927e+00
1.746792026865335190e+00
1.794640969300362876e+00
1.769174933498043778e+00
1.653111272860211756e+00
1.786675730519966310e+00
1.477326943030695894e+00
1.298194273640753238e+00
1.626666721152865369e+00
1.629029863262933198e+00
1.701987563973908157e+00
1.917567004233511119e+00
1.499417538945271966e+00
1.658598028376491618e+00
1.938433094126034595e+00
1.752345200235599254e+00
2.236766625068635772e+00
1.934586304784970512e+00
1.986469890713895570e+00
2.031324523952940275e+00
1.684535898347415461e+00
2.061870740520719725e+00
1.802090167557836686e+00
1.563958149130903807e+00
1.561595777617712066e+00
1.634734664162371232e+00
1.903125328731612997e+00
2.358894690522395088e+00
2.275414677567870747e+00
1.852474860439518700e+00
1.619375464566536138e+00
1.766175478485789929e+00
1.904785579315288802e+00
2.127110057796425036e+00
2.144915778090452196e+00
2.539771111801750969e+00
2.337211517254668358e+00
1.987863429857949171e+00
2.131560461478053892e+00
1.638119782784025480e+00
2.422840462499876502e+00
2.496947581139777217e+00
2.700185967101233597e+00
2.496395835820878872e+00
2.209673578968954555e+00
2.197478019803988047e+00
2.311042248270827937e+00
2.292590839080179688e+00
2.074082779744369276e+00
2.018490505599568330e+00
2.187893876436698637e+00
1.587894885564657521e+00
1.662208182019155878e+00
2.249338609373859654e+00
2.437778780020999125e+00
2.143409991573083762e+00
1.688339066591103776e+00
2.047036230318988625e+00
2.000513586827578738e+00
1.650133751103773250e+00
1.792923272865356354e+00
1.742381457079319240e+00
1.604894959938052201e+00
1.854058611966677761e+00
1.946823930873527786e+00
1.599155417488519637e+00
1.888494658124305836e+00
1.992858953775086484e+00
1.503970223232824921e+00
1.660197437875202908e+00
1.522700087952148840e+00
1.478965433028125664e+00
1.269845392270664064e+00
1.765763981547637584e+00
1.857988002876833411e+00
1.885149094202607678e+00
1.913397606455806699e+00
1.688423859424408979e+00
1.478578588987194964e+00
1.452873173462384537e+00
1.317295842263685568e+00
1.573779223322052445e+00
1.375893795442857614e+00
1.428139205334863382e+00
1.135520054266783374e+00
1.146738017894006978e+00
1.500869550651175111e+00
1.276476974763998573e+00
1.294056668716979885e+00
1.463148238297198533e+00
1.580224298610374056e+00
1.650727291894176219e+00
1.327121584957772660e+00
1.316820465532972939e+00
1.144655536865557099e+00
1.446959377114776402e+00
1.634789836168362376e+00
1.490432537288220116e+00
1.400195007615766762e+00
1.307336327689685218e+00
1.584207517828828848e+00
1.547885534950832698e+00
1.860692190829100312e+00
1.438092619987527021e+00
1.373812188637123066e+00
1.432162974746090889e+00
1.448092559314944516e+00
1.585407338463482363e+00
1.789568149453320434e+00
1.848529760832419377e+00
1.791335347273544487e+00
1.865369279377988354e+00
1.616797081120185275e+00
1.831721409441976256e+00
1.743971436881532888e+00
2.323964376871134885e+00
2.007392483783642767e+00
2.120913303851103660e+00
2.121312597509253717e+00
2.286350625913547763e+00
2.145501070359124629e+00
2.077349741288243123e+00
2.120115083776598741e+00
1.780888291379552291e+00
1.699161837049863344e+00
2.045646116085796162e+00
1.849160622427205913e+00
1.339907781286711952e+00
1.597608591886190199e+00
1.774489258357040633e+00
1.733783713104263713e+00
1.490650670693629998e+00
1.583593165479205922e+00
1.561874142756754846e+00
1.658346808070563672e+00
1.626365536782546473e+00
2.080191823712284727e+00
2.075917905067108382e+00
1.793139448203797004e+00
1.580628404495951544e+00
1.342453340326741795e+00
1.481857576933600207e+00
1.198648394430551267e+00
1.463283986263009151e+00
1.977570648232018335e+00
1.937621637741390179e+00
1.763647269385679728e+00
1.758530216499974319e+00
1.820625033581586782e+00
1.893770238719951315e+00
1.900810608229253518e+00
1.860494965784976307e+00
1.619274876753029391e+00
2.025659369145855315e+00
1.892208540158084595e+00
1.219146337195599283e+00
1.303017374409132900e+00
1.278097138261400367e+00
1.268103074056631252e+00
1.206202581435209309e+00
1.462315753935568230e+00
1.353894321972036963e+00
2.068165082759067186e+00
1.915645811211773797e+00
1.778591181168321045e+00
2.027107569662054853e+00
1.965498148026280312e+00
1.563067787458183755e+00
1.338133943951888227e+00
1.234614175894882981e+00
1.305081319627563019e+00
1.402226525909967769e+00
1.288210119732203340e+00
1.627769722272971897e+00
1.415238491357948547e+00
1.299525608398078846e+00
1.381885879143111451e+00
1.740707133186937927e+00
1.619186529550694864e+00
1.705259047768291625e+00
1.706570037192552070e+00
1.727663062558875584e+00
1.757646923828373620e+00
1.616589513505302778e+00
1.739658646441181622e+00
1.628105435625615272e+00
1.197386569899655973e+00
1.789240054530679247e+00
2.145914057014797205e+00
2.407288234859380260e+00
2.120771174111646395e+00
2.008782776852851448e+00
2.361545698946705851e+00
2.120239592380791738e+00
1.778726931997237859e+00
1.631605772690117639e+00
1.552919279427008581e+00
1.704883263736164611e+00
1.808922747853179303e+00
1.746438019180819978e+00
1.775278113690921034e+00
1.884243980368126792e+00
2.002806430257357828e+00
1.950641900920959459e+00
1.706923592144381718e+00
1.799934066001170896e+00
1.873383764922712080e+00
1.774821116979435232e+00
1.483070540855691455e+00
1.188208561462316348e+00
1.092529838586391078e+00
1.222935341606066650e+00
1.260855329802649916e+00
1.122200597136273625e+00
1.402507758473656052e+00
1.497376500626647067e+00
1.417031017530548498e+00
1.376516807203797210e+00
1.464489412033552318e+00
1.341472564318525684e+00
1.315252374263303770e+00
1.648438583802768420e+00
1.757459345990745270e+00
1.782509901667220120e+00
1.866923091694341785e+00
1.876131975536724061e+00
1.977815524592442920e+00
1.935784903509058852e+00
1.687053788374635266e+00
2.139360559242882154e+00
2.076857105374559254e+00
1.928879288762781474e+00
1.780627517939292748e+00
2.161643577889986734e+00
2.234858482230963617e+00
2.262121688185696033e+00
2.261561902121486778e+00
2.291420777637788841e+00
2.070224728460627883e+00
2.127904075796516192e+00
1.941281608737602582e+00
1.799726797046488969e+00
1.879075863386103329e+00
1.736570129252822614e+00
1.504989018653291488e+00
1.312184777736681296e+00
1.509880086387039411e+00
1.455253984940478418e+00
1.455076250093528589e+00
1.234272999840546170e+00
1.456012320930471393e+00
1.462479849959659850e+00
1.917405948914838509e+00
1.970350444193849304e+00
1.687598962307957695e+00
2.015711395511341930e+00
1.854533320422594889e+00
2.175235778398008968e+00
2.136955784857156981e+00
1.894739206341429671e+00
1.564957306488189648e+00
1.709849307554511810e+00
1.869753383251695045e+00
1.751787471631754078e+00
1.474114240668408016e+00
1.226451030884689652e+00
1.436298953032258297e+00
1.154792892667756643e+00
1.262638385461539503e+00
1.393486226094728275e+00
1.602259138836465979e+00
1.891945637804125724e+00
1.678264729790018395e+00
1.733111029126367164e+00
1.965393279727826403e+00
1.694076571891134808e+00
1.704729164180541323e+00
1.796165565423951449e+00
1.318800575439980305e+00
1.274556574456387370e+00
1.506524225865002453e+00
1.411113693693933024e+00
1.650277461073751839e+00
1.898089444094725131e+00
1.774834195075230880e+00
2.138764152122106577e+00
2.262460729263715553e+00
1.682218789655340663e+00
1.806527547230778241e+00
1.641220962479478018e+00
1.701474728310462980e+00
1.393118324732826929e+00
1.890744644334053426e+00
1.857056300786740666e+00
1.955483906797558902e+00
1.725179306015922398e+00
1.781635133512660119e+00
1.259742340047078413e+00
1.597441298628388129e+00
1.499193224333570384e+00
1.436775319875671419e+00
1.389323619500344664e+00
1.603839239362337299e+00
1.566738580573110440e+00
1.834245660940435840e+00
1.568506846368507679e+00
1.859063764776506478e+00
2.242991391547516589e+00
1.586247250092794214e+00
2.122486591801846068e+00
2.040777311797918880e+00
1.615357507208952104e+00
1.900318886271911811e+00
2.135823027387425910e+00
1.568083284374023778e+00
1.502959124920822731e+00
1.599431147656455110e+00
1.468614453270467690e+00
1.531114523377980374e+00
2.247143113537962034e+00
1.826669405660290124e+00
1.603002681198149038e+00
1.499644808864490031e+00
2.025602142448955867e+00
2.295627040068600078e+00
2.088633969752430541e+00
1.873154356017158406e+00
1.789317157119391100e+00
1.985581428763727008e+00
1.544273078384859943e+00
1.595215961501863289e+00
1.243147008010177190e+00
1.719546682117419012e+00
1.728340556058710398e+00
1.540768288569978273e+00
1.427388160216798596e+00
1.444363000271035480e+00
1.504073516102632846e+00
1.540124920059691815e+00
1.628329569069081773e+00
1.708517578708472762e+00
1.500327090380875861e+00
1.496541275300453444e+00
1.465934281955618257e+00
1.556649444500493029e+00
1.313854576928494389e+00
1.438016319367606322e+00
1.286484714060267542e+00
1.187248749874612486e+00
1.497488400299404887e+00
1.546709095953721969e+00
1.392736978291393868e+00
1.589035910977384169e+00
1.593528478559801842e+00
1.473490830605118873e+00
1.707175750534545067e+00
1.904582068060182154e+00
2.048904499944747215e+00
2.115388865117017403e+00
2.062339986563273886e+00
2.148248974072184403e+00
2.224726280401547296e+00
1.920794897736016971e+00
1.251196201624701132e+00
1.515549833576533167e+00
1.611231639491479628e+00
1.544756427024486012e+00
1.467212058898657245e+00
1.338271315069341938e+00
1.445364088885604081e+00
1.338297698690054993e+00
1.373889182326587743e+00
1.444153096281620252e+00
1.112918195307931013e+00
1.415332661433703176e+00
1.775726247269795666e+00
1.384822201969564404e+00
1.313581281325614469e+00
1.665578183015142599e+00
1.639656667060403805e+00
1.519242170938350123e+00
1.794177886461573612e+00
2.038043210175055631e+00
1.878490704611890827e+00
2.169241405848563620e+00
1.801117919777167176e+00
1.620803482233758253e+00
1.951021264938657129e+00
1.774625717120533741e+00
1.953426267107788661e+00
1.681397832697444361e+00
1.853375584944108923e+00
2.022435946363289272e+00
1.913603649021924147e+00
1.832259103773943298e+00
1.438712067815991036e+00
1.237201929208389117e+00
1.438771367049651806e+00
1.503025083960775055e+00
1.341054431373712497e+00
1.976872507342060548e+00
2.164368026209932960e+00
2.158735569557057588e+00
2.323147690655881004e+00
2.141342749007320911e+00
2.024916455066111176e+00
1.907681234637137457e+00
2.348180052069933410e+00
2.268722911089674277e+00
2.059740966048179356e+00
1.708591130991417906e+00
1.566332916115293017e+00
1.373778643893214690e+00
1.320091971802270558e+00
1.181154158618946459e+00
1.188685272562823192e+00
1.153631388419993353e+00
1.557960132983408963e+00
1.804348135110118267e+00
1.528464470148298116e+00
1.523347065754660612e+00
1.421898170036384412e+00
1.783980650152942049e+00
1.934054987964942018e+00
1.681982577078282803e+00
1.499357578114788536e+00
1.652098570397618538e+00
1.371121953216133171e+00
1.653265151519377696e+00
1.510596886964330920e+00
1.643477436732353469e+00
1.781702697573902316e+00
2.113351987445149849e+00
2.062709161865976970e+00
1.451848575717519907e+00
1.364138109296302082e+00
2.187758871842232722e+00
2.020086708235174111e+00
2.108633489348311851e+00
2.358081567518284238e+00
1.962732301840764082e+00
1.909468312989987204e+00
1.777301718956711740e+00
1.940229497543660919e+00
2.064601816101447440e+00
1.925499840573622778e+00
2.076232401170714947e+00
2.264972629021850814e+00
2.004500722709682048e+00
2.310342330837743763e+00
2.015246462561623542e+00
2.180376080755934254e+00
1.824170048457758986e+00
1.683248230329946971e+00
1.971472649362113749e+00
1.722555695503265927e+00
2.152922589089777627e+00
2.744472309375427077e+00
2.583103796182693035e+00
2.072369457055061925e+00
2.046058488370882333e+00
1.962951519536405343e+00
1.686978344877636538e+00
1.814665555945720987e+00
1.803287177086436266e+00
2.089640882193005922e+00
2.345218754056716204e+00
2.389267436939471523e+00
2.046100540713383431e+00
2.211061734411078561e+00
1.866281195171078044e+00
1.673230367597867030e+00
1.656111320817213128e+00
1.674359894170631691e+00
2.057102368358670663e+00
1.821799712363951107e+00
1.589391071128348321e+00
1.643505598257001488e+00
1.742955275842569041e+00
1.458344803373466503e+00
1.561895375625441451e+00
1.556629155326501923e+00
1.230504711326229073e+00
1.380805852585917703e+00
1.307136083782636238e+00
1.751153552857123818e+00
1.706671807131498575e+00
1.854723321751026166e+00
1.844127452272510403e+00
2.065541511994390955e+00
2.409262993170633749e+00
2.267796273911147686e+00
2.488821287259680659e+00
2.288119011837991490e+00
2.174572165297463666e+00
1.840937168976067628e+00
1.866884697203508914e+00
2.212479985919916903e+00
2.034739636273946939e+00
1.915076540360900914e+00
1.868845010530158168e+00
1.977192426190902186e+00
2.081834317155828895e+00
1.880780422096657745e+00
1.551487000060173038e+00
2.047260518684744124e+00
2.227714132008561609e+00
2.048613497772677761e+00
1.633513172355795184e+00
1.439954050290525034e+00
1.557195965249397185e+00
1.363312300586530190e+00
1.647725556131514502e+00
1.794081748767469620e+00
1.426263622941952081e+00
1.314643399943354884e+00
1.506440180772217863e+00
1.642349855268235403e+00
1.665988395793570609e+00
2.001475407931098793e+00
1.645005564188579683e+00
1.645460963548254885e+00
1.834129088533626550e+00
2.028344306474294978e+00
2.339714046735561936e+00
2.233750187497976381e+00
1.915425650759960963e+00
1.941290076925587194e+00
1.371245916100066298e+00
1.520771034619799345e+00
1.790979216671966245e+00
1.725334586967924855e+00
1.502094828898676404e+00
1.394139168882850388e+00
1.579624309842721397e+00
1.595060805643410351e+00
1.596122805588263471e+00
1.558998999686763698e+00
1.671971008626854216e+00
1.401113219383155917e+00
1.487576595318689021e+00
1.529073472831401936e+00
1.872740659484406045e+00
1.768529926716915446e+00
1.736145715525903022e+00
1.897471460441831681e+00
2.166524349225303236e+00
1.599045409423988318e+00
1.577661452221812644e+00
1.510098960962916292e+00
1.295946484023380085e+00
1.750990401026095489e+00
1.566272933577882220e+00
1.512029662365571347e+00
1.218157205666134058e+00
1.351204503676269431e+00
1.196432756016444721e+00
1.433534571852902673e+00
1.381573468379361014e+00
1.409116271924689023e+00
1.527425653937809713e+00
1.592223505948165307e+00
1.893557764456345938e+00
1.880789531721337227e+00
1.708971588837531419e+00
1.633432960219030283e+00
1.756309316958732047e+00
2.088005166862415329e+00
2.209439997530294075e+00
1.787030064046859046e+00
1.749843615114698325e+00
1.917350430854214416e+00
2.056618802148076242e+00
1.940620338769718067e+00
1.750079743009465005e+00
1.826629920825932452e+00
1.288021523237664390e+00
1.798114918835691078e+00
1.576021583743120180e+00
1.867801306650816562e+00
1.617192635002117074e+00
1.600132633205381127e+00
1.696340523135519751e+00
1.836443079350530638e+00
1.655992327837768618e+00
1.751675818717155053e+00
1.741968563171122586e+00
2.083225873365425862e+00
2.116707851207114910e+00
2.085265369625123988e+00
1.576116208427696064e+00
2.016990560318858705e+00
2.057572577121606905e+00
1.468046047756882633e+00
1.663204870770264243e+00
1.572448704598574221e+00
1.573100089233840260e+00
1.644470251886470225e+00
1.835630484293820475e+00
1.970103732878580871e+00
1.939404172269745708e+00
2.128293351579857440e+00
1.990625521045291002e+00
1.778525795396141085e+00
1.875361537554278257e+00
1.871690441911121328e+00
2.131081395238202170e+00
1.854543578616862920e+00
1.779746300436491069e+00
1.493912890011553918e+00
1.377255290807693600e+00
1.349006375050592510e+00
1.378606186512874920e+00
1.449038844148594629e+00
1.187113699487148066e+00
1.288932569588906007e+00
1.605871046801160551e+00
1.519658372980261518e+00
1.481782242681837447e+00
1.325750292172870770e+00
1.567292432180732220e+00
1.675916506945537510e+00
1.586257521605861420e+00
1.653655431308302060e+00
1.557634636124699767e+00
1.508517377869863285e+00
1.659731811622656927e+00
1.926173607774668728e+00
2.134300239204216965e+00
2.229515056139070861e+00
2.174305107816154603e+00
2.339456214700696091e+00
2.255265689894370151e+00
1.849850935980445588e+00
2.123019827321070974e+00
1.930893175277707874e+00
1.760563800701645976e+00
1.944627318401855876e+00
2.206278314221614689e+00
1.922744415395449380e+00
1.757137221262786486e+00
1.728785433632645141e+00
1.614316983609656919e+00
2.010080768917233751e+00
2.170467796545823003e+00
1.569845650899232670e+00
1.509010561540819140e+00
1.676967929431981252e+00
1.783801558786536567e+00
2.003393639999001774e+00
1.995295920776076093e+00
1.939918666255999291e+00
1.658473025397042555e+00
1.346150369581458506e+00
1.073658773546299683e+00
1.438838869624511574e+00
1.997812578676004591e+00
1.857524048449172405e+00
1.522960982735414026e+00
1.347989003619418646e+00
1.723461797713405907e+00
1.334178193907334942e+00
1.593215858079427560e+00
1.721779458304687260e+00
1.501322441020004783e+00
2.316650228181947657e+00
1.942382831783644015e+00
2.163670078030751842e+00
2.184419343644277145e+00
2.634949254379228556e+00
2.487840720023872354e+00
2.319774378409073190e+00
1.864619083939001998e+00
1.879348283741905989e+00
2.121927448383102988e+00
2.089001208091566753e+00
2.504310807914744696e+00
2.345783386872746679e+00
2.397610875029167143e+00
2.095112161325392908e+00
1.878269699570331630e+00
1.943955742377061036e+00
1.960282648883251433e+00
1.687172862493406589e+00
2.050718925619179789e+00
2.138382400847101295e+00
2.286625394264444999e+00
2.178264333632927929e+00
2.187867456394618770e+00
1.907317091599193493e+00
1.570879578279572586e+00
1.758923963763227238e+00
1.904162785047363471e+00
2.132193775449180873e+00
1.459291784980223383e+00
1.667941575608645755e+00
1.559361509073081464e+00
1.551958776151083796e+00
1.890596200336695620e+00
1.775724827990829313e+00
1.906334228998763258e+00
1.654566319132951824e+00
1.756518502228306078e+00
1.460589025214743542e+00
1.283831007765204868e+00
1.314949532119459086e+00
1.830980303224151839e+00
1.576353041163995217e+00
1.947146953163118033e+00
2.169040846285889668e+00
2.108024522397233813e+00
1.894596834273917896e+00
1.493279705628148823e+00
1.391454605435338721e+00
1.642611897579820734e+00
1.293877583090936145e+00
1.421484396185533461e+00
2.144114467562725057e+00
1.725706478126079579e+00
1.371266897402423801e+00
1.622668737670916350e+00
1.883944478211703188e+00
1.714861847540663398e+00
1.692075201730213863e+00
1.660019147231436509e+00
1.663625784776076699e+00
1.668435833651376932e+00
1.600725981929202790e+00
1.960829040649994859e+00
1.868647066425416448e+00
1.569384805761262269e+00
1.639078611749670289e+00
1.348677265134060610e+00
1.385975070381080254e+00
1.590004902238995044e+00
1.788174977636916019e+00
1.583919850663550566e+00
1.539988283772116384e+00
1.675461303293362292e+00
1.481289515049932337e+00
2.245580514201213518e+00
2.335783234329167790e+00
2.082609101214529357e+00
1.916806308888300725e+00
1.579217668671927921e+00
1.541213755162577748e+00
1.257197202627711397e+00
1.510119933134060233e+00
1.559879488960093763e+00
1.398680168800325641e+00
1.162115296568227985e+00
1.290812128264184011e+00
1.236800020943613632e+00
1.658330233379107899e+00
1.463129952806700773e+00
1.701643848874046627e+00
1.559558353807029896e+00
1.961868757976617195e+00
2.280790026949142568e+00
2.421657016188364597e+00
2.057300936421412096e+00
1.806421421334446054e+00
2.135737113307896617e+00
2.355231718930974605e+00
2.158499034503916558e+00
2.167321769064670001e+00
2.346978186327145277e+00
1.602353647199562747e+00
1.543791280664136067e+00
1.692086515486274756e+00
1.434996629278602498e+00
1.820006891961545747e+00
1.537937065452999796e+00
1.848640198190065309e+00
1.776671795114028729e+00
1.982731078300001393e+00
1.591192796671380805e+00
1.791164998299501265e+00
1.927153484781035431e+00
1.699311398084979663e+00
1.473930980158575599e+00
1.972160847678950946e+00
2.141946170410577110e+00
1.954829647645137003e+00
2.039771976465389880e+00
1.767085712231011518e+00
1.554601785606046116e+00
1.568871488073688703e+00
1.704552111597950947e+00
1.578469560724547804e+00
1.600249584167862338e+00
1.554658068251570713e+00
1.608221360366318908e+00
1.726450250105832085e+00
1.692129052844115522e+00
1.729823711127986385e+00
1.923737181340427149e+00
2.066705862557694395e+00
2.104392484225551030e+00
1.769863271733454368e+00
1.402959895902593290e+00
1.853671872445474822e+00
1.760405580891551525e+00
1.908716496684720099e+00
1.831436109677417878e+00
2.032612120012820878e+00
1.934981633111634070e+00
1.862570290190680211e+00
2.047009480820477290e+00
2.006509317389983504e+00
1.631903153998827127e+00
1.677767036422057600e+00
1.415964834612392309e+00
1.680311744192044987e+00
1.621568021818254879e+00
1.382749159337464118e+00
1.470639802166541443e+00
1.399043321620033531e+00
1.246967130364668108e+00
1.335199190440440109e+00
1.872529600541448236e+00
1.855043884090281203e+00
1.684043543445065572e+00
1.678553455697980645e+00
1.615763436067265690e+00
1.909119320771222705e+00
1.483337250279806119e+00
1.386195868782635454e+00
1.673901719322137271e+00
2.039992067753340965e+00
2.345596654704902306e+00
2.198940869516822882e+00
1.855389908719275782e+00
1.959582610018491655e+00
2.052453657635553430e+00
2.005135643200138151e+00
2.067039641101732439e+00
2.038217650010808235e+00
2.190299389909078354e+00
1.496836744454425272e+00
1.154638392285689319e+00
1.378958219340796987e+00
1.535665133323132814e+00
1.639921960287638258e+00
1.688270196244550547e+00
1.425999933677354115e+00
1.452353231966194924e+00
1.402760384482791389e+00
1.236040463924025889e+00
1.311222979151138501e+00
1.650990370502286142e+00
1.562496671471113707e+00
1.515462129858186735e+00
1.488778968544613335e+00
1.426075906069500521e+00
1.493292955474171846e+00
1.514775177741684464e+00
1.668576535952524198e+00
1.724775146102730972e+00
1.506987262963015439e+00
1.370344531210921257e+00
1.741054771020192238e+00
1.659763903570086629e+00
1.301931002769373569e+00
1.783146096320289420e+00
2.032554170064410748e+00
2.180768174617329080e+00
2.031470193263077650e+00
1.831179691801031018e+00
1.506599125632518854e+00
1.696196340593260521e+00
1.517110938426791567e+00
1.524081259268984967e+00
1.630044311228266096e+00
1.836117520326917329e+00
2.009718090222692766e+00
1.941184843402727012e+00
1.767203754386059700e+00
1.566465209912241585e+00
1.468803902731909083e+00
1.491465435840668485e+00
1.783100295489800091e+00
1.626260909825201884e+00
2.020465964549503557e+00
2.065989098090165843e+00
2.109311691299266212e+00
2.405785413633424241e+00
2.261334424667136300e+00
1.334955574851642846e+00
1.301778735386299068e+00
1.347648498826500285e+00
1.505510004547024216e+00
1.136167267422084626e+00
1.480742189726864666e+00
1.367900564464179736e+00
1.327404999030892485e+00
1.196745914221951423e+00
1.697078561389363971e+00
1.683879153967895226e+00
1.661131065377425831e+00
2.099162249299203253e+00
2.277284464705740419e+00
2.328228155346577122e+00
2.043496775107744412e+00
2.273608170365484682e+00
2.699263936464309843e+00
2.559496286409581156e+00
2.199475561144193847e+00
1.865335798292759195e+00
1.756669895511365986e+00
1.365370383015856559e+00
1.249798010163846396e+00
1.148297713281904331e+00
1.435992199237420941e+00
1.439447652854941140e+00
1.632554897315119824e+00
1.403771308437281595e+00
1.369412518516834432e+00
1.982126627823721954e+00
2.202261593883628077e+00
2.192281100324518839e+00
2.249536695359750649e+00
2.222884577765231739e+00
2.504491601488124886e+00
2.065131632361777658e+00
2.021309261840837923e+00
2.046661357447397744e+00
2.014905887181961841e+00
1.817820760214651443e+00
1.631821472616241442e+00
1.831884767552307558e+00
1.679936744907829294e+00
1.647374221676839001e+00
1.797512325897048902e+00
2.118746450333610643e+00
2.257844340150409135e+00
2.070714668830774041e+00
1.634607279429169058e+00
1.859301415872050445e+00
2.258352611825615863e+00
1.886579743557720512e+00
1.773841380457906070e+00
1.369866147558668201e+00
1.265094417921613257e+00
1.369619176690646034e+00
1.382837170533296245e+00
1.515752648209805598e+00
1.596452560384332031e+00
1.456103362123372991e+00
1.666878347401682170e+00
1.673744501042974564e+00
1.630402449751945149e+00
2.057883723522667907e+00
2.118761767803220675e+00
2.122337199165404975e+00
2.070582134411063091e+00
1.883430348039898394e+00
1.592752849033268969e+00
1.588864520644730050e+00
1.774313644008689739e+00
1.375441054703339105e+00
1.906036345391109110e+00
1.818989508578087611e+00
1.772783239116472176e+00
1.275543614185399743e+00
1.576570070473046092e+00
1.630778333266107216e+00
1.356707461263331638e+00
1.445182625945033994e+00
1.936603900194385552e+00
1.689074694688825318e+00
1.565317997123477411e+00
1.475602825164052945e+00
1.545370963571840672e+00
1.421036427541443548e+00
1.639828337438313799e+00
1.434585404733601965e+00
1.342261309231091548e+00
1.527179501525838479e+00
1.578305023416680886e+00
1.572263700034006506e+00
1.659265401788073691e+00
1.362658769701741601e+00
1.921637141931237025e+00
1.825451129130750694e+00
1.863572072012128489e+00
2.010425151929887910e+00
1.742177009604426452e+00
1.561152183190919196e+00
2.052478939781903655e+00
1.960528789546318151e+00
1.873981357784055168e+00
2.134958914968083654e+00
1.902587549383661703e+00
2.038142570774672979e+00
1.681234102507632278e+00
1.520493081286629078e+00
1.456691909763485615e+00
1.422638819282475708e+00
1.772436780387650179e+00
1.620484232451111728e+00
1.509943035070689277e+00
1.638726404381537938e+00
1.563914798823490937e+00
1.646231906761934205e+00
1.450705131838273099e+00
1.284505427878849915e+00
1.464143540948017463e+00
1.644786916598206972e+00
1.629628233531806192e+00
1.355968409343926595e+00
1.353113134664240214e+00
1.364291664622599320e+00
1.357030980715339341e+00
1.562638977925725037e+00
1.624720739122470725e+00
1.356587425015166160e+00
1.268764720113025213e+00
1.401840003429053905e+00
1.409235183251140500e+00
1.714150643091352677e+00
1.289360679063609183e+00
1.722874801691288926e+00
1.797594837461974793e+00
1.545280058634161069e+00
2.172922477252897888e+00
1.865868517906177138e+00
1.628632035387739041e+00
2.198273150502757733e+00
1.972474867208240390e+00
1.841678842680031680e+00
1.565360595475354000e+00
1.443124352489710160e+00
1.930098691463479899e+00
1.517804142729283878e+00
1.332570519537514153e+00
1.267030265388671362e+00
1.352366106675726209e+00
1.382831498336779319e+00
1.351583524528359392e+00
1.487593170545989052e+00
1.754909848250107984e+00
1.849558233810799202e+00
1.831553346395211612e+00
1.926803754640969535e+00
1.816431773882809964e+00
1.986037266033284787e+00
2.171687708143256401e+00
1.806705618180467043e+00
2.023876630846483504e+00
2.041810814679265729e+00
1.489454860619155330e+00
1.359933406038847936e+00
1.557797228209311324e+00
1.518835164235061930e+00
1.180814251727373865e+00
1.193307568969440124e+00
1.420878501494010848e+00
1.461093115475728510e+00
1.602846489712003830e+00
2.094872243603518758e+00
2.234863519123677644e+00
1.617571571910904726e+00
1.965524859095586052e+00
2.018794482577821903e+00
2.101165140483604699e+00
1.900440777393323177e+00
2.040767511518270627e+00
1.868361717044642933e+00
1.933970187339873137e+00
1.860467907942903842e+00
2.035584112494704723e+00
2.004737414686139640e+00
1.518112234848512543e+00
1.773392131667679950e+00
2.056130212428026294e+00
2.059139547216791932e+00
1.864032738781228549e+00
1.824562812465381656e+00
2.141353332725496550e+00
1.999073216294726230e+00
2.029189952498867466e+00
2.084911352979073040e+00
2.220456638291620433e+00
2.118258882329065784e+00
1.971380271004764539e+00
2.232310514059824502e+00
2.345248288145304283e+00
2.396995589314969699e+00
2.472112182634651489e+00
2.054210642355065009e+00
1.959665324402233288e+00
2.075666846284941247e+00
1.801339438950051219e+00
1.614629089488538005e+00
1.632464640248893151e+00
1.857487785771575250e+00
1.546434718034169764e+00
1.969349799572257087e+00
1.742196536030863108e+00
1.842513071510088141e+00
2.223872984565868460e+00
2.110988034257496260e+00
1.851557247698611963e+00
1.688654870277071174e+00
1.840974333711290045e+00
1.571771974194430044e+00
1.646152948690964735e+00
1.607744679552315592e+00
1.708641659747055730e+00
1.663894437026488760e+00
1.891758939442840459e+00
1.973582868738874341e+00
1.844214937419583755e+00
1.485469839768901679e+00
1.542480196734227871e+00
1.791516527198120379e+00
1.604267590221472917e+00
1.754013707128283528e+00
1.636774224652380205e+00
1.960798700543185280e+00
1.844763174690214003e+00
1.333623234070751895e+00
1.388697662875777228e+00
1.340163236268938407e+00
1.470493773267172344e+00
1.287561687864365867e+00
1.717446588158938470e+00
1.521250521322421667e+00
1.583869609952031521e+00
1.804982247094684356e+00
2.302480603810900028e+00
1.998515918712059136e+00
1.796192580341942069e+00
1.702302360319496222e+00
1.789636106292949780e+00
1.649682094175693781e+00
1.348398096505046606e+00
1.618069511636679891e+00
1.881775113109272368e+00
2.254685574573897178e+00
1.904404158702501793e+00
2.364236182529185992e+00
2.358460342216777139e+00
2.268499762805119779e+00
1.975932724597581513e+00
1.780705270949193952e+00
2.042445240578577792e+00
1.629096036868790343e+00
1.911031463713474654e+00
1.650898550600659709e+00
1.949339503706801757e+00
1.588210252410493739e+00
1.332150759717548150e+00
1.656477990444805926e+00
1.430095509172731205e+00
1.480433063055323295e+00
1.559908336474019386e+00
1.577521118410479373e+00
1.468398192439906325e+00
1.555155318811893839e+00
1.654378696176565189e+00
1.623831699568782483e+00
1.578808550740393057e+00
1.658051423577019179e+00
1.766598790154755294e+00
1.880926723217108520e+00
1.665434714409903982e+00
1.497483140900698118e+00
1.627791993100140999e+00
1.583874907766625206e+00
1.545357409534762860e+00
1.424950227724948171e+00
1.518532976894737541e+00
1.420197915104760344e+00
1.344419993349778686e+00
1.218325862542381399e+00
1.221182953473599175e+00
2.020765699080933953e+00
2.208260491999368469e+00
2.447471391153277054e+00
1.866879813688517631e+00
1.868684609310745870e+00
1.795486250212102508e+00
1.928927074493811622e+00
2.034777861308068481e+00
2.128489726126190806e+00
2.186351015077007354e+00
2.085213751585891284e+00
2.190260600299830607e+00
1.993685135907018680e+00
2.045738118243588755e+00
2.037777268992890800e+00
2.328276663147410996e+00
1.932440785764630853e+00
1.892244707322053632e+00
2.090201068137848672e+00
2.180010218723514193e+00
1.940565653367245735e+00
1.498574575418269550e+00
1.943708732722768673e+00
2.346445221452502672e+00
2.281037048797034839e+00
1.963015629517575578e+00
1.823384100865120816e+00
2.086536589406539743e+00
2.171478985443660914e+00
1.728877649309414455e+00
1.781324892886065658e+00
1.540620308127327975e+00
1.611676853541731180e+00
2.268678979031379495e+00
1.889033072114013834e+00
2.018692421169033135e+00
2.194329204614901663e+00
2.181546006394906811e+00
2.195177956037786426e+00
2.576944501546928556e+00
2.250828995575255842e+00
2.330978401348728912e+00
1.954484365952811942e+00
1.887650479624178645e+00
1.821622518715082073e+00
1.702369154175682908e+00
1.570387625150021726e+00
1.996957659523504791e+00
1.863058564948401497e+00
1.652295363491780300e+00
1.465542348885772839e+00
1.550702051455429498e+00
1.473155889918597250e+00
1.533476699915141683e+00
1.583691735546196577e+00
1.459354341216752893e+00
1.758664874177052972e+00
2.055080659617523064e+00
1.749611009482712864e+00
1.592388253526706876e+00
2.080524206343451254e+00
1.711467733357519450e+00
1.525136810025969902e+00
1.318995961667209116e+00
1.374323253986741822e+00
1.903500674938308102e+00
1.380629049136192998e+00
1.600395770630661962e+00
1.480617972107667102e+00
1.409727330461086225e+00
1.263511362029326790e+00
1.358622551377308696e+00
1.218258147239993150e+00
1.296963839769283755e+00
1.302989983267840657e+00
1.066689982123921743e+00
1.156874411717667028e+00
1.341781326103834715e+00
1.538479209759447075e+00
1.436943471247012605e+00
1.370053600153476658e+00
1.423373251244210991e+00
1.611553593415832486e+00
1.712684039307313277e+00
1.356420488576922212e+00
1.602126226634296602e+00
1.755162451877295915e+00
2.369562690782241798e+00
2.228968660590429085e+00
1.915976169092988179e+00
1.645576127227048380e+00
1.645402064487453631e+00
1.798531715518790097e+00
1.820686386151971980e+00
1.798366076966003035e+00
1.689065316711845455e+00
1.876645955973550217e+00
1.575460650062676216e+00
1.640752021082412249e+00
1.508709649220618676e+00
1.733091530737510544e+00
2.010877445006665543e+00
2.093948802899968875e+00
2.429592664362511201e+00
2.149383653629614255e+00
1.814264792612564570e+00
1.547066908524020068e+00
1.469953906283704814e+00
1.441734839245383037e+00
1.609727622071856379e+00
1.624296131693425016e+00
1.475660401826893731e+00
1.808099929910883308e+00
1.849247179393455953e+00
1.683384622361592697e+00
2.057878851066247350e+00
2.096159695727041861e+00
2.232113276927184753e+00
1.752277398069477687e+00
2.269625278611341557e+00
1.750153770994784752e+00
2.071769566728562939e+00
2.071004086486143425e+00
2.015244008473513482e+00
2.026894683004089259e+00
1.852653562308986812e+00
1.917699361481439713e+00
2.030096012278219231e+00
2.018282267959491616e+00
1.990105349317103478e+00
2.113758332607980517e+00
2.195559714709607757e+00
2.342972802325003823e+00
1.961046758690578207e+00
1.705295931048485647e+00
1.417168349047935205e+00
1.504252472522273898e+00
1.251600343896889456e+00
1.438427273472640877e+00
1.547619718934206023e+00
1.646610722519815218e+00
1.718202402225080139e+00
1.531120734956971097e+00
1.861738573459046808e+00
1.741686384267319809e+00
1.890989174883792145e+00
1.578320844925383826e+00
1.275138511976712463e+00
1.401153166712445053e+00
1.178733119827892528e+00
1.469506920913529191e+00
1.475735805580872473e+00
1.348635110642633528e+00
1.640324508812506243e+00
1.360303096184243277e+00
1.471457897585206398e+00
1.598063133926030943e+00
1.911837277337186114e+00
2.172501762658773927e+00
1.916494070655274884e+00
2.271871003353826080e+00
1.829659040250413149e+00
1.828730861013966535e+00
1.980110019310347802e+00
1.474182848846758986e+00
1.512587105758167016e+00
1.609122818679991074e+00
1.408656379929042579e+00
1.733767887445923694e+00
1.356107781423952163e+00
1.336781459735162159e+00
1.176780472303458502e+00
1.541336639627544747e+00
1.313672323361651850e+00
1.279330666580167586e+00
1.344322434359711105e+00
1.352670129646952102e+00
1.387851227389074404e+00
1.462368073008740943e+00
1.442480287765825597e+00
1.475253694648702041e+00
1.507596210871792630e+00
1.871381753301075257e+00
1.586862660201610264e+00
1.120181862149340679e+00
1.069133379782168047e+00
1.332308734617949852e+00
1.378330621651663757e+00
1.678722369151245619e+00
1.887164776407166844e+00
1.957307107050770600e+00
1.902428339963139425e+00
2.090482723824183875e+00
2.071635403531468800e+00
1.871410758267563423e+00
2.034187856013724538e+00
1.769762275940671037e+00
1.587782156046142923e+00
1.408796530260879365e+00
1.643750712938605751e+00
1.382351883868187636e+00
1.518410885518627573e+00
1.368202074034615912e+00
1.604897542896876361e+00
2.103854201296032400e+00
1.972271679214885554e+00
2.437741435632256426e+00
2.140035091409290047e+00
2.237541140986888610e+00
1.678907069542924235e+00
1.346098334220257264e+00
1.381807637574447911e+00
1.274898162716569194e+00
1.237522293040589583e+00
1.298887286041653155e+00
1.572163910921876351e+00
1.334679780127650872e+00
1.334555322914281250e+00
1.429173504805808292e+00
1.784115507069086393e+00
1.760763904020949511e+00
2.034278280673587957e+00
2.084389984965303366e+00
1.847825196750267684e+00
1.743597402698486620e+00
1.352471954888853967e+00
1.320442112135571167e+00
1.502432515253001810e+00
1.535537386073387189e+00
1.446060868500726793e+00
2.023979276255055471e+00
1.724562018248813722e+00
1.645966034824933422e+00
1.701436110449944694e+00
1.880668826256979065e+00
2.009677197804955906e+00
1.685107708839333363e+00
1.595664676732569731e+00
1.588934189670414554e+00
1.935535645979251873e+00
1.719738487402704186e+00
1.533792433738444094e+00
1.786532303571607860e+00
1.652060070000745062e+00
1.266897908460918876e+00
1.378604002650320348e+00
1.526254867754192723e+00
1.464604651143460723e+00
2.091951382442430951e+00
1.737956318669368061e+00
1.972919988570159155e+00
2.175078824431655899e+00
2.251464355929015948e+00
2.129943949689588667e+00
2.364629108832833282e+00
2.170430396348208557e+00
2.468340479848679436e+00
2.342363956957262072e+00
1.858318999291561191e+00
2.296593555659570463e+00
2.412847350755077613e+00
2.158463475135723453e+00
1.885654062926843011e+00
1.864831101895552123e+00
2.080991999898572864e+00
1.780241278610586342e+00
1.942526602933043023e+00
2.690584972312992651e+00
2.545087777821803954e+00
2.616218018793408984e+00
2.118703387391994930e+00
1.753064682137986274e+00
2.041471186262822535e+00
1.900218168256858853e+00
2.466930382681325362e+00
1.741923358311143311e+00
1.658091187401345312e+00
1.766840301205108377e+00
2.030238889148546555e+00
1.791070629103519884e+00
1.570526659260376157e+00
1.501882975365454342e+00
1.713202119335153428e+00
2.054124395780787093e+00
1.639866489980067232e+00
1.517233290569396820e+00
2.015929769365253144e+00
2.112004941227639154e+00
2.079416455743909875e+00
2.038910243812721568e+00
2.397103170665467520e+00
2.047123254004018289e+00
1.940320072468034285e+00
1.907172135785532241e+00
2.050663904148268823e+00
2.004076537886152476e+00
2.090392896374901888e+00
1.989271691045861434e+00
1.940382832608866126e+00
1.796938026335909599e+00
2.231328380289331115e+00
2.338115869101311528e+00
2.116173655216614602e+00
1.652954119447812564e+00
1.462969204511730403e+00
2.024770886257021729e+00
2.224004699510322869e+00
2.340818414691484772e+00
2.303790399204234340e+00
2.054213188932580092e+00
2.686052384207261223e+00
2.347493133866848325e+00
1.850059818952366264e+00
2.141526113555638933e+00
2.334016431137300618e+00
2.089247488529937691e+00
1.730946992543757279e+00
1.463040765756479455e+00
1.724700374227843058e+00
1.297586064203486877e+00
1.308596252772173507e+00
1.947766024643724725e+00
1.895581026777287237e+00
1.787722193891678080e+00
1.556011370283981066e+00
1.805530637716976861e+00
1.562209868921251132e+00
1.356923492099957995e+00
1.289197212411950844e+00
1.659343132581873492e+00
1.595598753774536194e+00
1.824377045520798379e+00
1.687154403241592382e+00
1.656533913042149919e+00
1.288694854645363819e+00
1.499794258465551700e+00
1.329384247527091389e+00
1.694901395289193147e+00
1.644208794257850714e+00
1.873082457970130621e+00
1.843468260785743773e+00
2.027515414119846149e+00
1.737233433006953209e+00
1.438884263180543410e+00
1.567257196155999344e+00
1.589818728598975994e+00
1.417417870098163668e+00
1.215471863057998370e+00
1.474232781364203104e+00
1.804354249637427188e+00
1.615824893738004198e+00
2.091264475634175835e+00
2.138620537289549262e+00
2.213432912732812952e+00
2.270053225150256537e+00
1.870230994047089812e+00
2.408624853490955786e+00
2.156197078518848453e+00
1.546394810673149989e+00
2.191347394668376580e+00
2.082656890192110311e+00
2.112704204638423455e+00
1.832841030266008975e+00
1.941483643720810282e+00
1.605889631489141767e+00
1.727944061397655107e+00
1.956101854800645246e+00
2.008931036135926274e+00
1.737990290390627024e+00
1.601406807973333457e+00
1.416254454603544488e+00
1.683014938249448811e+00
1.580902691370773105e+00
1.544276679734757796e+00
1.558735338052231967e+00
1.784136249028136945e+00
1.639489553783849418e+00
1.532962634246670897e+00
1.898196429005339469e+00
1.516843490447209453e+00
1.601489687318548905e+00
1.694756587206930565e+00
1.758696258061787532e+00
1.940954063033726529e+00
1.797513503933415580e+00
1.723732302473214961e+00
1.390252238047986033e+00
1.616591887702354846e+00
1.294966998565046268e+00
1.527692976003990566e+00
1.886397470369487905e+00
1.591969002851900683e+00
1.768597518992378825e+00
1.786549538386211999e+00
1.676502125772093343e+00
1.287705078639331369e+00
1.401139186594760444e+00
1.655478156504480935e+00
1.640203481793377494e+00
1.704746210468648826e+00
2.056491047653571158e+00
1.811189977073748070e+00
1.822244666696584803e+00
1.678084900342412089e+00
1.802784700890763592e+00
2.085461259211027762e+00
1.991052587324628309e+00
1.918029600425389392e+00
1.567371293446673697e+00
1.966544016803327910e+00
2.095748742815731092e+00
2.074738323063390233e+00
2.083102875257830000e+00
2.038961230106064892e+00
1.724741467847665577e+00
1.704407204721721136e+00
1.916214385762086581e+00
1.967962400568264547e+00
2.082846897412151232e+00
1.943385120115244336e+00
1.992874146244385747e+00
2.021267629095775842e+00
2.049820828243953841e+00
2.072262220077674577e+00
2.091687927641359135e+00
1.638637417876678049e+00
2.147817354656559541e+00
2.147642236454251563e+00
1.893391955751663636e+00
1.921491027867714640e+00
1.847494408406382682e+00
2.249190515648570532e+00
2.275589299475304639e+00
2.093678692201665470e+00
2.398454766911109370e+00
2.362223153572995837e+00
2.414810601732153561e+00
2.495184260901360584e+00
2.415836655092976848e+00
2.319967170561090253e+00
2.058830388780312770e+00
2.205247982930162554e+00
2.603366578854996671e+00
2.165986530703680302e+00
2.045250559667547652e+00
2.203439880984209509e+00
2.627351149801655517e+00
2.504996569495737901e+00
2.305399963445447398e+00
1.804907301773983397e+00
2.020096970485203425e+00
2.427501626851435113e+00
1.950386965829648434e+00
2.041542803777795179e+00
2.403292632704498555e+00
2.352667978568968365e+00
2.232766609523405332e+00
2.133779784591574913e+00
2.020528504116152479e+00
1.808305627630833357e+00
1.584836327610262607e+00
1.464100411422879056e+00
1.294129478218164930e+00
1.210641876917862847e+00
1.484030167912093745e+00
1.449574520317394200e+00
1.692368065739831451e+00
1.710464662317866313e+00
1.608531171524586245e+00
1.836162819995505346e+00
1.645168368147203131e+00
1.841833773591977419e+00
1.791477546610128257e+00
1.333003168353105394e+00
1.316171981664311597e+00
1.278793580291433640e+00
1.446534565157931773e+00
1.760923028523300182e+00
1.982913943049149141e+00
2.213525240347468337e+00
1.945295494869436759e+00
1.827171154699319233e+00
1.918657496949466079e+00
2.361355832445394487e+00
1.784366884761244165e+00
1.890562739845024653e+00
1.744198193662029439e+00
1.486180475131680945e+00
1.571976313782141643e+00
1.639937367942589042e+00
1.889365148200823574e+00
1.854876661146990457e+00
1.834073308962891780e+00
2.110997844138930102e+00
1.873026919104458177e+00
1.607410798707468391e+00
1.215360858486876250e+00
1.580360979020373202e+00
2.132275802732468417e+00
2.403287258126992842e+00
1.588004084920590309e+00
1.895991104785593739e+00
2.104277620026662632e+00
1.881800161182965558e+00
2.037868185632830897e+00
1.690628320724708367e+00
1.591442687881189144e+00
1.380675609586375030e+00
1.379243837709301923e+00
1.448777491007066098e+00
1.407236497395789598e+00
1.445204072591342204e+00
1.800894744238531464e+00
1.856159342056902251e+00
1.871388832902095123e+00
1.558895598956012707e+00
1.437474539903760729e+00
1.564520569475284617e+00
1.415211418820423894e+00
1.460301629937617252e+00
1.708526258700984179e+00
1.920474991941787613e+00
1.442427144024627017e+00
1.500529141317566761e+00
1.814300981037903826e+00
1.641033291220927559e+00
1.916029892649374178e+00
1.918285013171819875e+00
2.329998618556337497e+00
2.178361257410819540e+00
2.012302424322434113e+00
1.941617900315952161e+00
1.853350756330816473e+00
2.230392356287051125e+00
2.044355629790879370e+00
1.808447068325170548e+00
1.405570098110205057e+00
1.716329902568134891e+00
1.836113617047221869e+00
1.724524928544670432e+00
1.480805702381498667e+00
1.504154945819587752e+00
1.786048215119129701e+00
1.646611010255174312e+00
1.528557183677900166e+00
1.852298454675169515e+00
2.182191780714855422e+00
2.273668585224305705e+00
2.085958093489669540e+00
2.675545313381680668e+00
2.397388398724947134e+00
2.395866573942885491e+00
2.366006061052251752e+00
1.906261834768753660e+00
2.321228340933176426e+00
2.309896842077573620e+00
2.335899169878466797e+00
2.314341040048029097e+00
2.237423089861708014e+00
2.011253622377162209e+00
1.978513861800969664e+00
1.642191979615416519e+00
1.639788462032075733e+00
1.683449232374157889e+00
1.673438617914211335e+00
1.437953693644887787e+00
1.585303352784103614e+00
1.691212120703787125e+00
1.901882599076134772e+00
1.666265479363721713e+00
1.601435060510864039e+00
2.138759566085936203e+00
2.238443101329586238e+00
1.968808239332993981e+00
1.980206180525134307e+00
2.155553992846822364e+00
2.126732178854961575e+00
2.372838621854537866e+00
1.985228747607708177e+00
1.586534588279983282e+00
1.883874263551931882e+00
1.702573445704030908e+00
1.890313556424568109e+00
2.125680232769526778e+00
1.708888514525802371e+00
1.878836660218236476e+00
1.706578961890800716e+00
2.088780818038495468e+00
2.237867801506276066e+00
2.329048435821153618e+00
1.979993733911033615e+00
1.437348919188976781e+00
1.927484578621603717e+00
1.870670926810131141e+00
1.884489970143771176e+00
1.309565295460365597e+00
1.476258880052763622e+00
1.844777077046620306e+00
1.692906939990238335e+00
1.450304821752475881e+00
1.454074792031500474e+00
1.652136604475758164e+00
1.327715156668278551e+00
1.332749017887762122e+00
1.107300489519365660e+00
1.244452488106283949e+00
1.470368736570148771e+00
1.499694554568334004e+00
1.597870188327733088e+00
1.221794979006936011e+00
1.392897439642428292e+00
1.749542994297952347e+00
1.609823311971338988e+00
1.429201101823857734e+00
1.492471699632671456e+00
1.509934868993374923e+00
1.644753731044205969e+00
1.690955694129343989e+00
1.796905461228458067e+00
1.844684044506308185e+00
2.056476897136493953e+00
1.717737981878644238e+00
1.884478635931406076e+00
2.055428013839363910e+00
1.642070147525267032e+00
1.853287276173676723e+00
2.036644171938397196e+00
2.030272507633543722e+00
2.118895232466734502e+00
2.158081878951221722e+00
2.343797421211879062e+00
2.079673001576817892e+00
2.119612001550549518e+00
1.889838723285391708e+00
1.544485264393167911e+00
1.571250620929110831e+00
1.395897880565942550e+00
1.475220037325531308e+00
1.507077063776417258e+00
1.351923908718025924e+00
1.507967394569631248e+00
1.510594137981167151e+00
1.230588653980019043e+00
1.402416791406076557e+00
1.513265768838994774e+00
1.923503967284485583e+00
2.387101183905488533e+00
2.166413097573356428e+00
1.921762116268264764e+00
2.014312560556369203e+00
1.809944905013931127e+00
2.018279011419742197e+00
1.779859396863232579e+00
1.713808252881217076e+00
1.870409399140875450e+00
2.196557847219063664e+00
1.698992411138129377e+00
1.773659690471630190e+00
1.741182539969101661e+00
1.763037646108713163e+00
1.879820378826750016e+00
1.858853745244287925e+00
1.940536845909845987e+00
1.766156177015779427e+00
1.886786003327618921e+00
1.460210517217353399e+00
1.513059262569499408e+00
1.379841894356547582e+00
1.550146109528345306e+00
1.227171688863126331e+00
1.429237553904480595e+00
1.373058285781248777e+00
1.689224326561337808e+00
1.647657094381307363e+00
1.786745208138016627e+00
1.805798809861737908e+00
1.787274596639347513e+00
1.920345901494005636e+00
1.996953437708521184e+00
1.620530370081413096e+00
1.496454120050661807e+00
1.910226184140761951e+00
1.887563613173115717e+00
2.150461935732723706e+00
2.027831792896810814e+00
2.203997300768646639e+00
1.562143428365331488e+00
1.433682372768011692e+00
1.533044709307068709e+00
1.863224364800650124e+00
1.824992438343552736e+00
1.759300768971835627e+00
1.340770316149436425e+00
1.283293527084121921e+00
1.432143417355266735e+00
1.591364173896585577e+00
1.566332109083062418e+00
1.569021233594790399e+00
1.594562966469346144e+00
1.611126464717048457e+00
1.448080628551926097e+00
1.330948257808841184e+00
1.498597130057953919e+00
1.799538995500612693e+00
1.945695413907081672e+00
1.766086797184114765e+00
1.770278841218222654e+00
1.647315435022398411e+00
1.936451556101387528e+00
2.032385810981658381e+00
2.104726020518015162e+00
2.103186549154015150e+00
2.002479258676589158e+00
1.602259738256715638e+00
1.331400740916925507e+00
1.438983244799643346e+00
1.587587879704102312e+00
1.434431355700653610e+00
1.970417868682263096e+00
1.963433848643874713e+00
1.904963808132420056e+00
2.236724560000003859e+00
1.780007997544215570e+00
2.023634903587701483e+00
1.975694412561309399e+00
2.143089086426970269e+00
2.058900545968860296e+00
1.993533395198568092e+00
2.071489699877710144e+00
1.912320518244072787e+00
2.476826358741471168e+00
2.445238560406147954e+00
1.797654766201523202e+00
1.478915471747275223e+00
1.312505661519085320e+00
1.347792146029666682e+00
1.155934022360920688e+00
1.233547127515355113e+00
1.778781615366957114e+00
1.463980860921877403e+00
1.845435641117257219e+00
1.731247013491564291e+00
2.080207469645888985e+00
2.021623784904124310e+00
2.023699574206932805e+00
1.685475605759092943e+00
1.534565004735848559e+00
1.270120562050041757e+00
1.171135575776264259e+00
1.274247666927142308e+00
1.458485789350915107e+00
1.460422330700835047e+00
1.622064714562833077e+00
1.817069247138229038e+00
2.378166133597170440e+00
1.958130031557003825e+00
2.035037691807656923e+00
1.946551530414397879e+00
1.919587568839915992e+00
1.289963950756009226e+00
1.310516481404115696e+00
1.758568519677949471e+00
1.919987047259801960e+00
1.799406170084030698e+00
1.627973191011114595e+00
1.383872187447643398e+00
1.472460567090500883e+00
2.290567895058747805e+00
2.077361893046372643e+00
1.842937507730260993e+00
1.947005333349247636e+00
2.148714984439167974e+00
2.375858859582113070e+00
1.967016306699388428e+00
2.185180189237408754e+00
2.152861324791001341e+00
1.975240628280823252e+00
2.095278844543019936e+00
2.011758437586956827e+00
2.178839794376887795e+00
1.865495655833754540e+00
2.169024551703021775e+00
2.026899902762806516e+00
2.190885548908270142e+00
1.747894764969352144e+00
1.830237250677543948e+00
1.814850188513127183e+00
1.753235586940105284e+00
1.660383792183145246e+00
1.524111834496354678e+00
1.580753847897571340e+00
1.668036962103411014e+00
1.580635064112768218e+00
1.513378636640934971e+00
1.725953244060842495e+00
1.431337082283197670e+00
1.659929806842764810e+00
1.663891576344374235e+00
1.842918577929118173e+00
2.106647723568496833e+00
1.954674310805384785e+00
1.696141390102543944e+00
1.600715826967733735e+00
2.052297009642492842e+00
1.962627293754293234e+00
2.122115499063696120e+00
2.122930272093397797e+00
1.851895126965700689e+00
1.915320297219026635e+00
2.019392612495879202e+00
2.123996837484689149e+00
2.004717757773959885e+00
1.750778709762793817e+00
1.997496529617301952e+00
1.524492989145793675e+00
1.370284528418191705e+00
1.463501690308963266e+00
1.364669358250894193e+00
1.146301719164457555e+00
1.692585096829573033e+00
1.679259434834195375e+00
1.409303794709958035e+00
1.520126077423888056e+00
1.467052809557105597e+00
2.073654445544416358e+00
1.731438649533557417e+00
1.327660010947878222e+00
1.627757164027585635e+00
1.332910097107409486e+00
1.259488544479560046e+00
1.759463604222975652e+00
1.763580338122102020e+00
1.652110992057704841e+00
1.523890605973289958e+00
1.247409967401841957e+00
1.298449310714147709e+00
1.314856542126634720e+00
1.417482723526898525e+00
1.400311964919846552e+00
1.557700266473918793e+00
1.089901523956845253e+00
1.390909676874607870e+00
1.289389098530638433e+00
1.558000968030200939e+00
1.520480046087524073e+00
1.488142590131410481e+00
1.837285718997364814e+00
2.156582576326958378e+00
2.087895011617509677e+00
1.975752140781844135e+00
1.917243531978678694e+00
2.052863613211169724e+00
2.037419540434183940e+00
2.239210034281177819e+00
1.915455544959406398e+00
1.908983017484054301e+00
1.515892025259710785e+00
1.538826283542158890e+00
1.877619026858703410e+00
1.973733312481169122e+00
1.634502166051994498e+00
2.385390719733777143e+00
1.898116073944865922e+00
1.786793734128562239e+00
1.761320820454808533e+00
1.919827285577832221e+00
1.864442381351444356e+00
1.485302474919116378e+00
1.641665935658332076e+00
1.734652396428371990e+00
1.842986889021726915e+00
1.891256931206651393e+00
1.633267667475529095e+00
1.230855507733672916e+00
1.309099908012614222e+00
1.396827004637467118e+00
1.286323553321540691e+00
1.594791806700265546e+00
1.946518828869620465e+00
1.858604131407007420e+00
2.163616466188897025e+00
2.340320562594209175e+00
1.983524006112558524e+00
2.054378274866697662e+00
1.905888649777837562e+00
2.074988057834502797e+00
2.124877074647465225e+00
1.740072290880406713e+00
1.952403619195048678e+00
1.902231751616100697e+00
2.100080282228184103e+00
1.763728695722412754e+00
1.556537939147900618e+00
1.564614109822251908e+00
1.453605275688327092e+00
1.393852851416432337e+00
1.488705055341280836e+00
1.657866967473465625e+00
1.745860708178162968e+00
1.495434786107499914e+00
1.694433117337423411e+00
1.517398708438764121e+00
1.423576040866045833e+00
1.382789299307177089e+00
1.565680237928378737e+00
2.578690692726360201e+00
2.690472003082566399e+00
2.495692834242739799e+00
2.634798657018972534e+00
2.042457032861943134e+00
2.444687146122139332e+00
2.588335851828089673e+00
2.438031512105743648e+00
1.882705519146584683e+00
2.249414542066713540e+00
1.940302719237993578e+00
2.082867573243917914e+00
2.156279283116000034e+00
2.222306666979850132e+00
2.496172721196372013e+00
2.229311749170340917e+00
2.344209148559507572e+00
2.244313162451052612e+00
1.821860549169437071e+00
2.060427840707338198e+00
1.613103952430344767e+00
1.852911670858040871e+00
1.743331994765425996e+00
1.770459193764708505e+00
1.735184790342894523e+00
1.484516911495905145e+00
1.331690507893616759e+00
1.663686793690549282e+00
1.789970690191692304e+00
1.706849685195183541e+00
1.558206375512371844e+00
1.857832073278887108e+00
1.827518237476675855e+00
1.549504622502907658e+00
1.333139953603131422e+00
1.483312627784485915e+00
1.648407088733538473e+00
1.272041167334573508e+00
1.279998882412410000e+00
1.581628485228841141e+00
1.422235286573113378e+00
1.627124475859124786e+00
1.491296827160191629e+00
1.547981061858266116e+00
1.337772287992142761e+00
1.318549943983295725e+00
1.447802435700664914e+00
1.156240553816502592e+00
1.389840940569834871e+00
1.688317362060506088e+00
1.604111543198268208e+00
1.411534755730704527e+00
1.459515933382049990e+00
1.440266235770212955e+00
1.468708239334885812e+00
1.952275240468375861e+00
1.888235904838144741e+00
1.527833803742831842e+00
1.254931677465002338e+00
1.268678648326061698e+00
1.215467606743827922e+00
1.352671602004065221e+00
2.104252093590202932e+00
2.012563426606281514e+00
2.026155229315613315e+00
1.691806045501983213e+00
1.623076283604171000e+00
1.811068356435766802e+00
1.536102816840936303e+00
1.271929818385480804e+00
1.347191184988542290e+00
1.858396851382940085e+00
1.731667724117747387e+00
1.806295203891182588e+00
1.477890050004574185e+00
2.023505045257250945e+00
2.261316987322482319e+00
2.105985582803576950e+00
1.997320823398427869e+00
2.314997455846835361e+00
2.400227524991064953e+00
2.328531842831057741e+00
2.440548289890413614e+00
2.448320694769630990e+00
2.248400774638731558e+00
2.476749406757198457e+00
2.446051982091041133e+00
2.312243752877037650e+00
1.885750432750956440e+00
1.742885309173319630e+00
1.729158220164344506e+00
1.665137781406865969e+00
1.531457078847628495e+00
1.502753436354094863e+00
1.718039104029358999e+00
1.589395138368677074e+00
2.068286199861812502e+00
2.134071685107666649e+00
1.743937379434948198e+00
1.441165198471378028e+00
1.736869753812605666e+00
1.426751325897956724e+00
1.876083257526373504e+00
2.139495993775067273e+00
2.307990280472423272e+00
2.251799806030518880e+00
2.274217767190894524e+00
2.386439667245639384e+00
2.252762847137925739e+00
2.023160729413837178e+00
1.212710417106394489e+00
1.387550041186640382e+00
1.488116084298152897e+00
1.567795694616623159e+00
1.920659165056870066e+00
1.894006654732760753e+00
1.920003546408273198e+00
1.812936583124697965e+00
2.577544754591861054e+00
2.130239922818667253e+00
2.492721871762785923e+00
2.376496408631318502e+00
2.158750551135555362e+00
1.733743480079995791e+00
1.719638383836834095e+00
1.399965787423226971e+00
1.310393362229379077e+00
1.617914580371486721e+00
1.708539605787512405e+00
1.920831813803137056e+00
1.647178251965263129e+00
1.432480665931377350e+00
1.754948550536392204e+00
1.709032544421290156e+00
1.690385325086563029e+00
2.002370881856991414e+00
1.985469765357783078e+00
1.988127043792906834e+00
1.781207636988081155e+00
2.042787648455904215e+00
2.132886323967952968e+00
2.304309044131338968e+00
2.028057186111082100e+00
1.962082901084952757e+00
1.894107342924780557e+00
1.338185130362386177e+00
1.548611405984760436e+00
1.628517023959370480e+00
2.294709385763729514e+00
1.940175805999991843e+00
1.993991624175521782e+00
1.610338200979025691e+00
1.757150781337987189e+00
2.025321500655907325e+00
1.942219531344367756e+00
2.124518726973664950e+00
2.013947630316330173e+00
2.085957169718689386e+00
2.102666822769334143e+00
2.344082745075623642e+00
2.557670982949325822e+00
2.119798598724731420e+00
1.815809731410972461e+00
1.360839176483777280e+00
1.539351177233462264e+00
1.995898973372232099e+00
1.915878598074260530e+00
1.701942004637954531e+00
1.432036130211899128e+00
1.413831389444449860e+00
1.856901672677898407e+00
1.906352793039559845e+00
1.650673406497234597e+00
1.421921866688678149e+00
2.127190400540046156e+00
2.101329951839010945e+00
1.675300555979251094e+00
1.502292678457154862e+00
1.669048709757332993e+00
1.478264190376433973e+00
1.533036049513107235e+00
1.694983388428759952e+00
1.633992798174871641e+00
1.956402475380910166e+00
2.195988053799029505e+00
1.892874302189742508e+00
1.987747237006040724e+00
1.666911365517071308e+00
1.835805259027183611e+00
1.952682514662750890e+00
2.199901762022885787e+00
2.193117846579752506e+00
1.989020428850637234e+00
2.114554022659896670e+00
1.878967294724757098e+00
1.716632608335821208e+00
1.796242490731942754e+00
1.689454893815342418e+00
1.708334927120137126e+00
1.674059107535538438e+00
1.601216005731012970e+00
1.396314704234324466e+00
1.087043453067892740e+00
1.189579273445384944e+00
1.505162517467472538e+00
1.529111785060029760e+00
1.487804637869154512e+00
1.369124580393147772e+00
1.256361810174757787e+00
1.592845396373074429e+00
1.699983141455667868e+00
1.677907656980067941e+00
1.593681603270970637e+00
1.654005257154314679e+00
1.378644623003817404e+00
1.706396137870806129e+00
1.580569105488321080e+00
1.760434333465615842e+00
1.427174709860410617e+00
1.516139207687303259e+00
1.236448177554620331e+00
1.600104900316544843e+00
1.565552030436221820e+00
2.025593533526703016e+00
1.982902816388647738e+00
1.858959606229903194e+00
1.854584077375274420e+00
2.207190733993829479e+00
2.139656197098402490e+00
2.104104265838952159e+00
2.259851266144533355e+00
2.175351944547927019e+00
2.046017419141937577e+00
1.680499231666354731e+00
1.993427948818618622e+00
2.106232822966546347e+00
2.017758787197491355e+00
1.813029019144555720e+00
1.544404348784723879e+00
1.872415389440182487e+00
1.850688618867805779e+00
1.840400710175474464e+00
1.714023797108370495e+00
2.205427495240201541e+00
2.079153555347395876e+00
1.942579022733135208e+00
1.863500224400002070e+00
1.701567299900413666e+00
1.626471816314698948e+00
1.573208951540519207e+00
1.401676643453236615e+00
1.377022718817135338e+00
1.355725956343420080e+00
1.407834140767398434e+00
1.468644516490596352e+00
1.736637231597678799e+00
1.784545983814409542e+00
1.777703992553606227e+00
1.722114996384663588e+00
1.894850758441143812e+00
1.845089971230909898e+00
2.017896759969413978e+00
1.921579368517702280e+00
1.982426562641881107e+00
2.073500009096684416e+00
1.812590400017332959e+00
1.899841170501562537e+00
1.893933066576755753e+00
1.921462036475768187e+00
1.667984411286645985e+00
1.464807081907836483e+00
1.810229778291160718e+00
2.012989911694137213e+00
1.777333478611507367e+00
1.941723786624580228e+00
1.953288825537573103e+00
2.213593238312153044e+00
2.026528534605096077e+00
1.746291983132890024e+00
1.725743847681381116e+00
1.718133314248598387e+00
1.487063774914786585e+00
1.222314916768204363e+00
1.543401530036685010e+00
1.435758110535164889e+00
1.277106889861580497e+00
1.494265801788179360e+00
1.438653099448024442e+00
1.535282958886575955e+00
1.901732587960682785e+00
1.751882347560674846e+00
1.668975764906426740e+00
1.970242877016120886e+00
1.875831705815924622e+00
1.897368692488414554e+00
1.582799332600342002e+00
1.679857336715940619e+00
2.028352287841618029e+00
1.947865145639997797e+00
1.899018873277729558e+00
1.930600945091106801e+00
1.896692291324247215e+00
1.934977687984447137e+00
1.738583558232423387e+00
1.785976982993261464e+00
1.862114839364354513e+00
1.365904167083634713e+00
1.216009605935848947e+00
1.311866740657936958e+00
1.428453108807584249e+00
1.310598863794057767e+00
1.161007341284945316e+00
1.602025309268842568e+00
1.798432424674392571e+00
1.628614237508316798e+00
1.413582148889739099e+00
1.590503535570626736e+00
1.493034139558389262e+00
1.471268511197871831e+00
1.324097127445748701e+00
1.425813344440751695e+00
1.177246524505693781e+00
1.435635922445873014e+00
1.491329702436608340e+00
1.559472844967572991e+00
1.646003268204895509e+00
1.486072498469571901e+00
1.824014201888086717e+00
1.758495212026183641e+00
1.729725212358000697e+00
1.725783457809179300e+00
1.946311908559357207e+00
1.772588635216450159e+00
1.976424158270474241e+00
2.226894147366423660e+00
1.942434009758211122e+00
1.556058171194346196e+00
2.079893427981937659e+00
2.022241187083009262e+00
1.993401478702080842e+00
1.647069619724123246e+00
1.553562189445704789e+00
1.709063359824898320e+00
1.709209244293903529e+00
1.776904751667271798e+00
1.618220513259320814e+00
1.421297690610292763e+00
1.368961371418345951e+00
1.453393110169071800e+00
1.200551842085403109e+00
1.533274061762575968e+00
1.561586058751524009e+00
1.515857989588203170e+00
1.250989401038101745e+00
1.426105832166459031e+00
1.793016428192325096e+00
1.727441498246684803e+00
1.617339768269008493e+00
1.726982664913863985e+00
1.392428329086142336e+00
1.265143635893945628e+00
1.332491670436037223e+00
1.328143137199194079e+00
1.552956650772918445e+00
1.374492123168343127e+00
1.831474880344853062e+00
1.884954903407921378e+00
2.162349347899250152e+00
1.804034342895842302e+00
1.829954454955642351e+00
2.109448067510514502e+00
2.105413282040033085e+00
2.021159221849911258e+00
1.858279952226070009e+00
1.660922613733922804e+00
1.502398199855591976e+00
1.442590252365482772e+00
1.408742917462255662e+00
1.486820188415782340e+00
1.592402401477910567e+00
1.326503300254822104e+00
1.613111677588096926e+00
1.404309670395329723e+00
1.565869228775443878e+00
1.281614791014920485e+00
1.160580985413345090e+00
1.549839423840215780e+00
1.522297190505759401e+00
1.931221597289994651e+00
2.298223745550534769e+00
1.943019029845071577e+00
1.864862585463268108e+00
1.753184279287939296e+00
2.007899685639905396e+00
1.739168160989055245e+00
1.758549016228364792e+00
1.762827898475400890e+00
1.414073606014869089e+00
1.319860324587661449e+00
1.415996728989870945e+00
1.245282614646685770e+00
1.273344422077537619e+00
1.193598720063789642e+00
1.397809936078133308e+00
1.777712408276195255e+00
1.494255282526125717e+00
1.646001682133853894e+00
2.116832464614809339e+00
2.446482279662501647e+00
1.564397965007572555e+00
1.655956214845627272e+00
1.735329338610035466e+00
1.371984409089828771e+00
1.343935718798337176e+00
1.638414004399927792e+00
1.958772100185972143e+00
2.191340464632255181e+00
2.123512653615893697e+00
2.140800849972479991e+00
1.942297503297963690e+00
2.121285356568301417e+00
2.269747742504532262e+00
2.091977894606970256e+00
1.487807706465520852e+00
1.155800160899731477e+00
1.496938792927143824e+00
1.318496123448860358e+00
1.618425691516463649e+00
1.889352493875020800e+00
2.068101059654370744e+00
2.282209224047492935e+00
1.741835795196975401e+00
1.690356525423248657e+00
2.226505652361516319e+00
2.510190025183797857e+00
1.998440520462136938e+00
1.677727788793829111e+00
1.599145605154881133e+00
1.905814206234093255e+00
1.563009880392308926e+00
1.752349383607365141e+00
1.524431281956719841e+00
1.590152964288636506e+00
1.940359366240318684e+00
1.749178066038839852e+00
1.568784706047572808e+00
1.839853046712325524e+00
2.155483830659023603e+00
2.295090814392084066e+00
2.102049551996979737e+00
1.931131428038649123e+00
1.723431549592467027e+00
1.600225616422709995e+00
1.514558157927524018e+00
1.344311082945995883e+00
1.887464527847988682e+00
2.107746823540632697e+00
2.226153859569174553e+00
2.085638460850538944e+00
2.110668733311783285e+00
1.990469669196204938e+00
2.050053826733145179e+00
1.689192789054029475e+00
1.589659682818244102e+00
2.136983443604203448e+00
1.758238498448986054e+00
1.966386447365213286e+00
1.915153264384855447e+00
1.643046306984237592e+00
1.703364596845185375e+00
2.043884450099273664e+00
1.707473894328319863e+00
2.239287011159999174e+00
2.030320595936618844e+00
2.052918878948092551e+00
1.709065449272565651e+00
1.890876284914929428e+00
1.676406547336609654e+00
1.706592595655856748e+00
1.759162876396894282e+00
1.828169717471500366e+00
1.672387773223603435e+00
1.793402233162188386e+00
1.652672711964280117e+00
1.681132328112140417e+00
2.053857351658138430e+00
2.328267429861528015e+00
1.943596107290759711e+00
1.800907291054661519e+00
1.849767036253988195e+00
1.833323887411922204e+00
1.673396855866571942e+00
1.448531035395997257e+00
1.436084205813520365e+00
1.526079217088525564e+00
2.195831416641268685e+00
1.702440957520141573e+00
1.752793167947776398e+00
1.887470567029736701e+00
1.870138616480962801e+00
1.812045197587067946e+00
1.315267368012428051e+00
1.568163623477548008e+00
1.682886002825273453e+00
1.776172732988223091e+00
1.791752421340378154e+00
1.997750969324525450e+00
2.039390907768130035e+00
1.845417415379052350e+00
1.793790917114554295e+00
2.211808018507945395e+00
2.323738392153197552e+00
1.902635899262198338e+00
1.758388762364332836e+00
2.125621839824852088e+00
1.804535106455728455e+00
1.458861732083504670e+00
1.565247375607079938e+00
1.543796408719748214e+00
1.556416054742670418e+00
1.257334929583477479e+00
1.313902637449016142e+00
1.482693572128327197e+00
1.478355980421605764e+00
1.488028151595384152e+00
1.624106057516390145e+00
1.447502374106389489e+00
1.630731372908672316e+00
1.164941769453198939e+00
1.537009992474992259e+00
1.618155113149359225e+00
1.662659873040499114e+00
1.582715448720396934e+00
1.612564379068492038e+00
1.374012528522919663e+00
1.393856175408440201e+00
1.484445076764833615e+00
1.511658295604985325e+00
1.852383799787115537e+00
1.775810013902001661e+00
1.643346990280663222e+00
2.112927990449750215e+00
2.706050226157830085e+00
2.336969199480548820e+00
2.483562562911565408e+00
2.273391117968615927e+00
1.927461692406318594e+00
2.015833566731548565e+00
1.620338938258646166e+00
1.584493728110446087e+00
1.568164722630199570e+00
1.454890483150640179e+00
1.755526152068657808e+00
1.719249604715349822e+00
1.579737669048647319e+00
1.352613528913239271e+00
1.697845322345828967e+00
1.594626507901552026e+00
1.724732369952768130e+00
1.762015804643288774e+00
1.794978297807028556e+00
1.715470253690122959e+00
1.927789259998997640e+00
1.593644638190744756e+00
1.597052572852782903e+00
1.669088538291033874e+00
1.349945635642005648e+00
1.378573536345876649e+00
1.454480465053828553e+00
1.493214506225129190e+00
1.737707117800076251e+00
1.500031800163337703e+00
1.882152596041530845e+00
1.891372701814824753e+00
1.906906981360932285e+00
1.768895417544458670e+00
1.837259235484357323e+00
1.953829964442112432e+00
1.962462806220837797e+00
2.080828358880598028e+00
2.317718134556333798e+00
2.062146416359765588e+00
2.221449670063781578e+00
2.136449591652868740e+00
1.992648142308353076e+00
1.792832673077669359e+00
1.739758532882596853e+00
1.588568138189922152e+00
1.719551490052644516e+00
1.709019443361808444e+00
1.734296057132744373e+00
2.197515143898530088e+00
2.097530514529384327e+00
2.132554773319950581e+00
2.115205189094164773e+00
1.590088018501117695e+00
1.575650530367886271e+00
1.864403018798349798e+00
1.530296144158261207e+00
1.572572416644318238e+00
1.523401901441675310e+00
1.662131372335414525e+00
1.620135431468018972e+00
1.764203362624011895e+00
1.761499388341888794e+00
1.923111781605182147e+00
1.848267087349631410e+00
1.887848228334954914e+00
1.788837740864239967e+00
1.923492199275412595e+00
2.193794531867472308e+00
2.128688069842398445e+00
2.379301431847188564e+00
2.345487580827135154e+00
2.561072386684815516e+00
2.370838286379282067e+00
1.934168773345783299e+00
2.061043206381104831e+00
2.135344580351987709e+00
2.437148666591360424e+00
2.503846832246696241e+00
1.828726949151241898e+00
1.652299520050043213e+00
1.891865739830886017e+00
1.763039225897112816e+00
2.402553155570553489e+00
2.206790010024907822e+00
2.049392089343814227e+00
1.519287829854865546e+00
1.412979336563796595e+00
1.439507121906625553e+00
1.681357857544883316e+00
1.723250811047346565e+00
1.710423122678861096e+00
1.785730669467891163e+00
1.849045469947320219e+00
1.874442054184286111e+00
1.881193724894584918e+00
1.525165540849267476e+00
1.663142138685711480e+00
1.830615615472834357e+00
1.694863690162717207e+00
1.765034514551527156e+00
2.077075204616387616e+00
1.519199205598416924e+00
1.599810679634464883e+00
1.565784163622330416e+00
1.574950272708871779e+00
1.796124838280388492e+00
1.607483242259618805e+00
1.620297028926417582e+00
1.724576192693311860e+00
1.709266367722331870e+00
1.447323139789183921e+00
1.746069117143132843e+00
1.729695232609439248e+00
2.003137621221402043e+00
1.762879653630987420e+00
1.544849682967868176e+00
1.750389030045215399e+00
1.739482853895500059e+00
1.973600313963921327e+00
1.723240530909837975e+00
2.317311315311992637e+00
1.884925373290906370e+00
1.874137927748994237e+00
1.580306516920491511e+00
1.264938852343711950e+00
1.498303721775549047e+00
1.783292468706746625e+00
1.730518064034220815e+00
1.642396856792367688e+00
1.619938526339203655e+00
1.461481919495464465e+00
1.393962153100964940e+00
1.495612300137192374e+00
1.453441757545831603e+00
1.724466349710250590e+00
1.585638271099463426e+00
1.585042829410870935e+00
1.722179750033509649e+00
1.697169077340047849e+00
1.656347062363385580e+00
1.708952794535131048e+00
1.628231009183850553e+00
1.402342774332465458e+00
1.309480081277552443e+00
1.395105913660251495e+00
1.217629787830595056e+00
1.327978647931182810e+00
1.497353822451092720e+00
1.879049520404739715e+00
1.911681099142174212e+00
2.410769742839971919e+00
2.366096125612962897e+00
1.954018460174700600e+00
2.118066882171419252e+00
2.286497927561998100e+00
2.033604857115157483e+00
2.093291893183232055e+00
2.066475432613775087e+00
2.041070078887833983e+00
1.840913314589517569e+00
2.230184436703749551e+00
2.136772247869364261e+00
1.804565392304954941e+00
1.580186033595233575e+00
1.598202848918653274e+00
1.551939043734896773e+00
1.253136413305905750e+00
1.612604713299647718e+00
1.561552409558215171e+00
1.614332237884049892e+00
1.717763920740429162e+00
1.797756095280796274e+00
2.167478942228302508e+00
1.949261393471309667e+00
2.090737338699728110e+00
2.606196941722666249e+00
2.616040136762690427e+00
2.406229986191855463e+00
2.304332776246603487e+00
2.454730204764501433e+00
2.391981820233362921e+00
2.689202644389601105e+00
2.266096732289848870e+00
2.389005663350350694e+00
2.304741652291547815e+00
1.858344668967964131e+00
2.011140382350022460e+00
1.808655135101396638e+00
1.383923241134679571e+00
1.867699686627778410e+00
2.124253454489739124e+00
2.175282744844760696e+00
2.012054248132504775e+00
1.817888511725747724e+00
2.197877477357778275e+00
2.326474085764819399e+00
1.886696023084459162e+00
1.448785487647489489e+00
1.326340497176293098e+00
1.728641843497010333e+00
1.929530388288408949e+00
1.934024614388232255e+00
1.437623169775698484e+00
1.701850775179523101e+00
1.698771558768767509e+00
1.575893272762441732e+00
1.517553643556269760e+00
1.467122805131671592e+00
1.450198595676042812e+00
1.734172043321321910e+00
1.690436035701909034e+00
1.775633226935167785e+00
1.736481641169812740e+00
2.222516204895727210e+00
1.931939087170818414e+00
2.385975023741671475e+00
2.306629942222891749e+00
2.325568463984127643e+00
1.970375138063108267e+00
2.069924350908316502e+00
1.910697785563240547e+00
1.912054953606737717e+00
1.685542498959660129e+00
1.385453142767076429e+00
1.520331408584122634e+00
1.698371974665747075e+00
1.967717010535604105e+00
1.861277334177241505e+00
1.506242453807290493e+00
1.622586101376368051e+00
1.494705905701044335e+00
2.128684796647414945e+00
2.067852056844601716e+00
1.873931863093381445e+00
1.790674789674101763e+00
2.230496038522135294e+00
2.290244590375789091e+00
2.185988133846768822e+00
1.675033258174943418e+00
1.780427053370688073e+00
1.833786211946808908e+00
1.329931521118942861e+00
1.587726076635510131e+00
1.714838785004358046e+00
1.584310127004564750e+00
1.250221703407961460e+00
1.485321846849811944e+00
1.413120495119102316e+00
1.640823347956897438e+00
1.640070467221201644e+00
1.641223441762708291e+00
1.522461658069248047e+00
1.603776433174171068e+00
1.463010117538661392e+00
1.388313148514897399e+00
1.314073906266905567e+00
1.284149419508985090e+00
1.269532078302208156e+00
1.395020177466523847e+00
1.543033054829676232e+00
1.633451471484312911e+00
1.699186905098385880e+00
1.562650186184046053e+00
1.606393296313498587e+00
1.623720046268375405e+00
1.816074354317695594e+00
2.062358001719901690e+00
2.281892547026896700e+00
2.643764715043547930e+00
2.252118208261505217e+00
2.213553611242585095e+00
1.801832489905632162e+00
2.322540336532234129e+00
1.814835982481459276e+00
1.182357631854725311e+00
1.606076426927671053e+00
1.623351280079858627e+00
1.734993845068703910e+00
2.188552882657092358e+00
1.756013806879947570e+00
1.813583374231331424e+00
1.552292698595831411e+00
1.652069009912135789e+00
1.731262402337275574e+00
1.701739536867223679e+00
1.721331203275543675e+00
1.897831199764638432e+00
1.317905293206514949e+00
1.629032198555160793e+00
1.635931797825801226e+00
1.627478111389028870e+00
1.632444012028027691e+00
1.332721177356382070e+00
1.087914824089480037e+00
1.326200542614917488e+00
1.680589497803825161e+00
1.650248236601770335e+00
1.686181047189612148e+00
1.713738343546630905e+00
1.801457036535622613e+00
2.243405087639474438e+00
2.071954970119599171e+00
2.290290416764198422e+00
2.083426547443553822e+00
1.889694470752137256e+00
1.955870752454819339e+00
1.484456356869812588e+00
1.270090136263953617e+00
1.642711349629450091e+00
1.956250804458255388e+00
1.928807064764931356e+00
1.865535942003779368e+00
1.734668428880255409e+00
1.488181381400850656e+00
1.444354480509187688e+00
1.223049515907058682e+00
1.550070506906954471e+00
1.697689316329133780e+00
2.026594651168232453e+00
1.785896806236968004e+00
1.917389620438914921e+00
1.659023379318179670e+00
1.630504231164195295e+00
1.906850176195900914e+00
1.831042438848404119e+00
2.217977163790466388e+00
2.098352628344897219e+00
2.357001069090717493e+00
1.876475028517782917e+00
1.419092534819488494e+00
1.865719436794156527e+00
1.879741344740327946e+00
2.050448443783801089e+00
1.996829208386122545e+00
2.265359063338988843e+00
1.676859300613637194e+00
1.661164107744635521e+00
1.696687796097527956e+00
1.758904103839741495e+00
2.193462788394598295e+00
1.567037007804496618e+00
1.684298035073966027e+00
1.612428499024198381e+00
1.336320815225216396e+00
1.296281711440655515e+00
1.285659404498712854e+00
1.167816352734037055e+00
1.548615253970374361e+00
2.104100165167017700e+00
2.077059064091390628e+00
2.279092164741009618e+00
1.841894052465225862e+00
2.438263146568480533e+00
2.152913783217685229e+00
2.118332178356366224e+00
2.452381635258446213e+00
2.058874444843212359e+00
2.537882224824467681e+00
2.498010875322996149e+00
2.295879840272634809e+00
2.000828288079995243e+00
2.020169374093650827e+00
2.100850954110106361e+00
2.341301924173030624e+00
1.861202016759428535e+00
1.436767387448794508e+00
1.584168980339384358e+00
1.769655473436164250e+00
1.856243215947094516e+00
1.724106057172804629e+00
1.814458229316816329e+00
1.777775869116139162e+00
1.864815251377471172e+00
1.751178858370140423e+00
1.645034679886430595e+00
1.492857141651827035e+00
1.508640596885519214e+00
1.485914945702903944e+00
1.846182032031220999e+00
2.019456667950874529e+00
2.022632094613029619e+00
1.748834140505850288e+00
1.908236818758656916e+00
2.046153321196273023e+00
2.359658762015094613e+00
1.932843300935724207e+00
1.649654666031002526e+00
1.477781373240826035e+00
1.645073380709033417e+00
1.859569086231726232e+00
1.458128214812505430e+00
1.347889925091522167e+00
1.386890833952258539e+00
1.227872358319534118e+00
1.467788050719099679e+00
1.444332796897635163e+00
1.422301025098910099e+00
1.511778872620913372e+00
1.241095751782271384e+00
1.231579285501994914e+00
1.383617063770376632e+00
1.232542770887285144e+00
1.611290330600788412e+00
1.659724265593918391e+00
1.489049790485350799e+00
1.561597697356430725e+00
1.387168913972045337e+00
1.401758634923661484e+00
1.686455236336340313e+00
1.778209232630089121e+00
1.779843996900886127e+00
1.649945936858187467e+00
1.700136423338372227e+00
1.672565833218776721e+00
1.396979948266837912e+00
1.321069970548351957e+00
1.619316500781431634e+00
1.558740115943197724e+00
1.311832419245334336e+00
1.841054686021745157e+00
1.912941917614606524e+00
1.971578285218454241e+00
2.323470525590808133e+00
1.918267335289282505e+00
2.114749315122857798e+00
2.558724905544095041e+00
2.543637642503048468e+00
2.158211269309397551e+00
1.788512288534009675e+00
1.739002000353108812e+00
2.235753320219222129e+00
1.937651050938085540e+00
1.761627824669951936e+00
1.614760084584716315e+00
1.832735368339837301e+00
1.519972699706075625e+00
1.303597007790763929e+00
1.214966659298482021e+00
1.341080391293369090e+00
1.279706489644395484e+00
1.701827643287655567e+00
1.632646905854587160e+00
1.525891381732142449e+00
1.439804539923833282e+00
1.633336414594928065e+00
1.900606761441583803e+00
1.551983951176236998e+00
1.924184588429859177e+00
2.011109421349241089e+00
2.029380855096288627e+00
2.227076874437541321e+00
2.144355349231889196e+00
2.024771057520101447e+00
1.861285379310313459e+00
1.555348482916675934e+00
1.579723285623998663e+00
1.751411969731251350e+00
2.345242789743323009e+00
2.358655967131990661e+00
2.207183586572103451e+00
1.733075046675073283e+00
1.911112530152012212e+00
2.112998107841584261e+00
1.940229068500868737e+00
1.831740566519187485e+00
1.754142594128548893e+00
1.398037832005460279e+00
1.487358191269171570e+00
1.662654593131557723e+00
1.506165838328313633e+00
1.648582475861773977e+00
1.464104941623229461e+00
1.612968201200165597e+00
2.030160227575462883e+00
1.883447803884180871e+00
1.924049206133090939e+00
2.495376997587537726e+00
2.589063616743283447e+00
2.025630002868374913e+00
1.639245545225544776e+00
1.593402969450758100e+00
1.520827947323242668e+00
2.079412340832803352e+00
1.978982976190862164e+00
2.101481295294350016e+00
2.243598852907616514e+00
1.680747430240577600e+00
2.009259364459031527e+00
1.992526853227912786e+00
1.829676326643153716e+00
1.198210026413838669e+00
1.363388787203096530e+00
1.386402354499764344e+00
1.510090960307687968e+00
1.427332740435071301e+00
1.215875388219696873e+00
1.199945868646349778e+00
1.545808786013860514e+00
1.458842495215934010e+00
1.457960472528899265e+00
1.664629354993843791e+00
1.572306786452181360e+00
1.422947577681584974e+00
1.698454405152761471e+00
1.312203436457261230e+00
1.240820399409084285e+00
1.715248589554063674e+00
1.431002516965566462e+00
1.450036273658115826e+00
2.240454033693829672e+00
2.403150132421874030e+00
1.849150737904727171e+00
2.419985369557259958e+00
2.465415111185307762e+00
2.367143387382860009e+00
2.111379295493173824e+00
2.072682140160525321e+00
1.792102945605388742e+00
1.431307306930095224e+00
1.445725164103238480e+00
1.353544329673501467e+00
1.264552496537086457e+00
1.445854604443179925e+00
1.551897492187780836e+00
1.815506378500009621e+00
1.986983337173576336e+00
1.725484789349823744e+00
1.563914149158346811e+00
1.324892881028449487e+00
1.469339351945702532e+00
1.299944735514910299e+00
1.345441141375897987e+00
1.396291457216764620e+00
1.261920082337351090e+00
1.585605508930052032e+00
1.618420831876508537e+00
1.644263974237904158e+00
1.593557920349560675e+00
1.480950086774613039e+00
1.573869826244217451e+00
1.531854305185103016e+00
1.546866999818363064e+00
1.562580229559961786e+00
1.641731904553820343e+00
1.544718401155775522e+00
1.672398908016014873e+00
1.552834700247787802e+00
1.887254124560642898e+00
1.663367032041764393e+00
1.779106843720027031e+00
1.625639250816800940e+00
1.626655773154107143e+00
1.355058326858652018e+00
1.638357714655049868e+00
1.585558728362048031e+00
1.449407832900239335e+00
1.484448291702914924e+00
1.493299370739380905e+00
1.504018521301870193e+00
1.683844966341004001e+00
1.943466606706133026e+00
1.862071710737891239e+00
1.805896574312905845e+00
1.838860164042590561e+00
1.562128524882671510e+00
1.582838047305580309e+00
1.383493339591105986e+00
1.734194472333494108e+00
1.659756867474610376e+00
2.047915810105793266e+00
1.948871448354727365e+00
1.778219267623635247e+00
1.464883647576448178e+00
1.674784344363577482e+00
1.658984565766790986e+00
1.300053000014845361e+00
1.297124167281690887e+00
1.344757029909162682e+00
1.387308964250830501e+00
1.384485166405487355e+00
1.598057683532092099e+00
1.457727250955739073e+00
1.456767141330999271e+00
1.206071232412710081e+00
1.372638502799263804e+00
1.183447034020478128e+00
1.517517329923523839e+00
1.185623354219019321e+00
1.218247322739637317e+00
1.131823628432286455e+00
1.442144535727084342e+00
1.864195479510738496e+00
1.677802671261014344e+00
1.772204800421848025e+00
2.352599947234311539e+00
2.115376448942968501e+00
1.854875486479807378e+00
1.781693355634908604e+00
1.696551184246484212e+00
1.303684398528671906e+00
1.503056467094883608e+00
1.782807053746458870e+00
1.782576108107083890e+00
1.586669342858934018e+00
1.758395330054758121e+00
1.338800990467509777e+00
1.414020919854425795e+00
1.292606419211023372e+00
1.357580924675767742e+00
1.260596421580011173e+00
1.539812855556025539e+00
1.510113317620330742e+00
1.469834980039829597e+00
1.651215563510423756e+00
1.686670467280421803e+00
1.926191791106407258e+00
1.883647655051101655e+00
1.847819362896724771e+00
2.351385140314098177e+00
2.294968933935003008e+00
2.218648723474832885e+00
2.225159858818089642e+00
2.360992739180077571e+00
2.217554436791774108e+00
2.264308838111984912e+00
2.130471517279018734e+00
2.065144749045529249e+00
2.296987814699627872e+00
2.086716416420014042e+00
1.971104847157727491e+00
2.012140091826227106e+00
1.696443548709256621e+00
1.976285673507478524e+00
1.469722298548071127e+00
2.054279960070173772e+00
1.834226546043637107e+00
1.606938832830756558e+00
1.911794314094247715e+00
1.594211924812607872e+00
1.685058445675943872e+00
1.801437891803964408e+00
1.811248888977196714e+00
1.705433801947623840e+00
1.386678785888318721e+00
1.174897705525676850e+00
1.328241766056456052e+00
1.553988231900313766e+00
1.327087185228261523e+00
1.662866614626630213e+00
1.551197114302448998e+00
1.600081065386294021e+00
1.657265761933203185e+00
1.597173346076014688e+00
1.596631277066069554e+00
2.051893370126264493e+00
2.099654222276455595e+00
2.437452004091349878e+00
2.512158324563880551e+00
1.728844681086126434e+00
1.708991307503013424e+00
2.034859376065898839e+00
1.897483802372227579e+00
1.647690994984189139e+00
1.783900678770584891e+00
1.833037568326012057e+00
2.032750962246735238e+00
1.976524330838249188e+00
1.558622863772177958e+00
1.904811413774175399e+00
1.968903745809219785e+00
2.198858188379350764e+00
1.778102835211291977e+00
1.666393261146746019e+00
1.647971017973044683e+00
1.796620910007016736e+00
1.820227762040925956e+00
1.681479193468324418e+00
1.923443667097648691e+00
1.988270366352638874e+00
1.997027379258092594e+00
2.013979108855248779e+00
1.882298245274857784e+00
2.004951107571164126e+00
2.037410089396851642e+00
1.979504437617839674e+00
1.808327303612732750e+00
1.823775931533901273e+00
1.634050114954180177e+00
1.456751585006617056e+00
1.718566361176843138e+00
1.681344088435214434e+00
1.778499871938065358e+00
1.938299140148962652e+00
2.123542783188404837e+00
1.914077348532163159e+00
2.056900592234580216e+00
1.987367449657148732e+00
1.411855843540839484e+00
1.352604859408908844e+00
1.004827865679212451e+00
1.096006412023846854e+00
1.216142134162405020e+00
1.211625717223124621e+00
1.382327959863882016e+00
1.499320489252666366e+00
1.392244891851926125e+00
1.547166081925135162e+00
1.645869844966584283e+00
1.592810542641285521e+00
1.149758102483912081e+00
1.316743788919781943e+00
1.452047180722392472e+00
1.483342409664886841e+00
1.755935451572132155e+00
1.668189334316737549e+00
1.544080417132164929e+00
1.738837760799713639e+00
1.749293634477709025e+00
1.954356203514865831e+00
1.705764217134626337e+00
1.758191601067137899e+00
1.951157535103966501e+00
1.858166992704467280e+00
1.772264439818580062e+00
1.834321404710812731e+00
2.268827016015924514e+00
2.212660261439590936e+00
2.000107705703423999e+00
1.569680940545228331e+00
1.360275529861848742e+00
1.394803568724895193e+00
1.445855135511031619e+00
1.540991011631779983e+00
1.403796875047692350e+00
1.471887493815833281e+00
1.253363189223897445e+00
1.444847273759272355e+00
1.406332939080972233e+00
1.196249160596834393e+00
1.390778471124862303e+00
1.427049952328975024e+00
1.465360450156028671e+00
1.597050159032517236e+00
1.745496911399797346e+00
1.503686600533488793e+00
1.400572351441834229e+00
1.346879673617683792e+00
1.322639389253746689e+00
1.369724018293007717e+00
1.304827558618222527e+00
1.587726342493442466e+00
1.677015965551807319e+00
1.820456210511498085e+00
1.635760914193220117e+00
1.871700292956544054e+00
1.552912866880789666e+00
1.603406745779773601e+00
1.610223164688533659e+00
1.996019696442448810e+00
2.020504134542473462e+00
2.219203135597971777e+00
1.848071949264422420e+00
1.279035643069335038e+00
1.618759415380062183e+00
2.009224993872261056e+00
1.764657132059523237e+00
2.070232808878981867e+00
1.881307394515590037e+00
1.723071350186457851e+00
1.997881422441878163e+00
2.103903215882242606e+00
2.464653884037074860e+00
2.066323456506007794e+00
1.898739331661713825e+00
1.668274450753380655e+00
1.694740846269342960e+00
1.790934421255260478e+00
1.656552790989236135e+00
1.858247453713878450e+00
1.714279617636662145e+00
1.806710728303712488e+00
1.454791781487467350e+00
1.420894765113873026e+00
1.398640290679336040e+00
1.299417110963461353e+00
1.259670223347870710e+00
1.583039842584612611e+00
1.570611318546293544e+00
1.343270730498005605e+00
1.544783149862430705e+00
1.295510482199747848e+00
1.224243242291797262e+00
1.611230926180675427e+00
1.543015970775285739e+00
1.633502443990435538e+00
1.734389760846603679e+00
1.759647353618291721e+00
1.652464653402657468e+00
1.737146521904222585e+00
1.657001118876904933e+00
1.744769753216842467e+00
1.562452606890000872e+00
1.458691840773325810e+00
1.413314358624421896e+00
1.735062072669477207e+00
1.873283856678505721e+00
2.121210622654819300e+00
2.052942969845851007e+00
1.949450818647606942e+00
1.769042019594271098e+00
1.783463578733769594e+00
1.450334647701256863e+00
1.682459139989257668e+00
2.088922761221969626e+00
1.942608848316364600e+00
1.999953384377970655e+00
1.965912181238341550e+00
1.790328529442474226e+00
1.763598320143920040e+00
1.399033620677321066e+00
1.267854080091467495e+00
1.508247255555672073e+00
1.548448859686964107e+00
1.614230966209688312e+00
1.691075206816507137e+00
1.641711741140270409e+00
1.367064102465922693e+00
1.740627878724913202e+00
1.764256297698485687e+00
2.088048872444253856e+00
1.642751724006286329e+00
1.638530297267714930e+00
1.682298871071044921e+00
1.557167818852072116e+00
1.743608166599591058e+00
1.328056895540414395e+00
1.650546623463075013e+00
1.807664171677923370e+00
1.704979487516932624e+00
2.122977808213560191e+00
2.028037820263290492e+00
1.993080268000606559e+00
2.179181538006479624e+00
1.768094073645257502e+00
1.733205256957710105e+00
2.075131692274655659e+00
2.005111675022470674e+00
1.641345669424559395e+00
1.525318097709306819e+00
1.691320572911813036e+00
1.577412527442168866e+00
1.875098371905778327e+00
1.818576296171583451e+00
1.951549778058610407e+00
1.953356404566140903e+00
1.890979934377803096e+00
1.646155397566676504e+00
1.512808036131857214e+00
1.389202727820545435e+00
1.182648383164381256e+00
1.278670398368683570e+00
1.859539777065292387e+00
1.466166613002952257e+00
1.645191689430054671e+00
1.597606570223456757e+00
2.005048293020878614e+00
1.928660004133455619e+00
1.909213531088761462e+00
2.175785469878402267e+00
2.201998351663609910e+00
1.831612452971837612e+00
1.643635720991747151e+00
1.294063009961569755e+00
1.609045357425524791e+00
1.587140123106765888e+00
1.583618194999477646e+00
1.509396599556297902e+00
1.487436745191095699e+00
1.727989755914423275e+00
1.407047541981691019e+00
1.443963497682647201e+00
1.427897672487327130e+00
1.487251247926963726e+00
1.318727711744963393e+00
1.139736103388836019e+00
1.394150643073986950e+00
1.616171725624321098e+00
1.583109190979927972e+00
1.463365117169459051e+00
1.636418666661531462e+00
1.707486752237971972e+00
1.973559193686197366e+00
1.966466836840784937e+00
2.639121875217961932e+00
2.086606234963318762e+00
2.288110318164871426e+00
2.120127234996227905e+00
2.275920665832200651e+00
2.500049508411256394e+00
2.026945928838036259e+00
2.316443404355384317e+00
1.696145449776060632e+00
1.763355113692450349e+00
1.923357990616943347e+00
1.507549611042441118e+00
1.626610175990336193e+00
1.937522551297742757e+00
1.970283181065695777e+00
1.592915065168709177e+00
1.348594123341167794e+00
1.389584493159792711e+00
1.340771686530882967e+00
1.225966883502459304e+00
1.618794368788138316e+00
1.572172698323760054e+00
1.382974921797570644e+00
1.726245222611467955e+00
2.054738906761557793e+00
1.869116809137252977e+00
1.798945251441085746e+00
1.695097115077925043e+00
1.796030965493433662e+00
1.820929259198667882e+00
1.775223837368191671e+00
1.159191217113439087e+00
1.467932301531483574e+00
1.460555391749577270e+00
1.463386979147288214e+00
1.621110135410454678e+00
2.011680440162553207e+00
1.787219575548436801e+00
1.608169330439183531e+00
1.549783824966221912e+00
1.677551982345071302e+00
1.518351203787453585e+00
1.593052214835100955e+00
1.593799266846016804e+00
1.751657896588748820e+00
1.916600092318018644e+00
1.937428169147523027e+00
2.388571473539348400e+00
2.306645293453539747e+00
2.051798977524743162e+00
2.010335667244127045e+00
1.904582956820456197e+00
1.940986591227049862e+00
2.210472264452802538e+00
2.340762925168753394e+00
1.980138639674022372e+00
1.863510482257061618e+00
1.820576203153973172e+00
1.851706337932076174e+00
1.590093090273949405e+00
2.063451961566776127e+00
2.371743158002643792e+00
1.933741098375694412e+00
1.962894802709986841e+00
1.868998932962790294e+00
1.784271529538961731e+00
1.483775092103355675e+00
1.659315184627869755e+00
1.900452392919335098e+00
1.846285992050356262e+00
1.913378635786172843e+00
2.196972945240198705e+00
2.089288060777085843e+00
1.908267452570565625e+00
2.195031346531776784e+00
1.604452199924012890e+00
1.743007606030926526e+00
1.912343945785923482e+00
2.126639696964200521e+00
1.599566149679158666e+00
2.202351308900187821e+00
2.434204801511682614e+00
2.437874643847187883e+00
2.117699132163565423e+00
2.032988617638944895e+00
2.296471482353668048e+00
2.188701846935120710e+00
1.952844876206384583e+00
2.104002685352671431e+00
2.231937492232070053e+00
1.956399611847654985e+00
2.017771964884854885e+00
2.251674559543603404e+00
2.236767241554802332e+00
1.904262234047137570e+00
1.957526237088699439e+00
2.051858859413473013e+00
2.358197612679672872e+00
2.542989069646559575e+00
2.229130905438072130e+00
1.973274029797536633e+00
1.768886607769004193e+00
1.613385493286808359e+00
1.801540490609070844e+00
1.323680238196333736e+00
1.828279119977352041e+00
1.973525623636443349e+00
1.843321022714000224e+00
2.024711995126741382e+00
2.254358175790084129e+00
1.753512084864184972e+00
2.147583341996566197e+00
2.181506984184465203e+00
1.690805081960295997e+00
1.919069843559615407e+00
1.785064551819635303e+00
2.065529834279706378e+00
1.937239911583112706e+00
1.491688301934307459e+00
1.699148493157172313e+00
1.499270069891796453e+00
2.131807668602323513e+00
2.406387861938299899e+00
2.207844304577957661e+00
1.893217568778380100e+00
1.643480391125316409e+00
1.988167053766102477e+00
1.858096281780635239e+00
1.911163448902936768e+00
1.519045534425812249e+00
1.316724842913316262e+00
1.469685534929310755e+00
1.420561861290621897e+00
1.969964221430442919e+00
1.840492383017989342e+00
1.849768295182667277e+00
1.599777364555742265e+00
1.550077608012274233e+00
1.228196481612874758e+00
1.149301365455338342e+00
1.617823706885504365e+00
1.564193877366299112e+00
1.387616585041545836e+00
1.232168499001008222e+00
1.173973284049012689e+00
1.201398296811375666e+00
1.352601626337436302e+00
1.567667781866022292e+00
1.811900420207341433e+00
1.278573600574724800e+00
1.512803556353666368e+00
1.391607807714331235e+00
1.424333806804532365e+00
1.665359462095061360e+00
1.752568888581605755e+00
2.036845659445974288e+00
1.942616353077743829e+00
2.140782113476330739e+00
1.727101898701451921e+00
2.095569561435520978e+00
1.535281366813145310e+00
1.598806107135007037e+00
2.035503918469156570e+00
1.826691822404150845e+00
1.614501294368804185e+00
1.673164828855996822e+00
1.562721549733226301e+00
1.631944526986379262e+00
1.681988345520615047e+00
1.996958726886781665e+00
2.143737866302543704e+00
2.030778268507469786e+00
2.014093025140486937e+00
2.084516901589513527e+00
1.891747120832679485e+00
1.743700115849511567e+00
1.906871465712167479e+00
1.922418698051912678e+00
1.838875527367275442e+00
1.720386462154307239e+00
1.814638759436812299e+00
1.872583721416515079e+00
1.903141881139215119e+00
1.855978050459740958e+00
1.723760076226590776e+00
2.130330848117311326e+00
2.435212503591293043e+00
2.307656699906817099e+00
1.967565305359177730e+00
1.944490414684198587e+00
1.982670801874313327e+00
1.873972948969624630e+00
1.988250956799643809e+00
2.303707143513598066e+00
1.766393415557610203e+00
2.104350298326381541e+00
2.159697747978087001e+00
2.233685147562208151e+00
2.141606379618027134e+00
2.475733358837564069e+00
2.545306969854542523e+00
2.355663580367749255e+00
2.000206364456133201e+00
1.546888121662644444e+00
1.862742232502047734e+00
1.703721296141217811e+00
1.651938053117589789e+00
1.951484653296510663e+00
1.764531324032444948e+00
2.013585497211291653e+00
1.415689919583912326e+00
1.918953550138421171e+00
1.815763942608378700e+00
1.822441222171936381e+00
1.492258777189541918e+00
1.324775816772774562e+00
1.355667594306141366e+00
1.134571805285899293e+00
1.442080661970941868e+00
1.584594519868705920e+00
1.172824770747651568e+00
1.232183074074151952e+00
1.499131827635157288e+00
1.467911702691379716e+00
1.455115137038390571e+00
1.288522802608917495e+00
1.400027447155766325e+00
1.458993466304043807e+00
1.156699885011267526e+00
1.534557085816929956e+00
1.609376314424159737e+00
1.905981434087160808e+00
1.527412050097116447e+00
1.517989870139414554e+00
1.560426483267369768e+00
1.546798107557298740e+00
1.635291202269022026e+00
1.553996065026929108e+00
1.653859290097717150e+00
1.413151094512946626e+00
1.185098397175204488e+00
1.295434942718655336e+00
1.341016400119464214e+00
1.394128255725889831e+00
1.431589804215429584e+00
1.636976790475842991e+00
1.334439032085802390e+00
1.647025908007388573e+00
1.789337139149032696e+00
1.533950374207399436e+00
1.703775027718835933e+00
1.642160435059894175e+00
1.679525356997845442e+00
1.673577684421004408e+00
1.670835173124895823e+00
1.642883063527153631e+00
1.460318155564384712e+00
1.685801890664442970e+00
1.571313222549686639e+00
1.376275172440874384e+00
1.762667822120356664e+00
1.635918874512902965e+00
1.361258709756316243e+00
1.311106850365269416e+00
1.341348429604097170e+00
1.201828737617122833e+00
1.265279563799916795e+00
1.351573233104245375e+00
1.473237164953655531e+00
1.393777827331990515e+00
1.164902470312883187e+00
1.294882412102689173e+00
1.168923377374807782e+00
1.213443593451871472e+00
1.330524465311880178e+00
1.088429328699929810e+00
1.283853987475959135e+00
1.252200702954364697e+00
1.687046327934042855e+00
1.721887770993066002e+00
2.025518434440572335e+00
1.998475644852740096e+00
2.234042323867889479e+00
2.006074386288185352e+00
2.244491445391818107e+00
2.052586605642198858e+00
2.086259259417725609e+00
1.609562890799748791e+00
1.557294367479306940e+00
1.591741369704077202e+00
1.708269922122807927e+00
1.166648909109569976e+00
1.615658245045131558e+00
1.711179560732363214e+00
1.945659708015835099e+00
1.637273879383380759e+00
1.824430424731658285e+00
1.902093247584495606e+00
1.696675776364500399e+00
1.478759602715288279e+00
1.218874449097759438e+00
1.545255875235354459e+00
1.482614641283202417e+00
1.362574259449411462e+00
1.772270539973701764e+00
1.480371104332721011e+00
1.835156882158302638e+00
1.850604555003227958e+00
2.258101832208186721e+00
2.350256190638420062e+00
1.992385703153339849e+00
1.692899957639536268e+00
1.562645353655315539e+00
1.856084899625116469e+00
1.394466404707305429e+00
1.521800441493095679e+00
1.578323971032810968e+00
1.582250441434132293e+00
1.394720577221576496e+00
1.100182871926482120e+00
1.414224242492838624e+00
1.285166631233995993e+00
1.411084524981575994e+00
1.307033304064473489e+00
1.471025725038922261e+00
1.425431482781352344e+00
1.854977068063432988e+00
1.751938217807895715e+00
2.114203659888717723e+00
1.992367878249518443e+00
2.106081190034353678e+00
1.796104470342610782e+00
1.958950594160994374e+00
2.224723892613733600e+00
2.192031599538146747e+00
1.910727831011733491e+00
1.794491192551586067e+00
1.907407346196723807e+00
2.335016115741928022e+00
2.677644411306074890e+00
2.299477618704454773e+00
2.538227166229985343e+00
2.567498048883379180e+00
2.393020001318995504e+00
2.547854732835388436e+00
2.238965710243151719e+00
2.159501881188629735e+00
1.856966204189976599e+00
1.833365750891673862e+00
1.904832362823975833e+00
1.700887565362530829e+00
1.970803401790140796e+00
1.614795407651472336e+00
1.695933597551453564e+00
1.556732351638542955e+00
1.343308944151481832e+00
1.335988105237172263e+00
1.522982549898835636e+00
1.447332455231811643e+00
1.544304396575314930e+00
1.615847082325656991e+00
2.031860178329275790e+00
1.983706755514066167e+00
2.160147644620715734e+00
1.837024603669864975e+00
1.903718419299263109e+00
1.707495035882472312e+00
1.543990764596385956e+00
1.575591642148650884e+00
1.713308528735309810e+00
1.674714153576028153e+00
1.418171610106897518e+00
1.876941077153161830e+00
1.745352997598662359e+00
2.173549416315509575e+00
1.854795225028568639e+00
1.752361135882413157e+00
1.730838266710041928e+00
1.599071112906895298e+00
1.623971383106758370e+00
1.960953904540532866e+00
2.147661131595171469e+00
2.413110324939067741e+00
2.120351205011608453e+00
2.470789878534873196e+00
2.404693352158356667e+00
2.035197995555843686e+00
2.044014166743626237e+00
2.307216728448693299e+00
2.405617502092514126e+00
2.106693756753633462e+00
1.826741010745148941e+00
1.714914269713174511e+00
1.943885393643830062e+00
2.095742841342775886e+00
2.038560790262520239e+00
2.132270807081370734e+00
2.375309401489422712e+00
2.300384235646381725e+00
1.796377589221465065e+00
2.089951122194505295e+00
2.362324332137559768e+00
2.390833659058397398e+00
2.312327362111752826e+00
1.968147850913018360e+00
2.111512280900475602e+00
1.971318076327281066e+00
2.121238094082233072e+00
2.076533263071477453e+00
2.255740633011432461e+00
2.346484927378336138e+00
2.617544685171308672e+00
2.360941753379541819e+00
2.027746014957334975e+00
1.839795394033337361e+00
1.736677337628275808e+00
2.020064424929357561e+00
2.072580817459657165e+00
2.288143968387126748e+00
1.687288927879083689e+00
1.732208648465872081e+00
1.658802819021278241e+00
1.172567759892700234e+00
1.252332229261234886e+00
1.451352884135797661e+00
1.941604035859313626e+00
1.200883223889703366e+00
1.413669488954499398e+00
1.453343723790304409e+00
1.348248848687592760e+00
1.913670797481808794e+00
2.337358715143756260e+00
2.248120840923878205e+00
1.934288237911997443e+00
2.084325455237920455e+00
1.997568318009080857e+00
2.397847585913794877e+00
2.229016662194889253e+00
2.347289616797370471e+00
2.318934571788137777e+00
1.908645239434299645e+00
1.550893488096555473e+00
1.637936893687388151e+00
1.842208625969708358e+00
1.769147156476573945e+00
2.133619218805330675e+00
1.626608627290049292e+00
1.492026985380863646e+00
1.184854658844682218e+00
1.255819279139833711e+00
1.755075168900718019e+00
1.965653694939084151e+00
1.979055812259629121e+00
2.280436098973708692e+00
2.444546930198443491e+00
2.442837329980267924e+00
2.400619246783247007e+00
2.138882171997766868e+00
1.792213491379261114e+00
1.465200729010226688e+00
1.299509541508326871e+00
1.347662939637922941e+00
1.540904141143226491e+00
1.622805271339782696e+00
1.605458814447378479e+00
1.657737805198088443e+00
1.808648977326167584e+00
2.129870239575297308e+00
2.202955996212479839e+00
2.295981196691392334e+00
2.083701285546303961e+00
2.047498094856049278e+00
2.203066161219360719e+00
1.873805516606958710e+00
1.578458726534195833e+00
1.762614810619119954e+00
1.277677586005900423e+00
1.394827472131452639e+00
1.543697072606655007e+00
1.492294422622071126e+00
1.483138591497670022e+00
1.609416440425111006e+00
1.641813469840842643e+00
1.701672472337005360e+00
1.429161395279577862e+00
1.405466854675455401e+00
1.634751711940729102e+00
1.507792276630280703e+00
1.612848575112399097e+00
1.540278460162935792e+00
1.569307595820528256e+00
1.690215094878650071e+00
1.609347882213462588e+00
1.359859099771836277e+00
1.543158564396969190e+00
1.466351737254365517e+00
1.508924092209632528e+00
1.545846661215926732e+00
1.562180517663614543e+00
1.528010331833513868e+00
1.979052164563426919e+00
2.037627404005881271e+00
1.907479844565367344e+00
1.799508823164492899e+00
2.059353133956668191e+00
2.775797714840011476e+00
2.644060173760820920e+00
2.461462255351980932e+00
2.210280434256828741e+00
2.284383126555677546e+00
2.444182806230966065e+00
2.022820106628661740e+00
2.224866872875716606e+00
2.523892711206647377e+00
2.200151550505428766e+00
1.504174105060516631e+00
1.855657802227491437e+00
1.601999611547939573e+00
1.554852226462592135e+00
1.217382705898076845e+00
1.118528890896896444e+00
1.396358511369162780e+00
1.495535120061016965e+00
1.405683154088647413e+00
1.729702277860850845e+00
1.677921515644570150e+00
1.635311815799985302e+00
1.347967378632478841e+00
1.474320811536468545e+00
1.279205786801179245e+00
1.253516645312556133e+00
1.415615364462712300e+00
1.732223571554441621e+00
1.447012886146910704e+00
1.315914095951528306e+00
1.444737188447276166e+00
1.377310646749401624e+00
1.367200970012603101e+00
1.727748648648901764e+00
1.570464717661280263e+00
1.724773572950880851e+00
1.517386406270001320e+00
1.559128812762732075e+00
1.623107397825111153e+00
1.560290160040368246e+00
1.212787150969531602e+00
2.330884524293825866e+00
1.737349352683841053e+00
1.833081749250622172e+00
1.644064915065024168e+00
1.314161562152820428e+00
1.471344377684054461e+00
1.609393919055034816e+00
1.878602921847297269e+00
2.084531267846793323e+00
2.155563974480275480e+00
2.216544121742377360e+00
2.212759898745096709e+00
2.414327900854207343e+00
1.580910561526091884e+00
1.193080306133773583e+00
1.175490629991257752e+00
1.324733011062118493e+00
1.627998482242021483e+00
1.772993338317221834e+00
1.101069058661320543e+00
1.476983438820144379e+00
1.860896190940535933e+00
1.709622404488015945e+00
1.840346532256987189e+00
1.969631651336732681e+00
1.740748514655960921e+00
1.629233286453000362e+00
1.668837454428772293e+00
1.377757145801898009e+00
1.388361488584465286e+00
1.364873797021677326e+00
1.307023563095778051e+00
1.463293585510647921e+00
1.155065490605932998e+00
1.494088859142357784e+00
1.809322425491750597e+00
1.949923795342877852e+00
1.881730201406530689e+00
1.871289886275646630e+00
1.969955316982801463e+00
1.619085264083808928e+00
1.652701302229772073e+00
1.757853009841877423e+00
2.325536752450300781e+00
2.326694763251018649e+00
1.967168351515011127e+00
2.349616816100290606e+00
2.270959119629583522e+00
1.898803380483929493e+00
2.028264252560107561e+00
1.955232426570945981e+00
1.619346581985686262e+00
1.604409902985115766e+00
1.504087058615561023e+00
1.747625634314477372e+00
2.388265642872654304e+00
2.424766152149835818e+00
2.113965691285074389e+00
2.376261538039029286e+00
2.305314206303398006e+00
2.583661548570874267e+00
1.890137401092436109e+00
2.472690428237336757e+00
2.341803669790181619e+00
2.143889439581454504e+00
2.243974129682921870e+00
1.900646471798019155e+00
1.654087184301301638e+00
1.718426629057947075e+00
1.570152032557038169e+00
2.043911144327903440e+00
1.819421263031138380e+00
1.796464164361291971e+00
2.303463672176794486e+00
1.471699071172424489e+00
1.263677662519846256e+00
1.164523610664889741e+00
1.270041940900600963e+00
1.459331992255234134e+00
1.625280286062626978e+00
1.925222529628013213e+00
1.931612953453728299e+00
1.846237609208291053e+00
1.862062320320764019e+00
1.617655901377656136e+00
1.381219901864601418e+00
1.530281934655493004e+00
1.209296926675820671e+00
1.450469825880535968e+00
1.372077151824218744e+00
1.438703565183040656e+00
1.682962100916773229e+00
1.628029520313489797e+00
1.600869810362901546e+00
1.674794028224539266e+00
2.304299190843384526e+00
1.965333512556009188e+00
1.756075512116163084e+00
1.855145107647211411e+00
1.644475553120512856e+00
1.383326721257325698e+00
1.462349739952245375e+00
1.252869670753171683e+00
1.328605681582400999e+00
1.577202361301821121e+00
1.683970674014561242e+00
1.868817193429540113e+00
2.202345089481276386e+00
2.357047306319819846e+00
1.987237988218281792e+00
2.208557709696474358e+00
1.864802984160965682e+00
1.759844294052867131e+00
2.002364727527184307e+00
2.272587120875368516e+00
2.342746517927408956e+00
1.719503661096530855e+00
1.805199318532437758e+00
1.289580902082462677e+00
1.595287955569634653e+00
1.294250600344759583e+00
1.491330055626163276e+00
2.039222543165416734e+00
1.944748914611581059e+00
1.625318857006582851e+00
2.044726729300071266e+00
1.707789439971195478e+00
1.779140343926900458e+00
1.536445294346151513e+00
1.566524290284176724e+00
1.621016880442850194e+00
1.473675931158540342e+00
1.574104989502814300e+00
1.459328436945244389e+00
1.444830250963596407e+00
1.519818186158217843e+00
1.779236687598462430e+00
2.066386845222722979e+00
1.788142149050889529e+00
1.928675466128762173e+00
2.117566900879833458e+00
2.098596316011533514e+00
2.005813914607489590e+00
2.044698944676978325e+00
1.685054750692434045e+00
1.581826807412259672e+00
2.024885578730212021e+00
2.310787634922945255e+00
2.001062755967800033e+00
1.755073751401029059e+00
2.116231519430980423e+00
1.693929592004673523e+00
2.349808851382216179e+00
2.029235915663011536e+00
2.228340057483197079e+00
2.205654203831448168e+00
2.106076994601257635e+00
1.954296561016988010e+00
1.423516784886572406e+00
1.623519832901708204e+00
1.411577004931782842e+00
1.369010748079149353e+00
1.412196116626183162e+00
1.644359823150920663e+00
1.704554063577182532e+00
1.675134310857067321e+00
1.611311686425315415e+00
1.357450246096240543e+00
1.259353013513860198e+00
1.099998284087229328e+00
1.310918837008651527e+00
1.554188089012503049e+00
1.643711898492596468e+00
1.409481030280156810e+00
1.225953356318345122e+00
1.457658247445164701e+00
1.819191154131821753e+00
1.528642182830443730e+00
1.507555242300376852e+00
1.392794477841627021e+00
1.053945758396376275e+00
1.238426335625675723e+00
1.327677290121973552e+00
1.765930684703372000e+00
1.807059805865270707e+00
1.684539281034156843e+00
1.634431663370577770e+00
1.606759749950510630e+00
2.351572548082589975e+00
2.147363141588085167e+00
1.952457624457927921e+00
1.931171424433662187e+00
1.904267240289986507e+00
1.989888044613816964e+00
2.079938959298083478e+00
1.576046952486612529e+00
1.526328921292205321e+00
1.732601725610242616e+00
1.424017260714965483e+00
1.634834873128275579e+00
1.412343848433448734e+00
1.174376920514788480e+00
1.193628060652059508e+00
1.364133927342863650e+00
1.417428718725200376e+00
1.521555462556142935e+00
1.250081833979326262e+00
1.199064565078644007e+00
1.546836698732893645e+00
1.581485385752108730e+00
1.899721617959208464e+00
1.901258788336459560e+00
1.718747296728681206e+00
1.659120213134545274e+00
1.724325809838492152e+00
1.547334138318298802e+00
1.425841863870175308e+00
1.373097171946133122e+00
1.200292967483081119e+00
1.757467724102313333e+00
1.679798069573249508e+00
1.812457500111909203e+00
1.656042938243544871e+00
1.256493649551483571e+00
1.336798903589586196e+00
1.181089448173288980e+00
1.445492530110147555e+00
1.588356057534906718e+00
1.850769854382541268e+00
1.457328197718961826e+00
1.354458461110404244e+00
1.633742947353505004e+00
1.237913146814785703e+00
1.348385315166973353e+00
1.750766998737171676e+00
2.063589308732046046e+00
1.960140590344540801e+00
1.631234484864067857e+00
1.598016746605849914e+00
1.977048594422731398e+00
1.733246164273768875e+00
1.818647340854814720e+00
1.290032650410717130e+00
1.391931529728168471e+00
1.639969421542274208e+00
1.375993895404022282e+00
1.404607748451285998e+00
1.140188367100734901e+00
1.278221505415307435e+00
1.492585750123660793e+00
2.088539368308000466e+00
2.090634946976249520e+00
2.099428189011901313e+00
1.782038220004354745e+00
2.065855181954390662e+00
1.621478228474721339e+00
1.667256674946439254e+00
2.319712682262408787e+00
2.027156755519078146e+00
1.712173770835273334e+00
1.729246240171707472e+00
1.434698663191433576e+00
1.733893910814056305e+00
1.696906821099580798e+00
1.883399570102407328e+00
1.645183208385585516e+00
1.880616055840897749e+00
1.676532703003763558e+00
2.045674300465199824e+00
2.291494536544189220e+00
2.028162580451322139e+00
2.225885658441645987e+00
2.113505464299838099e+00
2.452071542255465531e+00
2.592515954900433517e+00
2.368646473280699549e+00
2.322551537635788588e+00
2.141225374471772636e+00
1.773935019612405739e+00
1.920401625724734052e+00
2.005705832133096944e+00
2.298927384748997493e+00
2.127240404002733509e+00
1.977977698794308514e+00
2.050472940549256773e+00
1.954218875163999058e+00
2.604588642211442817e+00
2.127421358231240678e+00
2.110900523852869082e+00
1.786523448242046008e+00
1.982272817380628771e+00
1.821419837265647601e+00
1.740158597664740459e+00
2.057705175924949170e+00
2.199688566185163285e+00
1.836858724480064486e+00
1.532925270971270848e+00
1.599585637509965297e+00
1.943086332230647528e+00
1.986161533252530864e+00
2.181837002858916463e+00
2.147777718567240424e+00
2.383206386952260836e+00
2.043134622423182112e+00
1.690940892184348066e+00
1.743935451792280933e+00
1.782420679347225034e+00
1.614436306152865930e+00
1.640950111656050980e+00
1.757011564109224766e+00
1.414531741070008453e+00
1.571784881173149184e+00
1.542793130543160585e+00
1.568811241374053367e+00
1.436549021127156323e+00
1.147960797949979739e+00
1.523619393279192380e+00
1.475627348611394885e+00
1.419543164189061013e+00
1.225065222784830654e+00
1.986645136035757986e+00
1.652942792455833532e+00
1.577472574875641964e+00
1.833630834313097369e+00
1.587692098077197356e+00
1.612190448859423419e+00
1.501472829530602127e+00
1.403387210100744964e+00
1.248217892025597742e+00
1.762567428300545691e+00
1.695962519047252703e+00
2.155433325967131442e+00
1.875381126608836047e+00
1.935538012498618787e+00
1.835287913280245098e+00
1.956250952114123809e+00
1.971855602895860704e+00
2.117094910008059827e+00
2.279445502859517081e+00
2.206172471753038433e+00
1.879682419872828802e+00
1.883441777325971955e+00
1.606738318921351549e+00
1.838038811426468300e+00
2.039364718340516358e+00
2.106468089274210254e+00
1.998600251546278628e+00
1.687686928440430112e+00
1.779499233132531222e+00
1.631754861645947408e+00
1.618873586466379910e+00
1.639609287743276411e+00
1.771739462329554149e+00
1.827392495979469622e+00
1.635568523738336610e+00
1.507985092202750232e+00
1.488074497906503701e+00
1.272990351337250248e+00
1.171272351479707208e+00
1.288302737455856217e+00
1.335539941011744780e+00
1.218282915002536271e+00
1.508644011526449003e+00
1.599487765598235800e+00
1.611051419309482258e+00
1.542289100405563218e+00
1.514184305109214534e+00
1.633623290412273610e+00
2.218289420457433270e+00
2.176038101013399118e+00
2.065777440545857768e+00
1.958459542168554668e+00
1.914876761218435197e+00
1.855186779836457633e+00
2.372832044269594487e+00
2.273808190100679472e+00
1.758002378867972615e+00
2.149891258711823294e+00
1.884569811041695520e+00
1.754214974896937562e+00
1.516817492356967279e+00
1.523559430180951857e+00
1.631658003640573229e+00
1.337335505821332982e+00
1.228429171923896668e+00
1.316193927372455885e+00
1.432036852901232393e+00
1.617604902911339515e+00
1.617966521776744049e+00
1.906460281269886980e+00
2.277076247071751602e+00
1.914377733281784844e+00
1.886993336755329542e+00
1.556401865686088959e+00
1.101272467774820907e+00
1.179614246622763263e+00
1.306038417173400523e+00
1.324342783034017756e+00
1.428087651210760756e+00
1.124780156281791177e+00
1.800728600878214625e+00
1.500399007494556791e+00
1.764546848159084025e+00
1.636924951288441621e+00
1.628138995661981170e+00
2.073934515592653405e+00
1.994050471856650297e+00
1.888143878454831670e+00
1.526819500481450653e+00
2.101702496503196738e+00
2.028741453752563206e+00
1.745101935039307994e+00
2.036897956745438609e+00
1.908329804723037704e+00
1.973557223613018552e+00
1.666850099599171742e+00
1.767028511488760500e+00
1.828568310175559208e+00
1.538803302548233942e+00
1.765933657230775111e+00
1.555502533006595023e+00
1.271786553763719851e+00
1.636554568769592821e+00
1.981343484836812330e+00
2.346221397652481055e+00
2.114922739427629317e+00
1.996993362251374471e+00
2.288084026956589412e+00
2.372667563562727455e+00
1.933213910831601767e+00
1.924470570688451510e+00
1.686721719355187776e+00
1.798741407940436465e+00
1.856864056218140879e+00
2.149764957945032862e+00
2.260891158140637014e+00
2.210583545863245458e+00
1.987095324438842514e+00
2.150253745446001563e+00
1.869764002932789104e+00
1.651201799634073097e+00
1.237366685533915156e+00
1.605381482884672195e+00
1.751707006004934675e+00
1.846323839839012493e+00
2.189781805342497112e+00
2.141374701516142842e+00
1.662705048100986183e+00
1.712610463535620298e+00
1.685877540804493258e+00
1.493062501896045058e+00
1.522039562148240099e+00
1.438144190843487324e+00
1.133435763456074552e+00
1.277787728561857961e+00
1.606020098318842404e+00
1.441211097215574499e+00
1.731019662521693592e+00
1.795321338212560125e+00
1.704429361410680244e+00
1.706782197363243769e+00
1.979705655682855614e+00
2.404973825032137746e+00
2.160351949121471105e+00
1.871763985206735370e+00
1.700990035721013927e+00
1.795536219210354778e+00
2.207168029784538188e+00
1.954530248448750118e+00
2.188857738147362397e+00
2.129446178832575587e+00
1.995828503217196959e+00
2.039557850777306225e+00
1.690402473391251270e+00
1.824743809167372222e+00
1.329417916348255346e+00
1.360722470142560425e+00
1.540567527937327874e+00
1.344341166744130289e+00
1.743974273404562680e+00
1.681087960749971577e+00
1.837275474486190774e+00
1.579988743523477623e+00
1.386195751213603167e+00
1.518924325599419811e+00
2.067431259558479173e+00
2.234647763592153336e+00
1.762240664321700123e+00
1.815361019614527338e+00
1.708513142565340814e+00
1.398068475742434202e+00
1.554634452596046490e+00
1.549830311877923306e+00
1.727028669541225803e+00
1.541013330122183334e+00
1.887051264948826024e+00
2.395904787324103058e+00
2.334489930576320482e+00
2.116489813865746861e+00
2.097921219844258722e+00
1.812506608480918047e+00
1.690168488361859067e+00
1.644848207607755075e+00
1.436485312388144253e+00
1.392084516357921187e+00
1.469576796340869462e+00
2.068881419212084349e+00
2.136655433686696082e+00
1.587138975630080218e+00
1.344656152791880332e+00
1.652101862211787342e+00
1.526603900312308415e+00
1.484158136677384832e+00
1.575919559169526973e+00
1.524018901947882032e+00
1.509947535098507876e+00
1.692168325910022197e+00
1.826519190842073925e+00
1.590686239827274306e+00
1.703450414965182791e+00
1.668298423353951510e+00
1.856621038035877191e+00
1.881257022119365407e+00
1.910234928377235963e+00
1.998796701697812539e+00
2.074765950039780815e+00
2.378693130952426404e+00
2.095648830952522079e+00
2.115170134973854754e+00
1.705792260458021348e+00
1.713094855757972601e+00
1.793879580012075925e+00
1.703097244148062295e+00
1.479205598907345376e+00
1.620690944971906466e+00
1.765253266133349541e+00
1.496854445580675819e+00
1.243037405043080579e+00
1.227223518786853873e+00
1.473039848155943687e+00
1.576992194207508025e+00
1.533124226020348146e+00
1.634122220118888080e+00
1.682274873903243595e+00
1.583884785889675850e+00
2.126007317342689440e+00
2.227694090097855462e+00
1.987792854586516444e+00
1.998386456857833116e+00
1.761347638884847022e+00
1.643390220292636261e+00
2.021856638068294298e+00
2.052731285560754682e+00
1.921890170878031601e+00
2.100384460536197206e+00
1.437188257045668216e+00
1.550386332261247668e+00
1.410264462165651267e+00
1.191472725526937060e+00
1.563709414020460153e+00
1.585106796521479566e+00
1.954142984036640218e+00
1.410735394962109090e+00
1.707635871654821003e+00
1.594203359115057950e+00
1.251970778724112110e+00
1.542149924991416565e+00
1.288872226316306158e+00
1.435057282678371626e+00
1.550090868442527636e+00
1.463288307701120949e+00
1.369201612058534634e+00
1.057143351285422028e+00
1.397032753163328866e+00
1.293860314369872810e+00
1.213791348190112140e+00
1.230988928605802002e+00
1.289910803116227189e+00
1.225129017694117195e+00
1.323029844711133052e+00
1.340224580156033296e+00
1.532119438417651081e+00
1.308165658273325871e+00
1.328694107284509096e+00
1.373140651773591570e+00
1.619012334682085941e+00
1.564616900812684896e+00
1.362452227726970388e+00
1.277276337852341515e+00
1.359829035610208958e+00
1.233937680053603492e+00
1.709530010833421931e+00
2.006603249369019348e+00
1.608657831569487939e+00
2.222252888499542944e+00
2.205032939841933270e+00
2.093176337655130226e+00
1.674688363628139331e+00
2.048266322244501669e+00
2.086172007611837742e+00
1.988128365281921495e+00
2.141086094503640069e+00
1.596873242404983406e+00
1.871197308395146752e+00
2.223627687225583127e+00
2.093815490195471085e+00
2.114542330116366831e+00
2.179123687570158729e+00
2.207664053690801431e+00
1.893500813189424425e+00
2.034028578180431701e+00
2.073120084601717927e+00
2.217271765934532013e+00
2.038916146065601787e+00
1.683395836795813283e+00
2.039373763342628987e+00
1.499291170395034678e+00
1.792428214443757994e+00
1.848695397903201698e+00
2.037245435569404517e+00
2.207626806308405687e+00
1.765945728148636595e+00
1.812053995637114667e+00
2.262451585846861679e+00
1.476351775034672187e+00
1.615048550768175772e+00
1.714265103495645981e+00
1.869368705622685756e+00
2.132087579065679694e+00
2.506501531431593488e+00
2.158742718698741125e+00
2.319210943504959488e+00
1.741327097932629631e+00
1.359145009483328614e+00
1.701148112290105985e+00
1.559587529321759147e+00
1.398127840373786235e+00
1.119689526093950116e+00
1.242331990844509182e+00
1.686867126755704938e+00
1.246558318061580684e+00
1.458399641778687750e+00
1.364341040044273257e+00
1.601489729032930631e+00
1.831599004201565073e+00
1.903057737318846199e+00
1.728125838695312444e+00
1.460171220241774037e+00
1.590711156232684331e+00
1.673879934859303420e+00
1.996333636313280202e+00
1.917051818713803701e+00
1.728817917153626427e+00
2.049590798552070936e+00
2.288630809921462284e+00
2.175753056476093406e+00
1.568869067563935182e+00
1.783780487633216616e+00
2.267650486788407971e+00
2.278075443722887172e+00
1.841048070444285090e+00
2.182397858268509516e+00
2.179470414195308958e+00
1.992850742054603108e+00
2.108657572226697585e+00
2.013536274621610556e+00
1.906977821727069644e+00
2.295204843784931725e+00
2.247257351891856381e+00
2.101992631114483867e+00
1.868850216941883691e+00
1.522092687119992016e+00
1.680309152168780518e+00
1.860143520558304120e+00
1.966342320535388044e+00
1.954414615935933686e+00
2.008222149534395040e+00
2.060950488214589704e+00
2.014737107453602682e+00
1.984611860780661763e+00
1.688135051025722477e+00
1.553561182371456351e+00
1.615362025954430125e+00
1.926896044461287039e+00
1.615393634256659938e+00
1.965462265577234469e+00
2.129450510014768039e+00
2.580038908263901476e+00
2.389884791052215629e+00
2.378190549482035898e+00
2.134164631076924667e+00
1.531330983363306864e+00
1.659964309708197749e+00
1.579820310782600545e+00
1.189370096965589818e+00
1.397098310154648138e+00
1.318115416619791036e+00
1.485515984438342540e+00
1.510487325852230889e+00
1.263566012359873980e+00
1.389526282817333591e+00
1.709620400479749280e+00
1.608835683119314020e+00
1.852841138005505428e+00
1.939105569686934594e+00
1.773437369304119215e+00
1.655699283245613884e+00
1.615500795783150867e+00
1.489736182667908082e+00
1.526550189087183762e+00
1.557553443727894837e+00
1.619803282525962063e+00
1.488974094148297178e+00
1.370723897164822569e+00
1.654710023609711200e+00
1.571395584561535053e+00
1.703627453791751512e+00
1.732711793062695627e+00
1.814699316446071853e+00
1.917670025025471237e+00
1.929882743890356966e+00
2.056700083937049950e+00
1.785505375947756379e+00
2.275904324354794284e+00
2.056907522769025221e+00
2.032126582361832856e+00
1.823570563216733165e+00
1.724584856283889245e+00
1.546292944756694432e+00
1.619307492679824989e+00
1.534830106139584371e+00
1.281605639983836475e+00
1.397269536822835612e+00
1.504598031564062355e+00
1.644718817292780022e+00
1.377373332889032298e+00
1.526008509092503962e+00
1.566365083281805681e+00
1.827659668799287873e+00
1.838593124030547532e+00
1.734434682906652814e+00
1.951692785452175727e+00
2.007523838082431844e+00
2.113341834192717705e+00
1.854503010836209276e+00
2.003546471876393564e+00
1.926545084766412730e+00
1.871833669101201636e+00
2.146079894228909435e+00
1.498500156084128898e+00
2.041887378497970307e+00
1.821024744546445362e+00
1.867170660342609700e+00
1.753771798485629141e+00
1.498070973791248761e+00
1.459677591434062727e+00
1.837683496355850155e+00
2.073950896659578103e+00
1.873875392281791896e+00
1.761067376534783513e+00
2.009554693673111014e+00
1.883074939455583907e+00
1.518660834161199791e+00
1.604033007693603130e+00
1.378338422188297052e+00
1.272996935225558346e+00
1.605384467601289167e+00
1.726014642719599923e+00
1.886639237018375326e+00
2.099674983703724518e+00
2.021703178241969212e+00
1.959144184897064767e+00
1.705053009173396639e+00
2.080594433872058335e+00
2.197268745114677735e+00
1.977474409364842645e+00
1.973392544691478623e+00
2.227310605370325103e+00
2.396503752770820395e+00
2.176557353756562119e+00
2.331687407830037806e+00
2.307174031016742344e+00
2.183679801048460600e+00
2.059526576454222546e+00
1.683504389889454167e+00
1.647938028473318717e+00
1.705903004839284254e+00
1.999560404822651849e+00
1.769006559696813641e+00
1.197358964013589766e+00
1.583938105354155912e+00
1.489329933715371368e+00
1.437676934697101228e+00
1.380527543861683304e+00
1.313661134072501513e+00
1.368838984733633746e+00
1.489770799111297617e+00
1.473860246546185193e+00
1.641914439958791050e+00
1.573940247991602925e+00
1.573452152642657254e+00
1.333780554571077692e+00
1.511369901356637291e+00
1.643474780395056900e+00
1.509404022837216308e+00
1.973929198661717344e+00
1.769354432660042775e+00
1.820362633659071028e+00
1.682618705783469171e+00
1.730831214358564685e+00
1.949089652699230957e+00
1.969647291591982707e+00
1.597146750403485083e+00
1.912322190348419104e+00
2.065253391105023706e+00
1.664945778394900433e+00
1.540727160911593119e+00
1.415958702422306814e+00
1.512402776430108009e+00
1.534393815482515855e+00
1.547917085844507268e+00
1.312835522905940744e+00
1.323106633148560141e+00
1.455479721531566462e+00
1.825467233017440849e+00
2.013450342753448918e+00
1.679309676516815175e+00
1.560735931552424516e+00
1.428433675717913021e+00
1.415681167615351788e+00
1.818126993049249407e+00
2.073516115601217180e+00
2.258731786657262930e+00
1.918361240772338050e+00
1.887214607382217579e+00
2.405508916302510070e+00
1.983619010931815474e+00
2.205892893478818007e+00
1.937024988074969478e+00
1.921148088924088615e+00
1.569907856033032179e+00
2.167975430810990201e+00
1.743109751297350574e+00
1.487710779160726027e+00
1.340581408436634092e+00
1.660250566456697330e+00
2.070563882844710157e+00
1.933585005452323813e+00
1.811545571001549337e+00
1.514736133984359245e+00
1.468006614571031321e+00
1.400481200773478596e+00
1.485975173227606971e+00
1.253519062372579818e+00
1.400002351847704052e+00
1.491041475138288552e+00
1.745393682381507716e+00
1.913278746719774936e+00
1.745869911537111463e+00
1.508584930409831326e+00
1.516183108516057532e+00
1.368313238559640821e+00
1.405774256772214237e+00
1.261482042114346669e+00
1.480632854685246080e+00
1.393347140293387243e+00
1.321194621130297620e+00
1.578788130128432332e+00
1.255770142318905602e+00
1.653502632403375250e+00
1.640699505455998297e+00
1.668422094017573132e+00
1.519271234893477596e+00
1.811290411787143118e+00
1.874010756049837356e+00
2.216195473428264950e+00
1.504209980025956073e+00
1.415535012078455779e+00
1.607046834609266783e+00
2.124842070683947259e+00
1.927772730049973404e+00
1.735629447699805983e+00
1.614844721157778329e+00
1.770487616989912416e+00
2.095110248722166890e+00
2.217132333877982919e+00
2.262616733931873458e+00
2.000110388141652429e+00
1.874765839724070959e+00
1.910997505271586405e+00
1.973190145465181899e+00
1.961606448136733905e+00
1.988887563982462581e+00
1.513479713996799925e+00
1.995596404691936998e+00
1.757879290980209452e+00
1.555192419012124461e+00
1.370676133511553596e+00
1.443719901849893184e+00
1.316510003115511696e+00
1.627720062765990905e+00
1.500123985915543301e+00
1.339291079543754703e+00
1.555808041863454338e+00
1.334049822976156152e+00
1.702214899582744412e+00
1.523862863249190625e+00
1.453136377117116851e+00
1.495871413784043646e+00
1.900069416554898361e+00
1.938816181952957907e+00
1.872482724057023651e+00
1.858036070324034617e+00
1.962406234554852080e+00
2.198348504329058262e+00
2.328698141796598176e+00
1.930134735807143231e+00
1.872121028069660742e+00
1.821530089659817442e+00
2.195228913153462802e+00
1.882815386836188098e+00
2.020156312244999253e+00
1.799807565983708502e+00
2.004460437572108233e+00
2.329489879062693891e+00
2.508626309161824608e+00
2.507276897948905070e+00
1.853762851191786076e+00
1.862352040525389274e+00
1.538702935391924154e+00
1.681661169942594292e+00
1.624512392934476912e+00
1.571452372958210164e+00
1.480590425188580639e+00
1.399925695288190219e+00
1.489337918346262502e+00
1.903057941222349614e+00
1.453054454832003239e+00
1.789583340461333272e+00
1.662072953062976310e+00
1.652829045251741125e+00
1.707651849678749834e+00
1.709340106482447830e+00
1.838503826863629120e+00
2.258103232802262550e+00
2.178575378702278798e+00
1.892138683916188002e+00
1.882297776473193185e+00
1.812589546501091498e+00
1.678033266408347934e+00
1.626041822579522789e+00
1.485007794731633579e+00
1.389391962185673401e+00
1.795943963392018006e+00
1.291191494053419264e+00
1.307131176975484976e+00
1.347070574538463239e+00
1.150393808855950217e+00
1.356642609065071170e+00
1.406865328743568400e+00
1.490340449907954223e+00
1.677560622355553921e+00
1.786619028588039670e+00
2.003710889427955166e+00
1.294263219050433289e+00
1.221388681480535920e+00
1.553198486499279607e+00
1.468689186510073297e+00
1.222801777562462666e+00
1.410359649933334403e+00
1.367457964591330732e+00
1.190036496564186086e+00
1.321834987881741252e+00
1.603754848878073069e+00
1.524015428116601845e+00
1.374344290476238184e+00
1.445356071293717903e+00
1.412697862831491236e+00
1.415083423678451746e+00
1.610424257154778660e+00
1.414123997679040068e+00
1.508416187894395799e+00
1.747466266131539214e+00
1.600420807128089429e+00
1.901486022647263185e+00
1.909481827406679599e+00
1.983358751934688913e+00
2.308649125183751760e+00
2.443013953617193312e+00
2.020069508389632951e+00
1.929595515187534804e+00
1.595478055033289877e+00
2.205297961521301531e+00
2.421142475730739818e+00
2.026134688911134685e+00
1.639177834677232104e+00
1.631212024796149684e+00
1.830001624218493994e+00
1.690968186162729481e+00
1.396700269780403847e+00
1.556300917317736010e+00
1.340406077532453999e+00
1.418617919928496285e+00
1.478504308549155155e+00
2.050179359758815156e+00
1.573251620247168470e+00
1.583254848064125531e+00
1.649048576010050837e+00
2.037953834287301813e+00
2.165291135616842055e+00
2.004644912487762998e+00
1.988972518245144094e+00
2.016386868038044788e+00
2.000131772197188962e+00
1.716004113454257185e+00
1.693816557405650958e+00
1.691392818035635237e+00
1.912246632524512879e+00
1.936265488379897537e+00
1.482692258972129418e+00
1.332181605237485966e+00
1.409191207464827622e+00
1.502107162597545731e+00
1.824130718741763690e+00
2.174155668590794566e+00
2.081730318435179417e+00
1.834489569871650350e+00
1.922606424664546454e+00
2.090258643386610160e+00
1.730785039334701736e+00
1.783360957629782639e+00
1.629445469972411464e+00
1.729462791119009246e+00
2.105993566781750204e+00
2.017710562033532273e+00
1.715363089336377378e+00
1.832430586576154985e+00
1.850814596659349665e+00
1.662354192254490215e+00
2.041678893151588792e+00
1.947619709410456146e+00
2.400083874654703742e+00
1.878038752913175902e+00
1.939055902782509611e+00
2.270124562614627362e+00
2.328585278419627258e+00
1.766877148766498484e+00
1.771118740944759740e+00
1.745987938731996536e+00
1.895816758426354998e+00
1.695932101128741820e+00
1.664873985438340087e+00
1.936146481751492177e+00
1.935735474167613379e+00
1.620385685482918836e+00
2.209834936065445898e+00
2.042501582237259417e+00
1.737688462025869462e+00
1.965967495445138047e+00
1.935766379974893203e+00
2.102390770008106369e+00
1.647665613379512228e+00
1.468181205239380116e+00
1.724716457611547016e+00
1.358242562761822647e+00
1.522322154002028860e+00
1.681453673271357863e+00
1.775748578823172608e+00
1.366975612347566926e+00
1.338101623129285489e+00
1.867035317047136989e+00
1.805150098065412712e+00
1.751984895539929532e+00
1.348270968683313420e+00
1.600159071875610239e+00
1.757900634884847824e+00
1.373166424228203564e+00
1.339772183562800256e+00
1.618908983449408368e+00
1.622787847782119375e+00
1.509206047443302667e+00
1.518454229110190568e+00
1.337905705741522233e+00
1.355409487984280625e+00
1.313242208487495066e+00
1.191892567192281316e+00
1.655967482733744056e+00
1.568168091183204327e+00
1.484977783865081058e+00
1.294637567736145911e+00
1.492836975435378744e+00
1.381744630579297972e+00
1.515216158844689298e+00
1.853995199253743342e+00
2.018993174337173180e+00
1.995718520690650921e+00
1.999305475098680951e+00
1.897157390171440028e+00
2.081464955395522676e+00
1.750807162068761746e+00
1.810590550255923858e+00
1.517638580331578835e+00
1.955647642033697453e+00
2.084451313551892948e+00
2.134892491857452779e+00
2.139398719414958183e+00
2.010377544074470002e+00
2.151619877106196288e+00
1.700529214632879871e+00
1.851037287399849518e+00
1.600883596845953383e+00
1.399012943941189135e+00
1.524825191331657948e+00
1.456600784297853224e+00
1.854074808618254799e+00
1.779111425458749451e+00
1.798884799417699076e+00
1.743809560602594066e+00
1.537898612209837923e+00
1.485014382371340647e+00
1.510665005190439114e+00
1.379141043691765045e+00
1.363514756323690236e+00
1.624825085528224911e+00
1.881401725449811879e+00
2.064814299584553314e+00
2.041207482710505339e+00
1.899069331814883022e+00
1.760976328088655452e+00
1.625401338791449435e+00
1.917079398203975771e+00
1.379429115518604254e+00
1.521795086587589552e+00
1.361432461562753993e+00
1.355453567520176428e+00
1.597084689371905730e+00
1.582826806263082586e+00
1.789637051461995476e+00
1.550386064108941975e+00
1.414072672837703104e+00
1.489384564764420382e+00
1.587615133260699807e+00
1.924122705058536997e+00
2.109786001247353493e+00
2.025758885600605907e+00
2.361288934443206422e+00
2.122152196517455902e+00
1.973011819857229732e+00
1.970195478692754909e+00
1.708442506520069459e+00
1.715313305923575671e+00
1.681841170445059319e+00
2.110021411184269891e+00
1.719269929124345397e+00
1.790388111425416318e+00
1.682383201593663280e+00
1.420941404718037315e+00
1.573662489829304345e+00
1.634518096407681753e+00
1.991069269566820843e+00
1.694306455339043671e+00
1.850583702090281779e+00
2.088483911183488750e+00
2.598714204625128588e+00
2.102012021551784127e+00
1.963107799320398916e+00
1.999021732192508338e+00
1.971125467325021141e+00
1.690036152435923533e+00
1.845042296585005293e+00
1.893356054388718013e+00
1.918417145561830850e+00
1.420552988238495074e+00
1.428163726482172269e+00
1.345346201586222534e+00
1.613774029121321396e+00
1.188462884841499756e+00
1.903288418032594853e+00
1.720847247491024579e+00
1.770768092922688997e+00
1.827919989252372535e+00
2.060974286167393643e+00
2.076786201244875230e+00
2.127613581144109922e+00
2.066829155892004444e+00
1.923258614346483375e+00
1.504906436835458550e+00
1.434936353899477712e+00
1.189206443819683212e+00
1.297365765542445981e+00
1.345977544780366131e+00
1.647197935805509772e+00
1.356069635117979955e+00
1.651154729834819257e+00
1.687511395057212482e+00
2.198400168206126715e+00
2.066562738101642260e+00
1.965379865749056210e+00
2.197523818127459894e+00
2.470768010640921997e+00
2.080174626558237261e+00
1.909746897962667944e+00
2.014381700318313317e+00
2.149828372176627589e+00
1.742419138205095308e+00
2.194176610968515462e+00
1.645781144079563774e+00
1.480012459051762486e+00
1.508125405386223861e+00
1.575368196179908864e+00
1.766283448683804380e+00
1.568911978870135560e+00
1.646639075623812065e+00
1.489111760023356767e+00
1.744658334540300393e+00
1.518927320819873916e+00
1.445371633339752604e+00
1.933697543366962535e+00
2.183061025795022481e+00
1.882197933408802371e+00
1.719924222957116555e+00
1.931532513220854064e+00
1.782461936869149000e+00
1.785135950786427728e+00
1.904228811998930571e+00
1.879786657352447321e+00
1.675846321411746054e+00
2.123261007589847260e+00
1.850395500673339022e+00
1.765564408839741972e+00
2.149946588432658512e+00
1.707020092017791146e+00
2.032768538694754934e+00
1.868165026410434137e+00
2.072523991553529843e+00
2.326946949089214289e+00
1.963503980636110313e+00
2.338882991230165853e+00
2.275003941110311789e+00
2.513711587839122075e+00
1.954178909038137846e+00
2.290171527527135265e+00
1.855870363290739622e+00
1.995298269089223586e+00
2.319511642294516562e+00
1.775790444671272894e+00
2.052340443340646470e+00
1.654293312247764325e+00
1.903691750674854077e+00
2.185128327594013431e+00
2.305212239489150772e+00
2.378335105310187103e+00
2.100767906863826973e+00
1.923699129942632924e+00
1.883959755156893623e+00
1.907261124538860875e+00
1.704553902948612532e+00
1.664764702586486012e+00
1.596416071754771515e+00
1.464071393709899915e+00
1.522930172904039647e+00
1.670413887377274698e+00
1.442605945418492075e+00
1.539945723862400806e+00
1.318455293455607524e+00
1.191108650634138844e+00
1.284826049720843688e+00
1.768350400639519426e+00
1.935269082463173751e+00
1.977050551038321835e+00
1.842489441485915869e+00
2.085476565627952805e+00
2.059424540830075756e+00
1.845928674771224909e+00
1.600292326377638963e+00
1.806100626428281064e+00
1.897740599470743250e+00
1.623500164358467890e+00
1.477258267057112384e+00
1.501625661514078836e+00
1.649998559309301172e+00
1.723046509129950721e+00
1.646132256378926018e+00
1.587039041092754621e+00
1.425852130573151078e+00
1.488302806343742013e+00
1.405088155954126616e+00
1.573671012596289387e+00
1.696330410659848686e+00
1.648190970853899984e+00
1.506317684099589327e+00
2.027109473472169299e+00
1.741005812179097667e+00
1.986610570707765477e+00
1.941571396859867349e+00
2.194462261863914687e+00
1.950326139903421296e+00
2.283387216348303994e+00
1.975308047813412404e+00
1.597011814357198078e+00
1.266313934502964145e+00
1.543055033546454125e+00
2.012415770891190725e+00
1.940856604694558563e+00
1.990974330669254222e+00
2.031772928677944900e+00
2.083924180966282957e+00
1.628219594459258124e+00
1.827985673168455172e+00
1.860908417424790517e+00
1.938926952560883876e+00
2.105083331650490219e+00
1.894020208656791882e+00
2.079506081435472442e+00
1.727579177512367670e+00
1.557726967113794991e+00
1.376112482841325813e+00
1.676706887305091875e+00
1.660047151914718855e+00
1.357089195202422438e+00
1.293941722496970925e+00
1.724761563952203591e+00
1.817352402192218053e+00
1.769667363696231455e+00
1.784668114632874669e+00
1.237677479900476829e+00
1.498026332835138863e+00
1.630728507145504880e+00
1.860800484748460493e+00
2.152336686736567639e+00
1.440232436565358043e+00
1.361972283841881293e+00
1.639106066020626917e+00
1.379594866090792626e+00
1.366615554848007896e+00
1.333051894389248204e+00
1.335971407296311364e+00
1.661461380917450548e+00
1.732445550667617740e+00
2.131186623585906048e+00
2.079878787710498056e+00
2.328087020156154985e+00
2.263606202439174542e+00
1.822396467124943076e+00
1.879640333708417987e+00
1.842201324246762528e+00
1.423843544283678986e+00
1.780760180683760296e+00
1.570961031200724056e+00
1.499732254905517204e+00
1.607831774840072114e+00
1.533002491149256352e+00
1.592877339318152341e+00
1.374655487581512459e+00
1.543430640625948369e+00
1.761917225413702104e+00
1.866262687572928236e+00
1.736327358932062914e+00
1.562600290546985349e+00
1.882081223308029072e+00
1.957259527787891251e+00
2.006182861031652553e+00
2.179367732031982197e+00
2.648550946684570917e+00
2.440396449918228239e+00
2.269897422898905504e+00
2.205468749655783878e+00
1.853182858380430176e+00
2.198544486143304777e+00
2.059045251497349849e+00
1.996249391352842073e+00
1.802832318806262268e+00
1.478063871586468014e+00
2.317368505541493207e+00
2.121746620231198754e+00
1.552650788505764545e+00
1.384128805674079477e+00
1.162293487130513281e+00
1.481145756975682293e+00
1.368499117029047030e+00
1.578169934193747181e+00
1.463932686401652417e+00
1.738273042483273301e+00
2.001303441703571107e+00
1.954293912138310052e+00
1.711508262342136710e+00
2.258963463027366725e+00
2.297376046695126295e+00
2.213800199565606697e+00
2.308671526576548505e+00
1.971609993670315752e+00
1.887254089534159185e+00
1.777274599578818615e+00
2.132308577457759480e+00
1.960740840326696599e+00
1.819038432818250728e+00
2.187109057185069982e+00
2.083551551391568335e+00
2.186318399267832557e+00
1.926155175472275660e+00
2.144754572928101677e+00
2.105911931594908193e+00
1.862169508536445139e+00
1.768554214503143429e+00
1.690907840685688557e+00
1.838967127404642632e+00
2.085279576253521228e+00
2.529242786482008398e+00
2.267396062764383213e+00
2.182954941192267739e+00
1.948805235201399588e+00
1.887975402518740964e+00
1.810199362254232058e+00
1.901115156307241039e+00
2.245343142644500301e+00
2.588357755192479459e+00
2.198748461611378158e+00
1.863796378493201233e+00
1.528307963208219711e+00
1.427851326387050479e+00
1.478123326836845219e+00
1.481994917456826100e+00
1.467575858106515252e+00
1.351182197259575668e+00
1.263747705421146783e+00
1.581222769533160433e+00
1.441064324699270038e+00
1.616969969399110640e+00
1.488679751049384770e+00
1.826025574943860974e+00
1.253038181056315370e+00
1.488321627589552776e+00
1.657217144799111086e+00
1.773704430498890705e+00
1.771117784649617777e+00
2.415161365543685879e+00
1.830069044347101936e+00
1.941379560355093181e+00
1.632304541335644732e+00
1.571693277455382898e+00
1.833490530808651986e+00
1.670480621276088762e+00
1.636206531400316466e+00
1.820081371515665403e+00
1.664401026999456468e+00
1.710427531920920563e+00
1.808847134581113014e+00
1.666122888432771454e+00
1.735207536136566198e+00
1.792832526394625647e+00
1.723773718401114596e+00
1.458432808114663803e+00
1.352858299994067037e+00
1.116200036516895144e+00
1.408561054052390515e+00
1.340821064231673132e+00
1.363436737389511100e+00
1.402882257914492170e+00
1.804364674822939607e+00
1.649142553337915373e+00
1.737779296409106555e+00
1.266026171686774227e+00
1.498981793298463039e+00
1.362904934107272092e+00
1.527796631015253759e+00
1.568627413191677089e+00
1.550258498547125940e+00
2.322294014250900318e+00
2.234317398970876223e+00
2.046609494596859591e+00
1.994463856226004417e+00
1.489078606210071598e+00
1.620588873396746399e+00
1.389220205785177242e+00
1.492524418985124557e+00
1.582301142291024698e+00
2.131676063956405631e+00
2.037330301479627792e+00
2.049690005360534695e+00
2.090880572067676635e+00
1.840255343977671210e+00
1.594508235626163728e+00
1.926270718755138223e+00
2.156801211909097127e+00
2.240301095888447058e+00
2.297815995329527627e+00
2.291273556996241911e+00
1.889524160731929303e+00
1.618624769684949616e+00
1.457967865702523680e+00
1.762868249085018491e+00
1.523037021345515107e+00
1.386853008050007219e+00
1.689131162685073795e+00
1.905450045142000892e+00
1.970091675669838116e+00
1.842666665045008090e+00
1.663594986115481067e+00
1.724939690430801864e+00
1.729372355656820792e+00
1.735562172742183940e+00
1.869792380187258907e+00
1.757908810003120381e+00
1.438056599539752289e+00
1.632235619346536382e+00
1.592951643388206717e+00
1.312726892615459606e+00
1.359154076150356438e+00
1.150894686003921974e+00
1.189354249029597854e+00
1.151274140641228128e+00
1.336743324624460660e+00
1.532773534408845784e+00
1.342234600524575328e+00
1.489824635100098105e+00
1.806500594164377249e+00
1.787521023534636377e+00
1.409334283843033830e+00
1.472706487480296422e+00
1.531553341454890305e+00
1.436081853110934503e+00
1.484519322188026846e+00
1.240094736884976401e+00
1.273034770000245341e+00
1.290506691453346289e+00
1.353081956512278472e+00
1.444888711164859396e+00
1.641596070764731241e+00
1.472806993742534321e+00
1.423315858037454085e+00
1.502946155031716025e+00
1.537207672489528498e+00
1.684889510082416386e+00
2.123180969670753093e+00
2.368118157009746483e+00
1.891844436829216436e+00
1.997537682447726004e+00
1.461330094834871973e+00
1.518353914890559375e+00
1.625863875854966611e+00
1.777280274773257007e+00
1.950206320026196538e+00
2.044453753730627987e+00
2.343796920236279835e+00
2.467948505644400381e+00
2.428931154941542214e+00
2.162994439046516781e+00
1.947235748403414624e+00
1.533367359847475964e+00
1.870342474685900758e+00
1.751884430082911726e+00
1.942565298788509587e+00
1.913450598761752719e+00
2.022784812056386716e+00
1.999824872022833766e+00
1.604367578509363845e+00
2.050089665547978779e+00
1.816845016441819061e+00
1.865344752757040370e+00
1.715327270095120316e+00
1.639520524780571087e+00
1.590535327758774820e+00
1.799082232619503507e+00
1.988450563426239714e+00
1.521439702938561123e+00
1.356139785494044903e+00
1.519936691147681040e+00
1.621120645986407816e+00
1.324487446831125403e+00
1.138362902617167105e+00
1.164858751206578003e+00
1.220525625098490385e+00
1.284483230114741747e+00
1.262482996121650380e+00
1.552359359982986575e+00
1.577798643994186456e+00
1.293733035694525579e+00
1.746605569193693697e+00
1.659601188937723126e+00
1.669934262006034009e+00
1.813133586414191756e+00
1.883762350607949942e+00
1.402112242105920892e+00
1.827188629051430979e+00
1.916556275701426060e+00
1.721770900717398467e+00
1.927878057388302313e+00
2.220523629647999098e+00
2.216304733378061442e+00
1.759846993982556729e+00
1.888080773777783605e+00
1.825657193837002090e+00
1.944082304846051379e+00
1.604950957945373347e+00
1.923193591198642638e+00
1.944610638769865396e+00
1.599039256079470617e+00
2.189751107657180285e+00
1.834908485193611938e+00
2.008875018219738351e+00
2.218542668993582989e+00
2.052263901881572483e+00
2.109281366607091979e+00
2.215875799875071994e+00
2.099305369447205472e+00
1.991738286649799905e+00
1.932301547119768870e+00
1.890203413951654143e+00
2.023651942546167426e+00
1.448444653896420409e+00
1.292057353320861024e+00
1.407973896394083546e+00
1.639311129230533570e+00
1.757670853449572634e+00
1.528290081411511236e+00
1.422353039390130247e+00
1.480024679596858572e+00
1.328867131443996374e+00
1.891066199680304649e+00
1.823943791609831777e+00
2.021931045679550731e+00
1.929428236722101175e+00
2.195793126012613783e+00
2.041374358881955509e+00
1.685023664434422308e+00
1.949683223049866632e+00
1.749833776220111048e+00
1.551597115235829882e+00
1.713409730803193698e+00
1.747715401013868464e+00
1.621246085083390076e+00
1.408347319899756478e+00
1.571388082456276480e+00
1.831890585578093367e+00
2.196654679842586333e+00
2.269423668584979570e+00
1.896378091115897391e+00
1.947117584890682540e+00
2.239234053463108332e+00
2.152641988748665636e+00
2.129348065408525503e+00
2.312960243263749494e+00
2.599207023591166177e+00
2.527735861277740526e+00
2.232808656085071952e+00
2.158509678069649329e+00
2.142104854792939772e+00
1.734076254426865749e+00
1.861080244511485349e+00
1.802614683652349115e+00
1.785829164435531524e+00
1.364933014446236825e+00
1.578127704959517486e+00
1.531223384030653500e+00
1.681782616414005282e+00
1.430603974062780281e+00
1.816718940218439604e+00
2.128482389795815610e+00
2.081571641059743349e+00
1.752831992179991749e+00
1.786602554209463678e+00
1.746884700602497009e+00
1.789959305643714860e+00
1.484252598895269060e+00
1.527613186434145343e+00
1.802680765933143636e+00
1.799806996267294679e+00
1.551249466395566046e+00
1.441214376125726560e+00
1.474306865745877992e+00
1.362792252700459450e+00
1.524638808847494253e+00
1.693265657485054199e+00
1.447529050077356105e+00
1.531645741156662632e+00
1.550482449452916134e+00
1.554174327517892085e+00
1.482682015778891804e+00
1.521799877618318808e+00
1.677898496904980163e+00
1.978954245161446579e+00
2.127118546196552273e+00
1.578814947468778707e+00
1.730773505982642790e+00
2.011671572590209678e+00
2.127854208720926010e+00
2.163741325128643478e+00
2.166839739468349180e+00
1.770773959817645071e+00
1.893366058380807404e+00
2.436134301484556897e+00
2.484378913350537843e+00
2.189297157813192563e+00
1.713138932085073396e+00
2.137474596792994674e+00
2.120261408927186508e+00
1.762267494589422334e+00
1.978134739073784232e+00
1.664320979658241217e+00
1.793856482527094620e+00
2.040982556675658088e+00
2.078873400607050836e+00
1.899296579072469404e+00
1.679755609132485006e+00
1.871334731052028078e+00
2.214340952755316838e+00
2.544856543380872527e+00
2.055074719798080984e+00
1.418842507332931824e+00
1.488940551201849205e+00
1.711294906172023067e+00
1.678349917673215508e+00
1.815704199631517746e+00
1.822528261657845094e+00
2.439667322993383181e+00
2.003651818564717413e+00
1.955450369467752969e+00
1.904698824551962488e+00
1.422718030779485110e+00
1.586620246970622095e+00
1.997747771016132212e+00
1.792117136420401158e+00
1.925501381340754437e+00
1.904431572262702321e+00
1.934148088629935813e+00
1.905572577807070012e+00
2.085694170946541526e+00
2.138726553574459732e+00
1.846178149352571740e+00
1.738208273727542608e+00
1.447186752158815315e+00
1.679528712603332252e+00
1.900802292165360230e+00
1.510776924165230684e+00
1.260291390652506172e+00
1.198045602327444836e+00
1.259059504548565300e+00
1.479347180443823406e+00
1.303179881667087869e+00
1.617779436710846896e+00
1.773090542899866895e+00
1.539689619637768070e+00
1.659562574386200584e+00
1.385733362527702184e+00
1.519619642282560967e+00
1.735263482419066250e+00
1.874933712238759931e+00
1.563613999116613584e+00
1.556688472851676774e+00
1.314789347615787030e+00
1.801272446906031055e+00
1.672994880998020406e+00
1.468367247335806480e+00
1.223968530022264689e+00
1.310150616392861123e+00
1.260729402965492074e+00
1.394630599057662179e+00
1.609940742844885975e+00
1.545105631904374999e+00
1.501762163897013336e+00
1.522253631218391412e+00
1.423709355399582321e+00
1.668489933199645670e+00
1.630559182659157891e+00
1.400133687474169442e+00
1.406539859766210654e+00
1.779822208702215081e+00
1.756656252410826458e+00
1.903342325811676616e+00
1.939241465347977922e+00
2.179786406228421125e+00
1.953838916859037766e+00
1.718951163144839756e+00
1.618601041847901989e+00
1.543767268141263749e+00
1.625375083202186266e+00
1.825855565738992103e+00
2.030035613011703877e+00
2.086839940397585913e+00
1.792461452486927120e+00
1.380472143340879754e+00
2.022094942165288511e+00
1.869906835976770543e+00
2.281739248815679133e+00
2.429227735603024740e+00
2.060799587322621473e+00
2.230142338288987336e+00
2.287332781766724832e+00
1.967654094062444958e+00
1.690067152574213472e+00
1.988837843635840485e+00
1.997590046142857290e+00
1.956985600274951498e+00
1.938806473794106644e+00
1.986299613248874385e+00
2.299637920989801465e+00
1.917428198177553389e+00
1.735519591054488275e+00
1.689781485965329511e+00
1.351068189538065178e+00
1.422071005978897462e+00
1.492478799514265653e+00
1.573588998713223663e+00
1.442044818921460525e+00
1.789456873279284821e+00
1.639865071343235003e+00
1.876261814216639401e+00
1.669683708074408024e+00
1.232314461088887203e+00
1.304966699400190500e+00
1.537126122926034011e+00
2.217835633964197140e+00
1.827537025454827102e+00
1.584980039503257387e+00
2.100021870516371347e+00
1.986121406371327058e+00
1.492382363462068762e+00
1.673741415314280889e+00
1.840918227871040758e+00
1.661901443969917125e+00
1.832136658189549294e+00
1.609249989445181273e+00
2.011770467057306444e+00
2.059085678050531332e+00
1.877000514264140385e+00
1.905881425797032014e+00
2.103405426640619247e+00
1.539379845512262035e+00
2.193994512885386605e+00
2.108303194620872123e+00
2.298182611286037957e+00
1.850920344574702670e+00
1.961117132157575327e+00
1.833391089382050643e+00
1.894416590937645584e+00
1.988996153257353683e+00
1.632474659485501522e+00
1.813318350693320369e+00
1.659964258055924624e+00
1.883217281633640772e+00
1.893795066826032825e+00
1.828201305651288910e+00
1.635031071492242027e+00
1.576863713213626950e+00
1.343027340775681644e+00
1.505585715366349664e+00
1.523020227957262662e+00
1.360041119135704024e+00
1.461469753702874241e+00
1.611206168342014466e+00
1.318431368807773563e+00
1.741686260024440491e+00
1.681617205320180775e+00
1.203195637499064441e+00
1.420445638355073870e+00
1.284298921306479935e+00
1.513398328652802771e+00
1.726264794690136162e+00
1.419613469725562904e+00
1.955441372995254001e+00
1.995380838084764186e+00
2.248265523692064338e+00
2.087083653726139687e+00
2.105224506895413406e+00
2.346542716809432161e+00
2.161822047047870399e+00
2.518434231375797694e+00
2.420716322863242453e+00
2.038570124276236850e+00
2.070685826759973036e+00
2.191746478644849283e+00
2.066914489996241056e+00
1.777936991842914427e+00
1.397687038924007030e+00
1.210731290495300705e+00
1.266354293586652524e+00
1.140447364979171985e+00
1.130993422634262613e+00
1.328280644427997981e+00
1.292827855881760968e+00
1.190606529519206536e+00
1.215934759691811085e+00
1.589921763760138607e+00
1.859213970787937598e+00
2.049080787777280310e+00
2.054085814389976949e+00
2.337034879180381441e+00
2.399951725428215887e+00
2.141197031919872984e+00
1.865469156642718618e+00
1.832842211666081855e+00
1.663637844720072367e+00
1.972537275899507891e+00
1.859044600974069983e+00
2.217410432965882361e+00
2.104775853258924467e+00
2.189478271093142858e+00
2.296908176457088668e+00
2.144723612429746407e+00
2.169187695942964123e+00
2.039799128982374476e+00
2.604437790002622322e+00
2.148640438886086468e+00
2.249024913825732774e+00
1.984905327127218344e+00
2.393937948228834323e+00
2.191957433469617467e+00
2.075721563176217366e+00
2.119589505364865012e+00
2.504715828790788468e+00
2.295760249759896343e+00
2.093691480406386862e+00
1.864068794041239485e+00
1.989179758321436786e+00
1.726638946313900025e+00
1.344993773176740293e+00
1.478364224022277185e+00
1.606309659880194252e+00
1.652278565743755978e+00
1.843055887668020310e+00
1.555510683673799299e+00
1.999888789835728709e+00
1.847592029793755586e+00
1.444444982922235887e+00
1.799254217544989931e+00
2.152058246470984759e+00
1.984465126981878491e+00
1.741375128725535903e+00
1.502691774388782875e+00
2.105635773599551452e+00
1.885954545782656311e+00
2.071262376118689907e+00
1.370925012930451770e+00
1.302579129390639689e+00
1.280594032488661327e+00
1.273232770637410693e+00
1.570498618736368535e+00
1.890789190550547616e+00
2.114383286658379824e+00
2.234763937770936959e+00
1.911932674941171362e+00
2.120820236495954525e+00
1.929801399747582025e+00
1.761984629706199845e+00
2.166602349716741482e+00
2.202784928572005807e+00
1.988460967733353346e+00
1.999586582054751593e+00
1.523866508222553096e+00
1.876258345531804927e+00
1.816477472733746712e+00
1.582745180374319105e+00
1.516296515852015636e+00
1.564197649955787695e+00
1.797387962184031851e+00
1.498473538530108229e+00
1.265771799696130406e+00
1.573852406604246745e+00
1.509764028785785195e+00
1.341144584624666791e+00
1.404929016409879550e+00
1.426227003783224090e+00
1.439522623307012639e+00
1.437190717742730328e+00
1.412819187059143999e+00
1.328405442169687367e+00
1.379228737224759582e+00
1.268545590596220407e+00
1.464872079220681300e+00
1.404393394280317731e+00
2.051523519450769939e+00
1.520896516755564587e+00
1.679346469578848700e+00
2.048443893586971765e+00
1.992360446576651789e+00
1.921267477529134515e+00
1.832771196480728282e+00
1.600978149204331125e+00
1.705555727842659186e+00
1.809636253234565562e+00
1.890121771026462616e+00
2.128490893602804856e+00
1.902998500936597726e+00
1.779478645072835041e+00
1.966453116277389057e+00
1.987339148878221273e+00
2.391037465326616651e+00
2.039031154447517480e+00
2.101378826338517580e+00
2.260377810909778962e+00
2.093602895326345248e+00
2.362935428172041608e+00
2.114090618447559855e+00
2.035567726429984514e+00
1.975789286003112100e+00
1.726041925539932187e+00
2.042214866878034218e+00
1.972146858639720168e+00
1.831496187713264723e+00
1.611766133244917576e+00
1.656845754514375102e+00
1.703248792474274298e+00
1.625375504283431027e+00
1.771658797503877558e+00
1.911225721992484639e+00
1.837936697251636886e+00
1.613019588651789737e+00
2.447282786043758485e+00
2.056149084424236495e+00
1.705673497288554330e+00
2.088785330784527439e+00
1.894883504149653675e+00
1.708942495969064002e+00
1.837712621553197145e+00
2.033140881202743167e+00
2.180054468153904246e+00
2.199004103996043735e+00
2.293824078540271039e+00
1.757451629286943762e+00
1.934982178415691756e+00
1.867048402031771026e+00
1.709740199695486629e+00
2.065098903938414221e+00
1.909183559588936818e+00
1.966506172185972900e+00
2.227607924816298102e+00
2.037330123425677986e+00
1.651960568315274713e+00
1.970122730629631835e+00
2.100727539335609517e+00
1.995081677384629604e+00
1.886301639675495245e+00
2.235746592343900829e+00
1.855992492957897699e+00
1.776584293362395206e+00
1.452633036945094380e+00
1.109167502435128183e+00
1.079947442722174022e+00
1.313626276482047883e+00
1.551132296861473359e+00
1.789029447497638703e+00
1.681685737783749746e+00
1.423592106875076091e+00
1.543455901352309700e+00
1.792550604646478751e+00
1.936016557956917516e+00
2.006945612975145288e+00
1.937752322501486324e+00
2.263758381381948848e+00
1.695486910822360249e+00
2.003200445170841615e+00
1.922019722796613594e+00
1.968993227317828332e+00
1.480165260932913007e+00
1.286994316623714329e+00
1.159521920877415901e+00
1.319825749058888498e+00
1.123388608727165394e+00
1.480244968994966603e+00
1.469459332143346231e+00
1.468256909138193178e+00
1.391737471134723680e+00
1.592518218294263654e+00
1.676457612331787361e+00
1.914032609176929300e+00
1.786461704183733623e+00
1.856115088078564401e+00
1.662150433409466110e+00
1.960217312778373300e+00
1.795336208043764037e+00
1.933097738150357792e+00
2.004385977105134664e+00
1.742034897387907399e+00
1.736421071980163378e+00
1.769789264476856250e+00
2.147525668573077695e+00
1.736296418273982400e+00
1.640770297881343653e+00
1.368510720177180895e+00
1.474603481064971744e+00
1.652028291502302126e+00
1.917301162002670978e+00
2.094463648344339735e+00
1.945361484319603207e+00
2.114076492679684449e+00
1.983278839894988099e+00
2.190012666766550264e+00
1.817480861518887769e+00
1.668024851358079985e+00
1.630541125433505600e+00
1.530455727979951774e+00
1.454435158936203010e+00
1.458609339890089451e+00
1.171660022008281787e+00
1.278002995744582870e+00
1.422625392857922666e+00
1.195564308339678306e+00
1.502428699810417712e+00
1.646987051481972664e+00
1.536536933044802433e+00
1.835428991040227720e+00
1.655845655819155882e+00
2.056416485879798639e+00
2.125207565911243712e+00
2.065160743480336514e+00
1.623174005254060859e+00
1.426978074499525517e+00
1.640168928215993027e+00
1.652320212170375946e+00
1.536808126484855208e+00
1.865399527402773039e+00
2.070437996016926796e+00
2.200679694452426727e+00
2.092186529277432872e+00
1.918975313685646000e+00
1.927723188229889306e+00
1.500897035597095197e+00
2.034762528147715965e+00
2.218566024317709662e+00
2.539449901204441140e+00
2.255858448750922118e+00
1.973525428252743907e+00
1.837475569085937899e+00
1.657495230367021399e+00
1.412429870893785244e+00
1.243266537932502303e+00
1.454180294016983899e+00
1.537155231142077305e+00
2.127799712260081133e+00
1.986085227608771708e+00
2.205604875691086431e+00
1.970721663087691589e+00
1.614956750521393536e+00
1.469971636045646068e+00
1.499283151404757097e+00
1.469212059672680315e+00
1.170050896941373209e+00
1.374011711352164600e+00
1.950442623915570550e+00
1.893016580747713506e+00
1.678121321929933352e+00
1.836854622448477192e+00
2.019824735205454580e+00
1.577612709119863954e+00
1.636706207481136932e+00
1.672562777989122340e+00
1.660600015684250197e+00
2.205177994643763295e+00
2.268922185016275517e+00
2.010296462747365176e+00
1.637764956156664731e+00
1.954669691450785507e+00
1.904624956200179575e+00
2.030106665357676032e+00
1.964145658041331011e+00
2.074673574058868208e+00
1.591855380858515190e+00
1.292939163244531731e+00
1.818528232132002209e+00
1.764226776943691677e+00
1.928782905497906874e+00
1.774840024162388064e+00
1.416377684907164536e+00
1.720631002903531881e+00
1.505051768694895653e+00
1.517316681430697534e+00
1.733739798812312216e+00
1.733092756169017257e+00
1.925774288562252856e+00
1.887042071614358107e+00
1.940625745173715888e+00
2.247531981665764622e+00
2.055442009722177499e+00
1.840674956077401170e+00
1.968406275472522671e+00
2.154045523630876868e+00
2.269450008286281850e+00
2.238254117284940836e+00
1.946026302216928627e+00
1.602242892933549046e+00
1.836073678482658345e+00
1.814446747136242877e+00
1.934884024991864182e+00
1.973453048245372488e+00
1.558884112800424049e+00
1.580554845710388845e+00
1.509209214403352206e+00
1.601570142420544407e+00
1.520397408961205787e+00
1.282452035583534489e+00
1.411104235394995854e+00
1.374280113175386786e+00
1.795880820534603295e+00
1.479234454240064833e+00
1.288793772730207676e+00
1.522158771461045390e+00
2.036289464306188179e+00
1.839065556071848295e+00
1.727326665348041246e+00
1.845733305239061650e+00
1.537336938137476183e+00
1.576981026355713578e+00
1.401417481327174919e+00
1.470824525113760606e+00
1.192980057101195701e+00
1.190931903377188794e+00
1.266581576857252367e+00
1.277648916748220564e+00
1.230124385851970370e+00
1.152253328413941347e+00
1.120519448451975597e+00
1.337278019278357544e+00
1.358955308693601927e+00
1.239694434409918111e+00
1.383437272058408718e+00
1.835885832546264584e+00
2.371486218917962407e+00
2.413572947905451738e+00
2.553629737153379153e+00
2.245094317586789234e+00
2.241439175736935407e+00
2.177726047442627877e+00
2.083006124082702470e+00
1.752574372850260520e+00
1.943117024464234621e+00
1.934522075096202443e+00
2.330623319157842932e+00
1.955155615009197767e+00
2.510317887929587322e+00
2.095161700304486008e+00
2.100684061239604272e+00
2.043034694795915485e+00
2.106769904528409842e+00
2.163066306156093521e+00
1.950897656964572180e+00
1.753642380147320878e+00
1.696294049489114997e+00
1.480978355254360723e+00
1.642409653105134204e+00
1.312611080680820885e+00
1.375572812674005663e+00
1.304473483214762419e+00
1.686073586900443733e+00
1.898803927882421583e+00
1.736238416367563264e+00
1.670199637640775059e+00
1.824267516931028288e+00
2.295579142915090909e+00
1.960182182114704963e+00
1.871797419487523984e+00
1.615158136163489466e+00
1.753312965245590549e+00
1.712695993442839626e+00
1.523472282884526852e+00
1.706106975735560471e+00
1.476452348027152972e+00
1.508633028947392374e+00
1.712404553281726471e+00
1.580378445316036107e+00
1.519637842191066346e+00
1.639141499154034953e+00
1.330984248028760142e+00
1.314429216585992988e+00
1.389295261385485869e+00
1.380821694251322285e+00
1.401855665342914836e+00
1.449998979192010040e+00
1.815515249613459892e+00
1.870001104549302795e+00
1.866924948393255068e+00
1.599854457458782075e+00
1.505168773151185579e+00
1.349865935612619916e+00
1.701963759592055370e+00
1.474271264568948858e+00
1.642483671664663580e+00
1.474302457791881293e+00
2.003075054236437058e+00
2.201764060123080124e+00
2.192874929782173243e+00
2.263892880474722258e+00
2.234821690047521958e+00
2.516496134928765560e+00
2.368871119098812539e+00
2.356245290057006780e+00
2.206588539910105062e+00
2.290846940116281871e+00
1.714299000251365612e+00
1.749659346639355961e+00
1.895633101767223216e+00
1.858754765835107792e+00
1.624200427684673542e+00
1.578771577630734946e+00
1.520764875182167630e+00
1.486341507426273356e+00
1.732248593521803492e+00
1.543441081293081663e+00
1.644747166495560187e+00
1.648931273873003978e+00
1.631671587789828015e+00
1.659495179753433192e+00
1.654037687022051450e+00
1.502709608338145486e+00
1.679325651124062846e+00
1.508921638359812745e+00
1.745828182715264631e+00
1.612571505641366976e+00
1.847734784001962893e+00
1.853625189857081468e+00
1.610968841596734480e+00
1.483235927783117747e+00
1.156074927949335196e+00
1.613051312002122373e+00
1.724164559139805819e+00
1.573166267538737229e+00
1.684845826718228912e+00
1.931583803086238449e+00
1.621922549923795920e+00
1.791065895605690628e+00
1.447718563189793306e+00
1.341224780810405193e+00
1.499119359831645903e+00
1.623483215759595755e+00
1.502220116270737371e+00
1.771721224580190102e+00
1.347338217448901920e+00
1.807645442839690419e+00
1.634360770797644413e+00
1.714880757581243920e+00
1.479767563056770374e+00
1.863813989083660916e+00
1.730309662618770616e+00
1.703718358020424040e+00
1.491081406407509746e+00
1.470489859636911145e+00
1.626575661563352204e+00
1.373112247302945121e+00
1.622943788002304544e+00
1.718538663791848053e+00
1.838345881356802103e+00
1.767573014318994273e+00
1.755650846607190063e+00
1.718155479659163820e+00
1.502828591460470431e+00
1.703898976659323772e+00
1.860340510386367274e+00
1.651599696915887039e+00
1.316251995987559154e+00
1.747680413686097500e+00
1.843281204638813620e+00
1.798342117233883375e+00
2.048586338365371518e+00
1.794588676751940559e+00
1.762785154029946177e+00
1.509483929771332278e+00
1.796446079340681568e+00
1.952321915090609483e+00
2.051724070241267128e+00
1.645390880751032903e+00
1.800923081163614103e+00
1.980351551451152936e+00
1.453411866539376929e+00
1.626483556494309202e+00
1.903313427241132949e+00
1.626928122665841858e+00
1.512240955214650961e+00
1.845958077045627865e+00
2.212457916238338207e+00
2.241999663441594848e+00
1.765893247783290043e+00
2.020669994538053071e+00
1.927424011817738592e+00
2.090983655057616186e+00
1.907514896902896329e+00
1.511688527178984387e+00
1.437813919451278899e+00
1.757381821460855420e+00
1.729918726304532361e+00
1.588260485559163548e+00
1.497233630053838027e+00
1.335943787400482474e+00
1.257054389171317066e+00
1.504515514890022443e+00
1.596840292347036616e+00
1.519316063685172580e+00
1.770439256889747570e+00
1.990675377695511505e+00
1.789283794479682888e+00
2.057824763809275037e+00
2.263976921708304335e+00
2.199132636760036341e+00
1.631783916087155450e+00
1.503943861240259805e+00
1.538979660152158147e+00
1.491625276593476990e+00
1.433891877201395770e+00
1.287638319315043134e+00
1.254053208715543821e+00
1.506439843723797800e+00
1.577697366238090870e+00
1.496420701184077551e+00
1.485483732197170781e+00
1.779425809188488472e+00
1.759534259761856179e+00
1.693949527336557459e+00
1.704988626052787559e+00
1.805575032247220824e+00
1.548532056679189806e+00
1.777608092631993486e+00
1.607784799018502797e+00
1.618105893283358299e+00
1.506828002655045129e+00
1.528891055676077970e+00
1.621952080583094258e+00
1.577585145120068866e+00
1.798898721634851317e+00
1.661317401364613033e+00
1.713222722628970018e+00
1.888579591515359368e+00
1.684298556253798651e+00
1.548400162068434893e+00
1.733466425346522843e+00
1.830600148771256430e+00
1.499713909867457673e+00
1.504081591387810057e+00
1.640519102037290899e+00
2.037210048459321410e+00
1.956395308958722712e+00
2.120467836044154897e+00
1.844932985099373202e+00
2.093409961779339579e+00
2.402087121109117707e+00
2.099870820097137436e+00
1.652807817175116600e+00
1.513180580920415075e+00
1.405227457129066160e+00
1.633882280286379718e+00
1.576213092097220159e+00
1.523384066914152291e+00
1.626173339064528767e+00
1.650101391378073989e+00
1.675698184875838326e+00
1.439398275608438249e+00
1.744989796033104668e+00
1.674535754273548838e+00
1.638516762898154289e+00
1.488952269517863414e+00
1.571828731165457738e+00
1.800849653804948991e+00
1.618567561815655864e+00
1.468436179287412102e+00
1.358286797861518957e+00
1.605282479306994636e+00
1.540469777884710956e+00
1.728643104362256100e+00
1.803041279747058301e+00
1.842485597930104690e+00
2.126385573229113923e+00
1.635726898559932252e+00
2.024370661076906330e+00
2.008734661852563885e+00
1.993549030280259204e+00
2.034055823681087283e+00
1.664801086466085600e+00
1.868345477084831119e+00
1.900830520998895157e+00
1.699417705221580421e+00
1.883609831906729815e+00
1.981363753265070970e+00
1.460984594580175377e+00
1.331557696106727029e+00
1.243440245793782983e+00
1.518529626084007988e+00
1.419570566937003342e+00
1.556877815359406725e+00
1.691156133088376867e+00
1.580062007574486449e+00
2.294667358984343153e+00
2.167927830364631880e+00
2.131672011389237564e+00
1.775574952917503113e+00
2.240617695042387947e+00
1.892911846390182395e+00
1.996071935736007719e+00
1.871320564358216476e+00
1.940194504501363326e+00
1.761779365701187094e+00
1.904439418851465948e+00
2.124823666810383038e+00
2.215935970198242178e+00
2.386828467014259214e+00
2.636868465318947585e+00
2.234290651868831468e+00
1.879760132611383971e+00
1.778936295892996400e+00
1.559394466444783411e+00
1.796122743521849863e+00
1.929754984160257925e+00
2.457873347743780634e+00
2.196975787718256523e+00
2.206398370177197865e+00
1.795847068614496722e+00
1.946415459209112075e+00
1.801823179814641351e+00
1.762562198510189582e+00
1.813642033970810807e+00
1.768631965613750356e+00
1.848510652326858184e+00
1.647895234675965215e+00
1.957459457072840969e+00
2.047467720799220903e+00
2.135664311744831512e+00
1.537032204161266291e+00
1.789912923491078223e+00
1.971188136572181726e+00
1.589051284716230805e+00
1.819036909706930771e+00
2.030569679448157583e+00
1.724294104185888576e+00
2.312423691011060711e+00
2.095383265673248285e+00
2.300351149282024998e+00
2.524112454115793103e+00
2.250185567636307393e+00
1.960060749859099394e+00
1.579317776111284655e+00
1.414934872933862664e+00
1.563029600935717189e+00
1.702142598522550676e+00
1.914002490252518562e+00
2.064251228684827577e+00
2.314556413529012868e+00
1.807992654550999667e+00
1.725171583142981024e+00
1.990788715865585035e+00
1.353134508938428127e+00
1.250462943626041490e+00
2.053470563056690956e+00
1.957465751280910160e+00
1.914487106782039705e+00
1.955329572028479568e+00
1.980158952401567252e+00
1.505238559119213893e+00
1.513674289895433622e+00
1.274356592537653432e+00
1.417430612746727769e+00
1.413756454632433268e+00
1.463966280268226061e+00
1.329816494383383674e+00
1.354657692935285151e+00
1.468752797732746807e+00
1.174085965137569465e+00
1.639235687527872631e+00
2.195924982267799308e+00
2.182035446114849453e+00
2.445105306919863608e+00
2.367394962890699173e+00
1.883018238693519919e+00
1.740623733216768221e+00
1.764416248930668063e+00
1.531068132385831060e+00
1.294210956359282072e+00
1.509928753448983585e+00
1.196949957284516586e+00
1.314664996315222156e+00
1.675676323943741330e+00
1.803819104124204209e+00
1.849291998516340074e+00
2.214679483757944212e+00
2.286216399601346705e+00
1.962274556253580160e+00
1.808020559019351658e+00
1.942504400037281975e+00
1.482418850621509021e+00
1.962912652013678372e+00
1.793710979051776455e+00
1.668670066115621742e+00
1.827285988260492822e+00
1.641867956000672368e+00
1.842302440210613401e+00
1.897894221673701809e+00
1.803347361719711106e+00
2.275278261811040093e+00
2.287818577396613318e+00
2.184448708616298696e+00
2.517153106623769787e+00
2.162261013960507849e+00
2.118918154896427097e+00
2.046929154036478238e+00
1.733428009919927293e+00
1.877433511300787394e+00
1.482284499236791619e+00
1.472605044347695680e+00
1.343196183129160559e+00
1.435578366765946079e+00
1.619293771264005422e+00
1.861484859853482554e+00
1.715866527911091843e+00
1.750166424072635785e+00
1.818365515228699270e+00
1.790554068119166509e+00
1.587374018897516281e+00
1.809407464038177871e+00
2.042555800661076670e+00
1.701515450480939329e+00
1.911469621722658552e+00
2.002228743142792311e+00
2.027416388058291385e+00
2.158812308321571560e+00
1.985890785501343903e+00
2.180960709427310018e+00
1.977159749599912475e+00
1.749519620046823265e+00
2.234081177989706735e+00
2.230731510789387251e+00
2.208576444555697016e+00
2.257891735977012981e+00
2.072963195400171266e+00
2.165860439183232344e+00
1.907888501004151083e+00
1.649734747472520358e+00
1.480236564676102207e+00
1.734509640053436774e+00
1.873043638448976811e+00
1.807589991384257466e+00
2.095717726786948010e+00
1.745487638410192721e+00
1.862553642144407995e+00
1.588799437198865405e+00
1.864039724293843570e+00
1.841888256617554731e+00
2.089559127837689712e+00
2.226569603685436771e+00
1.976452063723396435e+00
1.954425661053220242e+00
2.475503069611533213e+00
2.058171054487258900e+00
2.409537768737972652e+00
2.079017360969401818e+00
2.193191113732966713e+00
2.474196428667958525e+00
2.168870414929115142e+00
1.888516350945333988e+00
2.257998180135948552e+00
2.428581294265955481e+00
2.590319499319260199e+00
2.466762476753806776e+00
2.426105540862844023e+00
1.700749034887865108e+00
1.686433428971819914e+00
1.624313565228414635e+00
1.512203886427423871e+00
1.820104433009728240e+00
1.439517280344656092e+00
1.292454037927954769e+00
1.478531516930771561e+00
1.426397192766575062e+00
1.714929438867607292e+00
1.712346688271124684e+00
1.744808538670241438e+00
1.548443228981247088e+00
1.581575799306633501e+00
1.564903886518758558e+00
1.587918349733256740e+00
1.217097725832761101e+00
1.615207543389681533e+00
1.731653610368272034e+00
1.757259593134231856e+00
1.791467476769467826e+00
1.741822729666630210e+00
1.600659716788758846e+00
2.084218351961871996e+00
2.379125318344809781e+00
1.820635682713843018e+00
1.765328769382773277e+00
1.963403541219667536e+00
2.028822426642175270e+00
1.903098318703308811e+00
1.938398204656840207e+00
1.624254054142148185e+00
2.115149520382467507e+00
2.542619324537975789e+00
2.332947056309981892e+00
2.413844906771301257e+00
2.534259252992552724e+00
2.700062124200943714e+00
2.206891216948366985e+00
1.776312569407744624e+00
1.592992129053507400e+00
1.518309382192505552e+00
1.565593927869840307e+00
1.566052374016327020e+00
1.762243183178025863e+00
1.433760520669267402e+00
1.532039076744078798e+00
1.515059277829758910e+00
1.485136453861179540e+00
1.505620665784544343e+00
1.855132264339118153e+00
2.540836438719599855e+00
2.367951334563731969e+00
2.359149309841192199e+00
2.192295353498560306e+00
1.798474196137616055e+00
1.404592604816248924e+00
1.556373933599371373e+00
1.948854071291911128e+00
1.829150904950766821e+00
1.679475492719209928e+00
1.495853453838560165e+00
1.944682718136631072e+00
2.009682383537341632e+00
1.972820281202610104e+00
1.991959734479939348e+00
1.907730438843241672e+00
2.234340382982888951e+00
2.068407128735688882e+00
2.149109431728202679e+00
1.981976303200287948e+00
1.833084352444636522e+00
2.040403782964305357e+00
2.089986035073946091e+00
2.201741731484259557e+00
2.034486595491662442e+00
2.134308865471076011e+00
2.107600855376179805e+00
2.095972024540598166e+00
2.366676820818127691e+00
2.001419465133568831e+00
1.979821762912193028e+00
1.860183560501740052e+00
2.284457926102804848e+00
1.842952909287975949e+00
2.022062991111723829e+00
2.493740176725383506e+00
2.101352813792107366e+00
2.546166486783123073e+00
2.097449505197084729e+00
1.646067130796436517e+00
1.645273039563378337e+00
1.633303658379731793e+00
1.616528297714501683e+00
1.598405627384063221e+00
1.624396147650610134e+00
1.327169398133117406e+00
1.547015253074269125e+00
1.895711313148029209e+00
1.502591779244857539e+00
1.997312690236485722e+00
1.927601029377470132e+00
1.917822437811254277e+00
1.450708690962986491e+00
1.330517142778270046e+00
1.570120771775239454e+00
1.738624820023417561e+00
1.981419664998562258e+00
2.194682926152011770e+00
2.104666482897300295e+00
2.392486664212574610e+00
2.030779530594732929e+00
1.898889315288684543e+00
1.571570458342187671e+00
1.631533899411139688e+00
1.588282016572925670e+00
1.791651381369028462e+00
1.738032940016997152e+00
1.420320565177691563e+00
1.308622296130757867e+00
1.253587897661085027e+00
1.177731378627212555e+00
1.257275765651107768e+00
1.662399168645150915e+00
1.628673641727635957e+00
1.653488533448606690e+00
1.391090876558885192e+00
1.391584971042287400e+00
1.418918291528484144e+00
1.463679823458958085e+00
2.030495026889439725e+00
2.195285815412986619e+00
2.818257449077352206e+00
2.680882412557274108e+00
2.663275422898806699e+00
2.276622381169464138e+00
2.280401333708369727e+00
1.994179188321462348e+00
1.651298261185872862e+00
1.868885649435839014e+00
1.638306417377167312e+00
1.535700560828350714e+00
1.371080426671127395e+00
1.478683239876300792e+00
1.196220074538231204e+00
1.361666913834280956e+00
1.264207917217675448e+00
1.512495123800794206e+00
1.400947151837936833e+00
1.569948548319406889e+00
1.249678996697903166e+00
1.437413860135057009e+00
1.458995239641886377e+00
1.470450094806990293e+00
1.215249425563190488e+00
1.142078229135394585e+00
1.542297759929971424e+00
1.453118050337169898e+00
1.693696375136734211e+00
1.822328932448086025e+00
1.674823793114241788e+00
2.008776660995545082e+00
1.488624275803297037e+00
1.724434742637168005e+00
1.767331543280714401e+00
1.967461539405374715e+00
1.819466972385450632e+00
1.853198630147792958e+00
1.725276121673254170e+00
1.230397780867550139e+00
1.619544634169641117e+00
1.537598445206707076e+00
1.532139650577597045e+00
1.751794644774148146e+00
1.739717914947696009e+00
1.599032987940365302e+00
1.536548260405039779e+00
1.666242046149498668e+00
1.627089979375345052e+00
1.996383625217540869e+00
2.026808223941084286e+00
2.294258212816998821e+00
2.151145093900435068e+00
1.935716592963414362e+00
2.073465072705832579e+00
1.791537325670382819e+00
1.791715044553761516e+00
1.594023637425835194e+00
1.961179990646947147e+00
1.795598609945004087e+00
2.004279876623181966e+00
1.558170464248467280e+00
1.349725636622512992e+00
1.626685251817211908e+00
1.702007302951688450e+00
1.424859810252304682e+00
1.709491928664239158e+00
2.040026123352798759e+00
1.826584357870161046e+00
1.497861843043795993e+00
1.297046565791128092e+00
1.489326643652554960e+00
1.246135789414249961e+00
1.410347287517196513e+00
1.235171821741402054e+00
1.414027254288497737e+00
1.411439555319919714e+00
1.860194298972070115e+00
2.179401787525870660e+00
1.857901632990794472e+00
1.728793399777764250e+00
1.568321144511606313e+00
1.417016620548846362e+00
1.397901913313304156e+00
1.499246215815699834e+00
1.339625112324185352e+00
1.733331433973778646e+00
1.917864351328808059e+00
1.871413496290232459e+00
1.633303354920640160e+00
2.075342976256461469e+00
2.094592005100397891e+00
2.071052681541121654e+00
1.886566117726450109e+00
1.686406776153740017e+00
1.472772078942342855e+00
1.631010435722901164e+00
1.317004677737311669e+00
1.390170632792379291e+00
1.707580646791142520e+00
1.361708966637427132e+00
1.163177939499154601e+00
1.552909264082791729e+00
1.628918169224041979e+00
1.842321168815884036e+00
1.594159332293215492e+00
1.855184524082307052e+00
1.554108358039707483e+00
1.519135994475216966e+00
1.858152789030803165e+00
1.752210712546430571e+00
1.846173097720988254e+00
2.253352762852766311e+00
2.279795537457671273e+00
1.937438202935233722e+00
1.883895305031705991e+00
1.713815751046907643e+00
1.738854331604293924e+00
1.543299658092347038e+00
1.863756139825586189e+00
1.640992017042548712e+00
1.709917707367260009e+00
1.217034378596320021e+00
1.281536872017884576e+00
1.426305186294411609e+00
1.931674414221348002e+00
1.604272241106482699e+00
1.532981497417690742e+00
1.408209089025184602e+00
1.544770002960304423e+00
1.518382932415084596e+00
1.864352406527744810e+00
1.777406472134415383e+00
1.797957251811745039e+00
1.584402958942096262e+00
1.770771622622564045e+00
1.743939740405014094e+00
1.394839602278412416e+00
1.459879716213960954e+00
1.437079571496802988e+00
1.492323098302510642e+00
1.636821751690611393e+00
1.470456561931083428e+00
1.647871548246164997e+00
1.658239162465167560e+00
1.731340756146714455e+00
1.814829561377082401e+00
1.723469953208275118e+00
1.786981559159686483e+00
1.976537615966948325e+00
2.064396390632431189e+00
1.953766999886704658e+00
1.987710090256770590e+00
1.807615524091709780e+00
1.894481527993154835e+00
1.651907319087411841e+00
1.291970682614378640e+00
1.718023705383622257e+00
1.902980469573936295e+00
1.925013036971465086e+00
2.009656677204004094e+00
2.023461284310670738e+00
1.955234511560217658e+00
2.000051354173393303e+00
1.793683279603595970e+00
2.169023803696791486e+00
1.727501645440537859e+00
1.700204034147890120e+00
1.688822210164758308e+00
1.535735993195025406e+00
1.327774500532703295e+00
1.239147043404439152e+00
1.413606534660729830e+00
1.662067650951362330e+00
1.974973644001288164e+00
1.718483564665203467e+00
2.108548761810726369e+00
2.026305785728846676e+00
1.903894475105957884e+00
1.787917971058560873e+00
1.787297928805023250e+00
1.588721744804048264e+00
1.390506532623707159e+00
2.032584394419952201e+00
1.608588727303283505e+00
1.846210560474191853e+00
1.440199043109835042e+00
1.480399408814467410e+00
1.154988345298135544e+00
1.207629525690179673e+00
1.371039888252341576e+00
1.334319469111713063e+00
1.242844060650936777e+00
1.493861380768296776e+00
1.856799043578366781e+00
2.301331019594022642e+00
2.391313026602872593e+00
1.702350700419320795e+00
1.576782588247920280e+00
1.225095484426485193e+00
1.344687734164963011e+00
1.711135452225877929e+00
1.740832171485479751e+00
1.513234174413476296e+00
1.902909790871926576e+00
2.078593078078820877e+00
1.837903460721475923e+00
1.708800230019871691e+00
1.284888969077910836e+00
1.446744799377896351e+00
1.597886179933354134e+00
1.807643941300363544e+00
1.455436346402297687e+00
1.704347069772255585e+00
1.364919028038701132e+00
1.488767839283836381e+00
1.613455132979502160e+00
1.788171456348174759e+00
1.732205904857515355e+00
1.687872121305469264e+00
1.748415721672638812e+00
2.003635588270891610e+00
2.055665245565386101e+00
2.041967131252887757e+00
1.483811902532770732e+00
1.624189290252091356e+00
1.367184975459291074e+00
1.467215157967748596e+00
1.645541211952537886e+00
1.893879500806112448e+00
1.918457488024868596e+00
1.752177985985482911e+00
2.019534362608178313e+00
2.035825430887172161e+00
1.832338378631214626e+00
2.088626630033802112e+00
1.986247202149766355e+00
1.730849909298296074e+00
1.368936237194399386e+00
1.395418003897535453e+00
1.382656429962016986e+00
1.253686442896733588e+00
1.422720848377999836e+00
1.227627388168522904e+00
1.933891599931440552e+00
1.723010086782374106e+00
1.650509155145802431e+00
1.835628449392205042e+00
1.863611085692049585e+00
1.539992463857530414e+00
1.476147685140566379e+00
1.894713757709743041e+00
1.847792320346685946e+00
1.726252024799489027e+00
1.344779012729849121e+00
1.469734232097801074e+00
1.259567260118558796e+00
1.263528553887054429e+00
1.323029046979421031e+00
1.328306390092890865e+00
1.471388307102525994e+00
1.553372201639368733e+00
1.417421959473990301e+00
1.414751530463132623e+00
1.580128047039903727e+00
1.416738904031439095e+00
1.477015659346885723e+00
1.096576330321045623e+00
1.374937904706830416e+00
1.395520378369981662e+00
1.561637897551875653e+00
1.435868110056023772e+00
1.717157548487736607e+00
1.515180841889414376e+00
1.790349650100973911e+00
1.444120219614840162e+00
1.291294409995306758e+00
1.257984044910016808e+00
1.693108856162897968e+00
1.654020578551030018e+00
1.386720201101554251e+00
1.535232730049361338e+00
1.882472845647642501e+00
1.959686788169660687e+00
1.805447889848000642e+00
1.970885647829287324e+00
2.331914567922007908e+00
2.283499970099100107e+00
2.124248996066662620e+00
1.821347873326640610e+00
1.726054520761982403e+00
1.838021014900606431e+00
1.717842833177715578e+00
1.921026482306222638e+00
2.174132012176960504e+00
1.731851507707359294e+00
1.666450579959003919e+00
1.694032967900960474e+00
1.373866812366075552e+00
1.319472775185741575e+00
1.694311358126675104e+00
1.702197244577280388e+00
1.859500320026277853e+00
2.107359701530531648e+00
2.095950667986083982e+00
1.974669951470367169e+00
1.857172874197305923e+00
2.514948217972652778e+00
2.441413190419821078e+00
2.482559377630797925e+00
2.548273463009528950e+00
2.124210122772579368e+00
1.805533560198801624e+00
2.072346869620593335e+00
2.191548842323013613e+00
1.983711683973972573e+00
1.549537645902797633e+00
2.031508059482750816e+00
2.027339808177577307e+00
2.416985857699541107e+00
2.631117309875687038e+00
2.741187318938114625e+00
2.803746822773990122e+00
2.140175325371895809e+00
2.209002526349564732e+00
2.031778705032391663e+00
1.790722945796594745e+00
2.241991483714600886e+00
1.809961214445529043e+00
2.190657584727488061e+00
1.861384147621491625e+00
1.499466990294755053e+00
1.697729948743991857e+00
1.679717910740237130e+00
1.734242120900462147e+00
1.491112043816611221e+00
1.529608383773224389e+00
1.965581843222363068e+00
1.657411502818568527e+00
1.556228008780408567e+00
1.898826998471361938e+00
2.159985013861286163e+00
2.047328022723184038e+00
2.155027305632766677e+00
1.974025342037152519e+00
2.058168466489265658e+00
1.791649998473577643e+00
1.748363714634439070e+00
2.046625051139606466e+00
1.958517000983118539e+00
1.878114391667999428e+00
1.832687790203091360e+00
2.275271595614476006e+00
2.504169481296790067e+00
2.474711681601874602e+00
2.607692783453799290e+00
2.013789420675019315e+00
2.150396435804117878e+00
2.157956231690308702e+00
1.996869263318257870e+00
2.014863548749474376e+00
2.027479095079078419e+00
2.204644376861617072e+00
2.217008629028999422e+00
1.665561748026111788e+00
1.458971446297225860e+00
1.723937627762459401e+00
1.850996859167677755e+00
1.963314271143333789e+00
1.945696716321438702e+00
1.677572352321054838e+00
1.648663807621486344e+00
1.497191300348976073e+00
1.561135312021124433e+00
1.536470404340642082e+00
1.600613081564876472e+00
1.755981294395531300e+00
1.693507728640410548e+00
1.640719045302394763e+00
2.022443241416245652e+00
2.569504822509456332e+00
2.726535390971564610e+00
2.234729958666795024e+00
2.312675309161784654e+00
2.493255674978128944e+00
2.333416518315830412e+00
2.095658974539981845e+00
2.114551920624503811e+00
1.799641212345744368e+00
1.974192114124099007e+00
1.897769246846890745e+00
1.790455706697741789e+00
1.725524885302393674e+00
1.775254660652739735e+00
2.102753891597742619e+00
2.041804423821765635e+00
1.541747914107361339e+00
1.558974523837143300e+00
1.715810854041332822e+00
1.905445434109208414e+00
1.444998956549362834e+00
1.819242686416258081e+00
1.598042880382279929e+00
1.887628167490423836e+00
2.111084221823964047e+00
2.114310337628102943e+00
2.418454847112200046e+00
1.711206405180130119e+00
1.619242676871425424e+00
1.480135378019945769e+00
1.634618847063707081e+00
1.872688388918452240e+00
1.992140336795432676e+00
2.047509668020070617e+00
2.330911480577215311e+00
1.672222924175416736e+00
1.575506179538106233e+00
2.285929669939052555e+00
1.905155418569792758e+00
1.957703011696243056e+00
2.210044767849594916e+00
1.916708276706447167e+00
1.968857825466728162e+00
1.602324764819667680e+00
1.958429112967204011e+00
1.801311907194324435e+00
1.892718071170750083e+00
1.407247325850266462e+00
1.467796906414289504e+00
1.225257937668176478e+00
1.107214118288620819e+00
1.286911182467513015e+00
1.545553568456266902e+00
1.508408518026801204e+00
1.561379447891146688e+00
1.535936543504685670e+00
1.460381420923245965e+00
1.423905117285501953e+00
1.677483731186694804e+00
1.724353334238692526e+00
1.836565548706899254e+00
2.015469094451526555e+00
1.828366363447629261e+00
1.758464065755351191e+00
2.244821415681210297e+00
2.337027662934226591e+00
2.535617485474681576e+00
2.358246493948308764e+00
1.871491904197540412e+00
2.391468397967932979e+00
2.600892468728612350e+00
2.328162761252318802e+00
2.100258744511268372e+00
2.023434457492365279e+00
2.580292103593260222e+00
2.162659828243711946e+00
2.120213286128901142e+00
1.893151384233157319e+00
2.264755697252800459e+00
2.268918184759949774e+00
2.589927566696515360e+00
2.085843223454706408e+00
1.662993419426828545e+00
1.562218699714881254e+00
1.878341080072583269e+00
1.775190970207476404e+00
2.115948726423527049e+00
2.169147119050563788e+00
2.251060340443942653e+00
1.830190299904329354e+00
1.353070915386592965e+00
1.303333973096077569e+00
1.208758591518821257e+00
1.312622734593239526e+00
1.406444453341534562e+00
1.759373729138483444e+00
1.866376667611286511e+00
1.639624585969284176e+00
1.620217393966402852e+00
1.288180051595963604e+00
1.654777182637423127e+00
1.579428696767947393e+00
1.880512339885287210e+00
1.810900044508389373e+00
1.850457120911891629e+00
1.893476722139403323e+00
1.844398282053904214e+00
1.942721981208345161e+00
2.000000559631625929e+00
1.763706857063695344e+00
1.620144557453621736e+00
1.984252838183135026e+00
1.861034032460579857e+00
1.874900522346126142e+00
1.777853652088410730e+00
2.236932416500640119e+00
2.134086581661742699e+00
1.962548089316614508e+00
2.460210710462626515e+00
1.897869481696775384e+00
1.939312174401651268e+00
2.067927162669527696e+00
2.067985217751243443e+00
1.554917056342200787e+00
1.623453695567003141e+00
1.316973101252889355e+00
1.819556061908951028e+00
1.681308977921087688e+00
1.440359770990817800e+00
1.633293200217446284e+00
1.470056935804466836e+00
2.091530759727179500e+00
1.956001594751588302e+00
2.150881545488937174e+00
1.807357157489007493e+00
1.983207386970922137e+00
1.953922178741028581e+00
1.806645492637455108e+00
2.238119990688306249e+00
2.099833892779743305e+00
1.869484725596351815e+00
1.913128987897094291e+00
1.429501663395168265e+00
1.604445594238621986e+00
1.629521787626817320e+00
1.300204045660984908e+00
1.609036445310912944e+00
1.608008450432051761e+00
2.204135396186085671e+00
2.378537229585146573e+00
2.195325383853069301e+00
2.295885448682991381e+00
2.084482623061969964e+00
1.712806095877885459e+00
1.163097436723182332e+00
1.231065268373661592e+00
1.445117159011925390e+00
1.841774385875254216e+00
1.962979280615364308e+00
1.863686927933058346e+00
1.879275904133656416e+00
1.902158961853208652e+00
2.026804273815578039e+00
2.203375310519921637e+00
1.856647907288612620e+00
2.073350630823582730e+00
2.253022295135957531e+00
1.835850390038950897e+00
2.195494669675891242e+00
2.431021634856920244e+00
2.227936399532815415e+00
2.159734099776279503e+00
1.997548591599213275e+00
1.930123251457867672e+00
2.238707589201499371e+00
2.070448393109788121e+00
2.266654880676977513e+00
1.985509402816146407e+00
2.005117410197643668e+00
2.175548216788282918e+00
1.616242221753675157e+00
1.563017684803193807e+00
1.482728422182078676e+00
1.333815473590643341e+00
1.654294456289575166e+00
1.613015091148588098e+00
1.788254754869834873e+00
1.681061325562953845e+00
1.445936092275454943e+00
1.200396078665472821e+00
1.198308069372199913e+00
1.310871540249956446e+00
1.829341098554088552e+00
1.548787633031514455e+00
1.455388857094261912e+00
1.467786069966140472e+00
1.357207349973954980e+00
1.518838002876032878e+00
1.553025449982251116e+00
1.531016865961039031e+00
1.717633612946044996e+00
1.609235496642540175e+00
1.685278135424537416e+00
1.719563274817398124e+00
1.542003140665366034e+00
1.698784401555480716e+00
1.521677895228738420e+00
1.505973100416111210e+00
1.206639797395915092e+00
1.383949371382263482e+00
1.249492613969462429e+00
1.341806744475407376e+00
1.755468329752683632e+00
1.616089557627376827e+00
1.460428122227880987e+00
1.639338890534049131e+00
1.673135810464430495e+00
1.659628797523128529e+00
1.502060938525618949e+00
1.208104473253896138e+00
1.346816746384973840e+00
1.481648432966342410e+00
1.883852426040272254e+00
1.487200284330254751e+00
1.518372799215808922e+00
1.373138541867058082e+00
1.450717657195438992e+00
1.655046405331806358e+00
1.511558344878354943e+00
1.591642067433818530e+00
1.805251562523261244e+00
1.487027204601294672e+00
1.295989980137481901e+00
1.015366932464790262e+00
1.152591401001779259e+00
1.415605329081063957e+00
1.707783646102499553e+00
1.709360662691973065e+00
1.830250697017037131e+00
2.238088268371573264e+00
2.210804426460365235e+00
1.742037143461482307e+00
1.901181406084352155e+00
1.737809612095604805e+00
1.492087648590127991e+00
1.854222290577017151e+00
2.007651992048463452e+00
2.417125266041287190e+00
2.145116687668705779e+00
1.885717289384086559e+00
1.499819254135306590e+00
1.518141574050668074e+00
1.278850902554895086e+00
1.321200174850594600e+00
1.226098998183205113e+00
1.395842029698578290e+00
1.240993799472017267e+00
1.204000164928789474e+00
1.431845827504626190e+00
1.223411722122848877e+00
1.554418590746208251e+00
1.189212012134651886e+00
1.464951237593157041e+00
2.017051959771989367e+00
2.115134025406260054e+00
2.044467884350695375e+00
1.830181464938565927e+00
2.551307875468519004e+00
2.188235951825334258e+00
2.133690331967314169e+00
1.935779942544603394e+00
2.090775794693963352e+00
2.261201892387726176e+00
2.040247636353290428e+00
2.103783188564779749e+00
2.076236480582436705e+00
2.075337078827201420e+00
1.796669560076166849e+00
1.936344955275503210e+00
1.996318566008474349e+00
2.320064302093986619e+00
2.294201421112808337e+00
2.020579371231878696e+00
2.139978943946155621e+00
2.143182331407235797e+00
2.250053311124002420e+00
2.222004888636266440e+00
2.413175356029332974e+00
2.120050838090020040e+00
2.316563516907245379e+00
2.031090044466002720e+00
2.017528750611969013e+00
2.066948388936659775e+00
2.216860641519466935e+00
2.108138198553617393e+00
2.136441086007008661e+00
2.116855708097086453e+00
1.951027383186321407e+00
2.030867022901789110e+00
1.906715112446170313e+00
2.193404313059828414e+00
1.651109310016860121e+00
1.710975906636851507e+00
2.366225076972922725e+00
1.906402639319165759e+00
2.148531153143123262e+00
1.826035222113267187e+00
2.087558735478092675e+00
1.952070800952380170e+00
1.733051135231441719e+00
2.030350809752889951e+00
1.883485932124651319e+00
1.704098165039925838e+00
1.730586498127063111e+00
1.587924137587564122e+00
1.889253750519428898e+00
1.985781834174804139e+00
2.083466481494363975e+00
1.973085804208843275e+00
1.993917112707441097e+00
2.232240607544671018e+00
2.117687815742681501e+00
1.777572434724401518e+00
1.854274166535379909e+00
1.368164613505408411e+00
1.195407431725069136e+00
1.541466070317958570e+00
1.426187055906346535e+00
1.389808061705590125e+00
1.266479082008264090e+00
1.299321507539680898e+00
1.842446550727178334e+00
1.601697675892576278e+00
1.333803531290232769e+00
1.642259793340283158e+00
1.747440315239554565e+00
1.930168308005616895e+00
2.109609875039395899e+00
1.760056502855911198e+00
1.851901559074033532e+00
1.878848635916536836e+00
1.978807630768332659e+00
1.950158625430927772e+00
1.436708236375213721e+00
2.095674818225921943e+00
2.338011864377523619e+00
2.052589568614286986e+00
2.384178629964296192e+00
2.255675144322637049e+00
2.426929732912073590e+00
2.411676646151183157e+00
2.232598992914613056e+00
2.205738151126042990e+00
1.868805314796295747e+00
1.732215574031255700e+00
1.456050334073838215e+00
1.490113341384524226e+00
1.665496193088536137e+00
1.870810609393711577e+00
1.644023620481241510e+00
1.926344825437670494e+00
1.801990411475577147e+00
1.588154007158224523e+00
2.039795784162707459e+00
2.028638008546701954e+00
1.531408800886290500e+00
1.724689372221339667e+00
1.472756244384954893e+00
1.326028258826526196e+00
1.282970040257627176e+00
1.314859920285720740e+00
1.522247159527922999e+00
2.014898127377161785e+00
1.740537419825051835e+00
1.600224202343763835e+00
1.699359863511687552e+00
1.395547479941685154e+00
1.784920767132168073e+00
1.668569342200379113e+00
2.044857479306620540e+00
2.175402301565396268e+00
2.102710306709500099e+00
1.776455441833322713e+00
1.976821642863468398e+00
2.115773251618978890e+00
2.056189141063930137e+00
1.748168389656614696e+00
2.425569661613886652e+00
2.115159707778413445e+00
1.843373376745183867e+00
1.643583714627365300e+00
1.464389114496766453e+00
1.786829387299898819e+00
1.458050214651436693e+00
1.649223888336062815e+00
1.673564001019402614e+00
1.810020382101439784e+00
1.607443082920150035e+00
1.751327564612295440e+00
1.849516841523783928e+00
1.635916441239343433e+00
1.525034642010888231e+00
1.428321414739437190e+00
1.848050582360351246e+00
2.005071038017766760e+00
2.111752624139478396e+00
2.023192717639071159e+00
1.969552280826621704e+00
2.025008444288423970e+00
2.042443990972792278e+00
2.076444650508895595e+00
1.811511952027670347e+00
1.856536116944967008e+00
1.626646062220856059e+00
1.637619839659172571e+00
1.594031236370827997e+00
1.557878149884150076e+00
1.260344901471367685e+00
1.348224128088870488e+00
1.512456576925969243e+00
1.393511908693263468e+00
1.360807649522316254e+00
1.422814408735317837e+00
1.536147981717856492e+00
1.488052080610307248e+00
1.779078729243349422e+00
2.177863241360676216e+00
1.826664384673391872e+00
1.510162257694840582e+00
1.898463313957527987e+00
1.960803590722036249e+00
1.921086221038653896e+00
1.820252514404844479e+00
1.452757415804646568e+00
1.377318068745348789e+00
1.394048765585368166e+00
1.614597335743578999e+00
1.855878797565631677e+00
2.129742939498549426e+00
1.756037659631471515e+00
1.884899647420179569e+00
1.995827495343445168e+00
1.754439046816112402e+00
1.747239042034103740e+00
2.060040028246326038e+00
1.877416728992885808e+00
1.599488167840509512e+00
1.449963004042463366e+00
1.287297386653512454e+00
1.305555002486210592e+00
1.605823793346440098e+00
2.046804598341709802e+00
2.272974389555635799e+00
2.210114071742124597e+00
2.515733728083069387e+00
2.760577183787696676e+00
2.628481822503851539e+00
2.442268569248806198e+00
2.007402951451701778e+00
1.862481052241896196e+00
2.118025189088029947e+00
1.883610737927170042e+00
2.263595587548678179e+00
2.148434356067758344e+00
1.718521861763534053e+00
1.803020771328362359e+00
1.881265664051914088e+00
1.881958250223882745e+00
1.136877891085795511e+00
1.440292630618437153e+00
1.330346627051837816e+00
1.400250447951311372e+00
1.512644188712616966e+00
1.728469216572195766e+00
1.491561622920688057e+00
1.579741499457638199e+00
1.962565941270250081e+00
1.642916073558747359e+00
1.396423331372600440e+00
1.580585652647495287e+00
1.909338865962324494e+00
1.797065820547290471e+00
1.609964109406127664e+00
1.560275348307963661e+00
1.620339836748166285e+00
1.555582092739176803e+00
1.717725722908196140e+00
1.709631930078010287e+00
1.922594023783876116e+00
1.719278469693967581e+00
1.802774403130272152e+00
1.324604428895092223e+00
1.367821947134749916e+00
1.430561836721576219e+00
1.623068555542919178e+00
1.683538377698366340e+00
1.923369291300453199e+00
1.920906225924064792e+00
1.787810083334760325e+00
2.093131620502332702e+00
2.372886392820428458e+00
2.421597961835864510e+00
2.529497673918061906e+00
2.317501053601186634e+00
2.475474557761782712e+00
1.910066340453379752e+00
1.948259071594004688e+00
1.683472629593734560e+00
1.827357121589397115e+00
1.941039635635110505e+00
2.093740087013561624e+00
1.778075523098689992e+00
1.717442324108308327e+00
1.834624588562026037e+00
1.397849249884339118e+00
1.866212168465637422e+00
1.812772560944038602e+00
1.989083375560031675e+00
2.085009341312900943e+00
2.138932551641873125e+00
2.010827166382079145e+00
1.931854248418846787e+00
1.573763498803351979e+00
2.113759672792147271e+00
2.204950751106689477e+00
2.121815857488871249e+00
1.928651354260931372e+00
2.439256341134275363e+00
2.521519044602281046e+00
2.212365384065560825e+00
1.899016360845680040e+00
1.797786896527939993e+00
2.006448880328941975e+00
1.730317616847624196e+00
1.949193825172773842e+00
2.120809008331609569e+00
1.890348332110655782e+00
2.219845512749147876e+00
2.294422234959648144e+00
2.283777459072198646e+00
2.306051247889300271e+00
2.164763972202382813e+00
1.870509113822776515e+00
1.790461946086397305e+00
1.669329529542427970e+00
1.570466846667546656e+00
1.576153461496332620e+00
1.503012319189776846e+00
1.827631144806776575e+00
1.288200747619251407e+00
1.998966373947156372e+00
2.063922085116942196e+00
2.085949764849488908e+00
2.017796875779194643e+00
1.917211312495587849e+00
1.767652148281630531e+00
1.571889979594346620e+00
1.951901615800645251e+00
1.587697211791524676e+00
2.232917387923576857e+00
2.038680318938308922e+00
1.730679006068447823e+00
1.687287137933203285e+00
1.707611584501809165e+00
1.362372204232127793e+00
1.404336553854834690e+00
1.378353098107504060e+00
1.492532053479889154e+00
1.353677064867792934e+00
1.173316774497213943e+00
1.326755251152765602e+00
1.234279972222354749e+00
1.654973656624891154e+00
1.907348066522459806e+00
2.032008598166572977e+00
2.233987683119424084e+00
2.179041001930202892e+00
2.100731189126225029e+00
1.649025768771985812e+00
1.873361128833564315e+00
2.150032682712271992e+00
2.396319062053561488e+00
2.305793593221551419e+00
2.210201962257100305e+00
1.766949514463707516e+00
1.758905633841082228e+00
1.418994051339017570e+00
1.894219833846616297e+00
1.855469651029583167e+00
1.665419008174987114e+00
1.877132409233756682e+00
2.040737260423731936e+00
2.235948488726804850e+00
1.819291668861320987e+00
1.912722970142424650e+00
1.878904944390303200e+00
1.907571773194361775e+00
1.649012317860562904e+00
1.772215634193432088e+00
1.626405142906199863e+00
1.769003776491510749e+00
1.633741829436105464e+00
1.747167802647409562e+00
1.862680125215643745e+00
1.366971080739700861e+00
1.697720428215502952e+00
1.826423049759724693e+00
1.703145107799952207e+00
1.951997727748726152e+00
2.123435918744689843e+00
1.919629393682770857e+00
1.774792796166568820e+00
2.309309134583175549e+00
2.059720421137620772e+00
1.843121482150542834e+00
2.131666375275259817e+00
2.300910310299268069e+00
2.465196145147910300e+00
2.607721611206629930e+00
2.464846335136724242e+00
2.462656152274345089e+00
2.057643814016988593e+00
1.867766552164598970e+00
1.998636338696551995e+00
2.171969748192615679e+00
1.730788508258812586e+00
1.762380219548056903e+00
2.440139966653310122e+00
2.270892715614210911e+00
2.112970649999599271e+00
1.988797312775715476e+00
2.005350512339906022e+00
1.706965171027091888e+00
2.188098643786961173e+00
2.246047511738831215e+00
2.388689395784142189e+00
2.151470244679920096e+00
1.663852571643454681e+00
2.223558354296490513e+00
2.221346743735543861e+00
2.261476617284785995e+00
1.994775991880655575e+00
1.687069204674336298e+00
1.903737374922637615e+00
1.816730860301475126e+00
1.484637535422658638e+00
1.845356994605050760e+00
1.755972917716798865e+00
1.845211664668710672e+00
2.106753579881869953e+00
2.166192373782843461e+00
2.347879208450429633e+00
2.210312680880646585e+00
2.344425421069508797e+00
2.254817169464266247e+00
2.299784011359297331e+00
2.116996418910483069e+00
2.136756074907002478e+00
1.992047780444000438e+00
1.718626324360536861e+00
1.388719809927561943e+00
1.576118010611866627e+00
1.852629326489364736e+00
1.780076517388527568e+00
1.670297791078907412e+00
1.532029462814108678e+00
1.565710290233786939e+00
1.391539571752837823e+00
1.090921702294124662e+00
1.615998087139477235e+00
1.309718877786591795e+00
1.710698414260438671e+00
1.893947393455026607e+00
1.553987640353287958e+00
1.650954148937687993e+00
1.345589375289816481e+00
1.343468350193342653e+00
1.271572419377090979e+00
1.291220346518364703e+00
1.440556906176937657e+00
1.197454192508971005e+00
1.468137735798799248e+00
1.769719476759700205e+00
1.811551451714527916e+00
1.588029575342795097e+00
1.565341836376006324e+00
1.447023946447210774e+00
1.345355606633445555e+00
1.631331554824657193e+00
1.370519881768658577e+00
1.372182370216434855e+00
1.288899332893381988e+00
1.262720570916952889e+00
1.353699259813623712e+00
1.569022905472321705e+00
1.396089740564516291e+00
2.029580195785505747e+00
2.204998256301937243e+00
2.237489094564553138e+00
2.059894515917841229e+00
1.668457839890258088e+00
1.619783162566132306e+00
1.618105080104986104e+00
1.741006672746184369e+00
1.447519883448183275e+00
1.630499649513004190e+00
1.646934182424809157e+00
2.110686550427721020e+00
1.838746520204044721e+00
1.747496334535896256e+00
1.739021048843308215e+00
1.491903842658095503e+00
1.354486664093965231e+00
1.433232824432677077e+00
1.356465933310187166e+00
1.312511793422310724e+00
1.306695694503993366e+00
1.362822134089695769e+00
1.570468505888145794e+00
1.639324888944047265e+00
1.799514715408439436e+00
1.718299429378888021e+00
1.597540020070386202e+00
1.534603933681972787e+00
1.317295153942006802e+00
1.403979223845454705e+00
1.764140810424447814e+00
1.840077693630344235e+00
1.761513485840647153e+00
2.136327016184839778e+00
2.187512859972172485e+00
2.169685783056465755e+00
1.813095299916676284e+00
1.545418383018067887e+00
1.763503006901794512e+00
1.871354943035848040e+00
1.643047423145329367e+00
1.605736899154879715e+00
1.579764895223084942e+00
2.030713582319250143e+00
1.616599200863993779e+00
1.645207963152639286e+00
1.765445062083524252e+00
1.731354495718417486e+00
2.058629273074858546e+00
1.835577888882819142e+00
1.986417098323997044e+00
1.883328988923466785e+00
2.214885475117629010e+00
2.005668478293479051e+00
2.340950838604288986e+00
2.052275808251095679e+00
1.627209693766744625e+00
1.278439957951638561e+00
1.290090790009862598e+00
1.495046798106380415e+00
1.599143854402875320e+00
1.580141765092005324e+00
1.053783961092479959e+00
1.110871304900856504e+00
1.287419599149333571e+00
1.234199140733438504e+00
1.406825700936133794e+00
1.437721572012050419e+00
1.780265947402082105e+00
1.821866029740543347e+00
1.722637664862109563e+00
1.925942697120469838e+00
1.740573660709285209e+00
1.429358401224429143e+00
1.714687867144544686e+00
2.080180973834630631e+00
2.029079636575228829e+00
2.180915942323107704e+00
2.139430868829895083e+00
1.798760031207813803e+00
1.906446753782164993e+00
1.553938112572269326e+00
2.007037151087266214e+00
1.995655923345235339e+00
2.033008375176581506e+00
1.787734235595119792e+00
2.069829638926249160e+00
1.951138469589235092e+00
1.949186774984454473e+00
1.524736962264667151e+00
1.965641061607635853e+00
2.065265277139975986e+00
2.162240875415649022e+00
1.780592378312337409e+00
1.459179077936087143e+00
1.463228095265984408e+00
1.984239772303578508e+00
2.093686538831395882e+00
1.922870171459627464e+00
2.082661158557280068e+00
2.045829140852478911e+00
1.581590411030349586e+00
1.660359797051991215e+00
1.744424348346081066e+00
1.778117318336607910e+00
1.660509500812893169e+00
1.614464740744489424e+00
1.556619641528625975e+00
1.627297538859171500e+00
2.033174827009750718e+00
2.121187635451322162e+00
2.163358220676894650e+00
1.606937335980608061e+00
1.680400266794824349e+00
1.504526387440291213e+00
1.417039869457689560e+00
1.878027874558359178e+00
1.729447832802780471e+00
1.877668001448436819e+00
2.009948877967988157e+00
2.015990519052830887e+00
2.165669389432509195e+00
1.670053770236219037e+00
1.455783792615606309e+00
1.718069631737014991e+00
1.305264482112976410e+00
1.431866955144758924e+00
1.266165086957437014e+00
1.807109186197208395e+00
2.130252456794030635e+00
1.766309002072703471e+00
1.719503429757164525e+00
1.679442533709314844e+00
1.905490620222857423e+00
1.556903381349991733e+00
1.741479415038515999e+00
1.519789220858096979e+00
1.801006932793393744e+00
1.956506086878794903e+00
1.991191689074149895e+00
1.583937911628503059e+00
1.814156262645705953e+00
1.601083512548503451e+00
1.692340153041301809e+00
1.469937231172273151e+00
1.586562664357949792e+00
2.007571895036355691e+00
2.196774971894813078e+00
1.922281343054657476e+00
2.237775283227748435e+00
2.377950006469100597e+00
2.247344482135097632e+00
2.419129328854038974e+00
2.698246532775696593e+00
2.380186637045622611e+00
2.309568511885197406e+00
2.153156967353121232e+00
1.701121208063393730e+00
1.587132705724766613e+00
1.587678618811243059e+00
1.655129411339145484e+00
1.310080742464468484e+00
1.303850941173359423e+00
1.704273037481337072e+00
1.438005761545292804e+00
1.845342007201601353e+00
1.486928610999970424e+00
1.593763358177706424e+00
1.634181300852834973e+00
1.996365040637007926e+00
1.476381736451666260e+00
1.456331875058981984e+00
1.445385845861844487e+00
1.398602858826914819e+00
1.488630137227309191e+00
1.948028937943508510e+00
1.877230326058558108e+00
1.917444726143131550e+00
1.898997685065536123e+00
2.103108878869997422e+00
1.770716497182750038e+00
1.843777332884480646e+00
1.957948620105604665e+00
1.895860653975730559e+00
1.862404106418332539e+00
2.125517025076005151e+00
1.967638415680226904e+00
1.850226833489216904e+00
1.898321076203085545e+00
2.451259381605638055e+00
1.929442329344814855e+00
2.348622262749254563e+00
1.912963685495724153e+00
2.479965834218374354e+00
2.082317112917390300e+00
1.692328790347150225e+00
1.710219984864487230e+00
1.400290259525910130e+00
1.125225591246009182e+00
1.208682594080949579e+00
1.344142432337582571e+00
1.379346131017270549e+00
1.663018753907488323e+00
1.456270102058018212e+00
1.696521583967132374e+00
1.644314702942255124e+00
1.700651368435939892e+00
1.579761902420576680e+00
1.973439343471459440e+00
1.789258277982406886e+00
1.880613581516298982e+00
1.921745314709841113e+00
1.961402887208662627e+00
1.639164152421847653e+00
1.822166731163722408e+00
1.549802795990663062e+00
1.593105403214295501e+00
1.518683597992220635e+00
1.526215707737219596e+00
1.459331781645147430e+00
1.529748566954972189e+00
1.632476050209342944e+00
1.323843120592957279e+00
1.689211778543402209e+00
1.456277115036016756e+00
1.365468180789628505e+00
1.657470327445631275e+00
1.819264526859475373e+00
1.572684598123791577e+00
1.373507483024672293e+00
1.299688638260260376e+00
1.274198657878137020e+00
1.835049900521998900e+00
1.802973871600785927e+00
2.067192415296361663e+00
2.441556397069713835e+00
2.302055552779291414e+00
2.365975972353490775e+00
2.209415304046862705e+00
1.900088051626493524e+00
2.052723300800193940e+00
1.941860138499853505e+00
1.854193058880165612e+00
1.518715833183389208e+00
1.961742881050358989e+00
1.705775398960644118e+00
2.131233683651500677e+00
2.031542411912530710e+00
2.255561409660696626e+00
2.128413471294057668e+00
2.239716940595378514e+00
2.304640687671110744e+00
1.864919842327840360e+00
1.982711126012461023e+00
1.724411871444114119e+00
1.851639602601509615e+00
1.443918739670601026e+00
1.587765776530589701e+00
1.694518364090395579e+00
1.732059478311262612e+00
1.557394236150580369e+00
1.830741952030458197e+00
2.068508408636307916e+00
1.673259890499678937e+00
1.724719830716918256e+00
1.700520510458140677e+00
1.707021535359038555e+00
1.580908235064557577e+00
1.336473364930227836e+00
1.633533365225859457e+00
1.580278316287405671e+00
1.489643260633694011e+00
1.428904108349976942e+00
1.787132565499027326e+00
1.740589012645577860e+00
1.435392692094840772e+00
1.829230915859476614e+00
2.151903942058872143e+00
1.858924656323563518e+00
1.763825703989374105e+00
1.581485145575967532e+00
1.576173141167593661e+00
1.584204081064848779e+00
1.569102673338442333e+00
1.543881238051787452e+00
1.376870182902362405e+00
1.409954688098780995e+00
1.465095489846325316e+00
1.629923695804861516e+00
1.445816219495669630e+00
1.781659019041756054e+00
1.640353446506448876e+00
1.676867019043007723e+00
1.726405796042807639e+00
1.637232844891302053e+00
1.815224793726828878e+00
1.457468041020743676e+00
1.970742775758583365e+00
1.875826598805777623e+00
1.865749807306620101e+00
1.741768289142754389e+00
2.065459537984524196e+00
2.000056032148210594e+00
1.865499394306519676e+00
1.421301660228560859e+00
1.568594070257767870e+00
1.920527988117230356e+00
2.071625999134657281e+00
1.678911423555279114e+00
1.601104314392960637e+00
1.491607550871066001e+00
1.298300415719165102e+00
1.205183765303400767e+00
1.148989092300751746e+00
1.141525645821989343e+00
1.066592461359522792e+00
1.149183391020149880e+00
1.522833718284781757e+00
1.400585153206044708e+00
1.538474357807072757e+00
1.658864342979265549e+00
1.675036633535097907e+00
1.576968398701369400e+00
1.740534076792049634e+00
1.693819329200293655e+00
1.837912416189009690e+00
1.812380019774176620e+00
2.121199851944397530e+00
2.642104386301786789e+00
2.113063505235976969e+00
1.838473097059374339e+00
2.548377394256508222e+00
2.189819706562210477e+00
2.296327959763667881e+00
1.888525161806166253e+00
1.802778410588615543e+00
1.386193391775398354e+00
1.644513395446331572e+00
1.618631796040532755e+00
2.021148402415352763e+00
1.788186042502110995e+00
2.211724365638654266e+00
2.264569293913916592e+00
1.750523152374597657e+00
1.465220326476216028e+00
1.810724363067725440e+00
1.819410975383350504e+00
2.100744625055134929e+00
1.847317475453571278e+00
1.885037759694194071e+00
2.089643050873957630e+00
1.948808316496105864e+00
1.798220899975430331e+00
1.320520381207959559e+00
1.755889618741767411e+00
1.597805282483581557e+00
1.660567793851576601e+00
1.729490246402055398e+00
2.002736252214059931e+00
1.637332024749187376e+00
1.573526062045585316e+00
1.495240263170222850e+00
1.502048257302696532e+00
1.250799309378392454e+00
1.673656234993494030e+00
1.890680927217280871e+00
1.673100040689180723e+00
1.910694329529653235e+00
1.624292889430507536e+00
1.481096010194306700e+00
1.460603525653610957e+00
1.445386314262594674e+00
1.485370512000489640e+00
1.322535474964928959e+00
2.038633981908807069e+00
1.609099904433296757e+00
1.525445802601428813e+00
1.741342560836279807e+00
1.776258527326217695e+00
1.802063470223235431e+00
1.630175057459280596e+00
1.608075716459680171e+00
1.508087873878081631e+00
1.766307447171265865e+00
1.643339830233618848e+00
1.781432397104930176e+00
2.303907085886361727e+00
1.670961738965654808e+00
1.335775696030853332e+00
1.498631171772934589e+00
1.737307930622995933e+00
1.869886641275262384e+00
1.709136313533946350e+00
1.515000197839003970e+00
1.383728581595168983e+00
1.655950555545850023e+00
1.720544664136814283e+00
1.867783869039507216e+00
1.842331520714577842e+00
1.829534291640721122e+00
1.559530545294723236e+00
1.424086905260683711e+00
1.508477811421651049e+00
1.786385812665219452e+00
1.374464895483249238e+00
1.711045961775357727e+00
1.668330395697857682e+00
1.553656394237558303e+00
1.494544765939786801e+00
2.010514266220109647e+00
1.792389470065514523e+00
1.495304700953407728e+00
1.856704894875102374e+00
2.282108042640816681e+00
2.181968912344158795e+00
2.339965447459903647e+00
2.468199811938345700e+00
2.161631071703201012e+00
2.073065524552558436e+00
1.951136195924155547e+00
1.858656216133331984e+00
2.113737357108000037e+00
2.033700501576829467e+00
1.881759543611605467e+00
2.136079526381608584e+00
1.881668788047162311e+00
1.995280675753368316e+00
1.703512221076437960e+00
2.053442399675128538e+00
2.235773019377702120e+00
1.835117431024301471e+00
1.943054784997406692e+00
2.096191552959044468e+00
2.320872345885200083e+00
2.193664155976964292e+00
1.777634916364467799e+00
1.717885807887520544e+00
1.580651298079759126e+00
1.438655183866014431e+00
1.701295263685176140e+00
1.826508819289442531e+00
1.718915535310488796e+00
1.569601910177419901e+00
1.447196901706218952e+00
1.094722699242834718e+00
1.318489876380559700e+00
1.421881525256786905e+00
1.685844963061506663e+00
1.453671917410936487e+00
1.756049440043023102e+00
1.189180244645752005e+00
1.392782730345867748e+00
1.435803860843512858e+00
1.398362358099053404e+00
1.644938016692906402e+00
1.504197751471968880e+00
1.570735881123211497e+00
1.756858917145638133e+00
1.820981792231764373e+00
1.763917351770447173e+00
1.922841447545289739e+00
1.762529048714676083e+00
2.208248523361102222e+00
1.923624484707320947e+00
2.017345125382911775e+00
2.230377686869302156e+00
1.750841319361063242e+00
2.366005226879825507e+00
2.239176811182232552e+00
2.440399242129527302e+00
2.158174903149102875e+00
1.704901078634798228e+00
1.613463845515249906e+00
1.586722865884545364e+00
1.644803643028392104e+00
1.798411938012295153e+00
1.681492256522480577e+00
2.221624639871858431e+00
2.318087725089155615e+00
2.253212636977030225e+00
2.067867390659704707e+00
1.856151474732338658e+00
1.785909693124826170e+00
1.902387208655268225e+00
1.743473688402286115e+00
1.558992722274947340e+00
1.476086800589672121e+00
1.589957579280720568e+00
1.771772911409961182e+00
1.816329894380496190e+00
2.102606483615957256e+00
2.035031633037190701e+00
2.272727138651198242e+00
2.757308443338877701e+00
2.459842900178055736e+00
1.872519440996258000e+00
1.753528167295335116e+00
1.682396173620098523e+00
2.138446139872689500e+00
2.058777779928910867e+00
1.832414466049729684e+00
1.389012762206375040e+00
1.622339532505049142e+00
2.020787445809361316e+00
1.725304787835140630e+00
1.345975370144988581e+00
1.669554237017919496e+00
1.622233053189004570e+00
1.524580521005708844e+00
1.372338295212623072e+00
1.675657448984821940e+00
1.839597859046613326e+00
1.798460347997819841e+00
1.618015814417413267e+00
1.508420882157476939e+00
1.732927319015858281e+00
1.855464177997622421e+00
1.914569324482456869e+00
1.952746537985854847e+00
2.095307975693019742e+00
1.723625058286671674e+00
1.672142621790221995e+00
1.810812522075987863e+00
1.881970524149607416e+00
1.701593964671953563e+00
1.607933176587054369e+00
1.666573783572528278e+00
1.762942131513791866e+00
1.746133078735997657e+00
1.869605477647083180e+00
1.750523959533850649e+00
1.853430149558121798e+00
2.155596027989556074e+00
2.051983157489821519e+00
1.923011878476404979e+00
2.423766010231982904e+00
2.164397431118467274e+00
1.859017988960499412e+00
1.558745808942278765e+00
1.617008001261410532e+00
1.452281825691129624e+00
1.212911166187642831e+00
2.098071694799764408e+00
1.868142668027781728e+00
1.707389280063159154e+00
2.120201856473177049e+00
1.753234145091132845e+00
1.684787883325517654e+00
1.521621760599007889e+00
1.665751959268328308e+00
1.971487676680242274e+00
1.868000423788956699e+00
2.189708551331012831e+00
1.886674462899929683e+00
1.849184668309425295e+00
1.760777607331621031e+00
1.971241201555469447e+00
1.898817863533866390e+00
1.573954923156042796e+00
1.601829996134970457e+00
1.625098323454943428e+00
1.472457715662202515e+00
1.378725901293272660e+00
1.398692546266024017e+00
1.502291154240056770e+00
1.716090149323704184e+00
1.726779400611587523e+00
1.598922979434075353e+00
1.466991855152684598e+00
1.389702581517290536e+00
1.283433683411019821e+00
1.370529028181534770e+00
1.476017784104306285e+00
1.423564295869244045e+00
1.398432963088714898e+00
1.708930575863175649e+00
1.391803872903476957e+00
1.672917689374129324e+00
1.942364907495952142e+00
1.866775671423002159e+00
2.095613815894554754e+00
1.963010891110396727e+00
2.111754937579758185e+00
2.009983421508967361e+00
1.949048939094825350e+00
1.828111792105139521e+00
1.902877774680230560e+00
2.037563613994489931e+00
2.377650822105125350e+00
2.166741646835573132e+00
2.288433286292865798e+00
1.976153729192099640e+00
1.914305414372952985e+00
2.116010195861098175e+00
1.756708410694536981e+00
2.146012551652576317e+00
2.096655389320003060e+00
2.047371527260675617e+00
2.293491951374182047e+00
1.996682196768781115e+00
1.666385356573847787e+00
1.759059130684693661e+00
2.101575119421036142e+00
2.002650337673180569e+00
2.143630991290192966e+00
1.693384898058732491e+00
1.551653825851701418e+00
1.744940095274106984e+00
1.818385498788875232e+00
1.805546454929812361e+00
1.780870876941728076e+00
1.595588211746948870e+00
1.503008229916765082e+00
1.656846315653529134e+00
1.583811074300505606e+00
1.330121520671278645e+00
1.445812776292511481e+00
1.422417774371802945e+00
1.133963252544331057e+00
1.158472580917744521e+00
1.232678512628119449e+00
1.266652079573127088e+00
1.654389699367140310e+00
1.811502694831116589e+00
1.550744020137101442e+00
1.821459048167458183e+00
1.933027913046485358e+00
2.032107746903655254e+00
1.997706943749543163e+00
1.846901455771870815e+00
1.897881526217048975e+00
1.766156675984118074e+00
1.697559178014579562e+00
1.714092782452230068e+00
1.725527355952674924e+00
1.863483047666553150e+00
1.839914535823159003e+00
1.921959266698660684e+00
2.313716358976980914e+00
1.738648339806689869e+00
1.455763947515934742e+00
1.612289644156218449e+00
1.575514064445187046e+00
1.582223792334184864e+00
1.193425819263785881e+00
1.557967027900016177e+00
1.680051059604177999e+00
1.683818130565043036e+00
1.376428828384787417e+00
1.231002149744172769e+00
1.583576301748196746e+00
1.432668200156307581e+00
1.592301114918281524e+00
1.670676650976988142e+00
1.987189819660440948e+00
1.894132277237423168e+00
2.039398625817582023e+00
2.114556559015797976e+00
2.378872561675351438e+00
2.045744092614153686e+00
2.084946771344236005e+00
2.035571712022366864e+00
1.763062735971752337e+00
1.965284188793106068e+00
2.139041422355338451e+00
2.196989023176928679e+00
2.303060000055088263e+00
2.178984095121948794e+00
2.118533953875230136e+00
1.738234205592395387e+00
1.942093788585767644e+00
1.961871473788731057e+00
2.244636280911938009e+00
2.511044636528106277e+00
1.885811459382326749e+00
1.902554892328334635e+00
1.615193393270941691e+00
2.054832458193471822e+00
2.258416513973422024e+00
2.094494045851879260e+00
1.408490976111116844e+00
1.725132150007330001e+00
1.561001559522616322e+00
1.774554362370891258e+00
1.785851619637726095e+00
1.760030393816519378e+00
1.406517454601271755e+00
1.562665147336172566e+00
1.685088169190314789e+00
1.878644400529497105e+00
1.777532278590478132e+00
1.692871015334437734e+00
2.010768741295785755e+00
1.988794054413691503e+00
1.647042572305385200e+00
1.912845614824063567e+00
2.042801569229401704e+00
2.183341378425171619e+00
2.081745880343705224e+00
1.816394412920123491e+00
1.636773747592919825e+00
1.685755389439833607e+00
1.708770410303614540e+00
1.902526063447373295e+00
2.149462873420185716e+00
1.950136834424268217e+00
2.275109686056672853e+00
2.307251220053785357e+00
1.860333964581725841e+00
1.453457115637626584e+00
1.356761900072633864e+00
1.674505556523088190e+00
1.610034554806330398e+00
1.763593397579888311e+00
1.844301866930888600e+00
1.744761685110764793e+00
1.580940814544386841e+00
1.351240093876647341e+00
1.483150346270186715e+00
1.565615200459757439e+00
1.476880141583553518e+00
1.784997001338630485e+00
1.928476539799172773e+00
2.380085082983041112e+00
2.372040943840520555e+00
2.183546403610424402e+00
2.725909127061012516e+00
2.448916837570129346e+00
2.628970400185242084e+00
2.355359753471501172e+00
2.167960316426941425e+00
2.016017103705729063e+00
1.741736625360695179e+00
1.855705521379068301e+00
1.929705726622299444e+00
1.889710628767425904e+00
2.081954772590101310e+00
1.991112429387587923e+00
2.136186097448106391e+00
2.191809138824245107e+00
2.003843665125014883e+00
2.205378420153452979e+00
2.088808046929462314e+00
1.826566114741327240e+00
1.857941699364815014e+00
1.560408935621938831e+00
1.752685439698333569e+00
1.608150085393803330e+00
1.261802886316636174e+00
1.607683753400596549e+00
1.476540638981996167e+00
1.454878689520565205e+00
1.609017614340971125e+00
1.598103054085790564e+00
2.043419582399926160e+00
2.073287483264217634e+00
2.039966255487980273e+00
2.010688296597973768e+00
1.944547226151212671e+00
1.950204252569929242e+00
2.239883474326367363e+00
2.213121419220702712e+00
2.213415491782269040e+00
2.034450172693246905e+00
2.406101635683453921e+00
1.920979619225682500e+00
1.770916027959765549e+00
2.066456015603203245e+00
1.755425352639110592e+00
2.195040639372860980e+00
2.087076681008779744e+00
1.856087086152639287e+00
1.892052527905052628e+00
1.928279076464832542e+00
2.127968262464274840e+00
2.087306812796619671e+00
2.126841555480082135e+00
2.124906639176840084e+00
2.111576223199508995e+00
2.009484864209655441e+00
1.920111496759401293e+00
1.510058417912730100e+00
1.905323344468371038e+00
2.166892887222128472e+00
1.404201871761693754e+00
1.821989210982505769e+00
1.409424585660999041e+00
1.909926750164595122e+00
1.680085661650667195e+00
1.634665533520069047e+00
1.559222672625996120e+00
1.550136491032390706e+00
1.573692350050609257e+00
1.414052516018595052e+00
1.590594166533316312e+00
1.564095062718801721e+00
1.722496155794898787e+00
1.787578032639849823e+00
1.194361794544196220e+00
1.240270779201698259e+00
1.389953487759870709e+00
1.527426506287512975e+00
1.603617998474605288e+00
1.598982469943216245e+00
1.374031376674533789e+00
1.364292695064458272e+00
1.667781604118587779e+00
1.835411422312201779e+00
2.104459932347773954e+00
1.902066700283045364e+00
2.095179065880814928e+00
2.125381787511386289e+00
2.737945068644194180e+00
2.552157181032718825e+00
1.843183884200121359e+00
1.662817176826690391e+00
1.695069016312846788e+00
1.607681150399750791e+00
1.669010050398336054e+00
1.563826464339616251e+00
1.894609946717713100e+00
1.969740295173173283e+00
2.154037819707945722e+00
1.821330473773816738e+00
1.656319379310910112e+00
2.194121791963612456e+00
2.133981676037990827e+00
2.293159322691424418e+00
2.634391927441664727e+00
2.079615901085534180e+00
2.158471185035132134e+00
2.400417647201404048e+00
2.101517282304452561e+00
1.885670372044438325e+00
2.210903468992326371e+00
2.146589935894505530e+00
1.718932512015718395e+00
1.563623213502478571e+00
1.780344818400926066e+00
2.157101143133178578e+00
2.205184044505320351e+00
2.472955957848926190e+00
2.424131381862126844e+00
2.448617891965061855e+00
1.982966672465244828e+00
2.394430250598698517e+00
2.414630354171022564e+00
2.287675740993494689e+00
2.145585941182833078e+00
2.015618530491405380e+00
1.975670072007460254e+00
2.004514845489534292e+00
1.846548061350973491e+00
1.606083317846966230e+00
1.771747307679417904e+00
1.728627343572723296e+00
1.634756003979635608e+00
1.267990668038878166e+00
1.470235471594031340e+00
1.611156510490405758e+00
1.797286059389490820e+00
1.356826891446143435e+00
1.257992000969928137e+00
1.256347564644514803e+00
1.535990144948649938e+00
1.591163439443937122e+00
1.542005636778129629e+00
2.117168783216646588e+00
2.161014294526350632e+00
1.616108083436988530e+00
1.543264689237786813e+00
1.605199720615700931e+00
1.616262020103250485e+00
1.570369583676015202e+00
1.367403146007681203e+00
1.648689663615690471e+00
1.562983136291309139e+00
1.773130915277304043e+00
1.803479020954354084e+00
1.362108119936581208e+00
1.265920371158426150e+00
1.702163073996280751e+00
2.007034190131959051e+00
1.911731525766276807e+00
1.886949766258959604e+00
2.422501096774826390e+00
2.346018175682123008e+00
2.517981304450530367e+00
1.998240959230403124e+00
1.911262461236157950e+00
1.754600511468810797e+00
1.850962089744923267e+00
2.056555302826156062e+00
1.961403137112049055e+00
1.961489180445250557e+00
2.470166117741666056e+00
2.157122971553119051e+00
1.651792585464586072e+00
1.185813519882238820e+00
1.369827801168731041e+00
1.621812344534238948e+00
1.833769622348714101e+00
1.634557227048342387e+00
1.567845370647818148e+00
1.686966827654551970e+00
1.889275803496815787e+00
2.018534947311791949e+00
2.037631763226721571e+00
2.517401438622404619e+00
2.309661248579549575e+00
2.330660422101206830e+00
1.948665128487402587e+00
2.392338746617049594e+00
2.233320168910637005e+00
1.933310855118621774e+00
2.162419045501651649e+00
2.166516895890899352e+00
2.323910315648551883e+00
1.978319088967277484e+00
2.010534674675264366e+00
2.304686957446396178e+00
2.285275672444393447e+00
1.836912508185359449e+00
1.718489750677816730e+00
1.658109952663199271e+00
1.607962328542853259e+00
1.303595387163875685e+00
1.295831586795006984e+00
1.182061750354328478e+00
1.164717083955560506e+00
1.404737368043498691e+00
1.381919142731988792e+00
1.256155584985442442e+00
1.551983433186164163e+00
1.388792408884256480e+00
1.612758081271522759e+00
1.409726206887978339e+00
1.860242228556770350e+00
1.904398710408750306e+00
1.696220402635392421e+00
1.739337479288820321e+00
1.551509195838000510e+00
1.953066995832071218e+00
1.577765938308278271e+00
1.250258621781472179e+00
1.533909636915830932e+00
2.178227545894227291e+00
1.927618210815523980e+00
1.676479030361600842e+00
1.289396339740990216e+00
1.526467134974156759e+00
1.328169019451050925e+00
1.619129864647354644e+00
1.498110010575559148e+00
1.227187021308968395e+00
1.929173337304736169e+00
1.706276332920812600e+00
2.068947759897605376e+00
2.295681610175079879e+00
2.011972371677151372e+00
1.558505217298267631e+00
1.426259640644133020e+00
1.517902436679604561e+00
1.594066109778265350e+00
1.502818991996640374e+00
1.527056351041905069e+00
1.534383309430306985e+00
2.014960121330561460e+00
2.283689805632172387e+00
2.092233384535223006e+00
1.767643200686263683e+00
1.480471772561362309e+00
1.404229467644521057e+00
1.662007018815305548e+00
1.729088410266871767e+00
1.388409828855773576e+00
1.305378503142486490e+00
1.549377596828699577e+00
1.922146044931932529e+00
2.274317191684145367e+00
2.131163050471823084e+00
2.297274304373156273e+00
2.248981643307036205e+00
2.235643152144340728e+00
1.973983967916382198e+00
1.711852767814436183e+00
1.803962019124258909e+00
1.997503463094675968e+00
2.009508443625181773e+00
2.139492190386092840e+00
1.932055234688565992e+00
2.121833493781097424e+00
2.402200524101778090e+00
2.356214842106253649e+00
1.904524128041530817e+00
1.644890271456865838e+00
1.684270125883041702e+00
1.863256701050418407e+00
1.795699198270945152e+00
1.968734595611866256e+00
1.598509286847457744e+00
1.587474140771310882e+00
1.780852402586874383e+00
2.229531873527410113e+00
1.926339984303987896e+00
1.587146232341850371e+00
1.773599791704007833e+00
2.473754164770904929e+00
2.281064421458680602e+00
2.239977917359740722e+00
2.574046760963019320e+00
2.154862246174452434e+00
2.001511960597987638e+00
1.945911356496976996e+00
1.540726214314622311e+00
1.686856320202629211e+00
1.460720123034284557e+00
1.502166940828586039e+00
1.711446640015332976e+00
1.363550182136604505e+00
1.328588896316005297e+00
1.393820113722860299e+00
1.689235201775926232e+00
2.094029281003128684e+00
1.892243116401767455e+00
1.964520006999636026e+00
1.920996260165976466e+00
1.800493633534738791e+00
1.609621138132320439e+00
1.688268544494431644e+00
1.776136160940907871e+00
1.756189605043230406e+00
1.985334610047680748e+00
1.829510453031965245e+00
1.964769021081318456e+00
2.289847951333639386e+00
1.916258378535035778e+00
1.703758449659522611e+00
2.039074548095978656e+00
2.105889989187504252e+00
1.936942131956020718e+00
1.698655887482692695e+00
1.551979416415206536e+00
1.514448081992843642e+00
1.543723664319462952e+00
1.405665839690122709e+00
1.856333004636244954e+00
1.931159588409742334e+00
1.666095934580517524e+00
1.604920537965352167e+00
1.793581033339401332e+00
1.710692141066949779e+00
1.463161122069660980e+00
1.337987670811608076e+00
1.446546716798821519e+00
1.568966085801296373e+00
1.219729471967227141e+00
1.229898833522320212e+00
1.253720152988129666e+00
1.415044857297986569e+00
1.453506663195511583e+00
1.661421345796614935e+00
1.490389459597293964e+00
1.610943168984439566e+00
1.360495008611003698e+00
1.437996105094904387e+00
1.473260426983679539e+00
1.687292490640986076e+00
2.003092973873462856e+00
1.658119165558429309e+00
1.802119339484013372e+00
1.550594294626286507e+00
1.620350532373390884e+00
1.373032513136135169e+00
1.153316556718776198e+00
1.095523262349759941e+00
1.733934103093955237e+00
1.683359068806582037e+00
1.475693996289544563e+00
1.129286302050620083e+00
1.622740400238512182e+00
1.378229851787909688e+00
1.826980358089618894e+00
2.103736975390563479e+00
2.236739530461646197e+00
2.378681366887633875e+00
2.223248442017620174e+00
2.331212682335634945e+00
2.462277104970072017e+00
2.247792978139687037e+00
1.826593127697283769e+00
1.465367567069740584e+00
1.604119041709660909e+00
1.685047869747866800e+00
1.853278588678574978e+00
1.744592649906947956e+00
1.949166452241614778e+00
2.709188776781892294e+00
2.197089290509147474e+00
2.257413652563362572e+00
2.255718721865377585e+00
2.004537977762066436e+00
2.056961124284949260e+00
1.949993309279253850e+00
2.100641637272520068e+00
2.270090973356210018e+00
2.148657662495107257e+00
2.145679180666484331e+00
2.172751654672557819e+00
1.857261067381816622e+00
1.910333124142382877e+00
2.075857917448553192e+00
2.070641898938084147e+00
1.980888975326563273e+00
1.853327367896279831e+00
1.996506932560295544e+00
1.550701843352431775e+00
1.523788719976555406e+00
1.524676382856196888e+00
1.320937861167799099e+00
1.320892670380171108e+00
1.322156654575142198e+00
1.564334016112534753e+00
1.632341983085270787e+00
1.566858558303953153e+00
1.515669102740712759e+00
1.731742457837611049e+00
2.451691833333437653e+00
1.954628849248170930e+00
1.821485316346297623e+00
1.501419777664405153e+00
1.640474604144817938e+00
1.469165246406466396e+00
1.634277393280605173e+00
1.700125918823054638e+00
1.306289221413222901e+00
1.584523002466075914e+00
1.879153698977791498e+00
2.310716435817200320e+00
2.467408113014208926e+00
2.195231959785048925e+00
2.340371229408979570e+00
2.467838263851991343e+00
2.311712421687279306e+00
1.829182706014742088e+00
2.062920299559593662e+00
1.934442638385512003e+00
1.880350172141840748e+00
1.619356124073163983e+00
1.650120329948030040e+00
1.613627664343446844e+00
1.468201970683227664e+00
1.380785304580324890e+00
1.299401966345129500e+00
1.480938541032810640e+00
1.449144151725097363e+00
1.773307636469590776e+00
1.465942558021731124e+00
1.737214630729720488e+00
1.690817096323268487e+00
1.752844089601163224e+00
1.923118003491890882e+00
1.681361154876597430e+00
1.560259466148872676e+00
1.625732208077022678e+00
1.577093665059260186e+00
1.303479910229601524e+00
1.157185220826930649e+00
1.165993694955254512e+00
1.450865127512641184e+00
1.882786887033629286e+00
2.042484244425242679e+00
2.194065163208124059e+00
2.027258883369046583e+00
1.666492286709220894e+00
1.831136772853878769e+00
1.696965476892501545e+00
1.665959677855624044e+00
1.889308636286244569e+00
1.819731505934678140e+00
1.924945956526866730e+00
1.515045796015464186e+00
1.672187481869546577e+00
1.654570129293899461e+00
1.575110650305155069e+00
1.747313370952351397e+00
1.930188599231941637e+00
2.001233699657301468e+00
1.727850215727798844e+00
2.109849364576226627e+00
2.134388972863935141e+00
1.983229367068972682e+00
1.838594006234256284e+00
1.815987084075888269e+00
1.503917198677750644e+00
1.613854730543205607e+00
1.505784477723459247e+00
2.010673445086682332e+00
1.653253920676191813e+00
1.637080668770907854e+00
1.697600605752742853e+00
1.904937266615417402e+00
1.898850611335786809e+00
2.566748115199185776e+00
2.166622530483214071e+00
2.220120677993489888e+00
1.810086885009850821e+00
