1.435406779277552669e+00
1.700254709186685531e+00
1.574736970918554801e+00
1.333568652243149355e+00
1.987893394748383891e+00
1.798010769053153046e+00
1.939394491025622891e+00
1.694326261857193039e+00
1.711425562565213498e+00
1.565751523218207764e+00
1.294713152899700237e+00
1.513720237436099181e+00
1.640983687652011414e+00
2.013084389177147493e+00
1.979150840610825357e+00
1.909530338773600677e+00
1.751101203334081591e+00
1.619794884153809456e+00
1.438525942565057392e+00
1.509244166150530253e+00
1.638926632312899034e+00
1.861389531889500848e+00
1.837067130487467725e+00
1.659162199489078837e+00
2.056107322920399216e+00
2.213662430005260529e+00
1.815264718008203548e+00
1.972674350706870250e+00
1.726331227523588474e+00
1.687924472319294766e+00
2.419402540118021250e+00
2.601794957372693062e+00
2.053862535987976301e+00
2.066590760671425997e+00
1.798434143192757295e+00
1.902154182675088512e+00
1.922516847342907287e+00
2.243627300966892335e+00
2.561012374741755693e+00
2.124173393702010859e+00
2.366804727703718747e+00
2.236206650232259729e+00
2.662850303922700945e+00
2.349966882456841599e+00
1.781565755190095857e+00
1.504990445284865919e+00
1.298103598969460037e+00
1.255238090531881401e+00
1.297367595449821165e+00
1.373348182823005637e+00
1.887148207705006575e+00
1.842932222388920183e+00
2.048118169904561636e+00
2.090451408346976958e+00
2.337933921278981142e+00
2.045468747369595164e+00
1.834646967739403722e+00
1.881111534030304844e+00
1.736090338358650342e+00
1.830045980313388387e+00
1.684775394216365463e+00
1.751769327961718137e+00
1.488922866236791709e+00
1.274768467067616484e+00
1.535179124479120194e+00
1.518094819241529780e+00
1.498027713922031268e+00
1.999455327240261759e+00
1.953060028471439002e+00
1.881185099114671022e+00
1.540755069481672734e+00
1.675591026454460453e+00
1.738178534776271933e+00
1.895285535811229494e+00
2.008844026679674766e+00
2.074046682433644317e+00
2.084565195558808259e+00
1.606289107025503204e+00
1.439468351937990498e+00
1.547694475235506850e+00
1.307611242876020263e+00
1.359274509960800792e+00
1.160383639580387038e+00
1.725207926105728262e+00
1.825968369512771083e+00
1.836310691274386286e+00
2.097615847170667180e+00
2.196897589572109677e+00
1.956982737437417574e+00
1.814845738886095461e+00
2.099958339226970505e+00
2.214918845993716801e+00
2.031776036509325145e+00
1.460915920749214836e+00
1.329598364120243126e+00
1.621059417469080222e+00
1.712307977615751042e+00
1.570365548731444072e+00
1.446406338598200669e+00
1.255142593066976175e+00
1.349458041245204853e+00
1.259251215199141294e+00
1.196072862329291331e+00
1.109296711225225884e+00
1.395898394350455263e+00
1.481519472505271384e+00
1.564721715409851832e+00
1.343343172219761517e+00
1.219371504303550902e+00
1.613473480707991570e+00
1.736009917622328036e+00
1.391338285177336376e+00
1.307389098733100719e+00
1.514599248098090101e+00
1.691939785745826486e+00
1.427968706357126916e+00
1.200515315981580011e+00
1.438586262181577924e+00
1.284949262812873805e+00
1.091660482120438536e+00
1.140230742397233765e+00
1.443172161586223634e+00
1.585536174309869928e+00
1.425172058715331147e+00
1.720337919506587987e+00
1.620099827928470848e+00
1.415269221349832129e+00
1.426771079877797277e+00
1.313244879936790399e+00
1.256290967473970843e+00
1.214058212353605226e+00
1.398948979668477310e+00
1.376642002725903424e+00
1.259230003183535063e+00
1.053993272625184163e+00
1.238725100629333165e+00
1.602974818864929762e+00
1.363538152784889768e+00
1.886986041705905226e+00
1.691184557381663511e+00
1.340748673002678082e+00
1.242315943572258385e+00
1.616719270633970584e+00
1.296200816605697304e+00
1.431520198244192521e+00
1.603806858244499978e+00
1.498449636940754504e+00
1.327641872030478787e+00
1.363025747743193072e+00
1.114337597643256350e+00
1.464041193751731473e+00
1.464990865817088261e+00
1.385179989650875632e+00
1.233603669138953807e+00
1.104600426018704340e+00
1.156239525744176877e+00
1.633769947543693313e+00
1.335617561946256471e+00
1.604433727278011590e+00
1.402898094652035077e+00
1.446309703757521214e+00
1.313912242019961596e+00
1.642722992255705394e+00
1.477435086346437609e+00
1.222427813778483419e+00
1.591757152291879640e+00
1.559082372060383914e+00
1.495760868339819361e+00
1.293561519535007420e+00
1.381971150668791060e+00
1.464792001484863437e+00
1.390371868074256945e+00
1.622653959276156632e+00
1.444970710403113756e+00
1.382197375767665326e+00
1.486947753071891754e+00
1.689160013131424165e+00
1.663082576610248386e+00
1.572938493385869663e+00
1.654003670364577960e+00
1.427759475811666734e+00
1.302881870855137958e+00
1.345802706634668944e+00
1.677745089727458172e+00
1.911675145748204407e+00
2.127138340666912875e+00
1.978901755106257099e+00
1.955365632556714806e+00
2.111857394612491223e+00
2.162155818241721317e+00
1.798114879963701673e+00
1.667262020337802131e+00
2.147178246933863388e+00
1.665159100648481605e+00
1.461052019867787655e+00
1.194050927895482062e+00
1.321825375106576272e+00
1.213705984892913925e+00
1.372969077159559959e+00
1.653961534485339557e+00
1.678373293414024081e+00
1.750738430497937204e+00
1.972085853411083001e+00
2.326224387842026342e+00
2.530358471010421439e+00
1.943719707251158724e+00
1.884548976586858604e+00
1.967454003553437580e+00
2.144620133764026271e+00
1.927199003213931228e+00
1.942330719137672634e+00
1.768945367516447931e+00
2.230982557769314756e+00
2.182320678481699971e+00
1.877584011078214488e+00
1.446128253060843027e+00
2.007871523737850161e+00
2.581176451414622264e+00
2.559973140829034932e+00
2.031885810838948370e+00
2.141092636270849336e+00
2.269212055152441732e+00
1.713434695721168133e+00
1.613218942679295997e+00
1.779294842236501584e+00
1.931271316423749385e+00
2.017349735847064451e+00
1.898157536131715339e+00
1.774976014045578143e+00
1.311649564841969706e+00
1.843398435328918783e+00
1.777586610091628216e+00
1.171018963144575542e+00
1.199872589827599478e+00
1.437740695888396480e+00
1.201166379354527969e+00
1.449829625278983514e+00
1.489042230394062027e+00
1.494548410195196020e+00
1.791518718374046859e+00
2.149828599337931134e+00
1.752775490778275769e+00
1.976598365009321512e+00
1.748801130277001015e+00
2.066553490584729147e+00
2.250103983351868564e+00
1.711644964777972122e+00
1.492735544612666887e+00
1.371881290101308215e+00
1.473469660717983354e+00
1.259057967826894275e+00
1.546865395740793847e+00
1.528106667048344747e+00
1.495070975805777191e+00
1.627281029825259129e+00
1.452774413850067559e+00
1.728506591090650080e+00
1.559803458251307395e+00
1.626735908014551812e+00
1.337065275687443267e+00
1.389538234559640983e+00
1.183795861784600945e+00
1.321348268933421721e+00
1.383912342643099702e+00
1.678158474819657631e+00
2.032848036714583806e+00
2.022059644345699514e+00
1.817226526503771034e+00
1.420601450153550438e+00
1.920500132852438702e+00
1.845771204895666262e+00
1.463132664806271244e+00
1.626306860188754477e+00
1.699014796448219178e+00
2.093297217203653027e+00
1.946818380094852863e+00
2.247645365884491930e+00
2.303188662794680486e+00
2.011782166602429367e+00
2.027985660318868177e+00
1.859778874626567102e+00
2.021110101537350712e+00
2.145882893169967165e+00
2.194602641566665735e+00
2.364167021349325104e+00
1.885128401718887847e+00
1.720908775606694752e+00
1.362074205592687548e+00
1.203175254749961676e+00
1.438535947358229095e+00
1.359693016234246876e+00
1.604300646898205063e+00
1.834479710030953559e+00
1.541700896707245860e+00
1.482801118030592225e+00
1.565134721689489083e+00
1.752368272456472198e+00
1.890086058824349102e+00
2.211343752599476797e+00
2.121512363726675954e+00
1.673485737120072203e+00
1.786357549093140040e+00
1.404625891076879185e+00
1.308824063497936452e+00
1.537836508247356848e+00
1.629653675203884156e+00
1.399773936588333045e+00
1.378390525759249696e+00
1.311920211098438926e+00
1.310212299410780767e+00
1.669321331602055425e+00
1.554434378693874130e+00
1.441107074226266604e+00
1.705345745578172201e+00
1.665835794729077834e+00
1.730044703941657325e+00
1.751049602690008200e+00
1.582404634600799165e+00
1.663135566792903308e+00
1.794809259340829799e+00
1.477882672180685253e+00
1.529543842914011798e+00
1.805932101571659620e+00
1.889892677211653327e+00
1.928116327852813061e+00
1.894399054161612472e+00
1.644359118021727184e+00
1.473048838609471556e+00
1.529909290889945428e+00
1.595982606650148794e+00
1.475021291767232068e+00
1.548743631489005068e+00
1.224153666319719003e+00
1.427409401442492287e+00
1.740958729052591636e+00
1.908279577003713090e+00
1.805527645551412874e+00
2.332217294233204452e+00
1.998622365543397450e+00
2.231147333718783710e+00
1.905434644999022042e+00
1.958322207700954998e+00
1.845922210318200030e+00
1.840270408527689971e+00
1.780256052189136184e+00
1.749547626463161976e+00
2.223996891085084027e+00
2.080390019910729027e+00
1.769083498284829581e+00
1.551636599583773979e+00
1.588163282234833718e+00
1.333481038652082118e+00
1.322728359581947011e+00
1.578988890499280373e+00
1.646116284619088210e+00
1.511332843619268118e+00
1.384317827125969069e+00
1.374294334999683675e+00
1.277516142116658315e+00
1.411429724563127319e+00
1.243776742322074247e+00
1.343833034675642191e+00
1.095672485313807565e+00
1.269272666011277639e+00
1.755545557397385714e+00
1.717017043971135637e+00
2.075152553446787618e+00
2.235170409869757346e+00
2.296909169459144806e+00
2.052990927035705404e+00
1.884971252384039175e+00
1.577838383702897751e+00
1.690328838562872527e+00
1.652731852459279338e+00
1.785863782356718943e+00
1.658283743782292818e+00
1.549041575307750662e+00
1.666474303937167001e+00
1.717036333323429531e+00
1.468728554335284819e+00
1.398337672880082927e+00
1.520908818331847989e+00
2.115043644960611591e+00
2.374895298868098248e+00
1.794542718724387642e+00
1.486440654651983495e+00
1.693997067054132444e+00
2.050998548294921786e+00
1.566480334165667898e+00
1.621693754248602293e+00
1.170839392936938061e+00
1.385991901445836172e+00
1.843999701215912612e+00
1.964133755547857962e+00
2.011824588284910842e+00
2.193417836134835763e+00
2.165592691414671922e+00
2.221982014201871802e+00
1.927564686414102724e+00
1.585415157552026333e+00
2.241668421391884269e+00
1.538686377693923246e+00
1.413261148919255916e+00
1.483389249386999786e+00
1.278578593975111310e+00
1.562308820585277980e+00
1.575302318708137639e+00
1.354878373004436698e+00
1.531087836854660322e+00
1.707932648864274983e+00
1.813635534366288660e+00
1.878643508033853937e+00
1.744696178265031650e+00
1.963340151251250720e+00
2.242833047053554019e+00
2.123451259151498238e+00
1.970462853759815891e+00
1.658142939404039895e+00
2.040746341143248710e+00
2.088448979322575116e+00
2.703562698016007015e+00
2.384574763654540686e+00
2.143376083027449308e+00
1.664672795309635633e+00
2.104337853386681001e+00
2.044965547107201687e+00
1.935138531064828804e+00
1.662908708245778300e+00
1.664524145146373035e+00
1.580436223054489497e+00
1.426486389457012560e+00
1.573110259981166381e+00
1.679055018776691277e+00
1.466776434435816512e+00
1.731706836215643364e+00
1.827038428472983256e+00
1.639934441870588122e+00
2.262685672553411464e+00
1.826816620071432418e+00
2.009824268762437249e+00
2.201943446286998451e+00
2.142193704256537767e+00
2.021893553281096878e+00
2.107650681984274854e+00
1.889147199923285614e+00
2.187177465117377650e+00
1.744935628030430230e+00
1.562871030810565109e+00
1.708450988741837762e+00
1.389678608272185478e+00
1.739607502871689526e+00
1.474359428142368422e+00
1.622989055022845184e+00
1.474295760705318203e+00
1.844724991667521241e+00
1.595793051002770246e+00
1.853410535650245494e+00
1.569090411105166005e+00
1.493187851194649918e+00
1.195653832513212445e+00
1.103149967434078338e+00
1.139444684614826508e+00
1.541826809209120075e+00
1.327094681979995805e+00
1.182879692592042842e+00
1.203494973826407355e+00
1.737544710748984089e+00
1.668908160362605031e+00
2.069566467422749412e+00
1.980756252269987305e+00
1.940747263127350131e+00
2.009729145043293030e+00
1.568543580159887929e+00
2.047570970187887252e+00
2.049142188187619951e+00
2.123247968139733821e+00
2.217400200293970336e+00
2.129212872499599563e+00
1.795616148430054571e+00
1.532666523032187200e+00
1.726372779326661444e+00
1.740267258232558012e+00
1.582353392288393223e+00
1.662012742675536892e+00
2.058509403421135087e+00
1.695164617085238579e+00
1.516585701080204185e+00
1.393205915221932933e+00
1.324026409328269205e+00
1.628258152510459800e+00
1.519048754766739284e+00
1.666719826028535856e+00
1.577255849782728259e+00
1.736329365891068122e+00
2.173293186000957444e+00
2.208393546703709909e+00
1.903398811021835613e+00
1.528087996361358281e+00
1.423230431027481258e+00
1.665432970361338860e+00
1.510596049144468989e+00
1.446859391316493770e+00
1.206743898669755843e+00
1.578303581240201092e+00
1.770234798561878709e+00
2.016758636770571211e+00
2.367848594502378390e+00
1.943167551885280009e+00
2.123416529559299715e+00
1.806176783235799110e+00
1.335031740300511638e+00
1.469925883300655656e+00
1.558440325281542194e+00
1.715029979129585769e+00
1.693739283696612974e+00
1.978715922877376077e+00
1.922121115525809332e+00
1.639872621597616487e+00
1.741276299246091286e+00
1.898199747600962439e+00
2.111969745767209972e+00
2.308523730774379779e+00
2.023869391523217764e+00
2.129360768609997123e+00
1.973100174706528209e+00
1.514621522446330859e+00
1.719210581266461979e+00
1.604684974648160178e+00
1.684348593199960664e+00
2.178702080314967926e+00
1.945742658271486070e+00
1.753281717292807462e+00
1.824053233388271966e+00
1.785455328536825981e+00
1.791393320306425840e+00
1.449130760817969765e+00
1.467035299908660662e+00
1.647255672041236352e+00
1.262587577633830449e+00
1.367717655653432507e+00
1.525766287275163835e+00
1.807470387773588705e+00
1.444909446732950409e+00
1.781783672322715395e+00
1.774567981046317078e+00
1.599931975046581245e+00
1.689612285466936648e+00
1.813008809979351987e+00
1.642073526976953080e+00
1.612729534849688395e+00
1.673050394243942085e+00
1.755027155886686119e+00
1.269983812816465996e+00
1.457171660029864313e+00
1.796461593750218855e+00
1.769627320102564738e+00
2.006721534751139568e+00
1.481567440777249223e+00
1.759590911320975337e+00
1.563414812109962249e+00
1.317585002322801291e+00
1.247705923349848200e+00
1.126363806112835597e+00
1.227465083515946631e+00
1.404624313103188360e+00
1.414916427735611881e+00
1.145349961146542972e+00
1.385792717014389108e+00
1.891752179905030751e+00
1.718047011555003500e+00
1.365124546738445410e+00
1.310246001574447039e+00
1.363432035995575609e+00
1.305239285923524450e+00
1.507143813255821918e+00
1.374839741265264870e+00
1.322846469868059094e+00
1.273864134290777272e+00
1.603349596704046309e+00
1.206515630310983411e+00
1.678728341519829748e+00
1.992748909471171004e+00
1.711943220706357849e+00
1.755492229297664686e+00
1.588272641633816207e+00
1.413546423662884521e+00
1.505284627107450257e+00
1.460180153473902287e+00
1.562141106019504733e+00
1.892887429954319023e+00
1.811235948910381754e+00
1.839934822952385751e+00
1.806006735301882715e+00
1.771753149766177815e+00
1.842494203954309517e+00
2.176517919982218885e+00
2.300294954828127736e+00
2.020085616942516094e+00
2.111853249832417845e+00
2.735367876165264001e+00
2.550680162404733053e+00
1.845422423647152588e+00
1.533147387983119003e+00
1.365867958481112865e+00
1.501030327851483159e+00
1.435093557075084680e+00
1.596901075331411235e+00
2.351046945968589874e+00
2.047894517075075083e+00
2.009529259005058410e+00
1.745481796077308800e+00
1.748556687230762297e+00
1.904570522546254807e+00
2.234748371612522710e+00
2.283998936239211019e+00
1.888308894294171258e+00
1.763212159377721910e+00
1.631939393732960486e+00
1.442797604443247339e+00
1.327326698699051288e+00
1.273406249043238736e+00
1.400788957790007894e+00
1.465994305912896145e+00
1.496421240501541794e+00
1.367386082343523324e+00
1.104219278336175059e+00
1.369076650308619580e+00
1.637971617531708279e+00
1.628804245524742456e+00
1.759252369442879882e+00
1.974447182834005332e+00
2.589994554950880712e+00
2.828748486838090326e+00
2.251022512869567560e+00
1.759887705343083031e+00
1.635621868376448518e+00
1.521847439151536641e+00
1.529193540019831765e+00
1.503926665653114281e+00
1.531190908678261353e+00
1.580592699057585149e+00
1.856548365332322037e+00
1.647220783583107639e+00
1.881870113283182988e+00
1.568393545175728931e+00
1.751470044714065200e+00
1.745042309599623698e+00
1.860217603413580667e+00
2.291979459799663221e+00
2.463303750544385551e+00
2.445112537763545202e+00
2.345532093940306151e+00
2.343767414136870730e+00
2.172251814141739512e+00
2.544474571955518627e+00
2.511504106500298761e+00
2.278464217282598625e+00
1.929506299583851003e+00
1.841430110758874639e+00
2.074646197962451755e+00
2.052420414858227904e+00
1.758860217505348933e+00
1.687090755514478735e+00
1.571244034368931786e+00
1.696955403042236687e+00
1.741022453309600593e+00
1.418984225975655544e+00
1.267247084825242842e+00
1.678463343389847040e+00
1.874549427205038032e+00
1.810075520591270637e+00
1.725513954269417782e+00
1.620566500954587541e+00
1.425858632774069878e+00
1.562430983038132881e+00
1.404673635778388219e+00
1.331409977627764141e+00
1.397957680805598457e+00
1.548323185760006382e+00
1.549640299021643131e+00
2.006191683598740116e+00
1.842597104120368590e+00
1.905820976260176769e+00
1.831683316016269991e+00
1.967605001060576342e+00
2.006069592236174426e+00
2.545103482382633064e+00
2.248159010827960547e+00
2.211062077057815323e+00
2.277732049290944083e+00
2.003705644138557229e+00
1.937990280499322315e+00
1.947891420414965769e+00
1.929344966964159802e+00
1.985064803894974750e+00
2.152543790890607323e+00
2.051821139667878935e+00
2.055973314740657809e+00
1.746427879487988832e+00
1.396685234155672362e+00
2.082300484728163870e+00
2.029840721797128378e+00
2.424230179255420836e+00
2.006329367187321022e+00
1.781755569573014730e+00
1.811827969788088799e+00
1.398334075139610500e+00
1.716954152503095132e+00
2.103546340772863843e+00
2.118989543731859992e+00
2.107536070426884844e+00
2.204826770602927422e+00
1.959024005580015659e+00
1.939320314006973467e+00
1.700372102374090977e+00
1.611705386623629721e+00
1.718681528432610905e+00
1.897230877360826629e+00
1.611014038539370752e+00
1.515853904967128685e+00
1.540334701552417807e+00
1.459514848217187799e+00
1.328060273868431729e+00
1.328854071309637952e+00
1.521026634748070983e+00
1.359575566002165781e+00
1.385975598812030363e+00
1.473835429098477867e+00
1.565640851568382175e+00
1.841721187462379339e+00
1.881381382080805409e+00
1.618760692336762119e+00
1.560474257806070852e+00
1.253943773854128807e+00
1.455417457793138247e+00
1.774833837494121269e+00
1.898342648241683195e+00
1.761324584639988533e+00
1.723304746612036809e+00
1.306044642924512500e+00
1.347644718023608856e+00
1.845547819911268705e+00
1.879724748798843992e+00
2.330882280055616373e+00
2.180893884058724197e+00
2.250339992644017961e+00
2.481337173921620121e+00
2.591740199673981060e+00
2.279875695286007531e+00
2.156002155911156404e+00
1.850629664236914440e+00
1.735456977852866123e+00
2.135485553455125807e+00
1.932388053179225018e+00
2.324500741823255279e+00
1.981248569286236050e+00
2.071288637027077328e+00
2.016134475455016339e+00
1.856579973652533688e+00
1.881211004369168549e+00
1.557305145382205769e+00
1.951042651663167149e+00
1.711008438508566432e+00
1.828499867824543657e+00
1.746773984930212853e+00
1.895424467792377499e+00
1.859447632796969785e+00
1.500097954244673515e+00
2.104391718317290660e+00
1.729807441554519265e+00
1.872765177083128396e+00
1.909025272253973782e+00
1.882437012083707506e+00
1.921706823118835006e+00
1.743705111866596269e+00
1.569927435856215414e+00
1.689058950930368175e+00
1.624339106254337528e+00
1.424896042770404714e+00
1.417828702812889974e+00
1.373176388093253042e+00
1.371771394141753087e+00
1.552952206424891068e+00
1.667911236349840287e+00
1.914231001378945196e+00
1.674865641985574971e+00
2.003468140748208892e+00
2.150240582410341439e+00
2.601076337029887497e+00
2.264847815505036888e+00
1.823363421554583530e+00
2.088800961621797292e+00
2.010638562309309041e+00
2.141437168198998986e+00
2.391079491639263921e+00
2.175019887719819245e+00
2.265009109694534839e+00
2.163869015950603991e+00
2.075563282957916478e+00
1.863288770673081629e+00
2.405723204776659685e+00
1.823127234153875564e+00
1.896130789543173378e+00
1.686242014399350175e+00
1.697099061597169722e+00
1.740845958403997917e+00
1.419555290794083380e+00
1.414163005188321165e+00
1.316258393431074758e+00
1.356547805567622111e+00
1.397052112469306717e+00
1.461510956375876580e+00
1.244149640132467205e+00
1.400969392660070145e+00
1.212847577918507724e+00
1.627793852708590450e+00
1.325128046209606669e+00
1.200372237100975292e+00
1.708804939953750157e+00
1.437686596046392928e+00
2.248146215097930778e+00
2.411735697249364208e+00
2.248188169722056706e+00
2.236566376945290369e+00
2.472488923603902933e+00
2.102644093214761867e+00
2.273290882316299388e+00
2.354427829487967028e+00
2.056857054059917811e+00
1.789254847375956192e+00
1.693093065440138378e+00
2.138693972731031234e+00
2.165466123462073789e+00
1.560985763746401522e+00
1.435166023882147757e+00
1.653596598410174812e+00
1.624656972839335856e+00
1.444786540621778137e+00
1.456812210907619809e+00
1.347343099003372346e+00
1.292463935906208006e+00
1.472771868945003559e+00
1.626445765872414517e+00
1.662348963755830411e+00
1.719616659039871154e+00
1.476279719524184131e+00
1.552991213329471432e+00
2.299184979951307550e+00
1.876348222389878417e+00
1.973786050951243487e+00
2.107934325699717171e+00
2.239266385973948115e+00
2.150229348898817339e+00
1.893988788634833442e+00
2.230593789776159408e+00
1.958432605623936951e+00
2.095724902182269922e+00
1.825657738709000499e+00
1.804757761532325588e+00
2.141206592679426812e+00
1.773649238137468886e+00
1.835670206482751032e+00
2.025492682236934794e+00
1.822418146448448795e+00
2.252754093334969010e+00
2.112341613854443523e+00
2.502132872361525706e+00
2.390692469646152230e+00
2.101571432626109903e+00
2.022723493357523328e+00
2.254880183824472084e+00
1.924237935851236037e+00
2.113305237627507438e+00
1.675757731793604099e+00
1.761802310383600911e+00
2.300560194160286454e+00
2.398609298275175661e+00
2.426368452341375992e+00
2.296096014309117805e+00
2.277469821270982298e+00
2.125325890588091848e+00
2.035874057048940866e+00
2.098329378769824949e+00
1.883421106328526440e+00
1.328714887194986982e+00
1.511887353478156060e+00
1.324890427769104928e+00
1.537003122534515320e+00
1.472140686984626745e+00
1.631169695579268053e+00
1.303459412823103625e+00
1.407276787098941107e+00
1.516793703038634034e+00
1.652002691840879223e+00
1.113522913497361211e+00
1.547835313014842118e+00
1.469342242173302449e+00
1.429784590109278719e+00
1.445041852620269740e+00
1.548443387556522444e+00
1.602855207943502780e+00
1.287696555574851187e+00
1.284399759663256813e+00
1.400212213324698807e+00
1.414775635045521840e+00
1.529599368638776546e+00
1.170611169944517638e+00
1.096734867627468857e+00
1.343277163685880016e+00
1.223056745334041961e+00
1.347411495074705146e+00
1.543989066458045789e+00
1.666256804321904816e+00
1.467839987423629200e+00
1.676326389587329935e+00
1.673856837729494673e+00
2.152289101765494372e+00
1.805814653505707135e+00
1.617156137263514371e+00
1.799184345163874488e+00
1.868493789853381104e+00
1.726371177096038823e+00
2.027571469935643744e+00
1.773006733636539822e+00
1.952165392244074482e+00
1.594822677333366023e+00
1.645131929618235178e+00
2.106132615316671952e+00
2.004776739040468936e+00
1.798651787608561925e+00
1.649329784228259932e+00
1.622371660908330515e+00
2.088665960227420459e+00
1.979411712257227451e+00
2.038729112328971915e+00
2.353008273292266139e+00
2.131275374787809707e+00
2.205052288863871723e+00
2.063297002882496844e+00
2.093037063156721889e+00
1.792411816660663071e+00
1.420925381428298717e+00
1.674064494915808998e+00
1.919458063949476712e+00
1.816556304577283232e+00
1.579692219952359533e+00
1.864478093505250955e+00
1.935039267852103340e+00
2.210629608830581905e+00
2.079596542824804661e+00
2.600330873370547025e+00
2.648043753393677591e+00
2.077688560886612468e+00
2.232551937635935513e+00
2.062086059616161204e+00
1.785124505784597693e+00
1.252277182259178723e+00
1.552461493771336354e+00
1.388356201284877578e+00
1.592045545935612871e+00
1.571911809900275792e+00
1.652463217845310695e+00
1.929323759652645354e+00
2.152602788936422318e+00
1.726953165654858458e+00
1.656009076060025009e+00
1.987151417869954972e+00
1.898946726176580668e+00
1.897741495959006430e+00
2.053234141172898930e+00
1.706779964052911325e+00
1.268805695516965315e+00
1.542640192358859741e+00
1.519362625275541667e+00
1.627240485263420799e+00
2.003195841135471778e+00
1.804273050267388712e+00
2.021865824077489382e+00
2.281831430714384545e+00
2.385586120653790942e+00
2.286714126325252838e+00
2.166581636959445056e+00
1.976889405324159910e+00
2.078778968983923114e+00
2.277606680577955789e+00
1.860581736045824330e+00
1.784013586487428915e+00
1.766971528061662911e+00
1.863722609355680904e+00
1.757752635255140694e+00
1.933976522785464169e+00
1.724766574501770622e+00
1.720055091899775679e+00
1.747570696784120248e+00
1.754310396398630845e+00
1.494406231180313460e+00
1.600314559707178397e+00
1.678469852479085977e+00
1.661217262925175575e+00
1.940742873980110694e+00
1.759512512368763160e+00
1.753336768986153649e+00
1.623401872889927988e+00
1.593082854759434674e+00
1.733885139982176415e+00
1.757600255226783093e+00
1.329741514719371853e+00
1.095732954394368353e+00
1.407363268422413993e+00
1.526319426643654831e+00
1.383533434884928859e+00
1.685410729068345326e+00
2.129661212411341875e+00
1.963490024380977861e+00
2.061782560858732793e+00
2.038452717582426299e+00
2.379202856136701349e+00
2.010073008338614464e+00
1.738023597189764402e+00
1.708782722439980972e+00
1.618607329406148043e+00
2.048759223038676414e+00
2.224656081722806267e+00
1.872298706959350412e+00
2.046006899204034557e+00
1.858813324270969680e+00
1.388608342066571355e+00
1.399003679203590256e+00
1.720052796028272102e+00
1.642045178274360584e+00
1.426664562823483751e+00
1.475810080826067461e+00
1.078827227478360795e+00
1.435854717010824011e+00
1.279982697979833661e+00
1.594947440282823647e+00
1.832770059804570639e+00
2.084443958050672840e+00
2.113402651587722225e+00
2.350023944778059093e+00
2.157040051313340978e+00
1.851277674626913949e+00
2.168758555336201876e+00
2.170205082370989302e+00
2.323664188550793597e+00
1.713921951994338944e+00
1.561841504740903996e+00
1.543123555473982833e+00
1.515286978336213952e+00
1.379557444480479456e+00
1.379183899665320512e+00
1.799516396318233014e+00
1.395772368465759916e+00
1.416034594781888423e+00
1.580923644543527296e+00
1.714503417982456757e+00
1.567519667705633557e+00
1.420180743031601578e+00
1.496405512478485633e+00
1.421729080667474054e+00
1.644870853505787878e+00
1.486800915473992735e+00
1.814461288641993519e+00
1.173002426765126227e+00
1.534396051666679028e+00
1.553208042646227582e+00
1.387938562114328089e+00
1.527174111435541937e+00
1.536778612115795140e+00
1.578021690150643197e+00
1.622396387909914584e+00
1.678135371217142735e+00
1.989648430812436475e+00
1.727880440512257865e+00
1.566962030932742778e+00
1.594083989958900993e+00
1.625970034672437947e+00
1.471218893670391159e+00
1.314415340383576769e+00
1.342266150919413814e+00
1.258148008739107482e+00
1.293840266737909417e+00
1.495691724656184496e+00
1.592029656280668393e+00
1.782996506362305000e+00
1.531659456353716919e+00
1.515686678855014513e+00
1.198990932836310641e+00
1.374617388125615181e+00
1.136096384100079737e+00
1.145779174036572812e+00
9.840399610387179363e-01
1.214529185454163329e+00
1.752475523774091215e+00
1.886921419850964288e+00
1.569608122407007755e+00
1.211085472567902999e+00
1.146625519005903371e+00
1.253094034965143599e+00
1.261991647834798336e+00
1.693068195395738051e+00
1.450230424596818501e+00
1.284386813992737242e+00
1.410685808143569808e+00
1.408236790971334473e+00
1.271842554150176774e+00
1.288998636266564191e+00
1.314847399354769575e+00
1.033320587081495212e+00
1.165605268105810222e+00
1.155602931040256243e+00
1.318313247237142161e+00
1.352298082159502757e+00
1.162317310244556090e+00
1.524585167282503706e+00
1.775470500846514588e+00
1.721748385064278741e+00
1.807110141298986505e+00
1.701448121052843376e+00
1.961007691550805010e+00
1.631254370904402284e+00
1.595113006806486489e+00
1.638351319428436259e+00
1.722642454003933343e+00
2.111717934335854974e+00
1.880653256003024909e+00
1.817315379145780119e+00
1.489830120662668733e+00
1.755645840938031554e+00
1.747566672942484578e+00
1.673782411506982815e+00
1.622356354193620565e+00
1.540811269285456753e+00
1.772562764451007133e+00
1.453106889205806995e+00
1.542277667655066242e+00
1.719748922101119959e+00
1.556929918890447739e+00
1.558248643415786283e+00
1.561072450289807678e+00
1.635550666007748566e+00
1.614305454728085509e+00
1.629622092198900862e+00
1.644195063170618587e+00
1.638366545770642890e+00
1.752463932153671244e+00
1.975728654595281686e+00
2.092525385119175407e+00
2.170926364631491357e+00
1.970323284561279920e+00
2.057317897337790580e+00
2.287009542782882043e+00
2.356772080033481043e+00
2.259077605127457922e+00
2.204623079298261068e+00
2.234379626902424310e+00
1.948270328622428327e+00
1.867817156701882197e+00
2.344471919364181201e+00
1.959181476857065451e+00
1.742205803190422175e+00
1.794832718067862487e+00
1.650794259650021800e+00
1.605597535383550101e+00
1.517796439814278475e+00
1.921390271332128918e+00
1.803306291489871427e+00
1.729969171864643940e+00
1.768199597869740236e+00
1.439174089393369993e+00
1.605481011437912331e+00
1.596190206979961612e+00
1.551136976165208958e+00
1.254995081094359755e+00
1.627025066589640190e+00
1.733233919421589553e+00
1.474440465623222396e+00
1.310015846809927664e+00
1.303613326624950108e+00
1.353244502916250092e+00
1.276342653451553844e+00
1.100032931094838462e+00
1.027084320175148280e+00
1.230246010398383660e+00
1.422922638285051056e+00
1.785313464021611951e+00
1.923176647872444578e+00
1.994411801819629737e+00
1.574913019500636446e+00
1.613147932564092502e+00
1.506228910092489492e+00
1.454252844233308473e+00
1.176902025704247512e+00
1.243674003528927097e+00
1.423729342723058622e+00
1.223769954845243646e+00
1.476171394504771417e+00
1.610063408442713229e+00
1.488410061236953519e+00
1.829483289176651262e+00
1.741985589735164375e+00
1.738624665261894187e+00
2.168786205955380630e+00
1.731484782413545309e+00
1.737375863322415670e+00
2.181547566621786505e+00
2.370372653178443478e+00
1.967080780094092152e+00
1.416901536144751006e+00
1.430859389199142351e+00
1.512666409269979972e+00
1.344201775720480940e+00
1.270335698161142668e+00
1.342876425779377270e+00
1.436712731029751611e+00
1.421999210588932083e+00
1.660760094011745736e+00
2.069128209128823226e+00
2.203379391531801179e+00
2.210033577579441300e+00
2.465947240498702175e+00
2.157420907787248598e+00
1.914742843944775119e+00
1.516264067777213675e+00
2.024312386678722486e+00
1.867550349412217647e+00
1.625910668297476880e+00
1.474055470062815676e+00
1.227826166855510159e+00
1.546206420624388178e+00
1.442835750808640460e+00
1.513708600106506541e+00
1.866654445942522944e+00
1.807935344148947854e+00
1.421196549994795832e+00
1.367069027531409020e+00
1.367740985138854004e+00
1.480305998920879773e+00
1.636442814020308667e+00
1.479082773786811522e+00
1.462311334101685567e+00
1.325054380398651865e+00
1.182575644622628541e+00
1.503106275914183776e+00
1.654708552668628263e+00
2.257057755265897914e+00
1.574367480420946430e+00
1.564144579862392304e+00
1.448363403779726388e+00
1.284008272791187011e+00
1.255607089313007130e+00
1.357144814417584167e+00
1.551904970176751108e+00
1.567124112640941425e+00
1.391997426559641093e+00
2.147495612051811609e+00
2.272676949067045982e+00
2.296042324658475131e+00
2.160232051109171270e+00
1.905356261823773600e+00
1.979100097684189707e+00
2.189049859345334692e+00
2.379387167301917572e+00
2.045036302657496474e+00
1.911790276026329227e+00
2.241447559304794890e+00
2.229271706443964440e+00
2.206333660087245629e+00
2.343549737434492908e+00
2.551569932564037302e+00
2.575250322835626715e+00
2.208967298866709950e+00
1.685292949764822801e+00
1.821774123551905378e+00
1.775875468226862486e+00
1.866805056916439387e+00
1.571797497093198492e+00
1.208788436937876742e+00
1.468515548606382559e+00
1.521530496351399142e+00
1.542876922438035425e+00
1.687188897283177003e+00
1.751073945766796314e+00
1.526331857793910007e+00
1.977351929744045611e+00
1.547636475642222953e+00
1.574897422238917377e+00
1.371449309061309574e+00
1.637002263844903327e+00
1.311650249044006955e+00
1.281063015938852079e+00
1.602824125841328495e+00
2.125611024539235672e+00
2.222301816522916695e+00
2.243811442785047738e+00
1.943630005345116762e+00
1.662287460462361866e+00
1.706262955052354258e+00
2.134895380146324406e+00
2.131827197492841997e+00
2.430843338036934309e+00
1.849935335780261925e+00
1.283679080820803176e+00
1.550086792546556236e+00
1.754853213620007013e+00
1.559452752634220563e+00
1.785230256492215561e+00
1.404111825424326998e+00
1.082285357783165258e+00
1.234921671208134786e+00
1.144260820253905520e+00
1.531670410790714421e+00
1.118350062181044269e+00
1.305808195968683805e+00
1.422528878401182695e+00
1.492305271237278408e+00
1.566053391553262841e+00
1.776359942560589822e+00
1.860725986553386280e+00
2.047590970599363125e+00
2.398449201201115599e+00
2.053389279046661908e+00
2.055245137756224416e+00
1.840318828036310084e+00
1.596101201504690259e+00
1.727254868567236645e+00
1.503357374694748394e+00
1.887093433615349980e+00
1.936718566045499745e+00
1.676338259216908044e+00
1.886385070803118680e+00
1.888370318691794836e+00
2.065655982116704870e+00
1.749036156187586677e+00
1.678257443557905182e+00
1.973156735683831542e+00
1.979592510569467834e+00
2.031343994982418355e+00
2.050539363870942378e+00
1.943820794522258089e+00
1.817383701933978912e+00
2.013279584375298636e+00
1.728499848161225927e+00
1.882863680684665475e+00
1.601364494207811351e+00
1.993575793332862167e+00
1.984551961540112153e+00
1.829706641498307862e+00
1.709855017699772439e+00
1.599967878421988177e+00
1.912416313032638371e+00
2.408502759670925641e+00
2.155921108064423830e+00
1.736982554125523492e+00
1.957137535217257529e+00
2.220743147738585943e+00
2.154969190546370594e+00
1.849601185588856556e+00
1.561460369291062689e+00
1.271689757619601790e+00
1.134262416166323506e+00
1.175506375463101882e+00
1.085284021023128265e+00
1.028673583819470050e+00
1.455565717884932830e+00
1.389916885276659020e+00
1.394852802270906578e+00
1.648384233219350126e+00
1.628315638496150797e+00
1.699365576822048141e+00
1.738198482561314151e+00
2.044805693040395944e+00
1.731279697998014955e+00
1.962815005649131583e+00
1.346020501821471704e+00
1.457452826203101459e+00
1.428662100537950064e+00
1.478124844175868979e+00
1.078986883360640636e+00
1.277668848050071748e+00
1.319336103399479487e+00
1.296152885646066233e+00
1.844362782654682453e+00
2.054366126174436591e+00
1.516793958935545694e+00
1.435515284146332338e+00
1.837805340366958085e+00
1.899420713127654814e+00
1.666320565139542076e+00
1.910266590351765492e+00
1.955241927598754703e+00
1.919979660590576120e+00
1.803974615404318804e+00
1.394073808585049479e+00
1.611194787126572381e+00
1.468199725781418774e+00
1.213953209126870547e+00
1.731255952360631900e+00
1.909845345635109659e+00
1.831324647798428407e+00
2.001139986212409738e+00
1.569818370129260954e+00
1.390147152883878023e+00
1.395125362704112915e+00
1.306002922866300375e+00
1.730246454230273789e+00
1.837718501983940600e+00
2.099595371151138146e+00
2.272773599833001423e+00
2.099244450292187647e+00
2.524748312731282862e+00
2.399486865084127896e+00
2.372410016265438681e+00
2.069834905482710763e+00
1.735052983087164158e+00
1.557017024882595413e+00
1.366569032763323088e+00
1.255801606775527102e+00
1.515569149151488215e+00
1.440703706258743999e+00
1.209894887510528205e+00
1.329419161206346622e+00
1.179981626764772473e+00
1.464286724862409628e+00
1.517853431821351462e+00
1.663433371413766793e+00
1.260454342019013962e+00
1.663671893571506466e+00
1.735390733477184755e+00
1.531516782796039200e+00
1.475234759635728699e+00
1.636839608303306326e+00
1.592103992872531126e+00
1.636663367242911837e+00
1.617857538201226353e+00
1.714919751641295065e+00
1.593007754285848288e+00
1.445038163418000288e+00
1.590754630398966807e+00
1.785803973675609946e+00
1.720898583931277592e+00
1.397716907893047589e+00
1.427955742607944778e+00
1.981854453505492941e+00
1.922554544271604549e+00
2.088535645650205108e+00
2.231160533953168379e+00
1.789220001527912274e+00
2.084725021950477153e+00
1.643903815556916115e+00
1.656991651585586922e+00
1.807402882482442852e+00
1.556284224152621576e+00
1.752941187927818945e+00
1.639938945642602341e+00
1.406364099339774798e+00
1.414584124842547475e+00
1.505474166729810603e+00
1.453237401455884648e+00
1.234720403525802590e+00
1.738286135830858559e+00
1.713801560484971453e+00
2.064866490814246003e+00
2.024136095899728982e+00
1.770072780451744210e+00
1.715247900870165099e+00
1.332775715942611461e+00
1.516828066953086696e+00
1.551968455692283477e+00
1.846980560545641969e+00
1.342674893376157641e+00
1.336832544270876610e+00
1.784225714596919588e+00
1.638675132035144033e+00
1.693449922690018372e+00
1.643405912921025891e+00
1.771963648569099492e+00
1.645295091854842129e+00
1.507935760128396696e+00
1.717658874300828531e+00
1.695368066977479771e+00
1.522248223344262685e+00
1.529820489259519078e+00
1.104878354150538255e+00
1.359443641908584244e+00
1.669499065780146951e+00
1.503177819925302305e+00
1.411283516144848704e+00
1.421430868442747242e+00
1.496652481492323439e+00
1.396594475671882218e+00
1.842725335376081963e+00
1.846482846142201373e+00
1.697915232382058548e+00
1.424104759630091976e+00
1.541353045995935034e+00
1.978998124405211279e+00
1.791168198614387919e+00
2.159443821294367183e+00
1.955689563867278880e+00
2.218630484155762694e+00
2.088444537945349122e+00
2.368343964725715178e+00
2.438052075658867945e+00
2.189565272264793805e+00
1.659009942760778955e+00
1.670170313753712499e+00
1.630614892591070175e+00
1.546765715020056220e+00
1.838921513883297054e+00
2.194060685019614265e+00
2.394068067149653256e+00
1.952708570175401226e+00
2.420619738560838563e+00
1.923299213343487857e+00
1.619954332591396096e+00
1.510185448543638342e+00
1.816397481077879128e+00
1.642511802282850431e+00
1.578382208595414227e+00
1.902059940534608806e+00
1.743841965344477662e+00
1.906052820908744838e+00
1.584944191781804568e+00
1.623626514848655944e+00
1.227010626574638330e+00
1.211723459065372488e+00
1.504194103809540550e+00
1.485733850084172358e+00
1.385502664557058505e+00
1.445241190138760068e+00
1.574136004600271033e+00
1.546927670863177839e+00
1.567033963510382710e+00
1.630779934290702116e+00
1.805194798437133930e+00
1.748561207624602432e+00
1.829026580570715765e+00
1.552047810359049151e+00
1.824583284138168171e+00
1.575574930303480503e+00
1.472481532795811621e+00
1.952624700197442387e+00
2.011446769576211491e+00
2.023993737961521155e+00
1.558072079015022204e+00
1.344170237260383871e+00
1.481070827692843928e+00
2.028548600707040350e+00
2.108648710436356044e+00
2.104000913382329419e+00
2.234314365038124084e+00
2.189688038308065909e+00
2.082104239225601727e+00
1.660052939419680573e+00
1.945829081437449704e+00
1.981068827936336652e+00
1.896326097202839733e+00
1.666129273322694004e+00
2.099840678526596616e+00
2.240502282362044628e+00
1.953861169301208456e+00
1.985683857261341778e+00
2.272538057228836283e+00
2.133579207838530944e+00
2.136728878011748378e+00
2.128026783374305175e+00
2.060571733198283351e+00
2.054476424331942219e+00
2.236761293441518639e+00
1.974058357006251541e+00
1.656354304229521013e+00
1.511773678551299849e+00
1.919403239412832862e+00
1.849923574151955741e+00
1.863657473809520404e+00
1.688087443916369779e+00
1.378545972487618343e+00
1.152980960112330200e+00
1.211266396648937871e+00
1.512960210378857084e+00
1.570631988821599156e+00
1.335986878750651030e+00
1.816009385482233007e+00
1.884342219473909452e+00
1.935446487793041515e+00
1.998236890555563861e+00
2.088555876131124478e+00
2.015020726652530403e+00
1.573476754066250427e+00
1.799878637506095336e+00
1.988994185140814386e+00
1.768757671061257142e+00
1.662350930472343613e+00
1.673611179717174657e+00
1.566277584707192583e+00
1.588381516751570466e+00
1.411901106089015201e+00
1.281689400787044519e+00
1.183127856477950379e+00
1.201685458683678043e+00
1.458024792801670744e+00
1.713883334752419829e+00
1.586644137122538822e+00
1.847829832906128678e+00
1.853047985205260151e+00
1.503710652946093074e+00
1.691476083915663287e+00
1.716508391117298249e+00
1.728877573495780418e+00
1.920624359462252517e+00
2.358728462046224106e+00
2.651602904328622223e+00
2.418826038817905477e+00
2.013767705330044677e+00
1.755511554889683357e+00
2.094553249794680827e+00
1.880469226103204994e+00
2.179470969073189046e+00
1.974348317289965182e+00
1.840750341882062546e+00
1.840344064101784971e+00
1.921954193941734834e+00
2.050871907579969733e+00
1.972719022984493309e+00
2.001128516177311578e+00
1.870565832101050319e+00
1.587762747807179187e+00
1.641183570580425188e+00
1.347524895092906183e+00
1.645207923059377464e+00
1.554297424567067321e+00
1.678326737367114463e+00
1.987783602844123365e+00
1.860130505128521072e+00
1.981406559957013647e+00
1.847465323578759033e+00
1.883384855642367128e+00
1.431458271249244074e+00
1.996457522215097313e+00
1.708281269241570755e+00
1.272239029509087738e+00
1.216658872754478260e+00
1.668869412870343183e+00
1.522471143102744451e+00
1.434116030754917670e+00
1.738930241936061494e+00
1.527592432772220121e+00
1.784407136591449117e+00
1.666133276823344112e+00
1.642133888021169330e+00
1.437097095206246511e+00
1.222820357178170170e+00
1.789999033906029213e+00
1.602899546414127574e+00
1.694252721126684014e+00
1.453945819090354696e+00
1.405736038905172514e+00
1.600526711901138377e+00
1.634858324971968146e+00
1.584556824215650472e+00
1.436812196016227450e+00
1.382160262516826776e+00
1.585473166155719982e+00
1.382677833874673023e+00
1.208214047266215507e+00
1.568464705084513744e+00
1.624321977358932578e+00
1.865377699004046264e+00
1.129871953377292737e+00
1.384910775470053590e+00
1.659047385180687728e+00
1.507141455961814369e+00
1.648574569757521591e+00
1.966045498454594087e+00
1.781359722073675655e+00
1.399556392284979411e+00
9.785935257433501233e-01
1.093274867668368122e+00
1.426595013606302587e+00
1.573317182694157879e+00
1.479758408988570029e+00
1.497096941798432113e+00
1.437461265208622052e+00
1.198068104470873418e+00
1.528470147212986463e+00
1.683773590123595287e+00
2.011726891029114395e+00
1.124251990606492724e+00
1.341140190064620485e+00
1.498464846238264148e+00
1.693776765203049539e+00
1.405362760929642407e+00
1.703096117580775504e+00
1.546298710218201533e+00
1.616327170140653413e+00
1.653567854084008637e+00
1.922203450682484549e+00
1.884711442869915876e+00
1.788641617527350736e+00
1.610051871769407672e+00
1.833563947412651052e+00
1.980812016026861855e+00
1.944779005789496473e+00
1.940036465432942059e+00
1.540584184018298330e+00
1.551110320392298236e+00
1.675841082773485757e+00
1.528068617972802024e+00
1.561666366097824055e+00
1.590721206322437853e+00
1.429694259616946850e+00
1.476143629607576058e+00
1.450338611243627174e+00
1.594512564274975341e+00
1.486340809128075868e+00
1.390482781487299535e+00
1.418715245504865941e+00
1.833815604037898117e+00
1.606272595361346589e+00
1.504333342551701369e+00
1.431973705789394868e+00
1.456319087572804483e+00
1.456832603412075322e+00
1.118667611658684224e+00
1.344047601913092027e+00
1.537885264655865836e+00
1.401845542863288330e+00
1.612575754448286380e+00
1.522084491751400481e+00
1.498755715165761560e+00
1.585212145838645004e+00
1.256929599563138433e+00
1.193595152753877064e+00
1.360810222738345621e+00
1.358405350465919703e+00
1.441283156871531190e+00
1.540621659773010244e+00
1.613510515959752034e+00
1.479549287423174597e+00
1.361285680954175570e+00
1.454289453130422904e+00
1.286207910853701009e+00
1.320859876293394519e+00
1.303983545707670944e+00
1.604259457196537175e+00
1.960835987970673600e+00
1.907233281361678356e+00
1.669551241146395970e+00
2.109699876709520083e+00
2.456186245901620158e+00
2.180787844777138496e+00
2.346634276161783550e+00
2.256215641099206248e+00
1.948440328984715197e+00
1.981143001433821382e+00
1.931931088118928885e+00
2.116062680334646728e+00
2.252427667608217998e+00
1.918640718111670473e+00
1.596692220267893481e+00
1.842900439607186192e+00
1.858044359742857310e+00
1.975145062841278110e+00
1.981577553453838680e+00
1.719425284288032429e+00
1.841202188780272753e+00
1.809262286418896526e+00
1.690136700182038432e+00
1.454674982434906116e+00
1.580938961568621126e+00
1.351688507253604454e+00
1.380027609062440153e+00
1.442325979035769423e+00
1.307588945478601383e+00
1.723745880562693955e+00
1.665682594125789340e+00
2.140940949476927369e+00
2.125275450277048339e+00
2.207357461062255943e+00
2.736397366711598167e+00
2.070954490736790277e+00
1.824951803677977713e+00
1.685912883675989793e+00
1.551334601677554659e+00
1.829534377589709937e+00
2.123717605739749548e+00
2.060670986060199272e+00
2.151392900363609861e+00
1.707851160137650259e+00
1.589990533404647799e+00
1.355948417392917271e+00
1.603070183035986807e+00
1.759681401335682738e+00
1.561837677634950516e+00
1.673924221688330549e+00
1.663357634521851258e+00
1.449160364557402714e+00
1.522795968544662593e+00
1.617278154201885698e+00
1.705901794980946962e+00
1.940889290787092936e+00
1.884092832095652925e+00
1.692585391155542629e+00
1.675886729625199356e+00
1.772815806507311853e+00
1.931057593517996995e+00
1.691769337246811888e+00
1.963906625971636011e+00
1.717029431998203126e+00
1.529532977686564488e+00
1.582086358665316661e+00
1.386630709583918319e+00
1.493030970003680347e+00
1.283658276120467789e+00
1.561370473137617010e+00
2.049986486114135698e+00
1.737586116029377736e+00
1.823163135499985987e+00
1.604603570687789249e+00
1.641670086597776690e+00
1.595404389271302570e+00
1.329678427266699714e+00
1.417683089759602444e+00
1.607629350393790846e+00
1.820921109949631189e+00
1.842192571133718593e+00
1.553278148146189475e+00
1.475490989669519637e+00
1.355203736960929106e+00
1.428761826486312003e+00
1.688146372887755042e+00
1.477707356905363811e+00
1.416278682096955954e+00
1.491596905043857113e+00
1.388574132682510287e+00
1.424637741936880753e+00
1.408165486761925322e+00
1.559659667888442458e+00
1.273983203146576537e+00
1.254429909560488721e+00
1.402379072261210613e+00
1.691197115082068825e+00
1.467789247822542720e+00
1.658940497025680250e+00
1.611603615208866191e+00
1.318473839106085288e+00
1.222796433563462237e+00
1.408302467944826830e+00
1.462917073116928979e+00
1.396639219428595702e+00
1.514914498453620917e+00
1.422552983807449545e+00
1.977333016451764625e+00
1.893434526598041678e+00
1.899840791726713052e+00
1.892740430140962049e+00
1.837168473655220069e+00
1.440389534344457267e+00
1.553042219931819234e+00
2.058059148533400329e+00
2.204825481344866667e+00
1.822454639246625874e+00
1.668556962692012924e+00
1.754867724703967458e+00
1.753277211310195982e+00
1.637081013968002541e+00
1.743623369593810368e+00
1.528351879137492597e+00
1.492213510292892620e+00
1.541170127171376913e+00
1.658829994009421327e+00
1.690686750746698053e+00
1.501857919888186510e+00
1.441600979104792790e+00
1.643845952658506082e+00
1.588031040270619698e+00
1.697566112944991934e+00
1.533767512523042775e+00
2.004824615380416120e+00
2.045519988464395311e+00
1.945790236053009714e+00
1.914663823935703890e+00
1.821520928643283188e+00
2.160060834888944736e+00
1.915809484722087452e+00
2.275394888128915660e+00
1.850803433980573676e+00
1.569319037002173234e+00
1.336276150567256238e+00
1.596336103233425341e+00
1.534872732543782092e+00
1.138917514985357426e+00
1.440102996009531511e+00
1.598201031274178563e+00
1.383028706454787704e+00
1.234188978384841873e+00
1.170011158668877504e+00
1.185230497448402920e+00
1.156429671089100220e+00
1.312642271545990891e+00
1.914828655504224209e+00
1.660149380824364362e+00
1.604071376293030760e+00
1.384087907027748088e+00
1.394401508243684695e+00
1.636652269908235757e+00
1.656854445902197215e+00
1.616800359159608291e+00
1.666602230149858643e+00
1.890126347860289435e+00
1.554189992279495058e+00
1.987491600237708766e+00
2.124418219798881680e+00
2.254726185214238843e+00
2.216023442164162471e+00
2.129853473972866507e+00
2.062929570891729902e+00
1.901949366846744205e+00
1.643476220299017188e+00
2.027962669003744889e+00
2.121593410197034402e+00
2.491762416026458204e+00
2.072435112877743180e+00
2.212282885357375051e+00
1.871425131285397114e+00
1.798926206433546504e+00
1.550255007107322891e+00
1.614748070519195000e+00
1.922285777608977675e+00
1.910500791698449774e+00
1.621009140078606414e+00
1.726659876676510441e+00
1.471155151368940039e+00
1.420174369447503970e+00
1.291436743039750867e+00
1.160003718920340710e+00
9.902450568100656936e-01
1.091351503834088410e+00
1.175969268367267562e+00
1.143076939493971933e+00
1.644165549711803287e+00
1.551375258735715246e+00
1.695196034261180928e+00
1.565959148745955654e+00
1.456881489505598815e+00
1.429547972150589485e+00
1.330371931703975275e+00
1.429398681570626328e+00
1.638631466545760418e+00
1.745266426163675222e+00
1.575288372526387759e+00
2.203168949918985930e+00
2.270031400106037545e+00
2.031084428219768423e+00
1.978159802526877842e+00
1.690344219478584264e+00
1.616062051341182304e+00
2.166081091077279197e+00
2.282698104751413215e+00
2.127309399832090886e+00
1.382879483015711841e+00
1.388288749780577147e+00
1.493939605450381514e+00
1.805133461452077981e+00
1.635235482668547125e+00
1.887294069145435405e+00
2.118384114885205616e+00
1.890980063220548235e+00
2.257223445079548974e+00
2.286952048570501717e+00
2.095998757132340184e+00
1.612556279415643168e+00
1.678540371819041033e+00
1.842920394487668645e+00
2.057853872124641992e+00
1.594471790823671631e+00
1.773246596293953203e+00
1.590354428374811668e+00
1.767394381433917250e+00
1.749005370348782451e+00
1.595542156399554878e+00
1.707697315664380655e+00
1.367323899847942448e+00
1.557338124434696214e+00
1.710188688395398504e+00
1.390658251236809972e+00
1.385940793987850306e+00
1.760387090302661495e+00
1.305070439612402655e+00
1.578361910914697575e+00
1.911347366729362562e+00
2.267569168420320747e+00
1.977006207160131090e+00
2.093363050958144012e+00
1.913209386435447357e+00
2.436624343117361757e+00
1.899950789259563511e+00
1.673757774493177752e+00
1.775685059630755180e+00
1.562771645538679532e+00
1.615038062551613640e+00
1.682186201973260298e+00
1.551887358944352258e+00
1.788811293435028649e+00
1.379984738690457791e+00
1.439053726793490418e+00
1.670267985356959528e+00
1.802695335292161083e+00
1.351589421109077982e+00
1.643221345817625467e+00
1.136468409941745028e+00
1.255008342748601180e+00
1.460779023013716094e+00
1.227138835046351018e+00
1.183098278050982222e+00
1.544406834253415406e+00
1.637495012972484121e+00
1.385587499801921085e+00
1.491097274857621446e+00
1.548658990760583887e+00
1.669016733286704302e+00
1.672985071499277998e+00
1.437451501293698364e+00
1.739573993052697665e+00
1.617890371452867404e+00
1.606547618118211451e+00
1.537997454355947369e+00
1.197859598791662261e+00
1.513917776170611518e+00
1.655786704624031547e+00
1.600893348110494330e+00
1.888570611587706338e+00
1.974985555505178070e+00
2.324226795442677407e+00
2.066928107577975293e+00
1.907678276873183698e+00
2.070684322101141728e+00
1.656101537887068265e+00
1.645238296687621560e+00
1.653775144003581943e+00
1.511095266248413616e+00
1.521099770883709512e+00
1.637038346989365012e+00
1.275832921219689720e+00
1.428349449295472029e+00
1.364584465443251515e+00
1.438536983895518206e+00
1.359718485473398575e+00
1.490586615095319978e+00
1.699837961537991937e+00
1.599538300126538193e+00
1.594040940251244542e+00
1.283592853112356824e+00
1.557684469343458611e+00
1.334854747876699221e+00
1.134612698364995786e+00
1.335143047674787420e+00
1.390855604553083547e+00
1.231191681171602381e+00
1.027240227506820425e+00
1.081239305472123435e+00
1.300046521089665008e+00
1.003213033009138222e+00
1.359321589102537420e+00
1.019019797700896568e+00
1.189806734211011685e+00
1.330941644356733233e+00
1.403224260986323912e+00
1.380029448042436213e+00
1.456897958983644825e+00
1.593242602206644376e+00
1.795927123882693710e+00
1.641291919434749502e+00
1.705357268514134716e+00
1.796745869881061441e+00
2.124551273366191317e+00
2.243289907619963497e+00
2.237798800531505261e+00
2.070489755620716466e+00
2.183907898119941571e+00
1.877228799579802931e+00
2.088897365172475151e+00
2.400198729930878461e+00
2.107987822265004141e+00
1.866161933998725875e+00
1.787926026090928211e+00
2.099410048979768018e+00
2.169041381514887235e+00
2.079754545576912417e+00
2.268647622412407472e+00
1.695841285806427567e+00
1.730864990271188120e+00
1.507705415584266850e+00
1.874470676796325952e+00
1.810748351140700541e+00
1.659844175722912984e+00
1.623881605509359005e+00
1.108807488144191167e+00
1.340093461754209514e+00
1.145683705759899640e+00
1.634814404212606931e+00
1.749403402653912920e+00
2.057525106543178772e+00
1.997770155467577302e+00
2.400142341548047842e+00
2.552080572337899422e+00
2.387213375329932941e+00
2.225692818602638567e+00
2.007827194564030471e+00
1.611784972636662872e+00
1.623383360612719928e+00
1.728564414740067168e+00
1.519344046530632042e+00
1.400575122046044285e+00
1.453093532402796706e+00
1.746011418402992010e+00
1.875395533757773014e+00
1.629327170415160841e+00
1.802147319934063852e+00
1.871765094703701227e+00
1.555781443931206320e+00
1.881829572408099782e+00
2.049455110006090930e+00
2.553570788672007374e+00
2.445137596948743219e+00
2.659071961188741895e+00
2.493290762596571675e+00
2.644328211102643600e+00
2.532169380741672970e+00
2.230062749441571679e+00
1.954977603831712152e+00
1.707526758073631079e+00
1.946338965333927362e+00
1.817755816411545045e+00
2.038443820040100718e+00
2.158855740747692931e+00
2.654047570957486890e+00
2.567447546993299134e+00
2.097578113589743332e+00
1.861856171870271526e+00
1.726617061446126478e+00
2.027742619735410035e+00
1.905153381375141564e+00
1.633141368214234834e+00
1.728113530498430084e+00
1.367882763830874371e+00
1.486870764848713167e+00
1.651889786346501410e+00
1.604835104004410429e+00
1.468979686059823875e+00
1.516713374323865660e+00
1.757696690098693892e+00
1.823283362012073416e+00
2.205932765499150516e+00
2.104908430738555492e+00
2.160426095517348433e+00
2.054054278753248308e+00
1.889142288004383552e+00
2.209498917867467771e+00
2.002543932770481483e+00
2.064275165422879699e+00
1.929585057588747210e+00
1.482271179448620968e+00
1.687027256783611540e+00
1.561645406390853807e+00
1.651868155106949843e+00
1.546610909003427459e+00
1.276505181708270875e+00
1.431985888271988250e+00
1.452945752461276552e+00
1.666465367199230885e+00
1.763683614093992880e+00
1.866331064310037924e+00
1.722642173174047997e+00
1.948301984184564795e+00
1.819259663396670668e+00
1.980464372224906899e+00
1.650180437218069063e+00
1.654016614651368844e+00
1.373495426325816560e+00
1.461613482154868748e+00
1.418136121148246387e+00
1.670081800973638897e+00
1.783947788035508797e+00
1.605817777447891448e+00
1.727638840432948797e+00
1.577014803242664742e+00
1.297738565026139712e+00
1.435275479597785564e+00
1.316582587302505214e+00
1.252082926573815369e+00
1.271024072008671180e+00
1.483912187737373323e+00
1.545834837352587199e+00
1.727940149209684861e+00
1.791675968886427217e+00
1.670765752933105475e+00
1.520809883327020717e+00
1.467357012090153789e+00
1.397751039928148087e+00
1.479375840577455525e+00
1.432332535830339815e+00
1.374221155199646383e+00
1.313151323654428548e+00
1.558430570054227582e+00
1.664389315055925467e+00
1.615514457998737274e+00
1.990348475933418460e+00
1.561557352473164295e+00
1.447359192065929667e+00
1.261449270600911943e+00
1.423379921125853764e+00
1.456813339384203987e+00
1.457267867499175917e+00
1.483925194274274828e+00
1.751043369437507158e+00
1.545005955541892684e+00
1.876506051757098836e+00
1.663798524479272123e+00
1.501349775014920951e+00
1.499996797806795179e+00
1.182745067865964783e+00
1.412969087025357950e+00
1.747160211216807202e+00
1.541964631678832687e+00
1.547944010103128765e+00
1.816111095755443605e+00
2.087070218486802187e+00
2.094683638087686983e+00
2.299610172957147647e+00
2.165720381344593992e+00
2.111383233353680389e+00
1.602373534129028165e+00
1.731403897045589169e+00
1.770138247793222153e+00
1.848220961331014323e+00
1.883435343487727343e+00
1.941117927161049472e+00
1.889426159682084716e+00
1.630705165349734642e+00
1.806484455905102537e+00
1.678580645671073235e+00
1.840195914259117771e+00
1.595671813765711100e+00
1.866217141972334792e+00
2.451671394328192033e+00
1.939497242357137941e+00
2.069183205678037929e+00
1.919565965499750781e+00
1.794292381795058011e+00
1.920984150992131934e+00
2.112588170506199958e+00
1.708687291474779490e+00
1.509997228713651829e+00
1.400186878542097002e+00
1.247031531696946693e+00
1.585823159612418598e+00
1.762176322392912997e+00
1.696550206326270960e+00
1.674385617494353440e+00
2.093924587702189921e+00
2.061469892341121213e+00
2.081439879015977379e+00
2.196332397659890745e+00
2.227430628738470642e+00
2.233345995325779931e+00
2.001897352060100665e+00
2.403405517922280854e+00
2.370984104707236639e+00
2.240055714279314270e+00
2.402192852706870774e+00
2.528765059196135923e+00
2.209348033445358794e+00
2.161686982233373744e+00
2.410016748684469245e+00
2.142994902323866135e+00
2.367178780820535788e+00
2.120124249111627446e+00
1.768714912959283625e+00
1.615850258275740137e+00
1.599550685144196960e+00
1.602655306020810189e+00
1.955682156163161878e+00
2.142629780869287348e+00
1.842998208556093864e+00
1.768327765676084073e+00
1.904673704760471598e+00
1.780944260336094764e+00
1.591963229909588051e+00
1.835971073926666808e+00
2.095228087810909745e+00
2.206958411322068603e+00
2.335666604109847277e+00
2.231992881532681050e+00
1.870884146715213081e+00
1.789192692469218970e+00
2.182123164647266300e+00
2.142650490116163375e+00
1.495670645312596081e+00
1.369357315511957163e+00
1.463376649895898218e+00
1.423750040614967682e+00
1.306176931975032041e+00
1.713653030671113742e+00
1.465886266106980695e+00
1.407265698616551930e+00
1.484876971879879548e+00
1.491198773035034453e+00
1.463365052078239970e+00
1.696330910861403085e+00
2.077762918253222679e+00
1.701677499553094997e+00
1.717847038977365459e+00
1.503024281451779132e+00
1.410828737935543309e+00
1.507479482863107068e+00
1.539506065145630043e+00
1.342290764172769935e+00
1.135413623352095058e+00
1.213853419785183796e+00
1.488782553686312182e+00
1.258078920105635268e+00
1.324747479190432564e+00
1.841188619569314788e+00
2.237638396605640789e+00
2.201018488729649114e+00
2.059038811902570654e+00
2.065612929494381245e+00
1.866829666940505561e+00
1.914324927065623516e+00
2.007225171978667788e+00
1.699437609718439823e+00
1.672857745718225431e+00
2.101258430685833289e+00
2.408727676758087188e+00
1.956654232410209859e+00
1.763566118119133996e+00
1.348544373356543202e+00
1.254502838436881262e+00
1.209367887583312928e+00
1.542673109208154925e+00
1.319138065843973529e+00
1.109490591744431986e+00
1.313179409986349633e+00
1.495230366735905259e+00
1.311250503761254071e+00
1.248785457915512431e+00
1.495355993147326146e+00
1.536846786921248320e+00
1.842983628958151598e+00
1.485748391245816036e+00
1.516229827640099836e+00
1.536324000518393129e+00
1.787098207257119320e+00
1.663777398312010547e+00
1.746115017162356953e+00
1.606201943107379737e+00
1.679187746763425082e+00
1.690496258429579957e+00
1.471739114296682915e+00
1.465822217760238244e+00
1.529337497065520468e+00
1.675868881622241791e+00
1.637851329215952889e+00
1.636660279296076270e+00
1.650523364851944841e+00
1.720670029585061656e+00
1.697607011069139915e+00
1.450677741332788262e+00
1.597910109163047876e+00
1.632634944305172198e+00
1.932784207319680592e+00
2.129881217201957888e+00
1.631399595785221424e+00
1.509764136206173335e+00
1.510867493475748669e+00
1.770645043257429663e+00
1.576814843637435404e+00
1.447645878596530933e+00
1.154112631382934628e+00
1.654999852452016418e+00
2.050025036171136961e+00
1.878478727939994375e+00
1.599414360601755902e+00
1.622243004467677885e+00
1.756882634552635825e+00
1.909218339945231380e+00
1.726929430923822784e+00
1.368682156711459985e+00
1.543380066286719643e+00
2.010657023747079108e+00
2.184665625849744330e+00
1.822760349084848519e+00
2.203525095823830160e+00
1.910661495567927748e+00
1.536529426153838696e+00
1.626432438529993973e+00
1.911935734598983139e+00
1.682697901933690066e+00
1.500093848246631056e+00
1.838154327207807803e+00
1.729850495153315793e+00
2.338373395825295464e+00
2.220688664073179996e+00
2.135746643020282942e+00
1.939877523759783173e+00
2.188838770106668719e+00
1.839948559746424239e+00
2.091549562906894533e+00
1.918358476701203408e+00
1.690610288554092122e+00
1.836446789532644175e+00
1.902585269675347579e+00
2.007088664704026026e+00
1.886493492075881129e+00
2.003268947467224947e+00
2.177239994017762026e+00
1.910754307670349705e+00
2.103529814177489410e+00
1.928503021494845315e+00
1.748300578067501609e+00
1.737439686596631283e+00
1.890463941047863194e+00
1.965621224341344231e+00
1.768623004098575535e+00
1.841460905144352900e+00
1.922104819568955847e+00
1.866441000211803258e+00
1.514719961139984417e+00
1.623578215454859253e+00
1.640089600893519517e+00
1.731112063103532606e+00
1.649698455314205781e+00
1.403845788219087787e+00
1.517650085791586001e+00
1.374237216817972618e+00
1.389336577824781482e+00
1.357250527072622726e+00
1.257565487544614058e+00
1.703360403610701956e+00
1.719053376437012393e+00
1.806100652645094007e+00
1.590583656602603702e+00
1.451126985076078846e+00
1.289369594042503619e+00
1.571047923470066277e+00
1.989915078045830121e+00
1.963912130767689890e+00
2.025771587840810906e+00
1.513452533301475889e+00
1.884460097577125515e+00
1.895459648687204179e+00
1.936163954995225867e+00
1.824520864398768483e+00
2.076160847862066117e+00
2.175639659678779037e+00
2.082736532182168698e+00
1.571295982490397591e+00
1.255494143622313041e+00
1.095836336532571620e+00
1.314265911076065940e+00
1.297931000277170011e+00
1.256666229719222372e+00
1.496611986270327321e+00
1.812442736561689305e+00
2.233022957233772754e+00
1.932668240828218975e+00
1.955370923740578082e+00
2.036437272586621106e+00
1.804216950657710372e+00
1.776985282463012572e+00
1.359452210629928715e+00
1.710417873719509707e+00
1.641894020516093455e+00
1.192290858748505711e+00
1.369653907190950370e+00
1.608833311552030132e+00
1.794798003531767883e+00
1.929473082600190459e+00
1.830310483479113293e+00
1.883818629584925297e+00
1.348248031389733592e+00
1.391106893596229410e+00
1.262270054195194557e+00
1.760659667455019006e+00
1.788698109792814073e+00
2.091179240128810957e+00
1.783556015949487206e+00
2.131111533875292618e+00
2.023105664837916873e+00
1.737804964350743608e+00
1.843634927515076072e+00
1.616005778981063790e+00
1.565108687450308844e+00
1.720853860594047324e+00
2.056845042885773633e+00
2.548726740738873620e+00
2.427236904362155112e+00
1.939279510876674939e+00
2.069326173516784717e+00
2.261483573120486312e+00
2.295606091629882162e+00
2.433180482776098330e+00
1.931785772919339950e+00
1.872243946909467160e+00
1.703914970471690937e+00
1.374504546744133249e+00
1.682592736116242493e+00
1.730488640247359378e+00
1.536603221468508140e+00
1.620298006433419147e+00
1.886246108133409427e+00
1.936503739545811342e+00
1.850027701749038744e+00
1.718838376668984980e+00
1.692015810794957220e+00
1.556757634179326111e+00
1.325085459720180658e+00
1.675062152120795567e+00
1.347207007411296287e+00
2.192167882533987200e+00
2.081150434082130296e+00
2.122169570942199268e+00
1.919084077559610968e+00
1.737386145246587521e+00
1.446549794846044179e+00
1.918245694278748692e+00
1.587075768478576787e+00
1.522388102902494822e+00
1.388759353294072740e+00
1.640476534014341015e+00
1.597461400822371758e+00
1.746346187099877101e+00
1.746088451946029352e+00
2.048489406032278026e+00
1.758891542453196566e+00
2.068236686366567323e+00
1.495297552257164986e+00
1.423347981383457528e+00
1.446108794037059164e+00
1.116838181623389437e+00
1.222688808718738862e+00
1.316873834196244930e+00
1.256041137091269633e+00
1.626385671041502778e+00
1.217195068733098129e+00
1.545136201130820286e+00
1.623244395445113675e+00
1.369058408689200590e+00
1.377676155590811247e+00
1.503805587737694127e+00
1.705024816964807677e+00
1.864881475067098782e+00
2.002064080564382120e+00
2.107774301242782311e+00
1.907735080181332199e+00
1.880116272288353763e+00
1.732478439830124506e+00
1.543020786967159275e+00
1.310169974290789519e+00
1.382843499791212460e+00
1.698496049035402411e+00
1.598056556986189092e+00
1.535922531900147714e+00
1.550033070494202470e+00
1.512699133161519605e+00
1.721460134086232108e+00
1.822059990114114569e+00
1.793239549562684942e+00
2.073567623787953007e+00
1.980539137555654250e+00
1.616104748470678976e+00
1.577805007509154755e+00
1.658931626745129506e+00
2.044106339094267977e+00
2.155631514624649636e+00
2.120649059826988481e+00
2.158743709474445271e+00
2.037670605027087856e+00
2.147492354779719559e+00
1.817584049129119084e+00
1.441232435393583478e+00
1.449505414564900008e+00
1.555159838336442668e+00
1.658497316838867697e+00
1.375636348620667970e+00
1.507509307477785221e+00
1.624296355392235824e+00
1.435985788101522775e+00
1.435478403105349132e+00
1.664747924932783896e+00
2.018560504227497443e+00
1.769133189835796260e+00
1.613970828395365320e+00
1.844064036112551097e+00
2.101275197331723188e+00
1.835314167575416100e+00
1.835073014303323591e+00
1.610013744207060782e+00
1.349125019978085760e+00
1.876155220968759751e+00
1.929251966530886708e+00
1.911595308874866506e+00
2.003445757259004534e+00
1.714133904215831894e+00
1.871642430119853318e+00
1.475818201892151960e+00
1.481356625918184955e+00
1.451769962497143851e+00
1.631064013778952049e+00
1.774885306124037943e+00
1.420390214661217732e+00
1.648651294212632124e+00
1.516423957851087634e+00
1.610884466201906395e+00
1.268695950163734931e+00
1.258850620713193758e+00
1.513607317173984335e+00
1.607869525730580396e+00
1.489786122303576210e+00
1.426474294664160425e+00
1.400967274900168924e+00
1.566027074359864324e+00
1.610902597884751319e+00
1.680464000782416312e+00
1.727242200971088160e+00
1.712653361955412512e+00
1.469145101991606195e+00
1.450299840982346433e+00
1.544863974169776721e+00
1.543167133077581354e+00
1.390941183739955900e+00
1.661659614594996004e+00
1.882559582142816712e+00
1.789552544090360797e+00
1.854205836398176377e+00
2.534468691584304434e+00
2.524387331703689341e+00
2.352224470586674610e+00
1.714416710073879635e+00
1.681311866241946618e+00
1.608569840487846125e+00
1.792594078766076793e+00
2.078815616070954775e+00
1.894625797809390555e+00
2.183049857313963393e+00
1.798929793038264613e+00
1.503195728984930923e+00
1.954217501116308986e+00
1.467577798606492401e+00
1.340551100139098839e+00
1.676322416240033419e+00
1.497005294656956975e+00
1.375112015157547773e+00
1.372998889813635159e+00
1.365256073810436011e+00
1.371740954285028291e+00
1.463531478639669370e+00
1.257729037126478211e+00
1.603186026491430827e+00
1.312369832758452093e+00
1.624164061663512015e+00
1.675526319341943848e+00
1.708967287762350740e+00
1.496532520965758284e+00
1.917384961582722092e+00
1.840416480968381840e+00
1.993805233833685353e+00
2.165779074029963169e+00
1.941559222982209620e+00
1.538099975794322116e+00
1.475678454001966067e+00
1.382380857581873457e+00
1.388273998285916910e+00
1.915989339048851825e+00
2.172394062764881451e+00
2.240370538152768543e+00
1.934590953293726434e+00
1.907483419452085771e+00
1.651772395732293619e+00
1.535774636405296434e+00
1.442060087787858658e+00
1.654392560338703522e+00
1.713934090426192824e+00
1.638230683074499483e+00
1.388194572694995799e+00
1.642972612299822277e+00
1.905858908622703574e+00
1.812383436474266363e+00
1.821415338836409603e+00
2.010756713504592064e+00
1.883363577313125425e+00
1.842992244314627825e+00
1.568555969727095434e+00
1.572518706702310087e+00
1.282013955099216229e+00
1.183119336156095880e+00
1.319204620684450102e+00
1.297900010097653656e+00
1.660973216375408290e+00
1.491087903360855504e+00
1.497824082326979056e+00
1.628635491980849670e+00
1.494471334662802686e+00
1.852712496807491505e+00
2.000285062707945816e+00
1.774148458116447946e+00
1.394088601178002707e+00
1.494108716497710043e+00
1.579804799971952889e+00
1.575581727162588042e+00
1.371448704751875525e+00
1.628540983342676274e+00
1.788718341965291447e+00
1.490616979658649921e+00
1.398722844707025681e+00
1.432282050204998658e+00
1.363772842027348720e+00
1.245600651725089492e+00
1.328389641939119015e+00
1.111456683604096662e+00
1.349753482904797464e+00
1.403853213717081605e+00
1.798113420758138181e+00
1.803230688817410998e+00
1.930890435732453003e+00
1.871722960271231972e+00
1.835363533341296538e+00
1.724402559735779050e+00
1.500271672720050464e+00
1.748392909695839270e+00
1.679970770049439954e+00
1.723729955973686501e+00
1.829500311174359739e+00
1.636482869725733869e+00
1.794558454252767055e+00
1.920533350381451232e+00
1.832429636306747156e+00
1.846698262523797318e+00
2.027779871660017719e+00
1.849699125387520571e+00
1.668262790460197209e+00
2.605496176547195564e+00
2.711019884935705004e+00
2.504902083760424780e+00
2.388133837413366489e+00
2.513130405820258595e+00
2.442290983866506782e+00
1.873143696292833615e+00
2.182938759830298725e+00
2.238979721738761253e+00
2.197536103775129757e+00
1.402251355319158233e+00
1.498676121719057841e+00
1.701929717255423746e+00
1.348254302773909341e+00
1.433268651824785911e+00
1.583433732435455710e+00
1.620797072245069081e+00
1.858395037938123995e+00
1.435603845962263758e+00
1.670524779867027521e+00
1.613357805279132640e+00
1.479234082641067483e+00
1.495114154805036177e+00
1.780180539786484495e+00
1.895648036202965958e+00
1.250857817076459932e+00
1.474308071179709634e+00
1.376552061631459267e+00
1.691700389028658158e+00
1.462207777208875958e+00
1.452256045961816566e+00
1.660994641429333729e+00
1.559903416132896403e+00
1.585865749266389901e+00
1.571487342330949666e+00
2.023117678169382927e+00
1.546078927088516686e+00
1.629175186495468441e+00
1.891811328902122558e+00
2.104545142082220544e+00
2.192316447221375864e+00
1.986204448806119238e+00
1.887653261589629317e+00
1.531964525289450485e+00
1.362235666096542674e+00
1.452754497202946693e+00
1.656501241920634415e+00
2.130625805425031327e+00
1.728219576913071265e+00
1.810892022501924714e+00
1.779381064549144575e+00
1.854564495915705269e+00
2.064624656839948003e+00
1.967196775978543588e+00
1.976326694623893765e+00
2.365501015744610136e+00
2.185822258106050242e+00
2.266180089540470011e+00
2.191068307759874934e+00
1.650015774161581961e+00
1.813743418942998176e+00
1.601288071408625502e+00
1.888202188150917227e+00
1.777306779543212478e+00
1.932227276628459833e+00
2.150859463114608072e+00
2.350270458754610825e+00
2.091278041649060615e+00
1.891377396082391416e+00
2.226485499589091699e+00
1.647386549474634254e+00
1.524215319251377210e+00
1.730495163015615123e+00
1.714056740871019002e+00
1.811484563111182444e+00
2.125277346214761831e+00
2.406642374880191504e+00
2.423298968474020043e+00
2.200484363768366425e+00
2.112274600471506059e+00
2.040553795806426152e+00
2.125089366464488094e+00
1.773036614118195020e+00
1.282395063869816054e+00
1.539905390280615460e+00
1.567163390467546158e+00
1.529061207594936356e+00
1.846584846315581174e+00
1.952867150921745676e+00
1.810627684981988894e+00
1.742607930090734669e+00
1.254256732408599362e+00
1.391705825329173418e+00
1.361168981687705060e+00
1.371859035244417990e+00
1.328195064173079976e+00
1.482189120193634579e+00
1.506818273727012159e+00
1.801715352885964183e+00
1.791837532671440858e+00
2.047828212861327657e+00
2.145827918703669734e+00
2.080396652591930629e+00
2.114833074972599203e+00
2.233792858794676484e+00
1.984594680286358770e+00
1.748445307046418096e+00
1.562058690322889021e+00
1.432285379777658241e+00
1.796249660693959971e+00
2.054223851825975000e+00
1.914937816330661846e+00
1.785466369293364330e+00
1.920792077673531217e+00
1.437194974417194349e+00
1.329952852267682673e+00
1.446927753849680975e+00
1.597187564357582135e+00
1.420289483354493232e+00
1.484566948117474805e+00
1.270290394759942432e+00
1.325173868446514414e+00
1.294649349447737796e+00
1.521306944772635950e+00
1.270114780154073308e+00
1.249089579874283151e+00
1.157798201794121740e+00
1.523551482945657121e+00
1.508659583918161129e+00
1.555976798842949149e+00
1.105600049448549393e+00
1.259306338312046192e+00
1.527050149860340378e+00
1.880157625199425642e+00
2.032733403767927438e+00
1.615446378321658605e+00
1.771786609272698376e+00
2.198772725826397600e+00
2.122788139425789478e+00
2.273115932613807733e+00
2.480510040049431097e+00
2.110742770092211007e+00
1.736177455321176399e+00
1.486356053003244915e+00
1.253107464722607034e+00
1.600111072958761760e+00
1.690257244525774638e+00
1.267428329923369956e+00
1.986466609514994319e+00
1.851777531842988100e+00
1.683790333525081895e+00
1.357414583017232168e+00
1.607841308141199521e+00
1.598340462570150500e+00
1.457509251589932608e+00
1.222404245284926638e+00
1.233596575705989684e+00
1.544781295182179104e+00
1.668883816570955858e+00
1.738086394788009859e+00
1.724784453708835485e+00
1.876482610256367867e+00
1.414107573142376895e+00
1.430712169261370903e+00
1.611045507191027681e+00
1.619766714169917243e+00
1.932938674942914936e+00
1.734851085771608625e+00
1.481130683413758309e+00
1.477969855940022281e+00
1.797880414193224530e+00
1.580725546039158713e+00
1.519398240753955909e+00
1.619948252431909541e+00
1.412208267756251079e+00
1.245430995535702579e+00
1.358431702625809256e+00
1.429297529573082981e+00
1.483676280216965182e+00
1.657960687038827263e+00
1.640855677135562019e+00
1.344378506276187268e+00
1.450677238536225211e+00
2.056124075408328533e+00
1.945163050314807185e+00
1.713146872168130663e+00
1.698570788705196621e+00
1.921173337963563377e+00
2.108634293994224418e+00
1.968597145227322320e+00
1.696682597861763675e+00
1.590320237930597180e+00
1.269358483261328718e+00
1.540391918865155363e+00
1.631746244698768500e+00
1.338306710998506732e+00
1.651109707069984500e+00
1.376613949251090929e+00
1.446345180405266051e+00
1.281339445319916948e+00
1.504783270236658588e+00
1.512609061441817948e+00
1.074307015072869298e+00
1.216387071787339513e+00
1.515840037385343564e+00
1.809609382196774918e+00
1.695547472472268558e+00
1.748790909331878529e+00
1.518170099841558152e+00
1.519652364657645416e+00
1.389657149766992728e+00
1.648108065530724309e+00
1.749194107272567411e+00
1.652870133855257384e+00
1.618695153999017311e+00
1.870654500321548674e+00
1.613339273108754135e+00
1.951711857709091724e+00
1.800101490085075362e+00
2.437704983676345361e+00
2.243225667758412367e+00
2.522864810028595528e+00
2.645155388880342961e+00
2.471997610045426619e+00
2.406617304746951902e+00
2.039540709084925574e+00
2.429189467281266612e+00
2.236517394868186681e+00
2.374215039694885565e+00
2.392385300639876089e+00
2.079839425156876143e+00
1.888984428202859167e+00
1.717484886667412169e+00
1.377100509103249548e+00
2.013631927489370366e+00
1.922829063280378836e+00
1.703988623391479607e+00
2.075336042725700825e+00
2.138205060547237579e+00
2.168273817696167782e+00
2.256453997449737070e+00
2.249617096500974078e+00
1.835019439651107254e+00
2.028334099139061486e+00
2.050455221983614962e+00
2.254442733259526488e+00
2.035551529264463255e+00
1.602732644759456537e+00
1.827786414096979728e+00
1.669791805217625047e+00
1.714774488104340522e+00
1.728489656411074327e+00
1.672362205807591540e+00
1.783745732565853448e+00
1.735207468792449692e+00
1.921361504128236808e+00
1.620692285432361324e+00
1.634188857523113603e+00
1.901976297283158424e+00
1.805639495066217570e+00
2.019639387661771313e+00
2.325796662713478291e+00
2.364178338235821020e+00
1.861963438163219964e+00
1.532429577300117529e+00
2.072584490134533830e+00
1.770615601747798085e+00
1.967663952499493440e+00
1.836080958885420999e+00
2.259508233407715228e+00
2.319761180716588544e+00
2.149381852604441701e+00
2.004705557698805762e+00
2.049457601490456415e+00
1.875858886238382262e+00
1.531594799224626158e+00
1.445170863103490966e+00
1.324753623104753864e+00
1.582973633726195928e+00
1.403526654604969170e+00
1.471270084694473956e+00
1.499949534903763926e+00
1.404015968591282970e+00
1.451342744688041586e+00
1.605227338578700147e+00
1.674356797475203606e+00
1.746853085914825243e+00
1.477211412805892410e+00
1.737031667054697470e+00
1.405373722123788749e+00
1.218786188279736393e+00
1.538965144573914978e+00
1.680374898104898040e+00
1.668344251406896461e+00
1.837728271742846253e+00
1.672194647658851396e+00
2.125081038092159424e+00
1.640569347180384829e+00
1.506429844125320328e+00
1.827277913299637291e+00
1.603094674544524922e+00
1.484373850273592588e+00
1.422621147903287975e+00
1.426634234159630310e+00
1.254889601616394845e+00
1.654932539887757903e+00
1.934692290521525582e+00
1.715320106652044707e+00
1.345661147439759286e+00
1.395137667224664701e+00
1.512071319613240483e+00
1.644984263782879097e+00
1.739014981179447306e+00
1.503528561593249879e+00
1.651031676874202603e+00
1.754846343339776515e+00
2.093501533438622886e+00
1.923601360668437898e+00
1.739811495771086403e+00
1.609386388479453700e+00
1.972601628295121090e+00
1.959467173253657712e+00
2.107642695054332993e+00
1.951226433612202049e+00
1.530249199628908041e+00
1.795335003617500425e+00
1.684088469119313647e+00
1.816297787148234422e+00
1.674054782313465273e+00
1.722953494791120477e+00
1.518855647472389769e+00
1.558294286692953223e+00
1.503642724704457478e+00
1.634317686788149038e+00
1.613403085900715794e+00
1.725582211079117689e+00
1.628434452031707114e+00
1.650273369973588977e+00
1.533828769314399265e+00
1.475993496082829148e+00
1.552660481776493961e+00
1.409322973289217629e+00
1.172204570338837959e+00
1.393663706991088214e+00
1.702257466075950632e+00
1.350889281068771375e+00
1.458847477588220753e+00
1.484172073639742351e+00
1.600324684209333270e+00
1.508054209445117921e+00
1.492422765330227774e+00
1.350436295653607122e+00
1.481618145952811716e+00
1.611560551884462900e+00
1.551649806808280907e+00
1.639318849502180875e+00
1.409069946892603342e+00
1.293832571444692547e+00
1.299450912326426177e+00
1.111286463946469016e+00
1.578012482513294401e+00
1.434681758269238161e+00
1.450136985287623581e+00
1.705001913675600056e+00
1.522005242398111413e+00
1.452737987694379562e+00
1.298772239596455380e+00
1.225086118867075191e+00
1.144087707071695270e+00
1.596370644333790167e+00
1.952142960988270559e+00
1.501372398557154986e+00
1.717593518593012236e+00
2.028352063841340147e+00
1.439953088373579160e+00
1.866206323642073617e+00
1.671357446252064172e+00
1.890328127509394607e+00
1.979086849650361746e+00
2.105538619399794253e+00
2.536572268195113722e+00
2.390193471340023912e+00
2.362742503353752799e+00
2.476066351340506344e+00
2.088786200060481324e+00
2.387362389152766884e+00
2.325682851393271466e+00
2.308471563639635349e+00
2.523484094393708688e+00
2.327398774506207246e+00
2.083979040592353726e+00
2.144569595371504711e+00
1.961562628876341030e+00
2.148118504470364343e+00
2.425309294664815152e+00
1.939410914347988513e+00
1.899834552875982574e+00
2.151697797450874639e+00
2.267045612993907167e+00
2.184917511481124119e+00
1.897597716387140698e+00
1.837713620826899819e+00
1.789655057037671471e+00
1.487990222657234796e+00
1.669512015981172937e+00
1.992791845591747268e+00
1.710071707353400416e+00
1.526245343831957868e+00
1.219813042287422711e+00
1.481466281065649149e+00
1.585321156052850622e+00
1.662363406893029749e+00
1.693659561495445276e+00
1.575423458818110634e+00
1.641699002912101468e+00
1.908917301966043256e+00
1.665068717675555421e+00
1.407004074222574674e+00
1.587548884346386302e+00
1.625773036961140949e+00
1.472400485225270561e+00
1.674113761554388846e+00
2.093844206165671462e+00
1.975662186633224682e+00
2.265972883552656025e+00
2.238166021273452433e+00
1.981762338584960093e+00
1.658326454097797331e+00
1.279663298141840766e+00
1.359271561883165225e+00
1.089452228038160664e+00
1.259563229435245679e+00
1.378664641380812128e+00
1.602941419115082589e+00
1.744015921667238622e+00
1.750729338722082362e+00
1.774165316955896632e+00
1.812786896363113742e+00
1.733480267841641664e+00
1.746801092916315135e+00
2.036495507917208680e+00
1.900016697915166253e+00
1.993604005130330314e+00
1.775058085352595461e+00
1.737106605883105503e+00
1.733101651088054584e+00
2.056478696647169091e+00
2.122351024336757153e+00
1.965355472062704667e+00
1.886307523838343547e+00
1.568131232910127570e+00
1.840994464099417804e+00
1.671657056310903888e+00
1.999118957950464681e+00
2.399417210876664264e+00
2.806405828903677069e+00
2.380949420284655726e+00
1.886937548965561762e+00
1.702211470460239573e+00
1.596092238632301319e+00
1.529016979902615425e+00
1.291314467000701960e+00
1.371467558836323875e+00
1.454873859046323048e+00
1.434157898102728312e+00
1.158573666208375874e+00
1.431674474298824329e+00
1.702004636471528221e+00
1.536297785691996598e+00
1.426761748010413999e+00
1.603995464303057616e+00
1.911494718880233812e+00
1.832833879572136615e+00
1.895392230575216885e+00
1.733449137548713104e+00
2.055875954942661732e+00
2.254281882923045099e+00
2.628679801025254559e+00
2.428152105119969040e+00
2.386608571363190379e+00
2.191800306802490272e+00
2.257199019308866461e+00
1.896339124958445144e+00
2.167273977186343181e+00
2.268593354627240100e+00
1.903541522486112969e+00
1.893153806734891198e+00
1.884116757809548348e+00
1.786816402036393248e+00
1.616555294389737218e+00
1.398769479639926594e+00
1.577675221030254926e+00
1.567892884838732570e+00
1.814836433916443559e+00
1.887727746633409032e+00
1.920708629127568123e+00
1.604828550920090580e+00
1.929724772437402924e+00
1.693364770088328974e+00
2.017674180549365648e+00
1.891788713002353184e+00
1.693786601795589153e+00
1.736951782337738059e+00
2.011782806208076924e+00
1.904165850030497653e+00
2.083992357101479787e+00
1.793575476090273346e+00
1.615618128475871051e+00
1.964788079550717104e+00
1.693600271379263278e+00
1.966836300695275375e+00
1.715887098711196046e+00
2.141030668866245712e+00
1.790004284832642956e+00
2.329070866234549619e+00
2.482200962920003917e+00
2.247913596862796570e+00
1.980642777366336205e+00
2.182734462254511953e+00
2.264512125291697764e+00
2.077495081313819547e+00
2.137565888108476475e+00
1.723646673223810044e+00
1.812581995356160824e+00
2.009091699221963623e+00
1.936463835114854648e+00
2.128724303912698623e+00
2.162437447472171481e+00
2.132747403716094947e+00
1.850669248669705613e+00
2.037318600909923116e+00
1.563918655867043039e+00
1.369042538914265084e+00
1.597091125550346158e+00
1.725590215476718869e+00
1.836899038945528417e+00
1.838352036424277358e+00
2.155549047840815025e+00
1.878352752188184205e+00
1.923725554296348284e+00
1.809560196400507470e+00
1.794072945694207721e+00
1.917916302471553536e+00
2.004507070584912842e+00
2.447382629726898795e+00
2.407203474336817806e+00
2.107736341886405018e+00
1.961939059761051540e+00
1.809772279822751351e+00
1.837639942180031127e+00
1.926354284298962050e+00
2.197732823093109911e+00
1.968491883727031766e+00
1.830702948336852431e+00
1.610870285922600065e+00
1.730691670816523420e+00
1.551302695303633961e+00
1.868130539368383580e+00
1.405495280151462190e+00
1.440998333797936182e+00
1.329855410773632229e+00
1.459621248976052499e+00
1.717128502891187569e+00
1.601955364513444113e+00
1.730556171901092899e+00
1.650040726649915079e+00
1.724623061795349077e+00
1.848771863159469619e+00
1.746071248431453782e+00
1.824324914427969846e+00
1.912977287006276672e+00
1.764975235475166659e+00
1.330100698034997198e+00
1.384498290297174306e+00
1.151781379636498626e+00
1.459167521777352983e+00
1.404046117805061833e+00
1.268329654531525241e+00
1.442194706517094360e+00
1.255208095978619820e+00
1.258736321487939236e+00
1.671982854061012880e+00
1.414393604647872227e+00
1.593782705337695615e+00
1.717728331765925764e+00
1.894824749831659050e+00
1.852221197623630689e+00
1.542757679785826230e+00
1.441036773560092854e+00
1.426949065958536655e+00
1.160273364601460466e+00
1.302800395992117943e+00
1.390994970819639409e+00
1.697819991541910767e+00
1.615782074064116003e+00
1.455196392190297949e+00
1.194620010335649685e+00
1.267096542766008360e+00
1.830699437751700520e+00
1.714163150659177903e+00
1.554793271863810666e+00
1.362036941997756045e+00
1.553068521971246563e+00
1.693243105545218619e+00
1.444172737303630383e+00
1.376932123251204176e+00
1.511534605788777741e+00
1.912182467868647429e+00
1.773219379946222141e+00
1.505125828051478987e+00
1.253113120676998093e+00
1.390756163650415322e+00
1.965817063995902947e+00
1.966818762177895197e+00
1.667086495855379047e+00
1.953670717922263211e+00
1.844942239646025772e+00
1.568331638178399379e+00
1.691007312328526302e+00
1.968777438861060602e+00
2.280085665586031762e+00
2.245710918147138635e+00
1.806906162900942636e+00
1.903224082293391906e+00
2.180863698406091622e+00
2.084769663290408914e+00
1.619945843613176173e+00
1.621849405395461297e+00
1.574300094313917597e+00
1.522887646090989477e+00
1.994584342733189519e+00
1.980774360052392824e+00
1.930958453894256355e+00
1.610188735927303716e+00
1.702577880539084321e+00
1.857454962611134519e+00
2.124984427586182445e+00
1.954327473446639374e+00
2.128074401946849381e+00
2.022578208153932078e+00
1.999724090206514093e+00
1.969309007941295153e+00
2.064026858137883558e+00
2.024222765448302930e+00
2.166598331999241456e+00
2.120390234217029324e+00
2.095920776454777368e+00
2.251125173503301102e+00
1.681185904394382424e+00
1.739324592761729127e+00
1.636248694454813135e+00
1.476358344668168510e+00
1.382997049894540309e+00
1.457148896649921754e+00
1.362568823874492852e+00
1.832832344435077365e+00
1.902552884876704598e+00
1.495685544547165513e+00
1.366422682639769848e+00
1.120242253473099581e+00
1.509830591923853715e+00
1.645715538720983417e+00
1.427638014274667633e+00
1.398879325492379699e+00
1.561584613827869727e+00
1.882464893963900154e+00
2.045573265655326711e+00
2.301531125600862815e+00
2.273944624521115454e+00
2.603677249030686092e+00
2.425468466414554936e+00
2.051754554486927340e+00
1.769950251566081878e+00
1.928286704802251394e+00
1.768517907667169542e+00
1.615959609902575700e+00
1.553841646544840138e+00
1.542210920357632409e+00
1.588386237467232842e+00
1.427142501821984544e+00
1.532354876421356815e+00
1.719742054383789798e+00
1.647890548188692073e+00
1.346917905020624584e+00
1.105185502502371575e+00
1.441678661112276494e+00
1.991390333273654889e+00
1.928982240986385266e+00
1.857845214586105520e+00
1.554019837777931290e+00
2.116187105824077097e+00
2.349781564832261527e+00
1.804178563572313543e+00
1.553826714226355987e+00
1.653724097935432624e+00
1.476888825001059002e+00
1.756430266210867730e+00
1.908030694966983631e+00
1.742555438687733771e+00
1.696036455537857313e+00
1.631156384978381668e+00
1.450931499296567173e+00
1.628955111986661208e+00
1.509352161683415572e+00
1.391911498521827051e+00
1.363980191218066906e+00
1.297912868819958820e+00
1.322229230792210997e+00
1.388331635712323653e+00
1.649863753335456096e+00
1.297344218618921685e+00
1.286083473138381450e+00
1.373947545889988575e+00
1.440422229070796423e+00
1.450823253311986916e+00
1.364215599016015412e+00
1.214817354044413378e+00
1.761246315304806132e+00
1.884893302850536800e+00
2.116031181590996901e+00
2.611221975803671214e+00
2.368928139248509979e+00
2.607303423983677426e+00
2.370804239411345105e+00
2.141275035511329694e+00
2.046307408067760569e+00
1.680643304738065558e+00
1.325119877549254976e+00
1.309536628571864592e+00
1.487440125118719481e+00
1.517248777676814875e+00
1.521879893355023050e+00
1.454878481199782803e+00
1.685235837619562860e+00
1.672114996895971872e+00
1.772592854013516961e+00
2.066180151455732528e+00
1.983202589449015285e+00
1.798980712094724765e+00
1.831509037252833538e+00
2.424865200283262467e+00
2.175716092466109419e+00
2.060540295837575364e+00
2.122731863109322159e+00
2.046789298739911001e+00
1.927326982698646773e+00
1.909511581646350820e+00
1.636983707627976514e+00
1.732591470093726826e+00
1.561052781255815480e+00
1.332152171257766859e+00
1.348460487410123587e+00
1.351855055446206322e+00
1.623417174534059315e+00
1.470605479496210677e+00
1.450039782901842544e+00
1.334337146084611403e+00
1.290254279683918481e+00
1.300650078915851715e+00
1.362488132211874481e+00
1.722413285873943156e+00
1.679995333049091988e+00
1.589978619936272874e+00
1.342968731853191988e+00
1.668169999473161802e+00
1.283423901520448496e+00
1.064413123453764154e+00
1.309132559059899892e+00
1.931592102882541795e+00
2.094941867463702589e+00
2.078154381441422061e+00
1.673090474950489126e+00
1.491717307905491730e+00
1.398481820328381975e+00
1.485181627215779399e+00
1.654429068771732902e+00
1.569253896689884353e+00
1.758565364680851006e+00
1.469753114863580734e+00
1.720119966928912225e+00
1.595026640514417560e+00
1.719785768481056909e+00
1.983956016687679513e+00
2.091583992801216763e+00
2.091170066672630501e+00
2.235037725520853336e+00
2.352506503083560130e+00
2.193438833110068487e+00
2.213883621767759990e+00
1.951541381219770166e+00
1.972248686664429318e+00
2.112753373983694782e+00
1.456741157048777602e+00
1.954056344355898034e+00
2.356183245721913178e+00
2.474621630102625147e+00
2.178170669317464725e+00
2.093841222518042500e+00
2.117580939128547168e+00
2.297684591168734247e+00
2.022260299777402182e+00
1.715578584557145181e+00
1.702073711990427896e+00
1.478005789780072465e+00
1.519191616747261664e+00
1.566704320476827839e+00
1.290851619174032683e+00
1.435437377534464209e+00
1.364783749870723151e+00
1.572407824194879344e+00
1.937636372815528141e+00
1.819214986054564775e+00
1.979378210006669470e+00
2.164749063765280201e+00
1.844796039456729098e+00
1.777610691094825501e+00
2.120798256058557651e+00
1.966949723389094906e+00
2.206857305773173294e+00
1.840539814366418447e+00
1.840858655204003824e+00
1.705602734275440957e+00
1.554139708745794435e+00
1.541388183819618618e+00
1.430959599859387144e+00
1.247988870606570266e+00
1.548905971597291265e+00
1.686103873186509006e+00
2.050857397887654088e+00
1.825902034381945205e+00
1.468626055513013506e+00
1.487006322168964001e+00
1.434304337602270163e+00
1.505813566855300989e+00
1.948180354576644069e+00
1.934088041314197426e+00
1.643383956766657938e+00
1.685249774691918834e+00
1.355638925606440726e+00
1.425700266704872599e+00
1.546463604072278120e+00
1.684256104392462650e+00
1.648076504115014052e+00
1.706557470787954278e+00
1.873553312043747532e+00
1.876089511167154278e+00
1.880578276519892844e+00
1.682516571244552894e+00
1.901702048586132010e+00
1.839477321526606479e+00
1.796803241169306675e+00
2.188713571294339300e+00
2.006560618812524677e+00
2.392945711435676692e+00
1.691756480834850196e+00
1.340718911778746802e+00
1.477359917615929774e+00
1.417909648228912856e+00
1.364334169410106767e+00
1.367652518178192445e+00
1.943147980529725150e+00
1.731933844793646760e+00
1.899129830338667224e+00
2.061457657899961049e+00
2.219127345047080535e+00
2.029553085723185823e+00
1.980961332743467196e+00
2.090010233766468772e+00
1.888144547452179856e+00
2.234412624667757807e+00
2.342364324638902762e+00
1.933891369237497049e+00
1.373804484891802513e+00
1.390018377572825869e+00
1.344191809350470557e+00
1.534660436530258298e+00
1.899826917208146781e+00
1.859769601314674947e+00
1.947820900641045405e+00
1.755441898552561497e+00
1.569348935536638345e+00
1.872167246419517372e+00
2.053573677401113962e+00
2.122702043728726728e+00
2.089655711989893305e+00
1.552075477991630592e+00
1.588615639593015771e+00
2.027654678324130710e+00
1.943937934757273389e+00
1.925272762182856034e+00
2.378744686424770549e+00
2.165250015703975794e+00
1.765460057911835356e+00
1.664663053539346071e+00
1.647268866064046655e+00
1.861679441279511016e+00
1.852083506477204544e+00
1.873469522277416477e+00
1.693337121278621460e+00
1.448978240785380400e+00
1.546885187541501283e+00
1.477658280157395865e+00
1.848413296371668402e+00
1.828496030474380252e+00
1.617363189701738424e+00
1.443049085886076499e+00
1.521417159018105369e+00
1.740628165593867793e+00
1.999233963944876180e+00
1.705370234792753514e+00
1.913361483741732760e+00
2.110451044462224868e+00
2.431315710798487295e+00
2.022502502487622866e+00
2.342088389696388440e+00
2.202936406613278830e+00
1.584724130182902258e+00
1.594019683821755295e+00
1.338520046359956694e+00
1.403130779737984835e+00
1.375831987142392743e+00
1.430338965492752967e+00
1.330152610112191436e+00
1.708150717695688714e+00
1.506160246187197238e+00
1.363034207903716322e+00
1.372288829972100110e+00
1.557956177676969034e+00
1.424335422904348114e+00
1.506732957121259986e+00
1.475939322885094107e+00
1.455854444864437269e+00
1.768295378947509766e+00
1.580523789027907799e+00
1.527433212257146122e+00
1.806747224193690604e+00
1.349447118719684369e+00
1.389056150114387655e+00
1.676517896776174688e+00
2.107532171823265355e+00
2.074927163862269719e+00
1.961638026240957622e+00
2.131431896212464316e+00
2.030520114121077579e+00
2.066764712909779700e+00
2.355481266802045059e+00
1.970658692578935778e+00
1.802860436554689416e+00
2.057025482925769477e+00
2.115008552482478876e+00
2.085159811870298530e+00
2.135934819770068938e+00
2.667246078547581334e+00
2.026066680181826118e+00
2.180934058531933672e+00
1.777776180797159489e+00
1.950912568391618862e+00
2.079367432824083650e+00
2.228792598676441195e+00
2.257067466338366302e+00
2.489704736008938823e+00
2.261305805824404214e+00
2.259435013725722197e+00
2.171155405024730367e+00
1.674898253330130204e+00
1.592078863219585250e+00
1.714757721435852034e+00
1.483344019921542412e+00
1.670503941581264362e+00
1.525396302275738414e+00
1.758524618571799980e+00
1.430021811835504586e+00
1.314879535662476728e+00
1.181969496166016098e+00
1.216716628529500133e+00
1.824388365995485373e+00
1.697129700535396246e+00
1.565427511148523632e+00
1.404530563483538774e+00
1.664966196926196407e+00
1.431779402755509745e+00
1.603351908073870735e+00
1.427723161188240386e+00
1.895738502269737502e+00
1.863983069926797631e+00
1.821525739948674616e+00
1.993706451960840287e+00
2.238977895531191642e+00
1.912103023800218793e+00
2.125494713016418569e+00
1.687593948746392236e+00
1.693847869859330890e+00
1.832782522766041700e+00
1.636853552467052886e+00
1.980231844500691230e+00
1.804613442751198837e+00
2.094367885305127519e+00
2.054530423209964596e+00
2.226445140466921213e+00
1.921840865495228812e+00
2.173478567350916713e+00
1.887685028004485677e+00
1.886390980897907355e+00
1.578796805686983218e+00
1.885075387860458029e+00
1.928666336081552579e+00
1.662490664036888166e+00
1.466678664714815561e+00
1.651411987975817119e+00
1.605299773218979986e+00
1.614359474617457879e+00
1.301056343662933878e+00
1.644815435994741781e+00
1.748989781364368667e+00
1.352595572737783636e+00
1.371500564240900832e+00
1.198844141766635785e+00
1.421048013754212080e+00
1.050274185375235758e+00
1.112661749657995136e+00
1.247801090647097988e+00
1.631227888649647628e+00
1.736299507132187392e+00
1.491097626640299323e+00
1.588829196923706721e+00
1.409824242407647255e+00
1.383764279458323143e+00
1.586390385053881413e+00
1.369370290382882827e+00
1.235273265233083562e+00
1.333302576844317633e+00
1.437198280995831245e+00
1.587791146039538859e+00
1.378470080051212188e+00
1.802255346197576991e+00
1.903816850001642580e+00
1.742472638494207970e+00
1.988142934519753213e+00
1.943817015889112598e+00
1.967604746955756712e+00
2.234991438286250354e+00
1.973563129742003319e+00
2.322620653245841993e+00
2.035591172201744126e+00
1.895697879587362467e+00
1.430251136072618001e+00
1.529451599088131442e+00
1.474882098639408667e+00
1.268908412173979761e+00
1.032175439902448755e+00
1.176782716349040525e+00
1.496549492168055995e+00
1.552327350393090111e+00
1.474336049508968571e+00
2.102961845215082892e+00
2.152364756232036935e+00
1.747569677010955225e+00
1.875756947759240845e+00
1.543060050477839340e+00
1.851478506731329965e+00
1.911880418974137186e+00
1.657205029304027466e+00
1.592611617948318070e+00
1.970132334067575375e+00
1.642896400550475366e+00
1.757792961701708512e+00
1.769145069344988830e+00
1.601472225912427438e+00
1.701639985702190216e+00
1.625656619583002893e+00
2.043773383325458326e+00
2.204319654900980918e+00
2.221015573053531700e+00
2.422785204147403171e+00
2.320869873829611407e+00
1.659298889327388338e+00
1.449279769589514544e+00
1.803195962829729826e+00
1.807575847432639549e+00
1.216844156135334920e+00
1.315784364063459444e+00
1.653510661698146977e+00
1.760177155727707721e+00
1.962651793029629221e+00
1.752611707561047005e+00
1.768857540204118228e+00
1.772533248454661425e+00
1.479939698943084636e+00
1.506203098042538713e+00
1.737496565601399867e+00
1.323022844572373957e+00
1.415462749345675064e+00
1.412028724693647819e+00
1.595814482676589874e+00
1.503615520837755071e+00
1.323932646803017033e+00
1.437780839539374078e+00
1.455900538341539097e+00
1.464388992795999656e+00
1.371958163678554943e+00
1.143087806736913015e+00
1.209955426992309846e+00
1.585174606490852511e+00
1.622815073707237987e+00
1.596476648082481020e+00
1.889683290545228322e+00
1.774602292986909191e+00
1.499016643828345874e+00
1.129133454723758145e+00
1.367572275466412357e+00
1.138880316304511142e+00
1.241999041004643978e+00
1.384726430461448388e+00
1.560655291167097003e+00
1.766417715418839407e+00
1.703832684005581743e+00
2.039642667259865316e+00
1.826729123972016255e+00
1.649247455943936291e+00
1.730016076054589291e+00
1.984515683134443043e+00
1.864233157310390077e+00
1.435095375386757022e+00
1.396860814922337823e+00
1.312120391595428925e+00
1.024023939379666848e+00
1.520305285405984863e+00
1.806179612369080534e+00
1.298279609305315274e+00
1.416521620933655301e+00
1.261417072463138389e+00
1.640661907499972649e+00
1.355622037193392915e+00
1.262842503196273558e+00
1.101627599719966488e+00
1.159007339253451008e+00
1.470274713454938542e+00
1.537251040878277131e+00
1.706866030643137355e+00
1.264341313922364485e+00
1.362886259673471434e+00
1.334601970779081714e+00
1.716139373004020641e+00
1.448371299757615693e+00
1.164527306283785535e+00
1.263116813139347094e+00
1.617512563543767046e+00
1.697209405517573266e+00
1.769377815869585424e+00
1.680933338607306204e+00
1.719741295567860151e+00
2.118049990789245385e+00
1.604706189611669886e+00
1.302178534364470508e+00
1.157107063749522657e+00
1.355538840872371642e+00
1.239094421560374748e+00
1.364580537496562274e+00
1.091778235188948010e+00
1.571573388030734764e+00
1.599312293348949865e+00
1.373090148138770727e+00
1.279745087775735257e+00
1.142492077282329710e+00
1.286643969785333352e+00
1.464365920576236046e+00
1.884291394825491572e+00
1.564571399226363013e+00
1.762178475866751803e+00
1.712643306947578159e+00
2.097629459123894424e+00
1.609298883174726136e+00
1.824846320672750100e+00
1.684745625687046999e+00
2.034196447480566938e+00
1.942627127105601481e+00
2.093086839401486543e+00
1.724235767240700712e+00
1.754597263108054195e+00
1.790179300361731896e+00
1.259726418022263372e+00
1.415338773088137270e+00
1.495404453627248831e+00
1.328142511729224928e+00
1.716423056046334272e+00
1.539512526848475948e+00
1.476413776299347447e+00
1.564910549400088335e+00
1.802206766581717634e+00
1.520065016733644914e+00
1.698378833570349578e+00
1.301328751886207336e+00
1.502382470616318244e+00
1.421390570142405885e+00
1.628106263612079552e+00
1.821037500271749154e+00
1.834833844472954389e+00
1.634744974356166614e+00
1.648459093139079235e+00
1.301276960825615614e+00
1.366426898970511727e+00
1.262219597345880295e+00
1.290096690127656487e+00
1.267656022649757741e+00
1.324717020632088627e+00
2.036059428413382832e+00
2.109821092125879982e+00
2.344194194390079033e+00
2.086232683653304054e+00
1.946700814615573538e+00
1.840219383269450892e+00
1.759748443986521638e+00
1.482172971807131034e+00
1.663901719912320720e+00
1.843854111827480935e+00
1.616706463009724759e+00
1.929537845224638337e+00
1.822142752795552045e+00
1.968483673374975318e+00
2.060988253518531543e+00
2.525140125039999628e+00
2.364144621316385031e+00
2.044928129975339015e+00
2.291082575483325279e+00
1.652310612244767718e+00
1.828808903845504208e+00
1.749608943009916873e+00
1.592257010690965036e+00
1.647546504523794475e+00
1.436136629816718191e+00
1.488047668870905227e+00
1.663618054253305445e+00
1.328470885720304917e+00
1.187376818211181684e+00
1.081896718558176707e+00
1.162019313372612439e+00
1.255552735323400615e+00
1.331022544828393883e+00
1.524862769308197308e+00
1.723859608579528357e+00
1.622161391759499027e+00
1.994700230988019740e+00
1.637653176706946656e+00
1.595355285284264291e+00
1.745452305472047883e+00
2.128529780195651533e+00
2.030451130587822117e+00
1.598487862927894021e+00
1.573780011641512155e+00
1.300559925901447977e+00
1.274614596309215697e+00
1.479897305714750422e+00
1.617752316100909304e+00
1.180971307558781769e+00
1.358017661116133867e+00
1.602490766731453409e+00
1.659420275938189526e+00
1.717947331838058922e+00
1.551454004943466636e+00
2.118029212986543453e+00
2.422901795109746903e+00
2.151064330885744447e+00
2.102131699923013741e+00
1.642631103603397369e+00
1.778896549823955286e+00
1.560615578185892582e+00
1.633597105169399599e+00
1.713723762583289734e+00
1.733010912566390616e+00
1.726467870804962779e+00
1.789965621662306994e+00
1.767040238096490690e+00
1.952845518755568666e+00
2.147879596556022008e+00
2.280707277399845800e+00
2.100821263528958927e+00
2.386937477835735955e+00
2.423589842996015875e+00
2.513143544628827719e+00
2.343626291010906026e+00
2.493751311612705024e+00
2.219431183182610123e+00
2.002810686402471507e+00
1.685416209532092813e+00
1.740790850153229208e+00
1.603971673501374928e+00
1.624741713984562130e+00
1.472971407090516660e+00
1.348046200140476714e+00
1.605965533712319315e+00
1.382876177693289854e+00
1.381034572101527580e+00
1.395007698260193107e+00
1.022723671838724036e+00
1.426328612491738035e+00
1.619115154753605346e+00
1.741626449405000221e+00
1.442108768654815520e+00
1.372357076980817769e+00
1.473990363576463514e+00
1.772420713932204128e+00
1.444146948464950508e+00
1.905369497497251929e+00
1.661655522114603434e+00
1.875944386398598063e+00
2.179886091186705954e+00
1.865597799475441354e+00
1.790462232569085543e+00
2.105816198202752343e+00
1.965286259273881342e+00
2.043388231701545710e+00
2.205055507120189162e+00
1.479484829197831308e+00
1.062754471695565694e+00
1.401713220421467732e+00
1.578223849397097478e+00
1.788415496710497266e+00
1.514296250079343764e+00
1.981735143647431974e+00
2.032284459193168136e+00
2.135990994705606383e+00
1.837499743637791561e+00
2.087105183473288328e+00
2.168160989154809037e+00
2.276613201456974434e+00
2.070403412386159658e+00
1.914696940441127815e+00
2.129371632309096984e+00
1.821068995753121200e+00
1.719090130799199034e+00
1.645283456031767733e+00
1.373086224722735116e+00
1.675307422377310562e+00
2.457685938283959981e+00
2.348846920913544967e+00
2.088738052296033931e+00
2.064089717010928915e+00
2.122421698427045200e+00
1.946565844627361930e+00
2.248709670861942289e+00
1.707993224904806429e+00
1.900472260650239775e+00
1.362631621011639593e+00
1.328075690817128507e+00
1.501146230953621652e+00
1.486058351799584676e+00
1.508865504158203308e+00
1.448196121209290643e+00
1.326652353299423215e+00
1.527710795965566914e+00
1.629631688653859545e+00
1.576831201613910327e+00
1.676792647590091834e+00
1.779341237163118983e+00
1.420897949886530398e+00
1.599007245292556334e+00
1.408759576649349476e+00
1.768512183934634052e+00
1.953574227216980930e+00
1.473303757499977218e+00
9.731329274234147286e-01
1.085288205633599068e+00
1.232262387535397963e+00
1.456402246166206060e+00
1.552225149460831233e+00
1.546415719112313125e+00
1.848480210671200386e+00
2.265700987593477489e+00
2.167706787990379080e+00
2.105941934256950088e+00
2.311782163663650635e+00
2.395920696334427280e+00
2.073966491255613054e+00
2.392287329067772639e+00
2.245941609195607480e+00
2.343229061810590430e+00
1.820343989931717532e+00
1.773760486514909251e+00
1.426624931921878225e+00
1.395168383822530833e+00
1.182620788897801090e+00
1.308257401891656180e+00
1.647858907013820762e+00
1.738893029360476294e+00
1.686094787509479165e+00
1.913319827352995661e+00
1.669621091600753449e+00
1.609275326939088702e+00
1.838512922452362863e+00
1.870366617244870300e+00
1.917985263211789082e+00
1.615712214402191371e+00
2.218724988588481661e+00
1.958235660385579280e+00
2.159848872076584936e+00
2.025230071443334889e+00
2.152328903065737098e+00
1.853548510790874237e+00
1.766611539041168077e+00
1.704345582226447720e+00
2.015239639055856902e+00
1.952671540572683995e+00
1.764647291676866292e+00
1.387193954002797103e+00
1.479690993209192174e+00
1.751008518213028609e+00
1.858984269211619633e+00
1.870775438260068757e+00
1.804370619659619424e+00
1.639979777981634079e+00
1.700950172019616291e+00
2.067767387405289536e+00
2.161051590357403462e+00
2.023874362940583094e+00
1.963659729468573367e+00
2.081392780734161896e+00
1.893194315809441974e+00
2.175577588044699251e+00
1.803694657823346592e+00
1.836255565288057445e+00
1.312456745014324522e+00
1.845886142169413491e+00
1.726594843306301419e+00
1.531780539660598350e+00
1.432801187228585071e+00
1.747262133644784887e+00
1.720466174194069886e+00
1.846114757526698513e+00
1.787501448154536154e+00
1.529413478754153566e+00
1.783859558422320468e+00
1.930608333111956343e+00
1.619173831395174679e+00
1.452170847989712632e+00
1.760596842214969149e+00
2.111636656142799051e+00
1.877322679399587191e+00
1.975583376867763752e+00
2.041507938033967573e+00
2.036675922171762299e+00
1.419886664910970708e+00
1.750875143023000291e+00
1.887527218428969533e+00
1.907385171453317430e+00
1.683132478648803998e+00
1.527427302449714253e+00
1.548376543071607880e+00
1.898782861701488800e+00
1.786351915442476512e+00
1.538813492233200630e+00
1.812306764625749356e+00
1.750383763428970063e+00
1.693112895848435828e+00
1.825437377574566700e+00
1.739193179574525905e+00
1.597236393944520216e+00
1.632793017429492899e+00
1.644384108198503114e+00
1.911494137306283925e+00
2.009150449612158162e+00
1.530647980946009623e+00
1.565439815493505415e+00
1.628449088182688520e+00
1.315281005707949369e+00
1.533927321555243584e+00
1.900739797237050333e+00
1.880839939357584090e+00
2.026170250006920970e+00
2.313715600227457259e+00
1.977479653844250285e+00
1.258468505283010908e+00
1.804328431299475843e+00
1.985462097130754167e+00
2.180904456358363941e+00
1.903159607548198240e+00
2.104172424774178651e+00
1.818233303924780664e+00
1.274797632765143351e+00
1.361107227227388305e+00
1.665346854114671205e+00
1.594343271888825520e+00
1.277718713339744738e+00
1.391072685616140170e+00
1.133990508227635807e+00
1.387477134972221027e+00
1.785710477046441813e+00
1.798935514116206891e+00
1.758535415455511952e+00
1.729271698234355004e+00
1.749425124267236731e+00
1.457699651916844141e+00
1.644371435255669756e+00
2.016553526230209226e+00
2.329825380908725929e+00
2.236524065872388167e+00
2.237245305381276417e+00
1.686494758271322558e+00
1.791375031510590521e+00
1.381380721974789560e+00
1.733505405028777702e+00
1.539176666076385258e+00
1.318090398395133311e+00
1.446564842826392638e+00
1.429375492641305367e+00
1.839970932059501907e+00
2.150796048443585295e+00
2.625283549728724353e+00
2.509487806709158608e+00
2.324219741539503392e+00
2.208371714205046299e+00
2.344889342705717361e+00
2.329163122532384111e+00
2.254328553782733557e+00
2.634870832486045700e+00
2.458964167936253276e+00
2.060279594525025626e+00
1.641768765778411243e+00
1.863443284722474225e+00
2.015966408954459776e+00
2.242253199757381132e+00
1.951691278182238198e+00
1.703820014221719692e+00
1.758736291224760384e+00
1.272052233257027432e+00
1.610610032952129789e+00
1.689990344459452176e+00
1.911539116293304419e+00
1.918805026285349769e+00
1.899592040340962740e+00
1.941048367011886988e+00
1.894654271133451306e+00
1.890250778574014578e+00
1.670825216694993287e+00
1.366570143624580513e+00
1.796726234924030940e+00
1.682654378802594497e+00
1.772406669086590725e+00
1.656538014127217240e+00
1.677531143175630568e+00
1.462721332844741262e+00
1.378892984426436819e+00
1.679339336644999792e+00
1.862608050550855765e+00
1.387475377831826506e+00
1.595465185559714172e+00
1.571798947469064123e+00
1.560158146427111259e+00
1.326349689555827993e+00
1.351764651794665317e+00
1.447044076667368895e+00
1.461629916411682828e+00
1.453772974515250782e+00
1.418875055699349241e+00
1.675834832375653338e+00
1.831962008191259095e+00
1.590922364267218114e+00
1.790364308580476127e+00
1.670323368941313946e+00
1.627160331435643315e+00
1.655442050873921378e+00
1.688468937214403276e+00
1.651974385204941775e+00
1.182806735673074483e+00
1.850758305960521044e+00
2.110595150561444200e+00
2.236098801766488453e+00
2.079933776331594597e+00
1.976554278584605973e+00
1.669450344695815547e+00
2.066408587946445330e+00
1.886678405465930908e+00
1.789717984647555049e+00
1.784602628752959719e+00
1.531382323184612426e+00
1.464448051546533680e+00
1.761047927847689598e+00
1.573785293087178960e+00
1.790382024230227076e+00
1.988738888545271699e+00
1.777573666991017154e+00
1.956588493293976772e+00
2.235915570707467825e+00
2.338524473900165823e+00
1.910413038156209886e+00
1.690301773517309147e+00
1.774724307894668618e+00
1.567558976515597724e+00
1.628343044179218824e+00
1.267030775146110955e+00
1.183227075027546649e+00
1.080381737851554558e+00
1.129933209744242939e+00
1.459665975344972111e+00
1.589434010809892328e+00
1.390826608979939927e+00
1.519412714127283515e+00
1.718268639782822405e+00
1.426284482104077211e+00
1.603940319246180968e+00
1.944672153778514989e+00
2.214665333488114118e+00
2.356978986563246004e+00
2.140072429632117412e+00
2.119151062465266744e+00
1.860777880746928181e+00
1.265715162131491933e+00
1.234071787995262515e+00
1.347126263960132242e+00
1.542021636106895244e+00
1.608742887835331148e+00
1.758683656119076177e+00
1.562515933379611477e+00
1.308124710170282201e+00
1.129899414325622464e+00
1.053015360368094289e+00
1.131059363725453570e+00
1.162916198042091898e+00
1.160906036404933062e+00
1.541277652169041001e+00
1.639792473713392873e+00
1.371573496123590141e+00
1.364029662326579073e+00
1.270882497784970200e+00
1.400004225200050190e+00
1.460020165990164820e+00
1.548026671359139073e+00
1.429026155632954653e+00
1.653793133081099542e+00
1.210379810023519687e+00
1.212942259861234717e+00
1.082617076637568898e+00
1.462317363956162630e+00
1.330054496646667639e+00
1.548627957069152572e+00
1.783725811179773135e+00
1.476504456604648574e+00
1.906148865634472944e+00
1.770436055291277899e+00
1.635911190585719766e+00
1.471106946269070681e+00
1.507805892377833024e+00
1.904237164935246085e+00
1.667649257066559088e+00
1.502390084726739738e+00
1.552586970051829107e+00
1.534382438128959469e+00
1.162854498703573825e+00
1.381533241550446434e+00
1.513603410540070859e+00
1.671708894676689372e+00
1.099299668317140988e+00
1.437611185103316203e+00
1.375400519938225319e+00
1.834870693943651432e+00
1.587815815500420502e+00
1.533757655850386925e+00
1.334163328231817935e+00
1.276802915543729045e+00
1.162492933321879418e+00
1.366073052982656355e+00
1.146672188090845035e+00
1.386345864585232235e+00
1.598181195033472779e+00
1.678928514507766145e+00
1.637958077351395092e+00
2.066200280203180473e+00
1.871036761384571534e+00
1.964913856252013424e+00
2.092041617406973142e+00
2.186519152149558831e+00
1.882988225657599379e+00
1.763398011107417007e+00
1.545931415337562953e+00
1.639200727670403701e+00
1.475661251138982166e+00
1.638001649932108839e+00
1.785718502698019794e+00
1.942817840052365019e+00
2.014660845973249348e+00
2.027224073942845539e+00
2.076369791902294093e+00
1.662475502946599848e+00
1.605775144953995870e+00
1.561654473244872277e+00
1.622224186106272059e+00
1.517003708877635360e+00
1.239453776662990059e+00
1.443875323727169979e+00
1.459031598961786580e+00
1.386150131430887944e+00
1.226490763798385952e+00
1.334355069014547146e+00
1.445188763840992152e+00
1.392937793899031718e+00
1.628430723996487250e+00
1.510342673244407630e+00
1.367280604357938190e+00
1.419700539760265556e+00
1.517000206186653655e+00
1.639375154859703088e+00
1.628485691441916350e+00
1.966504809713707447e+00
1.905905076914718554e+00
1.841197418494048499e+00
1.941610982016487075e+00
1.449888459179418332e+00
1.787108183997282440e+00
1.852990810595649851e+00
2.169981335935762701e+00
1.975557231567620198e+00
2.226581877710312352e+00
2.101908924124963995e+00
2.035948060417159144e+00
1.674392272781089819e+00
1.350072238767632937e+00
1.335471736051491831e+00
1.368109200028068795e+00
1.302072243416741548e+00
1.318007919025851571e+00
1.686499780772376056e+00
1.458041119953771947e+00
1.706028910845162727e+00
1.547115498934222844e+00
1.399523832005427515e+00
1.990035280596729628e+00
1.610528236473066421e+00
1.342702508166246034e+00
1.702289011904411176e+00
1.725800692827508476e+00
1.930058678833540320e+00
1.839661362389280796e+00
2.566616495373963858e+00
2.501427359021902053e+00
2.217829007309223055e+00
2.063699717225041308e+00
2.099097770606389357e+00
1.937871245302222434e+00
1.996653087064733656e+00
1.444670672286877178e+00
1.757811543374614871e+00
1.435433014230788284e+00
1.846381057043434470e+00
1.479124527741090711e+00
1.788172911703557411e+00
1.808622166831167055e+00
1.519699341693800720e+00
1.897862735999424233e+00
1.862380081994462477e+00
2.167147862916570578e+00
1.904023507671066318e+00
1.775299254308305041e+00
1.831593494475280970e+00
2.022867162251299700e+00
2.007268908916890915e+00
2.192029039807536162e+00
2.447196272192037725e+00
2.432708446122987311e+00
2.430538285392515263e+00
2.216796117679482148e+00
2.097721379740262293e+00
2.276896653080423327e+00
2.330624994913440329e+00
1.729058637587415070e+00
2.020257462452427433e+00
1.855154183346385821e+00
1.770100895187880941e+00
1.994345844363103915e+00
2.299694646354083272e+00
2.121243666149938978e+00
1.738217260179271584e+00
2.411113960727864214e+00
1.766173986223755765e+00
1.798576748160265026e+00
1.603799721382816124e+00
1.766235202980233288e+00
2.087199282064400752e+00
1.792896437301930490e+00
2.029757610473756024e+00
1.819440691952244782e+00
1.528340312836351522e+00
1.602202031309188035e+00
1.401187236881566323e+00
1.330937371392012514e+00
1.840426263816972607e+00
1.679431642553542936e+00
1.792020232765620280e+00
1.932112288270673606e+00
1.813908978954403173e+00
1.846297501027887922e+00
1.804500136981577629e+00
1.961025884222063809e+00
1.821953478919621006e+00
2.128154335902025629e+00
1.758349194493141088e+00
1.452541753850432382e+00
1.942716202908517209e+00
1.822821597619549427e+00
1.676684538795132795e+00
1.333498284876960760e+00
1.490257050632113334e+00
1.576356141414580136e+00
1.608216282121849083e+00
1.406303049636328462e+00
1.363494686236681019e+00
1.814666272294605198e+00
1.485103908417944263e+00
1.640912880823609088e+00
1.700033588550542873e+00
1.871167034460794909e+00
1.506338328572990770e+00
1.848888923213269919e+00
2.138320839291878439e+00
1.830309446337701873e+00
1.737777493515509919e+00
1.771825842765688108e+00
2.171812724593638944e+00
2.246769830537924229e+00
2.012077858435373123e+00
2.071349104360934223e+00
1.462567663504975357e+00
1.498795821719274279e+00
1.662151983901761554e+00
1.278828913279037360e+00
1.516683379694349076e+00
1.390126289501171009e+00
1.671180284876180755e+00
1.531643098372639900e+00
1.460330874828871028e+00
1.121183931054425598e+00
1.184133159081839581e+00
1.748219575686253524e+00
1.918383034921243624e+00
2.285775262034725586e+00
1.849044975754025266e+00
1.529784721344836562e+00
1.014687814115997400e+00
1.442345769990592164e+00
1.401098513773651577e+00
1.319804920966278772e+00
1.357993220406482848e+00
1.735909974436276260e+00
2.203629695936428323e+00
1.917738835861443114e+00
2.062509406531892076e+00
2.057347862007041339e+00
1.916200738090650280e+00
1.713607223963032666e+00
1.625471881965055321e+00
1.938230355839710262e+00
1.834891352542167953e+00
1.850395783355625712e+00
1.748495134197567857e+00
1.930628775455508039e+00
1.432275349806559683e+00
2.165338228782402563e+00
2.179690187816281988e+00
2.041123796418025105e+00
2.494958238919430915e+00
1.832802270458683047e+00
2.163231203679876646e+00
2.321298139507997238e+00
2.265716645686980169e+00
1.892083755027357261e+00
2.138343118650004815e+00
2.072338944845137920e+00
1.652822059251608966e+00
1.836803758016608557e+00
1.986233617024691256e+00
1.849319591864628354e+00
1.740318831494181540e+00
2.053093761059198386e+00
2.076204724129186552e+00
2.247680210296521874e+00
1.440247582027022411e+00
1.459083342972144814e+00
1.343202725130618447e+00
1.393877899743636517e+00
1.790825691829329491e+00
1.945381530025449557e+00
1.818563092923794144e+00
1.995719144612595919e+00
2.415582159301802978e+00
2.350469457136572515e+00
1.734455854859390023e+00
2.161571343968738734e+00
1.769536823404953996e+00
2.101047821071996946e+00
2.181034780899259840e+00
2.107217271092512334e+00
1.539955095995404477e+00
1.809041761887639099e+00
1.841831341598012761e+00
1.749712652602134488e+00
1.606075750669711200e+00
1.428878218282835011e+00
1.766323110165050725e+00
1.703506988558460167e+00
1.901862463541558856e+00
1.600706772003868572e+00
1.578141908513047698e+00
1.777835155525625099e+00
1.205125684585016899e+00
1.051957164020411062e+00
1.293112946855917489e+00
1.302722788489406147e+00
1.274434084594779026e+00
1.563585186152747442e+00
1.621664432666416689e+00
1.707683860892104111e+00
1.917028242703956664e+00
2.076648874874075013e+00
1.749879738194813683e+00
2.249435598176521278e+00
2.435600366686680118e+00
2.792289348748305589e+00
2.101581122443572980e+00
2.160899771857264451e+00
2.242938576745106882e+00
1.890610347606897834e+00
2.196358039815718310e+00
2.117325178043580447e+00
2.086485301630928380e+00
1.667364441107152651e+00
1.760010895955315124e+00
1.930209372839196469e+00
1.280452848576136171e+00
1.407330552293078796e+00
1.351200968022195248e+00
1.620917811142365439e+00
1.609323731267183977e+00
1.512956399797338314e+00
1.669293631699703129e+00
1.702049376901865418e+00
1.509466129021414860e+00
1.693416985122845775e+00
1.440648362287654916e+00
1.687016792540622978e+00
1.762798365344369067e+00
1.511970320472828533e+00
1.349468743214714772e+00
1.497493923783430159e+00
1.463597549690099031e+00
1.199039371685671762e+00
1.475602014627328540e+00
1.773457376353306136e+00
1.740126428074967535e+00
1.706439019542693281e+00
1.631557085200278756e+00
1.505824181290257968e+00
1.425687343399874241e+00
1.464947625682201604e+00
1.210424874098307235e+00
1.425847226971110659e+00
1.201871382553685308e+00
1.381951067634776598e+00
1.462094888118067537e+00
1.044038515690530744e+00
1.097976060799519926e+00
1.358019981113520736e+00
1.639956778571171725e+00
1.689328680116790160e+00
1.959649541558476038e+00
2.115229981784153779e+00
1.910089376176899556e+00
1.806892364595809486e+00
1.666566891666415806e+00
1.638945758569928746e+00
1.175454331473052560e+00
1.185405516607565435e+00
1.458559524184951162e+00
1.365408523069454594e+00
1.216209694999289326e+00
1.227104256038577645e+00
1.395621485086797620e+00
1.713215204082148224e+00
1.997499779542798670e+00
1.849785195367333435e+00
2.050885741990496669e+00
1.938001929087947106e+00
1.782764138729546977e+00
1.613407415066322237e+00
1.639012441767558004e+00
1.870580227100517412e+00
1.884032957039901035e+00
1.640722684764791772e+00
1.884186491459955981e+00
1.781813446821900015e+00
1.066501459846412869e+00
1.176697062613742295e+00
1.185591902902536132e+00
1.367432713719185067e+00
1.760493429522189901e+00
1.561713209750957621e+00
1.549718136440534799e+00
1.466365026808658767e+00
1.565690571323704816e+00
1.311355287832948857e+00
1.610381596211040822e+00
1.881160687602790205e+00
1.626678017388329955e+00
1.565928352217663910e+00
1.392473709630661194e+00
1.248501054231057950e+00
1.157562492487747452e+00
1.232963722817857377e+00
1.668571649150736080e+00
1.983838482839002770e+00
1.705794368744526723e+00
1.971468490005682028e+00
1.836954131207054974e+00
1.671860860567143892e+00
1.597156869770531840e+00
1.617617025569023426e+00
1.939685731129930701e+00
2.049942485795615443e+00
1.841950249958658636e+00
2.051753658904635014e+00
2.091943653406024506e+00
1.912022638283954468e+00
1.777660564765276341e+00
1.654336354045408131e+00
1.808883891726521087e+00
1.792186564039505603e+00
1.834542245343495415e+00
1.981901878126289152e+00
1.872192435064715887e+00
2.396150728558199106e+00
2.416849721127054540e+00
2.219965868480259008e+00
2.333179109514115446e+00
1.886683348070746113e+00
1.734515476300895642e+00
1.897002987214333691e+00
2.220190562967371051e+00
2.045550023178559496e+00
1.505745444930719934e+00
1.586113392902908092e+00
1.424053862428276140e+00
1.689301047653399834e+00
1.657324917605116799e+00
1.583363429420031832e+00
1.372864293176788264e+00
1.652153840154512610e+00
2.016177833557759147e+00
2.065004201929315553e+00
1.805000170280092853e+00
1.614392390319110637e+00
1.774873315369090099e+00
1.992878631074291862e+00
1.607519664540458582e+00
1.395152915004223004e+00
1.448491778497093652e+00
1.794189888541007027e+00
1.143282035006379926e+00
1.209209502305808925e+00
1.330235339625333468e+00
1.259237960262264089e+00
1.264461710820673046e+00
1.471337646717525649e+00
1.379908204994034548e+00
1.146289028413452371e+00
1.368576385611097512e+00
1.229267155625293428e+00
1.153339966019599983e+00
1.211419043717597788e+00
1.375289779215445263e+00
1.292359936633040718e+00
1.283761096840372762e+00
1.505950697797428184e+00
1.412617475209952733e+00
1.277907091817364948e+00
1.295891202798487019e+00
1.274814909049777123e+00
1.186885156210966574e+00
1.419514688234462696e+00
1.597121251995075486e+00
1.534816502592742271e+00
1.696058436622718935e+00
1.723764617569450763e+00
1.808330241296073781e+00
1.640960006388203940e+00
1.361668658865636372e+00
1.124995972984866865e+00
1.584113916715822690e+00
1.220059422221864587e+00
1.336126990510110302e+00
1.278255768217589239e+00
1.442034506266098193e+00
1.454455192293191423e+00
1.576707215604650880e+00
1.335619937893540055e+00
1.421978557336408322e+00
1.168884707035847681e+00
1.278911399329268672e+00
1.295764098186884761e+00
1.338130745215627249e+00
1.407944729537427220e+00
1.409656943590034572e+00
1.812877888160776330e+00
2.035273675129358306e+00
2.070303639013761465e+00
2.226317016325517706e+00
2.070751094819085036e+00
1.255199144543176715e+00
1.371005968104812567e+00
1.362315934835616860e+00
1.495503403915842799e+00
1.536291934556698546e+00
1.608416962090972735e+00
1.785736200907432902e+00
1.979417378540461847e+00
2.040633100241060038e+00
1.809850696292078842e+00
1.572424038049522688e+00
1.782788873360527937e+00
1.518330110151061785e+00
2.073262290990247170e+00
2.127444213382945648e+00
2.001306492864264985e+00
2.100620142330459128e+00
1.960806132159888637e+00
1.853789321993923656e+00
2.216260631391817615e+00
2.013378635890864743e+00
2.315681601263928524e+00
2.084028527023772615e+00
2.193031672478908511e+00
2.353485209207148543e+00
2.499501904020481113e+00
2.763405498757466994e+00
2.539384288476687512e+00
2.562706904382390682e+00
2.113370490152698178e+00
2.404387109297219549e+00
2.289826030630025322e+00
2.460703479492290846e+00
1.650408773799665996e+00
2.000561757276858366e+00
1.730145572076497107e+00
1.970550440216703114e+00
1.899717517866266636e+00
1.651877675396022260e+00
1.833310245980478648e+00
1.785466921854965694e+00
2.153729645276318827e+00
1.955499425194527241e+00
2.179579328284473316e+00
2.033820890941741233e+00
2.114601722598062228e+00
2.237387605987943839e+00
2.291573330738636116e+00
2.144856357553571069e+00
2.216395887062537096e+00
1.879449603559237847e+00
1.888204537845259656e+00
2.014535886532376363e+00
1.618110372643391193e+00
1.451511104893819848e+00
1.216148356025662292e+00
1.043189788532598028e+00
1.470099789909119936e+00
1.404990525575987581e+00
1.447731288918509662e+00
1.470689391573712257e+00
1.411383167480598555e+00
1.503560757537492520e+00
1.815139496845454836e+00
1.662774129967183434e+00
1.595152160871515123e+00
1.503885984628060113e+00
1.291752654067262363e+00
1.796022134335121256e+00
2.209810547533851199e+00
1.517002749112051907e+00
1.673283948015295897e+00
1.614881383238677248e+00
1.341397783090109153e+00
1.356384381895656466e+00
1.573814673456478630e+00
1.495918559413239146e+00
1.640984291285599417e+00
1.634897922826513472e+00
1.735633194842704841e+00
1.671000905002995029e+00
1.483154270853854539e+00
1.227360626250571629e+00
1.057492470773529147e+00
1.385689105977437219e+00
1.500770146714937248e+00
1.640362944246972265e+00
1.426116918032199976e+00
1.459326906341157581e+00
1.162476542443228400e+00
1.434033099291769808e+00
1.496130177883439494e+00
1.740472622427954086e+00
1.312513464568055843e+00
1.300782830754454666e+00
1.463805157970064164e+00
1.556369941586362771e+00
1.448423690448327417e+00
1.195250083838067523e+00
1.399417965532002706e+00
1.194185902450969783e+00
1.301943745339156244e+00
1.372742570036793452e+00
1.491835124531356360e+00
1.396002520212251241e+00
1.691366181806820412e+00
1.696526930503675645e+00
2.157754709547244243e+00
2.032400702918967461e+00
1.930625352279848661e+00
2.113572048269469761e+00
1.737822830627695714e+00
1.870713408894610019e+00
1.552834480972653974e+00
1.897316055014578229e+00
2.066130835738541727e+00
1.878491323534449142e+00
1.697352385102261607e+00
1.769955194649829311e+00
1.928016282612243337e+00
1.962936035396341428e+00
2.093290861836396122e+00
1.996182828937931308e+00
2.239038573611871641e+00
2.395270363005653547e+00
2.495528475701346949e+00
1.958601381093649785e+00
1.647351309219243554e+00
2.048464980261022639e+00
1.794872753539803911e+00
2.180757547250212980e+00
1.953647456116635928e+00
2.080170870276210948e+00
2.140609544597692260e+00
2.055745462363605558e+00
2.079706165542437812e+00
2.248701395050437313e+00
1.995715691484693410e+00
1.398604765807108352e+00
1.214477316113271366e+00
1.891027070741538196e+00
2.015800694519016556e+00
2.132332791707511888e+00
1.925700427214505073e+00
1.829977834961543426e+00
2.129040229174044452e+00
1.964998149171071962e+00
2.464634963867464279e+00
2.248728132889693310e+00
1.827838565170864626e+00
2.305132305767325640e+00
2.106909897890889116e+00
1.964184534854642727e+00
1.789285185779220244e+00
1.643679725690639692e+00
1.950081498580821249e+00
1.946163780045846892e+00
1.667538553703081794e+00
2.155296195267949244e+00
2.110417603446824053e+00
1.959371617413964817e+00
1.741946590926731986e+00
2.411393242898500766e+00
2.150565014178640322e+00
2.047749624422056769e+00
1.488103924663389366e+00
1.578950182457433238e+00
1.349957438571550483e+00
1.431044726905803088e+00
1.580914394487684227e+00
1.348230060951847609e+00
1.401295030550721021e+00
1.656387502411581281e+00
1.699468245534493605e+00
1.728732523156096379e+00
1.623535171120664700e+00
1.538516753185421582e+00
1.579000039467188365e+00
1.497400625992237666e+00
1.612070932155843739e+00
1.526119554346192286e+00
1.247487477732311278e+00
1.442968415186885789e+00
1.597274681057304191e+00
1.786611649207038965e+00
1.817206809953179958e+00
1.603442288930381210e+00
1.582587049014725800e+00
1.548706789183326160e+00
9.596166208183286583e-01
1.268684245093643526e+00
1.254295781977230684e+00
1.475098566445666393e+00
1.798770136069973269e+00
1.618631636987102995e+00
2.061127080543699197e+00
1.814503330365016431e+00
1.433147414809376352e+00
2.171708054198603577e+00
2.033829762801631080e+00
2.196923284721974845e+00
1.789976283066486040e+00
1.453633596456274990e+00
1.480830709372201737e+00
1.488317803789927840e+00
1.537386363841684256e+00
1.918279240572510425e+00
1.797158017146372133e+00
1.843942323544734307e+00
1.623987019705867230e+00
1.466828959667973109e+00
1.732333933391877911e+00
1.843548700541171703e+00
1.677137016653333035e+00
1.576171946997033446e+00
1.371476132453563146e+00
1.376375889988317391e+00
1.749654165935490724e+00
1.757438811560300129e+00
1.550904025277205500e+00
1.562701598547439064e+00
1.411275956789391328e+00
1.703966033847144068e+00
1.551579314197697457e+00
1.571138141465484805e+00
1.623386815461219435e+00
1.658602187079178947e+00
1.876565300235530920e+00
1.972731663165144589e+00
1.938119369727885122e+00
1.558297756967292003e+00
1.782842070697573611e+00
1.575350262334979767e+00
1.383447267527518676e+00
1.299394279647916761e+00
1.475829608569478424e+00
1.494741251893083600e+00
1.456152322281425437e+00
1.268371305085250755e+00
1.133105741127286681e+00
1.313383652225245335e+00
1.641272713044366727e+00
1.352284787596092608e+00
1.587634337603461843e+00
1.613400110750893734e+00
1.449390700626700168e+00
1.325653214576749228e+00
1.609816194879344131e+00
1.780009528266426999e+00
2.148169692438934408e+00
1.965809390810347557e+00
1.776415425287893646e+00
1.936172325068669764e+00
1.583492499181318180e+00
1.465637006401926401e+00
1.538228143420403038e+00
1.265690784451479978e+00
1.660333050835111735e+00
1.352143530476267674e+00
1.319560770661893256e+00
1.422176702646881008e+00
1.403615505797000340e+00
1.436461811737618666e+00
1.850661335350991976e+00
1.608932010888056485e+00
1.799797791016075399e+00
1.869546487230621779e+00
1.933523731943351365e+00
1.715425061055203759e+00
1.690564414519629910e+00
1.532270536242293923e+00
1.498357704520011824e+00
1.472304016199224908e+00
1.421531026081005677e+00
1.362007251044274669e+00
1.726881179932919341e+00
1.541758967715415096e+00
1.760884674017279217e+00
1.385809522255055271e+00
1.856857428938703425e+00
1.476043972621900791e+00
1.434074311869921958e+00
1.337058137988595297e+00
1.378496325378560039e+00
1.289577771943901219e+00
1.561726365117801052e+00
1.412150720116251756e+00
1.605637602862461932e+00
2.075251571564498132e+00
2.162936329893959009e+00
2.219437592352403232e+00
2.283837663073287949e+00
1.725368189147574727e+00
1.690749461157955658e+00
1.840595127514246476e+00
1.928623593249770396e+00
1.537166818143944624e+00
2.433473458757625441e+00
2.547239215019336811e+00
2.765742625707376945e+00
2.336866567868213451e+00
2.116126720292240915e+00
2.030757892962566924e+00
2.299143301204710887e+00
2.049777695605524030e+00
2.059305808182819941e+00
2.049486477104040638e+00
1.967825349368475418e+00
2.020671638840080941e+00
1.713198187681285178e+00
1.834707762998769143e+00
1.733646225210012659e+00
1.996171956730046659e+00
1.971804429806494285e+00
1.825014016315314569e+00
2.059211658815714330e+00
2.184542174123814906e+00
2.475058828348666751e+00
2.322789928056283149e+00
2.018637526934444093e+00
1.925624074172377354e+00
1.826286336764453511e+00
2.028556696596164777e+00
1.840587462414133402e+00
1.736607825765264401e+00
1.787678298592405346e+00
1.990618256963936350e+00
2.101556447363365887e+00
1.851174778253356301e+00
2.276924889950659114e+00
2.261506884025542341e+00
2.069687584887236032e+00
2.203472743048975779e+00
2.444177507089767776e+00
2.307667402232050247e+00
2.586723023243644448e+00
2.043634388068572338e+00
1.712088894698408303e+00
1.742726404449250088e+00
2.046601285519087821e+00
2.379611001881250854e+00
2.151392925645158272e+00
2.264594733175042673e+00
2.158863643705025037e+00
2.221292585127407460e+00
2.104939041867640359e+00
1.705502361372271736e+00
1.544942555979971210e+00
1.414972432817802162e+00
1.485783488991361034e+00
1.833244942149850010e+00
1.851763988647893600e+00
1.777965627323375486e+00
1.781001488787471665e+00
1.851945857407565788e+00
1.713230594623401659e+00
1.649297859686814638e+00
1.671592484133545442e+00
2.279322175751583579e+00
2.418754343030256937e+00
2.564800786310662328e+00
2.451563382093725707e+00
2.522509103125912588e+00
2.690076070158069044e+00
2.235145634959701866e+00
2.324245670453474855e+00
2.013931229572287318e+00
2.055141181354725788e+00
1.863223425015470447e+00
2.016071615467631695e+00
1.876321101060459462e+00
1.517269951546199369e+00
1.241315877281615521e+00
1.570612942675121859e+00
1.177405221470576580e+00
1.421789343995848665e+00
1.417335914322724211e+00
1.651913711673336227e+00
1.761885903726448932e+00
1.435849026539914641e+00
1.324738251303610559e+00
1.526900678792866950e+00
1.617147539953522672e+00
1.677023396007405243e+00
1.545992639726768481e+00
1.736237360788715378e+00
2.094859809033066345e+00
1.589913604304181494e+00
1.711945922479602533e+00
1.697242563202777665e+00
1.503836711342307231e+00
1.318487448992953670e+00
1.622431132289535061e+00
1.495716391411288093e+00
1.659437491902477690e+00
1.763005804799105736e+00
1.772281200950304836e+00
1.810233860346029289e+00
1.873498012685550940e+00
1.944424417512109926e+00
1.836190617554489313e+00
1.707242868015961257e+00
1.660377913632324454e+00
1.669628064950525959e+00
1.767583386419582014e+00
1.476326027359184501e+00
1.842246551075505057e+00
1.760065357918580764e+00
1.708369962196790270e+00
1.746010673214706932e+00
1.569832112274585523e+00
1.974513354797350351e+00
1.806559535581298448e+00
1.944551365995238257e+00
2.030694738965967083e+00
2.205475242347659570e+00
1.995764346320880067e+00
1.755581136440048429e+00
2.080454598100315966e+00
1.970631311355812931e+00
2.442979533445727824e+00
2.573358025637821456e+00
2.122655282098530716e+00
2.158951804296212806e+00
1.852319424053234576e+00
1.995831359971702135e+00
2.085680185753627569e+00
2.688818399381994073e+00
2.584142085681542689e+00
2.463986935404546497e+00
1.961053130224239327e+00
1.819877281996800100e+00
1.711736297544794283e+00
1.574439524886361852e+00
1.709010056789793452e+00
2.059229296371089202e+00
1.772802474174244525e+00
1.877804659511023821e+00
1.792650391478119776e+00
1.659028726005173926e+00
1.470996644452761126e+00
1.572017670131443445e+00
1.502328031690441712e+00
1.569220337333356641e+00
1.154393440242833080e+00
1.261052855785306903e+00
1.117224157841821608e+00
1.341080651798883583e+00
1.583941910755632065e+00
1.510780601082819974e+00
1.500510423175066110e+00
1.797368100846404859e+00
1.429146307941680849e+00
1.722143073400146385e+00
1.617512537294244712e+00
1.840035059755759761e+00
2.060580029134687852e+00
2.257513642372775742e+00
1.940423440676452449e+00
1.958670909429163665e+00
1.919794563543152144e+00
1.626078744432749801e+00
1.403671578232891903e+00
1.990739070193913385e+00
2.257090553599896854e+00
1.963304809062810241e+00
1.704227569751815441e+00
1.908174344617652229e+00
1.540353188112737914e+00
1.732980060686228230e+00
1.581938819248184025e+00
1.535391344507107902e+00
1.593304539654245344e+00
1.940998506678464297e+00
1.615069605315129664e+00
1.658806792805687325e+00
1.952754707451852756e+00
2.437257657031976166e+00
2.062189360443046571e+00
1.988765068368864242e+00
1.821223452359947759e+00
1.877754307295478320e+00
1.603894445530709589e+00
1.876508427336930129e+00
1.852941230399742567e+00
1.725401366080917542e+00
1.427854419900666194e+00
1.637844737055874633e+00
1.755804301977633930e+00
1.485612915301433912e+00
1.267832519964983140e+00
1.535042390492235231e+00
1.698621959366758860e+00
1.401446858271509166e+00
1.467385100477441640e+00
1.686894352088897708e+00
1.996875004203823245e+00
1.648104314172866625e+00
1.877210972819495005e+00
1.829794618252109650e+00
1.620468796134471479e+00
1.898443133826077434e+00
1.465921700639398084e+00
1.448897492524395147e+00
1.156546139615950430e+00
1.244588854836616632e+00
1.207526218964615428e+00
1.449306950910737690e+00
1.239823290883832252e+00
1.339423353853511411e+00
1.360494125465523174e+00
1.309878933517107491e+00
1.463026613501618556e+00
1.354626797501741864e+00
1.361907738272482238e+00
1.441326108749128698e+00
1.277051002036361460e+00
1.939825813417962230e+00
1.533598274112970783e+00
1.424764232897105964e+00
1.619122676969001695e+00
1.449775598287806888e+00
1.180115101307027015e+00
1.751764054659038283e+00
1.163121209498465758e+00
1.164455817784701530e+00
1.199385321311258412e+00
1.302578039229312035e+00
1.535991487941996470e+00
1.585337307944992391e+00
1.314937942055055098e+00
1.515255995219005669e+00
1.752502785138921215e+00
1.390058780667614569e+00
1.371635636204804554e+00
1.385961620229678282e+00
1.532969293370422648e+00
1.580959550472436304e+00
1.763203905927143822e+00
1.690707269761956288e+00
2.025776113174369897e+00
1.858567278210216944e+00
1.804498416585011755e+00
1.971611598328547821e+00
2.015769221283503665e+00
2.100768452580564105e+00
1.694770069572492988e+00
1.647796537440065823e+00
1.885211331673392499e+00
1.429750271387809635e+00
1.429700059190462946e+00
1.305384294024122482e+00
1.113305806506712736e+00
1.334712781528962555e+00
1.581489208862128404e+00
1.503014593751791139e+00
1.671975277786472480e+00
1.598038902608900358e+00
1.922018156603538364e+00
1.737057652194077706e+00
1.483633282233964845e+00
1.808348214367929474e+00
2.113913787682236478e+00
1.968168926886942449e+00
1.970453717676834859e+00
1.475521020872292866e+00
1.632021436776843970e+00
1.452347587064918732e+00
1.292003880506394475e+00
1.289401870932013416e+00
1.483653155158674464e+00
1.576793543607052817e+00
1.500776110688653464e+00
1.452736707604624256e+00
1.484259684257673406e+00
1.223780613914025484e+00
1.100555006819724957e+00
1.198113100198571201e+00
1.573594497912721657e+00
1.698732937791726405e+00
1.188237102134311440e+00
1.205633850220722669e+00
1.277177702514863178e+00
1.223325508384478288e+00
1.519999608817716563e+00
1.549223529550066480e+00
1.525318190336775181e+00
1.627699050507064760e+00
1.699696095958655562e+00
1.286153956566815859e+00
1.164777424158511598e+00
1.356331391801610664e+00
1.302371886050910810e+00
1.429661109641922057e+00
1.355254878308900679e+00
1.408385913152848667e+00
1.530066349215543742e+00
1.421166496705057236e+00
1.258677130545539313e+00
1.562722139767298346e+00
1.503613962564605222e+00
1.194827430413843983e+00
1.405710703690970398e+00
1.304538405184230143e+00
1.202937989510338923e+00
1.211221089851528987e+00
1.342162835605038573e+00
1.066590691580859840e+00
1.325523887253833966e+00
1.326223089865320226e+00
1.585673534439433485e+00
1.496672127793909013e+00
1.696751540377542611e+00
1.582119492869041855e+00
1.419410509435286905e+00
1.864766979260099822e+00
1.313312486331584594e+00
1.249548274609049381e+00
1.419608004898810671e+00
1.656424106790384876e+00
1.324617717977645270e+00
1.691896660635083371e+00
1.962415109819741321e+00
2.191492506388886152e+00
2.394585828863530441e+00
2.421047115520581716e+00
2.302271062506618726e+00
2.239224094206912152e+00
1.862389687928777127e+00
2.155732093376367065e+00
2.211462852401185231e+00
2.313025007271092726e+00
2.444983700516820235e+00
2.093722184465346192e+00
1.638862546526121067e+00
1.858535623552980853e+00
1.552436973863274394e+00
1.197713810728749051e+00
1.066472335774951929e+00
1.531123317511489335e+00
1.396288267384781401e+00
1.483730268068092828e+00
1.551171016518129608e+00
1.276704536728103356e+00
1.277395849237326075e+00
1.600373066662658106e+00
1.284281739920627441e+00
1.331532442031198471e+00
1.617829506631754732e+00
1.619726031607214400e+00
1.644487801677668948e+00
1.643399661767316333e+00
1.775256725492912357e+00
1.484386126076400858e+00
1.601579198933686943e+00
1.800260466406229387e+00
1.582577271015786158e+00
1.578417209922408970e+00
1.735142151328488147e+00
2.231955663068688533e+00
2.022982896031277456e+00
1.953283999784871883e+00
1.819532900393196817e+00
2.000580497634987243e+00
2.062821380323476728e+00
2.000699963004645365e+00
2.499553086822084325e+00
1.833619421322386644e+00
1.278509594007443351e+00
1.296346201557483147e+00
1.334769145602788809e+00
1.267712025219134286e+00
1.587294930136434967e+00
1.754981143303443902e+00
1.590947026991055724e+00
1.275689495356017833e+00
1.445327795685788841e+00
1.371200833597251645e+00
1.371852099361286825e+00
1.690078530875320117e+00
1.437961859241862150e+00
1.533638518967535225e+00
1.792553471591457281e+00
1.862524388650303564e+00
1.710253007256814728e+00
1.485827613668936342e+00
1.452349514404856379e+00
1.357589168629595333e+00
1.419145004330720106e+00
1.703542410979920207e+00
1.865912963855435258e+00
1.822840630633662418e+00
1.597161660093023405e+00
2.049186227780006586e+00
1.871353322111564799e+00
1.630217988886164093e+00
2.135067866155443639e+00
2.007080925241124358e+00
2.507352407014356022e+00
2.070280742689302400e+00
2.289477550119673577e+00
2.479039191851499346e+00
2.092224518944997946e+00
2.158087572783953245e+00
1.441634855632338841e+00
1.768400521518032509e+00
1.858136002846292989e+00
1.952946914973172632e+00
2.329189837814424902e+00
2.403665631040938777e+00
1.975409932531520640e+00
1.530285104618716252e+00
1.422792873250661838e+00
1.365459917920601951e+00
1.208849043820344749e+00
1.660068892663542073e+00
2.109188562633304898e+00
2.077926996003670368e+00
2.275883862426920867e+00
2.121689462602716958e+00
1.838303685507591823e+00
1.758681487556628786e+00
1.682242325274525774e+00
1.951612110842163794e+00
2.158806666842884692e+00
2.165203874935741624e+00
2.151525757025066987e+00
1.998755825828271160e+00
2.041999343045588500e+00
2.100908888799059682e+00
2.351148327002939187e+00
2.324621066183789164e+00
1.931361821673213797e+00
1.843120431036225471e+00
1.906383011381873605e+00
1.538178310584331188e+00
1.497718007771068116e+00
2.168494673582764598e+00
2.113626382455927821e+00
2.342901819194036950e+00
2.339773087198582235e+00
2.487857525157616490e+00
1.783812537097620776e+00
2.256323803714798792e+00
2.265953752161086854e+00
2.254277050084979805e+00
2.090763883310009952e+00
1.802372940584036520e+00
1.919221195683858072e+00
1.415913424702954337e+00
1.423581502133242527e+00
1.674908860732733373e+00
1.977049705290405246e+00
1.665136835824406747e+00
1.877607189895531992e+00
1.699942047662367450e+00
1.523408489002388677e+00
1.673838728984248014e+00
1.725992083259731302e+00
1.470470167970614472e+00
1.389532600638754056e+00
1.700320117515527363e+00
1.831215733400873180e+00
1.677434599092793910e+00
1.540401501013623164e+00
1.274831350345430270e+00
1.396221761095813640e+00
1.356792136992864162e+00
1.559104319011243023e+00
1.900456059071129689e+00
1.882205757161583781e+00
1.951440994900410120e+00
2.230574641834904615e+00
1.953009243561294017e+00
1.421636559006645317e+00
1.791183901123239552e+00
2.591413141669205888e+00
2.096571206113023056e+00
2.467675833941655128e+00
2.483311882771604306e+00
2.464738690037782121e+00
2.392998065183929324e+00
1.959121908701325854e+00
2.010996405761643846e+00
2.453426848214727674e+00
2.201515839066126912e+00
1.652876359213749868e+00
1.945639189597683227e+00
1.963112635599562728e+00
1.842863891118539321e+00
1.850016521774692224e+00
1.913872853767111026e+00
1.794075959598222303e+00
1.912744796442702899e+00
1.719492372519622281e+00
1.922374673852416782e+00
2.001363641485942590e+00
1.968501772506484615e+00
1.752771087423687923e+00
1.738716706011364410e+00
1.779924175650015261e+00
2.015580329055062236e+00
1.543031942093190167e+00
1.249839699943077642e+00
1.636140064451417686e+00
1.256620430318495796e+00
1.252374096527356429e+00
1.196842752130443888e+00
1.374451552458078041e+00
1.591125817878734860e+00
1.571119205523292539e+00
1.666826997326018134e+00
2.155663837664930416e+00
2.052619529857030667e+00
2.045468821262173886e+00
1.975216430803970358e+00
2.305522389012885309e+00
2.086310638538372508e+00
2.291580830312622385e+00
2.264893524934106228e+00
2.120819060757817898e+00
1.608165506185180282e+00
1.682894659448653574e+00
1.846405514773733492e+00
1.885066420650177044e+00
1.954869707340764595e+00
1.865512015148669933e+00
1.912114744378439202e+00
1.637750867413538813e+00
1.806956510630643109e+00
1.513301381431972237e+00
1.652863498678232013e+00
1.716949230322409647e+00
1.937641825097017545e+00
1.769650410562446430e+00
1.282449178729927697e+00
1.427468241534683990e+00
1.452789653167868567e+00
1.302553192258166570e+00
1.322588363447850357e+00
1.114870368064319051e+00
1.135257665457424014e+00
1.517322419820414714e+00
1.410332126576552270e+00
1.529786176384262619e+00
1.500171814749535315e+00
1.306637529699161027e+00
1.510881504115886953e+00
1.595283002589319432e+00
1.365617813379702561e+00
1.560934999503599485e+00
1.701471611286903940e+00
1.445262611611897174e+00
1.279086659663078107e+00
1.458628140289456310e+00
1.798387979512203749e+00
1.905256841050944061e+00
1.522257165125947331e+00
1.529836007267010523e+00
1.397217706425137207e+00
1.767082532870970724e+00
1.565035330595313745e+00
1.435046942858992258e+00
1.695866795350981837e+00
1.403522484871224663e+00
1.611950130505338308e+00
1.809634654490051675e+00
1.665162281750204087e+00
1.949740725894232085e+00
1.818930721913576409e+00
1.810918964837485490e+00
2.208041841208261857e+00
2.010377250578761821e+00
2.058811245121782374e+00
2.039925559931479615e+00
2.133454013242755742e+00
2.078538487677948243e+00
1.952757164900883913e+00
1.862985775810606093e+00
2.396073211410898463e+00
1.962676219796892996e+00
1.936111190458293940e+00
1.526701908942577735e+00
1.498679604788382136e+00
1.487446015862413873e+00
1.641394674572679735e+00
1.114969478278971637e+00
1.092646150506328517e+00
1.517748070425624984e+00
1.385838469889789648e+00
1.444887223140529198e+00
1.608240796839863762e+00
1.474208102314084279e+00
1.261616683552563067e+00
1.485076337477096997e+00
1.510493879278649088e+00
1.080769993725617217e+00
1.337607808901799977e+00
1.780500429107982230e+00
1.983623881088253604e+00
2.376316087594207094e+00
2.256529352198388683e+00
2.049608457744170664e+00
2.094872921836900659e+00
1.952511230691921229e+00
1.581403069913277504e+00
1.489669405369767219e+00
1.202521297828452962e+00
1.497906956879430318e+00
1.587443340733039499e+00
1.854626682414102667e+00
1.750981569175892538e+00
1.701049679997608921e+00
2.002631538744243933e+00
2.282746163617390689e+00
2.212794558888229624e+00
2.166189082861384119e+00
1.946136571539253346e+00
1.723275427479316058e+00
1.606310602989592384e+00
1.697561126628689410e+00
1.605634299857609637e+00
1.714846267349237507e+00
2.045816478551429451e+00
2.046099946430732341e+00
2.043185383070750039e+00
1.775688950333372818e+00
1.883160687309858083e+00
1.854806061000700002e+00
2.197254971701748438e+00
1.556964092470272343e+00
1.961172328811624288e+00
1.806315446656685531e+00
2.233362626384204574e+00
2.438568869539667894e+00
2.617185511726236591e+00
2.325932855986437620e+00
2.336293884944206312e+00
1.988447117876363412e+00
2.106086488255432432e+00
2.074466543173564492e+00
1.729117380233996970e+00
2.034793740003011386e+00
2.400093667895861760e+00
2.052058070902366804e+00
1.882941373985624667e+00
1.406048071292857360e+00
1.368502080368494633e+00
1.358999286911078741e+00
2.059933714979423680e+00
1.866485200586331050e+00
2.114051828943011468e+00
2.133755155378165735e+00
2.365284859092882552e+00
2.093836733789607774e+00
1.564461590340666675e+00
1.492609125813640025e+00
1.778759130661319965e+00
1.510686190208388791e+00
1.495246346190005404e+00
1.439821743699795764e+00
1.609601900276254716e+00
1.290671749331054219e+00
1.384761239093836638e+00
1.705481837716343652e+00
2.210416731672897317e+00
2.061488621943355248e+00
2.113450450742615505e+00
2.019424788102296198e+00
2.153577179883654935e+00
1.926463792674546927e+00
2.257817917727256596e+00
2.488624419028820700e+00
2.052349910913968234e+00
2.562839036342252630e+00
2.553508119262763998e+00
2.887819421263364550e+00
2.329988077074567787e+00
2.150011536924324229e+00
2.152335615795121893e+00
2.343721593934541048e+00
2.245843046389450759e+00
2.297014206396317260e+00
2.066352459797324848e+00
1.942617975004085284e+00
1.817091150587489157e+00
1.427363650967230946e+00
1.396246701857802641e+00
1.677770257531605580e+00
1.656109943214400859e+00
1.400527449008139635e+00
1.109521828431795809e+00
1.513452357852648644e+00
1.929113453560029390e+00
1.883763010494821533e+00
1.518129872088972654e+00
1.918854765302596022e+00
1.649485693925505148e+00
1.885757924667839980e+00
2.221424699921811463e+00
1.876337540097432033e+00
1.890635907414188299e+00
1.617717210628752955e+00
2.021909038601665820e+00
2.148834750468295862e+00
1.698998570105416439e+00
1.500329218362508321e+00
1.142324363014319832e+00
1.164301555423677526e+00
1.469732958862060235e+00
1.617295753879374631e+00
1.753697968585894218e+00
1.715045994000377938e+00
1.452145764585750509e+00
1.590509236785395908e+00
1.185621937192067099e+00
1.596634309132628937e+00
1.279937468809373202e+00
1.099927130129332964e+00
1.114417466056775829e+00
1.386936101074991434e+00
1.108892702245360962e+00
1.500884848883137224e+00
1.884351107046892793e+00
2.101558504144899420e+00
2.185899843804870013e+00
1.916426986314239134e+00
1.814939859498690300e+00
2.110631699276891204e+00
2.376104784877268727e+00
2.304648163407013950e+00
2.127778902569324782e+00
1.926957389862579806e+00
2.160094370389732177e+00
2.184313336493374447e+00
1.868733074504434599e+00
2.155818111637470391e+00
1.819185132881597333e+00
2.352868509593435853e+00
2.197062745424969155e+00
1.914220504723259886e+00
2.012260801377646402e+00
2.173546868169291102e+00
2.169917783834335090e+00
1.984898191703362347e+00
2.052705247402523359e+00
2.273373593165983753e+00
2.324577330130530139e+00
2.603287391697922004e+00
2.506377613862746490e+00
2.588760143211536136e+00
2.299322342280238907e+00
2.079564938054702772e+00
2.248383426964026377e+00
1.785045706101409557e+00
1.818043694390749199e+00
1.860655458207843171e+00
1.766321350890703190e+00
1.752756265711507444e+00
1.657784002547929125e+00
2.068834542959480327e+00
1.867121897654907547e+00
1.621240941841588068e+00
1.285826313766090134e+00
1.455669835034605564e+00
1.593598249501323449e+00
1.748771765751217178e+00
2.143994926836766179e+00
1.956017933062024428e+00
1.722442623926004890e+00
2.097267063527636477e+00
1.931630679288776520e+00
1.847943897981078720e+00
2.150041092136131482e+00
1.705249749941590842e+00
1.816860721647312493e+00
1.640132009164687377e+00
1.561841322698077184e+00
1.265907106222635914e+00
1.676878947229830219e+00
1.466808427193246445e+00
1.274687457449292571e+00
1.791540128642039820e+00
1.719884979239951761e+00
2.022957503078381958e+00
1.851016445971151114e+00
1.821983348202145470e+00
1.682394321785398716e+00
2.097639402165513811e+00
1.748364172487153700e+00
1.960468496358048318e+00
1.800225734037384173e+00
2.157620058366935378e+00
2.099624762209488349e+00
1.671889749211331377e+00
1.927774267416261456e+00
2.146535378353252810e+00
2.013111521710519991e+00
2.064757419659204007e+00
1.852796798925283817e+00
1.490179542460587037e+00
1.697632571288334224e+00
1.266956605081064779e+00
1.381122911433485312e+00
1.527128354257307308e+00
2.133733220870595471e+00
2.159686327727195376e+00
2.110485204810865323e+00
1.630471911464443480e+00
1.774009815235954024e+00
1.879944582271472431e+00
1.564155853077058733e+00
1.553483714729693377e+00
1.282031905508023595e+00
1.566467202402938907e+00
1.365090766639311726e+00
1.434420129495139085e+00
1.323284404705307615e+00
1.481890217161054402e+00
1.471304542298940587e+00
1.308826893811320780e+00
1.336485609399354679e+00
1.397345561503220424e+00
1.338810691248762730e+00
1.429462244196555432e+00
1.509472181534933677e+00
1.694879771934537649e+00
1.745418448899219488e+00
1.400297788060199444e+00
1.407582857479293903e+00
1.244700125189147855e+00
1.138969713081884327e+00
1.147766650633825547e+00
1.513911952035291497e+00
1.768953586460785488e+00
1.820743096750337076e+00
1.777960979533476538e+00
1.788363072389372199e+00
1.371243068018767941e+00
1.681435058404430194e+00
2.099353359580092171e+00
2.001297453560559436e+00
1.634644065978605898e+00
1.869920095176798913e+00
1.410012750533305770e+00
1.616626290038868152e+00
1.931647348679192522e+00
2.010720704548660809e+00
2.348579439605874342e+00
2.329671671816265555e+00
2.099766682503969140e+00
2.267129886824395424e+00
2.528902375022653359e+00
2.199305517131640908e+00
2.288719397131295796e+00
2.341401767196484851e+00
2.382609069383796907e+00
2.426597504944422834e+00
2.421987135168120808e+00
1.964295120252526949e+00
1.932760538515807980e+00
1.961289507678593225e+00
1.580849683833446040e+00
1.447289767554538420e+00
1.708892758598431927e+00
1.513983087102128477e+00
1.160040117516390579e+00
1.373985190133607093e+00
1.552720665543702694e+00
1.628476971715495880e+00
1.770269695834514767e+00
2.068088879545304071e+00
2.112545717822402747e+00
2.147563389419190560e+00
1.720989673323172653e+00
1.924131816242074855e+00
1.770075888784244711e+00
2.379574233092016655e+00
2.516270804469279199e+00
2.341787138191292694e+00
2.372975029192242680e+00
2.187849198169538045e+00
2.107333494602048329e+00
2.250075711769759845e+00
1.907557008383064856e+00
1.699103244143039149e+00
1.848777729182132790e+00
1.542303516154075238e+00
1.773672213166762379e+00
1.978499135399989672e+00
1.966439300906300147e+00
1.750022685200212980e+00
1.831273412770903608e+00
1.816055188740796300e+00
2.258497941312348711e+00
2.340567782769503058e+00
2.233455975291532170e+00
2.281133697950771477e+00
2.295811826714002635e+00
2.238424431986152374e+00
1.666927107436503963e+00
1.738121852342205287e+00
1.798735678319060005e+00
1.754351691955000181e+00
1.856674894830304456e+00
1.870185350334156116e+00
1.646981430011737801e+00
1.541375746970683913e+00
1.459490936785905468e+00
1.357872837362843477e+00
1.601023381084342390e+00
1.447536138452519827e+00
1.517275806803147109e+00
1.507020118272683895e+00
1.559235575211268987e+00
1.627229402075341502e+00
1.510009353122425457e+00
1.405778596609254194e+00
1.306286101658491461e+00
1.172937922298063596e+00
1.280991378990596008e+00
1.685047630892186676e+00
1.591673051160383379e+00
1.871409537288742264e+00
1.525406213335632089e+00
2.010128103549408962e+00
1.852625944043652328e+00
1.859652925825039382e+00
1.565187270780253215e+00
1.515223862179766456e+00
1.505851188822379338e+00
1.385991823403913692e+00
1.735771415357110214e+00
1.589204409641899352e+00
1.392263896449707605e+00
1.123650693840339221e+00
1.183033152104127295e+00
1.156300011578605291e+00
1.293958574313043286e+00
1.709722166643197205e+00
1.879294348553021354e+00
1.383337229095250587e+00
1.364665312776740080e+00
1.581178037959743543e+00
1.347923721337152214e+00
1.525666651128624984e+00
1.640171941368518738e+00
1.467851427192842007e+00
1.492465826663028627e+00
1.319774896290702548e+00
1.604472258836667997e+00
1.541986089244790303e+00
1.666915010624221427e+00
1.626857459937963490e+00
1.657747260773700049e+00
1.942821769606834614e+00
2.139182458196101422e+00
2.243784994798573518e+00
1.962025258659858551e+00
1.627253304745834406e+00
1.618377488835297973e+00
1.200497363945528084e+00
1.233916300491817664e+00
1.292598478743594015e+00
1.337477298890688449e+00
1.615836532806223858e+00
1.468130704143993270e+00
1.379116835062825785e+00
1.305375856972157189e+00
1.077880445750426741e+00
1.346524649349941205e+00
1.353187119567616836e+00
1.634581363955578404e+00
1.442637293981018143e+00
1.339657581989607493e+00
1.490599534762136358e+00
2.300012455814200329e+00
2.197599251138011578e+00
1.697643758436428563e+00
1.925990145010232357e+00
1.483807280807292184e+00
1.218256184958182775e+00
1.487166931976684925e+00
1.559812566874002160e+00
1.580151128862844701e+00
1.445971039528163971e+00
1.670316779253142592e+00
1.580473673064225260e+00
1.545011962495102420e+00
1.307029024805093309e+00
1.365541028708908255e+00
1.622697031038499604e+00
1.720947699394583141e+00
1.671335900564361099e+00
1.919637481734359996e+00
2.214177358935934592e+00
1.813430707095128769e+00
1.576073814156637720e+00
1.400730414534829826e+00
1.529646953150954447e+00
1.636210996379252158e+00
1.596153965053249024e+00
1.588784238353443401e+00
1.905168843007403190e+00
1.696707116718223496e+00
1.832927645388368276e+00
2.023933412636537366e+00
1.900521573305718803e+00
1.642513231193157175e+00
1.531844507976250380e+00
1.971860117722592065e+00
2.114329357529138864e+00
1.663795849560521622e+00
2.328271538945768881e+00
2.326102589854773139e+00
2.139363847385566508e+00
2.100239353099368156e+00
2.051122583599578775e+00
1.976469389021037193e+00
2.466400377448072945e+00
2.289185992333249597e+00
2.054480976319891017e+00
2.076163871348421619e+00
1.870055575708966522e+00
1.992925255261815298e+00
2.365967602495801625e+00
1.914745475333154978e+00
1.744464016080283120e+00
1.333792573954844185e+00
1.637287438758578517e+00
1.668703999185847664e+00
1.691835392235251589e+00
1.761559693576977725e+00
1.766774599171322180e+00
1.572220332175877200e+00
2.045188381884570639e+00
1.750104829702709086e+00
1.539662904477424377e+00
1.290768403526601604e+00
1.361393571412527592e+00
2.175519860138837469e+00
1.958410344668082503e+00
2.173566394430803239e+00
1.896501152714652694e+00
2.064952590035321833e+00
1.646675403783743663e+00
1.703282859952138573e+00
1.979179836930730518e+00
2.225123813947944562e+00
1.831674169450200784e+00
1.721210999362349447e+00
1.472590717441825792e+00
1.247593909951333124e+00
1.419789920901562086e+00
1.798579902437054123e+00
1.828632890648272280e+00
1.585123830075851892e+00
1.975609366538633171e+00
1.654716427888661912e+00
1.480223515568309223e+00
1.691573448797315082e+00
1.529736546145451292e+00
1.227676040442679195e+00
1.191127123424998269e+00
1.558657326914223873e+00
1.702067209750832921e+00
1.884469659558109189e+00
1.869820329522513980e+00
1.739070135378310455e+00
1.594831108855745638e+00
1.389013399448938868e+00
1.292403598981401558e+00
1.609013073344066402e+00
1.959704531379339976e+00
2.148198401675315061e+00
1.868313298957807511e+00
1.565886399864972356e+00
1.705157237530156911e+00
1.673758746724452129e+00
1.422849030395011205e+00
1.579042434517510030e+00
1.561168427318168739e+00
1.440673558148944267e+00
1.728882275347793485e+00
1.642354426577861792e+00
1.531433791285846002e+00
1.815061078364164082e+00
2.270615866469785527e+00
2.128193795306582370e+00
2.323084229968865877e+00
1.669741561228593740e+00
1.727642981408809009e+00
1.640442822429917458e+00
1.463796551407352098e+00
1.664612059661977561e+00
1.536302700239242647e+00
1.921182058543071225e+00
1.826365636541690707e+00
1.705806686192387067e+00
1.775144913233111410e+00
1.480544120444567735e+00
1.470632341198460757e+00
1.582587862366869658e+00
1.586713423372644760e+00
1.443834953785154696e+00
1.494995325019765620e+00
1.569284023872189238e+00
1.287578925953788644e+00
1.279950870339913171e+00
1.557874765223272506e+00
1.844900616342574073e+00
1.777497856830757117e+00
1.690771377912658968e+00
1.647689447350040970e+00
1.487655389339097356e+00
1.379862496868281552e+00
1.231706185689250832e+00
1.216488719746953606e+00
1.256862054769700920e+00
1.229975360918817984e+00
1.338337269782562178e+00
1.625561403956461648e+00
1.355250442557738078e+00
1.295484364049839243e+00
1.740241221127534876e+00
1.603653188526672047e+00
1.566506427996940287e+00
1.447740210539407713e+00
1.485769030683881775e+00
1.681293245640631984e+00
1.865561924891440349e+00
1.442148585803773919e+00
1.198940612006735407e+00
1.379955036417418235e+00
1.159264502307040479e+00
1.652209666662346255e+00
1.417555730199932862e+00
1.166732887901702709e+00
1.328261190509221201e+00
1.479849259550168661e+00
1.153709366891263244e+00
1.190843051871579794e+00
1.424906338035348830e+00
1.355669717406187802e+00
1.300501920683716950e+00
1.239697447760225835e+00
1.201303084490993989e+00
1.126471036719757457e+00
1.368577854267211791e+00
1.352434740441153416e+00
1.335614853000231417e+00
1.041111553989144900e+00
1.297041510233724715e+00
1.603041642406138223e+00
1.329134738007811789e+00
1.508590469506326359e+00
2.000683435669289967e+00
1.780741439640318280e+00
1.799467892485654419e+00
1.734143906901301380e+00
2.051663890102437993e+00
1.539711050459854347e+00
1.630955999713495919e+00
1.637850478116559261e+00
1.867937108962365533e+00
2.031404340192901614e+00
2.103785398511457849e+00
2.035816022370630307e+00
2.098885395778361751e+00
2.008975042955480017e+00
1.707537744291998116e+00
1.884407746468677480e+00
1.497196013742705167e+00
1.412846413535261858e+00
1.771014693002809004e+00
1.931315818534259154e+00
2.422628570124096825e+00
2.273752787329653469e+00
1.926746074149781940e+00
1.488453594036827532e+00
1.386537900923745958e+00
1.443187499272579721e+00
1.737126672072283107e+00
1.842152341574816221e+00
1.797371353448081965e+00
2.295740959111260082e+00
2.170446864869315373e+00
1.441864086100793418e+00
1.482336517930683328e+00
1.856578719190632887e+00
1.711576204861551931e+00
1.918501782015846757e+00
1.599197251105100470e+00
1.986492940369457116e+00
1.945128900683687379e+00
1.965144718082074693e+00
1.738871288410917870e+00
1.644233674487785679e+00
1.801764546726574157e+00
2.035059818424712841e+00
1.314775158282265766e+00
1.246167345094099987e+00
1.101692153586264045e+00
1.819482808845410027e+00
1.535081543308023821e+00
1.572583524491493634e+00
1.617786455622299391e+00
1.849370587528191612e+00
1.695688775511711599e+00
2.075569845541786140e+00
2.059657377373919740e+00
1.745689017560470235e+00
1.794679338218771125e+00
1.816997667737408895e+00
1.805184295771587788e+00
1.571814452965058395e+00
1.840312432694044098e+00
1.731106564897392008e+00
1.680902746932037450e+00
1.495662569840910727e+00
1.386488359653464730e+00
1.573888403567666128e+00
1.415685555712542287e+00
1.679719667912840553e+00
1.524634247073082260e+00
1.593416857288382449e+00
1.885051498313852214e+00
1.707412589688670268e+00
1.822938794552062536e+00
1.384017313933876947e+00
1.430797155252205632e+00
1.493966149871463367e+00
1.188904854721254400e+00
1.340544552818416335e+00
1.229638827369538667e+00
1.384383145551704608e+00
1.195416305866984663e+00
1.202844691278313949e+00
1.351188177477719909e+00
1.689366436343700428e+00
1.628517457340979746e+00
1.353607771005973737e+00
1.492997775013471751e+00
1.561355081917222165e+00
1.394962712728493370e+00
1.321537685066225487e+00
1.170421300199478543e+00
1.163182113681661134e+00
1.364933791810230890e+00
1.519777050304904842e+00
1.284432886554522923e+00
1.522520503385127233e+00
1.388221932750801413e+00
1.125501786359582423e+00
1.222628655732216352e+00
1.403007124313490062e+00
1.067195729360648215e+00
1.477233537323361157e+00
1.657989384483744999e+00
1.679515587770215479e+00
1.948649198172543340e+00
1.614594392361938135e+00
1.693837427632698400e+00
1.774161271041170274e+00
1.936255307648970803e+00
1.805445026413337928e+00
1.691082441965606975e+00
2.051570352731804547e+00
1.805403792471886648e+00
1.822531372165122621e+00
1.770985012035925399e+00
1.688638200560131253e+00
1.269110345053402256e+00
1.203385548657777138e+00
1.146017898036934657e+00
1.168117365457973067e+00
1.176357218132451754e+00
1.326615201854282056e+00
1.332695845586994388e+00
1.340326502662690267e+00
1.491541314728213052e+00
1.635787917511832834e+00
1.445635044491166532e+00
1.571449475939288520e+00
1.521188763033392455e+00
1.822621693882792604e+00
1.622378648793849409e+00
1.467531813361983906e+00
1.358280460498135334e+00
1.570056371805514495e+00
1.862446111952012817e+00
1.982317969856476125e+00
1.994247480846243592e+00
1.943496023171436882e+00
1.386502081508944384e+00
1.314333426676891570e+00
1.420253611779018543e+00
1.243281733100925157e+00
1.618101043520558280e+00
1.564701014523568467e+00
1.173753756866033893e+00
1.119073504897241778e+00
1.873455562212423153e+00
1.764928940843132343e+00
1.614098108051527092e+00
1.222697275153315388e+00
1.637083627649705164e+00
1.636708363102725716e+00
1.655383065899290518e+00
1.093253566729390114e+00
1.486941830422515043e+00
1.518471666096471218e+00
1.725463584509964399e+00
1.586814835628701292e+00
2.138358386874978923e+00
2.159610228040711455e+00
1.620171144749354752e+00
1.353937654247223898e+00
1.427217086713028937e+00
1.476889394294937041e+00
1.448324125096851489e+00
1.623120294980376688e+00
1.948789082412176743e+00
1.755724126961240250e+00
1.610338128098595778e+00
1.818282332805372992e+00
2.162975249960665813e+00
1.788216690223469074e+00
1.620887083192910527e+00
1.703798731951051693e+00
1.324201861890364151e+00
1.252695866294894600e+00
1.915705042501327782e+00
2.283009269788910167e+00
1.733367319933424078e+00
1.327249507462609834e+00
1.779516743196879025e+00
1.364237837059085523e+00
1.498912020395981370e+00
1.215476648058394726e+00
1.324182696130666193e+00
2.055918098953042783e+00
2.109769702771760347e+00
1.689218619056939152e+00
1.066395507404817700e+00
1.334801296833065587e+00
1.504552127728544297e+00
1.539695768493368533e+00
1.213069308171708549e+00
1.421856889174361260e+00
1.504093745710372465e+00
1.192148168664827201e+00
1.244387500193317342e+00
1.359102875249848630e+00
1.524020314571653323e+00
1.440241779453360627e+00
1.502937646682451334e+00
1.360325423435871040e+00
1.426701293172404128e+00
1.574459964383361221e+00
1.577545579348360594e+00
1.528629420845463160e+00
1.609956857255098406e+00
1.945377897510033982e+00
2.224816008464066464e+00
2.350377161584284114e+00
1.958455109343677725e+00
2.236808769929883312e+00
2.502769832418655138e+00
2.562479015926887982e+00
2.356864827844158850e+00
2.357983251925693136e+00
2.243774280946583044e+00
1.960643146026347594e+00
1.611327843469448684e+00
1.318109251314526054e+00
1.424528112079877840e+00
1.147814425358697710e+00
1.677246097942437730e+00
1.608002694786975217e+00
1.795454169763479157e+00
1.865529123458670391e+00
1.849037119694061149e+00
2.175256406958732125e+00
2.150501211942984714e+00
1.976787427442244116e+00
2.189653075401521765e+00
2.148291852461233109e+00
1.844895402280478214e+00
1.663181970629042716e+00
1.731199930792279407e+00
1.813748290835126342e+00
1.473176473541707665e+00
1.367317989782463661e+00
1.569015602889939798e+00
1.478974764358262028e+00
1.515242978241469807e+00
1.399762009324082790e+00
1.653024645520021707e+00
1.686331027545602268e+00
1.889679789693359924e+00
1.923894799719500615e+00
1.378260825307091375e+00
1.623215379802087188e+00
2.107751499770702974e+00
1.920494108141403089e+00
1.689512022846075157e+00
1.845433958530011687e+00
1.937039590892989827e+00
1.975593144759965725e+00
1.769847414636046556e+00
2.437962425052818460e+00
2.368626707595955949e+00
2.340462314070193450e+00
2.372463845798213011e+00
2.244032576372508636e+00
1.826431842005733941e+00
2.008227258618489053e+00
1.761408292659200514e+00
2.121450271617412842e+00
1.892539439800535961e+00
2.370056869651067100e+00
1.746583729694927589e+00
1.358893012543049394e+00
1.606925570003777226e+00
1.698133265504756295e+00
2.052274632781198260e+00
1.586538331391143419e+00
1.626885844175990359e+00
1.603287761323617167e+00
1.766220866767987063e+00
1.626348156981320958e+00
1.735411529467063563e+00
1.445752135300611307e+00
1.283826337987197697e+00
1.761289799543570345e+00
1.991057630592082184e+00
1.667139742153372017e+00
1.628804968867588521e+00
1.440160722563730289e+00
1.780032556798015753e+00
1.598918423794879917e+00
1.580137992879639963e+00
1.283694427914888747e+00
1.310213803451883541e+00
1.317228198882692602e+00
1.336293293161002538e+00
1.530951680895357603e+00
1.574361580051143683e+00
1.410098997971256818e+00
1.312571389559292534e+00
1.631355031021018753e+00
1.612779970307081090e+00
1.369008854876249792e+00
1.169739117918498161e+00
1.274789397501837396e+00
1.057991410136593258e+00
1.268664752620741742e+00
1.361957503514000578e+00
1.409779167209034734e+00
1.457176774259222984e+00
1.499156256075471871e+00
1.598140647453030638e+00
1.078659389231967802e+00
1.036069248561336087e+00
1.262028282561090009e+00
1.203359835430448221e+00
1.486322510073321723e+00
1.165396102520698918e+00
1.257759262088373298e+00
1.481873665272444240e+00
1.384814445369190627e+00
1.391657425021108230e+00
1.341493698514524269e+00
1.305109124434086887e+00
1.324178915621060160e+00
1.416056292729065413e+00
1.410672792558480104e+00
1.334814408026897103e+00
1.548907917055709627e+00
1.417503935442991914e+00
1.532828023844551524e+00
1.582915492129290058e+00
1.623178531398872693e+00
1.747210694540433096e+00
1.549559713676069705e+00
1.488821789521069583e+00
1.487066509271791626e+00
1.676746262091826756e+00
1.411546434901282288e+00
1.205785540803352651e+00
1.300056020871235507e+00
1.134088688245519227e+00
1.342878193879383675e+00
1.700468425133991435e+00
1.748525139186016819e+00
2.104369136941514284e+00
1.829277994707668942e+00
1.938097011845085538e+00
1.940971840210109933e+00
1.992801901881605664e+00
2.004103199818493497e+00
1.777363159938910364e+00
1.925064439408714634e+00
1.662285693455111790e+00
1.544681349556095595e+00
1.545579890731505257e+00
1.865880518899475149e+00
1.738617681496201106e+00
2.151536535732430977e+00
1.987774789913147488e+00
2.155919981236955607e+00
1.611742481320328269e+00
1.587248855408319059e+00
1.543095041808723700e+00
1.681625138582735435e+00
1.893666195068562264e+00
1.632029242631873878e+00
1.493163709554665930e+00
2.006731608294785030e+00
1.545977457354133611e+00
1.504576779291575406e+00
1.687113905045772633e+00
1.891064843671628637e+00
2.088931879359241961e+00
1.909062128997688790e+00
2.506795593755623219e+00
2.435295176229028691e+00
2.180258229128866354e+00
2.034966845309861494e+00
1.979360108202397717e+00
1.640654994190057892e+00
1.397470491664882575e+00
1.653544614942116686e+00
1.594392053424371625e+00
1.518285234537191108e+00
1.605963000654238249e+00
2.005317951996090642e+00
1.562612177702219274e+00
1.258599121746081462e+00
1.594298069740366142e+00
1.894018165216905691e+00
2.227050533761546713e+00
1.761144636209145409e+00
1.363251376225658618e+00
1.639345777789713354e+00
1.616855405197813234e+00
1.381068677999721661e+00
1.257555890270075416e+00
1.326182093419964181e+00
1.333508740728922115e+00
1.574379539576840514e+00
1.761472051377897419e+00
1.595002741551526659e+00
1.499968271688650212e+00
1.513114346978363223e+00
1.362948408101423814e+00
1.593031353998653366e+00
1.615560098830611357e+00
1.376875760028617002e+00
1.553708495225053943e+00
1.182813974459323791e+00
1.310531120021130258e+00
1.550755434025360868e+00
1.306574617704816532e+00
1.151480588487808099e+00
1.095531883503414017e+00
1.226089531903466368e+00
1.599098658050956967e+00
1.862041578343322845e+00
2.031750231553522745e+00
1.905524258963290585e+00
1.549991833224662052e+00
1.642397144140083753e+00
1.810858500662390513e+00
2.336106771164453644e+00
2.604987367612364935e+00
2.259486803339802119e+00
2.333541171577971252e+00
1.942692929901993715e+00
1.525336119794247436e+00
1.642398947607742077e+00
1.674589794615607863e+00
1.492696962839070718e+00
1.369848615622199173e+00
1.341995945579317784e+00
1.438034122041991214e+00
1.644707909342604246e+00
1.620307359191218488e+00
1.526542214808241038e+00
1.383134653801236347e+00
1.361194217585438793e+00
1.541937372095385061e+00
1.556133439656836481e+00
1.358527461742629505e+00
1.365845382991901946e+00
1.272334334109952447e+00
1.372196036924099305e+00
1.663963887710582901e+00
2.119221104883947771e+00
2.017848238874970779e+00
1.758128985856597160e+00
1.849621005968127951e+00
1.400246902142264771e+00
1.427365316351350222e+00
1.245639147777305666e+00
1.395749182988208936e+00
1.606122856394774034e+00
1.334069831509055781e+00
1.597748047773578373e+00
1.477351003834606047e+00
1.792769755752408489e+00
1.314382538335540751e+00
1.335738209443198654e+00
1.418655699512657131e+00
1.685883502786185151e+00
1.869897336802427423e+00
1.794791152335097451e+00
1.903244645424547521e+00
1.770681196500156096e+00
1.751257706428799299e+00
1.544501831222321542e+00
1.675013671587176622e+00
1.839549711065560089e+00
1.789954631572430177e+00
1.597343866613311070e+00
1.561605192459571967e+00
1.755720007645127145e+00
1.533602598089652380e+00
1.534180427485354103e+00
1.477233014348293016e+00
1.750533265962866514e+00
2.229030552559464251e+00
2.432146752117132049e+00
2.653391110977750600e+00
2.439762010179780116e+00
2.211681583068834112e+00
1.989232264132054118e+00
2.072132300010399053e+00
1.918797916654286340e+00
1.881819263603393244e+00
1.367726388262303638e+00
1.263359201185646263e+00
1.488584761996986527e+00
1.858458711169548527e+00
1.762737821278807404e+00
2.135477663073916066e+00
1.985375694598374041e+00
1.612323416769907203e+00
1.757087316076489714e+00
1.829790515428440845e+00
1.766064006720483137e+00
1.821816075717813455e+00
2.201379430005996340e+00
1.822445400649191471e+00
1.660146775647628026e+00
1.999292702513934872e+00
2.098119318750874651e+00
1.876489303725285218e+00
2.088428703683774312e+00
2.383536396484879472e+00
1.525162951533833633e+00
1.882434637648569442e+00
1.652864578864364553e+00
1.707063906359596261e+00
1.789060325105528593e+00
1.805946792315406668e+00
1.744013859096966490e+00
1.800265935171251774e+00
1.905277324049732046e+00
1.519972587208218595e+00
1.923651779566650788e+00
1.491303942651050818e+00
1.500286211698896643e+00
1.101812775313373516e+00
1.509208908160368789e+00
1.699141512465229598e+00
2.072394694211102895e+00
1.820814169391215431e+00
2.377058623433499385e+00
2.187942202974100692e+00
1.906710367906103487e+00
1.754602265136933958e+00
1.826313482441591418e+00
1.935400093138307298e+00
1.830831803531070001e+00
2.206783728304488879e+00
2.134869065583657743e+00
2.463916595629447315e+00
2.213289933692939027e+00
1.898419417914078089e+00
1.811446099595485082e+00
1.616122142582717025e+00
1.512443961652604862e+00
1.700378528285080071e+00
1.842607819588064633e+00
2.083868219152468448e+00
2.134344013404631646e+00
2.215616132465429100e+00
1.730114380776775151e+00
1.818155191262472048e+00
2.128748982253348743e+00
1.834340116388642805e+00
1.612634293309908262e+00
1.774773582947378747e+00
1.575660605060511532e+00
1.548352509073517069e+00
1.551605351646619724e+00
1.533454351573861674e+00
1.304538669319347699e+00
1.143183666055126002e+00
1.838229033028986992e+00
1.544540627917471154e+00
1.325147921224666625e+00
1.584871527172511563e+00
1.629957798930817381e+00
1.492620284556522403e+00
1.424878144704899041e+00
1.472184497888570753e+00
1.581400940434639857e+00
1.335458645164439462e+00
1.798424623260124200e+00
1.293399367192670457e+00
1.599829656512083531e+00
1.497262752512711792e+00
1.545197173387866885e+00
1.722490993146678306e+00
1.225470282251130971e+00
1.457019700548058072e+00
1.334741094867994526e+00
1.251609131791733720e+00
1.375888599294734504e+00
1.216538413014866649e+00
1.293833812647909198e+00
1.684293994100664493e+00
1.936683466124889508e+00
1.811814166392596182e+00
1.591953608786963237e+00
1.402252380733080006e+00
1.679965075971435517e+00
1.783560053257508216e+00
1.598911320189563057e+00
1.538565933305382938e+00
1.500542559006726506e+00
1.370607533231203545e+00
1.519947015004087465e+00
1.378309551762479712e+00
1.518142528850289663e+00
1.685996505454955496e+00
1.545096251672046783e+00
1.527489093374490681e+00
1.569962939238356725e+00
2.070094549428952657e+00
1.641718606739293485e+00
1.788429843036358768e+00
1.915707049024332864e+00
1.694090918405954271e+00
1.725137254099237794e+00
1.335614696611030938e+00
1.664082643006726592e+00
1.445327386548641124e+00
1.519922973685459144e+00
1.287834276313785109e+00
1.192915666969082578e+00
1.387932613714292218e+00
1.882734860864993198e+00
1.851050786367053780e+00
1.773420498202200379e+00
1.506368895329094126e+00
1.313629672357744971e+00
1.220130436023977305e+00
1.341686590674456170e+00
1.341232937262622382e+00
1.324111461759678754e+00
1.489538061629319010e+00
1.123970140547908780e+00
1.330276281220578172e+00
1.313945383731880412e+00
1.475226408204078021e+00
1.190857565744840585e+00
1.311217605759506633e+00
1.305477535166247094e+00
1.278957445537413307e+00
1.420953805913512946e+00
1.320953913806257596e+00
1.504097206251551633e+00
1.968335110012337630e+00
1.875111759153096358e+00
1.769638196467618663e+00
1.603380896820959300e+00
1.264026516349902263e+00
1.740106159713201039e+00
1.914695984036339560e+00
2.129661076053555480e+00
2.043565481319764121e+00
2.103161218496912177e+00
1.692761026389254075e+00
1.543383890651476076e+00
1.439062103828089523e+00
1.668135073952849545e+00
1.524265826010188452e+00
1.739932309816767830e+00
1.856769635748642955e+00
1.474834236190397219e+00
1.805262681303439143e+00
1.930579998420307808e+00
2.102107825704913946e+00
2.190814692845373113e+00
2.112740113152583366e+00
2.174055964482688452e+00
1.553119835210995836e+00
1.670573871406552335e+00
1.416428569464037279e+00
1.253028457652455518e+00
1.294864366256314625e+00
1.528333014010109014e+00
1.174721958697076074e+00
1.462201819740435171e+00
1.347901012520697828e+00
1.422451764140030939e+00
1.663909565946013025e+00
1.801093105329999222e+00
1.692151551750960436e+00
1.903883643226166100e+00
1.370874546005336203e+00
1.646321876157470943e+00
1.953138387129355058e+00
1.911461611808521699e+00
1.628425866585044623e+00
1.922293522359257878e+00
2.004266097224799204e+00
1.945137949173183278e+00
2.038667383142606759e+00
2.660440222613992933e+00
2.394947077293163584e+00
2.066497925366934663e+00
2.259073977462228822e+00
1.807749296753099477e+00
1.739798793448452230e+00
1.967955027774700660e+00
1.853731886651417859e+00
1.731796672887269128e+00
1.660185240650617233e+00
2.285310707634185423e+00
1.899357227602188836e+00
2.034699495263424307e+00
1.693385546549923903e+00
1.220917498796703526e+00
1.467046219242098104e+00
1.352885861760085850e+00
1.567375383584196813e+00
1.370174210869606224e+00
1.582214054352980348e+00
1.862420640563113849e+00
1.903792692110189755e+00
1.849722933050889750e+00
2.050594873502125992e+00
1.924472269583673567e+00
1.833273157606217119e+00
1.766993000439124106e+00
1.946797327605081840e+00
2.120623730560392328e+00
2.390860010612856801e+00
1.801641838703237575e+00
1.711404270873890354e+00
1.771079519386027812e+00
1.698500765217360708e+00
1.575285589815597520e+00
2.010118394930340724e+00
1.774363332307788754e+00
1.778375617959549349e+00
1.511521281971143216e+00
1.665126249881153431e+00
1.728977147821622928e+00
1.855844517574238184e+00
1.693848606806237278e+00
1.988031724063155536e+00
2.037863135669114367e+00
1.850832749869034899e+00
1.639018934767971336e+00
1.712226534993162907e+00
1.858931841406501917e+00
2.078131487611614592e+00
1.826689719433833181e+00
1.711856619470652818e+00
1.671245773213365426e+00
1.724214230841988771e+00
1.688453132995334727e+00
1.575513746910768287e+00
1.448865981403828274e+00
1.263165935336414636e+00
1.464450905507087120e+00
1.237637678438894717e+00
1.219127695837090686e+00
1.329781039726540826e+00
1.287556702030803191e+00
1.071726838042392549e+00
1.485014153570180628e+00
1.464498059311574840e+00
1.413013108338078361e+00
1.213882599261154827e+00
1.161092140958428276e+00
1.406583475428111907e+00
1.247050254198516228e+00
1.518404729854969437e+00
1.591384050132949035e+00
2.221483060431119760e+00
1.720344316068170176e+00
1.424716879757788046e+00
1.441071974498542740e+00
1.705001399093258874e+00
1.802346411050523178e+00
1.384632859273591476e+00
1.696523036187714162e+00
1.229322472099573460e+00
1.671062603728818763e+00
1.302370015023304628e+00
1.241235768162659792e+00
1.793432342466062979e+00
1.835653495443344774e+00
1.460523914146125035e+00
1.404469578161865462e+00
1.432825764341217889e+00
1.488460484056172817e+00
1.688081869016874625e+00
1.544923327575452365e+00
1.715879854640365743e+00
1.631572733448487744e+00
1.848334936562547881e+00
1.676280278851909333e+00
1.673466443687460004e+00
1.409887707710622884e+00
1.313688042406142120e+00
1.362332361643921796e+00
1.333454163703356121e+00
1.934894479487841323e+00
2.147448567498992045e+00
2.200020865099108658e+00
1.748979744108112744e+00
1.770735256494355259e+00
1.844226432979943597e+00
1.647281780217123570e+00
1.519625374546504482e+00
1.655545988786706335e+00
1.516902099451725272e+00
2.018295924057746937e+00
1.934827475505991989e+00
2.119629422063169066e+00
1.841668152270696357e+00
1.686737660904866321e+00
1.863608984027642412e+00
1.971994698860345396e+00
1.835818726552679969e+00
1.748805893961386637e+00
1.517970679192169214e+00
1.494649084546316287e+00
1.836729232426788094e+00
2.052675879522393831e+00
1.519625853491239020e+00
1.527010558085994729e+00
1.763838188351967595e+00
1.971457413787986557e+00
2.473423243539131899e+00
2.478999742680773277e+00
1.930500057196157249e+00
2.087997845991917512e+00
1.874170626314090260e+00
1.765687192076958345e+00
2.206392129008171832e+00
1.731586242061610825e+00
1.373264816789154352e+00
1.402072684430871297e+00
1.480283804641651546e+00
1.731881114925252652e+00
2.198380674087099695e+00
2.003232143758614026e+00
1.475369476213148401e+00
1.574902998345572236e+00
1.918780742472015577e+00
1.417505505558624535e+00
1.568192909180004868e+00
1.620625183979182315e+00
1.449294469396949392e+00
1.537837200657124370e+00
1.783979267204619523e+00
1.411945499839159179e+00
1.627228270011542355e+00
1.413632983306832180e+00
1.674456593029777896e+00
1.603847885667609496e+00
1.420635335648417152e+00
1.679765738507313699e+00
1.333208300024093740e+00
1.508314584234405009e+00
1.355328777701923393e+00
1.580994163904705596e+00
1.568861293223396292e+00
1.534321876669263007e+00
1.440103342895354466e+00
1.730489092822437458e+00
1.606327189568685698e+00
1.492807363164255330e+00
1.750580352772455939e+00
1.614552307650340968e+00
1.819740474967091792e+00
1.548670887473412305e+00
1.204936929310583160e+00
1.347482836823174157e+00
1.240945004929975060e+00
1.212627861504153914e+00
1.425341854582247825e+00
1.379264353406004062e+00
1.533068384864474387e+00
1.222574459144852632e+00
1.115997701643077100e+00
1.128558890907860546e+00
1.348581870446982967e+00
1.562328044561658968e+00
1.618698640948597278e+00
1.790875599132957907e+00
2.022817791531888343e+00
1.889953138584228753e+00
1.845215396106025141e+00
1.805383673793296673e+00
1.915871046125244392e+00
1.603345738136906951e+00
1.482537713860348161e+00
1.188144793142128508e+00
1.381423263358017461e+00
1.365300636916489285e+00
1.364543429010116826e+00
1.242506668378498214e+00
1.421223938063060244e+00
1.458059067899741601e+00
1.438226990155892615e+00
1.373904519421558224e+00
1.507924661168048575e+00
1.566026629635375089e+00
1.556941000527143792e+00
1.440821160472672169e+00
1.319563172083301206e+00
1.541015187991324087e+00
1.100011816999575398e+00
1.510368506829939061e+00
1.273580467299289865e+00
1.380099742388566142e+00
1.238308770357798627e+00
1.255769834293765097e+00
1.183714378152226576e+00
1.646306173836162845e+00
1.429596463810777873e+00
1.245703398842244347e+00
1.088500594505608543e+00
1.192253018408606424e+00
1.242275564051242398e+00
1.338533664748601693e+00
1.228516726170644224e+00
1.100089752340347005e+00
1.233515241476863977e+00
1.213454984909555723e+00
1.340524283321712362e+00
1.521343399780203276e+00
1.578335461472131662e+00
1.700076388523285464e+00
1.568245226354057387e+00
1.523423921666312353e+00
1.275779616562846552e+00
1.706353904565979462e+00
1.701542739767210710e+00
1.659642207373470901e+00
1.641578988387802474e+00
1.587652162617176677e+00
1.539454295471180956e+00
1.426407997350123358e+00
1.345572906793920387e+00
1.326939156677099607e+00
1.579037853840116856e+00
1.868651672704838562e+00
2.061273213785054903e+00
2.557707863946760973e+00
2.558348204557475913e+00
2.344598751670776249e+00
1.906188956849269589e+00
1.617300148440172780e+00
1.748124733398965347e+00
1.788921225085790212e+00
1.494877906283596625e+00
1.550948680034076821e+00
1.339917808452146364e+00
1.222247278767931489e+00
1.421838932688926027e+00
1.357301009195401198e+00
1.265068382914664058e+00
1.493079491909185430e+00
1.307265053341796879e+00
1.662142235616390629e+00
1.800004119101112909e+00
1.612390817915619667e+00
2.113095552178922087e+00
1.827161677252523209e+00
2.073175921036903624e+00
2.009443572587693350e+00
1.683872185347827344e+00
1.752627789959269933e+00
1.800770200441822233e+00
1.752545761846502348e+00
1.655855387440814841e+00
1.805831803658869195e+00
1.619756820709049139e+00
1.601813700833445431e+00
1.700196656765946557e+00
1.820132150911975444e+00
1.835886619428307442e+00
2.405324685479233171e+00
1.913567947113541834e+00
1.715244240947791043e+00
1.232091375342288853e+00
1.292159973259840333e+00
1.457629699186475891e+00
1.535558502306125117e+00
1.466794426411123231e+00
1.611789665969064034e+00
1.805439206615160108e+00
1.970271170021818286e+00
1.701055839123204683e+00
1.422881553559611323e+00
1.564325358845256808e+00
1.702210628497347278e+00
1.814777323067596093e+00
1.971505348625338883e+00
2.269509691367468829e+00
1.803117499812644908e+00
1.733138558924335770e+00
1.813180732246216564e+00
1.858775441032932463e+00
1.845511664201615609e+00
1.978590288903445460e+00
1.721172280876679173e+00
1.679704118067232521e+00
1.589020062918215404e+00
1.580251742048397245e+00
1.290718575238810617e+00
1.426898143574273803e+00
1.286242772044839278e+00
1.344082042844259473e+00
1.572322162684994806e+00
1.381453178877847021e+00
1.253008713927312279e+00
1.403370967425684679e+00
1.642315513242639469e+00
1.359253189382473748e+00
1.269575661269872091e+00
1.256209827884477992e+00
1.001859570108228903e+00
1.494481697134056430e+00
1.267146722296790040e+00
1.574956176522904538e+00
1.477721993890569685e+00
1.309018899392976776e+00
1.696298304077175745e+00
1.407147798401310546e+00
1.216513745836344196e+00
1.479291649348403626e+00
1.363960503497663623e+00
1.325850357463204343e+00
1.493824176965561579e+00
1.300986665162039868e+00
1.435583340447928569e+00
1.423667838414042430e+00
1.336157700717068186e+00
1.404065329273281648e+00
1.362518847186414250e+00
1.217636044708319876e+00
1.148607899430420298e+00
1.174343721633069437e+00
1.273014405971316876e+00
1.127160687832889030e+00
1.398656441130791350e+00
1.336440722546058169e+00
1.332881465617206773e+00
1.279282896579610806e+00
1.364246576733886718e+00
1.351006367420942489e+00
1.282546076791334588e+00
1.348782025383234107e+00
1.438583371543000311e+00
1.206384159043667026e+00
1.939728607765475177e+00
1.742366187434042590e+00
1.437481878387535161e+00
1.312422170286389411e+00
1.339646423168246336e+00
1.147405421417792004e+00
1.147865010945537279e+00
1.638809452327643967e+00
1.566547897514032117e+00
1.409872386710719905e+00
1.309777867573486354e+00
1.348553539068850782e+00
1.578556834468877845e+00
1.640242621609042217e+00
1.473735367275653463e+00
1.801003174168165133e+00
2.012600109630034328e+00
2.256181152138163171e+00
2.116310303419616901e+00
1.571486035885987453e+00
2.134652015454034935e+00
1.679871882529295535e+00
1.931393032203487792e+00
1.772680584046177010e+00
1.531499902922323075e+00
1.705567906794805300e+00
2.034369166084449176e+00
1.763871704242869320e+00
1.707776673987797755e+00
1.651653004439757488e+00
1.582926275969779084e+00
1.543260246569362781e+00
1.281401667394396426e+00
1.969264551565550692e+00
1.713067384222205281e+00
1.800798474515635128e+00
1.541424588534548556e+00
1.729082538395371405e+00
1.603345272517668008e+00
1.598017121687719255e+00
1.612221511351211944e+00
1.401519139403791803e+00
1.428984190074510385e+00
1.396967907598164249e+00
1.993774616061226190e+00
1.409384500515539651e+00
1.678021447911443254e+00
1.622677665146703196e+00
1.495757051340312449e+00
1.365899370497748011e+00
1.543893956999336403e+00
1.764831376064796231e+00
1.388767744472211074e+00
1.825977114296798209e+00
1.778405586689361106e+00
1.558125957502649372e+00
1.500957513825684320e+00
1.701629119865095463e+00
1.609581623880704804e+00
1.466590851254994554e+00
1.885573686886978795e+00
1.745198248028436261e+00
1.732675714731666261e+00
2.020189909783574045e+00
1.883290687931752139e+00
1.823691407012096866e+00
1.822529356817324420e+00
1.740203554605898706e+00
1.876085428509635555e+00
1.714957304811000727e+00
1.594761304714915839e+00
1.449605569164630792e+00
1.428366173460216437e+00
1.254756146123113369e+00
1.409067298015981073e+00
1.522271754472729999e+00
1.529518205441712908e+00
1.571900907663658531e+00
1.253510005547471495e+00
1.453733937320396130e+00
1.556223450465345381e+00
1.074410690778062172e+00
1.260094757205283855e+00
1.165826321045255520e+00
1.581106658279894939e+00
1.511320284886414456e+00
1.595606923738900784e+00
1.598073690796443458e+00
1.376593185278575993e+00
1.500856826550452272e+00
1.565380733089591914e+00
1.532627813089801450e+00
1.390042283730499761e+00
1.326287345395742667e+00
1.369276403129882969e+00
1.466033034423405601e+00
1.486770429135227500e+00
1.825243999639917902e+00
1.851907168675852366e+00
1.986188787365457120e+00
2.327386397014032937e+00
2.347999436511371218e+00
2.232885606963728176e+00
2.053643082309669854e+00
2.169348046351011750e+00
2.068254400134184490e+00
1.738746640357291984e+00
2.192608848030455082e+00
2.442896043711404896e+00
2.398646423257294824e+00
2.232546120352392638e+00
2.240078378118340652e+00
2.114206100047713477e+00
1.918523094432581733e+00
1.737186895018052901e+00
1.706960956157010934e+00
1.654757777967531318e+00
1.359109703341644604e+00
1.986369775808548788e+00
2.237404950365671219e+00
2.196804614927899024e+00
2.334851080679422264e+00
1.851858741820747056e+00
1.798894133364330461e+00
1.608143631741437929e+00
1.617839548976481412e+00
1.378414709958912576e+00
1.785916431188132369e+00
1.869879331899404917e+00
1.690025303388352995e+00
1.903543545862686814e+00
1.827180987996644745e+00
1.592817811018597984e+00
1.949722292369944654e+00
1.489695204909798010e+00
1.663959542544128256e+00
1.442324109293482870e+00
1.605968166005802278e+00
1.324435438113725105e+00
1.362905042497184027e+00
1.301927246969251328e+00
1.272121648472370969e+00
1.320412681972364055e+00
1.116348112484720767e+00
1.231907140334074446e+00
1.554208149663145466e+00
1.563859022545303290e+00
1.685221052742869263e+00
1.607121921427488775e+00
1.570339732654394860e+00
1.650190696097486587e+00
1.679769762700729308e+00
1.454499987368079506e+00
1.886160039860818260e+00
1.896157730246046391e+00
1.910296149430552592e+00
2.043164824968087157e+00
2.207976534782807754e+00
2.486561606560937054e+00
2.424653123464008075e+00
2.278718788055305478e+00
1.832499325445590799e+00
1.781782264114284864e+00
1.869714990149134781e+00
1.747282006262149912e+00
1.488602464469580111e+00
1.557328345333569564e+00
1.500186233823572746e+00
1.693351240452121376e+00
1.434779007367742443e+00
1.390655756568731860e+00
1.386163684731641865e+00
1.863141408381932651e+00
2.029825872352368332e+00
2.137641504620015009e+00
1.743318001839793574e+00
1.724867185825008198e+00
1.643289459560088650e+00
1.165925782461543436e+00
1.186061210823675660e+00
1.289929577357637136e+00
1.612947522813922951e+00
1.413398606369249411e+00
1.336355047224629056e+00
1.368400124225892300e+00
1.982777629168948508e+00
1.759232155137114617e+00
1.297735699495749628e+00
1.665741471776614135e+00
1.806665391965819101e+00
1.421328034349192082e+00
1.539241971206511295e+00
1.761294780630448420e+00
1.843035403793629179e+00
1.497070122194109842e+00
1.558015252807865458e+00
1.427126373935736936e+00
1.089678715489797334e+00
1.300328554152212490e+00
1.470762862849402941e+00
1.488260575220991200e+00
1.213372996071040433e+00
1.341868355880304176e+00
1.581558176240658753e+00
1.363863055169950655e+00
1.504428066936726038e+00
1.293556706409991763e+00
1.404700074951627853e+00
1.442466689652901701e+00
1.116933177836354929e+00
1.293749294226667956e+00
1.557410924800990415e+00
1.211816138948713872e+00
1.437987989675067357e+00
1.319005762285715866e+00
1.411604539748518627e+00
1.551492044649440905e+00
1.776735739712757223e+00
1.728905161264330248e+00
1.831517287294313512e+00
1.386442484729821123e+00
1.147177308231870141e+00
1.239438466525525806e+00
1.399042897386371553e+00
1.461994211048710746e+00
1.538239689641965668e+00
1.529383564360709435e+00
1.305500884783413751e+00
1.168619839276981320e+00
1.180580042553735165e+00
1.473071028061275989e+00
1.526516434883289808e+00
1.838561057910837127e+00
1.698535951946970046e+00
1.415266505255458496e+00
1.606253380769109285e+00
1.570850901170002700e+00
1.745676802125482485e+00
1.573680492535805442e+00
1.841837429077791688e+00
1.534285806365304206e+00
1.865166670153589168e+00
1.913036991596792635e+00
2.206394952183662106e+00
2.286666992692029776e+00
1.975324307758107523e+00
1.868778013743064736e+00
1.909896271523166433e+00
1.857240065059646117e+00
1.781777188334777495e+00
2.083439388954545279e+00
2.437394401727150495e+00
1.786360959673750415e+00
1.644721707857346393e+00
1.556832439418524006e+00
1.709317234510210115e+00
1.580636746641478130e+00
1.739256156061085523e+00
2.035048612357711839e+00
1.816017003459803991e+00
1.732882508058897875e+00
1.723511671429561520e+00
1.767131568530760477e+00
2.286103590071893787e+00
2.180492918791026469e+00
1.809350855256432133e+00
1.215471318745054541e+00
1.659206060551656980e+00
1.484489721856759648e+00
1.316633131879410890e+00
1.165111135154770494e+00
1.210827063674336568e+00
1.056084824491987373e+00
1.234040912482214924e+00
1.245768271213095524e+00
1.508528675071553637e+00
1.575010904609567053e+00
1.775228758350389846e+00
1.540730433256174869e+00
1.562466195586439843e+00
1.436351601557997348e+00
1.758141444400289188e+00
1.326616177992902434e+00
1.109813225043446483e+00
1.462033239005376739e+00
1.202992781801782485e+00
1.313416189983253490e+00
1.547574383184514346e+00
1.280418499210442818e+00
1.524691539067248636e+00
1.599261247693601673e+00
1.563247977829997248e+00
1.647605587469092248e+00
1.423146176390422069e+00
1.329656769870211974e+00
1.322832320164675002e+00
1.623250665845440865e+00
1.974571461384213578e+00
1.997064698887639045e+00
1.826516532010640681e+00
1.660862071306988597e+00
1.368285612867206069e+00
1.175490466470591411e+00
1.503897186687111809e+00
1.572694984442127408e+00
1.877469915432318004e+00
2.087718171833527148e+00
1.570923941918334954e+00
1.398918819859085616e+00
1.456061915261638307e+00
1.444339986781845164e+00
1.308789850145593681e+00
1.360920370082427944e+00
1.233546939213021831e+00
1.629400347744736965e+00
1.673299736691387984e+00
1.285016790701584144e+00
1.521428912288612878e+00
1.539057714405122512e+00
1.331581183598053109e+00
1.422495394917773215e+00
1.411679941709336639e+00
1.710011134386705933e+00
1.540845209604908561e+00
1.550899883647057109e+00
1.510520416223136486e+00
1.484144889651293653e+00
1.534252194129659408e+00
1.557306573202390521e+00
1.237097365849690433e+00
1.454386092454837076e+00
1.510687894262534137e+00
1.154241818682621767e+00
1.259735109393253172e+00
1.458231348250514259e+00
1.661443403970260579e+00
1.524403146746166504e+00
1.562740478614812023e+00
1.538721321919934271e+00
1.611672389475345968e+00
1.346324371481270932e+00
1.331309521603629697e+00
1.503257029779292875e+00
1.633333379251469486e+00
1.556634686345262253e+00
1.440917296515910939e+00
1.281536061595341947e+00
1.435764377789998214e+00
1.656170698317630530e+00
1.417522362650587286e+00
1.525578135776660682e+00
1.650007608403550208e+00
1.962845038432878830e+00
1.775513537385750018e+00
1.895103908270584503e+00
1.612632968849028403e+00
2.042913501206638838e+00
1.523736820182385987e+00
1.913457976447677344e+00
2.166212103455568805e+00
2.045102648404183210e+00
2.073876230055461622e+00
2.189729678021944625e+00
2.044621178096679426e+00
1.907808544311425880e+00
1.821221054514351456e+00
2.260368256851001068e+00
1.903382886115887906e+00
1.842801753500000750e+00
1.719906459810104371e+00
1.835945839957284775e+00
2.047128880770207271e+00
2.103702243133919847e+00
2.026845473609275583e+00
2.047066128053235623e+00
1.868212513168655553e+00
1.736526547138901311e+00
1.613077556792317457e+00
1.579605388069648786e+00
1.866011216518531191e+00
1.588887909591116143e+00
1.488324237085911550e+00
1.583250036435110308e+00
1.904886076409346707e+00
2.074637376386468723e+00
1.812176138413568172e+00
1.641217829383801785e+00
1.590568383750786907e+00
2.000736852494388263e+00
2.103015855010766710e+00
2.258157460818962292e+00
2.051420098772144041e+00
2.041910941557599113e+00
2.282488773773056145e+00
1.841057505545374839e+00
1.682511034549992290e+00
1.325607836691113928e+00
1.222026442936927193e+00
1.396755448850756309e+00
1.286055632827450834e+00
1.323862921974832574e+00
1.183138493964920768e+00
1.302840435815192155e+00
1.580179960275343909e+00
1.760149708454639583e+00
1.532158745305886693e+00
1.749223663854716282e+00
1.652068530924852396e+00
1.830491948267606750e+00
1.441076814453494448e+00
1.516012003715188072e+00
1.723841451981224182e+00
1.542472609411746243e+00
2.046944253424231697e+00
1.787167572554904327e+00
1.820660284302118903e+00
1.771914362043589097e+00
1.621809907657624228e+00
1.657685767504135654e+00
1.405658085379332789e+00
1.400231096570985212e+00
1.508557619899427493e+00
1.250419875414859883e+00
1.271728955901094915e+00
1.452877341286309187e+00
1.430239545850852112e+00
1.997629432384100845e+00
2.013115022027518020e+00
2.111074997339061898e+00
2.162529619062101283e+00
2.329683577631499247e+00
2.287126344234011732e+00
2.122971214236554438e+00
2.474701113685188858e+00
2.050670707296136097e+00
2.586114454431365228e+00
2.178339463537837251e+00
1.942845791211007311e+00
1.595469600661320708e+00
1.496746066537794961e+00
1.355470197157394807e+00
1.256697340893069503e+00
1.880861582513129626e+00
1.694076497370603285e+00
1.219826735533105166e+00
1.813025410322548714e+00
1.733211479451414849e+00
1.984502489579781148e+00
2.287864222122717894e+00
2.210978947279583551e+00
2.261800438562348248e+00
2.125486557637423335e+00
1.969991024574811789e+00
1.705774955434697038e+00
1.764441463566104318e+00
1.379292494075392339e+00
1.460794478512593919e+00
1.398933342890869014e+00
1.254451251130354938e+00
1.390101537675043630e+00
1.548929551835198870e+00
1.443282266206529885e+00
1.425517999428207450e+00
1.714029611763652428e+00
1.676038949475352258e+00
2.167189661023351643e+00
2.115869248330198182e+00
2.262416796621634862e+00
2.253127476535725204e+00
2.218984764067172488e+00
1.920175404839944422e+00
1.928554589866744440e+00
2.301992800518080529e+00
2.079552764787824248e+00
2.135880825433084329e+00
2.396356510602163148e+00
2.468232524045422593e+00
2.273476652371698048e+00
2.406111677961479511e+00
2.045963908438500845e+00
2.213367429146275711e+00
2.398582483849469593e+00
1.741131117533873951e+00
1.888805612609159912e+00
1.803725878091239743e+00
1.822993298294068865e+00
2.058871299445845349e+00
1.984631859248736863e+00
1.585358593629670798e+00
1.577460361096542751e+00
1.436540539327052723e+00
1.752509292580283429e+00
1.982852972210493947e+00
2.262957416443873715e+00
2.023882141652863176e+00
2.155510204445758138e+00
1.942813021842704657e+00
1.835089646715142964e+00
2.318809628966441938e+00
2.563581196412345165e+00
2.627021774731419512e+00
2.510655882228606028e+00
2.355637641204310295e+00
2.173775285794413037e+00
2.190969572534079202e+00
1.791168517342775601e+00
1.759802592624100104e+00
1.424480835548194380e+00
1.763273420139392034e+00
1.892721382259018315e+00
1.892970741117260491e+00
2.327706677231929699e+00
1.869657972179155525e+00
1.939489562677904733e+00
2.263310273742751288e+00
2.058012260761558743e+00
1.822977509807366392e+00
1.903962806484033043e+00
1.938593382273072097e+00
1.961653811556317351e+00
1.919098485653212727e+00
1.617091684983328115e+00
2.285187536238298733e+00
1.990810859896126050e+00
1.783854504172868394e+00
1.691573945413059166e+00
1.483804402628384089e+00
1.860985311376583073e+00
2.059765874669534202e+00
1.982167696045553429e+00
1.977436343579758615e+00
1.940435208818882762e+00
1.843003950549740644e+00
1.843704853051947312e+00
2.257969015017964320e+00
2.225012699564268726e+00
2.290627920797099648e+00
2.423074515039274068e+00
2.306476798665432426e+00
1.583457673213847228e+00
2.022634814538619263e+00
1.703446069220390102e+00
1.854666769270450377e+00
1.805347802222862841e+00
1.700721296585122833e+00
1.270224963575904642e+00
1.695596431408737947e+00
1.675875383261002272e+00
1.465267362719708588e+00
1.883652575174997512e+00
1.635753694362002353e+00
1.691480315216139507e+00
1.867313768680319841e+00
1.897375755313502443e+00
2.370351037106821490e+00
1.872541546176092586e+00
1.783174627868235440e+00
1.699202875037576721e+00
1.582934767394634790e+00
1.854814077462415556e+00
2.032976938394869926e+00
1.902024591071736825e+00
2.182901101879942463e+00
1.934934912135261476e+00
2.111219407580524621e+00
2.189118098919538902e+00
2.234723055467676467e+00
2.255535247413970268e+00
2.065863544281124842e+00
1.830832762995033169e+00
1.832783709528515104e+00
1.563413258912100812e+00
1.537073558793957240e+00
1.887127730195737207e+00
2.026449290147593896e+00
1.997845787890896618e+00
1.837023712238527118e+00
1.659912951813289128e+00
1.664056366486609040e+00
1.522413044109101499e+00
1.333418819557992352e+00
1.171475982461858356e+00
1.630859695464216719e+00
1.861985366687013199e+00
1.908647661398894080e+00
2.037962268132652799e+00
2.122579226861079693e+00
1.912215218483050982e+00
2.240698822317194416e+00
1.573788050424765883e+00
1.584322384519971649e+00
1.575060791250997072e+00
1.422402414256422887e+00
1.518326111456590688e+00
1.804336596827518235e+00
1.611360812713520163e+00
1.336002824200290151e+00
1.792542848541286649e+00
1.735248161853145454e+00
1.856309963152040332e+00
1.674336987076733951e+00
1.890263284395123922e+00
1.971969368567155101e+00
1.668358765949792932e+00
1.871038676070780671e+00
1.994400091726931556e+00
1.858285994182093948e+00
1.975984465416558811e+00
1.737685809776047252e+00
1.533660690640321844e+00
1.704673169173940739e+00
1.879062458693182336e+00
2.053090583847861250e+00
1.769726195158489279e+00
1.552812332236496839e+00
1.759556820131787935e+00
1.463718103080392519e+00
1.796369249620380248e+00
1.394549686355441853e+00
1.392724750199555439e+00
1.339679621415013955e+00
1.594938776645891343e+00
1.636964364816474671e+00
1.479943811701468714e+00
1.448271679989611371e+00
1.387441179765385835e+00
1.401965918959969359e+00
1.591190357380681819e+00
1.589222870550591082e+00
1.584836601553641255e+00
1.491222883549947698e+00
1.459122833905523997e+00
1.720868987932446359e+00
1.601058260128278565e+00
1.636639768265953254e+00
1.832135899041588134e+00
1.675600423060998878e+00
1.709332756993632962e+00
1.774310116073876786e+00
2.144249721807512721e+00
1.668852096102001248e+00
1.462270237786797100e+00
1.374537167441160612e+00
1.169522844272172346e+00
1.376389606410478805e+00
1.355978891534251218e+00
1.332977198020866005e+00
1.905168166320074796e+00
1.624480607950867794e+00
1.656450256471794447e+00
1.472933041837970247e+00
1.468841483772085565e+00
1.137456778880348685e+00
1.271408567491048913e+00
1.398649370270694359e+00
1.450341469271623218e+00
1.463328711502204671e+00
1.529038078424189040e+00
1.588141180319316392e+00
1.400452449344591566e+00
1.847074917294881047e+00
1.857900753471785293e+00
1.679952961553286883e+00
1.779065118121310407e+00
1.736135060303112709e+00
1.463673926566547712e+00
1.328643140136804845e+00
1.008121548670882772e+00
1.183109824279588329e+00
1.260791885905599319e+00
1.217938469319831407e+00
1.143382641834562952e+00
1.422909770222310355e+00
1.522088685569560340e+00
1.556624433857787038e+00
1.263653551735603342e+00
1.235525904265522890e+00
1.324925424842415600e+00
1.337714708374700745e+00
1.345309192180345725e+00
1.444445338651394461e+00
1.582659928474588362e+00
1.449864348965411054e+00
1.581817649581275020e+00
1.705194841982962117e+00
1.477147120510938771e+00
1.412972821113086530e+00
1.533293805354992267e+00
1.577304379692425762e+00
1.341209683035996081e+00
1.868450108209190663e+00
1.722162888453483864e+00
1.936581572016686126e+00
1.845040912140079703e+00
2.264479026458688260e+00
1.832290084328163093e+00
1.758667245452637751e+00
1.961747785909137676e+00
1.722334062719749426e+00
1.738032874205813982e+00
1.427537834212404100e+00
1.224433274567647389e+00
1.350190865090381775e+00
1.479735838718784002e+00
1.303036829340258773e+00
1.421175367711512649e+00
1.239155708126754796e+00
1.464217021683063891e+00
1.812213921286168761e+00
1.600048617059298905e+00
2.008608964008195663e+00
1.678845069736860651e+00
1.804635288782126423e+00
2.028663804592358400e+00
1.791186639968773697e+00
1.857485418707726543e+00
2.137301642467210439e+00
2.119027003799814235e+00
1.982318865202766789e+00
1.847508131643159857e+00
2.419083294079889868e+00
2.121376766739794029e+00
2.161602602059006006e+00
1.549420349847835388e+00
1.676055558200250095e+00
1.517022219497445645e+00
1.674199912635621734e+00
1.595670704245160776e+00
1.460856024252852325e+00
1.283932984256793475e+00
1.583635016962035236e+00
1.302172877900037662e+00
1.523577869895592407e+00
1.468810000983839625e+00
1.456279097588400573e+00
1.478258643225894176e+00
1.187910614726119141e+00
1.326154050712218480e+00
1.396852591777020480e+00
1.566738503780422676e+00
1.545163111508433440e+00
1.746106171926236073e+00
1.877706347125689845e+00
2.109367204583726174e+00
2.238429220019706900e+00
1.856738928718708159e+00
1.770539901780205483e+00
1.502778799847311442e+00
1.204541026566250617e+00
1.196098339622382545e+00
1.296433594330068440e+00
1.415841583699176010e+00
1.606857333659053699e+00
1.576239860842988172e+00
1.685962559879056633e+00
1.920071977786307560e+00
1.572134580123776937e+00
2.180095019261359734e+00
2.176776819480119585e+00
2.447822111046589200e+00
2.240700034318102052e+00
1.897876752450770033e+00
1.892289684452332921e+00
1.961935387081553017e+00
1.970765549680457696e+00
2.139381349212817529e+00
1.942530828843307411e+00
2.057574508316825312e+00
1.655776401538038289e+00
1.555092506856910362e+00
1.416314293171008432e+00
1.470945042990086549e+00
1.430894205728858060e+00
1.388143959869537092e+00
1.312453743072416579e+00
1.240938227074429356e+00
1.263251919438443505e+00
1.587508827443714132e+00
1.314851882649668902e+00
1.497203348327863504e+00
1.659752610250464278e+00
1.763936826426807603e+00
1.672155760497846533e+00
1.718818744459871262e+00
1.715248205386435743e+00
1.615805479880128237e+00
1.547773290566372362e+00
1.754925658988577997e+00
1.767281569078353431e+00
1.438683042558656977e+00
1.845070091508737242e+00
1.888448093458627186e+00
1.699579651927313861e+00
1.720893576830974325e+00
1.838547814433513894e+00
1.619442990391296355e+00
1.930879977306752870e+00
1.794600780001267104e+00
1.853631946916337370e+00
1.540468488049946405e+00
1.582019278227675629e+00
1.511148541759006037e+00
1.564482787987075740e+00
1.438468886413592607e+00
1.528665059486852495e+00
1.529607775131124558e+00
1.840454081136033482e+00
1.515044397331198889e+00
1.746987541142376976e+00
1.474219152709546288e+00
1.408087647042823853e+00
1.104769275430914410e+00
1.164030966595263727e+00
1.733096845448533374e+00
1.747017116849177931e+00
1.860426030942152309e+00
1.857190851378654362e+00
1.556876439623763098e+00
2.141349007034877516e+00
1.696735100785502270e+00
1.874359863115372393e+00
1.853879559217939788e+00
1.297600430145507744e+00
1.509094393819025548e+00
1.787504607728090722e+00
1.860244525968845153e+00
1.990260796290086454e+00
1.844084117244541021e+00
1.761679341169521296e+00
1.997369509252712394e+00
2.092035847123939529e+00
2.272912266837424866e+00
2.017722218961514269e+00
1.882256086182785060e+00
2.079418145452984756e+00
1.902873844741229892e+00
1.702402856496865624e+00
1.412968367724341867e+00
1.151802671605831163e+00
1.349116792855363345e+00
1.548758971878440027e+00
1.506459334525383387e+00
1.968147945681098854e+00
1.884337227495151090e+00
1.783142614991917840e+00
1.877122193200908118e+00
1.915015797883760307e+00
2.054799269544723472e+00
2.402699341055815729e+00
2.296817923703431408e+00
2.143463071835991496e+00
1.876863508360991917e+00
2.121039356267258480e+00
1.864276679810256132e+00
1.923235565138200265e+00
1.829432980438203460e+00
1.765448785085719896e+00
2.065487041435348115e+00
2.130578791428130891e+00
1.942998820829870743e+00
2.133391558543731303e+00
2.252916572672574613e+00
2.133300151455145510e+00
1.578593195675435323e+00
1.658327488415149764e+00
1.722409202522661831e+00
1.772189925522683396e+00
1.951601353274620365e+00
1.547692892047559887e+00
1.774337933618688856e+00
2.014747487925511837e+00
2.164682600470691387e+00
2.001113163070012746e+00
1.648459813289021358e+00
1.651520735319260469e+00
1.776546749022844374e+00
1.831081978494738083e+00
1.463395769363827092e+00
1.734461016755314944e+00
1.715526735712428863e+00
1.713090822913148958e+00
1.743167223484087147e+00
1.573506437571749128e+00
2.049795150099917418e+00
2.214219020733884324e+00
2.385373485719299858e+00
2.199166181021338762e+00
2.197369184258351815e+00
2.328168901884878128e+00
1.996892520961941475e+00
1.861803901095292701e+00
1.950317802031697134e+00
1.842053668991625148e+00
1.701305232150436497e+00
1.399627025859258689e+00
1.568067000107763009e+00
1.825836460453526433e+00
2.433008696773331536e+00
2.255770623339806935e+00
2.181811028853787526e+00
2.348806326069496020e+00
2.283839778638482976e+00
2.229543487387740441e+00
1.979753876797806456e+00
2.222457786374968158e+00
2.346693895596074331e+00
2.249566927546997608e+00
2.398783719930122960e+00
2.324449379461931198e+00
2.260738978154079870e+00
2.025663744801312394e+00
1.959205471229333417e+00
2.181388163148467285e+00
1.852463533142812979e+00
1.818252424927986555e+00
1.800665648015272957e+00
1.498306650893231895e+00
1.702880423021434497e+00
1.892641727585257616e+00
1.304663401452339055e+00
1.708953932009801724e+00
1.557531510624650117e+00
1.563003236185608102e+00
1.367544254065419906e+00
1.408499707427921521e+00
1.433480332366897425e+00
1.514401556320775777e+00
1.622736681938697689e+00
1.780091342750833805e+00
1.420019760545705223e+00
1.430647693291858369e+00
1.767243234932360352e+00
1.800896666615670272e+00
1.607937496797325894e+00
1.612748694868518129e+00
1.912066229657287897e+00
1.899861442486169949e+00
2.229241931172484037e+00
2.215245406659962946e+00
1.649359060311367475e+00
1.737446743374552627e+00
1.654793590794238156e+00
1.683603717012537970e+00
2.287273226937903914e+00
2.372051328443210316e+00
2.437768795847848224e+00
2.334585208282447422e+00
2.146909144500241506e+00
2.426638736457245926e+00
2.188748040621719682e+00
2.187212896063154055e+00
2.084865395638467511e+00
2.375327043240712754e+00
2.554754478360743430e+00
1.819057412778562144e+00
2.233683025525624366e+00
2.754236833377045279e+00
2.340530377426943254e+00
1.677088534947896337e+00
1.671385178323026910e+00
1.697540148959528539e+00
1.838561734051973096e+00
1.948875205306795699e+00
1.628342042399567591e+00
1.898655645873011721e+00
1.980947920820268493e+00
1.958824703905853504e+00
1.600528097715318898e+00
1.555745888737077198e+00
1.825532358247877518e+00
1.436749497406448972e+00
1.724761764220000160e+00
1.907387748883478951e+00
1.686211340345694865e+00
1.931620442122275794e+00
1.722561684196662668e+00
1.718162616400956466e+00
1.938904869589914259e+00
2.022329956726534927e+00
1.840747749135914546e+00
1.687216754164196919e+00
1.739070280835677274e+00
1.821580503144692109e+00
2.131517870926676661e+00
1.706242521363790621e+00
1.568980059823086970e+00
1.625298159949126520e+00
1.904886833840792271e+00
1.174862896428652270e+00
1.458491346726324522e+00
1.381808287794975998e+00
1.422433588032179896e+00
1.528806155951502488e+00
1.536965414157340781e+00
1.609005690003310507e+00
1.421837191805175316e+00
1.403227441006433818e+00
1.361258416275815675e+00
1.589099825809638045e+00
1.711416364998618711e+00
1.528871056727584499e+00
1.497316662626085648e+00
1.935541065157395657e+00
1.892166016393842076e+00
2.045013203880612807e+00
2.298300520153638171e+00
1.685147929006095779e+00
1.690924814362004369e+00
1.761042639737506965e+00
1.997279677393654085e+00
2.285535964587633639e+00
2.115387154549587478e+00
1.555679456449301945e+00
1.412260988469933531e+00
1.430423572809143895e+00
1.647577938968656674e+00
1.739428111301947188e+00
1.520345096382687444e+00
1.574183297745809007e+00
1.486916471944942586e+00
1.623569347300755528e+00
1.849668571590865174e+00
2.062968818533798654e+00
1.925605711065214054e+00
1.867693017362058505e+00
1.688292478903723692e+00
1.536733725559454200e+00
1.896596556723178395e+00
1.854500349017554672e+00
2.366893522632082192e+00
2.489899013516516213e+00
2.431815097677710202e+00
2.508315745865639101e+00
1.849452080099643014e+00
1.588892546170774578e+00
1.720782444653642607e+00
1.872045389708137719e+00
1.681583051593423583e+00
1.554423627264104102e+00
1.673665821428058198e+00
1.262244648332085717e+00
1.196239584662257105e+00
1.203790639075817293e+00
1.221676825530981558e+00
1.210093331903299152e+00
1.505182028410599893e+00
1.652727524553301741e+00
1.434865527871409085e+00
1.367658910210653334e+00
1.352965877264392880e+00
1.613205290945627146e+00
1.418349664636340712e+00
1.724302308023740071e+00
1.915459000311102944e+00
2.181224415836859887e+00
1.910631974329672023e+00
2.127083812506840754e+00
2.081481518817258625e+00
2.610868718801122590e+00
2.652572742522372184e+00
2.429986958970732580e+00
2.209726057768611973e+00
2.059801146022867346e+00
1.948184365811073349e+00
1.623033141488741338e+00
1.224061557096651320e+00
1.523312972607878013e+00
1.476241805327012102e+00
1.470698188271499340e+00
1.464853186625054926e+00
1.373051836392425118e+00
1.561137927451501373e+00
1.303846785479713111e+00
1.440592340878209088e+00
1.246335385328392498e+00
1.520895802712173506e+00
1.557157426346295281e+00
1.207691901961365222e+00
1.478057906690996237e+00
1.406751376629007844e+00
1.351619472122964849e+00
1.725623781411226076e+00
1.466243080552112499e+00
1.744087588820821155e+00
1.848842686135681479e+00
1.811498934025041807e+00
1.689491456626764254e+00
1.864654582504589486e+00
1.782806893834448791e+00
1.440395792709675993e+00
1.568429947222498289e+00
1.536769969323684926e+00
1.554349258187644134e+00
1.517630005885294509e+00
1.793740809318366658e+00
1.739833759072037411e+00
2.046723543036021109e+00
2.028506375594559596e+00
2.097049224355746144e+00
1.524839025870958986e+00
1.795118301099684732e+00
1.890027950314886240e+00
1.690715798999162800e+00
1.614430226938378787e+00
1.645341074067638631e+00
2.028590993947184451e+00
1.912521951922891761e+00
1.562193010484845601e+00
1.693038315910616820e+00
1.822926269409399058e+00
1.760084724939463108e+00
1.166663641665621531e+00
1.392785711206264931e+00
1.482570593839218631e+00
1.393470575594403682e+00
1.667126416869899819e+00
1.796018638267408818e+00
1.956763629729188159e+00
1.831559105717313063e+00
2.194357790364728444e+00
2.093792936647295821e+00
2.643207918756407704e+00
2.446058210623706763e+00
2.139761931694325714e+00
2.214965831801713136e+00
2.158550533956297812e+00
1.923724257003695204e+00
2.114220917723300897e+00
2.092894037094015225e+00
2.203593335929526109e+00
2.175163241043283069e+00
2.390409657787130104e+00
1.872240774085094150e+00
2.300767969272577762e+00
2.166245730346120002e+00
2.111158755256241637e+00
1.848118155125734408e+00
1.493444038512886873e+00
1.241205638958343682e+00
1.480288211930864017e+00
1.723548003200392920e+00
1.799814227041016013e+00
1.924622180070246991e+00
1.983936109311379425e+00
2.084076763283407185e+00
1.922760039561763001e+00
2.033590451548552114e+00
1.450102098496430125e+00
1.784329932694876053e+00
1.591412413451533947e+00
1.603061236790703781e+00
1.439682632642559135e+00
1.300333166157421116e+00
1.137482802273696025e+00
1.264649807969416395e+00
1.088316846979068275e+00
1.444448892999235845e+00
1.863391132554859997e+00
1.564831712931837648e+00
1.080453252622177507e+00
1.260968613182476883e+00
1.047132725676236165e+00
1.426759507809401750e+00
1.650929450675669319e+00
1.236155273417344658e+00
1.166412571616056271e+00
1.320576813818250539e+00
1.312500503578922784e+00
1.278966805675264107e+00
1.247512296693938927e+00
1.415195364134374634e+00
1.269992780345202910e+00
1.584859992583779187e+00
1.627725063750196544e+00
1.821160560783720017e+00
2.100210524614066099e+00
1.956960990218751251e+00
1.532990355612724009e+00
1.682064126487634148e+00
1.794600180150050184e+00
2.253570218743557785e+00
2.079846876049140203e+00
2.307264373775853805e+00
2.235421649245685760e+00
2.318261085130439714e+00
2.059746484653568910e+00
1.854574996913079588e+00
1.441830954741839310e+00
1.491681393063550187e+00
1.971321684790177331e+00
2.067889013252017349e+00
1.904243634551411990e+00
1.973270463802656582e+00
2.273375785481086098e+00
2.593338823615376043e+00
2.120105268510803054e+00
2.029321802206115244e+00
2.020022732571390200e+00
2.054547194984336134e+00
1.846227874239488642e+00
2.046013035657206824e+00
2.291500218922365217e+00
2.508228697222732340e+00
2.313875437132765001e+00
2.342354888504598165e+00
2.205874849488074219e+00
2.262077275472812232e+00
2.018005914647330812e+00
2.042571196552608992e+00
2.223810738668857478e+00
2.549782458771109095e+00
2.292759577083945732e+00
1.518329287786992499e+00
1.902339307904724608e+00
1.490085828950216573e+00
1.581894000155270374e+00
1.833474142719086819e+00
1.984502958032776210e+00
2.099059310322138217e+00
1.996073234596695389e+00
1.751997293472164152e+00
1.975434186301800343e+00
1.606766890654934832e+00
1.293219834661716749e+00
1.657768073267515518e+00
1.733435448189752925e+00
1.630238130065740698e+00
1.970340585385336629e+00
2.265994848808268181e+00
2.001376114624712876e+00
2.147188683777289331e+00
1.809430288536074904e+00
1.708183236195025323e+00
1.817424197892432591e+00
2.048826806168515535e+00
1.768199402527654840e+00
2.019012403197574912e+00
1.853452620348668978e+00
1.667433612744983140e+00
1.651495873372403445e+00
1.690359627608087223e+00
1.771627816780013021e+00
2.074756015196805858e+00
1.821191629225444863e+00
1.841783733610466989e+00
2.038607396287466678e+00
2.020974499248802569e+00
2.251074729637519756e+00
1.996411937951076077e+00
1.766088622291684729e+00
1.735130392441475822e+00
1.840849405808572037e+00
1.569087361187284202e+00
1.767938779214602407e+00
1.844503981621427258e+00
1.504240375396086904e+00
1.233648995869101705e+00
1.195659703393085804e+00
1.343874007628887535e+00
1.385125185395486902e+00
1.293240287403979671e+00
9.802319605658130763e-01
1.401494975412638233e+00
1.483764799997067341e+00
1.322666709151636866e+00
1.378467614668616337e+00
1.494987056471734022e+00
1.683498622754293850e+00
1.703408177945925805e+00
1.361920708842781824e+00
1.758169925032466940e+00
1.729816003749427455e+00
2.011200473530512234e+00
1.834922168235664230e+00
2.123085089797518865e+00
2.125214326699928602e+00
2.103754404834783820e+00
1.917876556124690657e+00
1.862075058857446841e+00
2.068507910537195738e+00
1.889666301077230770e+00
1.578563224380825192e+00
1.785105196133414784e+00
1.817207684641591658e+00
1.722866396161014002e+00
1.563670121433453186e+00
2.003670902721681912e+00
2.135211929028037137e+00
1.780935751162027181e+00
2.058044692182416924e+00
1.871340558049610969e+00
2.051656074096999571e+00
1.841603315223202531e+00
1.611835165649647683e+00
1.826295405273624439e+00
1.806274818241169644e+00
1.386708057359213209e+00
1.520197874758788315e+00
1.298721270533071737e+00
1.415624334601741419e+00
1.388081027041903948e+00
1.455974021513695815e+00
1.195263679250288424e+00
1.158032687326017385e+00
1.111320332632527830e+00
1.567899432395447157e+00
1.597537994438343434e+00
1.308010767429642174e+00
1.373159796954167788e+00
1.407359394761910520e+00
1.443085309383051351e+00
1.176927275353563784e+00
1.700232855759942430e+00
1.601434255879492286e+00
1.532156089054464543e+00
1.228893372732226652e+00
1.215492927302764370e+00
1.581352613210197156e+00
1.536811265675538163e+00
1.880311130855124135e+00
1.866147899748262340e+00
1.726735998454518750e+00
1.535127102259259635e+00
1.498350208875857570e+00
1.955591130433381508e+00
1.836244939494074302e+00
1.816150798754389228e+00
1.470886627881509812e+00
1.906955832038888632e+00
1.884728954661449851e+00
2.035798491600506299e+00
2.108621221457461115e+00
2.072952037076714049e+00
2.031486584177147225e+00
1.918276560184221324e+00
1.925674362468909884e+00
2.381220386010589163e+00
2.181101843087310144e+00
2.026850567770734468e+00
1.768909949029833673e+00
1.558393647027521034e+00
1.606981949526207210e+00
1.516815729316047801e+00
1.753333759559728922e+00
1.652411326674594783e+00
1.544702372564997095e+00
1.544873671255132308e+00
1.665391166899286901e+00
1.618972002624520456e+00
1.565718021367956680e+00
1.646364706461090011e+00
1.472610072308278006e+00
1.818531732101007936e+00
1.804658675451231264e+00
1.263591538494032385e+00
1.505515946733423149e+00
1.667574953645692082e+00
1.747577084265120817e+00
1.795178652953930865e+00
1.648175804108725107e+00
1.558356557588732372e+00
1.908605339031698378e+00
1.573171399483191735e+00
1.889316007905806449e+00
2.020723217691976714e+00
2.029008722201931736e+00
1.692994145979216158e+00
1.717766735453181148e+00
1.489354474855936639e+00
1.328573677534444997e+00
1.494118117480823349e+00
1.935715588540469767e+00
1.762416431325876776e+00
1.761861620420140273e+00
1.945547055854136786e+00
2.095491805706220401e+00
2.083638104663964263e+00
2.182147914997738081e+00
2.340385376773264525e+00
2.038843918264542143e+00
2.428149168904127464e+00
2.219164779974878154e+00
2.082942374488466974e+00
2.026690810803079223e+00
2.065214122882892855e+00
1.867078076304712786e+00
2.197240549754604810e+00
1.957197800894918238e+00
2.257524560320772089e+00
1.981701852586629231e+00
1.757333274053314076e+00
1.437120365440402336e+00
1.313449847896004608e+00
1.047436762015709233e+00
1.210392853204711905e+00
1.420713285880495613e+00
1.323831421970398381e+00
1.651083894089573123e+00
2.003244396421675955e+00
2.501213777111219283e+00
2.459826304382151108e+00
2.232152244991045364e+00
1.921865187772238359e+00
1.916167069611755869e+00
1.584575320080403804e+00
1.497800918331821940e+00
1.851334016306421804e+00
1.927954687487606567e+00
1.847547921945061011e+00
1.970605326111179112e+00
1.896141827304180572e+00
2.271107037826445740e+00
2.021332547705593452e+00
2.066871345354202472e+00
2.018287514150113537e+00
2.055551650590107471e+00
1.851047334576779280e+00
2.055718056046790476e+00
1.902687266066439342e+00
1.873156983995360791e+00
1.943099054489574318e+00
1.814716556694392358e+00
1.701397280159839598e+00
1.889669012360461808e+00
1.540187827090388817e+00
1.605291506850133665e+00
2.111227926077587913e+00
2.182613124364212620e+00
1.867836708903374943e+00
1.481459929632511496e+00
1.437402046388909227e+00
1.861997593649083349e+00
1.637634046291593037e+00
1.628054995955662054e+00
1.498155097796323609e+00
1.326605467939847349e+00
1.161992431475890930e+00
1.369840452555401988e+00
1.403374811424912938e+00
1.543589959274087597e+00
1.482076894548403745e+00
1.677445314490889849e+00
2.097774967036339699e+00
2.239791664229525470e+00
2.233324409814503309e+00
1.987373405498882084e+00
2.143768617262157949e+00
1.893011028284951935e+00
2.276121049862036561e+00
1.896557463745096150e+00
1.989872280954924966e+00
1.888205562489533751e+00
2.498492645283009406e+00
2.353161939961368354e+00
2.324494854628415652e+00
2.087007988600313002e+00
2.216111862136002308e+00
2.090793862524722879e+00
2.268452657056609922e+00
2.186432355042144504e+00
1.757055278581233670e+00
1.926951924009667749e+00
1.917038045552585501e+00
2.167763959713439270e+00
1.878777950202408675e+00
1.911087004457635574e+00
1.518867385994670638e+00
1.510508389085808423e+00
1.234704704066443615e+00
1.354777624640560951e+00
1.339244213027245944e+00
1.347975986530113079e+00
1.328520289066322801e+00
1.612508892116217396e+00
1.518832850207889384e+00
1.837941958509359042e+00
1.888891733242987314e+00
1.643574047366275215e+00
1.869790535122588526e+00
1.501211865483630836e+00
1.619747532621072184e+00
1.779983066325946162e+00
1.854516933154189751e+00
1.634924688398808890e+00
1.490811888396938345e+00
1.803677619441511837e+00
2.173199772846628797e+00
2.230866904173749443e+00
2.301030634724613222e+00
2.038306554095203449e+00
2.305407875097542636e+00
2.483197628489381081e+00
2.243645370099574432e+00
2.044668619819356881e+00
1.924879666093778585e+00
1.981409228469198869e+00
1.896357688419271215e+00
1.908970380541884060e+00
1.951769328734160425e+00
1.820221611064481326e+00
1.605967155895042353e+00
1.532762942470224710e+00
1.740096029666843069e+00
1.597780209295273313e+00
1.833441078138431157e+00
1.385191538631158403e+00
1.462903824062080638e+00
1.348095488934037078e+00
1.179643022551549292e+00
1.369529709772378645e+00
1.720655142899697454e+00
1.385969744593275266e+00
1.636326487835051413e+00
1.303760494546941873e+00
1.485747598145539250e+00
1.432223922592901211e+00
1.360907325370142251e+00
1.515192506569116304e+00
1.288956484991161888e+00
1.528951885934056953e+00
1.322679639834087872e+00
1.502369417319357581e+00
1.669900331306527264e+00
1.435509194223078877e+00
1.799664574592162225e+00
1.730261982772209439e+00
1.710557537674242345e+00
2.160907848053574387e+00
1.927482895215197889e+00
1.832665977049986017e+00
2.297027168016619658e+00
2.028700439986431903e+00
1.988307831462454267e+00
2.098868033716427384e+00
2.096392118305628216e+00
2.107118371582314076e+00
1.673880908043823723e+00
2.126797473988540244e+00
2.071225965187030837e+00
1.912316900256229246e+00
1.866753692955410715e+00
1.981972586519910484e+00
2.078996640292233966e+00
1.869119805203587781e+00
1.928641887076988581e+00
2.138217912450399272e+00
2.127065003876037697e+00
2.014082502158975441e+00
2.005171833437151996e+00
2.188089131554761035e+00
2.077682148519222505e+00
1.985961379356347312e+00
1.885841578604923630e+00
2.260330356654579820e+00
1.873461588471358574e+00
1.388788317508615311e+00
1.795736437436858512e+00
1.702852803368488210e+00
1.528429897899771017e+00
1.391892980983234551e+00
1.282654766057869100e+00
1.480138801318552799e+00
1.794129919720576227e+00
1.946310948472053326e+00
1.610370379109813177e+00
1.862657769714514577e+00
1.747204384745894679e+00
1.717035424930974052e+00
1.737521920436298162e+00
1.515395145930778398e+00
1.541041602274784594e+00
1.311364834403223156e+00
1.257255589373448501e+00
1.238919903222778451e+00
1.304275803549888924e+00
1.217454284499874806e+00
1.189189452366632649e+00
1.262492899772925448e+00
1.218455978716884935e+00
1.965714094235173626e+00
1.980868479991721332e+00
1.820199893494743426e+00
1.253446917357537993e+00
1.213317676175850623e+00
1.476426195317601220e+00
1.736064854470219521e+00
1.868314717769116617e+00
1.719510652541142992e+00
1.442094735548312467e+00
1.581471444752565514e+00
1.560534469960940473e+00
1.754624095563032782e+00
1.522090062059630267e+00
1.482916227599101688e+00
1.260379120669875119e+00
1.583616546169265504e+00
1.691192150298049812e+00
1.625207683664329439e+00
1.853629151465594038e+00
2.063497484113645974e+00
2.031266592507877000e+00
1.956056507845087999e+00
1.643585727561879040e+00
1.971467473021866867e+00
1.733826844359993125e+00
1.798042197938882980e+00
1.594839365819151533e+00
1.626799374326556524e+00
1.840898138668781714e+00
1.873079903626179377e+00
1.763726918149231881e+00
2.084774562973874534e+00
1.953318974758843751e+00
1.672459867484932694e+00
2.169185911367779607e+00
1.932227883519131773e+00
1.693601207553045107e+00
1.880855423484357081e+00
1.903303497667435229e+00
2.112413396488261874e+00
1.956789307887144780e+00
2.075161319311070507e+00
1.936984340854121633e+00
1.628144523726246184e+00
1.595594752771089864e+00
1.417524310873313986e+00
1.277071468200942972e+00
1.521460931378176618e+00
1.567328949039889174e+00
1.889342432520125570e+00
1.386882310358426906e+00
1.504825539610020746e+00
1.610877607823048230e+00
1.454511569641167235e+00
1.445265577921915900e+00
1.143398598188518411e+00
1.250801286419993996e+00
1.143243465963271310e+00
1.453802531943906740e+00
1.328933661581620962e+00
1.639011349800499451e+00
1.497284773501017963e+00
1.400683039473708869e+00
1.492105651707795744e+00
1.828697041404541146e+00
1.837212570964797509e+00
1.781174851405576298e+00
1.982012923724716602e+00
1.798694351339462871e+00
1.666358614780849123e+00
1.564718289405936380e+00
1.475062763371084884e+00
2.004535200147319784e+00
1.914258456982016687e+00
1.573939131544521253e+00
1.642628001907538327e+00
1.520009317191842513e+00
1.596982509873509315e+00
1.493537711726382833e+00
1.405644592385223657e+00
1.213361224741650091e+00
1.322404335567669120e+00
1.547272339771128991e+00
1.773167363333084001e+00
2.246006901541698575e+00
2.125320278037269972e+00
1.753879237387976575e+00
1.770902506903525797e+00
1.778789359764066491e+00
1.873589988048566468e+00
1.524203089037239556e+00
1.493922339303533686e+00
1.398024782641057229e+00
1.454494065216333176e+00
1.600205221072398931e+00
1.423513733458949826e+00
1.472331525371007421e+00
1.372400323580688530e+00
1.577058334351103319e+00
1.986104380874082809e+00
1.769182638776293004e+00
1.811892547379568619e+00
1.571529276563343958e+00
1.330259158786500473e+00
1.198109848672942013e+00
1.379301511361163746e+00
1.319573669940587779e+00
1.408579774897908310e+00
1.306412945276548720e+00
1.253916321952335267e+00
1.583427263881403979e+00
1.391721878414162727e+00
1.828866239388339254e+00
2.052821237251703401e+00
2.176872412901129206e+00
2.212057407613104321e+00
2.262575212056233021e+00
1.994963062214681671e+00
2.562613754781397191e+00
2.629912232417102036e+00
2.087908266058585038e+00
2.010998089515619203e+00
1.703247116966966290e+00
1.671602823811457306e+00
1.929555265220185278e+00
1.839598580092820290e+00
1.865438570230133708e+00
1.765049823221501946e+00
1.604282248782790576e+00
1.386412429460528006e+00
1.650760798601519586e+00
1.934967553215697578e+00
1.928169495669067146e+00
1.780426181724098500e+00
1.490061920931600170e+00
1.451542796320582696e+00
1.619584838209231270e+00
1.698352209147292236e+00
1.897848466339665308e+00
1.974429388874169078e+00
2.177631659402664344e+00
2.038449630018723813e+00
2.741490467006457266e+00
1.964618672427929091e+00
1.802149116194147416e+00
2.087950180932932387e+00
1.864519092819695079e+00
1.650710909005265625e+00
1.688122522771970502e+00
1.766847647608702276e+00
1.264844798880490506e+00
1.348747016060080961e+00
1.695071922100857442e+00
1.575916603250036019e+00
1.401160299542168808e+00
1.419591388845308222e+00
1.705656327448819232e+00
1.697399687380031885e+00
1.729568024933992421e+00
2.104170070772166223e+00
1.813185099022411428e+00
1.808913525167086922e+00
1.373801973831471512e+00
1.486188492798839134e+00
1.909862556816174450e+00
1.981738998404546370e+00
1.557296712511319070e+00
1.967652606091283118e+00
1.820097271008038309e+00
1.907229377535325732e+00
1.512939615982049180e+00
1.638639441406556818e+00
1.648268651910417493e+00
1.412042398140578747e+00
1.454987166246387575e+00
1.463505943292659373e+00
1.515021340681284245e+00
1.664919906899524848e+00
1.767897640830451866e+00
2.160029713035869214e+00
2.333737524131169305e+00
2.488683022303745052e+00
2.422923230705327668e+00
2.039756772958015940e+00
1.642913670059285680e+00
1.260904597358642576e+00
1.314961248098902580e+00
1.477986376572200111e+00
2.113538407328417801e+00
1.624834774121625802e+00
1.673582993411844688e+00
1.214374802198070702e+00
1.292327078299202681e+00
1.486980292065364306e+00
1.807361794109057618e+00
1.608067820460487241e+00
2.132155282572927302e+00
1.910801340897725131e+00
2.046951119528630958e+00
1.788278760967555003e+00
1.941674126575231085e+00
1.972985373107392526e+00
1.923243562502774395e+00
1.862661069801342384e+00
1.586774375114765601e+00
1.734401540136853548e+00
1.907761426903485047e+00
1.410868030098637593e+00
1.405367993349602385e+00
1.476325749872954951e+00
1.759979381553932187e+00
1.883730408836251646e+00
1.697722644128226710e+00
1.381312156369685296e+00
1.715616892835773122e+00
1.340817785921840422e+00
1.903377583582802401e+00
1.593961023269856447e+00
1.453716664693359917e+00
1.607828396464827225e+00
1.515770024276286598e+00
1.555433089045218376e+00
1.441285032000389599e+00
1.484743134581157697e+00
1.342964789421388971e+00
1.246281755084886367e+00
1.364233260404505543e+00
1.057161049058625846e+00
1.407692193151704352e+00
1.182527283261683548e+00
1.356314261432024715e+00
1.215133769957275955e+00
1.509610260110990643e+00
1.610573433742922056e+00
1.658460266696172525e+00
1.856500911664634490e+00
1.629022813161121519e+00
1.371173912611214796e+00
1.342290873092568670e+00
1.620309555245655453e+00
1.811278630864598060e+00
1.863256133518557123e+00
1.278259508386855314e+00
1.527014167103831532e+00
1.528394516106074130e+00
1.347564892191225994e+00
1.472675906311021299e+00
1.571340728861549074e+00
1.602298614136371313e+00
1.372291008156515613e+00
1.409585612671695243e+00
1.238821997770237271e+00
1.365922078762496383e+00
1.364216414217430451e+00
1.344811304536056351e+00
1.236608155878963666e+00
1.563202193374941373e+00
1.876794667326542765e+00
1.604398815778238507e+00
1.552081453365016461e+00
1.632655242566762199e+00
1.665386607382052908e+00
1.538159700353049830e+00
1.589149268592492614e+00
1.468289836074072596e+00
1.928231899723000353e+00
2.086659487181708794e+00
2.200916213847732283e+00
2.084287826613109740e+00
1.930733585826260867e+00
2.382879604031749032e+00
1.864857401122842040e+00
1.763106061919313738e+00
1.918673098321603820e+00
2.404265298864676659e+00
2.226539956330714443e+00
1.869612441467223052e+00
1.760077517708527495e+00
1.715248822265450279e+00
1.481339728555881363e+00
2.001702922579379429e+00
2.072034559261384690e+00
2.115322178295411248e+00
2.286101281459274048e+00
2.345399207791351692e+00
2.006057307433055215e+00
1.956829643082871772e+00
1.579970426685182616e+00
1.574983147338983036e+00
1.818311241651078269e+00
1.772392467283801842e+00
1.863425786066491785e+00
1.410988745606094774e+00
1.560283561689743692e+00
1.364254876869375854e+00
1.623244061135157956e+00
2.021028794638204840e+00
1.713970595922556406e+00
2.294508396183640553e+00
1.993651902607851412e+00
1.912392927949396970e+00
1.959723933264058138e+00
2.127544352652158022e+00
2.299277837072892350e+00
1.648720106915612993e+00
1.470819993399923531e+00
1.456821387494945164e+00
1.407239832792418932e+00
1.699923127546510315e+00
1.691266815103596999e+00
1.882985861933794469e+00
2.118044580790396481e+00
1.909475692513372458e+00
1.979160005835459701e+00
2.405000205156738513e+00
2.449711792999403226e+00
1.449203299848461413e+00
1.519246857157787289e+00
1.620302789278948996e+00
1.721783147485991705e+00
1.817668263472000945e+00
1.842492480436202840e+00
2.066576791119834944e+00
1.940559391425624058e+00
1.251447211704565410e+00
1.216480679524565289e+00
1.162817615806837512e+00
1.237869893461574389e+00
1.148889378498719749e+00
1.362575310017629437e+00
1.445491560306978007e+00
1.499202087791089211e+00
1.355654008598762505e+00
1.222654069629871554e+00
1.331838275649329884e+00
1.208408224615931781e+00
1.319968684891622335e+00
1.371328892588930204e+00
1.429804851552530787e+00
1.672346911406655812e+00
1.702839113134352544e+00
1.566705878703947397e+00
1.695292967150317409e+00
2.334590850754524993e+00
1.893034057858361541e+00
1.841005371116787970e+00
1.805324055843570363e+00
1.513515711350718274e+00
1.650848842632045566e+00
2.076475472633771968e+00
2.162072388890575514e+00
2.304750669568269572e+00
1.480952535483952559e+00
1.413015050363193303e+00
1.486747403670869438e+00
1.328568498661820030e+00
1.512510654759341211e+00
1.381890326894661403e+00
1.471286426251432022e+00
1.732339925189705587e+00
1.757378560261573686e+00
2.110426044338028717e+00
2.080617632061114719e+00
1.890459495095791143e+00
1.671529343761971376e+00
1.710064364670503156e+00
1.994833328766989489e+00
2.232700295298457149e+00
2.062888885829056385e+00
2.068277910305647449e+00
1.495123204725367749e+00
1.392843881528327721e+00
1.245852920612220638e+00
1.304312047514054829e+00
1.589977002214370883e+00
1.553784400719365077e+00
1.601474207364796065e+00
1.541101704259190353e+00
1.471660203934706423e+00
1.367461204730053836e+00
1.587969021380026380e+00
1.217314737156197646e+00
1.143336273433400052e+00
1.230364412640905680e+00
1.502740185238134352e+00
1.471341591971687679e+00
1.365652198027981878e+00
1.262599165602440898e+00
1.164571110598828785e+00
1.313300153471101073e+00
1.368818331244509467e+00
1.395029000958658560e+00
1.895859160829055590e+00
1.359715639136746645e+00
1.279868312169112787e+00
1.216675438480215643e+00
1.423989394528123453e+00
1.568094018396293921e+00
2.296934016274159607e+00
2.023823140707692758e+00
2.171847473811446161e+00
1.813920767244338483e+00
1.736187906145086890e+00
1.437679960180534344e+00
1.136908607974933982e+00
1.285740146321693311e+00
1.590341869888852511e+00
1.730496165656077112e+00
1.794730802455521745e+00
1.673331159843564508e+00
2.011327851191777594e+00
1.781576135793157212e+00
1.938647858338731655e+00
1.902403105832294106e+00
1.859359853104812110e+00
2.062840115493295379e+00
1.897577535685290417e+00
2.237640334160988953e+00
2.305756232562649277e+00
1.928976316043231165e+00
1.901782759426202674e+00
1.852755672753582772e+00
1.825321756322090483e+00
1.717197687931681926e+00
1.552395419002131405e+00
1.551400711447262104e+00
1.785282386449946079e+00
1.466854196006008415e+00
1.117211115935216048e+00
1.413421324922750522e+00
1.471184771633318844e+00
1.603557706365308810e+00
1.148217478867697761e+00
1.239656675392596163e+00
1.490488554563314638e+00
1.425392142174363830e+00
1.646611897887634957e+00
1.627286730980538554e+00
1.708833593258734185e+00
1.876416474151578972e+00
1.427096207229195057e+00
1.514785214250472523e+00
1.321275527084040835e+00
1.174860864407019090e+00
1.467739639622214654e+00
1.591406911713350025e+00
1.665608555948801417e+00
2.143746722866775478e+00
2.247732884095544836e+00
1.996525318683177064e+00
1.786261727676451416e+00
1.509690242998371179e+00
1.397739823823171301e+00
1.162969298405071017e+00
1.380085255282601064e+00
1.302190236784765087e+00
1.448896575193397318e+00
2.126783244416290408e+00
1.818558819795589532e+00
1.854691797483748905e+00
2.106866120910529272e+00
1.892863974849857245e+00
1.937460131593502499e+00
1.682171951678818722e+00
1.882909167763065161e+00
2.077626750905538167e+00
2.155773131747593219e+00
2.136428929743693139e+00
2.255726723603534101e+00
2.303960143223887869e+00
2.017577437779665583e+00
2.325991111594264638e+00
2.173971742752857761e+00
1.940303327575225723e+00
2.006457694613924314e+00
1.772118470607916496e+00
1.986342992474287916e+00
1.800177339747763838e+00
1.511623494446042049e+00
1.721290958902410129e+00
1.921878146131488441e+00
1.808689617456307408e+00
1.623069630147877751e+00
1.434899442648631229e+00
1.414557085818505033e+00
1.181310319420368016e+00
1.561879837892382383e+00
1.938083895510636978e+00
2.033277096498456338e+00
2.079605275181870105e+00
2.103814121309827367e+00
2.061246838627841083e+00
1.859371794127785193e+00
1.865545141882352098e+00
1.566480154446053152e+00
1.843413088346031348e+00
1.519780056991981043e+00
1.323598286000438051e+00
1.265755670726592008e+00
1.360750301272256602e+00
1.489775767701016163e+00
1.639010055721886516e+00
1.575845446467972311e+00
1.350028561473147981e+00
1.274134222360568947e+00
1.639778519511492894e+00
2.277266936566688660e+00
2.156137748406873111e+00
2.212767198459136164e+00
1.649339140112968227e+00
1.377747742786891827e+00
1.441344384927051081e+00
1.496404593130426175e+00
2.036465361024985654e+00
2.120682172492591278e+00
1.352969562723115082e+00
1.640526507997038808e+00
1.657018903125981213e+00
1.518239927192319705e+00
1.467336650882347993e+00
1.337785339285681996e+00
1.558171781733375116e+00
1.546921229700203071e+00
1.870876974611574539e+00
1.452902933395667562e+00
1.195812800240026119e+00
1.291574671342871072e+00
1.427034871696120089e+00
1.675712838168892604e+00
1.530326304801571835e+00
1.793256564613005866e+00
1.732503716770458446e+00
1.573103500200325078e+00
1.498623165879625407e+00
1.638517964774622415e+00
1.657174341291886455e+00
1.742275932949295170e+00
1.466588820777709579e+00
1.370592517132880994e+00
1.816780421454852634e+00
2.054376936602734460e+00
1.927109611632469743e+00
1.605832553804558804e+00
1.980113422017598213e+00
2.126465033157346252e+00
1.722285780106633357e+00
1.462648145377839937e+00
1.552620729802067334e+00
1.487122491053089135e+00
2.030274911977575591e+00
1.848932992223605964e+00
2.206518476564284903e+00
1.727654282262812035e+00
1.793601518339188239e+00
1.578083543081591156e+00
1.770457420519852665e+00
1.400828508067460954e+00
1.326248223750193578e+00
1.386326117577511230e+00
1.450631877822109672e+00
1.647172436059368028e+00
2.164571127936891326e+00
2.014482908296586494e+00
2.124891833541592501e+00
2.183451212057295532e+00
1.779141082567456955e+00
2.074315486451089541e+00
1.814341511325727074e+00
2.025306483125954404e+00
2.172943212902306964e+00
1.883289441218535032e+00
1.955111055998812519e+00
1.377357923430218456e+00
1.708596787552343343e+00
2.133983237812249190e+00
1.987896577337431969e+00
2.216214383670352284e+00
2.112637544309662996e+00
1.866114327010846230e+00
2.006835592384043299e+00
1.944083768097802478e+00
1.929650929574083351e+00
1.624760780949236594e+00
1.771049889743205430e+00
1.407667447031107688e+00
1.545744379160609583e+00
1.727288739253582506e+00
1.281842504496127022e+00
1.494012476189107375e+00
1.482706268032889518e+00
1.193752948293032246e+00
1.304743421480776044e+00
1.273195427096267984e+00
1.448940018588320555e+00
1.528983801846029555e+00
1.775663418357757539e+00
2.048125314951704024e+00
2.030350376318380334e+00
1.496540825586589518e+00
1.796548637255483305e+00
2.024018536686710501e+00
1.899157619227595850e+00
1.747386447146370037e+00
2.122541706350369761e+00
1.926670879080938370e+00
1.599147925537563353e+00
1.470379548129497671e+00
1.509386762600328780e+00
1.640851277027638888e+00
1.245579100641438952e+00
1.349003641456260283e+00
1.242776453317473440e+00
1.240704235107608966e+00
1.348525973442089798e+00
1.678434620891679829e+00
1.373352998009565340e+00
1.300492028829299151e+00
1.355219287132306105e+00
1.416457939085076445e+00
1.577778482246460889e+00
1.579307333578928274e+00
1.754582559738310010e+00
1.997768696659240506e+00
1.910899984971951460e+00
1.611312272725618389e+00
1.645646414308512995e+00
1.240297049608030111e+00
1.321125255655537067e+00
1.191036329309675734e+00
1.298794564749987224e+00
1.281991442339610376e+00
1.294853705979266856e+00
1.616625686700807085e+00
1.764129670724120080e+00
1.774292100822107976e+00
1.838596980120597024e+00
1.781333636661642350e+00
1.822027909689882152e+00
1.764160084779351712e+00
1.533564614567915818e+00
1.111966007470331919e+00
1.402932894107915551e+00
1.443556662297300175e+00
1.393926047991844275e+00
1.277581858622879984e+00
1.479409226581372749e+00
1.593575805294601189e+00
1.594920819402934065e+00
1.392297971581851534e+00
1.533002686899414213e+00
1.244007411850057920e+00
1.509108578124311650e+00
1.715523384647833938e+00
1.849147481762822398e+00
1.969910044321168119e+00
1.841245757870060729e+00
1.968675457691257513e+00
1.294726074233319979e+00
1.228637934590683711e+00
1.445087716599395833e+00
1.281557079008531774e+00
1.269039276071830535e+00
1.452999396892420414e+00
1.305809709534708318e+00
1.704099670920765863e+00
1.659820561846122366e+00
1.787772765933383301e+00
2.087331657479598146e+00
2.508338878574790431e+00
2.451317439326971215e+00
2.440561055600623419e+00
2.278245799629343704e+00
2.151246348308946121e+00
1.829349912938328604e+00
1.927312372422104181e+00
2.014707695227768269e+00
1.669811571409498541e+00
1.543473844378552062e+00
1.715416986620401651e+00
1.335457153566474764e+00
1.600204113842021547e+00
1.453229167380788001e+00
1.492074521449292313e+00
1.444844207126674052e+00
1.830926509278613779e+00
1.813967945032681328e+00
1.685308205718821783e+00
1.603254779354657877e+00
1.410972413317286733e+00
1.229915173948739282e+00
1.333275610006149137e+00
1.490869745258147416e+00
1.473796306503775133e+00
1.527926751865583688e+00
1.847843432846236089e+00
1.821783788486976086e+00
2.127564347086393415e+00
2.049565494250090936e+00
1.586605160082292576e+00
1.532442638472111929e+00
1.695511167325969515e+00
1.769823186957888872e+00
1.748662202419653866e+00
1.789118451407381905e+00
1.736253138158112996e+00
1.711350762276249604e+00
1.850332980275385841e+00
1.499856307098687003e+00
1.591175428014540927e+00
1.899842726693061312e+00
1.829362250118671929e+00
1.694196029291514582e+00
1.846992322584239732e+00
1.696096835378705592e+00
2.064484333635252078e+00
2.380313603801992084e+00
2.145217862055663005e+00
2.129300590926287651e+00
2.115454875637319265e+00
2.284033996488640916e+00
1.866051060885480783e+00
2.130231178293441996e+00
2.310833994641439570e+00
2.005824768432054039e+00
1.861230609912081890e+00
2.065068100878274304e+00
1.960564399386608203e+00
1.772226013650228360e+00
1.635507381144321037e+00
1.363829295851715750e+00
1.352271942847348640e+00
1.225082875677651728e+00
1.176043624633474893e+00
1.844724294104524098e+00
2.148404497434122984e+00
2.107263644117071788e+00
2.013506454262971257e+00
2.392836607460305576e+00
2.341163706963860669e+00
2.158852813761311662e+00
1.759261304175609553e+00
1.773015574511763504e+00
1.602441654383715663e+00
1.434398825666326482e+00
1.369049614881478139e+00
1.383629250630179053e+00
1.938740907218054588e+00
2.441171553292153185e+00
2.318932007431874442e+00
2.091980382576978048e+00
2.309890516386110093e+00
2.197093277138506107e+00
1.963795879350232809e+00
2.245158743797101675e+00
2.635920884781484563e+00
2.046202304303776920e+00
2.023236642832933363e+00
2.059399961779379229e+00
2.011055648760275982e+00
2.022482968762449929e+00
2.201570115494154933e+00
2.153889262363112511e+00
2.391646928520346549e+00
1.689241894989115256e+00
1.901340522008224454e+00
2.186634386163208266e+00
1.813586966686044466e+00
1.518403436092600645e+00
1.781268541334856570e+00
1.419551830611541554e+00
1.516841241268722440e+00
1.718054216245272769e+00
1.565396777675901241e+00
1.487487220758769713e+00
1.675441084966598382e+00
2.004802065513457965e+00
1.819046528424261844e+00
1.544503199951540839e+00
1.737190440657361279e+00
1.800280084595527574e+00
1.572811679600663703e+00
1.662342734290123802e+00
1.922847157920090311e+00
1.978134406312605620e+00
2.064490977144033845e+00
2.148571812988185670e+00
2.238208693455597142e+00
2.204675179071764024e+00
2.317828679648161749e+00
2.020392347779284226e+00
1.523464322599910048e+00
2.051233060451947754e+00
1.808273008543505700e+00
1.722336073714486382e+00
1.107942407206143010e+00
1.539667877371991844e+00
1.794150223254370902e+00
1.803363806300772865e+00
2.069424008108759594e+00
1.993406138581816478e+00
1.683969709724167707e+00
1.391692619497550076e+00
1.563445192873689660e+00
1.585141315664779338e+00
1.862503512380425441e+00
1.500371261842370574e+00
1.825139832394851780e+00
2.173658196513283070e+00
1.595404268946244208e+00
1.484996594153612071e+00
1.543671050454980875e+00
1.681105321894614368e+00
1.693649606907732252e+00
1.859626715919710627e+00
1.592679890108289031e+00
1.669859851095267800e+00
1.724903056398870538e+00
2.039360833204777901e+00
1.808717098518594968e+00
2.172168409969635228e+00
1.919010392929166420e+00
2.118781406110387344e+00
2.715039918211124892e+00
1.998891861294710637e+00
2.074129910379749919e+00
1.970897920612980192e+00
1.968725430888280670e+00
1.772747567942121183e+00
1.571723025486741587e+00
1.879358905477905184e+00
1.929881591651135153e+00
1.443763013302982623e+00
1.518964862056212839e+00
1.238603394795664281e+00
1.378584707526288922e+00
1.297298721887923501e+00
1.695925719441992996e+00
1.311666694052265658e+00
1.549386537985004253e+00
1.787168257524742288e+00
1.807717229729969732e+00
1.756559658967574933e+00
1.816190830185284044e+00
1.836307930252801146e+00
1.682940605665758982e+00
1.868916615241876800e+00
1.575808262446699359e+00
1.283875460582537320e+00
1.572517313384006687e+00
1.939608337793496950e+00
1.965692648950936094e+00
2.038534952251404686e+00
2.020001159490908194e+00
1.599982093247660053e+00
1.777160422774886506e+00
1.999738203672347225e+00
1.751631017387369926e+00
1.483824372778187017e+00
1.690899895379728513e+00
1.922402614674233678e+00
1.652877004221463331e+00
1.643904281620318875e+00
1.749063254161870251e+00
1.981038811614896034e+00
1.782780013784706741e+00
1.982032363553249077e+00
1.903841784441802965e+00
1.686765797544724554e+00
1.632895500818109413e+00
1.503629440684908669e+00
1.585476834261629442e+00
1.472159752269660782e+00
1.523240875277287465e+00
1.458325519912916146e+00
1.685058511136100057e+00
1.747928254372561829e+00
2.242318393306093949e+00
2.241072067505613052e+00
2.223315205079297474e+00
2.090414723719054901e+00
1.762215103149620266e+00
2.087895052979121591e+00
2.020015562484836380e+00
2.231190918154076108e+00
1.857975705253228860e+00
2.446516437199100835e+00
2.484690938805557359e+00
2.397251287878419124e+00
2.532614009797462540e+00
2.442073681171461619e+00
2.257653593655212898e+00
2.423569847809346367e+00
2.385211478149944941e+00
1.997389820957643058e+00
1.992079716650404286e+00
1.998849714943392586e+00
1.999846667830954550e+00
1.888829493125064207e+00
1.636640047313859814e+00
1.460493802613470171e+00
1.401785386872142158e+00
1.292966804812129000e+00
1.284824408914012839e+00
1.244605618239170042e+00
1.483917672998065651e+00
2.083864433916514436e+00
1.865014897669314609e+00
1.633644226148331713e+00
1.991263483199458895e+00
1.941362790159957719e+00
1.726177320450069219e+00
1.483486391571341212e+00
1.885967500473169522e+00
2.037938408858252171e+00
1.813588578771412330e+00
1.654754986635790237e+00
1.749760414925715768e+00
1.975079325621728943e+00
2.285881477939585960e+00
1.775038724134238466e+00
1.548153844479216890e+00
1.541793015864608929e+00
1.460070470717658164e+00
1.567763627414287875e+00
1.577933410608776565e+00
1.468180647804321115e+00
1.594881920299774380e+00
1.673161787561062486e+00
1.455862272344788266e+00
2.036049333372255354e+00
2.030913778579107820e+00
2.084096164701166654e+00
1.760351390673950522e+00
2.297742229829004668e+00
2.582565764563888422e+00
1.916691627747408422e+00
1.777271896124566597e+00
1.955398825830799270e+00
2.480310174145067936e+00
2.133918060818157603e+00
2.330606484479099016e+00
2.536250062813865114e+00
1.931655938360389513e+00
1.821357583802805991e+00
1.577625183122759900e+00
1.599610057713577227e+00
1.746974415859725127e+00
1.535159142656285836e+00
1.725129150221525798e+00
1.482196289992542937e+00
1.375050840933851326e+00
1.135798683060334602e+00
1.463250475529049410e+00
1.197075263559391978e+00
1.395138154899699279e+00
1.415440379703421847e+00
1.302013441558697915e+00
1.357620750566986167e+00
1.389406663306656409e+00
1.398978559477544348e+00
1.638375530723670925e+00
1.701636703796475913e+00
1.425668991428580945e+00
1.318531567298083296e+00
9.927682789884855197e-01
1.093922064705618258e+00
1.156301692268034920e+00
1.318018774734209364e+00
1.227452709258772146e+00
1.419052461235541962e+00
9.933199573484657874e-01
1.022620072135929759e+00
1.542587591880484332e+00
1.652323572842159471e+00
1.360231837110336350e+00
1.457209917697809942e+00
1.926247242955280825e+00
1.924802619066070308e+00
1.817662135268587553e+00
1.487712966575925222e+00
2.209129536641438740e+00
2.007237349439397800e+00
2.345671498126787213e+00
1.985888271650208203e+00
2.209616883282430333e+00
2.063116196152587456e+00
1.938859652042904003e+00
1.947350167582417857e+00
1.941562072233311342e+00
2.357379333780532438e+00
2.045641820121256504e+00
1.834473213682029868e+00
1.983363508529965902e+00
2.161214394709425779e+00
2.124969519947325303e+00
2.337388399757274193e+00
1.791524371174762598e+00
2.176937244339259614e+00
2.476347131508232380e+00
1.909217978193292087e+00
1.896049297531602340e+00
1.689078635212545310e+00
1.613384871716053937e+00
1.417494384011496189e+00
1.241828817271590779e+00
1.243585564095278650e+00
1.221029038584950932e+00
1.666203067050494813e+00
2.001757803926408119e+00
2.390334056509175742e+00
2.144406377207433767e+00
2.149450292725918032e+00
1.646771978012648407e+00
2.200013425514554477e+00
1.987653468798808554e+00
2.029361401176746682e+00
2.454866927765638973e+00
1.819755121977595369e+00
1.586999065805334563e+00
1.622642186429525957e+00
1.704991675661816419e+00
1.665111448299986252e+00
1.451959618144242903e+00
1.481233019901432080e+00
1.651994311185157605e+00
1.857939167130463920e+00
2.326004355145180114e+00
2.326164285212836358e+00
2.137846074548458652e+00
2.286516566923232130e+00
2.424198411145103371e+00
2.374573391283027579e+00
2.192593922080534607e+00
2.330342711491695251e+00
2.529027993609920699e+00
2.126346957616549904e+00
1.937477173420453447e+00
2.079739642161042124e+00
1.799400348357830026e+00
1.655675120039618253e+00
1.815260161004296435e+00
1.524111054631597462e+00
1.388024742917101095e+00
1.607797220072288980e+00
1.366127553554052021e+00
1.616660288833304371e+00
1.471700362434530396e+00
1.265046880879822533e+00
1.748987552768123344e+00
1.589138082982573863e+00
1.326206129669696088e+00
1.299344469780641553e+00
1.164535968527764309e+00
1.581937347357996071e+00
1.787430245772733350e+00
2.164212031670424530e+00
1.902530810238366898e+00
1.790374530653916940e+00
2.163130695762550459e+00
1.931248464713537949e+00
1.569193058225938131e+00
1.701875126782872449e+00
1.786139200745543221e+00
1.696864036267475839e+00
1.571873119260499108e+00
1.498935067942669175e+00
1.893704248201549367e+00
2.299330484350707859e+00
2.282082400789742671e+00
2.408661077594539623e+00
2.444618573846251142e+00
2.050887629995160388e+00
1.845824902014525426e+00
2.331349782079150668e+00
2.289080588673238825e+00
1.782871446295494211e+00
2.224224400067626117e+00
1.947891285536476280e+00
2.295285806440500398e+00
2.156631383835530436e+00
1.888145875109042526e+00
1.569310680992877405e+00
1.565292733659368496e+00
1.751128128515627047e+00
1.856742452558859391e+00
2.366944627707922688e+00
2.150406408966669236e+00
1.864177994594729215e+00
2.365210000263660461e+00
2.331635797923275355e+00
2.172996465745317352e+00
1.875833156493275311e+00
1.670663687320909752e+00
1.476609473709457054e+00
1.625635154896668766e+00
1.737495181603409877e+00
1.747321235876090118e+00
1.452389585246658843e+00
1.549740500166948642e+00
1.675894989668972102e+00
1.961503510482105472e+00
1.780228056631047995e+00
2.079620359465167656e+00
1.966451230827529928e+00
1.961370033649667111e+00
1.588551880086788159e+00
1.449438880662856199e+00
1.527996497807559306e+00
1.632842737493895413e+00
1.522364426687696115e+00
1.433411267875871697e+00
1.591167541694838761e+00
1.344060606502315736e+00
1.325002372960423891e+00
1.429972765322498507e+00
1.563476326637066371e+00
1.187086557229453110e+00
1.309726267307427250e+00
1.415590847452367296e+00
1.435019871442529960e+00
1.321141100853469474e+00
1.339930028432387399e+00
1.492232077590910810e+00
1.382264394120265250e+00
1.452140332317074289e+00
1.401360916248963528e+00
1.502072549079539243e+00
1.283790476112836254e+00
1.522585447956576354e+00
1.539415478955768357e+00
1.402220208646519195e+00
1.351899087087317319e+00
1.373864326301242444e+00
1.360543970367216637e+00
1.426794519738099565e+00
1.602021993323019089e+00
1.695783210331076818e+00
1.562105227375361949e+00
1.345487200020635932e+00
1.803712023366202732e+00
1.625939276310750081e+00
1.737033305614313683e+00
1.902893224255223448e+00
1.946187609100668459e+00
2.204307891693528809e+00
2.105230666798159511e+00
1.855989853670071854e+00
2.135636758014540337e+00
1.653319853133022654e+00
1.472087350185632859e+00
1.447446542287169624e+00
1.766291838420322780e+00
1.845535034529326213e+00
1.555711788235549120e+00
1.429736535534355646e+00
1.607209040318116067e+00
1.538219077001253376e+00
1.466364928478921081e+00
1.560142443101889986e+00
1.661772760442207009e+00
1.926243512414295145e+00
2.172188810510722767e+00
2.082949264692748770e+00
1.556042384741108009e+00
1.572536484332030859e+00
1.461674200379862398e+00
1.819222632031449294e+00
1.507115687078080413e+00
1.309087389764625797e+00
1.334823886947593241e+00
1.485663705216581087e+00
1.391142404915970410e+00
1.572948111506476510e+00
1.303793765870108201e+00
1.327827626831905583e+00
1.401222751602141825e+00
1.171344446282005292e+00
1.226479343226261509e+00
1.049492627557566671e+00
1.320329993110883393e+00
1.281747904989891218e+00
1.263869244662499502e+00
1.333515963811145566e+00
1.366059280367017514e+00
1.565463583841876893e+00
1.702328051809799181e+00
1.533087503760830472e+00
1.375860695158505065e+00
1.685145471806302586e+00
1.888131821926287479e+00
1.477512562052908374e+00
1.297771366070116228e+00
1.575107154590572378e+00
1.710739265630079720e+00
1.651705018991333596e+00
1.665027053492424969e+00
1.766627462775330670e+00
2.207562506689896509e+00
1.953208998919013117e+00
1.785081792970100167e+00
2.058087169932601324e+00
2.041620300093515805e+00
2.090678399513759000e+00
1.878676878556761132e+00
2.258437997125173791e+00
1.800399047546224596e+00
1.414740758377696528e+00
1.127818916200406418e+00
1.283636816673345171e+00
1.358923098333842283e+00
1.397144580781766621e+00
1.439426507878947659e+00
1.791864417359191552e+00
1.295101896730709301e+00
1.393223603459874838e+00
1.704025771826144009e+00
1.036272073140165562e+00
1.308014854947249672e+00
1.472816068690927960e+00
1.261831733104364472e+00
1.682096241859783792e+00
1.455264024505469322e+00
1.281089811885774532e+00
1.132935318391351087e+00
1.281946259369326047e+00
1.519828978267075525e+00
1.328449235055733091e+00
1.425443721041287803e+00
1.286437555069650740e+00
1.284824696410926004e+00
1.185174545691501491e+00
1.437455033281768380e+00
1.513003943457587042e+00
1.553071366312610779e+00
1.538602760849850259e+00
1.644555840817040648e+00
1.567420496988261247e+00
1.461978792028232110e+00
1.468321621849868031e+00
1.555383850219565156e+00
1.454282580885965181e+00
1.437295804432628055e+00
1.590137541672364430e+00
1.212771813997502335e+00
9.731126862133718802e-01
1.443041210399475638e+00
1.576132722143697151e+00
1.189509105771766162e+00
1.326167151312384274e+00
1.460988073254897213e+00
1.495637635271563681e+00
1.449593004992746792e+00
1.446731162098114476e+00
2.005000543610149677e+00
2.098744492861138067e+00
1.977716469220180073e+00
1.764547550591150982e+00
1.517430195268607784e+00
1.640843134958869687e+00
1.533797859490682702e+00
1.552236803134640075e+00
1.452613900106354938e+00
1.134513821998414329e+00
1.280863464655206840e+00
1.654119548827162722e+00
1.450564487517877144e+00
1.521578406706367126e+00
1.444758657834927851e+00
1.536378928297589042e+00
1.237258600115972662e+00
1.174210885075791300e+00
1.346057438680860363e+00
1.241561487434160060e+00
1.173968099059240933e+00
1.526133070689345006e+00
1.532575181138762899e+00
1.611109355853239222e+00
1.618239780140104278e+00
1.379478884670983785e+00
1.525129817355351358e+00
1.398026000355572673e+00
1.568352824481167529e+00
1.437154135511169883e+00
1.580180165198055597e+00
1.242078229011149615e+00
1.062944944010606019e+00
1.162830030680964244e+00
1.123921619010712192e+00
1.236161090645783611e+00
1.325713904835327028e+00
1.278266141907282272e+00
1.352417394327619204e+00
1.268360840518355959e+00
1.136446127912935200e+00
1.461065040843930296e+00
1.493528568931307809e+00
1.440993103948713383e+00
1.311340336120343508e+00
1.663122789192942541e+00
1.581228922896714240e+00
1.565094648119494947e+00
1.414189063102835320e+00
1.400280694394910208e+00
1.193991688995364564e+00
1.260822411253085917e+00
1.455303126583348927e+00
1.212550676843023645e+00
1.145226835593912140e+00
1.351237579909061015e+00
1.294278792537971068e+00
1.981284354624512467e+00
2.404054036822039109e+00
1.963174382795912054e+00
1.420528190570290228e+00
1.524197501727073245e+00
1.537649433536422139e+00
1.478237613214260726e+00
1.571209240698824283e+00
1.547060557453582286e+00
1.720660072636733595e+00
1.401647636868110780e+00
1.498987506782825330e+00
1.441702871488489190e+00
1.144943325005311152e+00
1.328085441954018453e+00
1.217511643375297936e+00
1.270054667196180098e+00
1.027704426914764602e+00
1.451298461017383579e+00
1.226402643557664485e+00
1.156900157127140893e+00
1.296812300574898602e+00
1.521924899625629379e+00
1.628425450389974660e+00
1.624771917769311846e+00
1.830849249140010571e+00
1.862723834954078228e+00
1.884127750810691282e+00
2.069049313396790435e+00
2.060429721247570622e+00
1.963013271856561603e+00
1.862286407034976721e+00
1.928572851576200398e+00
2.209028069524820115e+00
2.286250108847370122e+00
1.537071186760367025e+00
1.742119595821595368e+00
1.602155521868232846e+00
1.649986082848325708e+00
1.418969329632112419e+00
1.590503687263081778e+00
2.078301016547010160e+00
2.086905732683610903e+00
1.880440160712786968e+00
1.885619359986581145e+00
2.139630530937951303e+00
1.872444534362904811e+00
1.551602407921469862e+00
1.739126004547646209e+00
1.963146565174136660e+00
1.954013641865153916e+00
2.053742638657568342e+00
1.917376411362434752e+00
1.581701309960894308e+00
1.670731975609377251e+00
1.488507893279180205e+00
1.442045820231747655e+00
1.153543005645908615e+00
1.199395771599831795e+00
1.475854318595367198e+00
1.740691745767586784e+00
1.827388685564498516e+00
1.611846011432447101e+00
1.433342635162517364e+00
1.683124271978021058e+00
1.550595124969565752e+00
2.061335463331847695e+00
1.964736234980762664e+00
2.141157302783135652e+00
2.316477967962185414e+00
2.247242957029185195e+00
2.029666342761550002e+00
1.414072536664002788e+00
1.561833859079643894e+00
1.627820729486405105e+00
1.339348937310292476e+00
1.507747746209455286e+00
1.279105839004899936e+00
1.500561548903212250e+00
1.745499787473567821e+00
2.157722044996438715e+00
2.065766566820971484e+00
1.719295678586644005e+00
1.717009078736632333e+00
1.784845240137226341e+00
1.684407441139491368e+00
1.620118647397718492e+00
1.329226914657922087e+00
1.660302859389212404e+00
1.574965858259632201e+00
1.668069125812866593e+00
1.607291108883102115e+00
1.627952087601103770e+00
1.507483261728858492e+00
1.611814097571039994e+00
1.239599348227758968e+00
1.300775288659901108e+00
1.613778218819275523e+00
1.991901522386158696e+00
1.728200207350190087e+00
1.561157756437027366e+00
1.699333076040363766e+00
1.639853531109016105e+00
1.508714457954384303e+00
1.846270015290229383e+00
1.655499564721388372e+00
1.434371821908935640e+00
1.269849359379315645e+00
1.633865833553224567e+00
1.792634506307110076e+00
2.112620364085143088e+00
1.956509530153745180e+00
1.917808538277506303e+00
1.913223904250280771e+00
1.659430373313055318e+00
1.624672752478155680e+00
1.882426552540771958e+00
1.531894527449292776e+00
1.613341675570270972e+00
1.341830703937550551e+00
1.747688688045812455e+00
1.532260496767385405e+00
1.498971619878285866e+00
1.260263116992438981e+00
1.588948324167163362e+00
1.361451242730140399e+00
1.573102921870336068e+00
1.559488380097630245e+00
1.732296876776323380e+00
1.901237049218135189e+00
1.922756673259143234e+00
1.661515617197741879e+00
1.425372922160241806e+00
1.796215200884759611e+00
1.725882746681195457e+00
1.337941953540534357e+00
1.918733579058779171e+00
1.985324780348216356e+00
2.151374643309085233e+00
2.191278130878437924e+00
1.950677248426733845e+00
1.719409274830262735e+00
2.049323393819690420e+00
2.342791560580795185e+00
2.139214816407156494e+00
2.524675021496537664e+00
2.289810045858170273e+00
2.439428512529170145e+00
1.946419606903127208e+00
2.113366828093667493e+00
2.331276600494070816e+00
2.535449963143762364e+00
2.287969945605731414e+00
1.953325542262292380e+00
1.991093120343868650e+00
1.858321670452498742e+00
1.740952478817500371e+00
1.779281714756744570e+00
2.245185703527972532e+00
2.470967396084859935e+00
1.716737163528996524e+00
2.137965968692543406e+00
1.958247313309303683e+00
2.625480735701908763e+00
2.242539184328838253e+00
2.196728172387221178e+00
1.900622545104157624e+00
2.034291152271017200e+00
2.015560674126944285e+00
1.752312808643890607e+00
1.940802446157869232e+00
1.430809326769300061e+00
1.404202301399533059e+00
1.544763469284520685e+00
1.697378651265466720e+00
1.891615102038923357e+00
1.905721555219612284e+00
2.489300504505467693e+00
1.990689121816098028e+00
2.012671475348265293e+00
1.917185359594741234e+00
1.856393758451031717e+00
1.530252902626844325e+00
1.707926796689171356e+00
1.733531083294242325e+00
1.530915960705035772e+00
1.573777011567273121e+00
1.503050079702684672e+00
1.903627988021779904e+00
1.630549206783574068e+00
1.466235875044554327e+00
1.703754697030688270e+00
2.030299009285141842e+00
1.900719465346681236e+00
2.171922203345462155e+00
2.108111719427861352e+00
1.945805980532903767e+00
1.549329864343053309e+00
2.042080913185257529e+00
2.071257706666298493e+00
2.226668123267111721e+00
2.074566253699924534e+00
1.899090857751063455e+00
1.528724146069275536e+00
1.272341868108811891e+00
1.601256455446270044e+00
1.553742206655344349e+00
1.897428128711531103e+00
1.532555710504679425e+00
1.637121586598738965e+00
1.788460041530230304e+00
1.454266317062350211e+00
2.057721967062604129e+00
1.671548095567618297e+00
1.260386003631837060e+00
1.439702308221149307e+00
1.210897837598547744e+00
1.294063864779945394e+00
1.200472435959687445e+00
1.575925330463689988e+00
1.509836415032783652e+00
1.948833426121259649e+00
1.934219571088216627e+00
1.468654685682954320e+00
1.355746859299864271e+00
1.243701974780941688e+00
1.221475509869733855e+00
1.354183740567137084e+00
1.445493462268022444e+00
1.526341499397858348e+00
1.365287053815553486e+00
1.406724901465422173e+00
1.830108318029476155e+00
1.400422005278586512e+00
1.779881093788526769e+00
1.768051786752892429e+00
1.917833312589117600e+00
2.132699052962619302e+00
2.198572508309678319e+00
2.213663034544234076e+00
2.199655022179452413e+00
2.227777954115135017e+00
1.930637368804894338e+00
1.645156022317435962e+00
1.822420508028334218e+00
1.690280222820370604e+00
1.290427423597723111e+00
1.658508326832676349e+00
1.298520795746524570e+00
1.345027601091815628e+00
1.208391030700761704e+00
1.804920739534495500e+00
1.636283848914360739e+00
1.502902540452601743e+00
1.391467107717590856e+00
1.613691394600184736e+00
1.466082158918052158e+00
1.452554523489280269e+00
1.452076648621844823e+00
1.727189733638746949e+00
1.731259926881345557e+00
1.646512313644763470e+00
1.424429315067208268e+00
1.433135637267127782e+00
1.819023034558988616e+00
1.898217830438606590e+00
1.979054960164117638e+00
2.039197589020707024e+00
1.704854118661298434e+00
1.415737541951737732e+00
1.664879126768097128e+00
1.587189219659622452e+00
1.352153618409388969e+00
1.373978218858431743e+00
1.551793225490800010e+00
1.519162742211330519e+00
1.488845504529728192e+00
1.369045807754818211e+00
1.510207238158606913e+00
1.200120889155611215e+00
1.309700607929725980e+00
1.587498707313623969e+00
1.642647406462331761e+00
1.508043173935706305e+00
1.616147919038498859e+00
2.104774538211863888e+00
1.816727736012792249e+00
2.058199144720130658e+00
2.157483040651871242e+00
2.196162833529816449e+00
1.892758433917885785e+00
1.823089726640665154e+00
1.740502857952620053e+00
1.621847413659639248e+00
1.481350051752102992e+00
1.573933249030921910e+00
1.167870234903776616e+00
1.277882281057834746e+00
1.627044814731157363e+00
1.702065708764005869e+00
1.336592461158427003e+00
1.962221631072957440e+00
1.666204494222791599e+00
1.940726056962054802e+00
2.012869206904887687e+00
1.763106109464146032e+00
1.453350102999803273e+00
1.678731886699287745e+00
1.578151025956863851e+00
1.370250088345306816e+00
1.444245577099109168e+00
1.386169807203524895e+00
1.514525774390873991e+00
1.721131164012010606e+00
1.635682174515502574e+00
1.628070457331683984e+00
1.564796486608138748e+00
1.924466418472923213e+00
1.932391028351249318e+00
2.480154127426772437e+00
2.184189119589579509e+00
2.029466778367982283e+00
1.684458131009415105e+00
1.449185599459726248e+00
1.869673721158750856e+00
1.742079622559644880e+00
1.875639128176882497e+00
1.894814866293328626e+00
1.768759414825015641e+00
1.788626215089166083e+00
1.653079748021629047e+00
1.511199519211545939e+00
1.569249788814177426e+00
1.609736001592388277e+00
1.741475236424057105e+00
1.492922958632641572e+00
1.228700778726113274e+00
1.894007555244114904e+00
2.105155683227355468e+00
1.878450194021209718e+00
2.133535454856658742e+00
2.003749669800045208e+00
1.846289537611767173e+00
1.183789833537132852e+00
1.723809691064605465e+00
1.475922236403976129e+00
1.491929870341396569e+00
1.535615742137556472e+00
1.486536861224117878e+00
2.168277364899092952e+00
1.759374718146172745e+00
1.743342794488935255e+00
1.592581980376367001e+00
2.201905288930007476e+00
2.274732586057969019e+00
2.232811865883858715e+00
2.573925514619313404e+00
2.577380804450590368e+00
2.222227208627750361e+00
1.886967363202113335e+00
1.477435861674904594e+00
1.073177799854728276e+00
1.435358529836511465e+00
1.642267527788126902e+00
2.078981496742295487e+00
1.595547154695802439e+00
1.892529444073645983e+00
1.773148243856038864e+00
1.489710505556486764e+00
1.566704805590412253e+00
1.251493574197158454e+00
1.034547442232055303e+00
1.547171848118825688e+00
1.468607577311028756e+00
1.137365373313518280e+00
1.176290476406008256e+00
1.604476859573422676e+00
1.424868748841385591e+00
1.567550171006313775e+00
1.654754692055167453e+00
1.632841100352065089e+00
1.646715754971833423e+00
1.725556321748429545e+00
1.883294149969580111e+00
1.943642326241817209e+00
1.605424053889350944e+00
1.760045768636030461e+00
1.870440050455740355e+00
1.685050034841070854e+00
1.895813232052540265e+00
1.605739314905801240e+00
2.058155312708644935e+00
1.684446224363712608e+00
1.628591736570438320e+00
1.834106428092877827e+00
1.997540840767806802e+00
2.172029434714185303e+00
2.024467487612881644e+00
1.649875821294306322e+00
1.601664870209964064e+00
1.766230455817984879e+00
1.420589698098031484e+00
1.671225125478970952e+00
1.775769113680794931e+00
1.489584877521314965e+00
2.008732613427763880e+00
2.095373021192009855e+00
2.130534638880689169e+00
1.906735966808779104e+00
1.969815267118620428e+00
1.729236059259968261e+00
1.329330481006837150e+00
1.503361316010335180e+00
1.551235028882032685e+00
1.633582787370309042e+00
1.364646785953867791e+00
1.243739129629393148e+00
1.514468142216663704e+00
1.556391182474027080e+00
1.843259378233337520e+00
1.202497394932253716e+00
1.707652229826777335e+00
1.703491702783576756e+00
1.424470706236371953e+00
1.263844758405276991e+00
1.514383965030612789e+00
1.833850041780142437e+00
1.878339689215562602e+00
1.870709173791894164e+00
1.649158753074152273e+00
1.855143121245077742e+00
1.714494539126835804e+00
2.003431571934490840e+00
2.005192884734783743e+00
1.735305244541573089e+00
1.844805095152248331e+00
1.486007652611015528e+00
1.538710015792628116e+00
1.294584032188219158e+00
1.465919416274293230e+00
1.404059697438037713e+00
1.502213869394601886e+00
2.186990182561028728e+00
2.182323096887743841e+00
1.955036770322953643e+00
1.699760956933277001e+00
1.810616263671324111e+00
2.173421573868499213e+00
1.780519251589729679e+00
1.725119339221893533e+00
1.855088409832566843e+00
1.770461579267258889e+00
1.707319804341417502e+00
1.819139922565341294e+00
1.783956699513315591e+00
2.044269604113603034e+00
2.073631853672632364e+00
2.148670107499199400e+00
2.111849544984209182e+00
1.960933749188289443e+00
2.040306390266449554e+00
2.244794522190471930e+00
1.973242854857544692e+00
2.126704049209230174e+00
1.823020292663621422e+00
1.619997693375978320e+00
2.171266986517429221e+00
2.217481648167591413e+00
1.886530163455847786e+00
1.480904154246043714e+00
1.453321306438085436e+00
1.744280159231647476e+00
1.449160200295006362e+00
1.899409545399369792e+00
1.653564832408087160e+00
2.101833271283002791e+00
1.724922755302458643e+00
1.628479596249946315e+00
2.054699202616656617e+00
2.236812208178719619e+00
2.083769725141548790e+00
2.249163795928805776e+00
2.221925707565414410e+00
2.015535525729452271e+00
2.330577181480357751e+00
2.717191713107947493e+00
1.948935981273037132e+00
2.201025355767244118e+00
1.737925288504166055e+00
1.735814651236013306e+00
1.323728830037268267e+00
1.653263369370097102e+00
1.561589646863237313e+00
1.504287521065952316e+00
1.634437849981030588e+00
2.031533155134514157e+00
2.299035892193311170e+00
1.970025271748528484e+00
1.836622531168608852e+00
1.686254937320355696e+00
1.798377628653971882e+00
1.512917857216432793e+00
1.232887910886676819e+00
1.290189691128326821e+00
1.460600849848842309e+00
1.661966006031189158e+00
1.742252017005297082e+00
1.771400975184243665e+00
1.666669967422887089e+00
1.513508714910866360e+00
1.533782181616618168e+00
1.974873946779403200e+00
1.710504211398443886e+00
1.753428606043230253e+00
1.980188687361193800e+00
1.673098481959445216e+00
1.872348616678612521e+00
1.645797634822742328e+00
1.797945384875409891e+00
1.425268780000900737e+00
1.195283829465902503e+00
1.294635066362467946e+00
1.778578950706837247e+00
1.630041723638377293e+00
1.705811840576749283e+00
1.720670518002919369e+00
1.649132102779745424e+00
1.890888961193591955e+00
1.915576169622932090e+00
2.231325318592754847e+00
2.597989791596676312e+00
1.966938992368294947e+00
2.251018049586492875e+00
1.557538541939837318e+00
1.539285903021992530e+00
1.352460560462478423e+00
1.612153235072490531e+00
1.472743411839028571e+00
1.376662024230768999e+00
1.433031407033606541e+00
1.215994191716695205e+00
1.220603624637019990e+00
1.078367259752333274e+00
1.017374107237805747e+00
1.123921214174488314e+00
1.101564896047843689e+00
1.605572902694928139e+00
1.673742187112496005e+00
1.548480524395822178e+00
1.811096460635513328e+00
1.885029955539160973e+00
1.886376258222304703e+00
1.687742520966356796e+00
1.781764403408681252e+00
2.027196172634703863e+00
1.756277521542152220e+00
1.632859913404118180e+00
1.282143443735224153e+00
1.331740641916854928e+00
1.367322055849835349e+00
1.960130523779562539e+00
1.923079854129823962e+00
2.284493429029538447e+00
2.107786933147749675e+00
2.108700964733441818e+00
1.708938502000896253e+00
1.727443263778603466e+00
1.846243753798310738e+00
2.127363248249465766e+00
1.863391284401745285e+00
1.436359717292278182e+00
1.335688565432372465e+00
1.196469955395394136e+00
1.101237440958352742e+00
1.348097296297239067e+00
1.164538711468138699e+00
1.548946204623998568e+00
1.459353149577402142e+00
1.671510665599106105e+00
2.290456704109106845e+00
2.001346027745547484e+00
1.985122936507917046e+00
1.787795748906866766e+00
1.760520462883566672e+00
1.621018770658691821e+00
1.315619185208597663e+00
1.426578308904775882e+00
1.732772213663991812e+00
1.558769365460663359e+00
1.600090208497322086e+00
1.777114482785535632e+00
1.892165814850048422e+00
1.911130114952122261e+00
1.816501232230595342e+00
1.891736787224824967e+00
1.838048807191252187e+00
2.086054358031501632e+00
2.110623395102649624e+00
2.104217083207067240e+00
2.044823985104838204e+00
1.672342647217083256e+00
1.393978956821729343e+00
1.345009863250492543e+00
1.512356776688416948e+00
1.906258948352369309e+00
2.165568884890466173e+00
2.180966771661986492e+00
1.841025022852461168e+00
1.756078362672313986e+00
1.627261033042884497e+00
1.694466825954000999e+00
1.769593506193165355e+00
1.522969150728362031e+00
1.732311478159379581e+00
1.830767229926333561e+00
1.556399349632044515e+00
1.849516640942874268e+00
1.966215795262708177e+00
1.536609424456978124e+00
1.605837668184245892e+00
1.509519674030840086e+00
1.509410228398051501e+00
1.674691314483009341e+00
1.656822075046959997e+00
1.689533231502171162e+00
1.419933899764682428e+00
1.315910825793859873e+00
1.304989402961748368e+00
1.357842092458782401e+00
1.602685467800929020e+00
1.579042449280626315e+00
1.498184693619277752e+00
1.621242102769534288e+00
1.438606734052179981e+00
1.379356404745283315e+00
1.804165054719782946e+00
1.722361763150769498e+00
1.526618971991064777e+00
1.495797991715824171e+00
1.502875261444698296e+00
1.561799015517202349e+00
1.419453413784405704e+00
1.442504761074175024e+00
1.385712887925624193e+00
1.226457908932634622e+00
1.555952918170410593e+00
1.617535659196376985e+00
1.350562187577170947e+00
1.224744579194116056e+00
1.157313493289374495e+00
1.135917996636259142e+00
1.187335561839083509e+00
1.339926926751457970e+00
1.310760486085475129e+00
1.375597124781872127e+00
1.836251555536412727e+00
1.753209594983142328e+00
1.693854297119806951e+00
1.400533624435934099e+00
1.626124073467740461e+00
1.883783640793515790e+00
2.099558041939836528e+00
1.691654222246394390e+00
1.433366953558894652e+00
1.627653343946257269e+00
1.566116708222421217e+00
1.667929452365621179e+00
1.429065269014750506e+00
1.259241178738455424e+00
1.533700392640652055e+00
1.370194081915088846e+00
1.495700910038680220e+00
1.304865377117300440e+00
2.101460557267141649e+00
1.977155191017177849e+00
1.883079272502778068e+00
1.671891205199988129e+00
1.301905272121122614e+00
1.719620599321066257e+00
1.641808210808108015e+00
1.572943197790189984e+00
1.983441327879548854e+00
2.094217649491635136e+00
2.049891516950951509e+00
1.870451092601251863e+00
1.542118273211301016e+00
1.692097590853776090e+00
1.636267395529837465e+00
1.488528922973125113e+00
1.297008155980572841e+00
1.320745689600991923e+00
1.226572564001725762e+00
1.388514406276123214e+00
1.483840381959042887e+00
1.583391459032231996e+00
1.543838524465689588e+00
1.729508025478173172e+00
1.997326136906534488e+00
2.007608341275145314e+00
1.994084001872926892e+00
1.879048188183124468e+00
1.940799892449644348e+00
1.942554914241139574e+00
1.740652620947782614e+00
1.656819669411744300e+00
1.515286604385296609e+00
1.537551492358547378e+00
1.861040562585554170e+00
1.870710438673334641e+00
1.315571685284276038e+00
1.390625120936806347e+00
1.393829777818282656e+00
1.652078338858531614e+00
1.499632312789705324e+00
1.430062289077035809e+00
1.667682698516798956e+00
1.883101673195888059e+00
1.764538078946379374e+00
1.412712031292897796e+00
1.579468901078844745e+00
1.519014591617708687e+00
1.762077477299812900e+00
1.657246688708605920e+00
1.443133350586703445e+00
1.386045758679147255e+00
1.832405781065653105e+00
1.614840442760042682e+00
1.276780442354455092e+00
1.611448351117457989e+00
1.815160036835441248e+00
2.074360676503147261e+00
1.576487370703602231e+00
1.339237645957067624e+00
1.240753803324777582e+00
1.501473288723487620e+00
1.812416962309606694e+00
1.910622035431676968e+00
2.072601107808090592e+00
1.852377478234186414e+00
2.155180389731677248e+00
2.046969010209520601e+00
2.169740370249362282e+00
1.835468431347329288e+00
1.845775042269579558e+00
1.693537769310926810e+00
1.589744972049770055e+00
1.814209595270194875e+00
1.791047392062432131e+00
1.946230086233719847e+00
1.844499324016557473e+00
1.822318078084783854e+00
1.360204175959734529e+00
1.896099788656297580e+00
1.631816053256645915e+00
1.696533695919545615e+00
1.843663037968223950e+00
1.831358442219372940e+00
1.956572574231715267e+00
1.839303545577799959e+00
2.215358142451960166e+00
2.031380754456561188e+00
2.295216877220799034e+00
2.227177384650138148e+00
2.232506740536639889e+00
1.814284924471029958e+00
1.961091079995800346e+00
1.772264415850186570e+00
1.595106055001600076e+00
1.417751052252255173e+00
1.675252206511307129e+00
1.563720389269606326e+00
1.348393829865742743e+00
1.424668751542056633e+00
1.364357301573747572e+00
1.198477282324031057e+00
1.602037081723552525e+00
1.327136529717440006e+00
1.400292941055251816e+00
1.606391511176796350e+00
1.384997248562844341e+00
1.812375696356930632e+00
2.388211744326168784e+00
2.431931936241997771e+00
2.198028389490670254e+00
2.082304479970773947e+00
2.244707667480348334e+00
2.249825774522139721e+00
2.573086224912561004e+00
2.313644203327748450e+00
1.801919378865157739e+00
1.917003217894780676e+00
1.902250864822145004e+00
1.914527540408922368e+00
1.792206307260748366e+00
1.690149788221706917e+00
1.740582924062512582e+00
1.541256028415607382e+00
1.594508482281264961e+00
1.572253411296143266e+00
1.460157433641716018e+00
1.239743406859537878e+00
1.362953731887814435e+00
1.344927573140504817e+00
1.580005902413369023e+00
1.494184892573790391e+00
1.867491103841934619e+00
1.591432188449689367e+00
1.787130614425287867e+00
1.455058471273127152e+00
1.484173375817327667e+00
1.560299389401090142e+00
1.669574722603984318e+00
1.398453540050390131e+00
1.328530922247675106e+00
1.502701178722674058e+00
1.281671810426098235e+00
1.289130560062006658e+00
1.189407898788845896e+00
1.560953792941909724e+00
1.582576374474735426e+00
1.826961317597904033e+00
1.822676884040956624e+00
1.709986755983232243e+00
1.786013799684953440e+00
1.403287644628089303e+00
1.318785152793141791e+00
1.463576984441750328e+00
1.486091598413420867e+00
1.321887214787928588e+00
1.311416295230031004e+00
1.451568814579674127e+00
1.358125052358311047e+00
1.505649046935143343e+00
1.481832491028552301e+00
1.555434096529105359e+00
1.358863678988786461e+00
1.286544059332355161e+00
1.428810826505808151e+00
1.419319456208697261e+00
1.848739662576334597e+00
1.594038750343773847e+00
1.500881422547980737e+00
1.471833470884041040e+00
1.529392022463222922e+00
1.451778794728831201e+00
1.266155406460013344e+00
1.674943653972125635e+00
1.752066944534540927e+00
1.772460205816462464e+00
1.618107672681655451e+00
1.760747238919726954e+00
1.469934770163952686e+00
1.544405676165114594e+00
1.621246074691764294e+00
1.640970336805105179e+00
2.103096750773136847e+00
2.128906214819488607e+00
1.847882211038701872e+00
1.810856272558392766e+00
1.470809203507185359e+00
1.180904792271878501e+00
1.199801658480698530e+00
1.563741601046813035e+00
1.308695503694301099e+00
1.212233752066471659e+00
1.299951843351690783e+00
1.320553920864423247e+00
1.703261522521442251e+00
1.743380741907539333e+00
1.804928907195357368e+00
1.935846153166633998e+00
1.967431629873620302e+00
1.420885111596177142e+00
1.031005108334845710e+00
1.242117248475263835e+00
1.383087305049906846e+00
1.316585207694727089e+00
2.045702626137623437e+00
1.869460072310608512e+00
2.196228954642312381e+00
2.052114698061516584e+00
2.184297145399793916e+00
1.761254015762266478e+00
2.186271122793401300e+00
1.918983524670970997e+00
2.201734590653996460e+00
2.004190613605185245e+00
1.924505201423787115e+00
1.699965152133635415e+00
1.970171906499737835e+00
2.189176896199430455e+00
1.904254601130785707e+00
1.667798821000583409e+00
1.944432759434932878e+00
1.692337595513806026e+00
1.499928125168489501e+00
1.560821533044088882e+00
1.470472150036212122e+00
1.530547236861443672e+00
1.353129824900851208e+00
1.122056911028714188e+00
1.555004625187691225e+00
1.406997580500575662e+00
1.528249188091529875e+00
1.501935379689732786e+00
1.718158988865415626e+00
1.619538073830670388e+00
1.639378667596916417e+00
1.456084827660182768e+00
1.632283933987171753e+00
1.773744472336670874e+00
1.880192225619485402e+00
2.088619659756059121e+00
2.170830160126799413e+00
2.458169125477177808e+00
2.326867606399419142e+00
1.951776404489047767e+00
1.658117632570278221e+00
1.544993826290742112e+00
1.385205313887067025e+00
1.500290833562621273e+00
1.164073939447829442e+00
1.321387531983986730e+00
1.361955478081751769e+00
1.228657261628092412e+00
1.663461861594979441e+00
1.779168517663477944e+00
1.703643789157320176e+00
1.596269656044943197e+00
1.550650441002703106e+00
1.541702018887121772e+00
1.378318451661723287e+00
1.336041356301554295e+00
1.765477855768255555e+00
2.011235149685030255e+00
1.732973091152627765e+00
1.469927610369919702e+00
1.107667088093567731e+00
1.423619224034732511e+00
1.895700332778478714e+00
1.412378073965059100e+00
1.272188462833487854e+00
1.711939538763625368e+00
1.451620869621585097e+00
1.560378122891229902e+00
1.342655388351195356e+00
1.457420725029020980e+00
1.624830828485861467e+00
1.526206743523589093e+00
1.404628114625440682e+00
1.686507427520120617e+00
1.850090472039467970e+00
1.914674792539773129e+00
1.677773898081513781e+00
1.729146018996995382e+00
1.715058921337083042e+00
2.105582015341065816e+00
2.352117214331492789e+00
1.999447976266166549e+00
2.014942578714893351e+00
2.050228351686803396e+00
2.072206982048443447e+00
2.109140091742852441e+00
2.629803020389706258e+00
2.502624701959726305e+00
1.841429844322558740e+00
1.754551614524660907e+00
2.019366469555483601e+00
1.778735927891220259e+00
1.366098426915800523e+00
1.814134644067109114e+00
1.740038101823149219e+00
1.757562082368298917e+00
1.908629014901942700e+00
1.861558628499114354e+00
2.240560793885156610e+00
2.279803614169006565e+00
2.086153590620698051e+00
1.903128896313478258e+00
1.918238766106026283e+00
2.036200552338478520e+00
1.629819378704608468e+00
1.918689755971335842e+00
1.690362872962084984e+00
1.754631690481374129e+00
1.464579086971165900e+00
1.404272315413963135e+00
1.184863575631663890e+00
1.572067550562318727e+00
1.389950073002043762e+00
1.689613740748726389e+00
1.431227368289422763e+00
1.537502298962261094e+00
1.734623864376242608e+00
2.111899813195758480e+00
1.822906607605939033e+00
1.735917399600281685e+00
1.565061318383177413e+00
1.775274766381166103e+00
1.698683549654919078e+00
1.594268380473982782e+00
1.381650620137246710e+00
1.232551018468459603e+00
1.168893040466218780e+00
1.327123360833758481e+00
1.608437638535899383e+00
1.813736954202153306e+00
1.661316565878832030e+00
1.731442276198721375e+00
1.710769481075265608e+00
1.519479383669404271e+00
1.499761236197149961e+00
1.855405027503045590e+00
2.001283251208961556e+00
2.000746222346968306e+00
1.721983754747384410e+00
1.773565737572603274e+00
1.439036723550441543e+00
1.504269485518679339e+00
1.195189861720634239e+00
1.384076239273306141e+00
1.472663903759328763e+00
1.342212472623045327e+00
1.526545060540544618e+00
1.933668324561864438e+00
1.815560962814321444e+00
1.815568028467331452e+00
1.462602876834580901e+00
1.365572342455091182e+00
1.526801240385077252e+00
1.363100130624525841e+00
1.431677623548286649e+00
1.576392694138945672e+00
1.552247742235594252e+00
1.804052381390005344e+00
2.342530434043800014e+00
2.053031577289618603e+00
2.105335454570891773e+00
1.910679421258273170e+00
1.642254970424593230e+00
1.704002696578085896e+00
1.767360383699543069e+00
2.012390453729812290e+00
1.975233900046549751e+00
2.341856155578779131e+00
2.445102222106646295e+00
2.233732794931091004e+00
2.217439917205987321e+00
1.903343233497213127e+00
2.397840850757812170e+00
2.198543819973693747e+00
1.997222934286903673e+00
1.681263966253105924e+00
1.375923657840717462e+00
1.554808511469032428e+00
1.349191212101873649e+00
1.319787571978186413e+00
1.392973836855303071e+00
1.277112694104314938e+00
1.137505568198193595e+00
1.165334080107590653e+00
1.228121095547459962e+00
1.602266803346309887e+00
1.480627625288329918e+00
1.552847473615215357e+00
1.978048614863852750e+00
1.925131938034263301e+00
2.004055923692730001e+00
1.608561205961642315e+00
1.947118423776228013e+00
2.512991238674734173e+00
2.466670221941293928e+00
2.310838281610886114e+00
2.178680166557033449e+00
2.513468721561961328e+00
2.045722485852328187e+00
2.221642537832356989e+00
1.704811558014777351e+00
1.854453300211670985e+00
1.835337318229357528e+00
2.040778786100208020e+00
1.721213596058163819e+00
1.422133490527174970e+00
1.455940352841560204e+00
1.538095424990228555e+00
1.736577733881643049e+00
1.832059253366755902e+00
1.987062990204333524e+00
2.270469736896923774e+00
2.106916373271565224e+00
2.003281685783089738e+00
1.650124820954700144e+00
1.736620994879246371e+00
1.610086705242705696e+00
2.110567500501491889e+00
1.606208088053912242e+00
1.354045440843716142e+00
1.586451974363099815e+00
2.015419646335507853e+00
1.863387141356360743e+00
2.103548873603124925e+00
2.193669161138146695e+00
2.307761511199923898e+00
2.222123791967374640e+00
1.944278365537508435e+00
1.643879596020842770e+00
1.927349763606435618e+00
1.856796033224954234e+00
1.445030056103002059e+00
1.812685033003401003e+00
1.887912265896703579e+00
1.546955893642707913e+00
1.470860972295659597e+00
1.407793891297293376e+00
1.569177208449657801e+00
1.804506050698354347e+00
2.056971171462967707e+00
1.714745555653675257e+00
1.590558373140644743e+00
1.396861974898378600e+00
2.070542364881796882e+00
2.207430598291966195e+00
2.312891274849178558e+00
2.291675669863234788e+00
1.886781890248287796e+00
1.533364023918919905e+00
1.601007220463121827e+00
1.954340369082549378e+00
1.500834649198543591e+00
1.536979561257817206e+00
1.818896001600158518e+00
1.583451669688076713e+00
1.327611587116182434e+00
1.523521882109072134e+00
1.624642929487355891e+00
1.203137622616174074e+00
1.240064127510494885e+00
1.238709834516727781e+00
1.313774605186472932e+00
1.197479831909376458e+00
1.355673260867075847e+00
1.278147498767988388e+00
1.287926228557673802e+00
1.471416541106506992e+00
1.291215286840403209e+00
1.468358205053815979e+00
1.458210547852043071e+00
1.639887039609535080e+00
1.569653109673605051e+00
1.428092916162998494e+00
1.721206890770056397e+00
1.786720413185555634e+00
1.846231002591542936e+00
1.823003957474420123e+00
1.803755534996654752e+00
1.874990734632850931e+00
1.827563411360048962e+00
1.561367827731807711e+00
1.669214049752729911e+00
1.908806976462915417e+00
1.661062624969136925e+00
1.786473132456561475e+00
1.518726903026833996e+00
2.055981732735587819e+00
1.783906736383784608e+00
1.771014708304054608e+00
1.831189902858053387e+00
1.582493065020458722e+00
1.335875728475364621e+00
1.289224143759689190e+00
1.281250416571984019e+00
1.194633477359226204e+00
1.210801145305211657e+00
1.147648065208339396e+00
1.309793638488494727e+00
1.478253126942395745e+00
1.629718080194392904e+00
1.753926396858123127e+00
1.252681455354074158e+00
1.453792183146482397e+00
1.449370774635439840e+00
1.259029883256467253e+00
1.300211274649049287e+00
1.369665552138939368e+00
1.562724972105684840e+00
1.428353123256195012e+00
1.673422046091488147e+00
2.253888127556134435e+00
2.019953488164502708e+00
1.853026486078391377e+00
1.452277250115134200e+00
1.737101339890140927e+00
1.648829752629513479e+00
1.427401864044260948e+00
1.576504889283384614e+00
1.479019349613237555e+00
1.347803373855939180e+00
1.208485889978645478e+00
1.276778371540626011e+00
1.450984399915729917e+00
1.407158713106534398e+00
1.514003495286302625e+00
1.673484140965419975e+00
1.642436816446142700e+00
1.764244394985185593e+00
1.459292750761189916e+00
1.338136080392181126e+00
1.264902280891641695e+00
1.241643803460301898e+00
1.588418022532606777e+00
1.441730726783426508e+00
1.811006351028039196e+00
1.759193235486023132e+00
1.818031202786175804e+00
1.935586124045682865e+00
1.678840101616932534e+00
1.656421696654372999e+00
1.717283023597760749e+00
1.635840407305549027e+00
1.796018602283723231e+00
1.963274821155688521e+00
1.715608830563156717e+00
1.361535412296741576e+00
1.561458910623926277e+00
1.822901416341875525e+00
1.439473611580774692e+00
1.336770595457859478e+00
1.619739754165159473e+00
1.834935164388968420e+00
1.799897725452805464e+00
2.039348553854560375e+00
1.415862901089036230e+00
1.481987116315300668e+00
1.536087883852911062e+00
1.802322393939150391e+00
1.695478675678028013e+00
1.454507260496436860e+00
1.451690230241229118e+00
1.457549327640299097e+00
1.466067518329623898e+00
1.525330839963946028e+00
1.615627472222277206e+00
1.770133385160161055e+00
1.527048478831061207e+00
1.646377530478272622e+00
1.696977118751120006e+00
1.536718808040834938e+00
1.841978944798709605e+00
2.131856379853346972e+00
1.832205507662751476e+00
1.799863505868602331e+00
1.856685897505411909e+00
1.656303572804181279e+00
1.678290192707786677e+00
1.796198503021036119e+00
2.309186874193476680e+00
1.754108547488301584e+00
1.748494464459052544e+00
1.637008814565614534e+00
1.558949402442050713e+00
1.707762652967321104e+00
1.819379864313672712e+00
1.819595156626791610e+00
1.681500143300778349e+00
1.927909786296316597e+00
1.847575741962559803e+00
1.735926702860576931e+00
1.595302669714121269e+00
1.605627826422752591e+00
1.804577640664678073e+00
1.572058039876184532e+00
1.539923806191414890e+00
1.570545860388074866e+00
1.670408736041635755e+00
2.009852925459774564e+00
2.132543421531218453e+00
2.166541003679380406e+00
1.861279122181334955e+00
1.894578209061791085e+00
1.771663667955061472e+00
1.992018654591697135e+00
1.939904552623516798e+00
2.207594166514768030e+00
1.544939108266998984e+00
1.490826839696978823e+00
1.385782155028219442e+00
1.692280793988116372e+00
1.855222722852020389e+00
1.556043337824339901e+00
1.879830930744416539e+00
2.283007445260664348e+00
2.242492667849294907e+00
1.874356495160972802e+00
1.638047649364238190e+00
1.273392034840050258e+00
1.386275830174813040e+00
1.563552559246291329e+00
1.453466794558778918e+00
1.244755902330319852e+00
1.519314914402693839e+00
1.302034284784011398e+00
1.630950813177856062e+00
1.255830125615799098e+00
1.271691231764341179e+00
1.345025808320945204e+00
1.241389427309584681e+00
1.305212135572190180e+00
1.493101926862437923e+00
1.219631974889832771e+00
1.706239941549580585e+00
1.642607843567808423e+00
1.515316288730982563e+00
1.460535338328899257e+00
1.590013934625407854e+00
1.619047058704748743e+00
1.726959791389295562e+00
1.746856870139834372e+00
1.605624542630899931e+00
1.904443214330692413e+00
1.926462438022791268e+00
1.849968154722393621e+00
2.103076385034213569e+00
2.336971428105129700e+00
1.889455253605640594e+00
1.809242078057953229e+00
1.229070610472636327e+00
1.499639287416959732e+00
1.409295382354681436e+00
1.247358623064561911e+00
1.219497802270235631e+00
1.185411868565586779e+00
1.270903683053026922e+00
1.199750081352707332e+00
1.238939748473343982e+00
1.585546137256853116e+00
1.882055669454978375e+00
1.690922294528475422e+00
1.722306086358046606e+00
1.593890574582698560e+00
1.675406567267012647e+00
1.331746609895122280e+00
1.635789809369151415e+00
1.540524252998391130e+00
1.472715068691217377e+00
1.680141538840326021e+00
1.452729554622366415e+00
1.352996164096171405e+00
1.444059563687369874e+00
1.318666687918229830e+00
1.518278892325837681e+00
1.646863910865709713e+00
1.341779502139944347e+00
1.621643425150746332e+00
1.857641986589720906e+00
1.512640151022357937e+00
1.469830758486812883e+00
1.322244343719032544e+00
1.429588593961455434e+00
1.652089685876078295e+00
1.511079546641283855e+00
1.513085809624137745e+00
1.518715269797396239e+00
1.653879199535293942e+00
1.575260775557092430e+00
2.185391811409901131e+00
2.161765149258191965e+00
2.182144763048776692e+00
2.017165916696316952e+00
1.650461946984675521e+00
2.022181635080663398e+00
2.135700175421503921e+00
1.801294151532632615e+00
2.010493047685265378e+00
1.944159350215105109e+00
1.695840927319713920e+00
2.091673807869011803e+00
2.118279687954482959e+00
2.063439212789614174e+00
2.313361159010582480e+00
2.179819874004680802e+00
2.151880914870186512e+00
2.342803079275226352e+00
2.413014382162820937e+00
2.179192300966826590e+00
2.422746204805508174e+00
2.097763419406650787e+00
2.349744435923575736e+00
1.900692969170163948e+00
1.987079200474997087e+00
1.800874570178967904e+00
1.797791688899604168e+00
1.702617387392907133e+00
2.172118452752122675e+00
2.612447747049110980e+00
2.288518787571379942e+00
2.165717998693458490e+00
1.980233499527533247e+00
2.306423217303087192e+00
1.635142306018557923e+00
1.464717754320495224e+00
1.593616432679547890e+00
1.350954254078169825e+00
1.633810390554049086e+00
1.468885976996050502e+00
2.032743912007958453e+00
2.353793922812950523e+00
1.984464562980058133e+00
2.247027896819281167e+00
1.910275064259686850e+00
2.064130263444588831e+00
2.377025322340713842e+00
2.025951072765606931e+00
2.252097542241487726e+00
1.678062297324788732e+00
2.104570127823107040e+00
1.907924275065877140e+00
2.106526281038982873e+00
2.156613243062329044e+00
2.027133730174407233e+00
1.779768056101500129e+00
1.866568004257874280e+00
1.884008363594990243e+00
1.749526804798087198e+00
1.513623070482892130e+00
1.389323665175194122e+00
1.442828526956849267e+00
1.365154538603584600e+00
1.289217163656336540e+00
1.449750384214745669e+00
1.629721177599843918e+00
2.054348978477402277e+00
1.849854533201839235e+00
1.653346051105775594e+00
1.305329803242581521e+00
1.402235490331697365e+00
1.446597041297082331e+00
1.628753725229529215e+00
1.977410450267345077e+00
1.967756417387002799e+00
1.960478605798544827e+00
2.085598164470141569e+00
2.112761442423056746e+00
1.783883967309791707e+00
1.785591483693791393e+00
1.509910911321678650e+00
1.590199392471336681e+00
1.530139631333042205e+00
1.350112948828534831e+00
1.350788091553528858e+00
1.718717954831980421e+00
2.136976862969605762e+00
1.865662005043967397e+00
1.621094608555242012e+00
2.108586542992267887e+00
2.022955347581893548e+00
1.975557163956896289e+00
1.819822865776008713e+00
1.440934537387331238e+00
1.682074909333901580e+00
1.500178067384327907e+00
1.799178885221563551e+00
2.151417191677811314e+00
1.856313333601383952e+00
1.847077680363946817e+00
1.815599926327901903e+00
1.993568064275255569e+00
1.909481300788267166e+00
1.500443841353498620e+00
1.810412815221527971e+00
1.852841632518605230e+00
1.940810765495791346e+00
1.545851047621929375e+00
1.438488461749394487e+00
1.394604180186732600e+00
1.202318818830360625e+00
1.744551172884033718e+00
2.084005103078402588e+00
1.922443043519784567e+00
1.701424941076564501e+00
1.899763823953428243e+00
1.761820373344552770e+00
2.001270833414087402e+00
1.764652113816650214e+00
1.622548190173307425e+00
1.523742282329569875e+00
1.564397144711231258e+00
1.493147075601422680e+00
1.797389278300031812e+00
1.904415675843376121e+00
1.587075999768769341e+00
1.801940909857115969e+00
1.516027023527172890e+00
1.340451628899234970e+00
1.308305843960776649e+00
1.123051169009674721e+00
1.292897934594707365e+00
1.543847459485323981e+00
1.269580729193504176e+00
1.355272751014777732e+00
1.748409057814041212e+00
1.658226501451017576e+00
1.519918948862962749e+00
1.492702253182505379e+00
1.388222178711839838e+00
1.566667986547903624e+00
1.545013192725244400e+00
1.850127877345764338e+00
1.963193445949888982e+00
1.964198696794230647e+00
1.958863269478180236e+00
1.944183682149468240e+00
1.932988449431682687e+00
2.234764682547300207e+00
2.555597860281843658e+00
1.723865738216845633e+00
1.800319070520149056e+00
2.015697512919286005e+00
2.046828868043907068e+00
2.311755908589579800e+00
2.798363826828712764e+00
2.262903485984416374e+00
2.440303676008494627e+00
2.352858875917559267e+00
2.192654951020574838e+00
1.651098662531095940e+00
1.613303947498240465e+00
1.783198723309197709e+00
1.675679023131167344e+00
1.943212585091046440e+00
2.334286073944850326e+00
2.126536802616915356e+00
1.988937130653916974e+00
2.422017372747091279e+00
2.287824357604942627e+00
1.932402823270988224e+00
1.506690281641873241e+00
1.701496122632572439e+00
1.609513287596266329e+00
1.561729751210275907e+00
1.411837763193478201e+00
1.281137700623560916e+00
1.653364435079313965e+00
1.664569473128802102e+00
1.733982828111805263e+00
1.620911075186112660e+00
1.591135140810624904e+00
1.351763634992871665e+00
1.734836834200994105e+00
1.913080725090920531e+00
2.639053011775593482e+00
2.528231235184436265e+00
2.267119809948376030e+00
2.502717927514012786e+00
2.610513066690615336e+00
2.470585634311330825e+00
2.780565186787085974e+00
2.520003040540691686e+00
2.031284448984832292e+00
1.881846181412567987e+00
1.830362515596760220e+00
1.777349572072527639e+00
1.573192899029188130e+00
1.677483758325109653e+00
1.638302258009714851e+00
1.639594798483098081e+00
1.807657832323824154e+00
2.029790495254518934e+00
1.608167431463561003e+00
1.413971070575966049e+00
2.044212568456360568e+00
2.081626853188697890e+00
1.891804473548492460e+00
1.792275999266706110e+00
1.798758593328520394e+00
1.718897445039227367e+00
1.868223169793304272e+00
1.191811227001322804e+00
1.701383391565481462e+00
1.652263415322072548e+00
1.833628065100636695e+00
1.633844088299831299e+00
1.640610359055453049e+00
2.191039658114247946e+00
2.148997574680177269e+00
1.729512467621924676e+00
1.717028770849533093e+00
1.799640347181715727e+00
1.624817279721715524e+00
1.868581414850594813e+00
1.576828939706588883e+00
1.609313028350568775e+00
1.504563394795915610e+00
1.528418274457943982e+00
1.568124333919043600e+00
1.586219860895647482e+00
1.473557159163328301e+00
1.670531462003609136e+00
1.373962707901298375e+00
1.529287875061970725e+00
1.628860454771383193e+00
1.765043694643869676e+00
1.574201324490250187e+00
1.871644443063212648e+00
1.821411457274617618e+00
1.754734325484125668e+00
2.010700313559884211e+00
1.408818027193636802e+00
1.460057253329851035e+00
1.723008429325568969e+00
1.360509115875704778e+00
1.746171750331974692e+00
2.273396356217366687e+00
2.507903730926262398e+00
2.249756902747330312e+00
2.005911144398094592e+00
1.730811534610964264e+00
1.763852580852301788e+00
1.200882012430404266e+00
1.239770307735884147e+00
1.531396211040354949e+00
1.658239884013196219e+00
1.351914483135808975e+00
1.281642787957385066e+00
1.339963205278447589e+00
1.271901009011182415e+00
1.409782907985575706e+00
1.245573951274581370e+00
1.603077416788026843e+00
1.363461568669069202e+00
1.217501188253141242e+00
1.242178394867250901e+00
1.311942566519836761e+00
1.302607935822654106e+00
1.305544906470446742e+00
1.688126484901636637e+00
2.123077179380876256e+00
1.853911031513736596e+00
2.110646108496204487e+00
2.182703683106677506e+00
1.860552103389341072e+00
1.201379831787582342e+00
1.229118602183801423e+00
1.301324783821573794e+00
1.379186443384020855e+00
1.602431335377432875e+00
1.610658071474897035e+00
2.068151986957843746e+00
2.064839143834136248e+00
2.088339087729223387e+00
1.603050033083852854e+00
1.617045830188308386e+00
1.521843329586434646e+00
1.399735806187633713e+00
1.442810477198636088e+00
1.580100154100287924e+00
1.630284473546360635e+00
1.475981036546280656e+00
1.679884552604326675e+00
1.615359994064479388e+00
1.496058129645253310e+00
1.562151381170499675e+00
1.542969168044681538e+00
1.152201839384925597e+00
1.326649235876187882e+00
1.331653163452278577e+00
1.269772983788450160e+00
1.485584468529704605e+00
1.418130972268337953e+00
1.755582639638113562e+00
2.199184856201314986e+00
1.899478938085229718e+00
1.799529337248675365e+00
1.604721901536837692e+00
1.877517898454331702e+00
2.066689767287168245e+00
2.288239702546632337e+00
1.993515681426596631e+00
1.538399112926653212e+00
1.351057754500962105e+00
1.269693322847001760e+00
1.291751037760214160e+00
1.099333110987467554e+00
1.212528383591951142e+00
1.379685389597153256e+00
1.222898511178664993e+00
1.393538142441513639e+00
1.248505432269406912e+00
1.198490588640652055e+00
1.261582820843504038e+00
1.534005274926088180e+00
1.433552793115171253e+00
1.413869724159520835e+00
1.876646168142680260e+00
1.565891518591210341e+00
1.683440215210943114e+00
1.809125240789372091e+00
1.941232250240250812e+00
1.873750105509802921e+00
1.685694024063499441e+00
1.749307994538500388e+00
1.443832254034123075e+00
1.581066655011451383e+00
1.356332704124147526e+00
1.505500991409705946e+00
1.336536345303009909e+00
1.413037466737780079e+00
1.570636296274634525e+00
1.569724179382491869e+00
1.347874660683954451e+00
1.347702515344614271e+00
1.507735496970218581e+00
1.228390484949630101e+00
1.408603210826841368e+00
1.625792591247611441e+00
1.845163730365122490e+00
1.968101240412560848e+00
2.018513529316460886e+00
2.021070085599616650e+00
2.285788547819450844e+00
2.262679577875907011e+00
2.330014236364942093e+00
2.394303073932464887e+00
2.570593402574155917e+00
2.412693240233490855e+00
1.998875802757184905e+00
2.537863699708625909e+00
2.659297351776518603e+00
2.279176496073052061e+00
2.095589591915084871e+00
1.878136065503144714e+00
2.131121028298303521e+00
2.173266293671387128e+00
2.061024339261373850e+00
1.454439397455580485e+00
1.392006621085375428e+00
1.708605405099636432e+00
1.669588736774706650e+00
1.844810837680199711e+00
2.234611767077895106e+00
2.128763568744593826e+00
1.811276559724251944e+00
1.713385334306671837e+00
1.671516837652814891e+00
1.609073084930377595e+00
1.594284853010477843e+00
1.742289711170848854e+00
1.822354997782687835e+00
1.862516783531139808e+00
1.667370657603881812e+00
1.305092633040400019e+00
1.520385925654434534e+00
1.577471716405254298e+00
1.594985346101269741e+00
1.379070193592873528e+00
1.193906784967824208e+00
1.303641071387491301e+00
1.560819406031946688e+00
1.628700211017983124e+00
1.613881246284685878e+00
1.710019971830520014e+00
1.310708984739438865e+00
1.272788444216489179e+00
1.369485780348401294e+00
1.251310117310231007e+00
1.857605688335811855e+00
2.038376718928295972e+00
1.920780424018839527e+00
2.110607757596287382e+00
1.800203790443826168e+00
1.957748515307765391e+00
1.960155281205543165e+00
1.948742572330882883e+00
1.548846745065231900e+00
1.721223057855529648e+00
1.925522534271163044e+00
2.140423114207790967e+00
2.005182071875869276e+00
1.759185407707150262e+00
1.912103771786627382e+00
1.448867758813951800e+00
1.126927566916765100e+00
1.363196979252452978e+00
1.524821095947781702e+00
1.740185573524017926e+00
2.156977717696153540e+00
1.840207081094067609e+00
1.869883516217825337e+00
2.135725960425496783e+00
1.603129983113711576e+00
1.486255305477785171e+00
1.769374909599215506e+00
1.731903654468260001e+00
1.567951471862993884e+00
1.715875926143534347e+00
1.532000069131790987e+00
1.911995223143907685e+00
1.592274771638388042e+00
1.494194249280661024e+00
1.656072690079719578e+00
1.778698795952891265e+00
1.624793683120175025e+00
1.890257969263205773e+00
1.381054184103705396e+00
1.314544440278788251e+00
1.379109688734124983e+00
1.482186624774535666e+00
1.550571418908090582e+00
1.450116552493864397e+00
1.389957045746491593e+00
1.724429693238620942e+00
1.806601979005216130e+00
1.979973647798427328e+00
1.700426832218420614e+00
1.945563708950694082e+00
1.894839032421631320e+00
1.932416979901115273e+00
1.911695998191019985e+00
1.814747111014849423e+00
1.776588961539833367e+00
1.715693266298440767e+00
1.830430773789609278e+00
1.929848823099795441e+00
1.806957706146845810e+00
1.797349036470234473e+00
2.091119187907297228e+00
2.241329666788044239e+00
1.619811116889328106e+00
1.412924483242722351e+00
1.441004453369682192e+00
1.783908319046187518e+00
1.706942294812814787e+00
1.683540092002817179e+00
1.492696532514288910e+00
1.516019432481806151e+00
1.747619718757251084e+00
1.355873346287045589e+00
1.691006535014884182e+00
1.640050631108294077e+00
1.810685206849461215e+00
1.959637900224656448e+00
2.134412943920774186e+00
1.492811732558849469e+00
1.680028884548122381e+00
1.674004239650426662e+00
2.181063491927198061e+00
2.184994465698545163e+00
2.186353196463368231e+00
2.006370446551968723e+00
1.930788558360245988e+00
2.079314987481213794e+00
2.052122335114069163e+00
1.638840792743281316e+00
1.572228050870157823e+00
1.574311003175477675e+00
1.923043467746241575e+00
2.008882885963755527e+00
2.483131616399054664e+00
2.429486089570835006e+00
2.576684490919108672e+00
2.171481791561305386e+00
2.172542771693562802e+00
1.516625738613951668e+00
2.005548693229262991e+00
1.730398924235545977e+00
1.441871876204920078e+00
1.641098002539447265e+00
1.790542344657077400e+00
1.854667527163498697e+00
2.075609831007483308e+00
2.156512858664378030e+00
1.964157127168187245e+00
1.732214348387662639e+00
1.585831746103983697e+00
1.480157059128098807e+00
1.490276349278267354e+00
1.128100051735743348e+00
1.444313569435867750e+00
1.490837227728633696e+00
1.619910349867336397e+00
1.679480281003593367e+00
1.650138058807437691e+00
1.699432473548731615e+00
1.743966291524231993e+00
1.719113013984465033e+00
2.025123233765409481e+00
1.887566824750916528e+00
1.920883834485278996e+00
1.624147295863569873e+00
1.533929825896480637e+00
1.669965506210797646e+00
1.774356818296982885e+00
1.474349319215392917e+00
1.528147982979389585e+00
1.282586470151118485e+00
1.488309269260958523e+00
1.307369162599921530e+00
1.457077639493772336e+00
1.461646440178405504e+00
1.547777021366436578e+00
1.991084438060165329e+00
2.148911817944961999e+00
2.227424576792198518e+00
2.127256144924689618e+00
1.739385709796771984e+00
2.074258489892357726e+00
1.825424181884215846e+00
1.966886581890630259e+00
2.158402414757378818e+00
2.112523537867132983e+00
2.065326031568485821e+00
2.275698439758156777e+00
2.024070626228938075e+00
1.941209272547781417e+00
2.115744831339287035e+00
2.144383808797811763e+00
1.492990755152103999e+00
1.479427636311177352e+00
1.542822592472145704e+00
1.932327977438681899e+00
1.788464455840033995e+00
1.619787190679678801e+00
1.375240709434288666e+00
1.514379146008481669e+00
1.848983784974326028e+00
1.639110781098965575e+00
1.667465668604889206e+00
1.365730202625512701e+00
1.854835352262284687e+00
1.759039621811099074e+00
1.547569984446480085e+00
1.873325180387875877e+00
2.193084785095885891e+00
1.651014426385198464e+00
1.711359870892862789e+00
1.848696182291083678e+00
1.732973615165590564e+00
1.801819733055967099e+00
1.686326217434204411e+00
1.600769877672977959e+00
1.632321502780360367e+00
2.175493439731481793e+00
1.866818091815740432e+00
2.186090697376111613e+00
2.099930835231211379e+00
2.069198501578193738e+00
2.310920630364381889e+00
2.305413235394743410e+00
2.588313388222394096e+00
1.605965275612547094e+00
1.609951291353400427e+00
1.305569609724059221e+00
1.508187582604216814e+00
1.491438831146995936e+00
1.385120889901666041e+00
1.341558701673651655e+00
1.332592115221203022e+00
1.710215072271280778e+00
1.638456438882849087e+00
1.398414716687924830e+00
1.907440745434579643e+00
1.903776458188457088e+00
1.764686225233539574e+00
1.733418752506363791e+00
1.892957854268873863e+00
1.769560536035997833e+00
1.488645596234147161e+00
1.222904825249292671e+00
1.314511984120429577e+00
1.384923999389868543e+00
1.603401305269682497e+00
1.903261738697954897e+00
1.809170577787909240e+00
1.788593069614997422e+00
1.547033963515112243e+00
1.581070585550359953e+00
1.413566551639942492e+00
1.131474377489903871e+00
1.314420879367962813e+00
1.524658056905667358e+00
1.678216036401486200e+00
1.502355009761259907e+00
1.541556552435975558e+00
1.336816734955084796e+00
1.372428014416517073e+00
1.284145981128546277e+00
1.419092343330768724e+00
1.278775051186673117e+00
1.511453296413311609e+00
1.589035858214077779e+00
1.564590993094848725e+00
1.433862186018051599e+00
1.325507849502233881e+00
1.553072930565104315e+00
1.925424237428903895e+00
1.881505641109912919e+00
1.830888092661991484e+00
1.688304415811135772e+00
2.098201952778132817e+00
1.725211802552440110e+00
1.658492887182997366e+00
1.522241901862379398e+00
1.708991737170991732e+00
1.864913517795876219e+00
1.842893885984874913e+00
2.015825562740964028e+00
1.635934585218256521e+00
1.961998174316049059e+00
1.883391121656549760e+00
2.021593577080847748e+00
1.950133995022952149e+00
2.169393642736987093e+00
2.209868693056202815e+00
1.828569775053890289e+00
1.907843686558331031e+00
2.118052772106658210e+00
2.095282068672819076e+00
2.405982244350434840e+00
2.363828675096781406e+00
2.105323446891041339e+00
1.459853710005349692e+00
2.162714039540025279e+00
2.276197395757624697e+00
2.014806057348472290e+00
1.485065271219892402e+00
1.526067676912620463e+00
1.589515069086855359e+00
1.573559440835015755e+00
1.512140848602244958e+00
1.363745016400975674e+00
1.323590546323448969e+00
1.515845999438232727e+00
1.515794995208179952e+00
1.791714066526567395e+00
1.520480687947708631e+00
1.595693814652105580e+00
1.473728381735541992e+00
1.546042475304695296e+00
1.490200488689233715e+00
1.663517275011254348e+00
1.709371034695400970e+00
1.877010347672384061e+00
1.640883172151621272e+00
1.766991773079192640e+00
2.000177506238008718e+00
1.993807711191752041e+00
2.032693214854986774e+00
1.953270166390826290e+00
1.584246191551363259e+00
1.675605427356714916e+00
1.945654503099567112e+00
2.077494382827705710e+00
2.346078208782761187e+00
1.763753902786789229e+00
1.983767055138268454e+00
1.883421933885639277e+00
2.089971185139722465e+00
2.271684888137296632e+00
2.318362561190414617e+00
2.054257940950422245e+00
1.886257260920078949e+00
2.245760815541456790e+00
2.121751800528208332e+00
1.655405411012328631e+00
1.887595811723307371e+00
1.867940138189241317e+00
1.722518715660245947e+00
1.645756432962794280e+00
1.328380897013796691e+00
1.560365012500539272e+00
1.662601977912478324e+00
1.865723123233652858e+00
1.666542108362280006e+00
1.644940965912849995e+00
1.540099777310901974e+00
1.825015508658437646e+00
1.953080084101660008e+00
1.607045576287669864e+00
1.726998133477458230e+00
1.590034154794792265e+00
1.930312949324592742e+00
1.566228895205606930e+00
1.872249849210018358e+00
1.623738792793458785e+00
1.656326942573263628e+00
1.317754156352296757e+00
1.744483593238035146e+00
1.583205379006927593e+00
1.326391325405390287e+00
1.398240473384683824e+00
1.408574991114461827e+00
1.392388819199185113e+00
1.190540289251935890e+00
1.819462102657696478e+00
2.080684957026898818e+00
2.067252510370629626e+00
2.277239328150778341e+00
2.114018970489642157e+00
2.079690192522739789e+00
2.203118234173836676e+00
2.027619562588514501e+00
1.841252065327195098e+00
2.106560296893490669e+00
1.734024131644368527e+00
1.482140522074995914e+00
1.795616381308936305e+00
1.368697772789202238e+00
1.564161079754944339e+00
1.577696775844079857e+00
1.696262969863231662e+00
1.728328829654798060e+00
1.420310065594915905e+00
2.248879057829082928e+00
2.058254728515822141e+00
2.148590569208351564e+00
2.295806829510461444e+00
2.153306498204618169e+00
2.154691660874073822e+00
2.217850523707277421e+00
1.996278883736339438e+00
1.773732218817553052e+00
1.772732438543701550e+00
1.378116143642459157e+00
1.208017221748058034e+00
1.490914614828735330e+00
1.325208011337282388e+00
1.922632087789269306e+00
1.892251140339407556e+00
1.898735783399904564e+00
1.761522216161808263e+00
1.913620516932444504e+00
2.235621513807449556e+00
1.469129693126066449e+00
1.366604376725504277e+00
1.316714326711046157e+00
1.440376128398567435e+00
1.661969297036841597e+00
1.744550488771944519e+00
1.627649367212591347e+00
1.503746393904557888e+00
1.521606898129675534e+00
1.687827249946511232e+00
1.718940241106877487e+00
1.849513810800418767e+00
1.710200864204393767e+00
1.502340128975383493e+00
1.550114231966267297e+00
1.707885240972101037e+00
1.601918051749753324e+00
1.773076209587692409e+00
1.669877110093553441e+00
1.567164260349284133e+00
1.433044329260956928e+00
1.371128598199974125e+00
1.311937630163938051e+00
1.412811819586836437e+00
1.730050307761136885e+00
1.731099271855421229e+00
1.654227193995252199e+00
1.429777310538738355e+00
1.378518425238006717e+00
1.652982409557121946e+00
1.605825715480928784e+00
1.557251102549120247e+00
1.615018384905008153e+00
2.137337787338745798e+00
1.904409794396652700e+00
1.464223412952633474e+00
1.046363292351490948e+00
1.410277303475011568e+00
1.755457177728934726e+00
1.314201752526979128e+00
1.460483765013802282e+00
1.720905633952135805e+00
1.731669677268435681e+00
1.644941768655196146e+00
1.479296752561079176e+00
2.078801380249801323e+00
2.040205456279774676e+00
2.101748766298388471e+00
2.262143654252926517e+00
2.171698810248594569e+00
1.993209229307582264e+00
1.555163523010937965e+00
1.635533147660378495e+00
1.497462567332825678e+00
2.182604507085095680e+00
1.862275018587977726e+00
2.055649632673794525e+00
1.716037880371347413e+00
2.075379180789127531e+00
1.943776989821830004e+00
1.622730281038085254e+00
1.283982371653077825e+00
1.571954123720220586e+00
1.491424976260472546e+00
1.476390191527364948e+00
1.878927116324132118e+00
1.804976340274531799e+00
1.716729309677990090e+00
1.522245058592114342e+00
1.660820501812311223e+00
1.368365086293585220e+00
1.391153914243539846e+00
1.336464726850890683e+00
1.319578789552692477e+00
1.428392958327857176e+00
1.442256051769880587e+00
1.536301480755726701e+00
1.499665948457867382e+00
1.621218053088224309e+00
1.687429281035669693e+00
1.941862028772413984e+00
1.790021099232093071e+00
2.000763891595612076e+00
1.981023168196432538e+00
2.325061069820304027e+00
2.195409916649532445e+00
2.102116410507821609e+00
2.099524387558142191e+00
2.352473109961717324e+00
2.042004943660893801e+00
1.844795575929078613e+00
2.093301279519588665e+00
1.748635809879363068e+00
1.554632637066402090e+00
1.507058313877513100e+00
1.525114527453453883e+00
1.425165616261137691e+00
1.665908073085561547e+00
2.184656143039605425e+00
1.985764092492102284e+00
2.067589215007719528e+00
1.907409486061530490e+00
1.735442685800268281e+00
1.866152196890118908e+00
2.075096464463654922e+00
2.275696848583744991e+00
2.174207478063730381e+00
2.391169945931385765e+00
2.241311406553513130e+00
2.153654032489162873e+00
2.037563924336869725e+00
1.901610100307057127e+00
2.527728252583893553e+00
2.450846208069890064e+00
2.623772097074908327e+00
2.677556725361453616e+00
1.809482229952160681e+00
1.450937801740424193e+00
1.945352315063906934e+00
1.745129072616873334e+00
2.011100903015766939e+00
1.848829252414189384e+00
1.668602742935767269e+00
1.803531682472705899e+00
1.880331065350715924e+00
2.279606301989156147e+00
2.228117116940046216e+00
2.101846412518324492e+00
1.941118890408649378e+00
2.028025960596411714e+00
2.049938846787519697e+00
2.011508538010936320e+00
2.282091102993454079e+00
2.016629896764584373e+00
2.278778717149000155e+00
1.640497857706881391e+00
1.777054161952960287e+00
1.638773272332629594e+00
1.779743964756204777e+00
1.753682815788539573e+00
1.685260121504560393e+00
1.490387630658393636e+00
1.476768329265505386e+00
1.657766777938768143e+00
1.377013020979535485e+00
1.775948806292164228e+00
1.429310002212835329e+00
1.275995481560087574e+00
1.433785059511086146e+00
1.460571782970497168e+00
1.167084188297071723e+00
1.781076293817128731e+00
1.969377309651983765e+00
1.882361181202979239e+00
1.428494759655624335e+00
1.402102739785121122e+00
1.588991741755223508e+00
1.409989339946980280e+00
1.376272187069454089e+00
1.311993855716669266e+00
1.277338874055784057e+00
1.108745794780884975e+00
1.219639978945237901e+00
1.306401167096715499e+00
1.402896216514469607e+00
1.435044240603163823e+00
1.316670264620604769e+00
1.014631848407712367e+00
1.077017703987732000e+00
1.102840859259729411e+00
1.577053912458370455e+00
2.055895342512451318e+00
2.164482195849471768e+00
1.670183788378106771e+00
1.670999107538006845e+00
1.830830059295350587e+00
2.208874917631477697e+00
1.710324066514011143e+00
1.395396888492680176e+00
1.551066839841658496e+00
1.555374791981351201e+00
1.362734174221095662e+00
1.443715519416648441e+00
1.369437979613234102e+00
1.543665181423756305e+00
1.430837978777638853e+00
1.734244011213114334e+00
2.105480506144677744e+00
1.763010607867770974e+00
1.791931745714289370e+00
1.714030241938584886e+00
1.881154125357423768e+00
1.898588327119219432e+00
1.710286369659617778e+00
1.686226409821260708e+00
1.702481037847257683e+00
2.019935412814402920e+00
1.569447094983005719e+00
1.930788254632263445e+00
2.217071159147734338e+00
1.951417930284517155e+00
1.820593347137936080e+00
1.429690934569002314e+00
1.361117152008763265e+00
1.828076859970270363e+00
1.724647771707189081e+00
1.479604508661774176e+00
1.799513367701377264e+00
1.455699854412923600e+00
1.240811656262746920e+00
1.403070737439377380e+00
1.831297926872237802e+00
1.870983979811174480e+00
1.739147602117272262e+00
1.741256219504434100e+00
1.782430107877043257e+00
1.871474069683843000e+00
1.654172814643922740e+00
1.606072675203283673e+00
1.725601594723897625e+00
1.692056108841428541e+00
1.760275566521052326e+00
1.445699250946052672e+00
1.874435475521928796e+00
2.420438508128658128e+00
2.330833368178440335e+00
2.010416964645082682e+00
2.301565967114151512e+00
2.086524948590096074e+00
2.048370035283761492e+00
2.113586852428838370e+00
1.702061877760157493e+00
1.664041374201616241e+00
1.573178480809494850e+00
1.579065888376616655e+00
1.784018404427962778e+00
1.511968186651454271e+00
1.568526980591506970e+00
1.695339686993552419e+00
1.787341676345666208e+00
1.801793450408436970e+00
1.828991372305637242e+00
1.469612671389647796e+00
1.793935916326790281e+00
1.646695383012940717e+00
1.761560772574212841e+00
1.783497931378321688e+00
1.714171209420585429e+00
1.789397371743072229e+00
2.082683449471772530e+00
1.845955172821799994e+00
1.677338959914464800e+00
1.873972398341135381e+00
1.721029576692771457e+00
1.805821419699275232e+00
1.787418630951240761e+00
2.050211184419142185e+00
1.816982331005073226e+00
1.743948043641356804e+00
1.616452783660598858e+00
1.546395026033672959e+00
1.314860988539438225e+00
1.660838332341186829e+00
1.644002808351632483e+00
1.478870115270281227e+00
1.695949017249076096e+00
1.552747985915464923e+00
1.764151546575523755e+00
1.767466497560439498e+00
1.957417700996517684e+00
1.903645465861776076e+00
1.741505576717931492e+00
1.911411379981262648e+00
2.108152797265502087e+00
1.838485504122680858e+00
2.059992070697313160e+00
2.151466591854299892e+00
1.945959462691681185e+00
1.904843085460335095e+00
2.301701777938254700e+00
2.491365657235429243e+00
2.288953574019315873e+00
1.859353258716823776e+00
1.527724686140998100e+00
1.526035424464257106e+00
1.698690685487990626e+00
1.749075084933611413e+00
1.879133503664670801e+00
1.765493139407620093e+00
2.056937845998815906e+00
2.010112976339485158e+00
2.040787110408956995e+00
2.122242907637720055e+00
2.036954862677071709e+00
1.852609331523250136e+00
2.237394539768823964e+00
1.970913816000641194e+00
2.124002530460774807e+00
1.738794922891650607e+00
1.561050599905615677e+00
1.564749756675567260e+00
1.520285070311652831e+00
1.644280352035689452e+00
1.435245077227274457e+00
1.820671145708669059e+00
1.648509273131834707e+00
1.699930373606978184e+00
1.500487866469037535e+00
1.601290508409373148e+00
1.335206865735296011e+00
1.388790637146073870e+00
1.499628575611153813e+00
1.301865696082708190e+00
1.263230876120670310e+00
1.453232299789896320e+00
1.425552578391075853e+00
1.195382756052627338e+00
1.258689178497516048e+00
1.109381843965037362e+00
1.311723583634316626e+00
1.302833507225751752e+00
1.633329021188836938e+00
1.363031832424606682e+00
1.552200536486904481e+00
1.612097819909141583e+00
1.604968723005593789e+00
1.595806450777362606e+00
1.421015472156974768e+00
1.487491573489553964e+00
1.808747658840951233e+00
1.513682249620954101e+00
1.474495035843251589e+00
1.742383127624042904e+00
1.652649695481385628e+00
1.782466337923084287e+00
1.755470266144565361e+00
1.792287428212177680e+00
2.188656531577206188e+00
1.539638703811461617e+00
1.962739149375140046e+00
1.894788340635899182e+00
1.636039239300318915e+00
1.940356731499944587e+00
1.337323118778083408e+00
1.528743357335578423e+00
1.723491684719006045e+00
1.850904770317877812e+00
2.045989140347526991e+00
1.518547626653371285e+00
1.747410332294945023e+00
2.252444301935091264e+00
1.980182362214724101e+00
2.285168778381916344e+00
1.814919850452414885e+00
1.859842351343456546e+00
1.941701654055338011e+00
1.678875580980236482e+00
2.374013833914236482e+00
2.199792258720960625e+00
2.032736034636673850e+00
2.007310444055105947e+00
1.478913826521893293e+00
1.690305518387652306e+00
1.398582588883601430e+00
1.391771923220739282e+00
1.431115411417853922e+00
1.279845383440520123e+00
1.342539474661145205e+00
1.342433363593375839e+00
1.458255236899607787e+00
1.463012756795176728e+00
1.418839561603360444e+00
1.621027281970164768e+00
1.410663604985762598e+00
1.597293723626766582e+00
1.637771950670443122e+00
2.092646097701039931e+00
1.679642820343921983e+00
1.217067718810606491e+00
1.259544630920234276e+00
1.126778374591760334e+00
1.241029409674389905e+00
1.345684116184239443e+00
1.729447006989932367e+00
1.377590926881671507e+00
1.504704181532531049e+00
1.981817000333897516e+00
1.658891402900360079e+00
1.558096992784692825e+00
1.295905921901574720e+00
1.478252121667073427e+00
1.528032980629826509e+00
1.413594229914532541e+00
1.676358426472356999e+00
1.865581463097722992e+00
1.529509478959540481e+00
1.813434086631491304e+00
1.841447496235525172e+00
1.793137995550577957e+00
1.333321146065118645e+00
1.233826542960614558e+00
1.345436497291019329e+00
1.283915305322762102e+00
1.377329381969525590e+00
1.451041051937884019e+00
1.459707457123804453e+00
1.492093156095849249e+00
1.902154789051217154e+00
1.873468130694417866e+00
1.640056695031082645e+00
1.604109471848951474e+00
1.656160939003542998e+00
1.660246950908566221e+00
1.576136427115475414e+00
1.528392669581039032e+00
1.174194209673176337e+00
1.403800172864696050e+00
1.355713713117407293e+00
1.221815793829500452e+00
1.088470084374898450e+00
1.149073849701156336e+00
1.382748746144428997e+00
1.209608707412087814e+00
1.278046105650646691e+00
1.631336682268073934e+00
1.425609835100541956e+00
1.511799945363184072e+00
1.511310016072385354e+00
1.363827794032532514e+00
1.366387142075923933e+00
1.536024578659646478e+00
1.376745260044961450e+00
1.649413478580993742e+00
1.754242657239023506e+00
1.633856051849157609e+00
1.641886167454034151e+00
1.291771018449512365e+00
1.588562913601476279e+00
2.081994914658590545e+00
2.191996068745897031e+00
2.318741551669107004e+00
2.281473421879234742e+00
2.269737178417369439e+00
2.205387243113243301e+00
2.391691473651139876e+00
2.326928834671062152e+00
2.162101865762900754e+00
2.171769057256248470e+00
1.758403701477889491e+00
1.871758626085960220e+00
2.014892308700337864e+00
2.049270604207053204e+00
2.102238661967590794e+00
2.069015240207878303e+00
2.356173258737859655e+00
2.102053945780704591e+00
1.966809639657139286e+00
1.877471849647176727e+00
2.078659866594090744e+00
2.143051227361894018e+00
1.859380476619049816e+00
1.854481870985256187e+00
1.908565891618078769e+00
2.105131344838876206e+00
2.027745366352396328e+00
2.366335798604254137e+00
2.228350380025580169e+00
2.422163059934549167e+00
2.408068763506106436e+00
2.269593001459982329e+00
2.026960676495094482e+00
1.888116492353400844e+00
2.034811440302688457e+00
1.862065272907058588e+00
1.771390793574464828e+00
1.515352793586036695e+00
1.580902499174472453e+00
1.677710521774050001e+00
1.747455032765096838e+00
1.391831114251152135e+00
1.269476119455599683e+00
1.453296573128174174e+00
2.073445556535460366e+00
1.950135626038157488e+00
1.912632546686158896e+00
2.085510518472651231e+00
2.127598055588033610e+00
2.576328574425841289e+00
2.328158034414803179e+00
2.361675298142933421e+00
2.019744530387561188e+00
2.043676932969033189e+00
1.932043718524980580e+00
2.099805181605805426e+00
2.236730314294712141e+00
2.233999163838730428e+00
2.142515539298050609e+00
2.292244079911599286e+00
2.006101581556408053e+00
1.857680001474419917e+00
1.542345987467047985e+00
1.263363276498143506e+00
1.513818810344151888e+00
1.311282347848665486e+00
1.230463366495721189e+00
1.401955084418997188e+00
1.621498026581817076e+00
1.691192162555598788e+00
1.655136544638418972e+00
1.688382561399994986e+00
1.447662816892945736e+00
1.883752425471250547e+00
1.529891529541876238e+00
1.939418442246737984e+00
1.508156757505959344e+00
1.420957108234615074e+00
1.791610486796137769e+00
1.600653055341400011e+00
1.879389398354378571e+00
2.121564490440156714e+00
1.612607296839128956e+00
1.448374236810767268e+00
1.365571875308461802e+00
1.204402698424441809e+00
1.402498150711518843e+00
1.335922325897966223e+00
1.317624414466344707e+00
1.278071397405513121e+00
1.562670094352979211e+00
1.547810052810187464e+00
1.548356398865960992e+00
1.828746711616623832e+00
1.577320663897491482e+00
1.465257767158713920e+00
2.074466024575324585e+00
2.204946463905551379e+00
2.261766879587673973e+00
2.011135729438275899e+00
1.390675282618701658e+00
1.197643347319069740e+00
1.349110338542832466e+00
1.706697286739751407e+00
1.612978182227225776e+00
1.294423531168358288e+00
1.634609757890939097e+00
1.320270386998437129e+00
1.309343615907702096e+00
1.537838237372523675e+00
1.523363854192440137e+00
2.160990682595073320e+00
1.858973839276198747e+00
1.857559049158126641e+00
1.616140827367828825e+00
1.778103378671462842e+00
1.854010784838703074e+00
1.677010152887136840e+00
1.880184269202712644e+00
2.088893865049791909e+00
2.033795629639221669e+00
2.326093773271906695e+00
1.967540218895661219e+00
1.562110567584046983e+00
1.675990541174583903e+00
1.244944043308677140e+00
1.066234023209495785e+00
1.219067514754244907e+00
1.842363162289277545e+00
1.644544412442121573e+00
1.617596520050344822e+00
1.520719306354002320e+00
1.300847530292314147e+00
1.444001182738482214e+00
1.663978188535106817e+00
1.372790732663747626e+00
1.380848210446393720e+00
1.177920362523377174e+00
1.241171072736998227e+00
1.283260601918231991e+00
1.106862731276681666e+00
1.409248898482153400e+00
1.350380051727884334e+00
1.193759238276379975e+00
1.337401231295686443e+00
1.483298710917146934e+00
1.283154645892793821e+00
1.435529496188145737e+00
1.614787193358973916e+00
1.837402713924691788e+00
1.747763761057205434e+00
1.629318727629156527e+00
1.780034400711199893e+00
2.161579219750841663e+00
2.066357836589531427e+00
2.205794737449568110e+00
2.163095785447384678e+00
2.018159266054679879e+00
2.110123209440041503e+00
1.695882728442323684e+00
1.642753118004381285e+00
1.563503002090536498e+00
1.903540722021285880e+00
1.868366803285410604e+00
2.079398446394840949e+00
2.066968729636351476e+00
1.663960078008094756e+00
1.803665414221816476e+00
1.768689297515434022e+00
1.337106691200302233e+00
1.585278936671017824e+00
1.442523938727738653e+00
1.478632130440671766e+00
1.431760672263727940e+00
1.329561336953062112e+00
1.414650486831588339e+00
1.391326132006062588e+00
1.718759062978610919e+00
1.707312919566166265e+00
1.779143606555629864e+00
1.746560249183952696e+00
2.199911805956320077e+00
2.181684227217062233e+00
2.205752856644668025e+00
1.874836100965919350e+00
1.948540922691402999e+00
1.986409942542809892e+00
1.960633749813808002e+00
1.788997429396134597e+00
2.301943943859431130e+00
1.961370053812655279e+00
1.991130525994719846e+00
2.456961737084934594e+00
2.159958898108314429e+00
2.212267272459834011e+00
2.226431308666291908e+00
2.018003500801023531e+00
2.176638555423046295e+00
1.971782854820467890e+00
1.587633180432587388e+00
1.791844781377174289e+00
1.915153748403016110e+00
2.030048556463404985e+00
1.905101056332632270e+00
2.075873790385568185e+00
1.944723124071780607e+00
1.798559847865060846e+00
2.054280644539041134e+00
1.606443065228368106e+00
1.660031840928807956e+00
1.572736869078683153e+00
1.911411790484963902e+00
1.988644499626758488e+00
1.889050932543199224e+00
1.643990512428569195e+00
1.657931175339264485e+00
1.594665118252315050e+00
1.762303191257424517e+00
1.395060823388765581e+00
1.979502020061559620e+00
1.772108973413998090e+00
1.662037060310431080e+00
1.632597083872741273e+00
1.659974860521768569e+00
1.824494613193677894e+00
1.714858243830749807e+00
1.676208875355435168e+00
1.475265656547543047e+00
2.042637318968153259e+00
1.511057705158109776e+00
1.558181490597244423e+00
1.537470222948680521e+00
1.753166611727269064e+00
1.723866872576756526e+00
1.478824265910660074e+00
1.602079436496737230e+00
1.699324662852618850e+00
1.844657561850842287e+00
1.651294766179317808e+00
2.074813922202540795e+00
2.145186579845543395e+00
2.005116914097469838e+00
1.850355836864095771e+00
2.113942591593438003e+00
2.110418464468831967e+00
1.848940411572376652e+00
1.948142771679255425e+00
1.930429681232019634e+00
1.988408114297993912e+00
2.048641936583043499e+00
1.714669186500712872e+00
1.961051974513673635e+00
2.029156220107199982e+00
1.806793043244180552e+00
1.787897865606034031e+00
1.767122114385315301e+00
1.846131824063186322e+00
1.455787429201197192e+00
1.610471491406165745e+00
1.902718587744675949e+00
1.618340485392157468e+00
1.864197106387891045e+00
1.558387158553198759e+00
1.819376049025097419e+00
1.544897692407018130e+00
1.648154086750245995e+00
1.674500319260667114e+00
1.367111235648105882e+00
1.765705577472346466e+00
1.738703242876830757e+00
2.081445999126276813e+00
2.547634929121931791e+00
2.331368849400524024e+00
1.639840032936585423e+00
1.835922643226196804e+00
1.716696354872868868e+00
1.840639563185807903e+00
1.641762988354777519e+00
1.583194196595954173e+00
1.771311628394094839e+00
1.823459206731297133e+00
2.230844939973115171e+00
1.809545669392488065e+00
2.037531025676346363e+00
1.774639358368063968e+00
1.879944228056789290e+00
1.676484999339424409e+00
1.809242050470138752e+00
2.063393670267957170e+00
1.541522120715285160e+00
1.731462107300873132e+00
1.809919191034732977e+00
1.356065983986548096e+00
1.490239958309323764e+00
1.375183098640609725e+00
1.643699156405443507e+00
1.581443186178286275e+00
1.920863231425978590e+00
1.956736297267226421e+00
1.571151458424053793e+00
1.641731748919672329e+00
1.938567212826331376e+00
2.211888092219347346e+00
2.340887569668181012e+00
1.890711734712227532e+00
2.370734141455184574e+00
2.465555684723972352e+00
2.572890218650578209e+00
2.344185276821733943e+00
1.796763832547022322e+00
1.788836316920708214e+00
1.863800690174995500e+00
2.170047932100618748e+00
2.195827642526637646e+00
2.266556723908468296e+00
2.305320484085361166e+00
1.796169747101741043e+00
1.754565472990318842e+00
1.937045453437163722e+00
1.779620418260360770e+00
1.372735235435016188e+00
1.557472324612466430e+00
1.295229377987499042e+00
1.531076929198012415e+00
1.368761227214003728e+00
1.365020885692904917e+00
1.713832508495918949e+00
1.573244729631760208e+00
1.522346014619994525e+00
1.418354388436938285e+00
1.740533511579879677e+00
1.612662105958388103e+00
1.736944410037082553e+00
1.768323208528233437e+00
1.466320522614079636e+00
1.472912811014689405e+00
1.531191918356788362e+00
1.743418964363511625e+00
1.670116718681478041e+00
1.950759354185723771e+00
1.769522654696144004e+00
1.889920305566962444e+00
1.824408686347712250e+00
1.963252158561326510e+00
1.936484181936966253e+00
1.730796786644863916e+00
1.362646665514665401e+00
1.779948193910474208e+00
1.781811115875711948e+00
1.812322391736879812e+00
2.275002230888828691e+00
2.283370356909485199e+00
2.171579344298238290e+00
2.299036982390255890e+00
2.615126106194095357e+00
2.809413526649245707e+00
2.563045726288009085e+00
2.310549444633193339e+00
2.010625598546833093e+00
1.651990033376698808e+00
1.538665315441117398e+00
1.578422106129518276e+00
1.318975666413590764e+00
1.615513262964541674e+00
1.864837088770703311e+00
1.653194963177124555e+00
1.734663123933775752e+00
1.650955644603004036e+00
1.383074827989250188e+00
1.249158930819878943e+00
1.444572252073376806e+00
1.249678993503496205e+00
1.568869042208088427e+00
1.455007353583365415e+00
1.574590901972690693e+00
1.727262708449786022e+00
1.431422136600276840e+00
1.227130597629148667e+00
1.206958407127774358e+00
1.640867004859402734e+00
1.419527184666975916e+00
1.705853111463416116e+00
1.644112519748790024e+00
1.690229848950926872e+00
1.739685951327293756e+00
1.823267796704468147e+00
2.088630518024330307e+00
1.536717352185037910e+00
1.674329161212807948e+00
1.692117203200202979e+00
1.479192174938097626e+00
1.591617230314815723e+00
1.815668667113882195e+00
1.788047289605767975e+00
1.362654298299850186e+00
1.272755882806505534e+00
1.070897638391530293e+00
1.046581331887512567e+00
1.244996273148262667e+00
1.457586588275216144e+00
1.184058876903203217e+00
1.304118371983185698e+00
1.357547304223546858e+00
1.377658347646032233e+00
1.625186055682486641e+00
2.177733270435767476e+00
1.838150386679136661e+00
1.975117126175980120e+00
1.928816672824965828e+00
1.917888914210358564e+00
1.624489087626402650e+00
1.475546972785616084e+00
1.524435664963727177e+00
1.866399510696082231e+00
2.455182617654877220e+00
2.226949376972474859e+00
2.228225461304783384e+00
1.861906992654556836e+00
1.749670769019849192e+00
2.036768955313597029e+00
1.479318577210539942e+00
1.492999823186871078e+00
1.483236550378101759e+00
1.329354794671041784e+00
1.383578289240917858e+00
1.653842652829044191e+00
1.924641564597528109e+00
1.632630582483351578e+00
1.834145672721426479e+00
2.368108582237097082e+00
2.104384919899076056e+00
2.158419623686310018e+00
2.398318289564615569e+00
1.850182873165326924e+00
1.767037392859667655e+00
1.725142973992815021e+00
1.556908516205062876e+00
1.870078825007058576e+00
1.652748415650692637e+00
1.120583369269516183e+00
1.697738301973203967e+00
1.972711145209387062e+00
1.299396359688834712e+00
1.390934634211312027e+00
1.350437713587150590e+00
1.318751901493828482e+00
1.320332289277790450e+00
1.403124128258472103e+00
1.860006522111872007e+00
1.703639598525064303e+00
1.821365027104843382e+00
1.707160633124544136e+00
1.302123048695108976e+00
1.479774220648380600e+00
1.357206976123821685e+00
1.545943919519332077e+00
2.117103063371252869e+00
2.229314287399320804e+00
1.691156516368946372e+00
1.883900744347819289e+00
1.755872044834216439e+00
1.572068992220553962e+00
1.827283280136384525e+00
1.735026588412349913e+00
1.165715865725571510e+00
1.588357013770120174e+00
2.200789878296467439e+00
1.961206605676826031e+00
1.609315309124383919e+00
2.057229242895191490e+00
2.162579226207756999e+00
2.602645609439465879e+00
2.357924070290920326e+00
2.343050060895686126e+00
2.224572644002223765e+00
2.034428263328080799e+00
2.463145774319327241e+00
2.159789316404424397e+00
2.114088383049406605e+00
2.014431377941637624e+00
1.783905533826259049e+00
1.829878293722656979e+00
1.731343000694174794e+00
1.443386214484205565e+00
1.764499976564832373e+00
1.530545551149271599e+00
2.520577335901657001e+00
2.096539931904966902e+00
2.110541820119090417e+00
2.223992504208097909e+00
1.779059265690934089e+00
1.856972675714955390e+00
1.842467682905709170e+00
1.433550772035009135e+00
1.971457699794938456e+00
1.750347830165623453e+00
1.492944517806708671e+00
1.682285179410212939e+00
1.783208114757133034e+00
1.702879522425453152e+00
1.842707676359297553e+00
1.498410601332413883e+00
1.640177441396893698e+00
1.557518625390732936e+00
1.465467727575247681e+00
1.328712839017262670e+00
1.519742542200624547e+00
1.619530457158688597e+00
1.304181463568086619e+00
1.375122893487321196e+00
1.614479121391606986e+00
1.541178223747863951e+00
1.729378195273651775e+00
1.539718223449477286e+00
1.622906737938284882e+00
1.455198389504461343e+00
1.388538099783368063e+00
1.290112865421608523e+00
1.502537510104828167e+00
1.435633776696462194e+00
1.692062991864365928e+00
1.683904891073070731e+00
1.579055392907540822e+00
1.656642039355084028e+00
2.024498939370938722e+00
1.844518950716641958e+00
1.872986776580006341e+00
1.579136152250639080e+00
1.726185535548393268e+00
1.877703192764253348e+00
2.070944676832759068e+00
2.233659126544523588e+00
1.983530743475705904e+00
2.227919280011244396e+00
2.126375303469573819e+00
2.048484195904169081e+00
1.430214881602867694e+00
1.322273584692903015e+00
1.191780389673597451e+00
1.502548422142918838e+00
1.677134547331827541e+00
1.609553051409047031e+00
1.417928275998095122e+00
1.170265206133436875e+00
1.230583748728893090e+00
1.447942250589397961e+00
1.425962690320982773e+00
1.203929709481587729e+00
1.376327398001691016e+00
1.490688969544144982e+00
1.450453037403762302e+00
1.515186191397453142e+00
1.251279217554818635e+00
1.785874651884077124e+00
1.590026337710121807e+00
1.928596363314650119e+00
1.933217469299073343e+00
2.278263705949222562e+00
2.414547506710369884e+00
2.061142472423186600e+00
1.674708169322904672e+00
1.491717231402241550e+00
1.252013240545820860e+00
1.051686252713087466e+00
1.378377576105972446e+00
1.968924575957560652e+00
1.700324977184095365e+00
2.048601405471421888e+00
2.273396455917378489e+00
2.034778153311506355e+00
1.958815223331220823e+00
1.728503858470058496e+00
1.525983570360791131e+00
1.762024347479712150e+00
1.436141511610859123e+00
1.521510371950633100e+00
1.257110533384492967e+00
1.286118100213851090e+00
1.164039536343171033e+00
1.636495746030482756e+00
1.273322667831381594e+00
1.601440071374171881e+00
1.761151029822436875e+00
1.631489353906359074e+00
1.483098124700511500e+00
1.788059327818930289e+00
1.713398004376131656e+00
1.478393114533939956e+00
1.891048390168636573e+00
1.690786925293528142e+00
1.877172856229298192e+00
1.300351922779099167e+00
1.324671775131495588e+00
1.301281500396183510e+00
1.210306680531517465e+00
1.423145494883016227e+00
1.047676729419153130e+00
1.223360037227923636e+00
1.294260295734660504e+00
1.161422960240253710e+00
1.366382752767862474e+00
1.509514688135021432e+00
1.602314318897493539e+00
1.561890431450961847e+00
1.581680859024575225e+00
1.522636010020280706e+00
1.650224187379328633e+00
1.703246134186918725e+00
1.180858947113113899e+00
1.455519741519676558e+00
1.482815797671271918e+00
1.389185385903184633e+00
1.580946058849434399e+00
1.724672525461540928e+00
1.893369621923966406e+00
1.595326859603723335e+00
1.259085053197418702e+00
1.688742825741816667e+00
1.923968972855923942e+00
2.025744556337039537e+00
1.800619959927417968e+00
1.665658717253595711e+00
1.824238140769179672e+00
1.424980988727535092e+00
1.688112706633538851e+00
1.769814368500383539e+00
1.597673980433268692e+00
1.618870395784992589e+00
1.476944827102316893e+00
1.652526380589075305e+00
1.631745389902517163e+00
1.457128091922104796e+00
1.328881782408553036e+00
1.535495001212565214e+00
1.594212986401408072e+00
1.321829413951037369e+00
1.627027537723559014e+00
2.015952413066536053e+00
1.696555877407245339e+00
1.333640160916101269e+00
1.463806184279093481e+00
1.353284028148829865e+00
1.106145732502395784e+00
1.240496794563193506e+00
1.392252672830655680e+00
1.551198370781758262e+00
1.476665360182959796e+00
1.619741970126470143e+00
1.604068550982136188e+00
1.794773489811063216e+00
1.813630226843983451e+00
1.871639571149765757e+00
1.565130834121139847e+00
1.854160248579320713e+00
1.846810409786941776e+00
1.592599456624644416e+00
1.623563821944007390e+00
1.714955581961285391e+00
1.576782265129887506e+00
1.620223226918984016e+00
1.932999737159073694e+00
1.519142849731690781e+00
1.508594445066722578e+00
1.235919544119448155e+00
1.500798946212827278e+00
1.789294974848338660e+00
1.818418494711215194e+00
2.165660884447377477e+00
1.883622119685055551e+00
2.265196423581254059e+00
1.970785178077330890e+00
2.450191654566920008e+00
2.175438128305289709e+00
1.700223371772265013e+00
1.578036224457013859e+00
1.455713851657675750e+00
1.466030159171893832e+00
1.620051905870294906e+00
1.425810173956115756e+00
1.388856439130243370e+00
1.237672722436692574e+00
1.504362725124774647e+00
1.571065830177278855e+00
1.391650972004800924e+00
1.714968521351828201e+00
2.071459920359059570e+00
2.126371619695383242e+00
2.191395081674278877e+00
2.198185773299569767e+00
2.272018991485520889e+00
2.169209037743660584e+00
2.067666680948339053e+00
2.075716140813565147e+00
1.896055315032848076e+00
2.167361713868884543e+00
2.069970887104747970e+00
2.012875536816269850e+00
2.107913080905207792e+00
2.036685234782603882e+00
1.785482369767983801e+00
1.800756426309124025e+00
1.974063248157117645e+00
1.860498796332483273e+00
1.660104433114087730e+00
2.032801661253097247e+00
2.137202554461039128e+00
2.037030899923899963e+00
2.219151670079031025e+00
2.461943538437402879e+00
2.100977655416941925e+00
2.042692965668107874e+00
1.587598761862553109e+00
1.354072392130740266e+00
1.599365907240856588e+00
1.781218537025365922e+00
1.761742065602684537e+00
1.900357352597622951e+00
2.085877044073409792e+00
1.451761027357170164e+00
1.719200197645798900e+00
1.537870508275984482e+00
1.488945395927178561e+00
1.294522109086741146e+00
1.370197707895024042e+00
1.529998878792429018e+00
1.935382997403959582e+00
1.679698660422505929e+00
2.099086674458999990e+00
2.129868484557126518e+00
1.747566957771340190e+00
2.064334255568005982e+00
2.179844481562081437e+00
2.191809576065222753e+00
1.826179879935452721e+00
2.171346763809709479e+00
1.995123025396133176e+00
1.585183675172497253e+00
1.950218623247809369e+00
1.609439531839887527e+00
1.967973368631982467e+00
1.940787715489389331e+00
2.054256684536485800e+00
2.247449984075499341e+00
2.086870925902922114e+00
1.769499467285812644e+00
1.557422900859590120e+00
1.656128101983525669e+00
1.589834972206718433e+00
1.598025813449887700e+00
1.708519384851564737e+00
1.366041641392776951e+00
1.695547534265317013e+00
1.711149867958630111e+00
1.732628661274236537e+00
1.200363716611611231e+00
1.188534033066874773e+00
1.160623643964508345e+00
1.538129941131530565e+00
2.155146557754518799e+00
1.803314574602395970e+00
2.291936605797108673e+00
2.270581581934886461e+00
1.734893861765281819e+00
2.184691624353813477e+00
1.959703998195145402e+00
2.020798960732997696e+00
1.863923483046041163e+00
1.669691649325506733e+00
1.402429420802546289e+00
1.391040504170436121e+00
1.607729694638716955e+00
1.708952910865247476e+00
1.766163642345791152e+00
1.688606169187625516e+00
1.511037181639769633e+00
1.428766345123524850e+00
1.814359582136965132e+00
1.760805193438062410e+00
1.698477908309047324e+00
1.923552267311525954e+00
1.840724656898159894e+00
1.728048234947721085e+00
1.735655219133084515e+00
1.703002676099210522e+00
1.782418506651952672e+00
1.495004115592466931e+00
2.294963280679007234e+00
1.633529370604425601e+00
1.533253041311427811e+00
1.307397633044933949e+00
1.284230347351820845e+00
1.280457874194242507e+00
1.590265101694837702e+00
1.734714581184146898e+00
1.409664566810896247e+00
1.622080434574533214e+00
1.558081376569928622e+00
1.883018402596865259e+00
1.522409974732393367e+00
1.639291015399744866e+00
1.417627164631334979e+00
1.687117214432495516e+00
1.827865042939649243e+00
2.058589792192813128e+00
2.051329897367927479e+00
2.037706605301444096e+00
1.593915496920710773e+00
1.556758068817132079e+00
1.298373924703237758e+00
1.295842709832857320e+00
1.478315817623244932e+00
1.657314317527531777e+00
1.427298224481808875e+00
1.595634463432668682e+00
1.684621485132214991e+00
1.919088115709141951e+00
1.713179883914855539e+00
1.779390751537980542e+00
1.962857639593224235e+00
2.071601206368919090e+00
1.958055029709105943e+00
1.824154904532857557e+00
1.975972910195534116e+00
1.448730519406651096e+00
1.652147586970484028e+00
1.561855682711236426e+00
1.789621997459639235e+00
1.939220821606957079e+00
2.144305173183137736e+00
1.890550892189474030e+00
1.811138281757158852e+00
1.621592064204159245e+00
1.546600369791372387e+00
1.433540147130198505e+00
1.586757948609786251e+00
1.449045855714746089e+00
1.743417106448668541e+00
1.895478913290008283e+00
2.055376268858952749e+00
2.359936513609472097e+00
2.071710261524951857e+00
1.921516586912366709e+00
1.798034015434786914e+00
1.988499575306460487e+00
2.106657273910785388e+00
1.675253621932254688e+00
2.081192286096005262e+00
2.038724520614418889e+00
1.639724732968828480e+00
2.017327675509913210e+00
2.228840021134046889e+00
2.260453748645268490e+00
2.580273292695704157e+00
2.164583179351719178e+00
1.862175052291268784e+00
1.775326315720669346e+00
1.624472725014352470e+00
1.961636646199367506e+00
1.964136001362532413e+00
1.984273587335044997e+00
1.966958910449134512e+00
1.505921294172423153e+00
1.826701647289906916e+00
2.010078098347454656e+00
2.080449419122349042e+00
2.064739533814371253e+00
1.912620792022750926e+00
1.794883462738917190e+00
1.475798883055505106e+00
1.345020063140503375e+00
1.518919853473823522e+00
1.505858636037478160e+00
1.483590302250142656e+00
1.231592276332198033e+00
1.573551364906015326e+00
1.425775323233705372e+00
1.969606486019922276e+00
1.653700605323100703e+00
1.710082761972149701e+00
1.657513191967579846e+00
1.667976112706776481e+00
1.704008935924458346e+00
1.627655911481430850e+00
1.198620724285035521e+00
1.421179310981899535e+00
1.436442386906827462e+00
1.360554643766569205e+00
1.221267790074466841e+00
1.446137674705106457e+00
1.318338878336377640e+00
1.470350943569455282e+00
1.446814062883943652e+00
1.944419238318906284e+00
1.604198340760379482e+00
1.743667078287493455e+00
1.478868389458327881e+00
1.281258367247402497e+00
1.458484046924541033e+00
1.288888118214566392e+00
1.283336574948727549e+00
1.434151087203387576e+00
1.758995278894674330e+00
1.701455572076404188e+00
1.471035139794591551e+00
1.284431386639294681e+00
1.436898733941339934e+00
1.477777015732853139e+00
1.914098993737179955e+00
1.756156795781562696e+00
1.844662286894950043e+00
1.718523917183616634e+00
2.151496375220946611e+00
2.022860250554220141e+00
2.440781445586120313e+00
2.375593544034206861e+00
2.417063448564777506e+00
1.853350227937211159e+00
2.037005170830988643e+00
1.867621422440812085e+00
2.018949680356994403e+00
1.799553719275350794e+00
2.241366500947282514e+00
2.296016347295942950e+00
2.200559041529988047e+00
1.694435476821772646e+00
1.874062891108050355e+00
2.062997370823544507e+00
2.138506712487864281e+00
2.047639039210441325e+00
2.097922386220973490e+00
1.980247318037110293e+00
2.019638428223383908e+00
1.860550919423137772e+00
1.969029811393965934e+00
1.812228054482569739e+00
1.787691274585602619e+00
2.200119379682049736e+00
2.028804448695971097e+00
1.626844057117869502e+00
1.480828102792669743e+00
1.125135620238811862e+00
1.469669709741626029e+00
1.486474228400917363e+00
1.172830566476694703e+00
1.261306982947347555e+00
1.010588581238166972e+00
1.265054841912243155e+00
1.528041589226205144e+00
1.473764814781398647e+00
1.337088051997044280e+00
1.161243828223536223e+00
1.114340937508962126e+00
1.489085125836858037e+00
1.659383684073325149e+00
1.701906300691432783e+00
1.387352102308953228e+00
9.902847638482858983e-01
1.332929978136523808e+00
1.655730578553716192e+00
1.633158824278105659e+00
1.688221986920104944e+00
2.281134712675152443e+00
2.470463903276352458e+00
2.394912112910736024e+00
2.009709893475198239e+00
1.732686883125177602e+00
1.667308614857365034e+00
1.835745703292521958e+00
1.924404708916987339e+00
1.854231495700155108e+00
2.170846039212599887e+00
2.128248318311539045e+00
1.818567791177491122e+00
1.536549202287482485e+00
1.613457270814840916e+00
1.693763252745907444e+00
1.521653537993342020e+00
1.513778831658319612e+00
2.153419353857440210e+00
1.941965411176052703e+00
1.906907158425072968e+00
1.902922098190220401e+00
1.715556344337971328e+00
1.512486118978933147e+00
1.629020668108158931e+00
1.568133514631778747e+00
1.938499832003834022e+00
2.184471747368921690e+00
2.189754598984545719e+00
2.263386858526171608e+00
1.829036689118925807e+00
2.033291268821903586e+00
2.263418860084716489e+00
1.761481160884219355e+00
2.049887516607003413e+00
2.055438530353337789e+00
2.124008827417054768e+00
1.922942390408012514e+00
2.040671488021668534e+00
2.011544275883587751e+00
2.402586822941457534e+00
1.868741880620074403e+00
1.693594441610579482e+00
1.888952363780700416e+00
2.316910244825848064e+00
2.593661788968830706e+00
2.395022243295192421e+00
2.204106220474911115e+00
2.530976484030412976e+00
2.637612800363827947e+00
2.355891517331579532e+00
2.376824798065955147e+00
2.143259202496894389e+00
2.195556093828741506e+00
2.230197926804201813e+00
2.500234625036895419e+00
2.297289983322641671e+00
2.232325009341919575e+00
1.537702145014681721e+00
1.555658385728344584e+00
1.693271609007098277e+00
1.631732833906623270e+00
1.800777921439920437e+00
1.841490917712145903e+00
1.936617369657331000e+00
1.789493638956940691e+00
1.984683798821866407e+00
1.865791502269305902e+00
1.745293784024011252e+00
1.517167820884591123e+00
1.921178320354172131e+00
1.975732906648855369e+00
1.870648339830200291e+00
1.515576473990186912e+00
1.843211102201873564e+00
1.928033650964814161e+00
1.581519881350980761e+00
1.740975801234774245e+00
1.874976637720386918e+00
1.959229732859756767e+00
2.354500138717379620e+00
2.513355851138373787e+00
2.255083826165754868e+00
2.306149459022934334e+00
2.411995698245381181e+00
2.207856811283861020e+00
2.159867162327848700e+00
2.062007970653441102e+00
1.819018896482661463e+00
1.674527921276397269e+00
1.667970341808411083e+00
1.529929463382164290e+00
2.113333669407992943e+00
1.841201087726282104e+00
1.784300896816788384e+00
1.854556503579471327e+00
1.296991418850014899e+00
1.583926902900508749e+00
1.267219590005651098e+00
1.309533274666037528e+00
1.385127993683691106e+00
1.341126034092703811e+00
1.113794292555206678e+00
1.565949328123237727e+00
1.674513848710825314e+00
1.781015624458293090e+00
1.760693479276935314e+00
1.261197789034892658e+00
1.977024038070900547e+00
1.940156787439180297e+00
1.563484835431989906e+00
1.552987118297703972e+00
1.191682458064512007e+00
1.425062140000545652e+00
1.695962889310325128e+00
1.994733474778552340e+00
1.981256836257594189e+00
1.818873607035385254e+00
1.785396579702204001e+00
1.740561253482868942e+00
1.493806279116830726e+00
1.905538032367695145e+00
1.857220285384727720e+00
1.638776446904063100e+00
1.735185354292106075e+00
1.469609731214050585e+00
1.798622225492612303e+00
1.640799188790239560e+00
1.336806149199315952e+00
1.461247227192625120e+00
1.468602093863861535e+00
1.131918652393007596e+00
1.401862678656712546e+00
1.535892716321008544e+00
2.043588714180777810e+00
2.052134349937517754e+00
2.053920779121610973e+00
2.118476376795786376e+00
2.147734520959172055e+00
1.607655270304668704e+00
2.290279435579277045e+00
2.083439620367269818e+00
1.916020731050483761e+00
1.645584469459467458e+00
1.621817951075909647e+00
1.701178527997782020e+00
1.355838672328170347e+00
1.497725182888224982e+00
1.377123691296862296e+00
1.386581340719963196e+00
1.391097555363862925e+00
1.747964707902101011e+00
1.667637694371822521e+00
1.912185864378767697e+00
1.737481704699220586e+00
1.860795351565751821e+00
1.963669516587671637e+00
1.703779010609019373e+00
1.654232555749684641e+00
1.762370089028977294e+00
1.430782928786216601e+00
1.354711812321374387e+00
1.612013589875749053e+00
1.695159000824356443e+00
1.947091960909522745e+00
2.303565947758765109e+00
1.761665443746434967e+00
1.569875826064786706e+00
1.622396075118970105e+00
1.823930685724101552e+00
1.627183874844922773e+00
1.193798163621577535e+00
1.595410645136069228e+00
1.711848391658811197e+00
1.750683814985888986e+00
1.910635211866388516e+00
1.811917982479388289e+00
1.590642358279881208e+00
1.881641588443309976e+00
2.021931632372428567e+00
1.903154951337046263e+00
2.113697850102553843e+00
2.145818066380190459e+00
2.278495239251005611e+00
2.272366517888158466e+00
2.280680155519190233e+00
2.714527421049505396e+00
2.201604374807143660e+00
1.702525542888967180e+00
1.820276353366050648e+00
1.879294071741224315e+00
1.986310832978889884e+00
1.814865574556430161e+00
1.674558472586489266e+00
1.766792581928752659e+00
1.735096229944966595e+00
1.563545873777388628e+00
1.885645859683432679e+00
1.504641643826650332e+00
1.374784644519273069e+00
1.226531694919521964e+00
1.461625953401969324e+00
1.380661396017373477e+00
1.181665233637292811e+00
1.527261741171650034e+00
1.412059251759969047e+00
1.150116558261226718e+00
1.419737321761430193e+00
1.503500061379116737e+00
1.340408653891015378e+00
1.474277498568477673e+00
1.380022071690591323e+00
1.546746743426687054e+00
1.534717883665642768e+00
1.759878330506545741e+00
1.696810038929098541e+00
1.635363672495993459e+00
1.848286126433355436e+00
1.430476910349004926e+00
1.594726437154231569e+00
1.648324254846188275e+00
1.960125487938866984e+00
2.094968118134722612e+00
1.753509126698429288e+00
1.783403117873684440e+00
1.852962605979201260e+00
1.354546706820616286e+00
1.463380586971404718e+00
1.604216227762213398e+00
1.738374517609963421e+00
1.598070493029330574e+00
1.292275659462005954e+00
1.303698189114369299e+00
1.340587330952988543e+00
1.725474185147377826e+00
1.754389462678765277e+00
1.715853429685214593e+00
1.957134149369655463e+00
1.658028850804095455e+00
1.692201434031232132e+00
1.846704013337723715e+00
2.416896045605671173e+00
2.227147685121760201e+00
2.240249066120944210e+00
2.203997087070013183e+00
2.141664650382024693e+00
2.382554135382106697e+00
2.296130439338754936e+00
2.270439620812133352e+00
1.760791388266193414e+00
2.111929704803487073e+00
2.301831639558835629e+00
2.075985796442035181e+00
1.960079319745926085e+00
1.526153919174239704e+00
1.437527462418642488e+00
1.209675067486563949e+00
1.303816514192875253e+00
1.763168498441737286e+00
2.364850380359281967e+00
2.293420154180326076e+00
2.026698309420844613e+00
2.002045199513867502e+00
1.758655348530198781e+00
1.529712920031817358e+00
1.403845368641610358e+00
1.643128675571445374e+00
1.499296721048256620e+00
1.863471553301096151e+00
1.998200975372971699e+00
2.089084603720710032e+00
2.407794604130367500e+00
1.682609668913785272e+00
1.821570775147576926e+00
1.771652041512709719e+00
1.433484932752467023e+00
1.390210298694479540e+00
1.418948192818742182e+00
1.592413475706410342e+00
1.514447939010822308e+00
1.404931205046781928e+00
1.265012898082863213e+00
1.449363659983603503e+00
1.635430471105222328e+00
2.065006436854882832e+00
1.484175016905918465e+00
2.016349522258719329e+00
1.879486344408665577e+00
1.847279327453748454e+00
1.791292796746343008e+00
2.036172032926022890e+00
1.858709091648621525e+00
1.943893875527285431e+00
2.086945506724712018e+00
1.577818703887055030e+00
1.810737849303026836e+00
1.938477305831753927e+00
1.655255112541231144e+00
2.075912454854962785e+00
1.842095164120778339e+00
1.322266936259711256e+00
1.700443520715348544e+00
1.679020776397709414e+00
1.842785548765377035e+00
2.246695733267964012e+00
1.972579465075550820e+00
1.992361082799112282e+00
2.314286665340512084e+00
2.033030426444028205e+00
1.549037694410866806e+00
1.409087253764084169e+00
1.903734995704894573e+00
1.724111260350787322e+00
1.830855409123709254e+00
2.081062604406427763e+00
1.683441715214592849e+00
1.638330417360449154e+00
1.401286276317140533e+00
1.628990714321364441e+00
1.830813119543318157e+00
1.827888996169830804e+00
1.676621202061072013e+00
1.481703528893649535e+00
1.391962947971048470e+00
1.507949495395095596e+00
1.348597363293287277e+00
1.214311580521789891e+00
1.169058236190841038e+00
1.159021074175769606e+00
1.402362494285299688e+00
1.379674255504185432e+00
1.158492529434356433e+00
1.414023454421240888e+00
1.537295126567755021e+00
1.732568239395102738e+00
1.577399620771832600e+00
1.617111652236149499e+00
1.217062154260331042e+00
1.201233055451375265e+00
1.633909912616139160e+00
1.979582689995493361e+00
1.872377289276784929e+00
1.684450950723341833e+00
1.970293779386802058e+00
1.826114773048045370e+00
1.649169131553213097e+00
1.648390164146885883e+00
1.482951824102000771e+00
1.726963468781135935e+00
1.600496248719299963e+00
1.604671026182367122e+00
1.646509374752582744e+00
1.784581881143833204e+00
1.868969376418844197e+00
1.833071062498527359e+00
2.047219194492015504e+00
1.805136742977064834e+00
2.035479679386352547e+00
2.165004239652543738e+00
2.130858602178126837e+00
1.699216573857181167e+00
1.758747491648158245e+00
2.119473506498755544e+00
2.372676455226034875e+00
2.061528455709119356e+00
2.410429206738774255e+00
1.892444611125586817e+00
1.591583497545141279e+00
1.654308185098679829e+00
1.524033566303416354e+00
1.204346398280927266e+00
1.405269430314472601e+00
1.313817326188150059e+00
1.484665796353676903e+00
1.568162597803606673e+00
1.742791199966536642e+00
1.735477786747406048e+00
1.471811734999610488e+00
1.157283755494160626e+00
1.329440717362729174e+00
1.647852904965997567e+00
1.494047604936810103e+00
1.447503778945937958e+00
1.445859832156361158e+00
1.497260719262196949e+00
1.648925799936169501e+00
1.846771077668057703e+00
2.024620254027396093e+00
1.967612448498998523e+00
1.839165596147270154e+00
1.665623685905218698e+00
1.603382144110217844e+00
1.735200814150602788e+00
1.745830839479066476e+00
1.663112784560021540e+00
1.462637384784853722e+00
1.639548255276138677e+00
2.127758912886779985e+00
2.107409307437112300e+00
1.929795328437305280e+00
1.769237169315269087e+00
1.496877384995641380e+00
1.921158394104406142e+00
2.026124126898354749e+00
1.839858481272418800e+00
2.234611510532537260e+00
2.336280302998414715e+00
2.477837863318179235e+00
2.342846287048879983e+00
2.183042468217383458e+00
2.371893143380884084e+00
2.613520787028436487e+00
2.391931012334560958e+00
2.481777079284312126e+00
2.140174739580595009e+00
1.703140389141123201e+00
1.896504412758847069e+00
1.713829968833809225e+00
1.482800633608898133e+00
1.672535199169303155e+00
1.788901656225381220e+00
1.411989112716665717e+00
1.818776003371941119e+00
2.375574563613358059e+00
1.911499989708583147e+00
1.946056381079230624e+00
1.825851575283559347e+00
1.763515127847202768e+00
1.852049594131920607e+00
2.167658996440279040e+00
1.899016778516600112e+00
1.812301080631655514e+00
1.885027389975565626e+00
1.465731259388163732e+00
2.029081153218020628e+00
2.297848376663773173e+00
1.795099537989624627e+00
1.499715671298489594e+00
1.251222086878182704e+00
1.407444290092255912e+00
1.807115351617175181e+00
2.404893540726639856e+00
2.241415112516266017e+00
1.828806495528433773e+00
1.662198302810388384e+00
1.776045624382301513e+00
1.615735981021724443e+00
1.591599356390684283e+00
1.427089846962448227e+00
1.530236121720466524e+00
1.482100982667684308e+00
2.213843672890937864e+00
2.176247792487485899e+00
2.242569860178774466e+00
2.251467400724875834e+00
2.106907609165239226e+00
2.282061668224240503e+00
2.238691039059047316e+00
2.238857551469301210e+00
2.189472104816361675e+00
2.077439591898666560e+00
2.437339647457926972e+00
1.958307232028617451e+00
1.752345231063963116e+00
1.467776889696148945e+00
1.256867421530510454e+00
1.415257910849700984e+00
1.155069000893813813e+00
1.277648597428810540e+00
1.397171884070771419e+00
1.804687213199140494e+00
1.640159341991973108e+00
1.948767843271465239e+00
1.350230973222691810e+00
1.778946095529474691e+00
1.757144776186319923e+00
1.827541934526349499e+00
1.889167632241087746e+00
1.984793127250567224e+00
2.013443952477965926e+00
1.707960665527680000e+00
1.478091501699804633e+00
1.422168351665612729e+00
1.188299858505311724e+00
1.260081319732750504e+00
1.417314853304459277e+00
1.384239148567919742e+00
1.347813397376624422e+00
2.085010831453105506e+00
1.963778717573009480e+00
1.790885104666173788e+00
1.820040137521963253e+00
2.235502657624358402e+00
2.437040707796072514e+00
1.969038367963348080e+00
1.576564656400834430e+00
1.418241819517651825e+00
1.621808356363613868e+00
1.571399386586724400e+00
1.270916152009952782e+00
1.531836962707875172e+00
1.694795013395997474e+00
1.560867106089749878e+00
1.680719236354848212e+00
1.762309795933250545e+00
2.277866662209908633e+00
2.290319016648844741e+00
2.167552738912371435e+00
1.702249512950582799e+00
2.152499918370242238e+00
1.935855072035083557e+00
1.681048442626192241e+00
1.622891355977624350e+00
1.806739704960104831e+00
2.052442600039158460e+00
2.155208820124787650e+00
2.108256990736231185e+00
1.650660749105542724e+00
1.539873456797193008e+00
1.514107143578972137e+00
1.696677526026523442e+00
1.523874497179524390e+00
1.650497532329159744e+00
1.525754245287767485e+00
1.525773725581590412e+00
1.482123913460620557e+00
1.327332959650821209e+00
1.181587434996613561e+00
1.366892595481032480e+00
1.279535771071201200e+00
1.088778769509564315e+00
1.384338294565711669e+00
1.255611964250050727e+00
1.172022081857626352e+00
1.306804549221823208e+00
1.209625436434976775e+00
1.454485332420769161e+00
1.759172392061524537e+00
2.050944294101233911e+00
1.998864767563059530e+00
2.327707787839814468e+00
2.065076242154928909e+00
2.274634329027497071e+00
2.189831118570710888e+00
2.368470053863747093e+00
1.979934795012620929e+00
1.967812200688326740e+00
2.344899332305498962e+00
1.631243827987556516e+00
1.549212868663575549e+00
1.756269611468711078e+00
1.493935259543022642e+00
1.615462608390320742e+00
1.850142301650197219e+00
1.913045957207678560e+00
1.602263485989818381e+00
1.717905886413997996e+00
2.276713342630328096e+00
2.049197115810535763e+00
1.858937251814797964e+00
1.942773910078883226e+00
1.810716140305749455e+00
1.803988312476768385e+00
2.057392681520822109e+00
1.903480135478270885e+00
2.100336999684804695e+00
1.705284391634632968e+00
1.554288538560513189e+00
1.476632560333268618e+00
1.814806743105159104e+00
1.736066942489249421e+00
1.436673041199804102e+00
1.546064516985766080e+00
1.514891971350891264e+00
1.476460711531828451e+00
1.430150275350944300e+00
1.222339147585689068e+00
1.188809256132285830e+00
1.432377514562445331e+00
1.790930253336355138e+00
1.888882030644841059e+00
1.665013293708632602e+00
1.342475371104664195e+00
1.288904953760160232e+00
1.423225361778809761e+00
1.528780420473284440e+00
1.727695916541174048e+00
1.418671756558774977e+00
1.485549420662990450e+00
1.560278929642498591e+00
1.577798570961882474e+00
1.089943306676916635e+00
1.218022834174661950e+00
1.426225915163434221e+00
1.716209551487479779e+00
1.571283490475906985e+00
1.456872589312733668e+00
1.592897445501340048e+00
1.465842720626134410e+00
1.654540108658580921e+00
2.133376132234333422e+00
1.823478898816767613e+00
1.324688544503511256e+00
1.307273310931795773e+00
1.401739182717055110e+00
1.772343032326493928e+00
1.301419012748487480e+00
1.334295037105414306e+00
1.416857555807777835e+00
1.436935632082424030e+00
1.943207574718701869e+00
1.993443560574734263e+00
1.683087089348723753e+00
1.497128058081655944e+00
1.345272556701483380e+00
1.411595354889523701e+00
1.721325924464903512e+00
1.555186949195819679e+00
1.642541739615045460e+00
1.737496225725956300e+00
2.242525378165548311e+00
1.966025703778953249e+00
1.862289635166793023e+00
1.916907440193651446e+00
1.591017131700172449e+00
1.503946024789803548e+00
1.346810119553779383e+00
1.451286588719985282e+00
1.355500950965926821e+00
1.602949692500892809e+00
1.600554167761828239e+00
1.535278108602832425e+00
1.690281043358230484e+00
1.735640298680182880e+00
1.782463798945593370e+00
1.715798169725960776e+00
1.850708344982895603e+00
1.772955195072568602e+00
1.892885376862528446e+00
2.167303009068753283e+00
2.197863603438130919e+00
2.153010665041633853e+00
1.776375551678345932e+00
1.587847618129235583e+00
1.934739202808557046e+00
2.022143806516096376e+00
2.064583372876094725e+00
2.018231399805829440e+00
1.848818345730933066e+00
1.987927804393649467e+00
1.735435169414099255e+00
1.401471862728956408e+00
1.562320806258890027e+00
1.599965854992452030e+00
1.383077974390606535e+00
1.169997872158591745e+00
1.618554514490604390e+00
1.697913596612366183e+00
1.349639624506013824e+00
1.498108117702038333e+00
1.821127542172395142e+00
1.883808560359756079e+00
1.701806483079628451e+00
2.107459989280629831e+00
2.440476059618411853e+00
2.404683499629030052e+00
2.394807469295622937e+00
2.227241659084624459e+00
2.073892300968906977e+00
1.589457653326564079e+00
1.902119836668670461e+00
1.841630335741033520e+00
1.790821554667498150e+00
1.743799871650526967e+00
1.734945602415441490e+00
1.667328484684146295e+00
1.467917558853409243e+00
1.564049241211706631e+00
1.831782122960758263e+00
1.722366841500617696e+00
1.846574127836929424e+00
1.724562750470232109e+00
1.350733266194781068e+00
1.308946878756540810e+00
1.476041664196772629e+00
1.654327936853275949e+00
1.200809704257283395e+00
1.134989430076598138e+00
1.764665690340101678e+00
1.875205008818511265e+00
2.018276460308176645e+00
1.649290852209565506e+00
1.589317485161446886e+00
1.319966892675595638e+00
1.592668779535736379e+00
1.482553613850446927e+00
1.916111349617725779e+00
1.632099109824293626e+00
1.728678467814889208e+00
1.712684775687493222e+00
1.519636350187107077e+00
1.535311548320107411e+00
1.664733906774407801e+00
1.456092139975417643e+00
2.038765623547718064e+00
1.744919935052850590e+00
1.605519412570276305e+00
1.339166730880144707e+00
1.694837561959732231e+00
1.859645040859985166e+00
1.893126697818415582e+00
1.698592221204342501e+00
2.199084312742978220e+00
2.075443517616493150e+00
2.211116241905435320e+00
2.162065315866613879e+00
2.437259307813625764e+00
2.308132950257991034e+00
2.183053658154339605e+00
1.654219104413503061e+00
2.005901899435768687e+00
2.145890781881755416e+00
2.275809996050015549e+00
2.266480475379715198e+00
1.595798737943307843e+00
1.504671661490404766e+00
1.487152203864547495e+00
1.243940355313101431e+00
1.402454517597909067e+00
1.163319950290315319e+00
1.416481014577280151e+00
1.238413246565985837e+00
1.299035030695716131e+00
1.578893162484900081e+00
1.595402413232420713e+00
1.746834160860822216e+00
1.571138634421559654e+00
1.407179806973253733e+00
1.297938988469700128e+00
1.308090790842080242e+00
1.401302891760537017e+00
1.749193676967605970e+00
1.438109348025235379e+00
2.250038535000050466e+00
2.119665178342260425e+00
2.317103532496987750e+00
2.336222293394591087e+00
2.083124063407006954e+00
1.660498295674659675e+00
1.809613481519338762e+00
1.374334491943098646e+00
1.792429145538012136e+00
1.635371000540603026e+00
1.578314892755141141e+00
1.674118868182171926e+00
1.712292828281029688e+00
2.033906949807239517e+00
2.070709263869015437e+00
1.715435122649804800e+00
1.557418720036502391e+00
1.646363274587985703e+00
1.506887486552290323e+00
1.862991946259707099e+00
1.965748960947888868e+00
1.879872954271969654e+00
1.967837610087312505e+00
1.599006364102382172e+00
1.655078321366085126e+00
1.611250890770242750e+00
1.826341972023157512e+00
1.536421664855347702e+00
1.869075462943272203e+00
1.652284288332635631e+00
1.621030659830222653e+00
1.783761704744107224e+00
1.772981519920049598e+00
2.342288560600946035e+00
2.020199469212207166e+00
2.378106085805435921e+00
2.282088673080419294e+00
2.076729204652135508e+00
2.317169658814960620e+00
2.244181919173890094e+00
2.036229268628932498e+00
1.539967749402269881e+00
2.029910806250776467e+00
2.188060732080519877e+00
2.185605444967190003e+00
2.190493542381461989e+00
2.392265164687379375e+00
2.410916312744418644e+00
1.896365441358422776e+00
1.823446586231159516e+00
1.433019065233676725e+00
1.892382180993986474e+00
2.020027078740444626e+00
1.935306500625005643e+00
1.974199648608460755e+00
1.619995840183736435e+00
1.842097739841060289e+00
1.658760694252781720e+00
1.954822562824442889e+00
2.002230607987987465e+00
2.183847780699454511e+00
1.873718927752536345e+00
1.525231478071703561e+00
2.047538545552785916e+00
2.052326599782311245e+00
2.255691585612136674e+00
2.176204785090171789e+00
1.857559141550241266e+00
1.554333341971604776e+00
1.365684808180856580e+00
1.421869634860960740e+00
1.310359721651836118e+00
1.262433169124065779e+00
1.289766458580586139e+00
1.427125339401133175e+00
1.730031814012289448e+00
1.864560390095320930e+00
2.265112626798350348e+00
2.115352492837014875e+00
2.262119238228621931e+00
2.035559104650770390e+00
2.274884487623612284e+00
2.280838754965240245e+00
1.903708066998683668e+00
1.645561256611155931e+00
1.655723840180562512e+00
1.874410604938153035e+00
1.716360914305096630e+00
1.385259929757845176e+00
1.451403167295927998e+00
1.515239562124266914e+00
1.821693843311258609e+00
1.488932588195286399e+00
1.529804035073039747e+00
1.374559983741061364e+00
1.543820953221040071e+00
1.270037970361233226e+00
1.163486685493605455e+00
1.234156335770093760e+00
1.326255124494291504e+00
1.484956475521532537e+00
1.515991635263791881e+00
1.396010728793192435e+00
1.404423025292541150e+00
1.542068814089222251e+00
1.426539135859701490e+00
1.923955438230227077e+00
2.294659130181055939e+00
2.239960788863681884e+00
2.059725536018339742e+00
1.834973281081173413e+00
1.884340640917796961e+00
1.802240576929613924e+00
2.237055567909536080e+00
2.448195743983282213e+00
1.963500584565121887e+00
2.266287776158920853e+00
2.085242927605403640e+00
1.884938486675396208e+00
2.352205397065000536e+00
2.287919899238688437e+00
2.403446973829631794e+00
2.291816191820838178e+00
1.947510233943792191e+00
2.090017338137169389e+00
2.417168608925963635e+00
1.954798742576419279e+00
1.817889269969194643e+00
1.572559200634622067e+00
1.979470925105755841e+00
1.851288766768799166e+00
1.773680247440401203e+00
1.412171938508440583e+00
1.393339068967134331e+00
1.553611010540589588e+00
1.654074882572974303e+00
1.511075092977102630e+00
1.567669744109394081e+00
1.718825448880223039e+00
1.511203202928501410e+00
1.929265344677877358e+00
2.309222913194517002e+00
2.201181721292554183e+00
2.154821034439350580e+00
2.127636414603709003e+00
1.678510915634611411e+00
2.059273631123998083e+00
2.043782433193218395e+00
1.979798015052631754e+00
1.820566153409826526e+00
1.447042420201978041e+00
1.417183594412452452e+00
1.552412943483586050e+00
1.415771913688447015e+00
1.312339099154172128e+00
1.539477867643632258e+00
1.377856609089074258e+00
1.279688252580603702e+00
1.322634190310823854e+00
1.290542035285255240e+00
1.465144373498220132e+00
1.378760522994065818e+00
1.807391072774395813e+00
1.975479812029500071e+00
1.930925384415591139e+00
2.214982691768282663e+00
1.975133454147580681e+00
1.852868714384685367e+00
2.041661438815925322e+00
1.721339697972617433e+00
1.474851205689067246e+00
1.291515425280084228e+00
1.305078689026827776e+00
1.518230370658889772e+00
1.383589903384440989e+00
1.672166090767075453e+00
1.872040410811563138e+00
1.961276731645167137e+00
2.109926768254981155e+00
1.996806496468184200e+00
1.907920599446881971e+00
1.690410642557548915e+00
1.912554718397835307e+00
2.183785155382962362e+00
2.136208190002472751e+00
2.038488069226113364e+00
2.263309026299007432e+00
1.893579436746159361e+00
2.217446222011397960e+00
2.388070344547997159e+00
1.662413001654313938e+00
1.609879811748318845e+00
1.476450311799678783e+00
2.069748012802221648e+00
1.776509659813404030e+00
1.801477154911965251e+00
1.888067042162683951e+00
1.804980561597507638e+00
1.661228911381575912e+00
1.525388717400157468e+00
1.875847437727193201e+00
1.638217634060444627e+00
1.481328070278749465e+00
1.614269942329363161e+00
1.881290502103131645e+00
1.757234878619311491e+00
1.809390706515293434e+00
1.248305775166459908e+00
1.291374620006469076e+00
1.874877388465279182e+00
1.534749906358885863e+00
1.598732451062805371e+00
1.746093532707331919e+00
1.683441107291179684e+00
1.790780180889671058e+00
2.136255091890554958e+00
1.918103134548477584e+00
2.185610477899867732e+00
1.696264934557088822e+00
1.910465334886884525e+00
1.545068465170198024e+00
1.517201191111122727e+00
1.889230521734503121e+00
1.915277874850357609e+00
1.968099353042500610e+00
2.001076021964542040e+00
1.966420210803779156e+00
1.790975385318639646e+00
1.610460508712495242e+00
1.286172200015668565e+00
1.468647052337200831e+00
1.989546328900786420e+00
1.569482634665838372e+00
1.847166594476033374e+00
1.617241634801258598e+00
2.125350386999628860e+00
1.882349039685148107e+00
1.584690168942011201e+00
1.836509131780657444e+00
1.728166978051358882e+00
1.702982441537151503e+00
1.698916432281437627e+00
1.525664253306150187e+00
1.444312723191831127e+00
1.891355394019551106e+00
1.768228248127821978e+00
1.148696144681496278e+00
1.220269132542831869e+00
1.371898974569515151e+00
1.407879302452344827e+00
1.450514158054177827e+00
1.512030999412090848e+00
1.440607470544127189e+00
1.570621262059869849e+00
1.504906043332397747e+00
1.300512138313607569e+00
1.263853480888916359e+00
1.421839729048846701e+00
1.113697203953356363e+00
1.280350355989130939e+00
1.389850800706220024e+00
1.192032557415809935e+00
1.509344338773798144e+00
1.114880905384995291e+00
1.296471577891558979e+00
1.480681296056405971e+00
1.360965737426113265e+00
1.530849928188048326e+00
1.501429910990737637e+00
1.399516419707657056e+00
1.865676702239998264e+00
1.833526403922297821e+00
1.694818225775834408e+00
1.977343263786637273e+00
1.742694784289146703e+00
1.619203138402725672e+00
1.829622624845783641e+00
1.485435683345703417e+00
1.532733505215866154e+00
1.652655071734907999e+00
1.536873165238079375e+00
1.326026533042886868e+00
1.652341334611509005e+00
1.505651503195531093e+00
2.168571246056532509e+00
1.612258561115392119e+00
2.081023664273974116e+00
2.074913417066837518e+00
2.267229291551935866e+00
1.906167780564347325e+00
2.040964397871294356e+00
1.963011388556171077e+00
1.640623447210485253e+00
1.693441537996177804e+00
1.577127664189222456e+00
1.446416332149689454e+00
1.292449682715505643e+00
1.407600650648040519e+00
1.601065587097193266e+00
1.702349714545688064e+00
1.688458381930887375e+00
1.617178539779107638e+00
1.796912180731961017e+00
1.746476161816792327e+00
1.732859728483686190e+00
1.971803339427405710e+00
2.013222918528675187e+00
1.985392158879363933e+00
2.330301155823830239e+00
1.747854737691522109e+00
1.687632435980455092e+00
1.515332074632478543e+00
1.377805421673286901e+00
1.325886086453444745e+00
1.419854919224529999e+00
1.366456350053222080e+00
1.587597073787792246e+00
1.925907741151211994e+00
1.849947004189381294e+00
1.572116024855546579e+00
1.411817519645295116e+00
1.444091136030810185e+00
1.451876319742931853e+00
1.576238545192876428e+00
1.923347275918949606e+00
2.246540208500660274e+00
1.975118557815780385e+00
1.610981639409486466e+00
1.726113121351795732e+00
1.311305926435077485e+00
1.333630054552733091e+00
1.416630629414606490e+00
1.559158491916997402e+00
1.598221652342515231e+00
1.717366118969693378e+00
1.378943131787233822e+00
1.603496619141084878e+00
1.820928739667893925e+00
1.888197906546108307e+00
1.915775809158518861e+00
1.911112686391924775e+00
1.902159339501446444e+00
2.004334616017904303e+00
2.256477418391450218e+00
2.378717790459957904e+00
2.073940893140926001e+00
2.107197700739165125e+00
2.340298982245015758e+00
2.193934607916930624e+00
2.013430905446329078e+00
1.890494340602826284e+00
1.508669134757662400e+00
1.489532911029574080e+00
1.608579183482889308e+00
1.662382789439361019e+00
1.671513657887259363e+00
1.821352832111440723e+00
1.498547586826372680e+00
1.773420478304386982e+00
1.843298752480744929e+00
1.976237115684479129e+00
1.728645364273720508e+00
1.624288636721418433e+00
1.696936306973319875e+00
1.753754276259226419e+00
1.281180256202427703e+00
1.192373504068882317e+00
1.348267927122506205e+00
1.183481842338971246e+00
1.142824919800347061e+00
1.560060088378892873e+00
1.704417172001645886e+00
1.468887750015204219e+00
1.336413128090958802e+00
1.366396543076054293e+00
1.524804771167414863e+00
1.946266723413578426e+00
1.918333986227382271e+00
1.399008662148749638e+00
1.581834617959475331e+00
2.221454000089166492e+00
1.944934961079934910e+00
1.976393266818591288e+00
1.937185259149324823e+00
1.744048287910066719e+00
1.688393034551446625e+00
1.873016516552386435e+00
1.778944720198292417e+00
1.937336123185414039e+00
1.876622368597972823e+00
1.500805421976774801e+00
1.463257937834436806e+00
1.661896707882516866e+00
1.566097565360843547e+00
1.630438040830213486e+00
1.704452926645266819e+00
1.442509595864522431e+00
1.366794311281891883e+00
1.377518197500400277e+00
1.579132347044984508e+00
1.308698888826549167e+00
1.122500419586583753e+00
1.369451943228110480e+00
1.227781724777757821e+00
1.681894773805044041e+00
2.045770029365621578e+00
2.172920109584739023e+00
2.043777530303529488e+00
1.667373728505186836e+00
1.575761127400710393e+00
1.444822860413839560e+00
1.662289230224523795e+00
1.674812751855364601e+00
2.023107162953493354e+00
1.891270372451763881e+00
1.701560809487953296e+00
2.121113119580314343e+00
2.081273356473153591e+00
2.322568037320276169e+00
2.452533567769315859e+00
2.060988897564501432e+00
2.263930407852597693e+00
2.190041612361582235e+00
2.156306240093306403e+00
1.901985921185695760e+00
1.625159425727688678e+00
1.813845290907790675e+00
1.828180622455750637e+00
1.726137327933274124e+00
1.604335423771343416e+00
1.664956214867189921e+00
1.910728158423372181e+00
1.666339045598405733e+00
1.308976146236898508e+00
1.345955623896484932e+00
1.346683049264199239e+00
1.391282200189425833e+00
1.201402172556436110e+00
1.244145552955358225e+00
1.092547875670375479e+00
1.598474962685004996e+00
1.674314328605869706e+00
1.748007317955287299e+00
2.004671046735742035e+00
2.448915340228073667e+00
2.572639993804994418e+00
2.509111790234746397e+00
2.194013293479995408e+00
2.074032821738046817e+00
1.644889584411453942e+00
1.655729655002003087e+00
1.451768461370629204e+00
1.257021586390301371e+00
1.407580619491245466e+00
1.666337122916232705e+00
1.432066429765323834e+00
2.010021392123479966e+00
1.863079256690851615e+00
1.826447081315447640e+00
1.347000079909013381e+00
1.585067382107973266e+00
1.933074203296599736e+00
2.312488763865803598e+00
2.217197416452029390e+00
2.086509869113438054e+00
1.857737988899636594e+00
1.787698126529400966e+00
1.864496763846531735e+00
1.621515902538102738e+00
1.421671894143896830e+00
1.019126339829204531e+00
1.476491915114456432e+00
1.518003635290912978e+00
1.824462964686506927e+00
1.262050350627174744e+00
1.422249568704584632e+00
1.520722263755129866e+00
1.788789074526129674e+00
2.181288506415188788e+00
2.120960788549613341e+00
2.065506483769552926e+00
2.334976394459836513e+00
2.226505036941746507e+00
2.225928551673258315e+00
1.930805543890588671e+00
1.971580278049440027e+00
1.707875562599785901e+00
1.849987613670765363e+00
1.995123224731692790e+00
2.039233215380865882e+00
1.972476080868958093e+00
2.101384717129285651e+00
2.049053437793589172e+00
1.914415010671460582e+00
1.461802642278827946e+00
1.641268129069689330e+00
1.617822942831666611e+00
1.548558648455393261e+00
1.568023723878310349e+00
1.356970885015216011e+00
1.664886318884683636e+00
1.463887797869920737e+00
1.424659538220935495e+00
1.168220647199584628e+00
1.373540899223995915e+00
1.664462155010671740e+00
1.733978757450781449e+00
1.752212783312985245e+00
2.250992786884794317e+00
2.336740519735092558e+00
2.219811444767514352e+00
2.182650523965635081e+00
2.106053940429679194e+00
1.973915955703195113e+00
1.560976823663625446e+00
1.827709465801416799e+00
1.693408118102557980e+00
1.990898912935618714e+00
1.816441785607465720e+00
1.827098146283455238e+00
1.798670543459973237e+00
1.798416841477672667e+00
1.927331412324102544e+00
1.905315282274527178e+00
1.787476393721790791e+00
1.805123733973915678e+00
1.555038207066858247e+00
1.425616730576824587e+00
1.709186213330692317e+00
1.600009201308487450e+00
1.584543568470494490e+00
1.255724334109101115e+00
1.596013938034184010e+00
1.881787956262722661e+00
2.164144713541797049e+00
1.997177514516909724e+00
2.304398347688152437e+00
2.406096772925994554e+00
1.913599246104053186e+00
1.532363403495634158e+00
2.249862291538430537e+00
1.897544767900990692e+00
1.644991702626115826e+00
1.901593201119482046e+00
1.869091712335290145e+00
2.043204232179154811e+00
2.046845984492070780e+00
1.601290102013326111e+00
2.050723504447171219e+00
2.064330443227696765e+00
2.008187917184473648e+00
2.236631883094588158e+00
2.083410202004820189e+00
1.986969441076288589e+00
1.718224646163009739e+00
1.515878691762303498e+00
1.338113187199795107e+00
1.543194014512054402e+00
1.676633429923480634e+00
2.108280513956919844e+00
1.970946031170487167e+00
1.799022260114861327e+00
1.730589841533748841e+00
1.795820127386911880e+00
1.882195441385292600e+00
1.483156914399323067e+00
1.462370131414413299e+00
1.155871498565572919e+00
1.118612794296289126e+00
1.410283337933686321e+00
1.444060923145347397e+00
1.347753759708544052e+00
1.300264483277601801e+00
1.070562876122302720e+00
1.359972838287985653e+00
1.537152189975145244e+00
1.376224571558564591e+00
1.541410816194779043e+00
1.324162237625801986e+00
1.239814003815731924e+00
1.595163587696426077e+00
1.715213455823437982e+00
1.579977247111332028e+00
1.563372614292628970e+00
1.311307363506336587e+00
1.185790001318445253e+00
1.277766776847767405e+00
1.562967006439682116e+00
1.415093113473092190e+00
1.676644517328570672e+00
1.975583501974872425e+00
2.218716634965792078e+00
1.972976712026075496e+00
2.052873031544077520e+00
1.343553710242537669e+00
1.797744443968828154e+00
2.011632941666384955e+00
1.951671579137379986e+00
1.662546578265373221e+00
1.654733282241114045e+00
1.715245021112542734e+00
2.016878394897724913e+00
2.165162843018720196e+00
2.258856477737019919e+00
2.128833829881969120e+00
1.829528953736070607e+00
1.907440903832166912e+00
2.079843388132066817e+00
2.034879832332421312e+00
2.254326001608513153e+00
2.241420472660551333e+00
2.308839174033024744e+00
1.709448297410206541e+00
1.921558212002259625e+00
1.892485363468255688e+00
1.766678425643233075e+00
1.565397572793798542e+00
1.476629790672971732e+00
1.425632828071751179e+00
1.339322811368532040e+00
1.372701540215265581e+00
1.523740878375611896e+00
1.462958439086603057e+00
1.601287744735536922e+00
2.085999006914404763e+00
2.179298202715215904e+00
2.109876685133587060e+00
2.003244854352084214e+00
1.420804328121910709e+00
1.455924264704634874e+00
1.507527560638800779e+00
1.557993592292343354e+00
1.155524003477120809e+00
1.403965150671334428e+00
1.198939807313048389e+00
1.250481200302517415e+00
1.533882020100638677e+00
1.522965801022676313e+00
1.701230988143559886e+00
1.649433981114887038e+00
1.639346277151392473e+00
1.387519866422312953e+00
1.642564099501003128e+00
1.833100448883501432e+00
1.844365904544638113e+00
1.609540571546207666e+00
1.689130830927311422e+00
1.827662741932389867e+00
1.959543429062977626e+00
1.919753415435188959e+00
1.561833468337860076e+00
1.662622174216011217e+00
1.843333098223340905e+00
1.631871798604194401e+00
1.605268175211506110e+00
1.746586348622846119e+00
1.872328835795662672e+00
1.699217629929665296e+00
1.491270752474948225e+00
1.033257018074204447e+00
1.154169268376394220e+00
1.285874621884679936e+00
1.102408224444676454e+00
1.146019364578210409e+00
1.132515282285030400e+00
1.269225776874117306e+00
1.198256237105076893e+00
1.767389685991002324e+00
1.622591238131494862e+00
1.451312891662418281e+00
1.447150749390452296e+00
1.865217624019606335e+00
1.620635240078676320e+00
2.191522933315378285e+00
2.026608399441114372e+00
1.808012474216635246e+00
1.457894732600364396e+00
1.216492390805189672e+00
1.252180764319398953e+00
1.535612382697319589e+00
1.395481430932827394e+00
1.524841181415763636e+00
1.267991483897337623e+00
1.864681797715361800e+00
2.004574177448541494e+00
1.873171856230105847e+00
1.938016398622705472e+00
1.846742446804466642e+00
1.403012706096857354e+00
1.296534953753567088e+00
2.110725089403585830e+00
2.071291836552235477e+00
2.268669270760832912e+00
2.150240932037686292e+00
1.599232757973330088e+00
1.389414592068246135e+00
1.415911604598093065e+00
1.352010225452706216e+00
1.664318141571070830e+00
1.999747962432079307e+00
2.211236420421411886e+00
2.186713031283341380e+00
1.961537473752198002e+00
1.506986910713733252e+00
1.270894589863478474e+00
1.176029177928776370e+00
1.467738808057577726e+00
1.330738641430702751e+00
1.389767256295361797e+00
1.269602314782694918e+00
1.274677385595485379e+00
1.093959898165554279e+00
1.542538298004005437e+00
1.771541046635344507e+00
1.903588074231503668e+00
2.065357814374202405e+00
1.676776527783098603e+00
1.930376405737246559e+00
2.113782632427939401e+00
2.282125549013716892e+00
2.065435982177147967e+00
2.109081553233838502e+00
1.867709291819991124e+00
1.718372253360856083e+00
1.946962709768206068e+00
1.920798542213380644e+00
2.095653219399518985e+00
2.092778485204588090e+00
2.029931704747173438e+00
2.456248859641618765e+00
2.268506292497451060e+00
2.032485450978979369e+00
2.106641815056393696e+00
1.687474739549205127e+00
1.780816261693094704e+00
1.589812078456889655e+00
1.683694756459582553e+00
1.650876812182104914e+00
1.917522703865960354e+00
1.527671979802104785e+00
1.475738981619905132e+00
1.709461804496919202e+00
1.568938626608766818e+00
1.869688408068720609e+00
1.476015165884804858e+00
1.559178223817938580e+00
1.783598780302091402e+00
1.915407662604843964e+00
1.889060576316533790e+00
1.421070733200507474e+00
1.202144025471395983e+00
1.201202992120124158e+00
1.485899688115339234e+00
1.424843192193397279e+00
1.463165764857443873e+00
1.515876563895397933e+00
1.292106441858277499e+00
1.432455196253334506e+00
1.285260832168126477e+00
1.514558904540661555e+00
1.452272355539159454e+00
1.259012415983321809e+00
1.356542324772647579e+00
1.394022355837523985e+00
1.233849598637268841e+00
1.182002421531941572e+00
1.766002019039309534e+00
2.198305125654886005e+00
2.281268336651970596e+00
1.979653646269748268e+00
1.857385758342105619e+00
1.511733773886219101e+00
1.398445651515916488e+00
2.067335787553682191e+00
1.955894055035002133e+00
1.750935251999804709e+00
1.842014226268581467e+00
1.924749861770706616e+00
1.541146224309866142e+00
1.832724233506622058e+00
1.760607586550402504e+00
1.913319022908614331e+00
2.333429694429905776e+00
2.112760620677966994e+00
2.252297226339784686e+00
1.987136218320224579e+00
1.777140349040110978e+00
2.338818847359206199e+00
2.103323743384561517e+00
2.226504385329485025e+00
2.407006082298166483e+00
2.385690278939565978e+00
1.815781695243160243e+00
1.657571341262236375e+00
1.567871670929915862e+00
1.547981444160660081e+00
1.676048306487389228e+00
1.934568323113038391e+00
1.686291782151247975e+00
1.669483996217918875e+00
1.674734719729825017e+00
1.715880697747429684e+00
1.490894505390145897e+00
1.435244780003310794e+00
1.651409951474430038e+00
1.544834456307051740e+00
1.430888100696324106e+00
1.545864635700553436e+00
1.388735436422526393e+00
1.146687904713279638e+00
1.236721785879905333e+00
1.159234953842522842e+00
1.390957584015802384e+00
1.632141489932810829e+00
1.386119187587270041e+00
1.457540407794094994e+00
1.466104434403381784e+00
1.560587589169343925e+00
1.949579501926517855e+00
2.394158317448355167e+00
2.230130634145937929e+00
1.885489664531559528e+00
1.754268805465099668e+00
1.384211739681685982e+00
1.274952660597263421e+00
1.236223114318685479e+00
1.456231961868735603e+00
1.311976674545538568e+00
1.314484723067924188e+00
1.749371584289719728e+00
1.506084385827934469e+00
1.511302998888078841e+00
1.785585228193629748e+00
1.738728028710642581e+00
1.887908437710342557e+00
1.918449388209422457e+00
2.233817750630579635e+00
1.626873385219322676e+00
1.617588517825012451e+00
1.725052494111533052e+00
1.402578121682763967e+00
1.589783004687642443e+00
1.139319516588926717e+00
1.515591838658530754e+00
1.657443788375736915e+00
1.377831049475179981e+00
1.748384496055177983e+00
1.734785260042840394e+00
1.646980458586657425e+00
1.581354859819417147e+00
1.448865182349976743e+00
1.541529194171828543e+00
1.496980772972848817e+00
1.508416512855843106e+00
1.753232428974025314e+00
1.774923138310778858e+00
1.702719647852716678e+00
2.050752707697685917e+00
1.981974193269805173e+00
1.633611470806594967e+00
1.643659729619150189e+00
1.551641849523387684e+00
1.374605830454133981e+00
1.613840864146629528e+00
1.283277661683922766e+00
1.670261380011447860e+00
1.767475632873632296e+00
2.020095628405195409e+00
2.085622335307127706e+00
1.755987345985439818e+00
2.298330181442179931e+00
1.580569733754306538e+00
1.940300012221838344e+00
2.118357772807406558e+00
1.664713661298319103e+00
1.768816350710999075e+00
1.704786085104500692e+00
1.934568496446635422e+00
1.526613445359975341e+00
1.735296968289359087e+00
1.516800457437163852e+00
1.559744598923181513e+00
1.497563236717255331e+00
1.637001477230927371e+00
1.445257434273306885e+00
1.140646636644089940e+00
1.475639563094835793e+00
2.040660989137462966e+00
1.777559542886800958e+00
1.868084085460104848e+00
2.364442011888090001e+00
2.479402645302906993e+00
2.552447542235967148e+00
2.383105294541507213e+00
2.156962570749049846e+00
2.043252682124106823e+00
1.915129435812036540e+00
1.859187588889338771e+00
1.550229174301382740e+00
1.373050605345504049e+00
1.443969778319438513e+00
1.498965504577336461e+00
1.232890420053482927e+00
1.282022719924265530e+00
1.236440032380682119e+00
1.252695404716905880e+00
1.389236840298011089e+00
1.278428791586646796e+00
1.429151924520493111e+00
1.356855835931659815e+00
1.432251548868108904e+00
1.544420258218957231e+00
1.729736910243106607e+00
1.572801777611676721e+00
1.672850474693358125e+00
1.580620766153849166e+00
1.634415508470760336e+00
1.284726825209003387e+00
1.123827282214019396e+00
1.429069201548380352e+00
1.279764968806449188e+00
1.236541871896455369e+00
1.733417872473490995e+00
1.562278115925107791e+00
1.825433735372282262e+00
2.176975603302193196e+00
2.278213621321408588e+00
2.296786829373013816e+00
2.618559360671020464e+00
2.314620311941839592e+00
2.214677857020856067e+00
2.164942831013713320e+00
2.018216718709116897e+00
2.267165416260538802e+00
1.969945944896893231e+00
2.142547816646898529e+00
1.619774656818340208e+00
1.634543432130429075e+00
2.140286978828729314e+00
1.827262713795238858e+00
1.709870062803545032e+00
1.826349387704404137e+00
1.403996456080077060e+00
1.316665382726060152e+00
1.296582193733422539e+00
1.519079732097107005e+00
1.606006418069498842e+00
1.876534298710065274e+00
1.662614421710905122e+00
1.569248985080125891e+00
1.572846049840217031e+00
1.414851503513524067e+00
1.392038276252930196e+00
1.122737720510200488e+00
1.144561484616693159e+00
1.172545787755886249e+00
1.249334280255205876e+00
1.482535197520644443e+00
1.768411214972428924e+00
1.681942357240066688e+00
1.663697843423429523e+00
1.870037090735000351e+00
1.839782530676616012e+00
1.770814833656711107e+00
1.445454058445197809e+00
1.611840983299067664e+00
1.535512976949442887e+00
1.212663002927269140e+00
1.283173871903700469e+00
1.726019698270212288e+00
2.243141449968882206e+00
1.925080181395551371e+00
1.623338353666661238e+00
1.333241579510605623e+00
1.249177511503198890e+00
1.341431021179499083e+00
1.361003778604240155e+00
1.483833851436863638e+00
1.467275701955252254e+00
1.506541810236459611e+00
1.711730863944026071e+00
1.805269195280669869e+00
1.813000371752158335e+00
2.098368498641443480e+00
1.933924444713241320e+00
2.026213184835333969e+00
1.669912957959174493e+00
2.124474845663235634e+00
1.696223064047667650e+00
1.788186285387044938e+00
1.307715872890879538e+00
1.434102660870209212e+00
1.237461814865369547e+00
1.221269004606361008e+00
1.159861338631252847e+00
1.243240731368948637e+00
1.398807782953466639e+00
1.362243601702009865e+00
1.306263959912360662e+00
1.408245813762689425e+00
1.718504138863088393e+00
1.689791225998524826e+00
1.705694508593089687e+00
1.909875050134623997e+00
1.914994338856578882e+00
2.234085142393497314e+00
2.244976920829683475e+00
1.870529543408431472e+00
2.100716794835907564e+00
2.208024392029549698e+00
1.570023395679046807e+00
1.597278015338542634e+00
1.599700029183771299e+00
2.050570834987727409e+00
1.581356793269825367e+00
1.584307329843426926e+00
1.862091909343884133e+00
2.054545858523416424e+00
1.970870701067613417e+00
2.536997845976306731e+00
2.075993603697515510e+00
1.735429745280476999e+00
1.850345862989979384e+00
1.555450666081906297e+00
1.587508596594525478e+00
1.789693802704472425e+00
1.417414192204842882e+00
1.580928318665177024e+00
1.758339354700868995e+00
1.801853215595898838e+00
1.597147440471334612e+00
1.976592720201442166e+00
1.866946813445633513e+00
1.981884859880632677e+00
1.788966061614447156e+00
1.443407270213035165e+00
1.446658748965462760e+00
1.214132524313003447e+00
1.468448691614432589e+00
1.588689228475006487e+00
1.610064780731783607e+00
2.213102232467742070e+00
1.915892222587837201e+00
1.692786700836045988e+00
1.843639058974621880e+00
1.803919667092056756e+00
1.782377447776141821e+00
1.976882009047851385e+00
2.041167992903439643e+00
1.798585201428316571e+00
1.683282763263798998e+00
1.601219465766917427e+00
1.628927812258099683e+00
1.415155337564850235e+00
1.208690423718837614e+00
1.380233652702215430e+00
1.345812829622294871e+00
1.569359733023462322e+00
1.858409776301554572e+00
2.114258618316772864e+00
1.807933392434711184e+00
2.026286457478096104e+00
1.839394510483725043e+00
1.467499256810549824e+00
1.527614980563067881e+00
1.446042130693420802e+00
1.591439792674145037e+00
1.505757250229220023e+00
1.534690976740828550e+00
1.733634379694392269e+00
1.824727628648981081e+00
1.842451233551037237e+00
1.303883409001771687e+00
1.446964149159311930e+00
1.478971602978564892e+00
1.255413161297687985e+00
1.247478946866219074e+00
1.345705026751032651e+00
1.463740208983530522e+00
1.276557393919127703e+00
1.340407675316013458e+00
1.866339389466094678e+00
2.144543168428623137e+00
2.015624078900176031e+00
1.917371413622027010e+00
1.947866425937333723e+00
1.921957251344261541e+00
1.878912185141329516e+00
1.389741289690543447e+00
1.645133797907486484e+00
1.797558801066749146e+00
1.468653702876696610e+00
1.866562635655070412e+00
1.786166784387029027e+00
1.880887343498613973e+00
1.484398924620237148e+00
1.325792455253985480e+00
1.272199788263691067e+00
1.295631605059601510e+00
1.286900018437328264e+00
1.631841810488175115e+00
1.522674549074236827e+00
1.608591735053152227e+00
1.571308328729512205e+00
1.568023519873961824e+00
1.576717841720324476e+00
1.662297868036195725e+00
1.706347608563075102e+00
1.512724821618496529e+00
1.435636470838210332e+00
1.069259359105359852e+00
1.336696143738424825e+00
1.828471662387133323e+00
1.725131669863221751e+00
1.787404765616130042e+00
1.538329618194675064e+00
1.794775342110951133e+00
1.496508480510578165e+00
1.553999630516934127e+00
1.508716815518138743e+00
1.505382304730268572e+00
1.877934275381930362e+00
1.602453352554214838e+00
1.499620172738328039e+00
1.284660443177018330e+00
1.376771815440558600e+00
1.328582501446161857e+00
1.735979586479715397e+00
2.220273953107656073e+00
2.353350856396931867e+00
2.013250050292813675e+00
2.167523002656937425e+00
2.356736197379423636e+00
2.218453651540012839e+00
2.169159743120588679e+00
1.983497654180343961e+00
2.059873550483571680e+00
2.079048593731547712e+00
1.871028775058557247e+00
1.406893401188270110e+00
1.784374900410495846e+00
1.361117416059913765e+00
1.471938771804410351e+00
1.571986792709844316e+00
1.458811467402152395e+00
1.311700652348765761e+00
1.294216501876587877e+00
1.716042629217072735e+00
1.876592627412106529e+00
2.049000928395764642e+00
1.824822976278915210e+00
2.249514196145235179e+00
2.102215483449629829e+00
1.707831733708653488e+00
1.394269003193354672e+00
1.311410153341501683e+00
1.273849269297530284e+00
1.379668351525255687e+00
1.493095931887084893e+00
1.389999855135874984e+00
1.256070864171574542e+00
1.271398555764264415e+00
1.147454420357375771e+00
1.384090061557895934e+00
1.544799181228892149e+00
1.780731413896799786e+00
1.831564230882017474e+00
1.392940869008638671e+00
1.280054965568572456e+00
1.483396510298076398e+00
1.202173725587480257e+00
1.137526679651873929e+00
1.323369966135604869e+00
1.404803599436968753e+00
1.290817386649487419e+00
1.561553663191277863e+00
1.485805327187291747e+00
1.117287786527106475e+00
1.163558366808747468e+00
1.195351810914846657e+00
1.649362638298814465e+00
1.593089719834614559e+00
1.808515345175907063e+00
1.812853819406623046e+00
1.365900080267969274e+00
1.290188620193188918e+00
1.597145603439131811e+00
1.223640490836844785e+00
1.143454850145401158e+00
1.354135148749864959e+00
1.851120755560448750e+00
1.681549363876521319e+00
1.965606469217240360e+00
2.054510070350679563e+00
2.039855728721227557e+00
1.782488264609281448e+00
1.680868442618834724e+00
1.404768478774270246e+00
1.569487155371587228e+00
1.177288817360885753e+00
1.325134308418335571e+00
1.259711516571331957e+00
1.980899140144724457e+00
1.538455734191229940e+00
1.561263691319911162e+00
1.893277462654049392e+00
2.236528209745017204e+00
2.512262778470006008e+00
2.228589921206624691e+00
1.466038709466313206e+00
1.642409498618788932e+00
1.394315288182768287e+00
1.371063825282875070e+00
1.388940794609460294e+00
1.455264046644317188e+00
1.457326986740132391e+00
1.934050529052947942e+00
1.662638050823206370e+00
1.528736785292121203e+00
1.917770686295819704e+00
1.830210420043615116e+00
1.840495608466679034e+00
1.734117882760169982e+00
1.928420649005168519e+00
1.728789526987027703e+00
1.732985431057253223e+00
1.612678615640506852e+00
1.602076190259951405e+00
1.326045548626042514e+00
1.356827618399869095e+00
1.632069089458724420e+00
1.526873331111905374e+00
1.380931609234767210e+00
1.200750563333317755e+00
1.650577428384227163e+00
2.255143068827915709e+00
2.370680016157519887e+00
2.313664470275162088e+00
2.359289175244197789e+00
2.365554960043389610e+00
2.185033829701950481e+00
1.639114835913957569e+00
1.425730835564586130e+00
1.441774810040750809e+00
1.856547273475571247e+00
2.064166828427511202e+00
1.614040348651204271e+00
1.591379577768772258e+00
1.742866981416699490e+00
1.878200983424952897e+00
1.761373076273796690e+00
1.964933994592648281e+00
1.828568051637694758e+00
2.110743235638510296e+00
2.129681364239863317e+00
1.640157390202488408e+00
2.190954150692357327e+00
2.165215269728796077e+00
1.736887487358758086e+00
1.363626403647760110e+00
1.492914957329226189e+00
1.774912724543638021e+00
1.619510022510108449e+00
1.465199519387351490e+00
1.478212283459595433e+00
1.514159104386088694e+00
1.304570875205795177e+00
1.519874939307958250e+00
1.301776626124876213e+00
1.689681104686074242e+00
1.731972020350939889e+00
1.620606389001517433e+00
1.756177061974940390e+00
1.961319963797306887e+00
1.917701590199795580e+00
2.005969468003363954e+00
2.078371622916961758e+00
1.914611565593482556e+00
1.846209159721104776e+00
1.585950384897123699e+00
1.245212436525610311e+00
1.523807530377287778e+00
1.375098909857858542e+00
1.469874143332629002e+00
1.457946946770880547e+00
1.364700777285898781e+00
1.062797894136229937e+00
1.494585984467434514e+00
1.574181217740068472e+00
1.672229350440159967e+00
1.800227782973889079e+00
1.796753068093056349e+00
1.794236446161625809e+00
1.929610704042312497e+00
1.725453762947418923e+00
1.567115517535162539e+00
1.499001854685150903e+00
1.216557234483724992e+00
1.418379993701045727e+00
1.354930241650471379e+00
1.148167164600628842e+00
1.305000956156278313e+00
1.148912698578630431e+00
1.118924164519989439e+00
1.542651133484022719e+00
1.095537484726125443e+00
9.949253597405395277e-01
1.311406903827163850e+00
1.256396294701753291e+00
1.503143780645972205e+00
1.486427088939630714e+00
1.439965477902810598e+00
1.623072811134347537e+00
1.816369229847956790e+00
1.747125875633484426e+00
1.788369507010096005e+00
1.679863272132367857e+00
1.545739827719060155e+00
1.497285902394034585e+00
1.621331143009607789e+00
1.628195961954371107e+00
1.772275570134427713e+00
1.492953231282556414e+00
1.294217190273594165e+00
1.320282310716035079e+00
1.166150612233648021e+00
1.302561113411879745e+00
1.130645837772042084e+00
1.007240795665660826e+00
1.161320926864408021e+00
1.230586025932203675e+00
1.144017715884181774e+00
1.035860296985619655e+00
1.308598246813764021e+00
1.495228822602706842e+00
1.600169018255368947e+00
1.886993820432689262e+00
1.505028671937925999e+00
1.568538792907172130e+00
1.327026139699905016e+00
1.578658196149987258e+00
1.716610297412364705e+00
1.645694285242179422e+00
1.819234024530138605e+00
2.496758235581708618e+00
2.054971705966682105e+00
1.667745121046418477e+00
1.664972736647282181e+00
1.658396744384509347e+00
1.876104036804105535e+00
1.803680571008822842e+00
1.612660603696574713e+00
1.688649345055941886e+00
1.285132529345373475e+00
1.119754364083383136e+00
1.342106338685667977e+00
1.349826004880389618e+00
1.553661359780652784e+00
1.388135722418662787e+00
1.313892214039200645e+00
1.416185512638351796e+00
1.358240318974846428e+00
1.464578589601099212e+00
2.034501753053074236e+00
2.473275648364719803e+00
1.985395522455519313e+00
2.115545382420806142e+00
2.162725514167375351e+00
1.978937652162425564e+00
2.042689125428681418e+00
2.089932903179324342e+00
1.883908565839301108e+00
1.585385648321524954e+00
1.489468795093132680e+00
1.727108334778350685e+00
1.405946964133559796e+00
1.487265455975605777e+00
1.314109610430330921e+00
1.248173271461744394e+00
1.354724282846699879e+00
1.193683477637813573e+00
1.320842921448379226e+00
1.431196937812864611e+00
1.808276831126461648e+00
2.129109198856338203e+00
2.368974483772741113e+00
2.358273492691906892e+00
2.082951637326452943e+00
2.011113939807468665e+00
1.913107286291391596e+00
1.707077381969397400e+00
1.704183548335779008e+00
1.757260533713476569e+00
1.863817710490593971e+00
1.785049657180448168e+00
1.695735555733517419e+00
1.694664416937559315e+00
2.046405129066668049e+00
2.003795301863756873e+00
1.676132140554401406e+00
1.455203984913531423e+00
1.286995368764146441e+00
1.276164693640167380e+00
1.519630273823613598e+00
1.812104955734150424e+00
2.197482785038472830e+00
1.996626741562307572e+00
1.734153493719166050e+00
1.994505784647381708e+00
1.945565187167740850e+00
1.824671584799559376e+00
1.665647576925992412e+00
1.476748241457922495e+00
1.282550276033251890e+00
1.970506627947033129e+00
1.670965134873135360e+00
1.406800144280102138e+00
1.471224834014431382e+00
1.675678109464608712e+00
1.867811693014010066e+00
1.655714626320449412e+00
1.402134003975998411e+00
1.328054347285849701e+00
1.134619093306380222e+00
1.124241704890073246e+00
1.470591690780229888e+00
1.323685726059819379e+00
1.297401418869698730e+00
1.668773003796302890e+00
1.973182826176903326e+00
1.784204618730957925e+00
1.875212445229431202e+00
1.861314701167471330e+00
1.891068205449417228e+00
1.786276639609107209e+00
1.556381656285124704e+00
1.283184683155101258e+00
1.471816622883693970e+00
1.243579782067277151e+00
1.555581620703165413e+00
1.583071755462391206e+00
1.834273219883844508e+00
1.944573883590909880e+00
1.748777079858971462e+00
1.644708054470598757e+00
1.741659874320263146e+00
2.061492254414456937e+00
2.338255817220231236e+00
1.808968250350147633e+00
2.012859312175855120e+00
2.048384492698276826e+00
1.927156785651992443e+00
2.304699658210946467e+00
1.982623508287870040e+00
2.029818619834052651e+00
1.839169026851439348e+00
1.997052824769111057e+00
1.629590115157717012e+00
1.576037578954040619e+00
1.503328483336161536e+00
1.489201552614797919e+00
1.575885062640475454e+00
1.415468814637117267e+00
1.454327726438429558e+00
1.423972625379976931e+00
1.289498082313750071e+00
1.496690319235684408e+00
1.389039214830613211e+00
1.642045769176108116e+00
1.498353652027569538e+00
1.358581021619186258e+00
1.509878897848417667e+00
1.485090170080425320e+00
1.200111103747972585e+00
1.463515297117000458e+00
1.791650036042303329e+00
1.693220334828377638e+00
1.519917075722048594e+00
1.523659205539338535e+00
1.524527229073705303e+00
1.533303577048187538e+00
1.490733397326453824e+00
1.527017762801406109e+00
1.440992900207580751e+00
1.226644842676942071e+00
1.431794071915509114e+00
1.652712865767953732e+00
1.424800050788308958e+00
1.398364495766327043e+00
1.255084241299065262e+00
1.200564891714921867e+00
1.249521567820818024e+00
1.485045743058037049e+00
1.901656811303490402e+00
2.078171261519593749e+00
1.943544642646095388e+00
1.707174090516001330e+00
2.175989403425947710e+00
1.516014949635276166e+00
1.321401893643038949e+00
1.488505595639937562e+00
2.065047510633090777e+00
1.932033528152155233e+00
1.975787181006056104e+00
1.827220537207688622e+00
1.962906600539174207e+00
1.734794261543880500e+00
1.613988951912997294e+00
1.348312724166015553e+00
1.379380214887931055e+00
1.191536520024959467e+00
1.302187339288408685e+00
1.358303515024698704e+00
1.432346859055603883e+00
1.817544973317993584e+00
1.806283428899152943e+00
1.843665428259136263e+00
2.333450079654463050e+00
2.135767250581757981e+00
2.337474113524445229e+00
2.162360605841231465e+00
2.627466447647046177e+00
2.248781149170797633e+00
2.249045763854804036e+00
2.187404170731781061e+00
1.910318881393656909e+00
1.747860432734857916e+00
1.572020307155898244e+00
1.876620303640475163e+00
2.031894217898892574e+00
2.085040357536649402e+00
1.579010838969113761e+00
1.756606684994506118e+00
1.542715861952006051e+00
1.533164188399403827e+00
1.672910067061360140e+00
1.637994778735804902e+00
1.849579965193693942e+00
1.799385881490783934e+00
1.928878778533048788e+00
1.426719138778071772e+00
1.534427692456734604e+00
1.254785843324426553e+00
1.447023947875824668e+00
1.431237543801713308e+00
1.728708016220350530e+00
1.711182690260078632e+00
1.738510095171013736e+00
2.023704703141423700e+00
1.858102067461942841e+00
2.199644713445957134e+00
2.460051571924253722e+00
2.159808441146609859e+00
1.982932351877534805e+00
1.850687553988515255e+00
1.497591634919540837e+00
1.357849475966478758e+00
1.395366638692424610e+00
1.744967719938784301e+00
1.423030962324153492e+00
1.266249748822762200e+00
1.467064102567301909e+00
1.202554087684414075e+00
1.349783502428225868e+00
1.048961300582037293e+00
1.235704599760154565e+00
1.445071376767898430e+00
1.505543617656232680e+00
1.430582989337569888e+00
1.373570582327011902e+00
1.312557939330740719e+00
1.145114742619963710e+00
1.349581341670408330e+00
1.336874226599820803e+00
1.668163780927200079e+00
1.716932542903621739e+00
1.711986601987343537e+00
1.942964156126588238e+00
1.982559057653751511e+00
1.932618341409823914e+00
1.852961895360351052e+00
1.595328232260274426e+00
1.736352037867362696e+00
1.601872529062512207e+00
1.855302500841239599e+00
1.468017901204268227e+00
1.358225784098553657e+00
1.952633626036215375e+00
2.170803675511214337e+00
1.996623190938980885e+00
2.005628713931371099e+00
2.279150831247810594e+00
2.364026333902115695e+00
1.986558838215906952e+00
2.122105715242055268e+00
2.293136601929079532e+00
2.580449463647654262e+00
1.681391722847734416e+00
1.552357784560472576e+00
1.774296403714471726e+00
1.653029629836560987e+00
1.982995632411454157e+00
1.673207724642995720e+00
1.399559265156938404e+00
1.384577671827458056e+00
1.090651548696105255e+00
1.263480914047061976e+00
1.300770440092422042e+00
1.565709008392904167e+00
1.599306592292630391e+00
1.574262718656423532e+00
1.750983031175037397e+00
1.571307203634797034e+00
2.013925438943921620e+00
1.624725733117190263e+00
1.351961072587959167e+00
1.845156064607365254e+00
2.005552530544055578e+00
1.945303751925292701e+00
1.903271481353007388e+00
1.941742964665768900e+00
2.140769376755042419e+00
2.090272124297124279e+00
1.862698417558035446e+00
1.630633590071124850e+00
1.910361221369987650e+00
1.554382441183386199e+00
1.671266462080120974e+00
1.341222223284295190e+00
1.590661625822595404e+00
1.459109170193051197e+00
1.687617277645405922e+00
1.550074588152661637e+00
1.738359486156327183e+00
1.528023809939053956e+00
1.633966815256999716e+00
1.874706224962509937e+00
1.453013695308786879e+00
1.576557424396946239e+00
1.285981603050784461e+00
1.750577468180905871e+00
1.412305961667982723e+00
1.415416981992173362e+00
1.816218019203339473e+00
1.608988827371578445e+00
1.503654838007002503e+00
1.216878667022869953e+00
1.629258668678554844e+00
1.738753719370977668e+00
1.685485205005419873e+00
1.832468344077827771e+00
1.525026167969404822e+00
1.729865269423083163e+00
2.007617881083424649e+00
1.932246781620792220e+00
2.227729108575329686e+00
2.024538837379264322e+00
1.860072233425215771e+00
1.740418676685155930e+00
2.050808823503934342e+00
2.394246734059070736e+00
2.252973594261696189e+00
2.370113199307900320e+00
2.124560714869102807e+00
2.001801769115674201e+00
2.305219863791404311e+00
1.905730446586598736e+00
2.389492295150898116e+00
2.228424997282161701e+00
1.925814649137748802e+00
2.044121781858576181e+00
1.600792605132440372e+00
1.428189456598136120e+00
1.530861533136078201e+00
1.947192521357330008e+00
2.040448786942071546e+00
1.805578700704224104e+00
1.610294134814862055e+00
1.335099419735107817e+00
1.501156399408198672e+00
1.568664344813961442e+00
1.502589627045537446e+00
1.788897978900432228e+00
1.162948604662393137e+00
1.326564513600862583e+00
1.454297518943045597e+00
1.396595126494825756e+00
1.432155057252002983e+00
1.323782394788873829e+00
1.645741894339954658e+00
1.570113705411851246e+00
1.457992393374690776e+00
1.610329322036029076e+00
1.861923160067812777e+00
1.697644219560689338e+00
1.541737930370367327e+00
1.590596822080098782e+00
1.499992329404444158e+00
1.062321472180706161e+00
1.363082775918685874e+00
1.366639340371442746e+00
1.203084146762900097e+00
1.533248528767851449e+00
1.661571426457694844e+00
1.325007934503624973e+00
1.140154442621351683e+00
1.461565630646992853e+00
1.456531161815604714e+00
1.367552439775183259e+00
1.266981630177841822e+00
1.594533944290717598e+00
1.663607821855993540e+00
1.741061195424906005e+00
1.500140785547944944e+00
1.845748403252398084e+00
1.860109312076962285e+00
1.946997117390711907e+00
2.108185107745821352e+00
2.296810566794190489e+00
2.161015431915333185e+00
2.180349062121976100e+00
1.960971358086848415e+00
1.893497590266441266e+00
2.304336897124116934e+00
2.175084630020595267e+00
2.201613785093607945e+00
2.492961946145545227e+00
2.544326219524456256e+00
1.785546676868462246e+00
1.629898701696426144e+00
1.278669373039504897e+00
1.774160234916608125e+00
1.989440294241187734e+00
1.643876219530558735e+00
1.485427279937042933e+00
1.438495188851305118e+00
1.481708980283405586e+00
1.778323165687504925e+00
2.019183219358288373e+00
1.982920098142741061e+00
1.970154351973943285e+00
2.263456934165701373e+00
2.435127595747363483e+00
1.928564077314406155e+00
1.457920812447222048e+00
1.532187603942453125e+00
1.410307630934445111e+00
1.274612164709714168e+00
1.149577301394810958e+00
1.410861467656242763e+00
1.351530623760155647e+00
1.479341535667799690e+00
1.879345915424153191e+00
2.207212378083435844e+00
2.445727088109332925e+00
2.404954300650784305e+00
2.438881041660643234e+00
2.425799308338095983e+00
2.174913376443824209e+00
2.150274666716403882e+00
2.205842751759389486e+00
1.807675898252284474e+00
1.905481303997900389e+00
2.019369101865394089e+00
1.877488580117080197e+00
1.956961400238275139e+00
1.555324616246873015e+00
1.445916808941673404e+00
1.523596516424384983e+00
1.328981535010147930e+00
1.723179592141199201e+00
1.810403654301928844e+00
1.782533454060873046e+00
1.603956391612479493e+00
1.774026940555571308e+00
1.938231073332739030e+00
2.134553070957013965e+00
2.285109989948282294e+00
1.884670073514349120e+00
1.612256673544190555e+00
1.734677137995435547e+00
1.556167505322827438e+00
1.904181224286419116e+00
1.805023591652610282e+00
2.219905018616635584e+00
1.854632333168236613e+00
1.658437671391174151e+00
1.414130203592229407e+00
1.671353784261618847e+00
1.475154389447486780e+00
1.553652948121135857e+00
1.241466626810188156e+00
1.610101292118816252e+00
1.631685208102718221e+00
2.067842114288054756e+00
2.006861333621593690e+00
2.096652346414968004e+00
2.330535035599178073e+00
2.052375752255320318e+00
2.483357128897799804e+00
1.842630885008416985e+00
1.512076326070504129e+00
1.629851145016944391e+00
1.717862622538305351e+00
1.646673557749694483e+00
1.678113006477706115e+00
1.566956370007411836e+00
2.087795410680152397e+00
2.021885229053134392e+00
1.875873297816732066e+00
1.828350406676420015e+00
1.899957277709359182e+00
2.019494360964964486e+00
2.066063570682374895e+00
1.737900341732056653e+00
1.478084589942830540e+00
1.832674720657887946e+00
1.526245730029684999e+00
1.652568541693500537e+00
1.436329718156873270e+00
1.661242055257490025e+00
1.804014190475705881e+00
2.296951155663311095e+00
1.954430288297018592e+00
1.978337053007178215e+00
2.007910179099031911e+00
2.055664433460183904e+00
2.181919684877831944e+00
1.726252079601886980e+00
1.425198141679227426e+00
1.507662342380612808e+00
1.599847323475581229e+00
1.410757168070411849e+00
1.348727101684641383e+00
1.171630536837747094e+00
1.241234480658313988e+00
1.116522543549243407e+00
1.346809484252081690e+00
9.908912810169697716e-01
1.084954828097421720e+00
1.485299279260090755e+00
1.634729233530321402e+00
1.748916851960180985e+00
1.622975926754189224e+00
1.325633248369781692e+00
1.697876115378828876e+00
1.310409226126274973e+00
1.881680601602053304e+00
1.325830044547852138e+00
1.470518424997830254e+00
2.105220447429120068e+00
1.624249027795989342e+00
1.545726544737196839e+00
1.501233823736146666e+00
1.246636149660331316e+00
1.305472592128279263e+00
1.318987292693607261e+00
1.359160432538614405e+00
1.673526905932143594e+00
1.371638905393395946e+00
1.203753221376234084e+00
1.444362406673847188e+00
1.743930038302329066e+00
1.724525758416390664e+00
1.589991936865948974e+00
1.844943252805932632e+00
2.051817688695804165e+00
1.704285542596099878e+00
1.343401984899577517e+00
1.344282940561651429e+00
1.431180533309515557e+00
1.348578011696436763e+00
1.557900504778507944e+00
1.344583360674713290e+00
1.328572594210617464e+00
1.522291050009171087e+00
1.817065302359984758e+00
1.193555309541122433e+00
1.467831270779858421e+00
1.705798504001051263e+00
2.017344974493143095e+00
1.977821088699668550e+00
2.055549090879040808e+00
2.366295811308704700e+00
1.940273022906389144e+00
1.783064182014073129e+00
1.649040310392322572e+00
2.213046989062476211e+00
2.135065369779778788e+00
2.195518918466251801e+00
2.094419633526462210e+00
2.200784988356153882e+00
1.848210849638150854e+00
2.321597072791399707e+00
2.304454250676987392e+00
1.917475758640902583e+00
1.515263370064206860e+00
1.647030248117996365e+00
1.426392895482575973e+00
1.723181291354432210e+00
1.860209185825081990e+00
1.992159079220071405e+00
1.860084157814819505e+00
2.006953108089296833e+00
2.487075733129545885e+00
2.060500133003001721e+00
1.981640631342388437e+00
1.807525997447682942e+00
1.723426730647239058e+00
1.661016210697980000e+00
1.741635169315726150e+00
1.573260902398862404e+00
1.422939500456756212e+00
1.400264442311966562e+00
1.492338040508981001e+00
1.790652149089083212e+00
1.463940188792101305e+00
1.876824581987381668e+00
1.978611591733274722e+00
2.315032459158792300e+00
2.220823734484695500e+00
1.911640443102017306e+00
1.553201096449282836e+00
1.839245588270178589e+00
1.834846190451813186e+00
1.648473784607652037e+00
1.941973923008473379e+00
2.034547637965802291e+00
1.987776106582456181e+00
1.489945160274130931e+00
1.803681469996092801e+00
2.151529055542115820e+00
2.531520097456698259e+00
2.267755826864526369e+00
2.051619641056534604e+00
2.125078330269637217e+00
1.703239287020340775e+00
1.834181461792325329e+00
1.925456135754371578e+00
1.456382686353405731e+00
1.560183707239494844e+00
1.700044039880223679e+00
1.714494538598589024e+00
1.767497897227587877e+00
1.931555637428118422e+00
2.048769959174061572e+00
1.937547862415834876e+00
1.993751371168628772e+00
1.734390352169895566e+00
1.911876890294726294e+00
2.091739792187917057e+00
2.150457981505421667e+00
2.352982721176587688e+00
2.286721746162869717e+00
2.391250342402452933e+00
2.187400172195170800e+00
2.040839284619243355e+00
1.715051113394899573e+00
1.436648994401407142e+00
1.244892397687453522e+00
1.420343742933673603e+00
1.299180380292609849e+00
1.484832615684562152e+00
1.456453769148999600e+00
1.529391233014027129e+00
1.667689453849886094e+00
1.701355268801187925e+00
1.704879507120339532e+00
1.703218644241433655e+00
1.648744022327698566e+00
1.352644193210462698e+00
1.441760985639099601e+00
1.436795350559927797e+00
1.489016190059157640e+00
1.554382710858471128e+00
1.471839175946459743e+00
1.253829431094315661e+00
1.575399143853742245e+00
1.665607700243803668e+00
1.393755597295097459e+00
1.554845833494227669e+00
1.944324364393821059e+00
1.961669280611148203e+00
1.969845724298353806e+00
1.824998426461522882e+00
1.605461187120727828e+00
1.796978183238941984e+00
1.782975886956135625e+00
2.134395599287457035e+00
1.717040283748815899e+00
1.601561883249618568e+00
1.477241463128327492e+00
1.840600402248958822e+00
2.298469740570478148e+00
2.276109965109865296e+00
2.270882819073536840e+00
2.121345318422915405e+00
1.981246583042209242e+00
1.492174703477655129e+00
1.752214745920180228e+00
1.770051794987415494e+00
1.617273166721085786e+00
1.769742580631988194e+00
1.902693717632870873e+00
1.890923965783120497e+00
1.342110235934552698e+00
1.286444718248270780e+00
1.574280710182751841e+00
1.579684192375734098e+00
1.269761223840030651e+00
1.372376502151143374e+00
1.575608493371955632e+00
1.607379905362473771e+00
1.100292489535766860e+00
1.486102198214461545e+00
1.642904999836180657e+00
1.809109687574059766e+00
1.975114743769511128e+00
1.650676528802364151e+00
1.929248230165113043e+00
1.743780997613213701e+00
1.748237832759200749e+00
1.897580339457130227e+00
2.040347509883114974e+00
1.966801969821460716e+00
1.686913727161431398e+00
1.625934283047651974e+00
1.481401651801292907e+00
1.475033730644387253e+00
1.765059706653885119e+00
1.984659070733719277e+00
2.058756493875747662e+00
1.829183772300605915e+00
1.950268974532476607e+00
1.757160200483036228e+00
1.688377630162043452e+00
2.105615671334348793e+00
2.223389496253769249e+00
2.393689061044808053e+00
2.206362056885079692e+00
2.159934417228630998e+00
2.016879874947519191e+00
1.820325309690834503e+00
2.021435590635608293e+00
2.060142359638979404e+00
2.301744239099864142e+00
1.731930338256591817e+00
1.754246749323205457e+00
1.581953544289406821e+00
1.585933490495729625e+00
1.286878249678160113e+00
1.396717298829688758e+00
1.583796893694912278e+00
1.374075728738681779e+00
1.632642039100475451e+00
1.587259640544171901e+00
1.891616832014138438e+00
1.786178418723676886e+00
2.118843618460330092e+00
1.978502638881091791e+00
1.948249703072365779e+00
2.058367146987481799e+00
1.627262175910989317e+00
1.453293900641444036e+00
1.188640118298627035e+00
1.431996782667033452e+00
1.501607827799386063e+00
1.442413925466119684e+00
1.237490171731476574e+00
1.501268200517251517e+00
1.626794870033426044e+00
1.644602671152799234e+00
1.232040288993544674e+00
1.330723916455408329e+00
1.116607235405273180e+00
1.174379588406603281e+00
1.417573991169812198e+00
1.605614313306855223e+00
1.327703083240849402e+00
1.796159030833321069e+00
1.922936000023219849e+00
2.094848297000668769e+00
1.995681247204566411e+00
2.103927805147802310e+00
1.640961908517146739e+00
2.194168483048372753e+00
2.112189859048627660e+00
1.674241977607373588e+00
1.523000695541470773e+00
1.697938386725231341e+00
1.715898485743046598e+00
2.150601317023908443e+00
1.952822297210350833e+00
1.891686606124827863e+00
1.511349354928473332e+00
1.506545822645196209e+00
1.275127066333966885e+00
1.915278442122800628e+00
1.955856731276129912e+00
1.664668357502927298e+00
1.826634457874043438e+00
1.387265246813080388e+00
1.715933562563383807e+00
1.571379727457773212e+00
2.060078318685699461e+00
2.185488149239868338e+00
2.158409124312864691e+00
1.724769649105668101e+00
1.822336845050239296e+00
1.758661900230237496e+00
1.720509409710936133e+00
1.269416647320221081e+00
1.175314141062221429e+00
1.158853580794274363e+00
1.191189160177923867e+00
1.394256665382891169e+00
1.692400404175134376e+00
1.216397664357688813e+00
1.550994313136666358e+00
1.231410641760412483e+00
1.387776468818298525e+00
1.497463241839052772e+00
1.676560021116342725e+00
1.935239653696428919e+00
1.704983604271607334e+00
1.571881843519032707e+00
1.743295827633303929e+00
1.856002352526707089e+00
1.538745312536745624e+00
1.304538643964858302e+00
1.154371790138428500e+00
1.142607986368445516e+00
1.070126474939921080e+00
1.205868406861644093e+00
1.326785118106275752e+00
1.804577091181128301e+00
1.411721310470870350e+00
1.445738974550920597e+00
1.289624118899671767e+00
1.309273944344915508e+00
1.538563517214242449e+00
1.574518172358795320e+00
1.767770148575799061e+00
1.182048079331835311e+00
1.690445804205981561e+00
1.886729624287793117e+00
1.559670719537333383e+00
1.384417834306595374e+00
1.359351155121047761e+00
1.321533844641787248e+00
1.239382532897469913e+00
1.567113870498014983e+00
1.600983861889433868e+00
1.773676492591903076e+00
1.993299544576373039e+00
1.754925563018191914e+00
1.962288211037511276e+00
1.740448354135940123e+00
1.997435750122116493e+00
1.384352095437371588e+00
1.281188276758468803e+00
1.357740459024089130e+00
1.497357903759576336e+00
1.260400909670324809e+00
1.596980492742975155e+00
1.247138596509566044e+00
1.472097457697576051e+00
1.479067665055083580e+00
1.649615199216981853e+00
1.231341078522077748e+00
1.396370454483520485e+00
1.235618660468667862e+00
1.325642523489772628e+00
1.357866811860436673e+00
1.280500507893864492e+00
1.271675367821512248e+00
1.270466222438113135e+00
1.483799776881901344e+00
1.618919297860260897e+00
1.851267156212034637e+00
1.814768027482537294e+00
1.560765059373126151e+00
1.585173829039372873e+00
1.636649554733185630e+00
1.719892046375558925e+00
1.737663811711410267e+00
1.240427389554790594e+00
1.183139998589992192e+00
1.253008363095529987e+00
1.235386604516206965e+00
1.278763670176378708e+00
1.177251111850137422e+00
1.233383068768644231e+00
1.437059005375051379e+00
1.048564271314170071e+00
1.251646643469093156e+00
1.053675001429070113e+00
1.713253883881014517e+00
1.347207467419154980e+00
1.229695316523810478e+00
1.491571101809577415e+00
1.468992633328343178e+00
1.327836539915516534e+00
1.830458754666366872e+00
1.876761343418850148e+00
1.812405289985154599e+00
1.989291810611421685e+00
2.163347169553085703e+00
1.837297572099445553e+00
1.792309561911264115e+00
1.768674514233634643e+00
1.405289407739908292e+00
1.708124472911970448e+00
1.844271196182893480e+00
2.118737362549413472e+00
2.037659030007721750e+00
1.692340753848879276e+00
1.562659569232480727e+00
1.525728771143038509e+00
1.338467215740402283e+00
1.494283561836473595e+00
1.924518034522540333e+00
1.674442383845560434e+00
1.758991098388683616e+00
1.471992031624777653e+00
1.420346355540104799e+00
1.540968593733623049e+00
1.577327179206359453e+00
1.323697574881330219e+00
1.237919180651965601e+00
1.590400975329709254e+00
1.693872518753928746e+00
1.378212747025801876e+00
1.514224089970883647e+00
1.143170293390301628e+00
1.294895112463326114e+00
1.378658830059203089e+00
1.549729116913622473e+00
1.914023918476677411e+00
2.085117905252594106e+00
1.868784650403662262e+00
1.799176229351720169e+00
1.681673536125799728e+00
1.399093019918119074e+00
1.498282428049459547e+00
1.274911728267616562e+00
1.103637670013325689e+00
1.541646615592025871e+00
1.233507469610849228e+00
1.214288782109336884e+00
1.124848054293863475e+00
1.148816281717295773e+00
1.326900668291983720e+00
1.297051294942392907e+00
1.239911097253601380e+00
1.509404481662966591e+00
1.428678151426564291e+00
1.688956760711589844e+00
1.482132929103261221e+00
1.620806977331768373e+00
1.388282656196987430e+00
1.662838071050657396e+00
1.480714221625069271e+00
2.029471684219508187e+00
2.118251712629043659e+00
1.813923615124704458e+00
1.937009357127325915e+00
1.867382335246654979e+00
2.241041642379415944e+00
1.980527852256249721e+00
1.889225285227567275e+00
2.228464030607523405e+00
2.038163121828665769e+00
2.207581386677891278e+00
1.896418168955547490e+00
1.795197980464875442e+00
2.015466434580925448e+00
1.987001696741660828e+00
1.963328384039902730e+00
1.624332408184400611e+00
1.775289454398029765e+00
2.151848838537106623e+00
1.772745531397588170e+00
1.939354658888391647e+00
2.191962445065299026e+00
2.504290425647876184e+00
2.219425889007049513e+00
2.213321676282196560e+00
1.832611099611830774e+00
1.558807479300627463e+00
1.784081849921841600e+00
1.773994261799535455e+00
1.345728067785793458e+00
1.343087205167496911e+00
1.401926512324640717e+00
1.506235426679092271e+00
1.661040952302317297e+00
2.062108543341053313e+00
2.143284592557668233e+00
2.140984204378653111e+00
1.758605980310380845e+00
1.481107058549600675e+00
1.841461501686024738e+00
1.995864485799523358e+00
2.068944187416293268e+00
1.946988872232544798e+00
1.775569667789308470e+00
1.563817650287100847e+00
2.002645284109394463e+00
1.871789305008780602e+00
1.912475730973117738e+00
1.816713554966452371e+00
1.940953351258690063e+00
1.653230695483877355e+00
1.612122503806284302e+00
1.715253785791200691e+00
1.403259860121455649e+00
1.512632070831277709e+00
1.609604412525082573e+00
1.985753569780344341e+00
1.375845634012477614e+00
1.488256960177486654e+00
1.736507940596185851e+00
1.650194752370856000e+00
1.815306403434155502e+00
1.510605087370719524e+00
1.861158378161417382e+00
1.497990089304363615e+00
1.702560716847045796e+00
2.320937937030663534e+00
2.376614011631376755e+00
2.326545879186047383e+00
1.844998776582371436e+00
1.809506809536825189e+00
2.206686526561561390e+00
2.032397176566282493e+00
1.761740095803658424e+00
1.372983052748001143e+00
1.744949509787762310e+00
1.594338168017010560e+00
1.193259050525260934e+00
1.232012808215842803e+00
1.536258474078139535e+00
1.678611219665909760e+00
1.756764330024225051e+00
1.808474208433650920e+00
1.614199169804570122e+00
1.580570069830555147e+00
1.998884836879056159e+00
1.646800141041715237e+00
1.737062563850466645e+00
1.886544973831274064e+00
2.245809336170371484e+00
2.013942979150408874e+00
1.688651068964172275e+00
1.521213492433451275e+00
1.793272312314662331e+00
1.383900355028556683e+00
1.272897552504634433e+00
1.376441038571415421e+00
1.631071403147559273e+00
1.746395989300950635e+00
1.948703341144840229e+00
1.876025860640003984e+00
1.635602712498275046e+00
1.770828709712305660e+00
2.083437457232268475e+00
1.968441935920432817e+00
2.047610703463180748e+00
2.352109611107326526e+00
2.044933554427354583e+00
1.827965101925099534e+00
1.825280540628104520e+00
1.840575163941959858e+00
1.795080637752155539e+00
1.751740676740300318e+00
1.668053944186184356e+00
1.713446875841934558e+00
1.938565597970610455e+00
1.511750412992979298e+00
1.497159674213461855e+00
1.551516827682654975e+00
1.450474048538057170e+00
1.713585259546020811e+00
1.485325889611739392e+00
1.046026642112345861e+00
1.387827170809445620e+00
1.727085603662240176e+00
1.416455704767422219e+00
1.583836690353194632e+00
1.519457007753277411e+00
1.604498488131441691e+00
1.686047746494796273e+00
1.535804407344282474e+00
1.272659787384518459e+00
1.582802231563528617e+00
1.653962710413839021e+00
1.855425439188403081e+00
1.886868720538617872e+00
1.720002087107732613e+00
1.691100893409279493e+00
1.580203243273905045e+00
1.466319660603763841e+00
1.778640254341295579e+00
1.509171846632004321e+00
1.430061481009215152e+00
1.611932082321163806e+00
1.931980507103101985e+00
1.639685868782861711e+00
1.637117708693319074e+00
1.832782229922570671e+00
1.708705012467352846e+00
1.568450963012809174e+00
1.431749838119368512e+00
1.570582333570808897e+00
1.329264621928634815e+00
1.304301076239968715e+00
1.346912336262077403e+00
1.511876247300091070e+00
1.675106513850812995e+00
2.234626326061125212e+00
2.046896989525188282e+00
2.047339349608332082e+00
2.145269116859167546e+00
2.145050981066871199e+00
1.913860292006629216e+00
1.745448268247742352e+00
1.714654622652411975e+00
1.893078809819783048e+00
2.018851907199596507e+00
1.635491516507796561e+00
1.806471495747657308e+00
2.048999042076631749e+00
1.891878738966956464e+00
1.649225902126866927e+00
1.399228154084899645e+00
1.874151385302647022e+00
1.752775133679123520e+00
1.653198542878316246e+00
1.777373831451403596e+00
1.980481034060664669e+00
1.853150551848385952e+00
1.718421806161215759e+00
1.452680793299844009e+00
1.345384818845801966e+00
1.578599621096478778e+00
1.576795350289440734e+00
1.585428391201356924e+00
1.339148084899297153e+00
1.489380017698639369e+00
1.602614544502752203e+00
1.554922560825844569e+00
1.545749445702188751e+00
1.238801472994098818e+00
1.293079296262226396e+00
1.493688170559750228e+00
1.580668494410806257e+00
1.558415740370542757e+00
1.664142989184920429e+00
1.934927007590949488e+00
1.868114600257010371e+00
1.953406846029044575e+00
2.083043077998181669e+00
2.030603376759564593e+00
1.836489884110267701e+00
2.218123417820258680e+00
1.903539942758711412e+00
1.808429257930970424e+00
1.652236450418170355e+00
1.655606058109986733e+00
1.772084584602355850e+00
1.445101112403563759e+00
1.420183769391638595e+00
1.516369844780723897e+00
1.203404107801204326e+00
1.661474630703928090e+00
1.812443909944085663e+00
1.255062790422240449e+00
1.543278243125948634e+00
1.453797148727504318e+00
1.371413226768879445e+00
1.416096997850185168e+00
1.399609519032704474e+00
1.444796261800569193e+00
1.655788370843289004e+00
1.510581095773411153e+00
1.485979552079331079e+00
1.425557586657870690e+00
1.530775922281669033e+00
1.423940053463685906e+00
1.447073982254781788e+00
1.680738970569309210e+00
1.694869383151310860e+00
1.417890078804870280e+00
1.569527763784885011e+00
1.602721904559511579e+00
1.479948105683728699e+00
1.432642721242392225e+00
1.287062665065227041e+00
1.082219920774809552e+00
1.174959825322332785e+00
1.121015681783640972e+00
1.386093556278326977e+00
1.918339500826422128e+00
1.737714675866337322e+00
2.049226994763656773e+00
1.854799548781982610e+00
1.917260084372911511e+00
1.672011054001389274e+00
1.379487435511536741e+00
1.447914125554572662e+00
1.180265275582555340e+00
1.119835733912323272e+00
1.382277300035965606e+00
1.316758377448644213e+00
1.243668495309313782e+00
1.487040364220910682e+00
1.541316479132715855e+00
1.409846302244385008e+00
1.326597662606056716e+00
1.092153468312645037e+00
1.295482958280158137e+00
1.619959699920960450e+00
1.857903770458961823e+00
2.095224419801008153e+00
1.763747264178278318e+00
1.559382360747439300e+00
1.704994264042242635e+00
1.505815906592629094e+00
1.498014594037585745e+00
1.369271454981016989e+00
1.627405788075408699e+00
1.466925254586781913e+00
1.709906984407550956e+00
1.737504317306828527e+00
1.592371850259570509e+00
2.097836276604508665e+00
1.495689069225176970e+00
1.267400398756100222e+00
1.421554802444507271e+00
1.480573100789278174e+00
1.718987580188699571e+00
1.496288996061621912e+00
1.491916345559974211e+00
1.674244628563816395e+00
2.021544603036582899e+00
1.786143553084540647e+00
1.721925863258489064e+00
1.689327995917452974e+00
1.745243159106744102e+00
1.627395476871185798e+00
1.487944988058580886e+00
1.387478256889266515e+00
1.582553779227453772e+00
1.365170017676645475e+00
1.303277704155195948e+00
1.446298616519097857e+00
1.418298146968516527e+00
2.055817578400254586e+00
2.259121954371780205e+00
2.326769166871834216e+00
2.460483302812134454e+00
2.244205303237646998e+00
2.416508292342453235e+00
1.984530537414423312e+00
2.281389120156250172e+00
1.811927288434848071e+00
1.872480215742375442e+00
2.183986914124695478e+00
2.039810041648459915e+00
2.215970456772952790e+00
2.071281371310022656e+00
1.936089969793700183e+00
2.002137317357570279e+00
2.415329916509993957e+00
2.175411695599910544e+00
2.165175062886397495e+00
2.402627290770299240e+00
2.219969000173541485e+00
1.832736275109548618e+00
1.853085181213396382e+00
1.836483437189995405e+00
1.839748725053112155e+00
2.073715669135768547e+00
1.392912758620841851e+00
1.780431711721179200e+00
1.642745425418942862e+00
2.044847279364713000e+00
2.168242025748231327e+00
2.406998590168043961e+00
2.253293896342694946e+00
1.864128144619489724e+00
1.626625155870888850e+00
1.680722678696212391e+00
1.565202751711359364e+00
1.220437039681173452e+00
1.148102745019232263e+00
1.084216933389717363e+00
1.045214909595099995e+00
1.051994748706289728e+00
1.274443520397218643e+00
1.440055762131887684e+00
1.638316433408587791e+00
2.018065218527816285e+00
2.108432213644992004e+00
2.312749334209868390e+00
2.209352352957524968e+00
2.066765669723269472e+00
2.108680552822837395e+00
1.996152883411743462e+00
2.150091259383155595e+00
2.024486328467716589e+00
2.112705895812774681e+00
2.110717567221279012e+00
2.359801037244828592e+00
1.990373046198250506e+00
1.766429108396619929e+00
1.522770957823730287e+00
1.341725526562108861e+00
1.416112968074918932e+00
1.253166534560118173e+00
1.520487567932628403e+00
1.697739241142823818e+00
2.091404019220018284e+00
2.057536827938848401e+00
2.314226440948324193e+00
2.343700071257554196e+00
2.476104462261844219e+00
2.106541999694659051e+00
2.414044577241346801e+00
2.008740453309579177e+00
1.738579101479198030e+00
2.319440680805766597e+00
2.421661546754059202e+00
2.276964797732081269e+00
2.132390563295416985e+00
2.127783526508865375e+00
1.922496847932551267e+00
1.478572075422135645e+00
1.643040223478057449e+00
1.884894771008136516e+00
2.054621604734950591e+00
1.777818641094488061e+00
1.741576901625998763e+00
1.673222447066903262e+00
2.040789308577914962e+00
1.671235978281883749e+00
1.172958268276009797e+00
1.132368065133438906e+00
1.442724736151835385e+00
1.613984379783197642e+00
1.617282075288951404e+00
1.479163402087948054e+00
1.529380245421092743e+00
1.203728992415698640e+00
1.384647533399571584e+00
1.691974407880738385e+00
1.501062649361978529e+00
1.310771103652463188e+00
1.796870616341685434e+00
2.469993799875737306e+00
2.121175285619905537e+00
2.241543933230918384e+00
1.911688219685403700e+00
2.018531533915243426e+00
2.317423430887257663e+00
2.152690630364078483e+00
2.026931946962088116e+00
2.164583140598724587e+00
1.775916280006330839e+00
1.858595542351120899e+00
1.932933048759145622e+00
1.809258990344125850e+00
1.576399212984402443e+00
1.398946791979392534e+00
1.443590155370061412e+00
1.449323961939686711e+00
1.175607272929882763e+00
1.408375027158733861e+00
1.311013637331232440e+00
1.034868734490823172e+00
1.304417107645639007e+00
1.395240975748713863e+00
1.552093830242949224e+00
1.447193909893717212e+00
1.381300930363075663e+00
1.635325081221007615e+00
1.455271022704070827e+00
1.216099161796186268e+00
1.399309343770594349e+00
1.415914007804722541e+00
1.378451687285789262e+00
1.762292247153338653e+00
2.216922620061491767e+00
2.030511232480629147e+00
1.815023918602157060e+00
1.557959993624795647e+00
1.582947479628194820e+00
1.927627573321336829e+00
1.946963525021458752e+00
2.156154181267422310e+00
2.130662348322475363e+00
2.274204351221198017e+00
2.111075209011997078e+00
2.029166203159718851e+00
2.217022354691554842e+00
2.014849040606747188e+00
1.709661927235171408e+00
1.492441259477438331e+00
1.359312334384000565e+00
1.799732629290044406e+00
1.722603307358102187e+00
1.840494359659920143e+00
1.966305782993434725e+00
1.913570262739414218e+00
1.706555640720965661e+00
1.968892880929997036e+00
1.460816687516135026e+00
1.577037292231143750e+00
1.626781128164935586e+00
1.365937092676751785e+00
1.476113327929589270e+00
1.458609559738448969e+00
1.391499150615430835e+00
1.223396671799832136e+00
1.468281810673203847e+00
1.350155964462836256e+00
1.580590538128670453e+00
1.707218518231158555e+00
1.684228439093097940e+00
2.105937434927234175e+00
2.153165287147629670e+00
2.382598923028651061e+00
2.008179954064051476e+00
1.792239614342615361e+00
1.766561346994050430e+00
1.809658136857185129e+00
1.965685418867968881e+00
1.965875214262378101e+00
2.314660427348063543e+00
2.682538658536136378e+00
2.069613122267737637e+00
1.915559951704643105e+00
1.895431047276885828e+00
1.629349616098876075e+00
1.906662976030166989e+00
1.599292156588035141e+00
1.689683822854181727e+00
1.891370619800033737e+00
1.682908828505635057e+00
2.096921648060449339e+00
1.774650272245672289e+00
2.147189686226929073e+00
2.487303459757348456e+00
1.985643735983527058e+00
1.684109179531722678e+00
1.741767554868042245e+00
1.603295705331041265e+00
1.986451153517986956e+00
1.764861251899952466e+00
2.017483291664898815e+00
2.161054661432185497e+00
1.968474990964044880e+00
1.796847238969961458e+00
1.918623298235257568e+00
2.078112913903051417e+00
2.386740744331163011e+00
2.085738839951539525e+00
2.274680645217381780e+00
2.347881058382605968e+00
2.249873672780545508e+00
1.715597006348123177e+00
1.659114945591205315e+00
1.939646723042964815e+00
1.524442899475051849e+00
1.466953212948179486e+00
1.748022411092071682e+00
1.746714493858521511e+00
1.713408709902659144e+00
1.683634420852454516e+00
2.008455569673930352e+00
1.805726274062495751e+00
1.575258964168289033e+00
1.670597407829796044e+00
1.448851084215875940e+00
1.328434201309558027e+00
1.480814642039927520e+00
1.406417073504166781e+00
1.639673720421813474e+00
1.852401659663468259e+00
1.739487408451409811e+00
1.708623230073642807e+00
1.432633492182241453e+00
1.725276123505262937e+00
1.295331817059250712e+00
1.510656636456018775e+00
1.565538526672532349e+00
1.512688045928871183e+00
1.412731160507706640e+00
1.428521881530755433e+00
1.404821953771153709e+00
1.643933182974215645e+00
1.427707769087787959e+00
1.774268978517894002e+00
1.666179919646737506e+00
2.030111447632588551e+00
2.011534140055461162e+00
1.916935895158949466e+00
1.830882435143309728e+00
1.693606922483783084e+00
1.640375595048781499e+00
1.926354729939558030e+00
1.840312195590643185e+00
1.640083984279562701e+00
1.898542977856932712e+00
1.845375828035030752e+00
1.600080236824229507e+00
1.695960940637575964e+00
1.612861926679147517e+00
1.302715057623805794e+00
1.387473175620065113e+00
1.457149281091119519e+00
1.808240433411589798e+00
2.008694577968801465e+00
1.742262226089530408e+00
1.708067616574987513e+00
1.668911675898643088e+00
1.787443073762333912e+00
1.800967179979759969e+00
1.633523113554534056e+00
1.306654502853940247e+00
1.543431728436069461e+00
1.501655631902220289e+00
1.451247621598620530e+00
1.105925304411871313e+00
1.412860618515263011e+00
1.171805379085878895e+00
1.201213272452635650e+00
1.544942713159126013e+00
1.894267072370416471e+00
1.984543123620371219e+00
1.930357317707487530e+00
1.862415929214093824e+00
2.026058454669474429e+00
1.912599426137860936e+00
2.641996918045117937e+00
2.490929103362452324e+00
2.231586346806799792e+00
2.253082246408317779e+00
1.909047292561875997e+00
1.635817667586978219e+00
1.671710299818787604e+00
1.259004009920974054e+00
1.237493291488109382e+00
1.194935979053750819e+00
1.269422986819693122e+00
1.282153849863042705e+00
1.321438791015287606e+00
1.605856988974962540e+00
1.931958223246472928e+00
2.104195905937393807e+00
2.222687067827528118e+00
1.990806713989189847e+00
1.693386915165769002e+00
1.402744774031627006e+00
1.493238977666286438e+00
1.372135893600352929e+00
1.565677796291253365e+00
1.380733116836684093e+00
1.416816138531886926e+00
1.555786608651064995e+00
1.478846510309741014e+00
1.385970561820984770e+00
1.401323973109752652e+00
1.391091247883077253e+00
1.298791044331993660e+00
1.237243530434992245e+00
1.280576634226603394e+00
1.218621327334162840e+00
1.185052666181243719e+00
1.217902448620649114e+00
1.464472339480047625e+00
1.125617433417331448e+00
1.121404338258203071e+00
1.246029461434778440e+00
1.613641512133912492e+00
1.856095706731482053e+00
1.405543474324581377e+00
1.272287814656930749e+00
1.188103239490922336e+00
1.034369355853904215e+00
1.126743496734483374e+00
1.222903599822506182e+00
1.577233570580773403e+00
1.489702276665648029e+00
1.555387082082174466e+00
1.443829822249617756e+00
1.941978900926793816e+00
1.837108518560837345e+00
1.754867702603592594e+00
1.618678242770785536e+00
1.637400052607381529e+00
1.812069511132536892e+00
1.695253354320178207e+00
1.945866806397442250e+00
1.698228922117935413e+00
1.881458725122719500e+00
1.680602838035147428e+00
1.468695655150377810e+00
1.725911560672586109e+00
1.817846049685772458e+00
1.664869440412305224e+00
1.667231353866384103e+00
1.878172573187617322e+00
1.637466862793261146e+00
1.196071313309886586e+00
1.375713409353592986e+00
1.560632085201884678e+00
1.094107574595429844e+00
1.253776133768524925e+00
1.303922256132961088e+00
1.101200465765513448e+00
1.229911332312538574e+00
1.190479510693615905e+00
1.248392668339425304e+00
1.112533140269764909e+00
1.121359950072258194e+00
1.268170228769310182e+00
1.473798632749852233e+00
1.397608608480684245e+00
1.616151183211219866e+00
1.507834939713511346e+00
1.804592800996378532e+00
1.944019804837196830e+00
1.483513681799791595e+00
1.532511919668431588e+00
1.504447395604874504e+00
1.389816684086596643e+00
1.715046805935306118e+00
1.700711204236761809e+00
1.546164237588143919e+00
1.792845283564637571e+00
2.042944876314694902e+00
1.832598815077448151e+00
2.124100051035795911e+00
2.227321358474115165e+00
2.514611482139057497e+00
2.162562630027869748e+00
1.662572905884379892e+00
1.945613638642428755e+00
2.073118895356067526e+00
2.018692323953982903e+00
1.660361152766152593e+00
1.559993809946740528e+00
1.835026787800715375e+00
1.711392310808992567e+00
1.900107338852464522e+00
1.412013605271649430e+00
1.730798292895798784e+00
1.593804807432786186e+00
1.663801603753774394e+00
1.448729998537340524e+00
1.621583789937727005e+00
1.527092169543072808e+00
1.196845981162889982e+00
1.426288387079241993e+00
1.544613974226504594e+00
1.650148391469817399e+00
1.857699507110314618e+00
2.061977864877890809e+00
2.634326372258763982e+00
2.487434181008714162e+00
1.874666310835700678e+00
2.148576275628088172e+00
2.397207392561298001e+00
2.162409916972644286e+00
2.447783564967660475e+00
2.175591655021340554e+00
1.948051726259421690e+00
2.139382605367382340e+00
1.953520226033175877e+00
2.145270860961361770e+00
2.163592823498358797e+00
2.262885925107399387e+00
1.797466795715766175e+00
1.481269937118493640e+00
1.911227145493881840e+00
1.711971921976742639e+00
2.200380520367756443e+00
1.861378869651727719e+00
1.857672398499622179e+00
1.972219099780310847e+00
1.936125636606098599e+00
2.069933202749356660e+00
2.256982074438683039e+00
2.018572581468867533e+00
2.047205262693766681e+00
1.589161913570991125e+00
1.455433805275442083e+00
1.640634638244495846e+00
1.898608942345367145e+00
2.266505546698698748e+00
1.789387216782001522e+00
1.362059515013313904e+00
1.581685367947009979e+00
1.355290836281357159e+00
1.632204021504233715e+00
1.622871538488176002e+00
1.608184704181059521e+00
1.381057220865331781e+00
1.271577876690038966e+00
1.365088193073876521e+00
1.342423629293253429e+00
1.432961601554977538e+00
1.228801696118008824e+00
1.773362495016496787e+00
1.238051271162499134e+00
1.261762991191406336e+00
1.097441452236769921e+00
1.289134454405741481e+00
1.207172066986476944e+00
1.422153141718771163e+00
1.609981951029305636e+00
1.713326478657949625e+00
1.840740155787944365e+00
1.496936615923369907e+00
1.373994146696499330e+00
1.724979572360015645e+00
1.951715522766943822e+00
2.137459167798001491e+00
2.144589329775909103e+00
2.445854814391001497e+00
1.932016787817730119e+00
1.661841739662708095e+00
1.321126552297553713e+00
1.340806778362206408e+00
1.923311445635877526e+00
2.142242973035311859e+00
1.622928899580668771e+00
1.656457609989842261e+00
1.786325270331896808e+00
1.580695515972406318e+00
1.603003355712654177e+00
1.345157109876778279e+00
1.380817672496815307e+00
1.512914025988662203e+00
1.399515291289472163e+00
1.651342464384179198e+00
1.577147613292268158e+00
1.461285746805323527e+00
1.440315721391680848e+00
1.712493586040755522e+00
1.679761329606334286e+00
1.793723058737437759e+00
1.989897692191988199e+00
1.398851732636120060e+00
1.757327233984564474e+00
1.576404536909053355e+00
1.310141011788522380e+00
1.573628138304564272e+00
1.685850822924410242e+00
1.525520327469775062e+00
1.422695938297352747e+00
1.572317382457899093e+00
1.538207088286285273e+00
1.725638222383103715e+00
2.037696679982485826e+00
2.215920542313316144e+00
1.935326600482723425e+00
2.139084391488819126e+00
1.917558824790343452e+00
1.669599744110927375e+00
1.476199688439918223e+00
1.335794687826910687e+00
1.580346680947093185e+00
1.420654522882977222e+00
1.435930898704863568e+00
1.488890380848062245e+00
1.394804164233999444e+00
1.351661648365186430e+00
1.509672895034908535e+00
1.547757142609180514e+00
1.510003990498413495e+00
1.361647039365550427e+00
1.613532012696078599e+00
1.671423392848431666e+00
1.537201683491615345e+00
1.395033169029241238e+00
1.343405747053262100e+00
1.343312578808200763e+00
1.493641908746845770e+00
1.515966220184015611e+00
1.396423828705029901e+00
1.412105699406991377e+00
1.257599752004536997e+00
1.215464910842502633e+00
1.493162889446528530e+00
1.207273540711551130e+00
1.425987263208308375e+00
1.247204981695768655e+00
1.437571279760149423e+00
1.457358780462789882e+00
1.368972068553114818e+00
1.340312934790662158e+00
1.340435807725609774e+00
1.619496276569782012e+00
1.556964246427090970e+00
1.506957519376563415e+00
1.436274678721412679e+00
1.801316985573182983e+00
1.901675464880084210e+00
2.140040222091973199e+00
2.119267961129618350e+00
1.868751744260374936e+00
1.200944730171927821e+00
1.705286656058405015e+00
1.803834682953110891e+00
1.422748109496034141e+00
1.500163435624202402e+00
1.450362556667326386e+00
1.448925821407641479e+00
1.303961121504088716e+00
1.390466531107039438e+00
1.374673734314186824e+00
1.351684014942044598e+00
1.376079010273690839e+00
1.262370450874787053e+00
1.433576821456407302e+00
1.402429148945795845e+00
1.490138645173349818e+00
1.155013081634865602e+00
1.352480888057323360e+00
1.177395199166553885e+00
1.421400917504127115e+00
1.301377531004298316e+00
1.666379214874356141e+00
1.418516768917198245e+00
1.232909711313258105e+00
1.173694201146180838e+00
1.572799505541826015e+00
1.479025121513128704e+00
1.469144643498200509e+00
1.558626649187337065e+00
1.729224546269439999e+00
1.504938610245774022e+00
1.594406210228349385e+00
1.736273238627989546e+00
2.185237198642848266e+00
2.071644573649568777e+00
1.893362154745256154e+00
1.421973093269592425e+00
1.737592327341709542e+00
1.731420606431519404e+00
1.913194404390037739e+00
1.471288594954144102e+00
1.527557156243697145e+00
1.271529278542250507e+00
1.489659050646248817e+00
1.452513203493474903e+00
1.600680751441038385e+00
1.493923056209139011e+00
1.410913668100149732e+00
1.730833790726078014e+00
1.807215993820015854e+00
1.265301034360218235e+00
1.758640245825878967e+00
1.657565756161132775e+00
2.137001055048022735e+00
2.129692744310502484e+00
2.044426716794708554e+00
2.107211563233435836e+00
1.676419270029866126e+00
1.499450700857112295e+00
1.095348282419269514e+00
1.421053234196442583e+00
1.613681975508751920e+00
1.494898943180888118e+00
1.304479295985164100e+00
1.172046468128282948e+00
1.458643193183280617e+00
1.154406778081504603e+00
1.076898654898289953e+00
1.563666284018997654e+00
1.657366576812091985e+00
1.914156543687471901e+00
1.663184867926410959e+00
1.483352092102129705e+00
1.710084324437015857e+00
1.883352996636936005e+00
1.937100619978552762e+00
1.911586519959957542e+00
1.575984284146848546e+00
1.678389753501233983e+00
2.054022639741439615e+00
2.616384216459090695e+00
2.682999033252464027e+00
2.380981939598033392e+00
2.150447936890949041e+00
1.932863411239685192e+00
1.790963904790095818e+00
1.851317970944965641e+00
1.546408197188255729e+00
1.209337589556890080e+00
1.172968672195951134e+00
1.470183068380291225e+00
1.579977839029765185e+00
2.030924144235766171e+00
1.783531033875522143e+00
2.107936732149599646e+00
1.760560689748373209e+00
1.682356523762696288e+00
1.702448523545468495e+00
1.358587056245689428e+00
1.495043130667932818e+00
1.464151885293404787e+00
1.361894415760134258e+00
1.497841678630296380e+00
1.425846749344706454e+00
1.705223072826899555e+00
1.861276296501634508e+00
1.551340091328688553e+00
1.685526515478043663e+00
1.454474801760281322e+00
1.181466538865224125e+00
1.549737221895790329e+00
1.585230024113210012e+00
1.570497243004695953e+00
1.334095446341314606e+00
1.482984093220538258e+00
1.704149830041593594e+00
1.380656613453564940e+00
1.304596671971083532e+00
1.199444894542975648e+00
1.275326753707850536e+00
1.629395899591768115e+00
1.838357615944919310e+00
1.594610844011253636e+00
1.691751464416678674e+00
1.971492603971303215e+00
1.630498727314419360e+00
1.335545919767739065e+00
1.581570818826795843e+00
1.330881682029504631e+00
1.229097335697186599e+00
1.314761034981170473e+00
1.473439008387359195e+00
1.240449617084654621e+00
1.460966024296487920e+00
1.256447433957486481e+00
1.342674969661767470e+00
1.530407924018532650e+00
1.662588856738711263e+00
1.648687060861321774e+00
1.373001748712426862e+00
1.540340463177792163e+00
1.071009004874420745e+00
1.478399644363819654e+00
1.468104169408656512e+00
1.440428188249187391e+00
1.714743856149475221e+00
1.888783617929101766e+00
1.485110248543655587e+00
1.978199654491307191e+00
2.049244333424714792e+00
2.152545437038159815e+00
2.143159282233787266e+00
1.513483927165781395e+00
1.724724567613850956e+00
1.581986076708398192e+00
1.589525219510684373e+00
1.736542880360735230e+00
1.217234393707605555e+00
1.313130842994111980e+00
1.642046069352701032e+00
1.920993920189815185e+00
1.599425758133804720e+00
1.528914808951200133e+00
1.670949546606339986e+00
2.120185213148220171e+00
1.790602317204880833e+00
2.056668883320021735e+00
1.891420339553458563e+00
1.996420787188964319e+00
2.123261982383716440e+00
1.954637874439025813e+00
1.745808465210969551e+00
1.535515007641052865e+00
1.321817705366695295e+00
1.381393143090404285e+00
1.336103604827723501e+00
1.384019966628065035e+00
1.383592663138882628e+00
1.375965921514892720e+00
1.558099930928256605e+00
1.602706658619012403e+00
1.383048589808148821e+00
1.607791915783355563e+00
2.174242221812237030e+00
2.151604722408908099e+00
1.918552045061560740e+00
2.135869190626042080e+00
1.843126316279208643e+00
2.140361686170059397e+00
1.746379174977373383e+00
1.724891328340187657e+00
1.834974504424338626e+00
2.257558624741502040e+00
1.728201830815583095e+00
1.479251603991412756e+00
1.412148177966869200e+00
1.752234016766250679e+00
1.956502638546636419e+00
1.809489214142836033e+00
1.565385086839429229e+00
1.635891557041043942e+00
1.786185603970055880e+00
1.434639102028285818e+00
1.520804373643950491e+00
1.976892848677247905e+00
2.036090156635729898e+00
2.275783265641460051e+00
1.822531533230494993e+00
1.800511206585362345e+00
1.845593134695661774e+00
1.432587516524348459e+00
1.239958251784014864e+00
1.248328152409601488e+00
1.328332531068839195e+00
1.428199159595417100e+00
1.566833654373921858e+00
1.279622935208786672e+00
1.200441146277258841e+00
1.583858564125552926e+00
1.349348372464469037e+00
1.486423620746533114e+00
1.758504315036174992e+00
1.432305021276793600e+00
1.613645710302419545e+00
1.669389607897438399e+00
1.895683717968494442e+00
1.633105223060219657e+00
1.706972856876683098e+00
1.429146357613113150e+00
1.368230785669821925e+00
1.495400150438330522e+00
1.472710911124265332e+00
1.236193711888738056e+00
1.334475684023078257e+00
1.566814650981844359e+00
2.223593084962913302e+00
2.080135430227012527e+00
2.119491705136994586e+00
2.365704150430838926e+00
1.975293364439764110e+00
1.720856510053112576e+00
1.738163854925034890e+00
1.913465880206074887e+00
1.824912844802609513e+00
1.778729911210697345e+00
1.859608149899816709e+00
2.069568702574990038e+00
1.858599265535630707e+00
2.102790995305865884e+00
1.653805276999003482e+00
2.096386320528430769e+00
1.866427657268155516e+00
1.759532076424456637e+00
1.669898295286518008e+00
1.471637573928965104e+00
1.347620004414836758e+00
1.154945599530297295e+00
1.693716103713013510e+00
1.483634853356045280e+00
1.327455461008997695e+00
1.498198666223069520e+00
1.633378229780999780e+00
1.667083289149397407e+00
1.522060669850062276e+00
1.400075584499272274e+00
1.625088494889743274e+00
1.937077229827577796e+00
2.081762134125011876e+00
1.951055906625501102e+00
1.953993947417215438e+00
1.962796390214236242e+00
1.737456361747584443e+00
1.752095348323869262e+00
1.739038391210201429e+00
2.335745521760454135e+00
1.925590005125252802e+00
1.304323645438580925e+00
1.282995473695659250e+00
1.465411390578145623e+00
1.349201575301147260e+00
1.292608750377226556e+00
1.323354147715747331e+00
1.382642325458919963e+00
1.296673503540387351e+00
1.300809432680705147e+00
1.417307134024724080e+00
1.299991177321911051e+00
1.739998713391639473e+00
1.791052685187958460e+00
1.699872720870255982e+00
1.969006753044812319e+00
2.601970373763443423e+00
2.210803789138513054e+00
1.953101115786384234e+00
2.337929588617156718e+00
2.358721824085550089e+00
2.328357792065909759e+00
2.502862322416663066e+00
2.303442908111207110e+00
2.277535106609190230e+00
2.430743898223945543e+00
1.860930204572963875e+00
2.048314095427838044e+00
2.121164369334845201e+00
1.876068942775310333e+00
1.888297683229464896e+00
1.988557830182498209e+00
2.228738797917039438e+00
2.083936576335410518e+00
1.822780218095400251e+00
1.506470116371167123e+00
1.769188542244119589e+00
1.987364812171667827e+00
1.892833365982255600e+00
2.010354155009010491e+00
2.165108879556282062e+00
1.753335914694557962e+00
1.773791115255167972e+00
1.960352424513118752e+00
1.927231780131621441e+00
1.535578393088099958e+00
1.837284863651987399e+00
1.951672382444971765e+00
2.221157732623071368e+00
2.218084770012424656e+00
2.102203836549425553e+00
2.031684905336484714e+00
1.855943978460375510e+00
2.006704620220691293e+00
1.881302760405457297e+00
2.096512306733923747e+00
1.658280485491158807e+00
1.285093290168010993e+00
1.471013578795680843e+00
1.825409731459365803e+00
1.881529626474209627e+00
2.202394776716903646e+00
2.323712949148897700e+00
1.700162447593855042e+00
1.505250787745036734e+00
1.492758760843783783e+00
1.547600658912734017e+00
1.304218552020869559e+00
1.435751286436978136e+00
1.569321764629857840e+00
1.554774275824974294e+00
1.719918871401152849e+00
1.259318148731437770e+00
1.498033694264424120e+00
1.511210117878770021e+00
1.885826391343145225e+00
1.697573393450319434e+00
1.804857472359225667e+00
1.867367925217672253e+00
2.367244850793361000e+00
2.143617629806800817e+00
2.079325057450103209e+00
2.263527518160093788e+00
2.334817587417114648e+00
1.692052888311543102e+00
1.541203110170487278e+00
1.187536981476736697e+00
1.541412933869570345e+00
1.970136562668603153e+00
1.824336617453434117e+00
2.388378355760042648e+00
1.995369408282555046e+00
2.171333848966658486e+00
2.131243962248090984e+00
2.019879259966135265e+00
2.233382440027184668e+00
1.893935880891191026e+00
1.834952046317367635e+00
1.869968523800330296e+00
1.700454236077436621e+00
1.595423420195999809e+00
1.088155743688961286e+00
1.316790110020957805e+00
1.192584194304050271e+00
1.087880774823832830e+00
1.197018194424478210e+00
1.292907281380319073e+00
1.326036064233182543e+00
1.348424245634510354e+00
1.163197540428873911e+00
1.607200134565093919e+00
1.546982107654858885e+00
1.464274774236090204e+00
1.204525599635980271e+00
1.549744769458756499e+00
1.563869333466327838e+00
1.626736154957382441e+00
1.564463793176701367e+00
1.553431522761468564e+00
1.348521727387250069e+00
2.036503638817702910e+00
1.995310057985179686e+00
2.363362619473636350e+00
2.158019665587875391e+00
1.994579481127648934e+00
2.360108267554570372e+00
2.251250180265707890e+00
2.150846592648331335e+00
2.034334779293399009e+00
2.033158037318301137e+00
1.832916170281641444e+00
2.374696610296452182e+00
2.301640874149645466e+00
2.601164458409575886e+00
1.864215364026618138e+00
2.037591695470251540e+00
1.632670308232358369e+00
1.992668483362018073e+00
1.895438642293598708e+00
1.736906461352399011e+00
2.078014765204127645e+00
1.679627058442837217e+00
1.729622512406783219e+00
1.936809177983421115e+00
1.659775729791064025e+00
1.899658025760251334e+00
1.745317596517947711e+00
1.841698208307659845e+00
2.158195644647606937e+00
1.983759536009041202e+00
1.812719170521657652e+00
1.932940040534439463e+00
1.695221964022612271e+00
1.593508053024540239e+00
1.769711935361792499e+00
1.634627592935159690e+00
1.450125926980689206e+00
1.414896729205794124e+00
1.592334928454229193e+00
1.645458957382774479e+00
1.367501015682162757e+00
1.838493970210370421e+00
1.737836167949375454e+00
1.785903136342393838e+00
1.717547528011677205e+00
1.821581599515150307e+00
2.189632257819996930e+00
1.640406815568262067e+00
1.696116866032789439e+00
2.031564008383144770e+00
1.845856486176396860e+00
1.846258460905469967e+00
1.194149258280765125e+00
1.409111358026742700e+00
1.887564842791023656e+00
1.975159619500931774e+00
2.075996847313643645e+00
1.940769396011806425e+00
1.880406816550095561e+00
1.458543903726032154e+00
1.255854844567775963e+00
1.882124682393909954e+00
2.188771303478553865e+00
2.141823441712496834e+00
2.062190512777539730e+00
2.099002165253028629e+00
1.997824090564035204e+00
1.662801952424188601e+00
1.877191288278009740e+00
1.900261848037915202e+00
2.324147556386305435e+00
1.909876003406798750e+00
1.455335385293164308e+00
1.839349561030053426e+00
2.118896982015025188e+00
1.932802857718582734e+00
1.757293723244528927e+00
1.407842183841756301e+00
1.513826476714575264e+00
1.743068102322193447e+00
1.558064631827694946e+00
1.490034450368895147e+00
1.203419885985635762e+00
1.282779268482243218e+00
1.366069775611045145e+00
1.205801493181096973e+00
1.363290386059152093e+00
1.220898929607875827e+00
1.335382893245084635e+00
1.470117658287361628e+00
1.362430907117134327e+00
1.419377192762726558e+00
1.278985428041001571e+00
1.364609543002535119e+00
1.673487387561126027e+00
1.698374239443963818e+00
1.417828317343192701e+00
1.651368693509764674e+00
1.525686772575391759e+00
1.430990128037352704e+00
1.102783092011290211e+00
1.216209150283099394e+00
1.433784189025109512e+00
1.213704078089937743e+00
1.879649257598512424e+00
1.452381079358910698e+00
1.850798534554899177e+00
1.624292254934714741e+00
1.607253647362055560e+00
1.695020515081832713e+00
1.454004909612097940e+00
1.633230460023836761e+00
1.607607453120600161e+00
1.887186511351121254e+00
2.015544166147871685e+00
1.958632313958120763e+00
1.812665876253186426e+00
1.570333339027653041e+00
1.501979750089513566e+00
1.472309652506078148e+00
1.837682195650726102e+00
1.773039877338957737e+00
1.627246539923868474e+00
1.950035676959944286e+00
1.831435333380530439e+00
1.837751385280274263e+00
1.474279076975023361e+00
1.627859411525710120e+00
1.553158424419976980e+00
1.674915248476112062e+00
1.685557861257103385e+00
1.414918135527229559e+00
1.285517283819471279e+00
1.324557909394825650e+00
1.549791973163395120e+00
1.914684659713379311e+00
1.784790753731969382e+00
1.596638438332804055e+00
1.716859555204357735e+00
1.686611193792894259e+00
2.023797156210635606e+00
1.890471064248599120e+00
1.917049241891473521e+00
1.843549847417899290e+00
1.667885287770822345e+00
1.762730528922415107e+00
1.595167068864062010e+00
1.745654723836409294e+00
1.496232182147852807e+00
1.586869823227075260e+00
1.719376150244498191e+00
2.118368926660502805e+00
2.181428904455683160e+00
2.024400224576703433e+00
1.722725894877485731e+00
1.768323638109464913e+00
1.346311052522243479e+00
1.756566182283349820e+00
2.266979953065175746e+00
1.705776654628843092e+00
1.811451614762082718e+00
1.907651439442968666e+00
1.904161854856165625e+00
1.863506162599796401e+00
1.615139182824058439e+00
1.535913711313671381e+00
1.463449726545162255e+00
1.750463389875533515e+00
1.919466244889302065e+00
2.022817613913534540e+00
2.521079788521913390e+00
2.488006711744705779e+00
2.108128891444632558e+00
1.498850526490158819e+00
1.563312648910740954e+00
1.096200409211035121e+00
1.487500867782682867e+00
1.241108918691871121e+00
1.741196393950110055e+00
1.499661176554633712e+00
1.700877860142928855e+00
1.797051409103804787e+00
1.637020538273688208e+00
1.435356431208543615e+00
1.258861290725502791e+00
1.331579661312136009e+00
1.334417016831852321e+00
1.650483141294962763e+00
1.565360725946297382e+00
1.539844267501171204e+00
1.823036558784440375e+00
2.060563404162186973e+00
2.121405133410483757e+00
1.945981545362731602e+00
1.463706345006813070e+00
1.868860028907365578e+00
1.469225102877699474e+00
1.719031805832529347e+00
1.422949093360186046e+00
1.146026280034448508e+00
1.518680140786531130e+00
1.636352421098737242e+00
1.822782242935271135e+00
1.508245863818350019e+00
1.296960747118708346e+00
1.292286662214737092e+00
1.434182547227619509e+00
1.520904636783075858e+00
1.664387176127665402e+00
1.347521232688729143e+00
1.348742264189183082e+00
1.195792953280798709e+00
1.461609659599922839e+00
1.415668028418906932e+00
1.519854267656384428e+00
1.527602530246852774e+00
1.716749581484272147e+00
1.658779319528866258e+00
1.655248088948736651e+00
1.541974305284136371e+00
1.612543514777531106e+00
1.452767184819230728e+00
1.557935463273113719e+00
1.349915779028862728e+00
1.463052379150907356e+00
1.630340094268166951e+00
1.739126366373263899e+00
1.872500228994155691e+00
1.843781915727102927e+00
1.675207948192936058e+00
2.001283411368809162e+00
1.957555427410160975e+00
2.014200153806448679e+00
2.378300744071869754e+00
2.006195038632610839e+00
1.881513535518761104e+00
1.958503454588334636e+00
1.941732012338591717e+00
1.763816607537611603e+00
1.831973033674944240e+00
1.650656063984728306e+00
1.646018542433565601e+00
1.735413940684330303e+00
1.511485529230627289e+00
1.745776653200367790e+00
1.246042641099759152e+00
1.323954723593814498e+00
1.499914173027359299e+00
1.325596432128578250e+00
1.449650106774208469e+00
1.822551671214214242e+00
1.993338439373857796e+00
1.654016093905758211e+00
1.706274751287402358e+00
1.638985592945905401e+00
1.282953329930269781e+00
1.270229300829845309e+00
1.431041674622708815e+00
1.311368355592111401e+00
1.384567389473539967e+00
1.303007162475702030e+00
1.284337836965507185e+00
1.404622497218745991e+00
1.578128301052772464e+00
1.146829879573482591e+00
1.262155614282166383e+00
1.640341959985951892e+00
1.217790941748795985e+00
1.369109351457734158e+00
1.614863354714940691e+00
1.437956852012838294e+00
1.711426516148123689e+00
1.727528047187771199e+00
1.819298724637512521e+00
1.746203988521602968e+00
1.472372211658815822e+00
1.812606846941811289e+00
1.603631565394469938e+00
1.955913109382348525e+00
1.725357985367222291e+00
1.807426936226372405e+00
1.388621089751295834e+00
1.353604272905178485e+00
1.535606302774090048e+00
1.372367212719896479e+00
1.259408709153834849e+00
1.393893181094494560e+00
1.823216178106895846e+00
2.102914413097037194e+00
2.189494732696613877e+00
1.757691774663707740e+00
1.896785123552076291e+00
1.838189771697544606e+00
1.873495272780788090e+00
1.664575192033209028e+00
1.522266121610234890e+00
1.451270697080186300e+00
1.453959887221296210e+00
2.068282884718646297e+00
2.077635914526486882e+00
1.876923615838298476e+00
1.610893487140418578e+00
1.601699736727654644e+00
1.569483450721902873e+00
1.553002965374936206e+00
1.533799189633935356e+00
1.821663185885542324e+00
1.521085545411190676e+00
1.344281986795778039e+00
1.660610591651773937e+00
1.761854626436142102e+00
1.561978271115309624e+00
1.455719947341770348e+00
1.109245222186475033e+00
1.118819008200029996e+00
1.413647283346469052e+00
1.350337029563269953e+00
1.540574548196226301e+00
1.473917956953309849e+00
1.259767693859766613e+00
1.506171643231261958e+00
1.573859499725299038e+00
1.716269064516272369e+00
1.623003464543981256e+00
1.554347251733193991e+00
1.842730388759866500e+00
1.872576124883559290e+00
1.679078647815893222e+00
1.575598564295752846e+00
1.601370041155125268e+00
1.170227554996455810e+00
1.291959826012536006e+00
1.454508119645422148e+00
1.672369697061791616e+00
1.728399023518601529e+00
1.735675116168405197e+00
1.626541898084969295e+00
1.824697313332439563e+00
1.887689504780514227e+00
1.918923576305632039e+00
1.759659033389922689e+00
1.494903218839236603e+00
1.629142729673003887e+00
1.530282456482899400e+00
1.836572332098916682e+00
1.741307050761640385e+00
1.940682996326672072e+00
2.261727864246592112e+00
2.057919842010286882e+00
2.005278038262529261e+00
2.219267577636963917e+00
1.997612434930208680e+00
1.883084575216503742e+00
1.814529882458185917e+00
1.568517437042781904e+00
1.123677427202266044e+00
1.160145088900458310e+00
1.303707925683683877e+00
1.150034614941269684e+00
1.619128649394439012e+00
1.580658463464986285e+00
1.473597753381046926e+00
1.406524170381988847e+00
1.217219070750451104e+00
1.097737741353168373e+00
1.228312774664982454e+00
1.280418779803637719e+00
1.246954509490715957e+00
1.108555144488301503e+00
1.357082565632286686e+00
1.605533671470057655e+00
1.374563649466376880e+00
1.426679016631785091e+00
1.573261963893693105e+00
1.626570169458404269e+00
1.865969986462430175e+00
1.847833202699451283e+00
2.062396207876192378e+00
1.977033520056346250e+00
1.838297016173816578e+00
1.499853103883946215e+00
1.148516406270828627e+00
1.614824874997808468e+00
1.656899466768377627e+00
1.747778792113620305e+00
1.848401579808347073e+00
1.937860484213436596e+00
2.365055144093768824e+00
2.176963008295544455e+00
2.163016325839853593e+00
1.961928062941274753e+00
2.296433878405184092e+00
2.389624670457711986e+00
1.977343323082167093e+00
2.074982825518529861e+00
1.711723203036732421e+00
1.519473892707342122e+00
1.430622010202738936e+00
1.260521722763786157e+00
1.376367536617907783e+00
1.469451527399018964e+00
1.708146111149423163e+00
1.899369053115571138e+00
1.217279367844270155e+00
1.505453917523136953e+00
1.731545564815764493e+00
1.519718699455624211e+00
1.583510560424760127e+00
2.045625233921583241e+00
2.069330588244917113e+00
1.536732935208197759e+00
1.828606952770379657e+00
1.894826677369354728e+00
1.657613903424190571e+00
1.806408967039502489e+00
1.657594181855323034e+00
1.701368073054149166e+00
1.820294301873348619e+00
2.183648259098147193e+00
1.955483196832926485e+00
2.049211394778182704e+00
1.999906054485671936e+00
1.913090850217872507e+00
1.479994059730053158e+00
2.158531394550958549e+00
2.051405261516583867e+00
2.278373619541884221e+00
1.845792796462921048e+00
2.289570872841427462e+00
2.205917646289760281e+00
2.363365089552583509e+00
1.947627699604224105e+00
1.928928760681477561e+00
1.955645299006394611e+00
2.127141836901069727e+00
2.116466060057960785e+00
1.977349410153936837e+00
2.054902170028131358e+00
1.812849457283531640e+00
1.607274798925605097e+00
1.321558792001393146e+00
1.358022752047914894e+00
1.470865877282233392e+00
1.057970316028562285e+00
1.230772697064322463e+00
1.534632770493171705e+00
1.591923904891779706e+00
1.713452080763815388e+00
1.598205805034248028e+00
1.482661837193041343e+00
1.723671745023260149e+00
1.831313222085423575e+00
1.475076341642301836e+00
1.299309293600803272e+00
1.389382655503759612e+00
1.156544465795091847e+00
1.199440338108549886e+00
1.188762462450743573e+00
1.437142110204709500e+00
1.363759759313540432e+00
1.694678789737480429e+00
1.622431575654549540e+00
1.527033787080008587e+00
1.631033163436835132e+00
1.522761427280704183e+00
1.646107233165718275e+00
1.638599233539343558e+00
1.667442326016512544e+00
1.597835449788635342e+00
1.574624762640339126e+00
1.638384973855748772e+00
1.422721098688857877e+00
1.475358328556927612e+00
1.177872195371926001e+00
1.095169109401447516e+00
1.143746864806963970e+00
1.381359580003360232e+00
9.718267636862919501e-01
1.171278539486191539e+00
1.125673488026736724e+00
1.248303158961289849e+00
1.357257913789583492e+00
1.643369569791113483e+00
1.644287302848101762e+00
1.360808011693380726e+00
1.193358515184589352e+00
1.194229949224029363e+00
1.392445846624303485e+00
1.329813078290009942e+00
1.466584300909161254e+00
1.241408509015019312e+00
1.242473521142771320e+00
1.150098884217667594e+00
1.648563259918634616e+00
2.172346098847904194e+00
2.048861467906419431e+00
1.847329279039470196e+00
1.889573055172347082e+00
1.988575118018643728e+00
2.036956859817322663e+00
1.661698538245192980e+00
2.126519653714945335e+00
2.168284593802784155e+00
2.128224091893914149e+00
2.350476656591936386e+00
2.187983217833712413e+00
2.606321343962848314e+00
2.286695692150493731e+00
1.775997141979468452e+00
2.145076255344516181e+00
2.057668586389559184e+00
2.464845896424516347e+00
1.762805981413064105e+00
1.654899103466692001e+00
2.012591671735258547e+00
1.987234714320890605e+00
2.158345544966474794e+00
1.435336632055717265e+00
1.485583796914834886e+00
1.456108934024599622e+00
1.523281388451062091e+00
1.451546817308853932e+00
1.319081659092774306e+00
1.479417359199017845e+00
1.645245337780177453e+00
1.250755367560422604e+00
1.501128188516093642e+00
1.651511586253854524e+00
1.535143534064242310e+00
1.657592687826208833e+00
1.626288930224719653e+00
1.899439389554684610e+00
1.673210724466495769e+00
1.498197192582246595e+00
1.663687231564548119e+00
2.019611133393738100e+00
1.660158123144729103e+00
1.782545440186174224e+00
1.702179044677738506e+00
1.871943343982928942e+00
2.064732647468509263e+00
2.379066282370915886e+00
2.131344945378452760e+00
1.964383093283457171e+00
2.114703748297247721e+00
2.249125783522614608e+00
1.935642282634316036e+00
1.968323208304026295e+00
2.116713893905240340e+00
2.067051417458653173e+00
1.742849026353111119e+00
1.717163042543591978e+00
1.800730674062232639e+00
1.902672024845085019e+00
1.533863669153283649e+00
1.538069491200889871e+00
2.028601601690552148e+00
1.834890947905867264e+00
1.928117084265154935e+00
1.573257681995580803e+00
1.319669552920373023e+00
1.600104360631414924e+00
1.836224095332436690e+00
2.059357297641645435e+00
2.293736024822108810e+00
2.301182333556970772e+00
2.778788389725850294e+00
2.172078610380687724e+00
2.014097217692863317e+00
1.931560235153287231e+00
1.664398378534124534e+00
1.719110635429066836e+00
1.537025701258079025e+00
1.673375584125806670e+00
2.079422337787384389e+00
2.080392357689799798e+00
1.952701218056883903e+00
1.911733693949589252e+00
1.533836974651215712e+00
1.863009803891427341e+00
2.357097831209027827e+00
2.090871935486452227e+00
2.354213990736751860e+00
1.978167598381407988e+00
1.615652649516623462e+00
1.575607938083877002e+00
1.591871740903456400e+00
1.691252159022045509e+00
1.682260961737968463e+00
1.765367293717578612e+00
1.446519547851935039e+00
1.286757924384789753e+00
1.512388967540649887e+00
1.173799833097512568e+00
1.154626225143708940e+00
1.190836896816396928e+00
1.817335604118007097e+00
1.873172672314012077e+00
1.807046402125765061e+00
2.222885092536559082e+00
1.926674369452332503e+00
1.697980050398521179e+00
2.104525178115575823e+00
1.841012564792166906e+00
1.499902686389828821e+00
1.688042738599936587e+00
2.076894836700881708e+00
1.978295327858008434e+00
2.097515688829810099e+00
1.969796812445048007e+00
2.155663055277849960e+00
2.021179664767518869e+00
2.213940786931151372e+00
2.007113806244922749e+00
2.128385133271240903e+00
1.771191386419035396e+00
1.631903098988452427e+00
1.388962212995743961e+00
1.438241480157339991e+00
1.408410716677261476e+00
1.527393609998997759e+00
1.642669032101304882e+00
1.851429620835603806e+00
1.798889889537412801e+00
1.557153473595022763e+00
1.475709634982269147e+00
1.342994398761597319e+00
1.659592452973847942e+00
1.847473230523522192e+00
1.824890914778874551e+00
1.919191701775144310e+00
1.828290316939122695e+00
1.622487504956932058e+00
1.890121004550268324e+00
1.959366376260445852e+00
1.724176696299641653e+00
1.627291721063207852e+00
1.353733650417824119e+00
1.995145503466608350e+00
1.594042730702304844e+00
1.564346951016059251e+00
1.478060598235862777e+00
1.224529171709635378e+00
1.397549304136736836e+00
1.256833624554170248e+00
1.362222472284877917e+00
1.219540511911848313e+00
1.242887439094433111e+00
1.723900208011640345e+00
1.564249552959925182e+00
1.678241619563106468e+00
1.671065229788193385e+00
1.936847794497020603e+00
2.374212480326266750e+00
2.511743094557796319e+00
2.077959697926540450e+00
1.869703467571912192e+00
1.956651092649810186e+00
1.864002201697641414e+00
1.812105388920471682e+00
1.406593176999428874e+00
1.392426594409281737e+00
1.796759357065249141e+00
1.711495689044103985e+00
1.657397667568226929e+00
1.450639854659569572e+00
1.628304809658302155e+00
2.143895981431216402e+00
1.902918300484826020e+00
1.741984993693475703e+00
1.915873472868233396e+00
2.490995568162814422e+00
2.317023639561465398e+00
2.476427015573969381e+00
2.189999870078505939e+00
2.232764503308975357e+00
1.712269062349552229e+00
1.632367709260854616e+00
1.283500489245724685e+00
1.991006280245328774e+00
1.620859843490408458e+00
1.666531561703371800e+00
1.817149140104506788e+00
2.343570632295773670e+00
2.409746835879602589e+00
2.112906473388757256e+00
1.993937733703308401e+00
2.207924574539668949e+00
2.170293463401881340e+00
1.874582294628274415e+00
2.063726221233980418e+00
1.478979545567741694e+00
1.705847482620166833e+00
1.789742785365044941e+00
1.456077569617130862e+00
1.398327727107804286e+00
1.311065449135866423e+00
1.326797240996104188e+00
9.929042382477510920e-01
1.176879535069421445e+00
1.624020819576337038e+00
1.497667640393964605e+00
1.697354618301668783e+00
1.377349777169766698e+00
1.587499317918123376e+00
1.562402924433481166e+00
1.221264816193962099e+00
1.311180833762135123e+00
1.512717278257182940e+00
1.588365316785279147e+00
1.216658326905382337e+00
1.383339797148986250e+00
1.639626496573330927e+00
1.508316931377766901e+00
1.628483987407946421e+00
1.462778347003843127e+00
2.027868131898686865e+00
1.701612691629162732e+00
1.446481007909032668e+00
1.929476672966797368e+00
1.520003607059279283e+00
1.314960827615416994e+00
1.592109527662553425e+00
1.222017206140782575e+00
1.322009809640270817e+00
1.228704552658441473e+00
1.391474421262242522e+00
1.397374367314232035e+00
1.180335267584557535e+00
1.261562720616233868e+00
1.380665140047027784e+00
1.455111807068317997e+00
1.329895466310282659e+00
1.408675092729346323e+00
1.669416372858067987e+00
1.483200412861891859e+00
1.416451057263949043e+00
1.262185848231594187e+00
1.677738471559573341e+00
1.526501505043760476e+00
1.646950171769480553e+00
1.970825955462589096e+00
1.611406782923534342e+00
1.696417730485923814e+00
1.346852105102316788e+00
1.409517678923026374e+00
1.449485180144126195e+00
1.372423930395128222e+00
1.346775460226357080e+00
1.779141017131340652e+00
2.075978916734113167e+00
2.215272040511959251e+00
2.328105952715569416e+00
1.933854785698587708e+00
2.175585655467057400e+00
1.784886154593109397e+00
1.515118155084531626e+00
1.592521216960876007e+00
1.330078458934358165e+00
1.461285448647340779e+00
1.112689893444315903e+00
1.207866013919312032e+00
1.255992216242086457e+00
1.266688673254916297e+00
1.630576010087438465e+00
1.909362142398158158e+00
1.880232782627008437e+00
1.828874762071350579e+00
1.597607632780094100e+00
2.175799281017406717e+00
2.039436336078703782e+00
1.852234538320020718e+00
1.783443935246198153e+00
1.901927852657760987e+00
1.641819846755803614e+00
1.780502245023623864e+00
2.061860609651848808e+00
2.199480709688768076e+00
2.151046483545252297e+00
1.845576095769007940e+00
1.543047522101086200e+00
1.484682923556126966e+00
1.400998595654447065e+00
1.577222955429903317e+00
1.253866575517901705e+00
1.237664602156325566e+00
1.377239669062102490e+00
1.531348708710068340e+00
1.457250412955895413e+00
1.533842168240728387e+00
1.433291933833646947e+00
1.667202794848964942e+00
2.002544850535834087e+00
1.726058093383425307e+00
1.604071725367951062e+00
1.788175101025909486e+00
1.623972103875478190e+00
1.992234383369988482e+00
1.867093268684385521e+00
1.677255907951604286e+00
1.532044617677392750e+00
1.407199276954038680e+00
1.416542575544181837e+00
1.600600397438110667e+00
1.703234620971777691e+00
1.384146140467651165e+00
1.224686661015148781e+00
1.252159590946587020e+00
1.372991962831314083e+00
1.318732620012918133e+00
1.661879860766517059e+00
1.669945868833027536e+00
1.719007537858321832e+00
2.284208361141818244e+00
1.996888131629811269e+00
1.714394090320907837e+00
1.787891448387872728e+00
1.952390082045423192e+00
2.145381540086826355e+00
1.796582916163723898e+00
1.663529449411184746e+00
1.822627667208823743e+00
2.529347955794997826e+00
2.338440892982084129e+00
2.186844225296478594e+00
2.065398108938101274e+00
2.167282698828395748e+00
2.054108900146435435e+00
2.471622804744586066e+00
2.009755262253445363e+00
1.892588193237948690e+00
2.117307526328258582e+00
1.826639854017490849e+00
1.947119624534582760e+00
2.415768564335156299e+00
2.345650763699055119e+00
2.071135001297642386e+00
1.995657586192122412e+00
2.023556987788641237e+00
2.284975928719136018e+00
2.395430672080968382e+00
2.487435720535302153e+00
1.908125690943985209e+00
1.521546095348678351e+00
1.746842811226642311e+00
1.457184584907123659e+00
1.432005805387944086e+00
1.522315117489635883e+00
1.396158343164799032e+00
1.555410199101308955e+00
2.041602457381837876e+00
1.601708224477484510e+00
1.634474804231734302e+00
1.775232956033302445e+00
1.590794422465711788e+00
1.530131627057902399e+00
2.021086496746295591e+00
1.963978581197096007e+00
1.990744992848906270e+00
1.893050063980083131e+00
2.383008262100326569e+00
2.097045506251578040e+00
1.638450311240871038e+00
1.804623104649024867e+00
2.073397112633701411e+00
2.465916013842625265e+00
2.131240977715016527e+00
1.512853313708702574e+00
1.381012702412633963e+00
1.256207926654834717e+00
1.496109992461950311e+00
1.176799878408081090e+00
1.177368324300916980e+00
1.039362713271541283e+00
1.197051748106119140e+00
1.518092601622107907e+00
1.240172963066103140e+00
1.362035858810461963e+00
1.151873646808914797e+00
1.229943889936407464e+00
1.247171403843964077e+00
1.336460781325570002e+00
1.555658571800601742e+00
1.528414716512206839e+00
1.651169421296446504e+00
2.031641214183735666e+00
1.637270406276823742e+00
2.004511225908696126e+00
1.862589811974983522e+00
1.585948707109658073e+00
1.451300963428418855e+00
1.766135619112904509e+00
1.639848835509205571e+00
1.824853081110791919e+00
1.344090209289703353e+00
1.427161007974791396e+00
1.307235714143286209e+00
1.377965958029357285e+00
1.526204083882605644e+00
1.348684376241283900e+00
1.281302856011816482e+00
1.254929696939356631e+00
1.413656552416987289e+00
1.367925593153698882e+00
1.398451384948324883e+00
1.371112656941540386e+00
1.265116385750377104e+00
1.317149552235640453e+00
1.278536124432027243e+00
1.650295839162172484e+00
1.304494918203708886e+00
1.811210846907116867e+00
1.712465155308437792e+00
1.749814672792819215e+00
1.616355869549236379e+00
1.493280003744786866e+00
1.185862433419827999e+00
1.293829855235457238e+00
1.208896915884884349e+00
1.004805059428221625e+00
1.149446194992557180e+00
1.526982338017652818e+00
1.478673151026959731e+00
1.473645281339013735e+00
1.710399329171323535e+00
2.075577869835735001e+00
2.180625678624299013e+00
1.776350337666751988e+00
1.707244483637296639e+00
2.040576054920958615e+00
2.215266838871103428e+00
2.018472179763521002e+00
1.981714543290591157e+00
1.705410256649785739e+00
1.848932015191268263e+00
1.560605851102923936e+00
1.669694098586615993e+00
1.737058423598336621e+00
1.750634332535377702e+00
2.016544789038070995e+00
2.034101157379595293e+00
2.260937807474895589e+00
1.795481870561047133e+00
1.917917415513096691e+00
1.570703486060881948e+00
1.428018826633641991e+00
1.387308680082213641e+00
1.801015029800673517e+00
1.800234505509981098e+00
2.188708923564089748e+00
2.258336393962780075e+00
2.297615360967166787e+00
1.867161071155060803e+00
1.792310172787526801e+00
1.811927981356868278e+00
2.202656240208666016e+00
2.395570756680280855e+00
1.851553707766989465e+00
1.880511923398060947e+00
1.900122123921740069e+00
1.540478498699076937e+00
1.273820983230789849e+00
1.646944379174481554e+00
1.394094118539330296e+00
1.215753304300095650e+00
1.080293835538333802e+00
1.231863420058749714e+00
1.607095021875295293e+00
1.416740443087335599e+00
1.787264362293274900e+00
1.776767660146802319e+00
1.607455659516225710e+00
1.528295693040387926e+00
1.887321764867271767e+00
2.104186107596758504e+00
2.128945000560944045e+00
1.958886046274990633e+00
1.797058797710234135e+00
1.800791450985820497e+00
1.507928602854916367e+00
1.416091730160447426e+00
1.707801119570817594e+00
1.701567891053422432e+00
1.871406563520506827e+00
1.914122985611095729e+00
1.526074748864868269e+00
1.824010425150815795e+00
1.947128105305830914e+00
1.545704234392123455e+00
1.934241084085122964e+00
1.599658456091177960e+00
1.809282037313127978e+00
2.061181243695876741e+00
2.016054873557916682e+00
2.213200686829665198e+00
2.272891025350497696e+00
2.199054698163144916e+00
2.116927636281574987e+00
2.112143264298299794e+00
2.406326553474682495e+00
2.295987591827142626e+00
2.081529907537920554e+00
2.012585112367589968e+00
2.053173965799190981e+00
2.198817888739876825e+00
2.178873482441832099e+00
1.973324677260453131e+00
1.854181200388378192e+00
2.075627357588897492e+00
1.915692990997618139e+00
1.488256666279788254e+00
1.611508783041093684e+00
1.737888321461481311e+00
1.778571225306467385e+00
2.075612830585623403e+00
1.855513388554881349e+00
1.993211948484756579e+00
2.088409280851878602e+00
2.257424925724208276e+00
1.953373722984286021e+00
2.142943080609609030e+00
2.082735875932887559e+00
2.167728250177869409e+00
2.021084067292329589e+00
1.565968446076522413e+00
1.574309000721688889e+00
1.483733685174801309e+00
1.938531547057346316e+00
1.941898512494061313e+00
1.733572377276558329e+00
2.022770528520572153e+00
1.868869703262942439e+00
2.195347522408501284e+00
1.984724874618046364e+00
2.181757761865617873e+00
2.114933090304981889e+00
1.796704556748117243e+00
1.569498328743141657e+00
1.647543644455015333e+00
1.511977321923392958e+00
1.856659977382772331e+00
1.833583105138977931e+00
1.676367889487754503e+00
2.037209768818279088e+00
1.855967615323161457e+00
1.879340462369424536e+00
1.713102579843335027e+00
1.288979694189597680e+00
1.400765588359378810e+00
1.329418923667645247e+00
1.325482079858099738e+00
1.378795834416340238e+00
1.623216108566106541e+00
1.491773244533492138e+00
1.654402590342596957e+00
1.794808515288194073e+00
1.992470756960004197e+00
1.804124638325502294e+00
1.868307046884065237e+00
1.681042546693446660e+00
1.505052613992464483e+00
1.395002393768260518e+00
1.836095858231480804e+00
1.758324711287601261e+00
1.827614341869912229e+00
1.953903064149656421e+00
2.380123484338834583e+00
2.205266376264400918e+00
2.310167314049612397e+00
2.044988780241998594e+00
1.806333129284480421e+00
2.446167394861820998e+00
2.302778716539289228e+00
2.393748423531284697e+00
2.058715753293285378e+00
1.912944225817059252e+00
1.767987945388004967e+00
1.901508198399839644e+00
1.884688752351640462e+00
1.761474653201426044e+00
1.593810319106305107e+00
1.787351159328987471e+00
1.444566877017289031e+00
1.291862838220348308e+00
1.791223955456440864e+00
1.420595243952991638e+00
1.291798501613794059e+00
1.258909874431146436e+00
1.355581086527537948e+00
1.418905526598353450e+00
1.230055377273995276e+00
1.528714856340119166e+00
1.666616837426100561e+00
1.880809857814538466e+00
2.181563139486268010e+00
2.063829624415733477e+00
1.673264532125400494e+00
1.657914324558358521e+00
1.547585435897923523e+00
1.401593652674005819e+00
1.790881094803665974e+00
1.976484768277797066e+00
1.912127829242881605e+00
1.843562534930611507e+00
1.581724830809620785e+00
1.638777501137896442e+00
1.365171621386555678e+00
1.542430504284407755e+00
1.521615842474182578e+00
1.584075070275938746e+00
1.703957321274629066e+00
1.913420165422043517e+00
1.785001387312629140e+00
1.691286121621835115e+00
1.401205570707976911e+00
1.554513383947638827e+00
1.191944271355718454e+00
1.013098120715907102e+00
1.379612711077001563e+00
1.341387918197082918e+00
1.433053795570606637e+00
1.677576933145113358e+00
2.035631756369410184e+00
2.015449401753911296e+00
2.012954066185892010e+00
1.696004352642608515e+00
2.180236445675381329e+00
2.128370643198483680e+00
1.697725573400711285e+00
1.783390549205390974e+00
1.899597317381478412e+00
1.661136005727001042e+00
1.355631624452097173e+00
1.890742612856908256e+00
2.113361241387103462e+00
1.990413262785955872e+00
1.840814217473139225e+00
1.584142006503701960e+00
1.828888136963814581e+00
1.978425023311068287e+00
1.955744468184675178e+00
1.446790535948700773e+00
1.234097524854092187e+00
1.355331180139966119e+00
1.349252599541097553e+00
1.293158582656557698e+00
1.305333167638621950e+00
1.796095916783677415e+00
1.931884073747961672e+00
1.938886896387315817e+00
1.951364642616183476e+00
1.287299657160825728e+00
1.462083141950255794e+00
1.412956682941104214e+00
1.253821532407055184e+00
1.308912765508384313e+00
1.431877038072198571e+00
1.434742532976178930e+00
1.625161028905734328e+00
1.719845267045671422e+00
2.016876480806360838e+00
2.219367659835544515e+00
2.191652671532933194e+00
2.451844527405051988e+00
2.226536334505059944e+00
1.724872907844661185e+00
2.250526842109663139e+00
1.907465385233764410e+00
1.809011941793393197e+00
1.872134826443739186e+00
2.060257412507568997e+00
2.069750734219743649e+00
2.094450709299149782e+00
2.257531051470115013e+00
2.350509218926736477e+00
2.107479055909475374e+00
2.227733224553462676e+00
2.558862039787429321e+00
2.230248670368048192e+00
2.119778043494098263e+00
1.892970765809710576e+00
2.244802817019611929e+00
2.226520256035426026e+00
2.235776967503817048e+00
1.834925503877307129e+00
1.692577224159181215e+00
1.627190255106482741e+00
1.816487136272756153e+00
2.089818076508432210e+00
2.298790199374822762e+00
2.329480322123617331e+00
1.892234641682564833e+00
1.901281911278669856e+00
1.876987945533514779e+00
1.862133060941777218e+00
1.788912233485327796e+00
1.806063029308244694e+00
1.293811676149813072e+00
1.105311194319349877e+00
1.421516692308123275e+00
1.676234813772282894e+00
1.621743721062999022e+00
1.528963649983833717e+00
1.668338874441604336e+00
1.315542528362210639e+00
1.460433015446791716e+00
1.683382029686453452e+00
2.101755777252813484e+00
2.233221133067422759e+00
2.014400989175535006e+00
2.358638655483052737e+00
1.550399935752150071e+00
2.086990085824511176e+00
2.039890404056584838e+00
1.943960788628268377e+00
2.127303160454997677e+00
2.046993094551990300e+00
1.675007840219321142e+00
1.850275970604552844e+00
1.545832801748995955e+00
1.357341134610796196e+00
1.942397837423643914e+00
1.676484918815240865e+00
1.512923788999570363e+00
1.360874344781777934e+00
1.691492261543041664e+00
2.400521968703355213e+00
2.428318107178498053e+00
2.310458897085363894e+00
2.319914085853665320e+00
2.047841703994276674e+00
2.099376649318951404e+00
1.947734175883091057e+00
1.878460115296564981e+00
1.927651080405803130e+00
1.867438505924384318e+00
1.833363553586369710e+00
1.511649843200531862e+00
1.622463609978570975e+00
1.612479698965355368e+00
1.694459894158776736e+00
1.766188910613308627e+00
2.267584579618391327e+00
2.435439142676818491e+00
2.544541562090564035e+00
2.427307269891984642e+00
2.186187425154043407e+00
1.746830713766286181e+00
2.105645363359496258e+00
2.233509110158297783e+00
2.222381651033785044e+00
2.563659694699242042e+00
2.489046713074344108e+00
2.480823564732181907e+00
2.338492632188911458e+00
2.316183295677493259e+00
2.064542865452073439e+00
2.465530940289985651e+00
2.099697915619988642e+00
2.081357243807329116e+00
2.226499497912612480e+00
2.070059234617141808e+00
2.225290075266648238e+00
1.987039735186648670e+00
1.853725234453340365e+00
1.911069455134615014e+00
1.544607060180918978e+00
1.143724381242343435e+00
1.019262323127947623e+00
1.511665993179830636e+00
1.508143967707278987e+00
1.272988404093531090e+00
1.334737470043570129e+00
1.508609533775517209e+00
1.399243873122444359e+00
1.375406147567855619e+00
1.329088083432804268e+00
1.512846513432718254e+00
1.386726598419818490e+00
1.402499996361219914e+00
1.824341322170171198e+00
1.801045299418335022e+00
1.892368053715635767e+00
1.767962101445359258e+00
1.580344796029863552e+00
1.566726979402674580e+00
1.797695378784857745e+00
1.893414869697312541e+00
1.843609309065691537e+00
1.845305119917566961e+00
1.823434976483336634e+00
1.531678787682079435e+00
1.669472545945778208e+00
1.699846767652933854e+00
2.151981465681817252e+00
1.963359188711025327e+00
2.160238623147537673e+00
2.349692219127940795e+00
2.217378453107448077e+00
2.216905151371419969e+00
2.229876229840515034e+00
2.006565275269685422e+00
1.495033508194278049e+00
1.274066175976787507e+00
1.197720948179619160e+00
1.090304159995537203e+00
1.181998013731274444e+00
1.235389572600386954e+00
1.116107721183426049e+00
1.136390425414166350e+00
1.194694842756238273e+00
1.166786400051872397e+00
1.094275437933236006e+00
1.343440558828003617e+00
1.213569553190201544e+00
1.639937790168071619e+00
1.272723050820524726e+00
1.504115194345740480e+00
1.433350783713390308e+00
1.647381130419799833e+00
1.795543235268136861e+00
1.367202958936844626e+00
1.374339738890145490e+00
1.260657083082952656e+00
1.246818917240714919e+00
1.371088867430758640e+00
1.788598117475700411e+00
1.754072449164030267e+00
1.497109583367934205e+00
1.805147502731914377e+00
1.737443145698562619e+00
1.552154496997800948e+00
1.526723783106870291e+00
1.610344853833869827e+00
2.023936692500578172e+00
1.398140183666192859e+00
1.469976258407576841e+00
1.232255296729412919e+00
1.517431113024516831e+00
1.457987136867818334e+00
1.577978869938492013e+00
1.961409579565110084e+00
2.392146923815490656e+00
2.050723986144376454e+00
2.197671233941315361e+00
2.160330215832451106e+00
1.959537929424230107e+00
1.956990159779802729e+00
1.676423321421675272e+00
1.292389331635490635e+00
1.293677458359137500e+00
1.364475544564606402e+00
1.262053639994598297e+00
1.224201438131855557e+00
1.302084608014215217e+00
1.525052271252702374e+00
1.573512099645048457e+00
1.895296910767164666e+00
1.646694369819762249e+00
1.547528685149477834e+00
1.424439339883107225e+00
1.478601006802900519e+00
1.436625044052842304e+00
1.506762267594593308e+00
1.370062808287419331e+00
1.625560412800247434e+00
1.485352122471688130e+00
1.310924481682145704e+00
1.619943241126736710e+00
1.822416713798391985e+00
1.866288234247683198e+00
1.988102545478771965e+00
1.800927833504896602e+00
1.762389377945486224e+00
1.732797766457224942e+00
1.751207161497163600e+00
1.435125308164151070e+00
1.601932961133041733e+00
1.453995616763315235e+00
1.577164549217135781e+00
1.677558629267448698e+00
1.677177911155141921e+00
1.772909115899657495e+00
1.868660833780842356e+00
2.152816725897607419e+00
2.094441515044236812e+00
1.617524006877833376e+00
1.589554673760711356e+00
1.551662274024110388e+00
1.585699189032176548e+00
1.468901725679158776e+00
1.425069743175896297e+00
1.394234986516012853e+00
1.197660759655228890e+00
1.428265645053377497e+00
1.562326279473353452e+00
1.405704705234934515e+00
1.320023434070522583e+00
1.397376854019286352e+00
1.730207501653921787e+00
1.561924064396294387e+00
1.784707958056213517e+00
1.871908578747563556e+00
1.958292974611237414e+00
2.118873808844507156e+00
2.061354461546297312e+00
2.074374729603352119e+00
1.823415200530531299e+00
1.971322358818024201e+00
2.138540215802019695e+00
1.534955529631314208e+00
1.962074451213097648e+00
1.853619702339308617e+00
1.986803810972689766e+00
2.141084556512832915e+00
1.618661514714759164e+00
1.752148657314666735e+00
1.578222008675379984e+00
1.393849930519279523e+00
1.158353395207033509e+00
1.322496217696647491e+00
1.513683317903626202e+00
1.751412659050376464e+00
1.705949300556189430e+00
2.221265566311293682e+00
2.470436142589649720e+00
1.906816715804255935e+00
1.642052678198230531e+00
1.660083901256700134e+00
1.621237533026941069e+00
1.720185116603906827e+00
1.933675408648761085e+00
2.007996823044941870e+00
2.200655154217544318e+00
2.460212316716277048e+00
2.151446360282707637e+00
2.010423628219020209e+00
2.182187896957524575e+00
1.985642582880776663e+00
2.163714777242682796e+00
2.213004037311355088e+00
2.208429667168089860e+00
2.095155979780095823e+00
1.862334408643571138e+00
1.931333935310486583e+00
1.987811187438067950e+00
2.309994335708700497e+00
2.189677688891602525e+00
1.353251933888683922e+00
1.494270274757910855e+00
1.778155602059962481e+00
2.088720357411361750e+00
2.177857402804797449e+00
2.470122872066690789e+00
2.350839059378014628e+00
2.757614129662840696e+00
2.012930507943016867e+00
2.212663878197117295e+00
2.202589791856293555e+00
1.973673835723670056e+00
1.994908504239921943e+00
1.984305367923632879e+00
2.220874293038582081e+00
2.322801860457676781e+00
1.949393276218722493e+00
1.821454068546990657e+00
1.815687521858129649e+00
1.589994951373522314e+00
1.517699882525420207e+00
1.506395229270307112e+00
1.728344552053710403e+00
1.914416422476414414e+00
1.814524047952440489e+00
2.216188617314018838e+00
2.583822465562958914e+00
2.329537947931830111e+00
2.114398177122481570e+00
2.299889962185822423e+00
2.311445474138288159e+00
1.761448574825570379e+00
1.475442945609253931e+00
1.553151280084623664e+00
1.945602667323734991e+00
1.764360976950078097e+00
1.692871421077190908e+00
1.827709774834792134e+00
1.791312309965157556e+00
1.865024375821380476e+00
1.277512405001016038e+00
1.555637502649284798e+00
1.442372818873653983e+00
1.670278596046041564e+00
1.217142449309683405e+00
1.585364480248593333e+00
1.495482482101949673e+00
1.903477980729839203e+00
1.923800418672599211e+00
1.903855694692791367e+00
1.439389626900188901e+00
1.264430799965873264e+00
1.285181229898369359e+00
1.614272673630970267e+00
1.665652020228505670e+00
1.606041168340661462e+00
1.632755752194888332e+00
1.686541003120662019e+00
1.977050534687692096e+00
2.406661209595556183e+00
1.786767550957337747e+00
1.858529945429189256e+00
1.948449468458862910e+00
1.871235715102918640e+00
2.059245910612256480e+00
2.395287359131792027e+00
2.224187387328826926e+00
2.422438509922125949e+00
1.995917567635003387e+00
1.922834330210891896e+00
2.070439133158301637e+00
1.939507230862243858e+00
1.771253964779608170e+00
1.548347227728728459e+00
1.549627670633197729e+00
1.593568815814816464e+00
1.913677725782842787e+00
1.904005442185086272e+00
2.230720872254730036e+00
1.931767992014872481e+00
1.330311407987213590e+00
1.502024451774270908e+00
1.435836149905588499e+00
1.687743353458543316e+00
1.972118059023719727e+00
1.872380161192291004e+00
1.651047139912336981e+00
1.662244888962497003e+00
1.688959839407296215e+00
1.572970942542688988e+00
1.439455662941551362e+00
1.316580598965437776e+00
1.327549348199001500e+00
1.521500927131347991e+00
1.648399830897790075e+00
1.679941929195377215e+00
1.960277047698119945e+00
2.094958743388566358e+00
1.992251275567487490e+00
1.645185709995944823e+00
1.755835532912012331e+00
1.606671356036778464e+00
1.520910503260292534e+00
1.458399803851919252e+00
1.555230923940819521e+00
1.329458014991484083e+00
1.461535890515618386e+00
1.350840407089275885e+00
1.388018967743813947e+00
1.651384865952761904e+00
1.467360498022936222e+00
1.639158333841473025e+00
1.866888681191225974e+00
1.499855174705713834e+00
1.456199105293312979e+00
1.317796605454215397e+00
1.054028542990604889e+00
1.302257175141993795e+00
1.615413901249215245e+00
1.585183012130206626e+00
1.353858842408423468e+00
1.472348026970235813e+00
1.307117724084462695e+00
1.767091612297169378e+00
1.882326313103601656e+00
2.032377208610950614e+00
1.510857503498290288e+00
1.592227985742537877e+00
2.058039501148108297e+00
2.025979728124949641e+00
1.465101828092552072e+00
1.430308437459656634e+00
1.551630320236824678e+00
1.518039211244673226e+00
1.548912674965921887e+00
1.599927257201596564e+00
1.805307736859637080e+00
1.486095337803548633e+00
1.503934265053123553e+00
1.331816809210820907e+00
1.650063400100616695e+00
1.912574541684413321e+00
1.850579876398839918e+00
1.951242406746843017e+00
2.055570271747400479e+00
1.949947697432596883e+00
1.890274825906959721e+00
1.826600949176281574e+00
1.997312927733395860e+00
2.488686051876383587e+00
2.661806670642187012e+00
2.495876551319065939e+00
2.878174851489597508e+00
2.507084794435708641e+00
2.165967126830149692e+00
1.812499884288239604e+00
1.896205024929032978e+00
1.747492827130970872e+00
1.329865684897783229e+00
1.484619002592262760e+00
1.347964918596677997e+00
1.442234590869062583e+00
1.262558951243470506e+00
1.531119341141983226e+00
1.408559948775045534e+00
1.739246781025562516e+00
1.821760661439407292e+00
1.857112850871876164e+00
2.121752226785428075e+00
1.628532769200736086e+00
1.828962297756234312e+00
1.533922090856506548e+00
1.909802803325502785e+00
1.817009696869800628e+00
1.709872979508691770e+00
2.105530217444135932e+00
2.260489378868665522e+00
1.626480101664454558e+00
1.990289568806967502e+00
1.717940793839414670e+00
1.745369295760196060e+00
1.691698966674832993e+00
1.969895806033304275e+00
1.636193423098010857e+00
1.919571983485761413e+00
1.476426124431809539e+00
1.267517149970838197e+00
1.426063466339246411e+00
1.172611656423949489e+00
1.085092274829927650e+00
1.283272432665116147e+00
1.206003019979790203e+00
1.328181305531312750e+00
1.331702090107792280e+00
1.325922153050559604e+00
1.311391861917058144e+00
1.610365537842310957e+00
1.631109912903948134e+00
1.782456465469759666e+00
1.528765751415920970e+00
1.691202289877394627e+00
2.235537053779920402e+00
1.938028588552411335e+00
2.052719466768299750e+00
1.494042017704968472e+00
1.624051398689810188e+00
1.336485392056999899e+00
1.306963632585665280e+00
1.849278726711160337e+00
1.716730552744174965e+00
1.489276082747242880e+00
1.351940684030977557e+00
1.349259972946267538e+00
1.506110855021437489e+00
1.396756506891713601e+00
1.543757863146352882e+00
1.406379457354236084e+00
1.995386395179118866e+00
1.811332773876213942e+00
2.138609457166498640e+00
2.074464476447605232e+00
1.979718065160208429e+00
2.047279342952842640e+00
1.950400572998486126e+00
1.837395862457700701e+00
1.389219202167627731e+00
1.428449614727307138e+00
1.243941353811983230e+00
1.369289449318878971e+00
1.629572720373685613e+00
1.751199900775576301e+00
2.251736087858792867e+00
2.098114226976416585e+00
1.760323514668293843e+00
2.005027323997472521e+00
2.141307417231380850e+00
2.003673014576107025e+00
2.075785855153458037e+00
2.102303058201905106e+00
1.852295068366982100e+00
2.424481761456624973e+00
2.237706380563365904e+00
2.452760756826977140e+00
2.460457206414236264e+00
2.304541747710444621e+00
1.876820240946251772e+00
1.575019566281502525e+00
1.801951817085180041e+00
1.467793188979842789e+00
1.781118602420932895e+00
1.976063954266529255e+00
1.753262830598103283e+00
2.315294682640630430e+00
2.314153020225713675e+00
1.957130844734543018e+00
1.728937496516806283e+00
1.792828010799015104e+00
1.545800009232467742e+00
1.893563864994110890e+00
1.865093414899380964e+00
1.771229447930664058e+00
2.391708371743483053e+00
1.897334033309049151e+00
1.724231303441836394e+00
1.405124445622567553e+00
1.168308076134080720e+00
1.225484526042942113e+00
1.576247545228108393e+00
1.910092652624656440e+00
1.510362991325358006e+00
1.979038939406902786e+00
2.240446765305983856e+00
1.957555494055227774e+00
2.036122223560865141e+00
2.281360153130380208e+00
2.303717650679583340e+00
2.465789553174899673e+00
2.413938157194532419e+00
1.978340240222013824e+00
1.851344618926275665e+00
1.750948292678431883e+00
1.909463291874047286e+00
2.261758504334496767e+00
2.096382268305425622e+00
2.016443719434332760e+00
1.856769640079553696e+00
1.945633984367765912e+00
1.742078961128707526e+00
1.745949277584640802e+00
1.618108237097502400e+00
2.025309057827298087e+00
1.838848594173712048e+00
2.074001431944084484e+00
1.640744321273984285e+00
1.734716669269747769e+00
1.428847533632257694e+00
1.541483791087216559e+00
1.684000421604984865e+00
1.681888635856927827e+00
1.835935952972860052e+00
1.797828231291811463e+00
1.454718638648490492e+00
1.683782027398254888e+00
1.605410526995368459e+00
2.151684115707837464e+00
1.965647939119035348e+00
2.105134470459292473e+00
1.654511395241786920e+00
1.177495710080789459e+00
1.274418153220224559e+00
1.518808475903004052e+00
1.301394530823432261e+00
1.356878921853011288e+00
1.391870971088568831e+00
1.348503856841095416e+00
1.697087827781055047e+00
1.615934399860469384e+00
1.581472483381064720e+00
1.533452185606360096e+00
1.602469532491981541e+00
1.451854348396944605e+00
1.669188723912261585e+00
1.929936866589866185e+00
1.890306486631868843e+00
1.994683524795170193e+00
1.994633735486438075e+00
1.527925713292102472e+00
1.447908323846825551e+00
1.377297347354923485e+00
1.492551317675228528e+00
1.814563790844899493e+00
1.349955169987335779e+00
1.405824811613903158e+00
1.505185805974267321e+00
1.818680872258271464e+00
1.551730524736526506e+00
1.318219003872477701e+00
1.538328857776580350e+00
1.615471586528339332e+00
1.540658385927357710e+00
1.362372243994252941e+00
1.359869527941449885e+00
1.859341922436117178e+00
1.758160973451707410e+00
1.373733846157735528e+00
1.337915005463114593e+00
1.751160806301393480e+00
1.999370349104171884e+00
1.990179731626680271e+00
1.997307632926958121e+00
1.568487539384647578e+00
1.580911648494336630e+00
1.939593878061394383e+00
1.977606302537939120e+00
1.819075080895518504e+00
2.578224761351183947e+00
2.077331582517011999e+00
2.082648718464321203e+00
2.218099049045290538e+00
1.827945686251145618e+00
2.155564090619229045e+00
2.162564417096884295e+00
2.507454243421805451e+00
2.492172674671088828e+00
1.938703479045484901e+00
1.806578626232282936e+00
2.170173445263795298e+00
2.150622344287064447e+00
1.860552831906886029e+00
1.890253037319072238e+00
1.374143345259236204e+00
1.579081561035879044e+00
1.490489905549939875e+00
1.532087057611641878e+00
1.621447983011728100e+00
2.086122501618915326e+00
1.744197172524168282e+00
1.571837124407330144e+00
1.463329776765160739e+00
1.482779231047940849e+00
1.447709322012006083e+00
1.538313574052601274e+00
1.927410563486266604e+00
1.593018722797732822e+00
1.272835679348926829e+00
1.359486675692072266e+00
1.653597856132157595e+00
1.596102474140329130e+00
1.069824995409634605e+00
1.288361810935933605e+00
1.557737855315777464e+00
1.480663727561142951e+00
1.515345220563165007e+00
1.491904027883159678e+00
1.239951756005713834e+00
1.134031788752337233e+00
1.281677273672739759e+00
1.455661014482080295e+00
1.417219135103910066e+00
1.390477051758610694e+00
1.489355454461056105e+00
1.493194838218357523e+00
1.307716285840424320e+00
1.285963016156182803e+00
1.440605752889406288e+00
1.643897218100306423e+00
1.371273618066161770e+00
1.657150569097574078e+00
1.570133375828954625e+00
1.367540317455745891e+00
1.294297142710399307e+00
1.271537515566441456e+00
1.367104983835180976e+00
1.427662653840304330e+00
1.301768049163174679e+00
1.574179907567331504e+00
1.789293797370804739e+00
1.789013627978841559e+00
1.684085561534640396e+00
1.638853736058514698e+00
1.571182049650071910e+00
2.064781014169690732e+00
2.247366932818610774e+00
2.005553779940689729e+00
1.808799117192699590e+00
2.219990126531503183e+00
2.125728772162625457e+00
1.695919454485292910e+00
1.441584722187598144e+00
1.564044478152617934e+00
1.547783382720141931e+00
1.447941162759293743e+00
1.644535240452196234e+00
1.547144753451759946e+00
1.467777052436060270e+00
1.564076884345511509e+00
1.726127074568316822e+00
1.445077121732184722e+00
1.381843133652538524e+00
1.352400120278844486e+00
1.463099733583367090e+00
1.363673365855536002e+00
1.566071875277461389e+00
1.494154271409668056e+00
2.059880119974065504e+00
1.790900282274604294e+00
2.161875700751638263e+00
2.042700284510065245e+00
1.903182438098507845e+00
1.938584774394666699e+00
1.992187229212581956e+00
2.154887135580957125e+00
2.156092002091004822e+00
2.203235230112877474e+00
2.392177867922550494e+00
2.238622872074361503e+00
2.177594062850720213e+00
1.795669475760581113e+00
1.907771568804141227e+00
1.865780494616618101e+00
1.795090820306107338e+00
1.835260751546251790e+00
1.936259190808570896e+00
1.798313110946969662e+00
1.721478915595084480e+00
1.973769298092483915e+00
1.748433606146882813e+00
1.808591001272438437e+00
2.090366773716683113e+00
1.564729776086984714e+00
1.664351664021637367e+00
1.738714312884369839e+00
2.375399969345987294e+00
2.581951508641099569e+00
2.082432712538618613e+00
2.206585417293652984e+00
2.563916978007117375e+00
1.845066907736930606e+00
2.090807524893708358e+00
1.956493542550356679e+00
2.233173274007913545e+00
2.260652440460636736e+00
2.265307611442826108e+00
2.399230598025639871e+00
2.084455286750996450e+00
2.274195496356302915e+00
2.266406194103488314e+00
1.648034425311720730e+00
1.848508954891158851e+00
1.889186274751668781e+00
2.017788596457985140e+00
1.841166571185484546e+00
1.954960995699322801e+00
1.983182384284200239e+00
1.990880470338517005e+00
1.920583594164653851e+00
1.633099462439969507e+00
1.721981606103564433e+00
1.680393418457831745e+00
1.639856784320601779e+00
1.701068338064459118e+00
1.902767869908568832e+00
2.019494785589527552e+00
1.656937583694178207e+00
1.792066915935591531e+00
2.302415669623969929e+00
1.908064749529223114e+00
1.897814522482297761e+00
2.269659383779170536e+00
1.799718179116328365e+00
1.637847769127565245e+00
1.692062341540220949e+00
1.500515528412370125e+00
1.382494405472580734e+00
1.636447511470001004e+00
1.748409902134922866e+00
1.812842863916447333e+00
1.914866333064769055e+00
1.525312329338735617e+00
1.675212576361075012e+00
1.285995320244770257e+00
1.187085577089838528e+00
1.268926050326506072e+00
1.326999667155107865e+00
1.327475201538344862e+00
1.724070765832140140e+00
1.704988434410689813e+00
1.556062076594503463e+00
1.582496888106287969e+00
1.251330400910469764e+00
1.681663948179122237e+00
1.395265208814440383e+00
1.593152193685986928e+00
1.886644098737124242e+00
2.005168865256180322e+00
1.872366841217814715e+00
1.916139477752301978e+00
2.029234356691262064e+00
2.051275554737689077e+00
1.978170026288120553e+00
1.788611655559451341e+00
1.701258059035923864e+00
1.696087488660298348e+00
1.784961140490436637e+00
2.116227077347114793e+00
1.881475328865372276e+00
1.944920035038927075e+00
1.661174832502146037e+00
