1.419130151324440092e+00
1.434200775988277776e+00
1.296257268519908523e+00
1.325177425159009825e+00
1.404982272351822381e+00
1.047856368653900416e+00
1.167919084070631275e+00
1.039206782172612753e+00
1.388070034711569090e+00
1.518321493905492092e+00
1.632787165239468763e+00
1.747898332641305119e+00
2.044960065568832253e+00
1.917957390555050656e+00
1.742880075026793207e+00
1.925778381577601728e+00
1.532903592705859408e+00
1.584934947501983382e+00
1.815046372865875668e+00
1.570436052748874545e+00
1.690742985604868132e+00
1.661763864522436851e+00
2.180197611941975477e+00
1.806274785755408452e+00
1.900540410489291121e+00
1.947599420847838658e+00
1.901430263674233290e+00
1.738158222915726858e+00
2.330584170737659999e+00
2.050781020324558224e+00
1.869121528145065714e+00
1.840105374892743839e+00
1.580836669753207024e+00
1.654760377909791025e+00
1.823184951024152234e+00
1.390887155600734504e+00
1.311619244820432018e+00
1.327843874620718623e+00
1.242343041186071639e+00
1.428630563776963625e+00
1.663176194246999806e+00
1.421206774575932474e+00
1.611313971938286516e+00
2.098207127607027100e+00
1.628673791545810490e+00
1.973174952793174786e+00
2.319501848655957765e+00
1.961046570426870694e+00
1.699181550794784279e+00
1.632469966218885959e+00
1.743797775093986591e+00
1.619451136306605754e+00
1.341886423908894344e+00
1.641421019194865272e+00
2.008055124721458196e+00
2.677632317006936713e+00
2.338042064547333876e+00
2.163483560695540486e+00
1.990755033719010747e+00
1.654460094436185136e+00
1.482178033549333751e+00
1.415139830605238958e+00
1.205203787837513252e+00
1.445268068955339658e+00
1.539351449413373540e+00
1.134635582281857680e+00
1.128679854160480778e+00
1.361591041930701351e+00
1.602179232472403347e+00
1.566577926179371305e+00
1.727884783210995145e+00
1.661944959292288360e+00
1.606231792450834250e+00
2.042820735005321797e+00
1.870341994730072122e+00
2.027759553943688786e+00
1.716670146335731451e+00
1.659614780950253277e+00
1.940756566213550194e+00
1.717108296807167367e+00
1.381791954739868045e+00
1.382395198545283810e+00
1.700055617020548304e+00
1.692680883701179972e+00
1.666812263830213858e+00
1.635339786885614544e+00
1.482434399045009066e+00
1.385465849958111839e+00
1.414913027482196606e+00
1.210359075734731782e+00
1.595782672906155719e+00
1.911226020370013989e+00
1.358881777872281926e+00
1.116859245695945413e+00
1.265816474534564806e+00
1.703435611866455091e+00
1.494384926608398612e+00
1.862411453458413524e+00
2.040261968391727798e+00
1.817065178928261027e+00
1.717335664374164184e+00
1.969795351371388392e+00
1.538123331347216238e+00
1.783565873490007725e+00
1.560511699569250732e+00
1.560213811435734677e+00
1.483771309825235196e+00
1.483017070827986839e+00
1.684431433763212915e+00
1.335425867961977486e+00
1.411383360602244341e+00
1.159882985362777674e+00
1.078262412356134181e+00
1.298932178212376387e+00
1.226064571959780469e+00
1.230387935186482151e+00
1.287126831641153046e+00
1.440662023686786419e+00
1.443837861911436704e+00
1.607983448963119955e+00
1.852677387270838416e+00
1.843961084994728772e+00
1.737018835189048094e+00
1.450401033952844365e+00
1.430113803127210481e+00
1.519116814212471800e+00
1.879524030207120777e+00
1.587673250520162505e+00
1.716029766937671841e+00
1.832796098847180533e+00
1.351165483129845635e+00
1.613913629627510282e+00
1.444028399789778261e+00
1.419228261304144922e+00
1.491821558774725442e+00
2.033103474191850335e+00
2.067841591730038786e+00
2.013283059275134512e+00
1.550155061514830734e+00
1.727525244605111254e+00
2.245554942805945586e+00
2.374463933103500235e+00
2.382594415051083381e+00
1.846132516820193858e+00
1.472995405573088945e+00
1.567676652807673099e+00
1.634851217485589814e+00
1.729196929683918471e+00
1.734968791215526496e+00
1.448129589770471348e+00
1.615290011860931685e+00
1.436095904886308006e+00
1.488625210257936704e+00
1.342832002730986574e+00
1.628790749864428733e+00
1.852830241924826815e+00
1.825820504423762536e+00
1.834334781205372522e+00
1.506839027220804761e+00
1.830150643178105829e+00
1.890047112592684542e+00
1.520522960390124245e+00
1.384621892897267337e+00
1.263085136697100985e+00
1.334035186980573107e+00
1.170005878049338088e+00
1.463010686003741068e+00
1.116651960739394100e+00
1.344081578313734981e+00
1.240828770564640138e+00
1.300942333079886826e+00
1.421454748261324230e+00
1.177775745445677424e+00
1.101947078099251298e+00
1.376580810431056179e+00
1.366875227640925505e+00
1.373986651781887058e+00
1.687529504358650234e+00
1.839351739501606353e+00
1.605699384612536251e+00
1.737962682361789080e+00
1.489971859525641040e+00
1.351180019546444511e+00
1.472447940354626894e+00
1.781116897807401900e+00
1.683554957392144891e+00
1.640794705758405359e+00
1.140418292032736147e+00
1.223200417471371981e+00
1.224628635130026177e+00
1.209842740031168873e+00
1.341624714505207816e+00
1.635702781534178918e+00
2.130809757448447694e+00
2.068742612945483561e+00
2.120131908165422630e+00
2.099633000556255347e+00
2.039822323207008292e+00
1.886797182444660326e+00
1.611236860478918675e+00
1.701155497161347840e+00
1.332946701367394127e+00
1.333503442895031199e+00
1.491546708484071893e+00
1.589901124485168182e+00
1.629278906358447632e+00
2.016152837988769431e+00
2.063440528332490143e+00
1.793003855541981384e+00
1.676701865664244728e+00
1.761858264955896480e+00
1.620906645417983016e+00
1.490872319978752358e+00
1.365959350601957389e+00
1.394452495408661008e+00
1.273864466891129865e+00
1.249674296813307439e+00
1.243580576211469113e+00
1.061765167691493650e+00
1.141524030388542332e+00
1.577973614229916777e+00
2.057938817671960852e+00
2.080847240706243273e+00
1.788991135416773126e+00
1.574645784752497946e+00
1.681961754846067025e+00
1.863231178682520639e+00
1.428423796020895420e+00
1.656426304013264961e+00
1.817897186456575387e+00
1.848639671243239579e+00
2.014241107918292251e+00
2.000208385000548095e+00
1.844334669958766826e+00
1.485380042050142846e+00
1.630183129205112991e+00
1.803704097330186107e+00
2.129945411849576420e+00
2.654940495894678953e+00
2.207223354864843223e+00
2.350687659718082578e+00
2.348568401560414021e+00
1.824173799943618723e+00
1.540049743038418573e+00
1.580456141094733979e+00
1.987040013787511272e+00
1.998209789963065308e+00
1.672631910921578147e+00
1.633733795453518711e+00
1.324105077581053891e+00
1.425157615920752185e+00
1.210924924977136552e+00
1.075404758598126564e+00
1.433368332417540136e+00
1.549247504880492121e+00
1.455390351975354379e+00
1.569790578527923142e+00
1.398461817809650398e+00
1.211652906338090752e+00
1.270607564281764468e+00
1.441368364344855379e+00
1.422914221747344055e+00
1.827843033370194270e+00
1.905339970234936064e+00
1.515788530363244346e+00
1.724929904381922841e+00
2.059086788193901008e+00
1.825847085461807850e+00
1.795087579541432055e+00
2.080498892335687522e+00
2.098787676546615355e+00
1.866277278417290519e+00
1.949422543471540870e+00
1.773132790545139503e+00
1.665193297491065927e+00
1.874071507276920734e+00
1.749701291916808232e+00
1.664180720390945112e+00
1.462176799312300712e+00
1.693820177440421793e+00
1.903002598685419988e+00
1.915581588207969421e+00
1.962153998702216073e+00
1.739812155013904960e+00
1.739743392913493558e+00
1.820438690459548203e+00
1.905319774603493777e+00
1.742043878881689878e+00
2.260094914227824603e+00
2.195779010066580383e+00
2.156506879662750897e+00
2.127274163563212195e+00
2.020710849464272929e+00
2.192617897617050726e+00
1.827017548123562207e+00
2.299733032737635074e+00
2.195572993414385277e+00
2.016355890737560053e+00
2.180182844653697494e+00
2.251440481364752166e+00
2.040177576754041322e+00
1.923579478465172077e+00
1.674280752180206555e+00
1.445758324409393225e+00
1.489566630405474212e+00
1.342108955872539422e+00
1.142772300485017878e+00
1.143215735393995347e+00
1.365981523102674622e+00
1.101432657925369485e+00
1.070018212416357084e+00
1.059480290475698361e+00
1.370606833746081499e+00
1.343903580690159805e+00
1.253113062932641464e+00
1.094798715032453629e+00
1.439422591627939507e+00
2.050130976903890456e+00
1.908082978708401711e+00
1.826226789774387349e+00
1.482885480770754327e+00
1.160746924008918102e+00
1.136510648425446801e+00
1.147283296389151053e+00
1.286244823827786377e+00
1.190721459647313241e+00
1.376571165674629560e+00
1.300216158379642772e+00
1.280335206198972342e+00
1.418253491724001059e+00
1.281051992016356333e+00
1.363345260024681149e+00
1.376451141441081605e+00
1.698381238402718374e+00
1.665835380016754685e+00
1.725315157506717156e+00
1.737935177578302515e+00
1.369931028540173124e+00
1.520171324313752459e+00
1.325657226581941295e+00
1.309725766071870412e+00
1.193105642291132584e+00
1.384228360590751938e+00
1.346181302081711939e+00
1.662547019192782249e+00
1.588270955024606579e+00
1.462222899281952371e+00
1.885308536466605567e+00
1.681393275727552705e+00
1.371357165842108650e+00
1.410707595567863626e+00
1.541530683131332680e+00
1.394974403645749650e+00
1.441916536082464617e+00
1.768802427166237257e+00
1.968332910645747447e+00
1.771553329470225924e+00
1.520492684231752101e+00
1.477386128152901934e+00
1.358248000137391109e+00
1.232634822239874195e+00
1.296336255909935176e+00
1.299355667355828636e+00
1.267551063434793068e+00
1.691019225130622416e+00
1.894434816736749072e+00
1.887862088121775361e+00
2.300378723565452255e+00
2.087857977104773610e+00
1.926340505059896735e+00
2.118020532704155023e+00
1.927457298104098271e+00
1.573876847963732839e+00
1.452655337961470616e+00
1.254535530429046863e+00
1.047396372254941532e+00
1.276498091037359339e+00
1.359610111617269412e+00
1.258631834497458524e+00
1.236857571538553024e+00
1.387642271966523566e+00
1.371081107947037525e+00
1.545391458531842899e+00
1.175673733343858940e+00
1.293077741705504824e+00
1.540888352973362352e+00
1.536917041196831368e+00
1.556563726133531667e+00
2.302216360346179602e+00
1.735070262949306441e+00
2.141190034665998443e+00
1.959848977582692831e+00
1.884442710125684872e+00
1.636109571217781111e+00
1.381062431666803647e+00
1.384685053098540619e+00
1.649199244284680121e+00
1.477405303759653066e+00
1.404998445882388758e+00
1.625021232684113359e+00
1.402330142787641787e+00
1.402784699555894132e+00
1.751414770426646506e+00
1.627600705014890625e+00
1.977391646606043274e+00
1.621966306474058372e+00
1.950957817319558973e+00
1.881571569850614356e+00
2.072242004566601459e+00
2.508323859514135279e+00
2.467570536854296837e+00
1.933632151075564298e+00
1.920652115843255237e+00
1.608157944827932173e+00
1.458197715178263465e+00
1.620936727284110646e+00
2.257238159128424737e+00
2.511198702246874692e+00
2.247232212637682913e+00
1.963241907140242493e+00
2.026241012835225952e+00
1.602534737603727111e+00
1.455107489400086607e+00
1.435479144557501030e+00
1.612310197343814311e+00
1.445988714051233304e+00
1.485834934778065719e+00
1.621776677990292015e+00
1.449959396590587035e+00
1.417653288350926299e+00
1.561340009663524597e+00
1.547676192420588182e+00
1.238873135726479946e+00
1.392643477013921549e+00
1.303960282558878969e+00
1.469276353142864311e+00
9.982791103252964815e-01
1.447634732893885889e+00
1.336885282949460407e+00
1.406252106048088368e+00
1.399034224323573383e+00
1.325394443288421931e+00
1.596746264283164018e+00
1.400968971212642522e+00
1.531074771114097288e+00
1.395858847873215014e+00
1.387115412669519543e+00
1.688477721729372494e+00
1.851649073409736168e+00
2.022755983432654503e+00
1.717648807260690802e+00
2.029794414992982521e+00
1.516581348300187315e+00
1.611829935089224008e+00
1.504224956070671082e+00
1.497535476135141597e+00
1.788106696186893219e+00
2.323792799545608911e+00
2.156833606655486069e+00
1.745556842197355296e+00
1.933893146828495446e+00
1.592894132349626624e+00
1.235952039515661127e+00
1.406562177556451187e+00
1.228018723037008986e+00
1.464058542337186131e+00
1.592653988845612156e+00
1.222504772539616757e+00
1.200361396242729306e+00
1.424885325627844868e+00
1.628125533840798056e+00
1.508144055078376011e+00
1.727939321343499701e+00
1.575165859705606630e+00
1.489462159381020889e+00
1.461923825133629284e+00
1.630644909642288143e+00
1.579901181313490222e+00
1.533877953457686294e+00
1.758666755048385433e+00
1.493944930300505014e+00
1.355873540794245047e+00
1.707226216140126596e+00
1.581947582979319700e+00
1.422304690406109628e+00
1.634582443595581358e+00
1.513437203955938060e+00
1.457508631121148035e+00
1.600471279978205930e+00
1.674475559865152396e+00
2.321966457181445787e+00
1.584199206749994149e+00
1.916388122173277031e+00
2.244655171933572557e+00
2.068156106660858473e+00
1.892779173579259622e+00
1.684462363561524789e+00
1.509573628516087895e+00
1.739453846168252715e+00
1.182633525953912246e+00
1.314510835874564298e+00
1.448002186407530978e+00
1.566107399360459951e+00
1.409804297146953544e+00
1.136415247098047088e+00
1.226603039481654944e+00
1.123400625067309422e+00
1.583740791515148238e+00
1.871960142654839121e+00
1.794834749558742892e+00
2.130404664927836311e+00
2.321467129876903623e+00
2.675537225189321688e+00
2.389325332300260119e+00
2.572790653924412752e+00
2.587648114039154734e+00
2.140283506692699067e+00
2.312207643902692400e+00
1.504174041591337607e+00
1.472994919748687126e+00
1.536338478394911666e+00
1.422616515910347657e+00
1.700648050601179850e+00
1.988028774655434816e+00
1.819921998945715602e+00
1.875422877401994981e+00
1.715662944387786215e+00
1.220795013038475707e+00
1.594283821245181976e+00
1.992479929411448580e+00
1.749065225932115331e+00
1.661279546454647704e+00
1.750110774240203559e+00
1.642277025654315326e+00
1.522845868005243686e+00
1.542015132063230931e+00
1.510541870831639599e+00
1.311504663109245961e+00
1.114565226120577623e+00
1.405630639943471039e+00
1.366193697000108287e+00
1.441653416502224561e+00
1.486809605471637319e+00
1.215624943294990601e+00
1.106307255062988437e+00
1.171142812524036625e+00
1.341914399855792306e+00
1.131976589632089691e+00
1.191455030031520312e+00
1.123168423035281416e+00
1.239876084647851151e+00
1.000362046845546971e+00
1.078338197533276865e+00
1.052050144220045613e+00
1.218528048382602202e+00
1.215070397441585737e+00
1.522597461835039967e+00
1.277940657701270188e+00
1.371653274579725634e+00
1.237951573505279290e+00
1.197331989357728554e+00
1.321412292949176059e+00
1.433434903557459172e+00
1.194731431323394988e+00
1.141976152828793944e+00
1.516968030192122452e+00
1.882180310510983334e+00
2.078293687043688109e+00
2.102337277290358131e+00
1.980274281275700821e+00
1.964663515328310517e+00
1.828036275736550031e+00
1.579873853929337990e+00
1.434380956127662810e+00
1.502222563315137371e+00
1.442613658609055216e+00
2.077937138104935411e+00
2.578049000752427489e+00
2.446779480511628524e+00
2.521266279786109621e+00
2.307347615350298753e+00
1.914874967501232206e+00
1.803877712837300695e+00
1.597963317800682681e+00
1.301667956324022546e+00
1.355643191864791097e+00
1.465444491560951690e+00
1.315905417147167356e+00
1.728213290882484987e+00
2.271399745263584791e+00
2.140987144889593630e+00
1.764521797877129705e+00
1.637080789677096693e+00
1.792460952804662000e+00
1.504975895003763275e+00
1.615618493977863057e+00
1.827382405951433642e+00
2.095184282561679989e+00
1.776790674917616997e+00
1.663959036950290127e+00
1.654769580146285612e+00
1.679787908993029877e+00
1.812012831160636939e+00
1.519236779136658777e+00
1.316063650803949603e+00
1.210718706080893270e+00
1.220102810880181909e+00
1.024071366601916555e+00
1.094897630191528970e+00
1.262732673385873250e+00
1.302809291156452165e+00
1.431388538285605527e+00
1.411932346376336467e+00
1.700745554358573663e+00
1.808008532778830890e+00
2.212961706606491941e+00
2.240210438634318457e+00
1.935803887334401230e+00
1.746006932476735773e+00
1.939012068097551555e+00
1.576122453544172020e+00
1.334447566079256298e+00
1.469021338616713690e+00
1.809481332859392611e+00
1.863392121096217657e+00
1.579583186185039123e+00
1.612742955124947919e+00
1.666683367769227431e+00
1.620442417864344620e+00
1.543190611836715576e+00
1.889493158208534584e+00
1.708573300688988716e+00
1.918753103834438978e+00
1.687481337397951808e+00
1.630671865697826295e+00
1.572697822141337909e+00
2.230726556803201976e+00
1.820879563854208349e+00
1.447282944170266150e+00
1.233223262672999088e+00
1.119993414044670788e+00
1.144174962140503071e+00
1.435001623865984177e+00
1.346478685903732320e+00
1.694322792426589119e+00
1.747429936006767548e+00
1.555644052130466415e+00
1.405444409527169869e+00
1.064941670647302052e+00
1.500164457183094768e+00
1.403344021251552665e+00
1.342285940548409551e+00
1.405014202192075512e+00
1.554198323284325500e+00
1.761025199134131247e+00
1.872127096605972429e+00
1.830984575409944970e+00
1.806796771137832325e+00
1.993212221785418237e+00
2.111682008192182103e+00
1.479109039425859029e+00
1.623956894723500799e+00
1.647866151709174165e+00
2.122886134164887917e+00
2.250309484305383467e+00
1.742656418582434030e+00
1.545390024522012018e+00
1.495759205231024236e+00
1.855091217217802679e+00
1.637715094327872656e+00
1.330567978310430277e+00
1.584918737523648424e+00
1.833651909441238459e+00
2.085055167331056225e+00
2.091738091584621539e+00
1.814613471097525466e+00
2.027350574708239872e+00
1.908436186475444662e+00
2.183669794406985609e+00
1.794184382019323287e+00
1.794437091482192548e+00
1.986083759166458851e+00
1.759199566580803342e+00
1.844146397958355665e+00
1.528842493932036195e+00
1.362321227629731180e+00
1.680259998017485490e+00
1.623694676058595965e+00
1.902694338918013317e+00
1.349053266139481844e+00
1.280431952598700462e+00
1.517030153267749260e+00
1.481619806625947833e+00
1.437525402900169835e+00
1.546572703187090170e+00
1.685440291819357839e+00
1.444358503486318002e+00
1.929982459008092732e+00
1.994478608867614744e+00
2.089588190106472787e+00
2.321406708170638655e+00
2.487445690898804962e+00
2.354549143134743172e+00
2.017934090576586570e+00
1.911337802576718703e+00
1.650189422300884834e+00
1.182115607011006153e+00
1.447524579724681404e+00
1.272994449025399710e+00
1.499100746199857115e+00
1.833666110908648506e+00
1.258259567859849604e+00
1.581577859534982311e+00
1.215428853439482815e+00
1.108127920863319016e+00
1.245800424677897533e+00
1.310909043659466366e+00
1.581234474720808025e+00
1.634893182597422667e+00
1.592022278533226975e+00
1.418599141156205556e+00
1.639098453224664187e+00
1.590393735017377130e+00
1.139074432753567789e+00
1.295217121341982303e+00
1.599510897504000440e+00
1.455949466610690912e+00
1.518315798107600312e+00
1.268698280326002958e+00
1.378252134241498172e+00
1.164911786853499720e+00
1.415298668488308209e+00
1.561717697210726286e+00
1.560235196343868758e+00
1.722515215238846098e+00
1.753530530167394463e+00
1.765489463262205128e+00
1.306279980680578046e+00
1.257494442975056081e+00
1.743516377298153675e+00
1.558655474942413743e+00
1.714680794487795090e+00
1.799627675908552327e+00
2.037544027947466585e+00
1.972603295220630049e+00
1.768151163696254136e+00
2.156084905022979115e+00
2.480590251691074055e+00
2.126229199223701460e+00
2.162167840596861179e+00
2.334241527890170698e+00
2.154306303646718046e+00
1.753464179056539507e+00
1.904262665305251900e+00
1.942389679923742341e+00
2.062076251829700002e+00
1.625834482290891891e+00
1.538991462631706275e+00
1.282996821084082750e+00
1.595079026414821355e+00
1.423090174286456788e+00
1.704141563494175005e+00
1.683648914949195774e+00
1.869222360731923160e+00
2.288672418158359090e+00
2.042607690983029745e+00
1.945018285764160471e+00
1.661980164975463525e+00
1.757736243729369763e+00
1.823904182979408706e+00
2.026361125759932769e+00
2.131105895486012258e+00
1.816351261865638111e+00
1.634393885504780819e+00
1.759589264476870030e+00
1.456463442520710805e+00
1.133998805845666258e+00
1.123660912740795714e+00
1.191098985985194592e+00
1.337909899985825879e+00
1.461360014437129484e+00
1.495388552656961467e+00
1.395670989304961029e+00
1.006581707974273820e+00
1.316065339460087635e+00
1.191390273341058181e+00
1.274843655238351303e+00
1.518596256382773069e+00
1.711020055790558381e+00
1.947781181555821028e+00
2.308644192995448652e+00
1.757900788708543161e+00
1.716827676955875237e+00
1.338128296877908685e+00
1.407126482875214357e+00
1.748249240635057378e+00
1.831884927504490168e+00
1.736679900978961077e+00
1.638425070474867074e+00
1.661601784898724787e+00
1.699065348924561292e+00
1.496052421962175583e+00
1.426983925996686997e+00
1.885555900195111434e+00
1.831251282771393818e+00
1.437787204994988466e+00
1.484197527320306520e+00
1.723133682844465886e+00
1.463519322577102599e+00
1.618647052154181809e+00
1.941022431374944679e+00
1.465176122558686123e+00
1.392589033804609189e+00
1.610199316435434014e+00
1.276780360504914391e+00
1.575674944557217572e+00
1.210881751842113330e+00
1.503440344325270850e+00
1.919899708513049807e+00
1.799193203370459404e+00
2.003022133824466700e+00
2.318185221729507806e+00
1.999624374874519717e+00
1.654577777787550552e+00
2.175120941991565804e+00
2.420389752556021179e+00
1.788497652074648059e+00
2.062870444642668666e+00
2.118817512509858947e+00
1.879746685147569707e+00
2.115733030981532981e+00
1.896319298504281381e+00
2.063277919600591925e+00
2.059984163700844473e+00
2.332895879799186112e+00
2.275315146490625828e+00
2.271396646173702738e+00
1.669491131993179778e+00
1.583461087376868637e+00
1.490541233769954177e+00
1.322377402138232405e+00
1.471881898214531859e+00
1.468073096436178560e+00
1.413869354380335341e+00
1.285061791012011678e+00
1.095244263970206244e+00
1.139514871729632173e+00
1.241997717156424930e+00
1.241480514079928099e+00
1.517279142821068350e+00
1.849925184464880745e+00
1.849540155622024118e+00
2.501154881658394391e+00
2.375916135569546395e+00
2.141040156446869069e+00
1.840811167389953429e+00
2.127867725106588725e+00
2.322447772129629495e+00
2.153327886453636708e+00
1.771396579675594829e+00
2.135649130984815791e+00
1.599213135424834675e+00
1.843439228364247784e+00
1.768906105188117195e+00
1.683897993639625001e+00
1.843481206294448782e+00
1.415686749460731697e+00
1.611561861914034610e+00
1.824720494845788910e+00
1.461949022268218767e+00
1.473585821085803493e+00
2.087386541459163691e+00
2.035946136137066986e+00
1.727338908379720372e+00
2.105545866503193420e+00
2.063895883292281574e+00
1.956177132807449981e+00
2.038268636497174935e+00
1.869217848435242857e+00
2.314739384299449920e+00
2.099517226605049469e+00
2.153732689446743009e+00
2.152519536354617458e+00
1.781768405214652518e+00
1.929135710709032780e+00
1.773018193346392879e+00
1.996888769771451466e+00
1.716259952632637198e+00
1.592744897421576322e+00
1.500827789219373987e+00
1.238262034677912071e+00
1.383671094360903187e+00
1.449514416972238262e+00
1.372485831106034837e+00
1.491843841828147887e+00
1.276350448361029510e+00
1.225743202821312883e+00
1.157902853752904582e+00
1.411872784802809200e+00
1.542358752183310866e+00
1.324634814904788405e+00
1.594444365114318307e+00
1.732464239349343904e+00
1.542578078963821042e+00
1.449249193369287481e+00
1.567392390254078727e+00
1.394186905120531339e+00
1.582047893965558671e+00
2.120181632333227650e+00
2.515186791553032819e+00
2.384425244576279024e+00
2.358033793427372959e+00
1.897974152993309405e+00
1.877131418555739062e+00
2.110624850676304565e+00
1.641055890709299137e+00
1.361525659631473317e+00
1.716227900991086575e+00
1.642378116483630413e+00
1.516933925596076094e+00
1.905048905112566970e+00
1.840340806143867969e+00
1.931171776254433814e+00
1.989294014697932100e+00
1.675744363445402563e+00
1.832811338964907666e+00
2.462705724280848774e+00
2.258661134928210856e+00
2.181956796840877733e+00
2.645326579397784705e+00
2.008635141692461712e+00
2.311715988265459210e+00
1.890032314454824336e+00
2.001589672733388614e+00
2.206114253366076028e+00
2.398670414303753162e+00
2.491483572985388584e+00
2.334490787036559656e+00
2.360294870429232805e+00
2.225284141793063775e+00
2.414248770924309451e+00
2.105116454003530979e+00
2.191823149141533644e+00
2.002606154031624008e+00
2.334316272891496791e+00
2.227257184712099214e+00
2.099189609646200605e+00
1.901395707064795104e+00
1.979082293093226586e+00
1.649328000762368296e+00
1.465492168743069534e+00
1.467703731783722487e+00
1.294747463250444541e+00
1.287566558571586750e+00
1.538698857529774866e+00
1.781856228886766091e+00
1.588047298474045910e+00
1.919988603743515432e+00
2.017808017447655367e+00
1.935568808024722642e+00
2.103664882331276687e+00
2.110771148566533473e+00
1.920167652197388053e+00
1.993436862436802404e+00
1.718736707566388411e+00
1.797393616324828969e+00
1.760164920110520059e+00
2.010827167872353272e+00
1.957210142826508736e+00
1.680887325640274099e+00
1.224613259016464895e+00
1.204768217144060793e+00
1.267735949869716716e+00
1.146192595735761932e+00
1.215237068595640180e+00
1.239811398788506658e+00
1.246926610108075817e+00
1.587002500783938563e+00
1.261247176584237906e+00
1.592113638495028738e+00
1.547333036628720349e+00
1.669429165315680308e+00
1.296070846926401288e+00
1.154295883636278441e+00
1.326384890301879338e+00
1.348857887848236015e+00
1.407669725857307874e+00
1.576041368435095125e+00
1.234706711582491678e+00
1.261102462875392849e+00
1.357578768334058328e+00
1.479037334015601335e+00
1.263987382254175174e+00
1.491011211679140525e+00
1.660740440936525175e+00
2.030858838404081101e+00
1.987658299388900041e+00
2.061876497289615973e+00
2.066542538834109433e+00
2.065109269106074841e+00
1.535941720877625150e+00
1.919980809139435252e+00
1.911895104760720221e+00
1.726176968815390511e+00
1.184665935426118422e+00
1.453931270218968841e+00
1.099283918780788794e+00
1.275905524181326633e+00
1.242766560080654115e+00
1.209558402590175996e+00
1.454165510813871576e+00
1.351334125444616507e+00
1.296471084695955733e+00
1.756791161603859841e+00
1.815954496223894044e+00
1.645148274166823299e+00
1.705290608102559391e+00
1.612535974787851378e+00
1.269805702765644639e+00
1.476273463587628232e+00
1.614651697171445299e+00
1.721218803957149435e+00
1.708449354106702733e+00
1.657429908734992186e+00
2.004814411577922950e+00
2.084836768943963303e+00
1.838647390037309481e+00
1.756602419514186053e+00
1.693186830374798113e+00
1.685384328081982463e+00
1.644867016155645789e+00
1.277938056742254691e+00
1.450927212199152327e+00
1.581692098231331833e+00
1.632804019065880130e+00
2.009007325224692941e+00
1.925214703698565177e+00
2.566354135700196437e+00
2.268140668589999187e+00
2.086939061687538288e+00
1.513574595623973451e+00
1.477181247579816281e+00
1.785022467223400744e+00
1.738577405364736705e+00
1.603135880322374973e+00
1.141430725639995813e+00
1.239798949969898256e+00
1.238025410324923303e+00
1.295312949936065827e+00
1.227375516902756925e+00
1.444638048849971046e+00
1.644547970281941662e+00
1.679918555658699963e+00
1.575801929167111481e+00
1.642162592650055375e+00
1.718886869526797589e+00
1.607522613719738480e+00
1.834646420166614611e+00
1.741822848994805106e+00
1.857104459833045729e+00
1.911922311913896610e+00
1.892687181087551851e+00
2.366460952364080939e+00
2.411585516854827915e+00
2.153040549883154409e+00
1.958757043158138034e+00
1.746322484759949889e+00
1.350452739045265860e+00
1.460037638883243449e+00
1.451050084978477095e+00
1.524067499973191353e+00
1.787602275583445310e+00
1.604583183895889720e+00
1.296504537964124459e+00
1.579313792575054665e+00
1.432451657304555148e+00
9.651591174901468229e-01
1.169753188179934122e+00
1.097785472550380170e+00
1.187574070459970876e+00
1.425121361832278000e+00
1.385905383275442437e+00
1.294584087378767512e+00
1.142683395538484969e+00
1.255272329400117348e+00
1.572999629328028171e+00
1.858909566083799980e+00
1.769260423301869167e+00
1.507929526937329179e+00
1.417662753706423695e+00
1.640063451200033828e+00
1.293250999446334149e+00
1.430649279975768406e+00
1.248753200842241284e+00
1.279198505677885844e+00
1.277085033488405852e+00
1.178862526964880031e+00
1.001775487579183999e+00
1.327086856432023732e+00
1.126041445928397833e+00
1.005593878515010697e+00
1.155936351811820195e+00
1.262582992169501539e+00
1.231316617675995984e+00
1.095344224800119948e+00
1.401320203482557591e+00
1.131133311730935231e+00
1.514959233540546402e+00
1.498969155674100717e+00
1.559175411893610086e+00
1.159334868500453863e+00
1.130920264617347959e+00
1.294892640460291178e+00
1.656734019642454703e+00
1.493190658155973960e+00
1.653333350487775411e+00
1.650409796056316880e+00
1.516174357790140981e+00
1.858325487033368750e+00
1.639261270547526905e+00
1.609891637961317290e+00
1.671983085634126232e+00
1.410340805929510388e+00
1.702532358934293999e+00
1.448907302737051817e+00
1.890857232636061758e+00
1.835797363715970354e+00
2.110686535824267018e+00
1.664477890848386821e+00
1.847383541149379971e+00
2.086759208173425417e+00
1.675696333518743364e+00
2.065986156861245426e+00
2.170188158206280082e+00
2.238417355097259698e+00
1.834595843689440731e+00
1.766800116884999161e+00
1.901950087177936455e+00
2.119576744919793754e+00
1.950987325040713927e+00
1.629413894691101650e+00
1.653667517525601482e+00
1.787889233681551504e+00
1.818826089762267451e+00
2.037043757064562310e+00
1.726928301969223201e+00
1.205950079888535420e+00
1.117535511351610333e+00
1.194896072835420098e+00
1.147377848530059863e+00
1.009596826730532193e+00
9.481357832302063082e-01
1.308637008032870419e+00
1.302669792804162618e+00
1.220709094664747418e+00
1.282861243029286724e+00
1.228829367569344244e+00
1.312792123014293155e+00
1.309972044310842909e+00
1.648616275303258050e+00
1.788404645957402339e+00
2.075336745541603189e+00
1.849841066290095259e+00
1.453788743828810404e+00
1.848316926942417782e+00
1.554692448518703252e+00
1.165494808474824673e+00
1.732065327424845425e+00
2.270832825764339535e+00
2.520914108031158563e+00
2.357165567094956948e+00
1.878890409950252804e+00
1.891623128922221397e+00
1.489945049221235385e+00
1.719248383143886061e+00
1.558869873970921471e+00
1.503909550650242677e+00
1.968182499845884337e+00
1.913339965483957572e+00
2.370372045001207795e+00
2.365495483614042271e+00
1.785981182451276128e+00
1.500290857708315828e+00
1.450804295636827446e+00
1.203910283545601478e+00
1.285954193173591831e+00
1.561930575257662435e+00
1.265202431753881473e+00
1.314752747367089913e+00
1.310386784689937301e+00
1.089045077031890463e+00
1.154821886599450398e+00
1.059742810478227382e+00
1.363362699471720729e+00
1.379141912908557366e+00
1.367146581624252066e+00
1.504812673330315098e+00
1.298972413111052493e+00
1.481613752921598248e+00
1.740501800724556070e+00
1.469343139487043981e+00
1.622136363700082518e+00
1.977494103474912279e+00
2.289993154682914422e+00
2.046976472854920903e+00
2.408127535519525075e+00
2.147214808887002224e+00
2.182939269696327234e+00
1.963786080918917154e+00
1.674402438223841827e+00
1.547687603930940847e+00
1.520108459137502033e+00
1.253831521859081199e+00
1.507537658633339772e+00
1.541273981531801507e+00
1.427381652383177046e+00
1.132003625555707549e+00
1.315095570418658877e+00
1.690431176419403769e+00
1.971847455533565885e+00
1.388183521025737832e+00
1.482287784318754298e+00
1.658429308234294908e+00
1.517660509719289896e+00
1.558734686595037777e+00
1.527235626215699860e+00
1.340399357266313762e+00
1.719087669805831498e+00
1.641749313671482469e+00
1.786770491161108865e+00
1.736148882772171165e+00
1.424283838130752322e+00
1.432745113628167033e+00
1.390781268430041573e+00
1.065202269888170461e+00
1.159481057450623132e+00
1.488982390782319198e+00
1.379057044647095998e+00
1.192495815486395605e+00
1.535008087550195688e+00
1.578334129543631947e+00
1.727547217445325245e+00
1.450563447249213933e+00
1.622777922547599561e+00
1.641866669145338520e+00
1.192512546344913549e+00
1.027319423315384395e+00
1.201861464750292541e+00
1.480992320982614352e+00
1.432366768768286169e+00
1.284163484114147380e+00
1.417169384466858695e+00
1.676099531394221742e+00
1.899567624154557821e+00
1.759151249155924690e+00
1.352880956227601184e+00
1.572414084685567204e+00
1.433701008037588487e+00
1.380341581284060481e+00
1.496874654009294314e+00
1.651925343502764765e+00
1.789698258411140941e+00
1.965338610296316624e+00
1.709561330324042450e+00
1.805437241093666323e+00
1.509621385360908619e+00
1.586431535724936781e+00
1.869882242344589329e+00
1.647471062968615785e+00
1.350614081750880713e+00
1.298711816063020663e+00
1.236273889619624367e+00
1.461245509996340841e+00
1.060884061388860600e+00
1.225116854026930158e+00
1.399203093191264458e+00
1.427441357173869774e+00
1.179803532475764527e+00
1.176145246300063674e+00
1.406387609304800890e+00
1.494151115042541944e+00
1.256809740666291031e+00
1.282881884954862439e+00
1.101865564394292063e+00
1.311869473141619835e+00
1.131340774014459649e+00
1.192660961332628000e+00
1.413610281975626215e+00
1.562784651381315504e+00
1.503975190319515765e+00
1.612839016853182761e+00
1.372621367014223548e+00
1.196517609987650221e+00
1.157227164295445476e+00
1.429054973854569699e+00
1.444444278616563437e+00
1.008369943666513668e+00
1.288719228049302501e+00
1.291123856749748722e+00
1.048845727025818020e+00
1.205106472572802900e+00
1.477137405384837621e+00
1.261705548510319019e+00
1.109401733576974136e+00
1.585999438839079012e+00
1.864682459140297510e+00
2.143783195912936090e+00
2.187428907448428550e+00
1.739734052192360103e+00
1.924907634608315821e+00
1.434731881177719881e+00
1.442802418655676266e+00
1.371821867980372645e+00
1.603823689269386676e+00
1.857883497693586961e+00
1.498276942820475632e+00
1.490517837030776560e+00
1.674174924598956782e+00
1.927047089553188819e+00
2.337715605458352108e+00
2.089686174534136409e+00
2.082845117226647780e+00
1.915023910755145664e+00
1.811888198808715877e+00
1.623337905478934751e+00
1.728917084670545057e+00
1.690555655224512011e+00
2.049385264706438559e+00
2.057613187873988281e+00
2.393274826057605331e+00
2.043483020752306700e+00
1.946440471951277562e+00
2.145978804373958493e+00
2.401777645493238023e+00
1.792485597341736181e+00
1.787548248889273994e+00
2.094684871924820335e+00
2.216505815499210552e+00
2.174928001898066565e+00
2.027661001535066898e+00
1.867716595099599974e+00
1.993367043883123024e+00
2.216571367443544105e+00
2.364469402085816796e+00
2.233011228240232793e+00
1.950344153211231557e+00
1.836843512554995117e+00
1.912247598864978304e+00
1.418874243324615980e+00
1.533296613278634757e+00
1.516323297000534254e+00
1.374995533245310098e+00
1.357891059966697789e+00
1.286015845735969165e+00
1.043934304145547776e+00
1.336320952714668886e+00
1.231454978710401882e+00
1.518322700315435148e+00
1.560794620714240466e+00
1.738146822814671699e+00
1.837305869449316065e+00
1.873315318124701534e+00
1.969966345278142628e+00
2.027448290549054288e+00
1.804282268543405010e+00
2.215621845216548813e+00
2.236825303377759866e+00
2.075349557689430746e+00
2.263000807622547850e+00
1.598041660891294846e+00
1.281214308695757476e+00
1.523012791131776789e+00
1.521714775379512830e+00
1.395990459369919501e+00
1.235111934394094835e+00
1.534427882258565745e+00
1.634985836218516786e+00
1.521268603994444968e+00
1.281646909866464457e+00
1.590204307395313821e+00
1.635456496852694119e+00
1.437808752960601844e+00
1.854203458276089123e+00
1.883088633976617743e+00
2.137017393276955612e+00
1.988686022438552969e+00
1.946437129839702074e+00
1.841599718708537559e+00
1.870023547185101442e+00
2.211344425151311466e+00
1.670513260380024789e+00
2.075433253875747841e+00
2.013628148257267991e+00
1.772372921388823741e+00
1.453672110617785229e+00
1.577890280561745406e+00
1.226815881673724462e+00
1.063251365251129510e+00
1.083721556517877493e+00
1.210876188959743693e+00
1.517328215820625825e+00
1.449993236754178350e+00
1.372767419942635403e+00
1.177548616689218619e+00
1.326561230127886626e+00
1.180034096730236293e+00
1.601994260649489910e+00
1.183453525554714725e+00
1.313038449629603477e+00
1.391955128360608640e+00
1.102552704356895896e+00
1.238365467863509206e+00
1.496024332881617847e+00
1.503053268658174124e+00
1.288015869662957336e+00
1.268342460220172718e+00
1.338725358377146790e+00
1.422510015486088575e+00
1.596817287217010328e+00
1.155414216812390205e+00
1.519763616564140385e+00
1.302795402230584543e+00
1.497823586014634500e+00
1.759738177453860075e+00
1.689740927393035053e+00
1.637873223907513109e+00
1.389756190554798598e+00
1.339074216094227054e+00
1.451677380786762228e+00
1.447540815592055274e+00
1.689899192717118526e+00
1.276689514063451547e+00
1.346463170063538328e+00
1.202128540835235349e+00
1.292380178468578888e+00
1.909027934117128344e+00
1.767006318441194157e+00
1.636653998854653125e+00
1.705677931469502528e+00
2.006433310228302069e+00
1.632599209998587320e+00
1.946319809249086763e+00
1.671655450568088064e+00
1.271560064007616342e+00
1.164055630100757188e+00
1.376049957277912350e+00
1.457868209358812006e+00
1.467377700401718998e+00
1.306059847717999878e+00
1.274437588235417973e+00
1.380441421057550189e+00
1.491555130666781359e+00
1.214009509539980103e+00
1.041827536549792432e+00
1.093022320903932254e+00
1.010993566115320430e+00
1.177558878029210776e+00
1.132917924884411676e+00
1.342196803946666517e+00
1.482015151249985285e+00
1.614852979004092637e+00
2.147822099471692336e+00
1.811150442164744412e+00
1.901934509329281653e+00
1.998596011509460979e+00
1.913576092744506019e+00
1.938540668225606556e+00
1.480540039520952700e+00
1.497122154015525730e+00
1.325176888228044803e+00
1.284970421474969982e+00
2.015015110081521232e+00
2.094858969008173588e+00
1.821421054244394488e+00
1.534563488615384941e+00
1.617122938416556410e+00
1.622960015030174619e+00
1.175191311197994359e+00
1.405931016719231819e+00
1.626902092199617345e+00
1.441276613491007330e+00
1.831472949313830201e+00
1.494734096357972941e+00
1.493968859892048862e+00
1.370268385938688827e+00
1.176829103925361775e+00
1.508680623879739002e+00
1.725132269757748693e+00
1.525076704727747368e+00
2.033690902589239791e+00
1.795261708636840758e+00
1.778637236343433958e+00
1.754932052023553624e+00
1.725913607300963992e+00
1.855805622263413612e+00
1.640621730157350688e+00
1.479299640735515453e+00
1.339039422108897259e+00
1.143030347656412316e+00
1.437352268826650459e+00
1.581833611446561205e+00
1.596530392532581333e+00
1.795434448932558213e+00
1.880930860417865391e+00
2.002548103430073834e+00
1.686856737063830769e+00
1.640808344383889894e+00
1.775889407676862763e+00
1.429751619837733800e+00
1.543470330840631233e+00
1.818819497252056827e+00
1.752175081006104751e+00
1.675899925577179816e+00
1.236713531660522003e+00
1.319867122407124782e+00
1.644194590967535952e+00
1.631231381159591765e+00
1.428324723818474196e+00
1.535794748334069482e+00
1.323183681499263686e+00
1.596275391085471895e+00
1.485447493383196926e+00
1.438107939035661698e+00
1.218861615323799663e+00
1.546273239280894218e+00
1.734013464367821333e+00
1.840669659646200218e+00
1.426563757833829493e+00
1.553801885965819141e+00
1.533277725860596519e+00
1.709255101295585666e+00
1.884825639009015674e+00
1.620387649229706017e+00
2.147708040161592891e+00
2.404181939439683724e+00
2.422956282569664666e+00
2.436639177257976296e+00
2.576553330350928483e+00
2.148513610993727507e+00
2.327262399625289024e+00
2.002143071555005260e+00
1.981662760603691842e+00
2.093404482405452516e+00
1.968947496457144286e+00
2.152703005294517080e+00
2.231542251536295485e+00
1.915392144970418986e+00
1.364801932317902811e+00
1.420226419294870146e+00
1.526340946818657063e+00
1.437984169656244759e+00
1.378105878033768050e+00
1.600486851234861341e+00
1.724583607803761076e+00
2.011139484284913070e+00
2.159595862745233852e+00
1.647214217123070812e+00
1.375283576840160116e+00
1.311861623218602002e+00
1.482073270442816781e+00
1.626863113922887072e+00
1.484263445436599049e+00
1.701163384134045220e+00
1.588063001589688827e+00
2.068367232139299183e+00
2.026161891306135221e+00
1.759740455326030517e+00
1.612197929768995230e+00
1.613310400195242522e+00
1.834365488189782845e+00
1.594684517636381749e+00
1.624839114932735473e+00
1.692324435923036718e+00
1.584576950326910705e+00
1.898144705055035963e+00
1.855791055834165704e+00
2.012657449048048885e+00
1.860259211904562227e+00
1.248025327429384657e+00
1.317144158576544211e+00
1.491695270642432902e+00
1.341947018828086424e+00
1.918657364610979021e+00
1.754183228915372483e+00
1.987520227085650237e+00
2.302423238931605276e+00
2.256867593555142104e+00
1.840239950493225862e+00
2.313769177424240375e+00
1.931030762153453928e+00
2.065886526242280752e+00
1.974220215346908169e+00
2.086174623674240003e+00
2.082065053433002078e+00
1.667777058290942804e+00
1.822678993520964186e+00
2.446478715559210482e+00
2.145332071755380543e+00
1.966830852641789917e+00
1.922075181351805995e+00
1.601693516418468466e+00
1.245260078487656186e+00
1.382999896208466195e+00
1.944050130726783898e+00
1.754093832690157617e+00
2.036320575301598268e+00
1.754092072899603671e+00
1.724339427417656445e+00
1.783024924088407959e+00
1.668972298708766289e+00
1.517125995541017902e+00
2.256140081664607333e+00
2.191291379817353668e+00
1.944115393000432679e+00
1.818105286951917865e+00
1.789863401398022136e+00
2.131282981885670669e+00
1.759429849307062144e+00
1.615778339667811814e+00
1.659488423252700962e+00
2.027147294678774525e+00
1.689945038481024397e+00
1.682710595773286189e+00
1.694669731285111558e+00
1.367226435852651356e+00
1.494919916882023969e+00
1.430287064282822040e+00
1.391501480373646293e+00
1.740001457375779159e+00
1.539647837384229945e+00
1.322384959053780840e+00
1.493526417482158086e+00
1.343473997705788126e+00
1.352221119953139761e+00
1.788883218870395808e+00
2.184595481616244950e+00
2.092578409495529534e+00
1.880733778531817224e+00
2.144460253540244832e+00
2.171402759052918796e+00
2.080670737429725747e+00
2.055173540874839500e+00
1.535287078770793956e+00
1.552120214451564451e+00
1.234709563403127319e+00
1.307884503381498975e+00
1.139330979450195347e+00
9.734609075971812908e-01
1.144681307659256131e+00
1.242331294241092676e+00
1.238433030432857684e+00
1.487740571704111447e+00
1.207086061129695853e+00
1.224172129009048593e+00
1.323693388562980022e+00
1.291475558401752322e+00
1.075466245931906872e+00
1.378489422405952070e+00
1.524092366260249021e+00
1.737176734559579661e+00
2.246295577132210397e+00
2.288230359433299999e+00
2.270349252286136377e+00
2.438298742226981730e+00
2.246867050520563236e+00
2.260314277840703046e+00
2.125168965651383246e+00
2.409861501148454987e+00
1.958662814467696967e+00
1.772478521787357097e+00
1.275017313797896179e+00
1.119443254209669281e+00
1.472444249758985579e+00
1.562112254090993746e+00
1.560138570435643857e+00
1.766929397835916848e+00
1.633246028105963310e+00
1.616845856455575658e+00
1.602005813832399816e+00
1.555293835678071668e+00
1.476027708755963674e+00
1.715735731312578949e+00
1.497512605581393208e+00
1.867716299042495809e+00
1.917357712627812960e+00
1.799176685251239194e+00
1.431485220611819598e+00
1.447017992628782501e+00
1.580512359486785146e+00
1.858753695378403625e+00
1.948519650293486283e+00
2.166580188521813000e+00
2.199965904765133651e+00
2.116793624545233676e+00
1.654904509219455200e+00
1.700096229610015719e+00
1.577703380580671499e+00
1.303276908014820101e+00
1.036291916555210468e+00
9.826695137633916222e-01
9.552705959598335461e-01
9.550262424679942797e-01
1.366077274685395970e+00
1.284922215948529622e+00
1.362061165360599846e+00
1.534726775988240144e+00
1.559162732861036460e+00
1.787425806882999568e+00
1.710686228498454753e+00
1.504083872991397897e+00
1.351397246446711220e+00
1.642713603188104443e+00
1.694830033961722382e+00
1.681502682995613895e+00
1.121052160524707020e+00
1.235316457459849193e+00
1.269032978507237175e+00
1.291341874911463794e+00
1.388079833277720887e+00
1.420573027886063322e+00
1.443537277233854610e+00
1.786623570103778480e+00
1.504963833156100383e+00
1.917109249793499393e+00
1.664334356848048202e+00
1.741358036797185038e+00
1.376163869629869030e+00
1.573336554453602432e+00
1.711209931919331684e+00
1.369067612106154019e+00
1.084352678648146995e+00
1.263735905603451393e+00
1.311545307130524529e+00
1.383702271232235104e+00
1.722749554884392076e+00
1.549604301507778503e+00
1.606003331412031887e+00
1.611469953165377111e+00
1.682957835940158464e+00
1.739837300341391391e+00
1.271360003224718760e+00
1.739697077032192229e+00
1.258743243540446421e+00
1.270272223046307936e+00
1.056817406590580433e+00
1.183004934312825496e+00
1.494220764389884826e+00
1.370265560395717452e+00
1.456514082934749155e+00
1.443469425725947719e+00
1.753999356283011402e+00
1.580441530003876549e+00
1.686564648909808728e+00
1.563195243975218807e+00
1.344388548990080645e+00
1.375961839836280287e+00
1.091874783127178006e+00
1.302519768831183367e+00
1.441825835762705399e+00
1.234973882793731548e+00
1.373186207546061688e+00
1.270585343623659602e+00
1.052820293844967336e+00
1.188183349182611925e+00
1.228729264744124583e+00
1.523858482283707572e+00
1.208726301981557505e+00
1.002684993447411577e+00
1.159332815561535890e+00
1.062838408696194170e+00
1.146415425658870779e+00
1.221370820654627432e+00
1.318572757226217584e+00
1.173267434085355720e+00
1.048505619538612654e+00
1.316002503879362351e+00
1.416320838662000980e+00
1.770045882883781507e+00
1.599844450307506882e+00
1.213820734525090206e+00
1.054018924096098209e+00
1.214704341866368553e+00
1.751028966619642135e+00
1.938091017059395460e+00
1.677912069773791703e+00
1.731695687362929448e+00
1.737412389026516735e+00
1.913443229865347650e+00
2.107182278898752870e+00
1.917360378849404245e+00
1.674130400012503905e+00
1.639573848770785602e+00
1.992574216925869113e+00
1.926179348814375025e+00
2.037942516801478643e+00
2.002841586637293947e+00
2.025690437275979416e+00
1.868606295546608953e+00
2.080108064457937278e+00
1.629279087457455866e+00
1.485915665945548803e+00
1.645971994498450997e+00
1.229865847503043952e+00
1.298617539052679959e+00
1.170908727008092232e+00
1.685463977792082346e+00
1.448613111018989930e+00
1.211466168910405372e+00
1.144665502572904670e+00
1.243526176922598259e+00
1.669280536874715892e+00
1.787937164750480479e+00
2.057742809019122099e+00
1.845427244021798252e+00
1.778169997218346454e+00
1.801881621712316139e+00
1.661679611950739988e+00
1.766119927038515502e+00
1.541222224095454507e+00
1.594524755021693885e+00
1.772390822289757084e+00
1.942257867455880138e+00
1.589427006663854280e+00
1.332586796630475412e+00
1.642827262749553929e+00
1.494687789221732732e+00
1.738057770721376460e+00
1.588895222009470976e+00
1.686176790984661000e+00
1.981972598573378042e+00
1.993134648244760276e+00
1.631176751283794024e+00
1.835782655802457031e+00
2.150033430713354843e+00
2.048893583131725205e+00
1.549844035225127037e+00
1.568071547750551131e+00
1.904814327742948565e+00
1.703040028268663963e+00
1.478798333859310699e+00
1.449691337482203357e+00
1.723542518831761461e+00
1.578906419973718167e+00
1.667099708333950936e+00
1.747625033147835572e+00
1.528590307094082723e+00
1.716697751929439519e+00
1.700814097068801267e+00
1.589729762368732757e+00
1.377383470163797696e+00
1.435403511670429566e+00
1.433083724687980620e+00
1.391973465200582627e+00
1.562061544759707932e+00
1.833846602213088817e+00
1.501258130206633901e+00
1.431148177923164067e+00
1.357431548745242633e+00
1.673743483701826795e+00
1.544937421642199826e+00
1.844011028739119373e+00
1.952344244476192703e+00
1.658103430263296652e+00
1.816772987923787941e+00
1.524359355710203090e+00
1.484392241553073699e+00
1.579033440724202819e+00
1.395275768964522989e+00
1.481816972763672968e+00
1.693892023976960592e+00
1.565652964044503825e+00
1.504124265370172964e+00
1.548108090032483286e+00
1.530492666041074923e+00
1.314595629692765222e+00
1.156161906391358185e+00
1.549500618340253988e+00
1.291807894879937635e+00
1.249419456719387256e+00
1.238814436566368027e+00
1.785726024114240751e+00
1.302316830895815736e+00
1.587330827391826293e+00
1.536112472073628332e+00
1.106896823225004045e+00
2.226515378610133045e+00
2.298373604307619278e+00
2.326720243852313796e+00
2.500093283874656347e+00
1.734444461965981565e+00
1.915384226618694008e+00
1.582859511552704213e+00
1.782456536675270931e+00
1.330198291412741263e+00
1.588170586497684944e+00
1.967257474212440904e+00
1.889375494081173557e+00
1.894161793760669177e+00
2.061950408701507254e+00
1.993386498191440426e+00
1.612615430041984155e+00
1.976026981949141614e+00
2.424023240738151230e+00
2.062193325751138229e+00
1.834883241140864207e+00
1.970842127875388261e+00
1.948717984566359140e+00
1.973606288310184143e+00
1.775907816216240720e+00
1.917014707823663899e+00
2.162143961990867780e+00
2.441322869091006709e+00
2.250227979501559172e+00
2.408740827080583458e+00
2.318000185334123664e+00
2.516349662803344156e+00
2.180804179015942701e+00
1.934052710859775814e+00
1.898433484850652109e+00
1.498498335909252965e+00
1.707284512200539117e+00
1.985665539055691431e+00
2.090623934210255719e+00
1.985625179424145514e+00
1.947482903491822404e+00
1.896434907254288094e+00
2.098703040415368370e+00
2.145167092765341899e+00
2.194220043623144267e+00
1.624259617633942554e+00
1.603743890656430526e+00
1.890569585955369947e+00
1.777090741424556697e+00
1.881546436474703654e+00
1.825423998191608055e+00
1.929287058675352995e+00
2.187896237908542485e+00
1.720122231575006655e+00
1.603647948514815624e+00
1.543100754775279526e+00
1.654049458261747096e+00
1.490545874295043483e+00
1.310260605658588595e+00
1.502593952855468817e+00
1.510524384185605307e+00
1.747793105160372340e+00
1.605311758957610913e+00
1.275194029355918302e+00
1.723785901904716145e+00
1.467932133088834634e+00
1.184653100256643388e+00
1.368838376996544648e+00
1.680934266576831426e+00
1.481347846311188654e+00
1.302448549137449785e+00
1.582054366421045799e+00
2.146735284309161162e+00
1.960824507738846423e+00
2.031636893637654762e+00
1.961950032654117493e+00
1.768550083881203383e+00
1.968003976695402502e+00
2.077777678596362421e+00
2.055696902419887007e+00
2.519882172208926185e+00
1.827343944002549625e+00
1.525337670223215314e+00
1.501917137089643361e+00
1.313537550580727187e+00
1.370077593577984088e+00
1.436878811954326984e+00
1.030543976657171124e+00
1.481945165726894276e+00
1.822908080430353017e+00
1.717042071843066786e+00
1.842192936879456511e+00
1.849941417314180825e+00
1.376093453299740199e+00
1.532708410071384586e+00
1.634485425271823278e+00
1.659577027601547350e+00
1.805583186533874285e+00
1.720012650140610111e+00
1.691253459312680008e+00
1.676022550331156324e+00
1.804657377268764851e+00
1.650603425872382735e+00
1.722206326416546363e+00
1.707721679841844864e+00
1.776681921373084450e+00
1.687655193494607575e+00
1.494911218196611769e+00
1.506908780500591405e+00
1.555987339853218465e+00
1.442364066979743065e+00
1.739353161297092498e+00
1.539807506211005705e+00
1.468540431543610580e+00
1.722521280047684789e+00
1.263007541393458055e+00
1.238259994971624423e+00
1.355559402308379457e+00
1.486800678491271732e+00
1.684296223972273854e+00
1.416453973833844193e+00
1.381713748406324660e+00
1.435223754375000160e+00
1.489965595058452497e+00
1.385877247186316108e+00
1.381563516534631164e+00
1.754038421125582836e+00
1.853087424363125457e+00
1.702369724934960082e+00
1.608811757015233823e+00
1.302777315647219991e+00
1.311988164591008532e+00
2.233201786935770539e+00
1.988929236469110240e+00
1.921756373726896561e+00
1.525970171853890278e+00
1.553184098124706258e+00
1.752788683907761325e+00
1.616611636882858249e+00
1.732754573509208473e+00
1.880833351477659399e+00
1.755259407238005442e+00
1.722821731677053769e+00
1.797401849840891686e+00
1.998828553347424153e+00
2.395382423232276903e+00
2.233638507076748159e+00
2.284053576451755774e+00
2.128308125485086855e+00
2.010317220100162228e+00
2.116674782906534436e+00
1.632961218183794472e+00
1.917939501385949930e+00
1.990529746843351822e+00
1.843954140599606051e+00
2.177676597242168111e+00
2.167698262067170756e+00
1.864930571063363018e+00
1.768560980165541752e+00
1.995506638370668329e+00
1.748455745914453408e+00
1.850146574616291062e+00
1.923060875784462276e+00
1.823060799935790399e+00
1.325511049182875878e+00
1.129744846773509392e+00
1.495809727553009338e+00
1.377911632606153569e+00
1.467422200284002054e+00
1.160671702557606322e+00
1.332392716227562834e+00
1.317887832678862781e+00
1.454329623617542921e+00
1.528808426576214519e+00
1.559581289248699321e+00
1.247831283729888607e+00
1.328865281240927176e+00
1.407733577006317516e+00
1.012766709153763545e+00
1.077781045033142870e+00
1.165610785348886402e+00
1.375984161555358520e+00
1.397136220499016090e+00
1.492026395610197564e+00
2.023071226916109300e+00
1.926402819432754931e+00
2.260689361491775351e+00
2.253398973273629036e+00
1.948700150528595021e+00
2.036982418863288569e+00
1.990515259783542490e+00
2.226144874521865269e+00
2.102588075357672448e+00
2.102896414262897640e+00
1.907126823682851580e+00
1.812777088880488607e+00
1.994512504184996704e+00
1.558464273707871550e+00
2.061189738990444109e+00
1.806687866706219836e+00
2.078422405970207887e+00
1.646070410508984061e+00
1.493020557754451527e+00
1.627657743668613932e+00
1.879553104808895814e+00
1.398201827415546106e+00
1.203495031941557825e+00
1.216763340266556748e+00
1.445440727554103244e+00
1.586652500630370666e+00
1.507450991010963026e+00
2.003499245610524948e+00
1.936145504983754595e+00
1.795567471702984808e+00
1.651719866834304939e+00
1.989807614951919490e+00
2.053349188653739610e+00
2.182657589608965942e+00
1.735114010913187288e+00
1.610010667578426480e+00
1.662972152549077709e+00
1.928805555560481721e+00
1.915474451233983189e+00
1.762483432970183506e+00
1.687210268305100902e+00
1.981887056390265744e+00
1.604186853759123510e+00
1.705355742080937764e+00
2.256853584109330679e+00
2.081379891179367725e+00
1.906035982878479196e+00
1.855957358123603740e+00
1.705323724773324834e+00
2.057520380263134108e+00
1.754562601375006636e+00
1.748055798575699704e+00
1.662943837633260147e+00
2.093521245266166453e+00
1.630253293393324032e+00
1.722902290389873858e+00
1.745037346153805791e+00
1.637027618008320751e+00
1.769174500350471746e+00
1.620796215433207399e+00
1.836003175389743225e+00
1.926216701102027473e+00
1.730076092643493268e+00
1.682513180573469214e+00
1.668261959863878152e+00
1.688809707796327775e+00
1.837900047910872692e+00
1.475327168276296286e+00
1.661822116368173230e+00
1.659590139511822660e+00
1.800619889361137815e+00
1.813755278619257894e+00
1.790709686782784749e+00
1.992431203324954714e+00
1.853303025806583237e+00
2.175329175766359313e+00
1.980800434926632381e+00
2.051021466654839198e+00
1.759088441440940009e+00
1.686624963537594502e+00
1.600063290612043110e+00
1.782954460497936156e+00
1.730321872252774007e+00
1.442099452947050331e+00
1.613275384956472935e+00
2.099347330856447424e+00
1.560487790583658496e+00
1.609901714469586409e+00
1.597333108162362736e+00
1.457269627141672963e+00
1.472843248173140385e+00
1.824664745931864562e+00
1.384347935567378673e+00
1.507518028461699799e+00
1.677307998969828295e+00
1.467845093632796027e+00
1.746242089520794849e+00
1.691743663509311935e+00
1.389830428454374101e+00
1.532535725765514778e+00
1.295047971227669681e+00
1.220184841585716606e+00
1.462538714098365444e+00
1.356493120515708473e+00
1.675877461144385849e+00
1.475776218201019452e+00
1.420666415165033225e+00
1.540277026637229651e+00
1.794510160054419323e+00
1.674230550542674667e+00
2.115053991275864131e+00
1.503750590548017962e+00
1.626687932765310096e+00
1.920454781923238263e+00
1.433244499870176325e+00
1.792375170883432567e+00
1.772183098422853931e+00
1.865672221181744916e+00
2.010768764005166354e+00
2.337495435788488951e+00
2.392593428479358408e+00
2.255913731342655382e+00
2.603418749423466405e+00
2.114168991360330097e+00
1.498358974435010538e+00
1.262027689527719376e+00
1.337290271698415856e+00
1.624774395615218525e+00
1.689148168600677069e+00
1.682822757001360303e+00
1.373207595395083525e+00
1.538980552719594108e+00
1.424048619146057515e+00
1.632930839588358385e+00
1.660863571222676471e+00
1.820939865790742962e+00
1.909440550110148127e+00
1.501401409428046119e+00
1.674045501871935349e+00
1.616369834296644159e+00
1.711091514503036981e+00
1.898339325261160226e+00
1.745865867082179612e+00
1.709582027963244988e+00
1.534753887609417333e+00
1.819279330084544899e+00
1.673596584886436478e+00
1.897676374980306280e+00
1.672915364340074262e+00
1.883775680235110661e+00
1.916102873783541938e+00
1.914281897738070004e+00
2.061309638704956537e+00
1.595665297183241904e+00
1.708817773451081878e+00
1.598648062868988973e+00
1.644780483507623403e+00
1.735573592620447414e+00
2.059138364623245732e+00
2.144812965124472282e+00
1.719223468346425365e+00
1.592838842283988532e+00
1.258111572251312538e+00
1.635348413269838819e+00
1.699138790127959986e+00
1.387188302344675606e+00
1.438684387758167205e+00
1.327162953077719143e+00
1.496093106041483489e+00
1.498645176890330166e+00
1.220791901814332725e+00
1.155945338294309233e+00
1.365450622689528437e+00
1.431784141921160103e+00
1.471427000761001747e+00
1.458887209341254154e+00
1.331039703349383707e+00
1.205543557116257380e+00
1.526387484536803285e+00
1.352762552419365827e+00
1.383407018593988402e+00
1.705336003718431304e+00
1.874477294846313757e+00
1.931225618670427968e+00
1.814141318855519547e+00
2.078529468042319195e+00
2.065306631637963353e+00
2.259413938135816924e+00
2.032048461339929002e+00
1.762026759995010128e+00
1.128339857266689839e+00
1.199102667855591609e+00
1.358632325566304644e+00
1.579962556077941782e+00
1.191053795521699987e+00
1.242430120200969101e+00
1.326073645619394004e+00
1.475254233220289812e+00
1.824457314710532074e+00
2.025627462870789763e+00
1.801030150592426438e+00
2.057866521684192485e+00
2.520370762107199791e+00
1.951059641277010037e+00
2.262479662696669447e+00
2.107139483498584820e+00
2.029817514162690184e+00
2.219191146624566180e+00
2.205011774382786616e+00
1.846324856554191207e+00
1.634820178957051118e+00
1.689338612709144316e+00
1.446464201526031168e+00
1.166870568171895384e+00
1.272704345127459113e+00
1.237606863911795863e+00
1.251441821749071259e+00
1.209412990413911260e+00
1.133282351300445745e+00
1.043117113051398759e+00
1.275733467448221470e+00
1.284785772983077390e+00
1.465983850664210220e+00
1.372981082082360693e+00
2.069537454807279797e+00
2.062890089911334268e+00
1.627360023846495585e+00
1.413100538131843997e+00
1.424191804821261398e+00
1.326620787154030312e+00
1.216092698211626022e+00
1.370603679369738037e+00
1.309455770432834454e+00
1.356481387698489582e+00
1.369152367904465484e+00
1.298120801411461134e+00
1.199550894501447695e+00
1.311178593782155843e+00
1.610881050505317935e+00
1.853689225630426485e+00
1.574257476758267105e+00
1.831074245271595125e+00
1.707356602787578836e+00
2.146868321592881657e+00
2.413928681942946852e+00
2.443611473084871921e+00
2.198711406065044560e+00
2.141251798620623870e+00
1.817752505744507863e+00
1.971137850781450984e+00
1.739367284928096113e+00
2.220626018658621081e+00
2.443625253885216786e+00
1.922504515008180093e+00
1.676517164176957841e+00
1.571662301600042166e+00
1.392497282210715781e+00
1.500643880990991885e+00
1.673084861568745696e+00
1.962547389028987510e+00
1.952364817731589319e+00
1.389448368028083136e+00
1.380917378018049702e+00
1.161668023466300603e+00
1.390420268373651069e+00
1.170198983051059072e+00
1.293728764927118302e+00
1.489685155469627986e+00
1.379418809215859687e+00
1.253460360389035078e+00
1.438026151230849869e+00
1.392460386514159598e+00
1.198708705100157479e+00
1.236976129594510754e+00
1.106346702399243931e+00
1.140302982186162106e+00
1.219366506285720630e+00
1.269621954178926648e+00
1.151965495795331362e+00
1.384318190836352436e+00
1.315379424329931490e+00
1.449593763977263805e+00
1.686344974039627465e+00
1.377729095207977927e+00
1.386829736113772915e+00
1.306893761568486800e+00
1.418805498723113345e+00
1.302298085803337946e+00
1.110751906824797963e+00
1.147401306818099265e+00
1.545935616602270857e+00
1.731185113696715350e+00
2.002278165936073329e+00
1.969180349952131870e+00
2.080085731096816382e+00
1.545473387003515775e+00
1.818805233509245500e+00
1.860492541325537319e+00
2.116308716704381698e+00
2.104322384297744986e+00
1.657358784847509980e+00
1.741465428416725691e+00
1.961770597336773392e+00
2.177798808306174116e+00
1.671573789077300809e+00
1.907114692974051895e+00
1.948864619025332701e+00
1.561775301593623100e+00
1.711166649025484210e+00
1.746124538301367268e+00
1.911007137684160417e+00
1.656416602169663355e+00
2.161186512468044718e+00
2.080870973422859649e+00
2.105521999127785815e+00
1.851964141784241180e+00
1.981626107725436015e+00
1.930171604139348851e+00
2.101620455557504208e+00
1.738170797084085839e+00
1.650782731228936484e+00
1.478191826219518612e+00
1.487431187025992640e+00
1.177146317337294690e+00
1.310236857608693128e+00
1.652467037030594277e+00
1.619629920401043144e+00
1.633975485459420618e+00
1.934115886718515753e+00
1.740962455893618532e+00
1.589471650001865077e+00
1.716622403234029370e+00
1.923870451044950691e+00
2.312716062139801743e+00
2.100629959131303348e+00
1.848139398633153352e+00
2.219354701879955538e+00
1.770986670622584747e+00
1.842840702843178580e+00
2.107513123488748086e+00
2.099211295285089651e+00
1.745320748499334274e+00
1.571382914893278082e+00
1.988900506668808577e+00
1.757876113161821685e+00
1.395411926520748969e+00
1.831709331586240275e+00
2.060642627547135675e+00
1.685714344220106575e+00
1.839674847611740605e+00
1.841227267234460729e+00
1.641694970436778478e+00
1.388890160288171804e+00
1.753418308359645739e+00
1.665721729787044580e+00
1.549246363116216108e+00
2.053174855947342170e+00
2.106439795199164688e+00
1.914618209510698499e+00
1.856788521449793894e+00
1.711120581109240923e+00
1.456142652422639072e+00
1.313838375470805842e+00
1.373707705559834791e+00
1.548914263091352383e+00
1.844752649945963885e+00
1.814563477216430076e+00
1.628618228526789169e+00
1.968096679497664425e+00
1.822342836303652014e+00
1.825521443321965975e+00
1.529045780931434395e+00
1.569731632954646017e+00
1.195057232319124418e+00
1.571135025104902772e+00
1.635970993351665959e+00
1.620747148471227916e+00
1.238797679983905997e+00
1.381817317668372347e+00
1.639510874598332224e+00
1.660397782447441406e+00
1.666841390937105150e+00
1.968933414759760359e+00
1.743537869449694355e+00
1.586794755414882019e+00
1.656494428075115044e+00
1.620253683664151456e+00
1.718010651582319248e+00
1.807857330504800686e+00
1.995343702083959947e+00
1.701849561294480839e+00
1.494251816080005568e+00
1.283936209928177696e+00
1.380157589251730599e+00
1.291013576232922455e+00
1.558494720440900982e+00
1.687851318599910444e+00
1.334178560728479290e+00
1.245643058524267266e+00
1.610838657872363688e+00
1.777399804851296672e+00
1.361448457237103504e+00
1.449200769613531614e+00
1.580510900492085646e+00
1.923294078544658170e+00
1.912454449149665336e+00
1.474570737367281614e+00
1.584443434515436122e+00
1.277550078316228355e+00
1.257170199148221812e+00
1.178473476381888263e+00
1.147778555419299851e+00
1.328275757623667452e+00
1.510035619871014090e+00
1.492662044887877792e+00
1.456064627067553907e+00
1.291620988900832767e+00
1.241314797040571349e+00
1.118323774672566495e+00
1.289364054734221776e+00
1.379651830319255312e+00
1.313479050558715944e+00
1.676972043682654290e+00
1.630882769042810043e+00
1.722018994520683854e+00
1.276438278765093637e+00
1.385721240338579685e+00
1.461568704601073465e+00
1.178708757816012476e+00
1.214243207440171446e+00
1.178197776303625988e+00
1.379886161576554748e+00
1.372458821449562771e+00
1.505658776373672403e+00
1.372311347622633626e+00
1.432929341992075223e+00
1.377362534331393329e+00
1.424485210143479508e+00
1.648604146029529538e+00
1.579843077544547114e+00
1.129096337869455624e+00
1.581792765173876791e+00
1.837019043460417000e+00
1.748015264916734202e+00
1.745011821037662614e+00
2.178126082229798754e+00
2.098597445453852739e+00
1.860631647343997663e+00
2.051051230672000791e+00
1.689158148814205340e+00
1.534460890991477200e+00
1.518807132615982880e+00
1.471365921765185769e+00
1.695640871376015824e+00
1.705710069929116557e+00
1.681931868274297859e+00
1.752832699400842520e+00
1.776382298294865825e+00
1.586920611331278153e+00
1.594189917218140629e+00
1.708658193473036935e+00
1.738042994441695299e+00
1.805220886690896309e+00
2.165689419127808435e+00
1.964569125456100629e+00
1.967491475730281936e+00
1.721295832131269909e+00
1.613333194943671778e+00
1.594213544477345534e+00
1.153753920213889783e+00
1.381558679884712815e+00
1.162279206587784719e+00
1.457135477631746667e+00
1.566313268896733391e+00
1.607225973894287563e+00
1.422532504216870164e+00
1.760500470345786939e+00
1.344236264314449869e+00
1.817145885169691999e+00
2.056457094232932103e+00
1.717147710656756532e+00
1.984350133711687780e+00
1.787407216280729960e+00
2.026271915181449668e+00
1.855802685200586666e+00
1.809532147458872586e+00
1.863940011021907983e+00
1.733332716152514497e+00
1.685081591189082850e+00
1.530205841462325189e+00
1.623827500835333559e+00
1.605177188291301071e+00
1.468118376122307112e+00
1.200202645396537537e+00
1.035658813545340173e+00
1.180261241562100771e+00
1.222827332670473055e+00
1.191008225066097381e+00
1.205440434282963214e+00
1.090787367468718294e+00
1.139324257874246182e+00
1.379273588331835665e+00
1.213770194168703798e+00
1.849964859716198617e+00
2.046059123924663936e+00
1.981710037592838480e+00
1.730626197299409696e+00
1.948039728160880335e+00
2.092522303813319162e+00
2.228340091628035591e+00
1.820158707340358895e+00
1.455530670524757930e+00
1.823257118945475597e+00
1.673567776493565251e+00
1.939196814737797814e+00
1.880553966460780435e+00
1.913046640743051530e+00
1.412008737082837806e+00
1.453517233683057297e+00
1.567906749055294036e+00
1.607623482300768458e+00
1.524075235217697388e+00
1.669558738136405651e+00
1.682374593192964118e+00
1.820242484642944136e+00
1.553385736074619050e+00
1.433416047092379575e+00
1.237768631838170874e+00
1.362913556297666640e+00
1.256204713988188004e+00
1.300732701863182461e+00
1.366931054210927865e+00
1.218231702010287965e+00
1.193851706645334465e+00
1.070340919269982427e+00
1.251039135703645444e+00
1.626068580600517510e+00
1.483488245064362498e+00
1.974259840990491455e+00
2.111876938526760838e+00
1.936872585270654090e+00
1.691691416107726331e+00
1.437337078835797755e+00
1.389769077364405803e+00
1.218722400085622048e+00
1.225859212586892344e+00
1.450300301521278534e+00
1.187053321286666296e+00
1.210878864519051801e+00
1.645188061763954934e+00
1.269039905240480826e+00
1.576877726569448246e+00
1.426994341697303659e+00
1.591435086536365340e+00
1.692448724290062989e+00
1.466099383923899380e+00
1.460394354234562320e+00
1.118126105814083227e+00
1.054901191233268198e+00
1.323645316306216957e+00
1.621961276839303467e+00
1.421036912204874048e+00
1.654436620689814008e+00
1.395415810991838645e+00
1.683864806969020300e+00
1.767675769180136358e+00
1.658520226549455190e+00
2.062989479723894792e+00
1.943348470156082586e+00
2.122987548814906145e+00
1.679995519264783299e+00
1.329679619546944025e+00
1.391920998080629523e+00
1.118010706260676557e+00
1.220085676818056131e+00
1.298934960507658110e+00
1.560383917886640992e+00
1.380914172431593201e+00
1.588453733702096526e+00
1.457137826725017904e+00
1.537003997211302764e+00
1.747679308223156314e+00
2.024586920378423915e+00
1.828304236360332569e+00
1.907081624943877785e+00
1.664673461950019195e+00
1.284278521366361447e+00
1.309269004315504636e+00
1.607336740841485145e+00
1.457078372725459037e+00
1.624944857447662372e+00
1.843560814778640200e+00
1.611329020622901176e+00
1.642671528327770636e+00
1.531487332084669362e+00
1.446374944151799014e+00
1.446281239599172208e+00
1.289275401369033958e+00
1.615782569265326929e+00
1.583759518792050125e+00
1.479533345150633172e+00
1.835471789355673344e+00
1.748181258955956441e+00
1.835151698806404941e+00
1.526325495139137622e+00
1.063766208286337722e+00
1.457059548108948777e+00
1.902021991212349494e+00
1.604876215093553160e+00
1.592960797898891556e+00
1.711069612141315366e+00
1.444402336557167432e+00
1.462732638653631900e+00
1.394445979498010857e+00
1.231310396205538948e+00
1.178217409082150446e+00
1.186735354877610282e+00
1.317701712246541534e+00
1.397808016125271502e+00
1.322152410642518428e+00
1.761814211614388670e+00
2.022487174188638104e+00
1.938457635685573610e+00
1.942294022913330087e+00
1.461391389698101451e+00
1.483979154259599920e+00
1.356396380317940187e+00
1.115833977972388258e+00
1.343357588104875600e+00
1.793337313703548652e+00
1.587317620240332072e+00
1.260623903121167011e+00
1.087470514953509992e+00
1.106103694536941129e+00
1.259083516443368245e+00
1.280261604041619705e+00
1.277577661345257631e+00
1.117088176828471724e+00
1.318753338760552563e+00
1.182533298141873690e+00
1.149978702203663827e+00
1.207295442495549320e+00
1.253948553481757600e+00
1.250573133758085431e+00
1.495060753262005715e+00
1.322389709708034378e+00
1.408479761686198595e+00
1.614457241895250306e+00
1.596527429809918130e+00
1.366857089811408077e+00
1.165909723355726957e+00
1.228876367850362250e+00
1.172294801481761795e+00
1.576429841520556430e+00
1.534140216506151289e+00
1.703813548565373370e+00
1.479289130832040167e+00
1.453701754751595798e+00
1.212262900980181080e+00
1.608211710996582333e+00
1.780582273729946152e+00
1.804186791902136155e+00
1.686444042736012783e+00
1.746836767024744219e+00
1.599237800148843647e+00
2.201059774084441312e+00
2.270183488384862169e+00
2.345832872860735829e+00
1.759104337301453658e+00
1.570111741818590811e+00
1.504717916038032177e+00
1.908168028082167345e+00
1.988487421712300307e+00
1.917814073750976789e+00
2.280353786171046337e+00
2.260202340468468574e+00
2.182805626601495685e+00
1.711732655428690242e+00
1.550499427326848867e+00
1.470927923473346777e+00
1.928384440547220358e+00
1.796708882364213666e+00
1.796265549023466468e+00
1.945814246204489173e+00
2.009279012546803855e+00
1.800563898295284959e+00
2.259388434889128661e+00
2.140410672993537933e+00
1.722708019751001629e+00
1.446401431863551856e+00
1.766271824920740974e+00
1.402406734801269872e+00
1.436886659763269236e+00
1.560831764800330923e+00
1.316555083004128601e+00
1.432265172702997802e+00
1.262360379959380330e+00
1.463787502340995861e+00
1.426166746889356851e+00
1.539462013261706730e+00
1.558502421511062774e+00
1.687497849161263108e+00
1.764480560607794235e+00
1.753747914802456620e+00
1.875149713812699126e+00
1.667834508263940752e+00
1.907488332171892509e+00
2.098193945501182434e+00
1.880527938236931096e+00
2.002764167394282868e+00
2.181615173247391848e+00
1.722563437847399959e+00
2.031764868160883974e+00
2.582730836063138025e+00
2.077678508608884922e+00
2.094104521386253470e+00
1.819791051860461639e+00
1.746011531768327574e+00
1.317047824831696579e+00
1.492874170051470939e+00
1.372848627680951505e+00
1.613393753749525317e+00
1.800675194706266913e+00
1.872407456835411210e+00
1.636742348102225408e+00
1.618207671615073284e+00
1.887686139716721279e+00
1.643520127245696294e+00
1.697427166971129386e+00
2.150339338052455584e+00
1.547144531777943754e+00
1.521019488936453889e+00
1.465197371738898191e+00
1.640372130719777388e+00
1.459826967354522775e+00
1.466455377048568209e+00
1.697860306239827866e+00
1.475421926440177334e+00
1.861903183038144949e+00
1.717423821669777029e+00
1.335414700198962024e+00
1.586946320165809610e+00
1.587045761356083329e+00
1.760468674923554078e+00
1.666569756543852865e+00
2.060560310711012200e+00
1.908369358615023437e+00
1.581444875733384547e+00
1.104495885183757187e+00
1.225616624277153788e+00
1.187343062607834510e+00
1.578383930807645052e+00
1.525952187853333530e+00
1.127953069143096121e+00
1.496987865139757012e+00
1.280311727080358342e+00
1.405307980044470550e+00
1.800114914404429500e+00
1.792568143751187115e+00
1.930774467461192634e+00
1.364448027956415510e+00
1.363823994313299703e+00
1.210649536557945938e+00
1.700518047775380515e+00
1.447918033823904604e+00
1.623844936866703392e+00
1.809335587332358886e+00
1.662964025691738845e+00
1.814180914584990312e+00
1.321463732948501280e+00
1.155596450278663756e+00
1.431200497748733591e+00
1.667828430642369186e+00
1.504227171513967232e+00
1.141442124092336918e+00
1.272963253963062868e+00
1.220648711549002785e+00
1.467938577737615713e+00
1.707330990899411649e+00
1.829465697899629761e+00
2.289842791709377767e+00
2.215963990952365847e+00
2.194330443143950315e+00
2.004736096168985515e+00
1.710536982984716348e+00
1.741715633223690496e+00
1.801453880071520963e+00
1.364475464277901340e+00
1.753790496677026800e+00
1.120967748090571980e+00
1.358021914799793395e+00
1.433435626815019237e+00
1.788592207521807254e+00
2.136194101930934508e+00
1.808981908961454499e+00
1.520404258334096648e+00
1.324196278404600413e+00
1.759966294018155741e+00
1.359017080228257068e+00
1.336520479891133650e+00
1.336369382367964320e+00
1.223766046934751550e+00
1.531839799969298976e+00
1.675670296096260392e+00
1.710218870036235961e+00
1.747503268366867424e+00
1.649933255007908661e+00
2.148422501426238362e+00
2.146907543444766198e+00
1.719916993019089846e+00
1.244031603266603447e+00
1.413730920179370854e+00
1.702482281785095530e+00
1.605728651006877783e+00
1.246267826172219984e+00
1.219239908454641697e+00
1.462554207221050007e+00
1.495649314217561532e+00
1.561266783759088783e+00
1.493624500375053010e+00
1.783501831992065467e+00
1.748980396970710505e+00
1.917921499725814050e+00
1.978214886707074349e+00
2.040838882414069744e+00
1.730954059068790407e+00
1.719218132556037837e+00
1.762719027246848924e+00
2.312432100398153167e+00
1.993689897008447565e+00
1.899251784940227727e+00
1.839286181221797101e+00
1.470682174299319911e+00
1.528289795884196778e+00
1.763905616122800613e+00
2.116174183387145913e+00
2.405316715088979151e+00
1.872844756809356914e+00
1.500494033229185620e+00
2.022134602194038511e+00
1.814547098675375780e+00
2.039796237091231035e+00
1.713419959245397806e+00
1.834584938776763430e+00
1.540678224492962656e+00
1.380411522789515733e+00
1.584636843501452397e+00
1.758258052858635345e+00
1.864133261006966524e+00
1.790899619870306880e+00
1.845030015078484853e+00
1.760020531004172328e+00
1.867878645938602977e+00
2.332859696459306686e+00
2.491646468878783605e+00
2.105320143786059361e+00
1.541905076311156808e+00
1.516511391140092035e+00
1.673965858128258155e+00
1.273201360529613524e+00
1.209101588055319976e+00
1.158421154368429518e+00
1.098868690904549528e+00
1.204167551707754358e+00
1.267024927408031409e+00
1.358884050637376051e+00
1.450074795802320127e+00
1.350309149349108395e+00
1.102798054029008323e+00
1.187651798141710513e+00
1.446367888017567660e+00
1.582603252751489942e+00
1.917957844448712867e+00
1.610355446369481802e+00
1.354700970365261048e+00
1.293923248253102454e+00
1.135022796039045545e+00
1.135971899156235976e+00
9.896283096885151176e-01
1.298508136278780256e+00
1.385723020115812609e+00
1.270883974644259284e+00
1.250410405300292460e+00
1.452522081804250575e+00
1.563797421420674461e+00
1.854528823106461832e+00
2.134475965722896440e+00
1.711805412768046653e+00
1.744671495611032741e+00
1.677497805428094679e+00
2.000040098912793329e+00
2.290445779192961773e+00
2.150044968031845194e+00
2.461309170492108400e+00
2.406337893009261819e+00
2.118318540490963908e+00
2.297114158654939953e+00
2.216385909296606282e+00
2.141715810970939771e+00
2.143795216097767131e+00
2.252031605236548994e+00
2.194550011947361323e+00
2.002802238113377875e+00
2.093827647729410657e+00
2.646065348682160590e+00
2.378791427853317320e+00
2.000005502685764380e+00
1.953273321824534836e+00
2.004075341089571527e+00
1.822800079921228944e+00
1.379087538577707939e+00
1.676509828110569700e+00
1.707149106526188564e+00
1.382144209300752991e+00
1.709950457408957680e+00
1.483397101107030158e+00
1.513349795441978118e+00
1.585847565528504921e+00
1.300850136397321499e+00
1.369972545537930353e+00
1.362975333586052606e+00
1.263643893842913535e+00
1.031132112807107148e+00
1.314194122199389803e+00
1.432926864678419898e+00
1.402712362917792888e+00
1.331616553573738537e+00
1.521354332993991809e+00
1.495995263510803364e+00
1.972146809375272980e+00
1.864457874607307053e+00
2.047721616807247624e+00
2.143067242181411203e+00
1.820379129298882237e+00
1.546314770266324468e+00
1.629728332499630561e+00
1.605083950766809098e+00
1.286923459361532629e+00
1.335602153559686922e+00
1.383815487987992254e+00
1.437409480313441179e+00
1.443548739874723097e+00
1.818264470852358095e+00
1.547093126587234080e+00
1.675092364009318491e+00
1.479073667348346000e+00
1.378499570712177436e+00
1.423112166524010958e+00
1.337767870297591699e+00
1.736563415512523356e+00
1.695738652303570904e+00
1.592363378228546900e+00
1.653993274883534204e+00
1.652358274074531286e+00
1.403655381139888636e+00
1.746325558215365392e+00
1.983687496641997727e+00
2.287676073218217532e+00
2.414321890994975295e+00
2.106771322312708694e+00
2.015035237990644656e+00
1.961658887639085025e+00
2.233079380743032250e+00
1.907443127684286699e+00
2.117737109849874511e+00
2.174819549565117693e+00
2.386466422855150427e+00
2.259022247647386461e+00
2.452185926635741975e+00
2.330189141791212393e+00
2.725176796387099643e+00
2.341170127724247152e+00
2.228346942459233038e+00
2.408856004512110349e+00
1.884186117199376787e+00
1.848351954033539801e+00
2.036898884159870526e+00
1.941748637619862272e+00
1.750742761558940153e+00
1.839447680649004546e+00
1.575599192123170456e+00
1.444081283059366783e+00
1.192070475270944563e+00
1.175628832308121430e+00
1.442687420047828128e+00
1.319276751964757466e+00
1.572750903377016618e+00
1.762533005412748155e+00
1.616921362924220062e+00
2.072124004159791699e+00
1.789278840026859996e+00
1.805632223767641209e+00
1.845852784635830135e+00
1.377160985387598346e+00
1.225451198065679037e+00
1.243877219427159231e+00
1.379332278098160280e+00
1.155446744063957976e+00
1.088805415566298951e+00
1.329876444204623587e+00
1.517366276505880629e+00
1.437011755982366523e+00
1.487835493140870824e+00
1.584197796305508499e+00
1.791079269815577080e+00
1.452452845647391966e+00
1.468391855482483077e+00
1.257892309193316072e+00
1.273635232706453291e+00
1.158007099333286716e+00
1.199807572180576987e+00
1.092833546337752759e+00
1.271250488887169183e+00
1.244701475890040099e+00
1.309787628254333924e+00
1.607368772738618334e+00
1.456609674265730625e+00
1.373993836052300743e+00
1.377133165158926476e+00
1.378882008547760218e+00
1.267197232210059088e+00
1.354999780385813590e+00
1.487661436988569896e+00
1.806022610277279172e+00
1.808296592891402099e+00
1.593445653928835748e+00
1.664652630207329453e+00
1.376216108494137780e+00
1.401637791350928586e+00
1.795402241909369367e+00
1.621153300155256050e+00
1.622620251705116701e+00
1.320623692380003655e+00
1.333264344664963907e+00
1.461917004103703732e+00
1.512466343602071550e+00
1.411083509510748568e+00
1.201576770156911778e+00
1.427827745042780316e+00
2.096931207808887532e+00
1.743663439724787656e+00
1.220879730840874311e+00
1.731290244860707261e+00
1.871061013495873615e+00
1.683978108063865609e+00
1.945229117932402829e+00
1.683861858346033857e+00
1.805542395705833414e+00
1.391620542751238032e+00
1.447013701257775953e+00
1.486954324420524332e+00
1.253557000956555534e+00
1.181056296774351866e+00
1.229069199459980721e+00
1.195635303198649080e+00
1.247217767342604366e+00
1.515926994221471702e+00
1.784263552275508591e+00
1.916105634622963017e+00
1.949072581508984214e+00
1.559063334002819490e+00
1.457549287472306832e+00
1.543014178129635372e+00
1.561705073212046102e+00
1.413127632301518055e+00
1.195040410854630641e+00
1.494333314384462597e+00
1.359725336559310493e+00
1.739002483485513340e+00
1.613372209889737618e+00
2.200923175068692839e+00
1.901103857766079486e+00
1.909401868180574668e+00
1.902063346684075062e+00
2.082219555124394272e+00
2.335152297522629539e+00
1.977659831359732667e+00
2.514014062447001763e+00
2.114756871449416931e+00
1.554099282074478339e+00
1.413158413801888225e+00
1.398792534271239285e+00
1.493956862923551343e+00
1.382787429443401939e+00
1.545369977881253520e+00
1.682056449138068288e+00
1.737510428106003424e+00
1.593114356810517052e+00
1.689633343483261330e+00
1.358741253019225992e+00
1.344220989784664200e+00
1.125977484861210964e+00
1.179795652874785272e+00
1.584723351662974622e+00
1.323767829060752410e+00
1.219141687333509028e+00
1.583832637959457834e+00
1.479915929976090228e+00
1.173340128074346067e+00
1.218150474095353042e+00
1.240891203213316363e+00
1.307620601691049211e+00
1.156311728627015034e+00
1.432059242190671045e+00
1.512025011945693498e+00
1.441913680120073593e+00
1.704557865956745744e+00
2.009472531957508856e+00
2.437555469158411814e+00
2.069746965005955897e+00
1.682349263318468680e+00
1.585654869142540724e+00
1.818561728847752024e+00
1.739569811020216905e+00
1.922763599602787643e+00
1.987087440737382416e+00
2.086529667968254564e+00
2.168649849556473441e+00
2.381897042967027200e+00
2.410626354476798294e+00
2.237131828025932023e+00
2.191271275066069446e+00
2.262671797177213673e+00
2.205059709724519035e+00
2.277091243330341186e+00
1.819440341705632846e+00
1.899159843872391340e+00
1.745717900857289173e+00
1.736336887317526223e+00
1.857294380243643905e+00
1.672780649726981483e+00
1.428014290062004976e+00
1.214517998188860304e+00
1.358370058999466279e+00
1.278954376381826297e+00
1.084380445036250862e+00
1.203529278746034104e+00
1.258787470500366767e+00
1.193183120705113565e+00
1.275688489341634035e+00
1.328790513639790838e+00
1.326881279380033307e+00
1.375841934173634762e+00
1.191428938288797701e+00
1.265644652428379979e+00
1.349156463801788108e+00
2.289352812015098326e+00
1.972395920059531349e+00
2.040938141156664720e+00
2.091806133276229662e+00
1.997269708674511257e+00
2.027975878082350469e+00
1.481315049982151022e+00
1.366308800247562738e+00
1.209045497039450856e+00
1.055760277395457525e+00
1.039224464494408862e+00
1.320568359194819852e+00
1.615239888974984384e+00
1.601433112922835411e+00
1.497966513764868779e+00
1.336283926206160100e+00
1.233294734072865495e+00
1.479785570315877763e+00
1.558155758600122009e+00
1.595042907704161017e+00
1.701998333642144479e+00
1.835746208313413952e+00
1.630151557468620283e+00
1.660527539819056431e+00
1.735976797752746270e+00
1.619822705420480347e+00
1.540862761597662889e+00
1.842717213333942228e+00
1.947667705087182233e+00
2.121836420797232670e+00
1.983267363890869994e+00
1.955574641749623810e+00
1.880983518949518984e+00
1.724810295299803009e+00
1.581703015613630692e+00
1.805121976413107010e+00
1.764035789128795884e+00
1.971329073776193042e+00
2.166709834182935612e+00
1.679015354772318336e+00
1.837369726871630693e+00
1.801712128011404346e+00
1.682694462356465692e+00
2.003462469173149074e+00
1.832532674500700454e+00
2.201427003301320351e+00
2.002963169490706186e+00
1.715779480764833664e+00
1.365514110985425189e+00
1.092935911109942593e+00
1.428640007437558479e+00
1.345282865162613639e+00
1.435613036624574512e+00
1.291710287706670401e+00
1.042374633636860004e+00
1.212049523286969466e+00
1.302574432838520258e+00
1.435193289129265359e+00
1.181072162248900215e+00
1.443622179245702242e+00
1.411280096830440201e+00
1.765735387809991952e+00
1.951943612295354846e+00
1.928291825849443475e+00
1.885562148179495301e+00
1.831248657615215381e+00
1.959762027985955335e+00
1.711071838595003669e+00
1.801962328408355463e+00
1.790647657654575786e+00
1.581125104154932792e+00
2.022685030965972963e+00
2.314334566727597853e+00
2.072798765736579174e+00
1.988089900237243857e+00
1.924204990015053518e+00
1.840136360088118650e+00
1.626867416334068173e+00
2.001569474857003428e+00
1.999983793159016532e+00
1.551925317534306181e+00
1.752248395047851126e+00
2.028587523061915476e+00
1.831310760572271157e+00
1.658080880859077455e+00
2.137618094049630102e+00
2.490727489909181358e+00
2.165994291633559055e+00
2.505557762973299241e+00
2.355979339255905192e+00
2.099977687649310809e+00
2.349850235971575607e+00
1.987449833121897713e+00
2.186786283184347646e+00
1.783926250220369214e+00
1.645708744216670461e+00
1.985299111324380306e+00
1.999030328960525571e+00
2.036217640117038652e+00
2.054163494470829132e+00
1.866227027016662765e+00
1.712994489791710429e+00
1.667725067577826792e+00
1.625150113581414590e+00
2.042537717287706389e+00
1.586443245976256300e+00
1.461084632071727674e+00
1.481676925973396841e+00
1.268160719268210501e+00
1.524324553327528919e+00
1.640756901258515033e+00
1.391256789876301747e+00
1.565968906679664263e+00
1.684587202904743508e+00
1.929753007064805237e+00
2.101775424229880063e+00
1.969397287610819891e+00
1.998350225582455231e+00
1.917339956603402173e+00
1.642178022888348243e+00
1.782806959999732932e+00
1.872752080127463969e+00
2.174213980091675325e+00
1.972044002036869914e+00
1.704151408642315069e+00
2.129737352886779345e+00
2.166178947358630147e+00
2.279715551544194252e+00
2.135856033849173219e+00
1.700285608489592981e+00
1.711930013154731034e+00
1.707772788991997137e+00
1.948374276719023968e+00
1.717387825825807290e+00
1.731688754898624172e+00
1.592534290417186860e+00
1.807699593972533991e+00
2.008591674974642860e+00
2.193225468734380179e+00
2.243637663399586923e+00
2.273123152180867912e+00
2.263668697127332319e+00
1.680203902072507693e+00
1.887280307914455779e+00
1.707073250659824515e+00
2.103914522042461765e+00
2.070147587737067862e+00
1.570616675001907492e+00
1.456053924876622219e+00
1.448730606685326494e+00
1.310903307913368288e+00
1.192756490939234970e+00
1.512861510388485264e+00
1.436474446736741628e+00
1.602075050991583982e+00
1.494676846452197339e+00
1.440336631011912560e+00
1.328875192168232466e+00
1.306089559844101800e+00
1.668399793972932699e+00
1.661537666625792831e+00
1.882499044528025411e+00
1.225392657328030488e+00
1.534035702599748419e+00
1.977448453429589748e+00
2.098349044009743647e+00
1.852046653999265047e+00
1.611985205211196037e+00
1.660009765015724614e+00
2.247062432033033907e+00
2.366164377269517782e+00
2.063905425825004691e+00
1.822107223694067191e+00
2.095909724438715926e+00
1.734912715794354909e+00
1.750997132573329784e+00
2.005734673433085202e+00
1.774495618473698855e+00
1.522471745127541354e+00
1.484843473611913822e+00
1.479408669825127198e+00
1.715287725775894501e+00
1.655667023737308119e+00
1.310102285684547896e+00
1.183554199226025672e+00
1.264327285939155221e+00
1.532412222865327189e+00
2.099332367666625565e+00
1.947324231663233096e+00
1.636483385299337234e+00
1.664326951667007393e+00
1.972112618328722977e+00
1.524703567530145021e+00
1.741235141310402357e+00
1.655514637949905721e+00
1.824993376727787497e+00
1.553524478630830652e+00
1.920079795185563931e+00
2.193721688106219148e+00
2.249368833000844337e+00
1.859839773941053487e+00
1.791861555713053722e+00
1.637765874613887451e+00
1.381978468940761928e+00
1.453629682413597024e+00
1.132936165034497789e+00
1.263191552727441325e+00
1.221369464564436846e+00
1.381545726881065139e+00
1.715601914472026923e+00
1.993561293178988780e+00
1.558245394869240963e+00
1.802164339099512125e+00
1.664644428550340338e+00
1.469263678183732935e+00
1.562876336494761098e+00
1.795271670477744053e+00
1.888576275760520007e+00
2.078097734482026393e+00
1.767736361688347690e+00
1.847463934406011310e+00
2.001481788321269217e+00
2.294393534645209343e+00
2.344289250348711828e+00
1.646416032018188647e+00
1.806998084789397385e+00
1.597803105494506326e+00
1.270290500837054859e+00
1.559642231323925321e+00
1.616405495279797266e+00
1.531632946766553927e+00
1.745455163285132727e+00
1.961729376736124353e+00
1.724656555820969661e+00
1.801343562108606910e+00
1.906747242685931099e+00
1.971128679345526935e+00
2.335881294357336824e+00
1.955474827969295948e+00
1.694730852922389452e+00
1.753646192662480008e+00
1.599239815639601936e+00
2.156459772141650966e+00
1.489231370059550086e+00
1.763998955222211507e+00
1.616914952974084274e+00
1.723300866274986909e+00
1.579270906907508598e+00
1.315839038341297007e+00
1.601125387002931832e+00
1.658065709629874762e+00
1.544220438657284866e+00
1.679613014084639033e+00
1.898895250374930788e+00
2.081694829570174043e+00
2.161950767564107423e+00
2.222229781473241683e+00
2.035588165095158164e+00
2.262241829165724027e+00
2.263310855792965093e+00
2.031186970783549484e+00
2.043211739148535155e+00
1.924496903944623361e+00
1.729370441176027562e+00
1.866690674641990455e+00
1.773806868020902261e+00
1.576235594495024372e+00
1.489939022410518898e+00
1.634033870742116257e+00
1.495307996262732919e+00
1.154356698890263155e+00
1.425173195030737361e+00
1.024475610038057205e+00
1.143617516654058974e+00
1.192048641432351230e+00
1.566656919096441225e+00
1.507585238194071087e+00
1.721657686679473942e+00
1.504332720485753727e+00
1.543151613165440139e+00
1.526992599726080702e+00
1.819956441023907523e+00
1.923061773158275090e+00
1.651930425762872634e+00
1.626110909566931717e+00
1.795466112733471009e+00
1.392682019061433296e+00
1.358280263152786604e+00
1.459960931345215762e+00
1.639429007786408210e+00
1.703517919166309902e+00
2.067705820957892016e+00
2.218573985075314337e+00
1.867997331457104782e+00
1.696618271514881648e+00
1.235188658064347855e+00
1.306318224119162430e+00
1.566273619420992080e+00
1.724844505353560598e+00
1.790514402714464826e+00
1.665009120010342958e+00
1.693921175392654632e+00
1.735722446643977568e+00
1.399914001792050833e+00
1.436505644342021881e+00
1.575375951697634891e+00
1.341891406304225320e+00
1.460193606360062235e+00
1.447928422636234780e+00
1.388257476304565197e+00
1.635758274977546778e+00
1.367425230594031094e+00
1.678871470414100120e+00
1.221364597421104259e+00
1.130855912837984256e+00
1.571368487968619831e+00
1.831381568206403188e+00
2.034329140689805637e+00
1.972013077147818372e+00
1.501354898728912701e+00
1.162579783809156275e+00
1.358603618613194230e+00
1.428069128498137719e+00
1.132982797962116983e+00
1.288438168421738306e+00
1.344496354566237173e+00
1.776331537162442409e+00
1.717249886664736325e+00
1.445606871522822301e+00
1.579181169094664661e+00
1.651352255923772550e+00
1.557307830057733211e+00
1.507212432679144953e+00
1.651191682853674569e+00
1.893106124289940073e+00
1.935584716245176473e+00
1.980449014594094947e+00
1.739364294187861537e+00
1.398200021787134872e+00
1.677348822694429309e+00
1.946312607640061643e+00
1.621388275537132051e+00
1.581281480509723725e+00
1.739605198676860143e+00
1.659737370824898806e+00
1.657590530507961235e+00
1.346896428450219396e+00
1.545356157118826124e+00
1.767298725518832159e+00
2.041707397465394092e+00
1.629122169949076993e+00
1.585737484162592636e+00
1.694747542478328262e+00
1.835435889665825826e+00
1.999762760875456458e+00
1.559202776789595735e+00
1.925833937438765409e+00
1.882012030786551326e+00
1.822702040388230804e+00
1.748050760175545726e+00
1.541751091615219726e+00
1.296713877113044866e+00
1.548238111141365891e+00
1.651656796828241625e+00
1.564003212266845466e+00
1.434726950571509674e+00
1.430621018984095771e+00
1.553565418989817815e+00
1.872047761979874325e+00
2.103511853923347275e+00
2.186622089670414493e+00
2.703578195207080981e+00
2.428670237717445612e+00
2.231149119309689066e+00
1.766030264923286630e+00
1.942700907681801814e+00
1.976940708636803379e+00
1.957807794959904646e+00
1.385604998760421758e+00
1.298428036702699240e+00
1.261522486912231678e+00
1.710125612817330554e+00
1.652996947922689586e+00
1.692815967593466642e+00
1.416612242442518932e+00
1.637723405509031727e+00
1.673322003841392958e+00
1.517419859739768562e+00
1.338433147757521979e+00
2.002995160804581953e+00
1.786506259771626803e+00
1.518045523575373590e+00
1.932203283295133689e+00
1.932194882763059729e+00
1.771357195038771426e+00
1.975624675425365240e+00
1.761975273240220963e+00
1.536055327493911937e+00
1.273231474554615605e+00
1.634009139346963568e+00
1.592787196133615524e+00
1.767137941244627974e+00
2.122483658170537968e+00
2.020255993492867219e+00
1.471291358496387147e+00
1.791342088893287388e+00
1.931135021083248748e+00
1.480981862281252281e+00
1.731153412716331275e+00
1.910874764695922323e+00
1.762609895702859975e+00
1.832616129981504471e+00
2.292871015801385415e+00
1.907309034833444272e+00
2.161438475772159862e+00
2.295792412641048941e+00
2.222605287801461049e+00
2.062866377658375772e+00
2.092065814303235349e+00
2.173556379236321501e+00
1.832429775885388912e+00
1.922324717860973919e+00
1.824279788537414682e+00
1.244174019217297866e+00
1.189883198671689568e+00
1.485808710523464304e+00
1.516943753989316690e+00
1.924449572607789705e+00
1.703831292601150071e+00
1.849509661143366346e+00
1.585202049474680353e+00
1.783742574921626023e+00
2.131672453506096243e+00
1.878722453125664105e+00
1.826075082742288247e+00
1.998934010995656596e+00
2.047930047363156980e+00
1.774032830728795140e+00
1.324414821235729178e+00
1.379031375862662223e+00
1.181634776998377934e+00
1.399786999306986912e+00
1.081615815698393490e+00
1.208954593405319411e+00
1.665100299417263674e+00
1.558923489552384023e+00
1.343724196853610442e+00
1.836638502045539134e+00
1.671789611799805675e+00
1.807250971122884797e+00
2.061694114383030740e+00
1.413027686945742545e+00
1.403250039491238610e+00
1.288393580481918876e+00
1.570291003541952612e+00
1.994257580171774569e+00
1.618649135932278105e+00
1.455778730041904057e+00
1.869448236831592780e+00
2.127797562341816828e+00
2.318313740645158827e+00
2.262676381587881203e+00
2.151464917041038927e+00
1.770466433622034153e+00
1.949712113643062628e+00
1.723822321568499127e+00
1.793339004642222623e+00
1.794180866688494191e+00
1.648446869478133125e+00
1.377997986856707158e+00
1.247320334745808168e+00
1.532622953980936842e+00
1.924623153434063205e+00
1.684525450232065680e+00
1.598248504157200545e+00
1.362675688875340407e+00
1.438696962480424668e+00
1.400573588289385940e+00
1.600561607237361628e+00
1.282233897899513364e+00
1.414995148277673920e+00
1.690148178840525262e+00
1.547722987703020747e+00
1.372812592146047228e+00
1.269976470740022290e+00
1.076869664922528225e+00
1.132956792878034191e+00
1.515462870212055391e+00
1.360108938098210318e+00
1.518330207017869915e+00
1.649825266249859812e+00
1.638722410639059879e+00
1.283569347350669076e+00
1.462408305470248138e+00
1.668427605357202026e+00
1.887778031590411132e+00
1.791993219976329543e+00
2.245227645350598156e+00
2.336817506451869253e+00
2.568536506115694618e+00
2.238271424435305690e+00
1.868709969960150818e+00
1.934067192581002237e+00
2.175672282938837743e+00
2.222072218986998138e+00
1.986060659533165129e+00
2.182007532169478292e+00
1.814624896945536747e+00
1.840688174324812465e+00
2.532662586628004586e+00
1.975032390137943183e+00
1.915657848469428437e+00
1.881757644135218843e+00
2.214903752990587726e+00
1.895382707491657825e+00
1.905491577597135278e+00
1.603240136976645802e+00
1.716340218150484098e+00
1.298379229824914605e+00
1.466361162793188733e+00
1.524614542715359455e+00
1.519239899809492700e+00
1.357341819570509811e+00
1.305195603258141546e+00
1.594731885111215330e+00
1.546223559346729726e+00
1.315263066716918949e+00
1.493249058421354691e+00
1.468232700520664347e+00
1.710489416591122636e+00
1.670210701967199896e+00
1.585906046782123324e+00
1.450190022046117688e+00
1.626794899177904874e+00
1.488676160327310871e+00
1.276701855809589503e+00
1.569311362402920018e+00
1.860675764937906651e+00
1.818885983208816448e+00
1.654041346819382641e+00
1.588977542977729529e+00
1.485779281475426927e+00
1.909234227252345040e+00
2.031406983261194732e+00
2.147565136733992741e+00
2.041509673293342875e+00
1.800322366150206355e+00
1.855717231323684047e+00
1.876469209594126220e+00
1.641187865617805830e+00
1.722304578970783595e+00
1.845715449024453170e+00
1.839483097275513845e+00
1.665340164881546903e+00
1.433919189587651744e+00
1.731357241464881014e+00
1.410539378898232998e+00
1.824801359021337221e+00
1.803928282704613473e+00
1.342675894051234886e+00
1.269497927911059421e+00
1.249267354671600661e+00
1.201398944234506772e+00
1.233596505536808996e+00
1.279164004228743545e+00
1.167357306042488663e+00
1.221247404251181834e+00
1.237111772446046087e+00
1.403890096825249678e+00
1.467339817649679468e+00
1.345950802113946576e+00
1.415996846331102121e+00
1.582668681953982137e+00
2.010747877029107400e+00
1.988642139141381326e+00
1.776248930476756804e+00
1.638308575923226318e+00
1.868106711291177335e+00
1.936109310403476558e+00
2.003273057120427136e+00
1.749715955006944546e+00
1.663845482232679807e+00
1.682801568432542361e+00
1.516966280228191799e+00
1.841455251782022406e+00
2.078515924618483890e+00
1.964876518945862571e+00
2.356977894339871149e+00
1.976308562610944453e+00
1.624431794401320905e+00
1.567202124198864288e+00
1.422305189931595271e+00
1.554061903569120329e+00
1.921001630170888319e+00
1.279896765430723171e+00
1.468945914305843869e+00
1.186408531507608721e+00
1.331362581510003196e+00
1.209578873663760934e+00
1.764857966073800633e+00
1.463464233494439881e+00
1.574238629266715206e+00
1.579645916810583195e+00
1.845573317710593741e+00
2.288996927358242672e+00
2.137469444451001621e+00
2.110679943763246857e+00
2.278687384505738489e+00
2.070545235235480508e+00
2.096408638504532185e+00
1.848701096319533166e+00
1.825566687012908806e+00
1.874669596071732558e+00
2.128431655820272717e+00
2.400139764303149015e+00
1.863599305696022057e+00
1.687092280096319730e+00
1.370527374137992416e+00
1.848156763471755060e+00
1.818432865135898302e+00
1.693826808368076087e+00
1.066071203816300494e+00
1.016654777937960885e+00
1.120649920507746478e+00
1.358292566573065629e+00
1.112711339567437063e+00
1.024212885404895301e+00
1.100704152865273677e+00
1.036012230952077173e+00
1.019615818200699797e+00
1.167056928824191431e+00
1.220057563917200660e+00
1.425957855317074419e+00
1.713589195285011968e+00
1.135112301792166267e+00
1.099776357184883979e+00
2.072805524635322083e+00
1.779384096453865416e+00
1.919158059308257336e+00
1.380118843871223744e+00
1.292084625038016465e+00
1.362582103374857523e+00
1.275808908238559081e+00
1.187745659313843571e+00
1.009589682987062975e+00
1.307954355226353060e+00
1.083966614023597508e+00
1.103538217934865839e+00
1.319918729755332309e+00
1.538845901053481624e+00
1.570988523502805378e+00
1.598520985129175287e+00
1.598901479935193048e+00
1.429057483787392835e+00
1.604402619401218644e+00
1.959721967207400883e+00
2.138163486781162526e+00
2.155354660003430123e+00
1.709074267683269754e+00
1.844126721176362338e+00
2.072001969799460497e+00
1.948844575966725445e+00
2.080096936405670505e+00
2.132477122107554024e+00
1.905885686281040936e+00
1.979490190276617101e+00
2.042284111385753942e+00
2.094367401280745611e+00
2.118223048274316067e+00
2.320537168321324284e+00
2.158238049894051880e+00
1.708797744046025802e+00
1.535301873783772475e+00
1.906007462629704552e+00
1.837576139905849448e+00
1.704006954034677834e+00
1.700251674253040024e+00
1.662752721152430002e+00
1.845822929140534585e+00
1.779001370889937705e+00
2.236070891202576405e+00
1.928134167302543389e+00
1.933008241082603718e+00
1.713067453920132266e+00
1.613538432937011269e+00
1.398524257283885630e+00
1.285554673776314605e+00
1.151626381399040611e+00
1.033540251720128200e+00
1.174277436935431185e+00
1.625061263263477773e+00
1.618653561227964666e+00
1.210828749908061885e+00
1.562611592622967782e+00
1.454923327935436772e+00
1.555754955178770160e+00
1.272190422150924594e+00
1.485397325723695650e+00
1.447492131024088691e+00
1.790150022165946986e+00
1.407436447021553905e+00
1.374553939666403490e+00
1.340978550264140035e+00
1.585062365706737753e+00
1.354860403568201699e+00
1.160371106405264197e+00
1.358895343768717678e+00
1.478912439607285245e+00
1.472347649794835789e+00
1.420208211571113655e+00
1.638970575706439892e+00
1.732248770909827762e+00
1.614658414762019767e+00
2.144054044804078352e+00
2.065438886190116730e+00
1.963947507926210312e+00
2.139757538404187809e+00
1.764443655586127369e+00
2.052277584658989351e+00
2.108968475803532971e+00
2.103279949944499627e+00
1.719391924417365658e+00
1.487623420473532576e+00
1.574229225966851553e+00
1.797413548020680985e+00
1.417547872406817788e+00
1.598299052193676850e+00
1.233845918009449427e+00
1.520377345086457943e+00
1.395407643145653465e+00
1.537988179577113090e+00
1.986857503301172834e+00
1.644643333572299859e+00
1.497420197861102587e+00
1.450126607825633407e+00
1.309907597167431215e+00
1.344332079579657169e+00
1.467249247027662573e+00
1.624120672902209739e+00
1.643096830455568425e+00
1.658899170639897669e+00
1.331486109568700504e+00
1.292717688521822561e+00
1.300851425227464775e+00
1.210114569514934013e+00
1.611034710821825477e+00
1.424802959208458786e+00
1.621936242936375283e+00
1.760523758527279048e+00
1.605120318485136144e+00
2.070449815067818999e+00
1.802709778222558290e+00
1.746545873348188671e+00
1.597789010549576894e+00
1.785753633079427916e+00
1.671544702192557352e+00
1.419712950170420651e+00
1.653323047401719981e+00
1.588130770677307346e+00
1.379377828602201372e+00
1.395706302197573745e+00
1.384700391636566774e+00
1.125042120222609077e+00
1.327640071810394895e+00
1.683021809642498257e+00
1.578645162784046985e+00
1.387503066729692147e+00
1.380564122690670192e+00
1.264072266253595034e+00
1.270714517263706878e+00
1.539761647125593935e+00
1.821151858925001976e+00
1.961518284185004735e+00
2.046411833147384396e+00
1.454718134424116460e+00
1.680787441763033740e+00
1.854235415957623534e+00
1.367029947224859265e+00
1.138118407929552545e+00
1.246840151749683434e+00
1.114734588682700700e+00
1.236226371264640411e+00
1.328905523032046121e+00
1.415360732538769817e+00
1.454020772706185793e+00
1.426082102711208277e+00
1.638628172515598225e+00
1.481246066318589127e+00
1.652656109673211748e+00
1.531790229166029027e+00
1.731994363296363026e+00
1.669754426291682137e+00
1.739577515510758232e+00
1.588384700764405411e+00
1.607752704040732006e+00
2.169974439798841637e+00
2.343808137878406139e+00
2.102462447466213913e+00
1.700463859150859625e+00
1.888560843801384115e+00
2.160829929059650212e+00
2.537544132437666633e+00
2.421052008341865847e+00
2.009253403055852871e+00
1.638165962048629076e+00
1.966105772066369273e+00
2.096334483139057792e+00
2.521671822438376953e+00
2.154013183911769769e+00
1.909550595689682773e+00
1.956559868999146135e+00
1.904445147354521639e+00
1.871811193789908234e+00
1.814280087425103050e+00
1.573685837380603969e+00
1.759509390151425379e+00
1.627646509840472433e+00
1.677207362945313029e+00
1.950431012199213221e+00
1.545109698313209989e+00
1.802229200967456535e+00
1.707438550254722687e+00
1.826346243302752415e+00
1.777082680007657789e+00
1.788728684842051386e+00
1.730386975977942221e+00
1.347516132269517053e+00
1.322610061957232297e+00
1.297617742291309773e+00
1.448192364281604139e+00
1.296874845216464012e+00
1.509102601726298509e+00
2.151991221837919355e+00
1.959330923677324199e+00
2.207731697340150401e+00
2.193371950063355058e+00
2.014726103969024962e+00
2.300277764474331743e+00
1.867347563565608271e+00
2.017629527203219197e+00
2.031025081447158875e+00
2.190198537678684776e+00
1.979282262702170447e+00
1.586375260969709933e+00
1.505266639410076213e+00
1.481323359104024906e+00
1.650961677468843591e+00
1.648621521629907605e+00
1.919483522021085520e+00
1.307029864500066418e+00
1.649233266163281586e+00
1.403094204209818896e+00
1.431258457334351419e+00
1.622029983942020692e+00
1.375108522572667358e+00
1.478025121269478603e+00
1.593134516507952014e+00
1.871420481454133089e+00
1.995508891750975344e+00
2.137315975644310750e+00
2.151725765307378246e+00
1.924080562200203737e+00
1.758897426456629276e+00
1.745811907722324197e+00
2.015850056407941349e+00
2.230884165574907207e+00
2.003003473987081673e+00
1.790621751187263744e+00
1.445843815018431844e+00
1.753147741014306593e+00
1.514827924099980905e+00
1.696908633747550965e+00
1.556182919754945049e+00
1.661495086731413551e+00
1.784963193173952689e+00
1.688254140345911480e+00
1.856697283116241826e+00
1.896190164175589832e+00
1.569256589761508724e+00
1.563042180844334217e+00
1.673681155598459869e+00
1.474058778119060831e+00
1.309848060690040006e+00
1.311645105990342230e+00
1.031011875451885995e+00
1.383893604033850755e+00
1.322868874764754565e+00
1.486314383137061768e+00
1.637087411140011772e+00
1.719968378547745536e+00
1.744340182363966818e+00
1.983640677027281640e+00
1.834251285364020490e+00
2.058565976522264140e+00
2.339339949784692063e+00
1.883816205692186108e+00
1.813697172740064367e+00
1.636776360302502953e+00
1.749159766597993215e+00
2.000997588005460237e+00
1.738197005756956903e+00
1.882931319581414575e+00
1.612522000427828006e+00
1.694950683095342470e+00
1.697200921845968269e+00
2.002012591319411339e+00
1.999385552027233004e+00
1.655502705955473663e+00
1.910195712189335371e+00
1.946015893158381971e+00
1.361059634598945411e+00
1.426693002626193696e+00
1.910965008003797427e+00
2.408282864195197881e+00
2.270823558817379517e+00
2.046660564258943271e+00
2.048985445052140975e+00
1.891980446548179318e+00
1.296781854135940604e+00
1.424929799893053239e+00
1.265769982142145977e+00
1.446104592613095985e+00
1.623748939899318788e+00
1.518356800887850078e+00
1.312985764764486696e+00
1.327519271278868818e+00
1.432099059946469133e+00
1.461624115814160074e+00
1.698921647711674865e+00
2.030922454670931909e+00
1.835709653214079751e+00
1.637753933985329979e+00
1.881324528043393007e+00
1.605432777722638038e+00
1.853178839868269367e+00
1.755591309937526878e+00
1.995268009796247188e+00
1.683964362357412092e+00
1.493546361171772752e+00
1.861578284238160963e+00
1.442494623929633457e+00
1.727778796344149770e+00
1.582764120929757379e+00
1.377440944855751415e+00
1.797447117137060291e+00
2.185518395183878138e+00
2.102180532432908588e+00
1.549531905280504107e+00
1.978204480239006191e+00
1.991027681666005300e+00
2.006151906414195718e+00
2.090088630523672553e+00
2.015679729977796431e+00
1.764474199801815635e+00
2.318556528380234738e+00
1.920586625805686509e+00
2.047938947167660562e+00
2.040630946487049346e+00
2.137425340628281045e+00
2.230402603958212548e+00
2.300973301339764188e+00
2.036122213127678382e+00
1.857842288095661987e+00
2.097645796591038891e+00
1.724799509476468096e+00
1.951422992681199675e+00
2.330576769420969363e+00
2.200496186186297276e+00
2.130724106683208330e+00
2.052573675488349014e+00
1.576365565253079026e+00
1.465299053603710933e+00
2.001054286022747597e+00
1.929630192491250229e+00
1.965280659922505002e+00
1.813421528801079097e+00
1.437065785662239081e+00
1.761322188387124399e+00
2.116216989583505015e+00
1.578698916203876479e+00
1.602190705777823743e+00
1.392253974114696646e+00
1.522156179848481061e+00
1.527786254876561500e+00
1.470707940350040044e+00
1.701142998651638649e+00
1.742469182813216833e+00
2.091452465355387869e+00
1.554483105682738620e+00
1.345376807411796660e+00
1.471043059403237985e+00
1.330526230418483058e+00
1.224592032818772047e+00
1.143489594509269569e+00
1.184603729674393646e+00
1.245386530470004693e+00
1.792861566011294983e+00
1.434492166024762705e+00
2.083635814775115946e+00
1.608011483953431187e+00
1.853565047267116128e+00
2.004019368701326353e+00
1.417488105114808272e+00
1.895682728152637608e+00
2.037244350792707603e+00
1.914229238621363738e+00
1.785057611487852247e+00
1.862173658102674878e+00
2.080492842786339835e+00
1.610746616621067551e+00
1.494894702819513199e+00
1.660137251373439149e+00
1.813472699919737252e+00
2.307076638362056897e+00
1.825922740167977842e+00
1.698223879469507480e+00
1.955692279676349621e+00
2.500558387232695079e+00
1.877924430330504713e+00
1.953359288409504124e+00
1.614775268269563746e+00
1.803876749913523758e+00
1.809233278276656254e+00
1.819974714673745275e+00
1.829626294685213539e+00
1.812165402357239108e+00
1.817020400320122464e+00
2.054022558356034533e+00
1.783407281016452961e+00
2.086087297213571556e+00
1.893007570090261771e+00
1.855688558068223859e+00
1.953572022903034000e+00
1.608018714823134410e+00
1.509071573259245014e+00
1.650826366216421093e+00
1.749317806133710462e+00
1.467528821756199031e+00
1.282297193132814650e+00
1.430897366093061507e+00
1.257503394916987594e+00
1.666080609427652792e+00
1.672283924233872732e+00
2.093202648170533031e+00
2.326380276387672641e+00
2.059561893058139415e+00
1.974119654777179766e+00
1.508408706781988906e+00
1.586666961302350964e+00
1.641903273718591683e+00
1.896546690962245485e+00
1.832218108073402352e+00
2.046064863564148961e+00
1.716409185773938972e+00
1.528305007034848728e+00
1.813525164272625112e+00
1.755553166091128547e+00
1.376230680436298925e+00
1.389207477818865888e+00
1.627343266733406013e+00
1.533713756776397652e+00
1.643343950147582611e+00
2.022866789408443999e+00
1.978829656822414851e+00
1.952373055030038662e+00
1.808008296135602100e+00
1.346382558344042302e+00
1.194380768240729251e+00
1.260703180640727616e+00
1.171583390808397240e+00
1.339102553377462979e+00
1.148216905562747359e+00
1.566049379971816258e+00
1.677447783633128742e+00
1.750487849641977123e+00
1.988256713728980829e+00
1.621738554355244721e+00
1.563912873043293184e+00
1.736074334925654217e+00
1.253728836966530258e+00
1.687006484437534759e+00
1.097661321894752851e+00
1.188559067123462265e+00
1.268581348359290928e+00
1.228378398789407022e+00
1.540305456962273611e+00
1.619958369211224269e+00
1.631255430901791037e+00
1.291211430787191805e+00
1.351141390461741087e+00
1.609398696246761906e+00
2.024007241777681543e+00
2.077846264285801769e+00
1.887306525907683330e+00
2.193216379027572938e+00
2.212398843736644860e+00
1.798248247169920377e+00
1.736939721735140330e+00
1.628909815704271624e+00
1.219591983309229910e+00
1.343511873350689889e+00
1.218563134126271486e+00
1.025492468545529112e+00
1.277220391790617526e+00
1.225802678389069200e+00
1.187866441999380518e+00
1.275615561246672414e+00
1.139947979794704525e+00
1.204127921860268069e+00
1.477556756787929748e+00
1.549324155322825192e+00
1.213078845983976084e+00
1.354319465854374016e+00
1.226485942750229263e+00
1.482015204383019036e+00
1.108493088255509518e+00
1.111340538799574951e+00
1.039582470770836098e+00
1.280696798813545811e+00
1.199955521089018706e+00
1.153083002625862941e+00
1.089054385955191995e+00
1.494038657793761438e+00
2.045859349402793015e+00
1.709016990301679861e+00
1.748197553656438918e+00
1.786844894377286330e+00
1.676616694132666785e+00
1.244126992556247480e+00
1.436184630558417163e+00
1.513636490478987406e+00
1.778411456864996687e+00
1.759501680840675597e+00
1.609236641876307106e+00
1.540346407538369711e+00
1.605738861190104005e+00
2.205090823105669173e+00
2.002359799527021256e+00
1.944864381590567293e+00
1.749531273530821496e+00
1.402628486114581907e+00
1.729367749123664311e+00
1.629976939095747701e+00
1.761460991779912666e+00
1.267276583426281356e+00
1.325813802169919065e+00
1.445509304836254838e+00
1.615851093557153950e+00
1.491070481673595793e+00
1.188816788733888297e+00
1.559249968094837513e+00
1.854589314599899952e+00
1.908232530637687718e+00
1.841133308120363132e+00
1.702452241562793844e+00
1.682482537860714444e+00
1.693052888127514866e+00
1.835342218092306910e+00
1.861143605667861856e+00
1.441751653588420723e+00
1.402894767131980469e+00
1.629757017295728971e+00
1.529187961236680326e+00
1.392870335205119270e+00
1.357853131981639150e+00
1.037456691951219145e+00
1.237030080545233890e+00
1.212586994195411494e+00
1.374232953724837891e+00
1.674626120697193521e+00
1.499912864629058040e+00
1.382430748731730441e+00
1.280579406914643004e+00
1.829142202430787512e+00
2.123843553164298736e+00
2.014685032130936193e+00
2.342956852319451500e+00
2.251097241035540986e+00
1.792192429351289196e+00
1.935811440123735183e+00
2.388469270819754353e+00
2.690429341682321951e+00
2.540327738920944434e+00
1.805936296657833839e+00
1.886029424683540512e+00
1.722118593630483474e+00
1.918883750260884202e+00
1.578799781559454996e+00
1.434417239834584468e+00
1.953281142305238749e+00
1.867099767461872339e+00
2.241727771637246125e+00
2.175117646405739347e+00
1.553855015176976551e+00
1.782324086110284034e+00
1.738136429755682277e+00
1.461321147737548065e+00
1.319043502830762549e+00
1.484776148019957720e+00
1.482996552954616076e+00
1.531097626582523574e+00
1.746962815722454598e+00
1.563726585745481401e+00
1.469597889469612007e+00
1.377698919243852904e+00
1.604743121271029693e+00
1.369716650263657076e+00
1.282652205535864454e+00
1.276336336683376427e+00
1.415245564882380958e+00
1.083018137472035791e+00
1.095292988343238294e+00
1.031908978498804474e+00
1.236107760331226935e+00
1.106013422081066677e+00
1.344198878225543847e+00
1.287272851104428906e+00
1.179719234163478347e+00
1.727837689763406459e+00
1.656330638582208969e+00
2.179945106817855471e+00
2.377942855435930536e+00
2.309251719497587008e+00
2.466385356175138099e+00
1.956281746257497067e+00
1.582173339787059874e+00
1.812563291038206792e+00
2.089633213874182882e+00
1.844245232350896657e+00
1.880876068848794436e+00
1.895156869811948752e+00
1.395078587817973670e+00
1.460570499549932677e+00
1.585779587761803278e+00
1.879859613021911180e+00
1.757012135857494606e+00
1.722209425634767088e+00
1.540745991974698192e+00
1.311347017348249766e+00
1.430315967439000691e+00
1.472702500060236286e+00
1.655255226570707228e+00
1.450039090142268394e+00
1.558489639223473056e+00
1.569193848406696734e+00
1.400270958763198736e+00
1.272912848831368127e+00
1.377073845544703135e+00
1.901594179457713807e+00
2.048462945242988997e+00
2.106224892314275898e+00
2.048582049627905910e+00
1.847883652028714074e+00
1.916334198349656903e+00
1.893992869384593991e+00
2.187020053084993254e+00
1.755447817633829732e+00
1.786956941477258809e+00
1.412196382944638229e+00
1.411954938904052215e+00
1.628018142373301558e+00
1.501948527044106640e+00
1.468031094182038254e+00
1.311228887915583119e+00
1.344197650637022123e+00
1.667894128369133533e+00
1.696224326304963448e+00
1.391207150667020942e+00
1.212798191144056403e+00
1.060771497314440426e+00
1.326405673442977662e+00
1.666860736561932343e+00
1.836792175565059360e+00
1.644769199925480763e+00
1.898199318817479053e+00
2.318704132778175442e+00
2.160937088410150420e+00
1.661083424778079465e+00
1.902464441709395659e+00
2.505697943559584751e+00
2.326524066039572514e+00
2.636556389388078792e+00
2.721331346526384198e+00
2.517657517596072925e+00
2.048253766233570250e+00
2.296712143840046849e+00
2.226834824449454242e+00
2.201138509514732444e+00
2.121540010554593625e+00
1.832223001796981166e+00
1.851722086388625899e+00
1.896942011360855718e+00
1.584333190839775973e+00
1.416848131921819576e+00
1.715954603345180907e+00
1.908260468758971928e+00
1.690255109566458858e+00
1.377430333249186845e+00
1.679783740755451449e+00
1.208079140178001998e+00
1.363550323471057757e+00
1.385772450320661875e+00
1.746524925978666154e+00
1.731170224459610552e+00
1.815326392147228463e+00
1.776159340716317647e+00
1.893183395713441186e+00
2.193673356201352842e+00
1.906368302155935446e+00
1.977662024560491005e+00
2.221810053353974190e+00
2.181407572174647314e+00
2.252409561228648993e+00
2.238523820168499157e+00
2.310583917372745155e+00
2.064111279842247626e+00
2.350950159332179989e+00
2.167366683722111720e+00
2.453035868886153992e+00
2.312199632560345108e+00
2.557343961541558741e+00
2.578102408620047914e+00
2.489798728797390837e+00
2.026300343206322907e+00
2.185247533720183544e+00
1.998766860116513389e+00
2.195946175218568275e+00
2.107860452409577423e+00
2.066949744786397591e+00
2.372105188802402953e+00
2.444985503951760730e+00
2.151939606303019392e+00
2.184245702690484681e+00
2.047089729456341711e+00
1.919579262925918517e+00
2.147882318998735052e+00
2.121175703254496892e+00
1.831154985750880648e+00
1.535926512945041900e+00
1.944957446456307082e+00
1.525535316533021879e+00
1.754053732401850141e+00
1.447633776512439852e+00
1.770088497671844285e+00
1.779639395390693712e+00
2.126205530528707310e+00
1.476896010570231788e+00
1.326953248039288491e+00
1.486176483906581858e+00
1.580540014968290219e+00
1.671106463457010527e+00
1.365478807406101724e+00
1.661670688293092724e+00
1.475215139692152677e+00
1.349845425439890612e+00
1.502225647154428412e+00
1.766112709593769203e+00
1.879388436391900674e+00
1.978318709282157917e+00
2.030951591652845334e+00
1.858045505860768776e+00
1.861477105436815993e+00
1.853176343492417999e+00
1.834948940955016816e+00
1.525075496507585449e+00
1.603578847040351141e+00
1.666484603751654525e+00
1.689736931295277689e+00
1.540693614774107267e+00
1.474874776144021515e+00
1.398209801555782228e+00
1.314674590138334764e+00
1.389053821060596050e+00
1.279549730600268331e+00
1.416951936937568712e+00
1.484637648356314177e+00
1.724623398700196208e+00
2.051147840811159195e+00
1.853492943739749599e+00
1.584258022691633183e+00
1.543829385613684657e+00
1.911254041265065595e+00
1.765977213629766895e+00
1.792721450189915799e+00
1.382044092571448779e+00
1.292243152566520781e+00
1.109326343220005340e+00
1.264743065517436982e+00
1.190434263389642977e+00
1.034529040073500106e+00
1.295639684714067430e+00
1.373626997574399544e+00
1.525692088411713776e+00
1.381203586681290618e+00
1.219664961946553605e+00
9.702502027856305666e-01
1.037806405759556405e+00
9.927775805448697533e-01
1.086886060859492575e+00
1.462210128486657768e+00
1.282104850714231858e+00
1.268692849582067517e+00
1.195526861506196914e+00
1.337896316525941653e+00
1.334290015128145823e+00
1.502718247109120497e+00
1.645782448054297298e+00
2.063835651793409998e+00
2.313758567557008039e+00
2.366857199683269020e+00
2.082856119397085592e+00
2.063886890831994947e+00
1.506637397712659698e+00
1.455623998576407230e+00
1.107310060599292489e+00
1.235028224927612106e+00
1.313037961325740133e+00
1.410984342028338778e+00
1.438202724611597816e+00
1.587814465268508224e+00
1.425103403727250750e+00
1.632486178881342953e+00
1.294611049105087064e+00
1.297853367839598038e+00
1.531846953452056681e+00
1.329954401278443443e+00
1.366059820137266900e+00
1.272804669160463531e+00
1.301724200314042790e+00
1.736200876729235176e+00
1.733121718819950807e+00
1.546445796603032941e+00
1.744091893430172124e+00
1.843136704998796560e+00
2.033934936918110559e+00
2.050753754467410594e+00
2.105748345218999340e+00
1.650109378031930252e+00
1.722419460163093108e+00
1.936550251981143278e+00
1.602682452572778082e+00
1.822332211920058676e+00
1.579310603640981192e+00
1.290059898465044874e+00
1.337064984693096203e+00
1.440081204134682435e+00
1.622891173399519493e+00
1.443051434647267151e+00
1.619549190783995174e+00
1.240087258432235773e+00
1.362459773960583931e+00
1.282258193436513372e+00
1.206278088393503589e+00
1.114335461964145457e+00
1.294957998612233707e+00
1.509925438959183186e+00
1.538348675578583569e+00
1.629658530514587200e+00
1.853399545485382438e+00
1.757348391315970204e+00
1.810077126631104427e+00
2.239218137941355380e+00
2.147075650482598963e+00
2.044516884966899095e+00
1.782891670002391571e+00
1.841898722108582298e+00
1.880018463767756165e+00
1.682291406731748040e+00
1.768117024267236603e+00
1.707367075616716079e+00
1.412202519095166142e+00
1.563044447191001884e+00
1.486991767313874391e+00
1.566204047038209701e+00
1.368822407335721358e+00
1.711031964074902767e+00
1.377427530502060238e+00
1.243593067807772456e+00
1.497197127530641936e+00
1.288013071758442818e+00
1.057641005958646963e+00
1.195740946316270481e+00
1.473456687148482436e+00
1.144629158326390783e+00
2.051924610799513715e+00
1.920358327067627657e+00
1.820625399690568358e+00
1.771057721450389755e+00
1.998330753715522157e+00
2.479079324575393262e+00
2.513970726636072239e+00
2.402048987782207323e+00
2.322712338585609881e+00
1.970943283353478570e+00
2.479925695520750040e+00
2.105530996350540196e+00
1.826945628057111026e+00
1.654159012171666721e+00
1.333770409163882675e+00
1.234116610849446127e+00
1.302300358652781931e+00
1.288874366632387858e+00
1.366534292710041898e+00
1.659898710786659848e+00
2.068563217225891204e+00
1.869382938463282517e+00
1.324635088770470537e+00
1.302852099779131301e+00
1.651734451264661674e+00
1.452224830342980333e+00
1.627720693892635850e+00
1.538908321857784367e+00
1.733024147011323679e+00
1.568386695727549629e+00
1.351820731735359216e+00
1.403417188645204261e+00
1.165501253538129500e+00
1.428998786155038170e+00
1.463977191196113914e+00
1.550193232208641581e+00
1.200868995974809117e+00
1.104971479847462357e+00
1.276370628030377929e+00
1.667048404947484519e+00
1.480972642165933273e+00
1.533558208261177391e+00
1.360085361974332274e+00
1.184119846001086440e+00
1.329136890652651504e+00
1.324788505491412804e+00
1.453352036091435151e+00
1.862857666114847932e+00
1.754127352980819454e+00
1.863546911491473113e+00
1.455097557321978208e+00
1.396589610342954035e+00
1.295780245574618350e+00
1.269097617183984728e+00
1.318097301844268321e+00
1.218775065170898841e+00
1.074682637922928174e+00
1.047180198557389641e+00
1.763570998894292474e+00
1.486077534983143433e+00
1.200196753174418207e+00
1.411402642605924074e+00
1.558105311810720650e+00
1.656627834852365755e+00
1.478729203033686046e+00
1.563371143920554429e+00
1.495881991234509822e+00
1.375120324791253124e+00
1.558352854017843958e+00
1.810188095012288834e+00
1.639701638219297486e+00
1.456311719327325838e+00
1.499570425795796247e+00
1.628522567809747024e+00
1.653824701162322830e+00
1.309878399904089719e+00
1.127193803326823174e+00
1.277550877802350993e+00
1.305527473220422507e+00
1.458495482903771734e+00
1.633528700237453668e+00
1.417052992788132570e+00
1.112079559434530962e+00
1.115002761054219027e+00
1.291668341449337731e+00
1.439222774759270518e+00
1.353616286306641436e+00
1.310332229752917854e+00
1.456215107198900682e+00
1.486919671258164044e+00
1.392532653814858357e+00
1.559074762736382347e+00
1.726566359302843301e+00
1.920544580915496402e+00
1.609744167877224186e+00
1.697829967836634202e+00
1.358444830266275716e+00
1.396503337337889672e+00
1.341169267567357437e+00
1.070459220818727131e+00
1.696139905590427377e+00
2.143554382686799986e+00
1.783955609811095799e+00
1.502125987230854332e+00
1.598283823916992308e+00
1.514508140651661838e+00
1.183020695556586288e+00
1.085567505809676314e+00
1.303039692913465553e+00
1.119748548415528289e+00
1.288442680512894789e+00
9.525171308564417405e-01
1.060619966610283127e+00
1.156925342700501735e+00
1.693034938040995474e+00
1.594117318674099559e+00
1.649880558094802829e+00
2.108719331756607751e+00
2.104459594772277953e+00
1.957499156091302872e+00
1.863529716040434714e+00
2.138908929923584612e+00
1.882899795382356078e+00
1.987299976852934469e+00
1.829449986129805694e+00
2.308661510439308895e+00
2.271967666024331756e+00
2.168573665336018585e+00
2.265627256192594086e+00
2.212406861105969291e+00
2.475879536200761066e+00
2.421721711635377083e+00
1.850299326597349081e+00
2.182760067264044590e+00
1.888079372400322420e+00
1.719460473860655814e+00
1.899678241263675460e+00
1.832756864326674506e+00
1.650520106623139860e+00
1.162444491002980085e+00
1.263646336499811174e+00
1.298786286825046155e+00
1.176236704029455016e+00
1.297719000263813927e+00
1.153565479473318778e+00
1.258779634590954100e+00
1.274623663034816889e+00
1.575033405917677154e+00
1.576916328375281395e+00
1.680840586876199971e+00
1.704560084637954276e+00
1.328455154301724672e+00
1.561935032606760032e+00
1.727837897477405793e+00
1.759306825448148759e+00
1.968409911785518052e+00
1.748912317360507673e+00
1.117130524907399058e+00
1.040966451486486255e+00
1.153284377693219565e+00
1.459243795348107220e+00
1.379369544636183775e+00
1.323128829500426651e+00
1.398797440855809704e+00
1.451829971610015146e+00
1.092648750039914463e+00
1.517330612495494613e+00
1.777558026394755464e+00
1.409171884141954045e+00
1.565042113645700894e+00
1.835692894097016747e+00
1.802275895926691796e+00
1.651510223832550750e+00
1.350186774636599196e+00
1.247546864173341152e+00
1.844416955219299048e+00
1.612958313806021060e+00
1.674297465978294541e+00
1.538628469301800417e+00
1.384868639378479038e+00
1.330325555846226138e+00
1.352451847360316872e+00
1.325795369900411913e+00
1.155247462849349871e+00
1.278031789855089917e+00
1.566609158498586840e+00
1.590542282671861152e+00
1.598789467332280667e+00
1.503241536477574858e+00
1.608972111279331152e+00
1.640435099092092841e+00
1.545219912220930469e+00
1.621206157103751266e+00
1.291206537782975117e+00
1.473779101884155507e+00
1.431743668989886586e+00
1.570340544926268844e+00
1.599736517697189164e+00
1.576159333963784492e+00
1.624460164617243851e+00
1.973668100013724613e+00
1.890623854816186000e+00
1.693316094538683592e+00
1.640067763481473539e+00
1.939787919978259056e+00
2.121664564378741513e+00
2.014852743668387181e+00
1.878941953076104898e+00
2.221420397493991672e+00
2.282276863145292545e+00
2.478585848270860481e+00
2.469039229915001687e+00
1.980893006497156383e+00
1.684965195477645894e+00
1.323292858202812061e+00
1.646483340020403974e+00
1.489671323466164266e+00
1.340202106293055806e+00
1.193965192528612773e+00
1.507023867510496329e+00
1.494416874418775576e+00
1.467810901925611811e+00
1.443205623949483929e+00
1.608978566076143979e+00
1.716180049962172660e+00
1.418070159697999433e+00
1.557115944604914759e+00
1.335721008994427805e+00
1.121063665940913223e+00
1.041885985421122873e+00
1.217644989394801369e+00
1.411212384520927454e+00
1.513979109353140506e+00
1.621565785751700295e+00
1.537216589661343225e+00
1.318093385626228020e+00
1.363015671660693151e+00
1.375176727442738445e+00
1.558662511028503950e+00
1.376465750057610959e+00
1.279805554079972429e+00
1.557961733498756773e+00
1.974597329840072080e+00
1.915638398927953290e+00
1.827319364881206498e+00
2.411545496458284088e+00
2.409732094521975121e+00
2.364588286526493111e+00
2.380005265578082341e+00
2.530681879631361930e+00
2.270115402330981080e+00
2.224232797533298278e+00
2.168534796189583780e+00
1.875286789541054766e+00
1.674425187701438666e+00
1.487964965344777291e+00
1.540648269680324312e+00
1.203567426860475464e+00
9.453354044467863204e-01
1.185154206456924930e+00
1.161451675499691971e+00
1.188508974037721266e+00
1.371951192473269021e+00
1.466654277511430848e+00
1.414427497596833838e+00
1.204824998159578442e+00
1.119511350219328349e+00
1.164639690425140817e+00
1.221439565853815301e+00
1.368627675557224421e+00
1.647506644953968591e+00
1.714915312490369104e+00
1.518457991087622805e+00
1.414668657198343560e+00
1.445032708154605716e+00
1.229181217525959324e+00
1.104776905577872892e+00
1.362366683551261559e+00
1.744072411119459209e+00
1.824463969133193419e+00
1.509834511346024533e+00
1.202751062162629836e+00
1.302037410975494636e+00
1.284771184053248305e+00
1.134595109827250647e+00
1.316915174417680134e+00
1.685210603850939126e+00
1.429530944830223582e+00
1.175322611501465664e+00
1.406326647372360128e+00
1.360729855486341400e+00
1.442866297240520179e+00
1.695013480065279410e+00
1.708699397169974876e+00
1.272244368515744073e+00
1.849590799010434772e+00
1.830666635065110404e+00
1.880891962275726970e+00
1.795610388005253188e+00
1.980547454335005675e+00
2.137761333021893417e+00
1.872433512023960578e+00
1.959856757235684199e+00
1.955972816376029044e+00
2.168939067232524831e+00
2.091837500587575338e+00
1.836601837467216392e+00
2.013067258743071797e+00
2.166677407338854611e+00
2.237736261003795413e+00
2.158907931186226925e+00
2.243719705051230306e+00
2.110260703749577971e+00
1.785528084330239684e+00
1.969286775026436676e+00
1.807221024940155907e+00
1.611848435946913405e+00
2.050696611192649677e+00
1.988107761805815388e+00
2.101118038839101754e+00
2.048835246227573403e+00
2.048927551806963177e+00
1.854225417573727164e+00
1.729625146679220071e+00
1.607562998947652977e+00
1.787228870288233296e+00
1.597833595125316863e+00
1.538100049525759738e+00
1.478919734244955819e+00
1.852074972181876333e+00
1.447893026660842519e+00
1.866345827451258543e+00
1.544437892627463560e+00
1.721139457476684287e+00
2.075887732130620833e+00
2.206143099684572118e+00
1.962388242222710577e+00
1.845223423009548114e+00
1.490288437690668877e+00
1.518686519439258031e+00
1.369566283740250245e+00
1.394683030199807439e+00
1.175011180441146497e+00
1.154759849916478176e+00
1.269851678093567138e+00
1.463262247143224171e+00
1.197482785102721436e+00
1.457453437768691407e+00
1.449881044910173777e+00
1.527431640797199286e+00
1.401614835162032335e+00
1.566885924583099055e+00
1.693252547924320117e+00
1.722191733229424315e+00
1.263616192414138473e+00
1.417328634718352243e+00
1.374782146289716289e+00
1.443217019310401916e+00
1.506166176823610092e+00
1.453533519003577856e+00
1.492914297060242035e+00
2.018946807341997385e+00
2.173316394710778532e+00
2.530593120820936459e+00
2.435554560228945231e+00
2.051088043560323371e+00
1.900043951595344227e+00
1.468330491252968883e+00
1.323278431488265960e+00
1.691747012410833806e+00
1.832056740226127634e+00
1.408424741034266958e+00
1.690505947357000993e+00
1.327346166635915647e+00
1.869099311151856568e+00
1.630629749540399631e+00
1.495522675052128436e+00
1.572686136872986751e+00
1.462644066803807874e+00
1.535664857551340745e+00
1.839565165743379582e+00
2.026453049262586514e+00
2.212232957659320931e+00
1.818526265136577225e+00
1.717876048921876508e+00
1.982704065439511387e+00
1.918201903899724670e+00
1.743848700819412123e+00
1.387863098464501510e+00
1.420879217588782772e+00
1.449386867259034872e+00
1.288498376900154341e+00
1.478674225355915972e+00
1.658562067208405155e+00
1.662918499933015104e+00
2.031875663799933118e+00
2.090838137502665006e+00
2.300856448029735102e+00
1.787048634703874317e+00
1.668233135138184942e+00
1.954638675210383925e+00
1.740838334681830135e+00
1.494993360874077304e+00
1.318158954293344509e+00
1.298616675673298859e+00
1.390556211373742634e+00
1.321730238386570555e+00
1.139637742664740383e+00
1.253171846303657411e+00
1.437057761834759750e+00
1.179026137220595238e+00
1.131715759173003599e+00
1.438982964478718207e+00
1.866434452120630638e+00
1.928955661982124870e+00
1.779900352464617086e+00
1.927780578265100075e+00
1.489683302484361205e+00
1.449234669614364979e+00
1.914816875505553462e+00
1.825608059212138645e+00
1.469693743163657196e+00
1.221429999436979497e+00
1.257619940270565895e+00
1.194722684613579444e+00
1.501204532605147302e+00
1.532087150694085409e+00
1.913162119136569306e+00
1.983333302137678444e+00
2.052881069014107940e+00
1.986646265771608855e+00
2.595902887669910619e+00
2.657820231599319349e+00
2.663646075022028992e+00
2.264151200337973346e+00
2.267663751194838095e+00
2.362177518535066856e+00
2.285376606987979287e+00
1.780253627769535774e+00
1.779088001288436693e+00
2.183954015449236064e+00
2.355017168663079641e+00
1.510036707049975613e+00
1.922900745406673328e+00
1.447538374272450801e+00
1.553318791435730484e+00
1.288406033216440205e+00
1.676168817398939526e+00
1.364485797129291411e+00
1.253709627256013981e+00
1.259862757065536520e+00
1.300235771390518380e+00
1.045004607375863204e+00
1.132742637769926786e+00
1.550314016660819583e+00
1.378853872824015614e+00
1.399908706795403024e+00
1.555212697416627377e+00
1.821217273643396473e+00
1.632505107924346666e+00
1.682350031033849280e+00
1.251851478229429437e+00
1.230108944743420363e+00
1.290444379450694123e+00
1.502923133558662361e+00
1.098464086513297300e+00
1.219516428697379418e+00
1.257394298917994924e+00
1.113434441267612707e+00
1.195518059163394264e+00
1.408139966905827212e+00
1.563103256994582191e+00
1.494729447670306355e+00
1.609085346087622659e+00
1.761551433949857248e+00
1.569384927454509526e+00
1.451111468144375305e+00
1.551337271342304813e+00
1.094840027895283008e+00
1.119447627296435988e+00
1.246338186952524296e+00
1.218781094169316459e+00
1.467361734826603481e+00
1.267129298618218769e+00
1.162403001046642625e+00
1.122635987316210171e+00
1.040214060995171774e+00
1.164584387288847722e+00
1.011924645401325540e+00
1.042171815882068309e+00
1.177506076304638993e+00
1.422217397524820903e+00
1.327097893405182250e+00
1.260198136208271258e+00
1.312833567994797335e+00
1.268144465770632889e+00
1.555181491335970501e+00
1.497608772944794664e+00
1.230953255054210826e+00
1.506318438710674945e+00
1.394519167091767819e+00
1.474630344443243146e+00
1.753132368783155037e+00
1.767543258777074744e+00
2.201203252951185796e+00
1.898047847121776321e+00
1.649989538351245955e+00
1.438825853763997298e+00
1.407086031738028931e+00
1.506904387658334121e+00
1.839625870666457885e+00
1.795794257519535142e+00
1.582354999064087497e+00
2.012118122308948820e+00
2.078046742790869317e+00
2.203142346037929133e+00
2.012473008133962349e+00
1.996886452445145510e+00
2.056413124607359588e+00
1.899241608393283931e+00
1.974533627575495887e+00
1.617294985173373334e+00
1.311386311910314184e+00
1.946113825730435343e+00
1.895130005329276335e+00
2.095566576962010430e+00
1.923741053572356030e+00
1.675577450030490301e+00
1.723946668694242623e+00
1.337993641020919666e+00
1.605030367333724728e+00
1.791612032483858918e+00
1.799905636437626244e+00
1.554584861585170286e+00
1.344387955289531478e+00
1.263558821250224229e+00
1.129802172701901419e+00
1.388465031262023253e+00
1.570108080589415422e+00
1.557543627308536571e+00
1.577798168474789264e+00
1.354527969990969360e+00
1.447384290531417816e+00
1.221951537408140886e+00
1.272009752262049043e+00
1.306264180976994593e+00
1.253044990760960875e+00
1.192368412708800562e+00
1.030145866510805197e+00
1.051337381196272069e+00
1.205966272112582338e+00
1.114956720502923382e+00
1.294377838031945727e+00
1.473566267346106073e+00
1.417841349644783033e+00
1.691382788734227649e+00
1.253777566908074403e+00
1.775578555872153963e+00
1.976917467822789876e+00
1.654363604643235508e+00
1.611236073210598807e+00
1.329721227649296011e+00
1.047654543748927081e+00
1.199532058887716746e+00
1.294059470641039988e+00
1.255153058231478491e+00
1.505267037557545651e+00
1.364978261750146471e+00
1.325380100120442384e+00
1.684634476611180265e+00
1.389725941769112794e+00
1.508728597463691479e+00
1.289727270973508144e+00
1.190173170386594759e+00
1.456342340143573999e+00
1.363590049777545721e+00
1.541222113606036226e+00
1.608517183225206537e+00
1.945801179366468681e+00
1.880876351018812898e+00
1.706358486678401398e+00
1.820998416028414502e+00
2.269539697772720466e+00
2.127825822159978841e+00
1.926639174219165529e+00
1.838799878296636381e+00
1.814777789803407204e+00
1.654012390463087900e+00
1.801816500151296019e+00
1.730022989225694197e+00
2.100100610543470303e+00
2.213634160053178146e+00
2.022411400566241024e+00
2.401996161821978948e+00
1.631252939019006476e+00
1.408939018381204056e+00
1.704512258591309504e+00
1.609400383998691453e+00
1.450637631566623842e+00
1.893086666199301327e+00
1.904131458420345258e+00
1.878846047553548448e+00
2.253233713881875211e+00
2.295092980378661718e+00
2.004030620887429226e+00
1.806715644130497900e+00
1.629430644404116890e+00
1.412936364111667453e+00
1.338518849858330251e+00
1.386896107972240166e+00
1.636187020048127883e+00
1.759964428757421873e+00
2.191708554018167998e+00
2.079778411327779519e+00
1.829553309327303978e+00
1.760596717228644970e+00
1.899206458856406599e+00
1.565426913533468634e+00
1.611719222611086355e+00
1.811713691573943796e+00
1.934697435324927994e+00
1.926341978308393266e+00
1.575156494273625807e+00
1.934958904338319075e+00
2.358797974087169624e+00
1.807799589166510401e+00
2.056821795855167334e+00
1.973941639264437997e+00
2.186949000322218506e+00
2.046578438530945121e+00
2.062996900731473016e+00
1.748970289879164586e+00
1.544349738940939520e+00
1.220412899548514396e+00
1.031625168021934158e+00
1.130348376295347457e+00
1.125142200570721007e+00
1.207146857762739778e+00
1.133726280068532599e+00
1.434712970470009008e+00
1.310391152977983253e+00
1.338087555982787613e+00
1.611230861523928359e+00
1.399236443108142547e+00
1.423721336220192368e+00
1.370003970511140423e+00
1.676681636298639422e+00
1.595741095090497108e+00
1.851921880974932932e+00
1.922264520090277262e+00
1.863034273182230027e+00
1.770042833116269865e+00
1.602957270269806278e+00
1.668496279582943886e+00
2.319845398881140941e+00
1.912227005397282076e+00
1.371597713990595047e+00
1.325313392201472595e+00
1.876875052041459213e+00
1.677780767179550159e+00
1.495595963327762234e+00
1.671914862911321187e+00
1.576194277386173015e+00
1.695641798876541984e+00
2.117954768831399104e+00
2.158259618392242896e+00
1.756943835037551027e+00
1.656688819330561335e+00
1.625517612472282103e+00
2.151130376220578455e+00
2.286601960878964945e+00
2.202457227893501734e+00
2.154413650122631196e+00
2.114337608927446599e+00
2.530579684182556299e+00
2.648865300819398527e+00
2.396926874003508345e+00
2.101527232283429747e+00
1.454894994802245600e+00
1.840212977163165675e+00
2.017267834298331231e+00
2.133667791954466875e+00
1.666257041622126511e+00
1.587050494157492553e+00
1.980439584242595252e+00
2.332095257564104962e+00
2.691268067061961755e+00
2.386385369903041731e+00
2.467414916448805062e+00
2.260782193854551814e+00
2.485746028375832584e+00
2.309125147020907320e+00
2.092248606717459936e+00
1.480312724587681483e+00
1.328813933119317392e+00
1.158575974592358504e+00
1.448033857002870350e+00
1.629002360228246848e+00
1.338843271271419777e+00
1.598940934423131566e+00
1.314589621692119126e+00
1.455965156629242863e+00
1.634413458271580799e+00
1.845025859333726759e+00
1.905930437467056038e+00
1.826295342562686219e+00
1.934540488976691286e+00
1.988320524995038419e+00
2.287282491572856014e+00
2.609108139198663245e+00
2.960109069137762727e+00
2.163850764474493982e+00
1.658387909644796654e+00
1.542479201318627924e+00
1.893623699889383616e+00
1.654661657693832666e+00
1.383467717376500428e+00
1.339401218276992767e+00
1.502130090774436377e+00
1.515472990067432635e+00
1.506653503845065245e+00
1.227315620929299911e+00
1.425371473807568679e+00
1.528908811773878718e+00
1.658927445016923130e+00
1.954759993486184788e+00
1.714924487399801967e+00
1.547462878176485868e+00
1.527973210299884421e+00
1.781722181149599127e+00
1.589559166695429626e+00
1.601127078450197860e+00
1.487201294640971838e+00
1.491423613943151594e+00
1.310397276410528944e+00
1.598718862804352936e+00
1.793039224794731545e+00
1.522278901774837934e+00
1.087745421086211861e+00
1.213050492127339508e+00
1.566548834096192389e+00
1.533604512253122332e+00
2.317250926635642028e+00
2.057345989886342430e+00
1.951744813447932492e+00
1.947283752639009435e+00
1.841713541034741386e+00
1.563331871259966199e+00
1.755244011148022309e+00
2.053911269146432517e+00
1.677181917299884306e+00
1.678995754493317394e+00
1.720498287269358606e+00
1.697623782655211855e+00
1.759734277712811323e+00
1.585098999162942723e+00
1.467513593459327303e+00
1.368603338326150443e+00
1.667826560159610949e+00
1.560922777104666537e+00
1.573383453610631255e+00
1.655382745100949737e+00
1.499321988612748013e+00
1.636810647213081671e+00
1.461319479770481600e+00
1.574834898403203454e+00
1.239704986071188841e+00
1.316786649488896010e+00
1.459230229757900510e+00
1.133285369777679463e+00
1.111846368576822286e+00
1.267295850482856423e+00
1.340140174983938559e+00
1.487398794130285307e+00
1.294708679763019843e+00
1.340115308792443116e+00
1.376686731473631298e+00
1.739265653529937783e+00
1.556752847168323406e+00
1.522058028919297312e+00
1.436716975402636542e+00
1.195793303334322877e+00
1.596150755600644233e+00
1.563142709463710700e+00
1.593508367394250724e+00
1.601627395229336059e+00
1.662576628832423964e+00
1.304871545711619785e+00
1.520074422465730102e+00
1.264821168321711431e+00
1.728573222802768372e+00
2.159876117036524601e+00
1.942347631008009889e+00
1.805963791683564468e+00
1.534905296603126024e+00
1.689247683185220783e+00
1.735180382200711025e+00
1.874617400628895370e+00
1.646649524346177618e+00
1.634674984344296922e+00
1.474875351251032640e+00
1.681904095400897248e+00
1.681062922999204234e+00
1.803614131580745905e+00
1.867634074477404926e+00
2.205689663383683108e+00
2.416530789983305283e+00
2.523476358253024188e+00
2.204816311443587917e+00
2.057957992194192620e+00
2.058553647670910980e+00
1.954892592221246561e+00
1.652824098832972100e+00
1.690012520430913545e+00
1.688104343562117027e+00
1.537937857835284028e+00
1.690986410728238187e+00
1.538511797857597507e+00
1.671441261010045309e+00
1.663290857880391771e+00
1.802966840118585212e+00
1.484706980236431884e+00
1.290532811252778300e+00
1.498762137525865512e+00
1.842298838923642990e+00
2.186721509891019544e+00
2.066894546176493375e+00
1.752633443413471159e+00
2.167102488580758823e+00
2.073279528652860026e+00
1.958448152694984179e+00
2.294805488743325572e+00
2.113502655552356835e+00
1.866204295311504113e+00
2.011747131513716536e+00
2.378957316760341723e+00
2.091517164449381294e+00
1.302011093841397127e+00
1.607137262294290325e+00
1.319663885366136435e+00
1.318854789344563683e+00
1.137114909504647109e+00
1.125190721353514167e+00
1.506683982471947569e+00
1.701822113187602570e+00
1.886904528898757150e+00
1.976375669366306598e+00
1.593394875156322721e+00
1.752125301555408576e+00
1.544500918462043515e+00
1.606463344246937597e+00
1.525431621691018202e+00
1.904590227888737664e+00
1.930754757385530596e+00
2.075304753690163206e+00
2.232507482127929155e+00
1.894995729210121160e+00
1.701155972257454296e+00
1.831208629026592094e+00
2.057566863638720100e+00
1.848596095751634527e+00
1.839244250906225453e+00
1.425806175782945440e+00
1.854710130444786387e+00
2.254126574160701946e+00
1.839952401629598500e+00
1.444405192092302448e+00
1.390482550213302027e+00
1.144568591461202489e+00
1.402169068808077013e+00
1.806352737894347360e+00
1.864689259056401927e+00
1.597179544309972998e+00
1.503551067430824340e+00
1.518558333982571895e+00
1.840591871413638891e+00
1.408289680268600685e+00
1.202674390171909247e+00
1.267679858060291487e+00
1.446636291680925446e+00
1.411026647676057788e+00
1.277615888657628318e+00
1.217131814688998670e+00
1.052756506964888317e+00
1.327119358805659788e+00
1.405756630158659037e+00
1.373751278129006215e+00
1.309894418312473663e+00
2.072115193439265202e+00
2.087246143284998912e+00
1.734382481001841558e+00
1.892169389739001062e+00
1.856234248997476133e+00
1.611980013540281753e+00
1.358578328691493198e+00
1.412967083193860773e+00
1.489899465012050062e+00
1.532939789700042299e+00
1.111883885123650328e+00
1.016633937464826776e+00
1.082426967497104542e+00
1.266508024766846319e+00
1.136439057895455962e+00
1.261307117875222206e+00
1.131080233865772833e+00
1.163834734408130789e+00
1.235881961254477579e+00
1.389619710233392258e+00
1.312889016675167442e+00
1.396251330872113616e+00
1.359462333330027750e+00
1.708906964649207216e+00
1.577388972219424979e+00
1.726325197822587754e+00
1.334857915848979504e+00
1.671309200771184500e+00
1.488771488662327780e+00
1.212269319403084245e+00
1.322152602672074240e+00
1.256771244052186098e+00
1.625054940846506701e+00
2.032159833402871651e+00
2.165797571659086707e+00
2.060480126476087470e+00
1.852531220709546567e+00
2.168865899705075151e+00
2.373293207377991543e+00
1.989352958163805640e+00
2.389853803449137892e+00
2.603418921940254371e+00
2.755539433498704227e+00
1.998802233295490227e+00
2.151007818557630902e+00
1.770042044354945832e+00
1.980875949328628982e+00
1.829333614488199533e+00
1.725111006254051338e+00
1.748056411681931710e+00
1.966390255844966184e+00
2.300841616134003953e+00
2.603296013555877586e+00
2.393425159726374041e+00
2.444272207272371045e+00
2.009434083630162959e+00
2.131805820211313485e+00
2.105436221169840749e+00
2.257515250666681350e+00
2.049528271995862294e+00
2.306598715674626821e+00
1.959155049491166700e+00
1.967655839442180143e+00
1.991521120776190479e+00
2.010911064371529111e+00
2.077555686592839734e+00
2.015081233257317361e+00
2.187914479721974725e+00
2.107003229063102889e+00
2.403437144338886888e+00
2.081147755144626910e+00
1.870606970921779411e+00
1.533721347726020312e+00
1.370341447587662742e+00
1.967565843893123390e+00
2.012030583876499357e+00
1.921514711698449451e+00
1.973968845100108060e+00
1.762946494616866033e+00
2.062992443605483395e+00
2.569481556192972249e+00
2.308038132554217636e+00
1.972739172722786982e+00
1.821941473273190226e+00
1.517629160647965492e+00
1.868397980474241216e+00
1.765283378225882549e+00
1.523738762058984619e+00
1.767846701351702521e+00
1.740630470922556627e+00
2.172167857802445923e+00
2.161938966759473946e+00
1.931319116302082861e+00
2.230223754094760036e+00
2.419986715298443336e+00
2.127620057553497812e+00
1.810068469334989549e+00
1.587082768082175299e+00
1.623195880201284247e+00
1.604239543268835000e+00
1.726677984078202499e+00
1.597670125924927964e+00
1.477390025045077326e+00
1.356777514158940212e+00
1.267480136864226559e+00
1.897211222775184059e+00
1.668642831253403847e+00
1.468287364624305980e+00
1.465655510914020354e+00
1.545633883422620647e+00
1.588979336400423437e+00
1.841120723582690522e+00
1.768099812883423327e+00
1.430301699500555301e+00
1.369005284176575410e+00
1.624003356500201001e+00
1.259623745588229093e+00
1.166943326287675831e+00
1.313056279657973446e+00
1.230058645765266689e+00
1.083724937804858790e+00
1.179140074062558607e+00
1.197483225173541221e+00
1.079902289734119281e+00
1.272749387282260614e+00
1.279512745048075884e+00
1.316434317168436063e+00
1.229442538353114234e+00
1.210744873750492667e+00
1.518048388690367734e+00
1.565273148753309806e+00
1.220875633245126046e+00
1.425068112250110319e+00
1.035981602552143332e+00
1.197335140065026060e+00
1.168641616838659525e+00
1.262786687374876315e+00
1.360870272480932064e+00
1.185424559895285945e+00
1.326831353034932048e+00
1.302795577488918610e+00
1.453607077061367159e+00
1.438416566001226471e+00
1.610135900995560254e+00
1.762590664884521319e+00
1.409468789137312772e+00
1.530283590284313711e+00
1.633006146778844814e+00
1.698536311937897780e+00
1.796667288799415729e+00
1.925780436884156011e+00
1.878003173747957222e+00
1.760601853089957647e+00
1.932330931220913151e+00
1.687922404626076123e+00
1.805353174854238407e+00
1.881064410563594524e+00
2.127443934968987538e+00
1.905046648106409224e+00
1.696103612351407497e+00
1.781631023772204392e+00
1.912727690845215989e+00
2.392559378141715598e+00
2.157407560578197714e+00
2.215136582093771178e+00
1.723515678931431871e+00
1.832456542882072714e+00
1.652134124081617417e+00
1.243571431169942176e+00
1.235514733985984215e+00
1.204965363171610182e+00
1.963543420568325759e+00
1.891410734350809975e+00
1.431158233352189058e+00
1.335553354764377865e+00
1.533014580858999443e+00
1.961563467200184263e+00
1.946551341562266835e+00
1.743921096704429630e+00
1.756381652466308285e+00
1.742794103679202067e+00
1.931834495839187760e+00
1.740926121248930647e+00
1.440913767507161047e+00
1.598218128501163848e+00
1.477022050892098370e+00
1.644261976286938820e+00
2.083816355136212994e+00
2.559918640802794076e+00
2.191731112611904120e+00
2.077522054035578325e+00
1.858225802729485343e+00
1.611509479309833459e+00
1.891697022053385302e+00
1.740077861982106455e+00
1.848962692689962273e+00
2.212249358142891698e+00
1.990125372556567074e+00
1.890292235734753579e+00
2.001514792719962355e+00
1.961433522962219733e+00
1.859391605421431892e+00
2.064528878548436364e+00
1.763070686606479143e+00
2.118568530391836902e+00
1.815039937909049828e+00
1.783139820461088210e+00
1.891485890623477051e+00
2.115200914343348781e+00
2.220228397929667974e+00
2.122033904890017642e+00
1.846416439614618987e+00
1.987113712115346376e+00
1.852055214627753577e+00
1.988664733661309469e+00
2.130933734076120967e+00
2.167527474226815798e+00
2.017625318896061781e+00
1.979352578470355617e+00
1.863041840361146617e+00
1.772490554684620578e+00
1.658310127592430350e+00
1.866590073147821105e+00
2.326919144533971640e+00
2.257884510105493181e+00
2.113734277312908194e+00
2.242860040705542346e+00
1.729282565654813641e+00
1.703122737638186113e+00
1.473337092917805569e+00
1.583069324567591751e+00
1.452115884172736182e+00
1.503879376552489600e+00
1.634103309835312601e+00
1.891238555338111027e+00
2.099771862525197097e+00
2.151213208889720896e+00
2.145490143040818420e+00
1.910354226147787049e+00
1.807630841129975963e+00
2.524047638892315870e+00
2.611922939821540002e+00
2.568236953047358551e+00
2.360076040133448849e+00
2.422419832072691293e+00
1.974053182313749488e+00
1.535729504795224853e+00
1.846085889676564840e+00
1.682418747440367568e+00
1.394270451682737777e+00
1.398743304016583977e+00
1.137145997852768931e+00
1.145744637007049205e+00
1.329976506671425085e+00
1.528157226573600980e+00
1.303506032707237861e+00
1.204318624165987117e+00
1.094278713547925497e+00
1.276663388841463131e+00
1.369021025760051469e+00
1.416110776256593429e+00
1.245699382848439285e+00
1.448841496551413144e+00
1.320138304656468087e+00
1.511396247124599634e+00
1.236420945274792960e+00
9.368725677366923632e-01
1.046104313729163016e+00
1.338616039345548181e+00
1.250154191859485842e+00
1.498988925543309092e+00
1.428292708326770466e+00
1.493541817490822154e+00
2.004646797576982831e+00
1.937718462348294368e+00
1.681101119999139248e+00
2.036768302620167503e+00
2.034753742948145483e+00
1.885542673299306138e+00
1.550641046364931164e+00
2.085722972827185995e+00
2.189187148944829353e+00
2.374542122497531604e+00
2.113861198122409135e+00
1.916129845902099227e+00
1.772970918701973098e+00
1.838560963006057314e+00
1.899734494097592874e+00
1.923347320099066726e+00
1.628787386006254723e+00
1.619428582370444181e+00
1.413027035545306287e+00
1.399777821838516623e+00
1.416924817726012975e+00
1.245620270713111877e+00
1.148027134476228950e+00
9.931514243028631839e-01
1.407740597428764673e+00
1.593043050240995795e+00
1.203237066568736635e+00
1.340091138893841016e+00
1.267153493329332914e+00
1.656871068814226078e+00
1.405758177838117629e+00
1.461354708861622109e+00
1.447083669343920409e+00
1.731058090298184027e+00
1.590756870098143594e+00
1.670487990581444482e+00
1.624055904059859445e+00
1.831824607938516536e+00
1.728602077644092239e+00
1.485636345914991940e+00
1.232482410967423503e+00
1.342607837660687142e+00
1.276184020987370937e+00
1.195955659372960334e+00
1.267064830663275021e+00
1.317766730568904698e+00
1.829515313746625793e+00
1.631193234503519607e+00
1.380026416426505032e+00
1.582211089866943921e+00
1.387474959958302945e+00
1.175878005422042571e+00
1.383074942038088118e+00
1.173754614079800529e+00
1.499196456311085335e+00
1.660340716234379732e+00
1.645613892688933211e+00
1.692040302173583477e+00
1.782927816227859452e+00
2.404236795844708841e+00
2.029766515879729116e+00
1.882531168354497852e+00
1.977895970324379027e+00
1.998489533998789369e+00
1.566819166961707310e+00
1.681935958604827697e+00
1.318980920980547866e+00
1.903463879562330652e+00
1.824909775763281061e+00
1.469479187374034268e+00
1.647375297879411171e+00
1.612874630406039733e+00
1.815366049926821379e+00
1.690667694573463553e+00
2.026883685288313419e+00
1.885221822910471579e+00
1.986443232878221998e+00
2.050178068662188657e+00
1.599243142997121225e+00
1.509639472924821257e+00
1.781461335031177207e+00
1.923954688885238129e+00
1.985145414960428845e+00
1.623647355142853632e+00
1.482939133323147640e+00
1.263142422439985202e+00
1.670860627265074116e+00
1.361421023343633463e+00
1.365140293899277379e+00
1.527436854803786215e+00
1.342392731453570853e+00
1.526565792596610072e+00
1.384651844249003450e+00
1.334917440345960049e+00
1.703984934322559486e+00
1.367436831420302479e+00
1.540640234842296508e+00
1.737655433020019791e+00
1.517561411999935439e+00
1.730682081672703765e+00
1.433814336231498787e+00
1.392561948639936098e+00
1.443828408219607784e+00
1.400079855353755454e+00
1.561973740782031106e+00
1.520495874498924538e+00
1.638792934921571742e+00
1.650312564270799420e+00
1.405780674242020245e+00
1.649077301512340332e+00
1.639475472026442837e+00
1.434156787857247650e+00
1.124753783925511064e+00
1.193502202064915307e+00
1.083189342057091720e+00
1.727538883430145944e+00
1.435891081484033327e+00
1.589486875445498715e+00
1.602901475606067550e+00
1.678539997934580974e+00
1.576559503852537292e+00
1.855609410364865486e+00
1.770090566509892938e+00
1.838233502632522942e+00
1.871071030290008652e+00
2.057528373767533392e+00
1.501127448489696592e+00
1.640047775429354759e+00
1.773818844014005469e+00
1.736214614082744134e+00
1.526484548587602630e+00
1.652858910609179333e+00
1.907279468546330126e+00
2.144132914165778114e+00
2.278825201064340611e+00
2.027941322589843054e+00
1.845147096944675047e+00
2.684561291560031204e+00
2.326607594313399918e+00
2.282433123635011718e+00
2.091385494996012895e+00
1.959603136802194001e+00
1.889267318151930386e+00
2.394771620216329389e+00
2.565444817684932488e+00
2.336116938875663074e+00
2.343789534618455406e+00
2.068855094160580332e+00
2.038280218867465354e+00
2.245687675591216959e+00
2.376504467893956196e+00
2.131454144331840883e+00
1.973674697348470009e+00
1.798274248457587321e+00
1.766869164285858051e+00
1.661224557425611259e+00
1.350570488876058350e+00
1.367901078929484759e+00
1.854568424768578527e+00
1.895242626903105077e+00
1.714954318066400862e+00
1.975535301066901894e+00
1.777078587026400758e+00
1.712717825756816303e+00
1.609661296336939662e+00
1.441545721958343629e+00
1.802938678783060134e+00
1.421408454370505670e+00
1.337248885243213170e+00
1.482975600763891899e+00
1.435135250855080979e+00
1.743079021549383434e+00
1.869331906508300278e+00
1.786574511243448571e+00
1.718124551212546924e+00
1.749640406485555078e+00
1.502493672240625244e+00
1.292550390621614254e+00
1.374646421880789671e+00
1.495563530465162660e+00
1.766091376645237077e+00
2.041531938008648517e+00
1.274281537647492080e+00
1.680922822967422015e+00
1.419734752164063307e+00
1.403289097463766844e+00
1.281354882670019846e+00
1.651464020232228158e+00
1.371763790248277104e+00
1.219576255051189495e+00
1.240167444695580157e+00
1.469084784833500246e+00
1.527786101474445601e+00
1.827883507536735230e+00
2.039942125091882996e+00
2.179775142722316428e+00
2.089532494189361156e+00
1.682285605253946770e+00
2.030770518345467401e+00
1.614755707503157112e+00
2.139619565280787228e+00
2.391230739509683900e+00
2.140893522963792872e+00
1.697772112610798523e+00
2.145016505939962403e+00
2.525153147540452281e+00
2.136228701657042262e+00
2.263423508363275438e+00
2.280348129379727418e+00
1.788907516921548257e+00
1.524125777523837266e+00
1.727311856594078598e+00
2.199121512456373662e+00
1.713084669919996861e+00
1.651226233644108810e+00
1.783741851160244085e+00
1.502716730111617771e+00
1.472008148592001353e+00
1.415697115771407777e+00
1.566552341496945777e+00
1.457257976495074381e+00
1.225746267775678966e+00
1.418438859231544891e+00
1.520315434436224411e+00
1.726836251899383390e+00
1.945528931926381322e+00
1.788155163322346475e+00
1.584697146123271283e+00
1.346940983092564714e+00
1.721378956863557352e+00
1.759670008252363971e+00
2.117809932711740117e+00
2.354868500012081700e+00
1.993954465635085160e+00
1.947436084910720400e+00
1.733762860711399512e+00
1.723038563341844798e+00
1.626860431498868387e+00
1.728904853259344065e+00
1.951628013203556167e+00
1.946252758399063865e+00
2.050238530221436317e+00
2.031366119372514323e+00
1.927218930003575359e+00
2.193691259655280223e+00
2.042747642504935346e+00
1.742482569695084527e+00
1.504995070035153315e+00
1.624631992780692036e+00
1.597257768473395956e+00
2.004927413457129770e+00
1.943249985473846086e+00
1.962526136606268956e+00
2.231733861729851665e+00
2.135516233703712796e+00
2.054069025853122454e+00
2.121632055454620858e+00
1.899167102227360182e+00
1.375223953411259137e+00
1.401458059892922492e+00
1.679476717917976147e+00
1.467180115125739759e+00
1.353422008390194442e+00
1.867905796311626787e+00
1.736973582788301718e+00
1.914472336356013660e+00
1.717400479631451482e+00
1.792738809142341738e+00
1.528233430734113441e+00
2.007945598562756118e+00
2.054305580937982878e+00
1.964848333135027936e+00
2.148873609949562002e+00
1.954820938756727244e+00
2.783833109740816436e+00
2.268813418713898411e+00
1.937606072743813357e+00
1.581553011318859614e+00
1.892891551498873559e+00
1.893011038535434398e+00
1.997995925573357701e+00
1.770128091412527915e+00
1.983667559234360445e+00
1.842051205027721128e+00
1.754515913657211046e+00
1.817623295982485621e+00
1.743179606033437246e+00
1.651956701716247089e+00
1.700836933409677343e+00
1.722116592545328562e+00
1.958399076292961283e+00
2.150957861529458004e+00
2.077648279025299694e+00
1.993441713506663993e+00
2.162477711009370918e+00
2.375554213362121470e+00
2.263700025963188978e+00
2.074823212083932944e+00
2.184237028186142293e+00
2.191792856432149605e+00
2.306220423128055863e+00
2.317739657095012618e+00
2.362574828726279108e+00
2.344775461669006411e+00
2.036144062957832901e+00
1.346208958806524691e+00
1.770931016586496431e+00
1.577108462562269775e+00
1.396567160163815213e+00
1.504663990684706354e+00
1.347608059954804594e+00
1.457859547747070827e+00
1.671835122883707614e+00
1.751710295518811522e+00
1.668358603133040408e+00
1.540147491347836128e+00
1.718858282335600451e+00
1.563905329907010255e+00
1.481064765222534385e+00
1.667328570115327979e+00
1.716317702360474318e+00
1.629241653047072580e+00
1.611030350777533204e+00
1.319947965980993843e+00
1.614402775953732050e+00
1.351159695091318724e+00
1.215252331106662309e+00
1.257220708455367930e+00
1.097642985375577362e+00
1.348643117614733100e+00
1.261805586203009977e+00
1.537669513965790546e+00
1.687254832022476947e+00
1.768380219420215838e+00
1.621601814853593559e+00
1.791248450171728068e+00
1.610873789773644038e+00
1.617159925782413854e+00
1.399467354930445495e+00
1.466465829113956509e+00
1.260672309294467164e+00
1.187251668642228530e+00
1.191285042378624759e+00
1.233850802003761959e+00
1.767858509220088026e+00
1.790210398824306770e+00
1.957381283139631112e+00
1.672196317186057657e+00
1.665485690272164421e+00
2.027354955255049607e+00
2.293167851886301900e+00
1.957977695341214019e+00
1.850941492925324283e+00
1.777992797954182969e+00
1.226054171437734208e+00
1.236997971919916228e+00
1.116937608928707082e+00
1.167527903523243316e+00
1.100544735233505378e+00
1.106934804652471405e+00
1.035768702941588293e+00
1.637997823820784848e+00
1.757766067425525769e+00
1.130598843262802466e+00
1.387951583965095104e+00
1.498791767490132099e+00
1.317642562999484790e+00
1.513253612653838065e+00
1.561323268490930616e+00
1.316671709700914406e+00
1.537791921971045639e+00
1.606421948416794310e+00
1.701827770576135102e+00
2.394475008024233631e+00
2.383974187804557943e+00
2.227714782347208544e+00
1.694231796833265635e+00
1.960806267521739032e+00
2.451060363492808314e+00
2.439671316671188972e+00
1.841458761845228942e+00
1.872463057602068659e+00
1.580470038616954787e+00
1.645589494804664543e+00
1.551242459291099607e+00
1.176231294065892996e+00
1.330182238733433442e+00
1.451319150827301563e+00
1.380115567155254297e+00
1.342698979484495458e+00
1.461655657904877614e+00
1.252352479399132079e+00
1.340859820985419448e+00
1.337496672473494463e+00
1.271904568991113926e+00
1.309085132912860772e+00
1.366762722099361449e+00
1.228040966446984017e+00
1.330861161205855403e+00
1.525052747626024718e+00
1.324099964225695425e+00
1.454948065823508774e+00
1.329256281570440956e+00
1.487901486193150546e+00
1.345639069989725600e+00
1.339962001663554503e+00
1.259500988382613373e+00
1.265859331041990110e+00
1.588991435086954063e+00
1.779262377880876489e+00
1.875719238047777182e+00
1.569656866491383918e+00
1.461102076377994718e+00
1.664374335196457055e+00
1.280371179681842220e+00
1.225699795336592679e+00
1.653617188759938905e+00
1.468790161331313016e+00
1.406122534508737809e+00
1.560240907071914318e+00
1.482066135637767790e+00
1.481265703984693261e+00
1.133008564547194119e+00
1.324411609755251629e+00
1.185535430231568821e+00
1.207521982342374622e+00
1.101403254333883197e+00
1.168285879509110892e+00
1.209637161078680245e+00
1.358601218450116832e+00
1.342429128987898679e+00
1.248852269448364805e+00
1.159793885207612840e+00
1.278783635552955378e+00
1.177288971279011998e+00
1.073456355213862734e+00
1.085779190236756842e+00
1.275214971924606422e+00
1.155085901773557078e+00
1.194478675634661702e+00
1.194846058889196705e+00
1.117078935962960706e+00
1.405860510246611073e+00
1.453118915964499713e+00
1.507556110279587580e+00
1.513634059563559120e+00
1.325661529859258003e+00
1.746363662546942086e+00
1.448560251497523765e+00
1.558215818756806703e+00
1.745435195017061236e+00
1.339281506803893240e+00
1.357226551505406498e+00
1.263560399782820198e+00
1.337037793676658870e+00
1.549559134550269501e+00
1.947809555458775765e+00
1.915724988220075309e+00
1.517893347361520373e+00
1.636739695276107298e+00
1.302159526895873665e+00
1.491813959285563262e+00
1.527085476094375949e+00
1.533052334512360781e+00
1.372438800416000637e+00
1.467042285876017704e+00
1.457712184462952809e+00
1.559255246111185933e+00
1.427575387249243821e+00
1.644415845300504220e+00
1.283052084229050038e+00
1.137670690624517311e+00
1.060836530496955588e+00
1.415345732588839001e+00
1.521094996757438977e+00
1.311889562145612365e+00
1.627613105671453342e+00
1.564902068912612076e+00
1.362688772377933066e+00
1.281440368321529188e+00
1.368019248306412639e+00
1.247612745127703260e+00
1.322177156941206411e+00
1.289890614836129323e+00
1.295823786572241509e+00
1.260319777550982678e+00
1.691498181587703487e+00
1.408450412377104888e+00
1.443693979732104671e+00
1.831040815527690491e+00
1.773230982787406651e+00
1.568950033810353029e+00
1.967083888696480987e+00
2.150321621325801402e+00
2.387225580330416541e+00
1.897831779924919138e+00
1.748192292383263569e+00
1.912545838218647765e+00
1.953609804651753379e+00
1.616833691436796450e+00
1.345717711816757589e+00
1.475628712270225407e+00
1.601630096817786342e+00
1.490304986358266470e+00
1.335523824970662687e+00
1.527163592891351396e+00
1.522816344531833455e+00
1.450815063667342919e+00
1.464430527498894685e+00
1.673659700434371844e+00
1.670550167745889603e+00
1.753823955403285062e+00
2.259251779986783504e+00
2.287842103000074179e+00
2.029938442149896272e+00
2.151343151404973231e+00
1.747943395338111827e+00
1.642972080342799179e+00
1.952146624604439884e+00
1.837267818050142498e+00
1.525574698199644752e+00
1.353259393758233342e+00
1.489690414647195205e+00
1.574219100803006199e+00
1.658209293697748610e+00
1.681362538206417456e+00
1.637502593180250487e+00
1.843085154599407360e+00
1.644460806297171507e+00
1.722644180346353027e+00
2.168438596618518233e+00
1.925482860027431631e+00
1.491411304703867069e+00
1.425336153003765816e+00
1.519829300895368052e+00
1.622591351229331735e+00
1.684760449390290127e+00
1.797174034862597969e+00
1.906347128572991600e+00
1.968022301064599411e+00
1.901422924424143623e+00
1.884234747174237556e+00
1.816566254449226481e+00
1.827617024854136574e+00
2.074992481046461723e+00
2.144732222235989472e+00
2.069708713052080373e+00
2.095926174261113939e+00
2.063510008264436646e+00
2.044991270209999268e+00
1.717060980876252474e+00
1.679551568076645296e+00
1.600848623518077218e+00
1.376685543997436811e+00
1.609751069183028793e+00
1.829058591265458666e+00
1.852423573399085477e+00
1.834954618542476767e+00
1.624382285518155333e+00
1.297328073125143311e+00
1.453483175255527948e+00
1.532679610203236731e+00
1.589667166868248271e+00
1.741854924030305618e+00
1.873372047122142225e+00
1.663110809392751355e+00
1.803345542612977415e+00
1.326702356216097334e+00
1.550742808854672639e+00
1.360247327752999169e+00
1.432154801064903893e+00
1.215300699614864532e+00
1.100528662542305858e+00
1.062428318342811373e+00
1.050006155140876363e+00
1.116634898460660441e+00
1.165290762403469849e+00
1.170516501875189741e+00
1.148318247314990215e+00
8.848441852757654713e-01
1.114100628692844097e+00
1.156342357377875940e+00
1.579966170989574259e+00
1.536706085053126669e+00
1.826857985483807401e+00
2.066530389403158807e+00
1.358282314976979599e+00
1.567878204429385969e+00
1.441886969990544554e+00
1.857437309089353228e+00
1.654009009058563962e+00
1.443089948183012616e+00
1.348547589707476568e+00
1.422449047031247193e+00
1.785680745718909224e+00
1.522622136181339902e+00
1.433159021302868208e+00
1.247739186718727300e+00
1.321834706274799265e+00
1.445584878454636568e+00
1.380816575149477643e+00
1.437384431679111785e+00
1.507668849969355795e+00
1.544849030533828493e+00
1.505064815065824346e+00
1.769722762537177196e+00
1.920680904152456181e+00
1.804900887179641034e+00
1.850902326488683913e+00
2.213565274596976273e+00
2.307002092694578455e+00
2.436537802142427100e+00
2.090166082385318536e+00
1.808013652427366669e+00
1.466118817884843217e+00
1.661901995835007417e+00
1.786738015970538829e+00
2.022225476954098156e+00
1.546275920336930065e+00
1.381216910826093436e+00
1.335858114624755455e+00
1.439840610429764745e+00
1.251278291955551403e+00
1.203202092876749063e+00
1.417774235578075581e+00
1.450491181375963556e+00
1.971343266563172270e+00
1.803307560887017491e+00
1.576037966756207886e+00
1.835266229420677853e+00
1.502629956753813278e+00
1.339323132041190467e+00
1.599734109501603330e+00
1.707050019269591434e+00
1.458987736446887062e+00
1.280917494327816097e+00
1.456308381716719502e+00
1.356104736505282293e+00
1.267242559745510588e+00
1.259490764225599024e+00
1.274170273749064997e+00
1.732406047173103092e+00
2.185651543652951556e+00
1.969871208991417433e+00
2.156062548510607524e+00
2.169175684598978915e+00
2.000439232611963103e+00
1.736761467588414209e+00
1.661258633117132621e+00
1.674054451821021194e+00
1.341935572649775921e+00
1.428243517829847153e+00
1.247316708591345025e+00
1.349596546305287692e+00
1.491782421472023668e+00
1.496199806558996537e+00
1.292507806218277544e+00
1.391377512425797880e+00
1.541876093287585237e+00
1.929945146355792618e+00
1.677571927542541363e+00
2.317680029314223678e+00
1.948756133487201669e+00
1.878539903458955607e+00
1.917634653371327991e+00
1.800657330320153626e+00
1.786164370355237896e+00
1.980178734693784026e+00
1.643775840587204273e+00
1.572772362546259961e+00
1.238908690206234509e+00
1.263001870495952028e+00
1.084529686937015347e+00
1.349618582794725352e+00
1.301128861999955033e+00
1.214189635421505820e+00
1.245851914724172671e+00
1.199549001727875597e+00
1.285831815440678039e+00
1.551314246252992302e+00
2.024726456732553359e+00
1.823753623510913746e+00
1.703850701726377537e+00
1.700901557951196130e+00
1.624630589276073511e+00
1.762295215541243465e+00
2.109225917100600700e+00
2.312456776280972903e+00
2.038746862602554000e+00
1.758707223798422703e+00
1.825205607824053944e+00
1.442704895203664073e+00
1.365706050901160928e+00
1.174897708611631897e+00
1.082292521286869036e+00
1.397750068329248307e+00
1.461731753612967033e+00
1.485622891905045151e+00
1.561624753585810321e+00
1.338741735415110323e+00
1.303759468052881010e+00
1.206772837837107870e+00
1.342856237212035619e+00
1.233592240648579308e+00
1.143844621668326011e+00
1.271797768855917887e+00
1.399856982367133851e+00
1.198170295359214377e+00
1.281474218684721444e+00
1.316241928665748517e+00
1.834566942604053175e+00
1.864627212660142419e+00
1.805046610745201896e+00
2.203541963143005766e+00
2.074350413051922359e+00
1.997079439611019414e+00
1.522154563255287085e+00
1.661029857628545159e+00
1.297577077979976679e+00
1.307967362138437561e+00
1.311912087278923389e+00
1.892247983855630755e+00
2.095577494743468439e+00
2.324539569559067598e+00
1.834590078181621342e+00
1.889556506559584292e+00
1.709153882358805054e+00
1.792805559711084129e+00
1.618608441251574437e+00
1.313535055098972615e+00
1.508131405558225113e+00
2.027775678160433692e+00
2.329953155621746319e+00
2.290529060514963966e+00
2.186578085558941620e+00
2.349035472894628551e+00
1.669706181700730596e+00
1.250149622440340558e+00
1.355915854195908210e+00
1.129882783301343840e+00
1.088090619547173343e+00
1.014650206108943742e+00
1.233029722357015023e+00
1.134555180121188167e+00
1.303588956417846667e+00
1.424746477158167934e+00
1.750337020198157179e+00
1.539751251459448911e+00
1.538547121427185305e+00
2.043096680473075910e+00
2.394847288307971223e+00
2.181674185741902416e+00
2.029781538637408733e+00
1.766866021772826478e+00
1.414023303060798487e+00
2.061304382574971950e+00
1.768747187807089283e+00
1.766544148209554521e+00
1.704711958240324954e+00
1.895453498505726531e+00
1.656004251182929154e+00
1.597442780652300387e+00
1.749473126481657204e+00
1.292356102745296997e+00
1.428345430382195413e+00
1.593770339074637832e+00
1.376957526560721456e+00
1.368466579529993066e+00
1.775041676775413357e+00
1.680066547248656894e+00
1.829392552117860893e+00
1.986524226206025423e+00
1.984192635074751188e+00
1.746787885702783427e+00
1.212713315920350254e+00
1.557281261302842168e+00
1.524783612897475882e+00
1.875626985887671072e+00
1.543597933072091699e+00
1.686814911623404356e+00
1.806993408021216441e+00
1.883316924707331808e+00
2.060906459518817346e+00
1.920101565693949297e+00
1.648769428923926528e+00
1.494421530537984877e+00
1.092284350071901278e+00
1.172982000403845149e+00
1.110956744149642850e+00
1.248853186917797453e+00
1.223086185357867617e+00
1.184941800056963812e+00
1.266899098889224362e+00
1.051604603227141332e+00
1.080925142804402439e+00
1.315519808576153693e+00
1.247855060030680363e+00
1.422703111363244011e+00
1.733144136062930718e+00
1.665706624649121670e+00
1.541055787346663264e+00
1.444824383281532842e+00
1.505598638140245304e+00
1.507938555651161749e+00
1.588525133263632760e+00
1.792754024700846660e+00
1.686781387910417429e+00
1.641683983192436802e+00
1.510654598020211514e+00
1.439462688559990600e+00
1.517460979901216866e+00
1.372431725113930412e+00
1.365297028075611818e+00
1.247570181444362269e+00
1.366685909807708210e+00
1.117973442564175190e+00
1.254504334612219552e+00
1.265201811239319518e+00
1.155689241375906784e+00
1.144403836001308017e+00
1.136522699344434839e+00
1.062562640297719962e+00
1.380300989159882086e+00
1.285281272527215357e+00
1.271782318140348700e+00
1.253373310652215356e+00
1.530686511398598348e+00
1.412256516713923160e+00
1.367873669013082383e+00
1.669285171007937052e+00
1.862665209420857337e+00
2.172078901373024618e+00
2.061098207872680277e+00
1.789289266248271337e+00
1.823003375171990292e+00
1.708086294907455116e+00
1.373589224359571315e+00
1.780680043620151309e+00
1.760351864614867701e+00
1.530011780254155518e+00
1.420673116129051561e+00
1.607483489363817242e+00
1.310987215412054541e+00
1.384584261216333267e+00
1.678611528891074123e+00
1.419447016858180532e+00
1.622360796005109851e+00
1.287727254522583742e+00
1.129908975341421762e+00
1.297831198065935832e+00
1.595612815324696232e+00
1.379075683804149355e+00
1.579043067764700270e+00
1.474780244605334190e+00
1.728304180200024964e+00
1.301081383824219451e+00
1.390799909842430182e+00
1.276658350026328881e+00
1.329527781019440136e+00
1.201848503937105184e+00
1.088226537061715460e+00
1.750188062784411080e+00
1.586037800160823963e+00
1.933254582140563116e+00
2.127688707920953437e+00
1.675985922524567684e+00
1.833991381648643060e+00
1.712579776221141437e+00
1.885234669654449524e+00
1.936067736889359514e+00
1.651884657579482329e+00
1.295262189292022192e+00
1.160790194415917798e+00
1.072270261336923936e+00
9.856874591413504749e-01
1.156802131800468869e+00
1.168503105096805994e+00
9.381214947515602587e-01
1.017652758415998004e+00
1.138278607649891860e+00
1.296469426011224613e+00
1.426127546608846330e+00
1.711319527077069580e+00
1.492433717978847163e+00
1.645167592646501475e+00
1.639923518461606111e+00
1.561739788964671805e+00
1.454138016429373126e+00
1.647791303301532340e+00
1.723604799500617846e+00
1.567270209281275584e+00
1.375821404521901492e+00
1.254156157658436355e+00
1.646872979442789875e+00
1.444399790765044544e+00
1.734039146516219931e+00
1.477502043056684977e+00
1.330860648918578359e+00
1.407276212109987767e+00
1.353632374192223153e+00
1.229351269435258187e+00
1.369083822999971778e+00
1.700674776133954680e+00
1.853038494264271696e+00
1.397498499667273020e+00
1.594769874817917543e+00
1.539433882634194228e+00
1.236422208129603240e+00
1.324575992788639800e+00
1.495454755249440604e+00
1.608369536348272621e+00
1.598070131515762826e+00
1.458457334556444218e+00
1.243538976567765353e+00
1.530918287927791166e+00
1.509481324617764963e+00
1.395441068174782195e+00
1.368105872977799953e+00
1.253555690202957873e+00
1.284493014140527967e+00
1.308397961224271100e+00
1.423755086868853992e+00
1.388072389862218481e+00
1.461690833540355117e+00
1.567758448009765271e+00
1.529349675303654843e+00
1.882725392460186997e+00
1.740517101576417147e+00
2.013405907681970586e+00
2.155479091187031848e+00
1.977658693697869952e+00
1.665306998331933519e+00
1.380986820577169816e+00
1.523526006662934584e+00
1.768624706768591182e+00
1.747867299744333414e+00
1.355637164263196803e+00
1.749657278740428312e+00
2.042294028561453256e+00
2.182094001193409127e+00
2.520644522138286714e+00
2.293321813294100231e+00
2.409033030999650826e+00
2.528406587041975406e+00
2.583730177549021789e+00
2.169537160113417240e+00
2.208164209543623357e+00
2.252509481674066727e+00
1.900791467919569655e+00
1.827353265240134084e+00
2.488589651379073064e+00
2.318745744426315536e+00
2.365346413098522227e+00
2.216377752403395185e+00
1.927267123935571425e+00
1.932814921038146894e+00
2.093959889826170873e+00
1.636209466268426782e+00
1.320322587907469147e+00
1.207889806586301296e+00
1.444311462298030868e+00
1.291090696000944504e+00
1.235625890051142983e+00
1.482583472047023454e+00
1.166960883085490064e+00
1.545562329183803651e+00
1.531621155705569892e+00
1.163796030396269554e+00
1.307963285515862717e+00
2.006105499525018931e+00
1.520332486772707492e+00
1.390478189965724587e+00
1.184947614176399489e+00
1.436200663058205373e+00
1.661813465748384289e+00
2.137007483379745221e+00
2.042675203925238048e+00
1.779179690027615113e+00
1.755910502680341656e+00
1.845254475322581023e+00
2.377392990205912326e+00
2.076794282481647880e+00
2.507494532510209595e+00
2.171663294368835651e+00
2.093397760909300409e+00
2.435688619809598610e+00
2.087759807735747319e+00
1.720052288148310682e+00
1.914216798500790961e+00
1.554541247946888305e+00
1.572007416540970093e+00
1.497518557552566465e+00
1.619325309725386353e+00
1.880697860677235544e+00
1.560570894091508842e+00
2.083684817070631023e+00
2.169745558110400818e+00
1.696549972301546694e+00
1.348453916909361228e+00
1.378404679158263368e+00
1.350218551325875982e+00
1.530289638131111074e+00
1.135134501518348049e+00
1.519690889127831790e+00
1.537965308131092890e+00
1.621673372593257945e+00
1.432311355768262295e+00
1.490731247003013848e+00
1.583598259467729363e+00
1.548214332567791951e+00
1.576436432777264196e+00
1.520872409189021557e+00
1.596409947394887840e+00
1.673655749506986812e+00
1.632856832544973491e+00
1.571737652355522208e+00
1.798144718209938375e+00
1.769014357440150009e+00
1.492636402815191943e+00
1.635800366243135073e+00
1.697643866783463906e+00
1.538465236590053520e+00
1.364452838805147783e+00
1.295669657514489703e+00
1.514445008723629416e+00
1.491315721734484345e+00
1.275228986992982483e+00
1.309964577856562284e+00
1.217003000401319035e+00
1.502031021734640648e+00
1.071321620681950249e+00
1.196149661552036170e+00
1.115091149760570666e+00
1.349851689926449660e+00
1.047582501885766071e+00
1.088373427759768974e+00
1.388179804699070097e+00
1.281064782693843718e+00
1.470369248048562838e+00
1.467391339873593603e+00
1.559213741012978272e+00
1.993709389791200381e+00
1.534946020957662416e+00
1.645554673463379913e+00
1.522998145413913207e+00
1.370831370715222652e+00
1.405752912416615041e+00
1.722626803180286714e+00
1.334970449071373411e+00
1.652126552674132220e+00
1.519126816605839814e+00
1.331394352444277063e+00
1.259442974191177678e+00
1.374113006502252432e+00
1.522647453250803196e+00
1.565671673055475388e+00
1.748848652871388687e+00
1.876770825340595028e+00
1.646226318119881515e+00
1.778031399306535310e+00
1.473888811328049719e+00
1.692678882287942166e+00
1.319719169468664077e+00
1.426130705656431630e+00
1.807869508048285390e+00
1.854238757667220572e+00
1.763028949342245744e+00
1.872920262026360083e+00
1.660647101806407733e+00
1.675213071242044993e+00
1.518704280220328329e+00
1.817815148982609763e+00
1.816455542295153158e+00
1.585061595884418750e+00
1.633707066364633809e+00
1.539172611746863595e+00
1.679418718765062213e+00
1.634631902792536451e+00
1.471426221261823652e+00
1.307157027369589164e+00
1.299162793082075718e+00
1.192569162794104853e+00
1.234454081608696630e+00
1.269267184776756929e+00
1.344851553325856264e+00
1.368959942152422338e+00
1.537928222000503942e+00
1.793273661664975371e+00
1.605853327000284381e+00
1.873790177490606057e+00
2.025713126237254524e+00
1.980478133311415867e+00
2.023656580890137668e+00
1.823899570199692510e+00
1.924632766592699440e+00
1.600296097053495403e+00
1.878409110179544372e+00
1.856426262588938059e+00
1.497412893998642192e+00
1.525548493606784017e+00
1.543418654840047921e+00
1.578506493239413500e+00
1.375430609887916322e+00
1.835383469144735491e+00
1.571392010426063912e+00
1.770742526213334278e+00
1.668162622930379646e+00
1.710004413449245142e+00
1.829376251537095044e+00
1.695967962027699727e+00
1.669640506739150432e+00
1.751937190976099235e+00
1.876927141764200613e+00
2.101401873686724375e+00
2.109836691629174421e+00
2.271125137794935078e+00
2.464354195060731278e+00
1.843322492467254881e+00
1.840847851724445094e+00
1.918271482034906716e+00
1.466855557359923790e+00
1.788388461091631187e+00
1.515799945174410190e+00
1.608284586950917250e+00
1.716057843998836097e+00
1.496432690542274235e+00
1.253700440852909770e+00
1.583417299449614735e+00
1.482733379461720347e+00
1.546165067219882339e+00
1.294665952393643460e+00
1.210657342076954412e+00
1.234175913070849839e+00
1.358447874679392209e+00
1.405507871350608617e+00
1.517866486477636334e+00
2.018406903276993347e+00
1.835145186604042244e+00
1.457404937894591912e+00
1.666246374525059526e+00
1.921815794419853951e+00
2.085247697094558816e+00
2.218966059352204478e+00
2.018658703009891919e+00
1.679563745610739733e+00
1.644141866485182790e+00
1.848432367838515278e+00
2.258882326541526986e+00
2.384180201063256899e+00
2.283079492753202988e+00
2.240813217251086176e+00
2.343734245567051122e+00
2.169054720741824038e+00
1.771113154117578858e+00
1.594150521230663919e+00
1.434888150010082741e+00
1.082601944062145050e+00
1.396797692056243712e+00
1.409278877190176527e+00
1.407354454407170996e+00
1.271484711964868008e+00
1.344413522688371998e+00
1.771272136919174844e+00
1.369793988553048569e+00
1.258220824140235505e+00
1.385762367486537361e+00
1.805292431353863636e+00
1.605768748729293982e+00
1.459994967313855696e+00
1.327532735133362785e+00
1.320727117741681944e+00
1.151005767302025307e+00
1.287869286525328283e+00
1.340495024849019501e+00
1.364670952468802545e+00
1.637626478123030527e+00
1.585773284526372118e+00
1.251559236412514986e+00
1.487566713540403596e+00
1.700879897931295792e+00
1.821084705031635664e+00
1.830833236232577210e+00
1.836231970184062368e+00
1.640172038434526858e+00
1.535331284975679500e+00
1.779635273968131148e+00
2.341195254669967252e+00
2.374986809358190953e+00
2.385525345859079493e+00
2.145703801737194105e+00
2.016529252851622545e+00
1.722153036101611079e+00
1.472660358507670519e+00
1.345143701117669455e+00
1.422101963592842688e+00
1.664736136724970450e+00
1.292207362856605535e+00
1.371251692969852387e+00
1.403961840142260442e+00
1.357156435493521496e+00
1.586324114010039699e+00
1.981378599502874982e+00
1.980297066264033568e+00
1.640907554064747975e+00
1.838237833826960488e+00
1.980988799743202966e+00
2.018209995651977007e+00
1.668364333057080984e+00
1.802792489953828792e+00
1.923831312984915165e+00
1.569525582106283235e+00
2.138368948911641976e+00
2.247315731968401398e+00
2.294452839827605839e+00
1.782253502960099656e+00
1.572345886623087274e+00
1.540333546325700187e+00
1.524311810499481501e+00
1.779385901722460916e+00
2.282663516412966054e+00
1.858444632513183592e+00
1.559577237303724662e+00
1.764968007879373246e+00
1.673266906552608013e+00
1.725094855980575437e+00
1.793469219805658543e+00
2.069921403055784648e+00
1.970969455567038953e+00
1.852230306313447761e+00
2.203744348513862139e+00
2.030780154510029245e+00
2.050945889224111252e+00
1.474059705410851739e+00
1.434425306054102123e+00
1.340924322270479419e+00
1.398519979204162267e+00
1.435354254904461779e+00
1.139315386295032040e+00
1.077452761953558102e+00
1.228324202272570664e+00
1.230108238248963870e+00
1.108823189395163444e+00
1.141206018522155308e+00
1.526368049578970654e+00
1.725886692938285449e+00
2.161203127269451851e+00
1.974137100713281967e+00
1.956544424985249719e+00
2.078326427174635338e+00
1.841405690588000743e+00
1.991195891068069379e+00
1.917696785916177538e+00
1.733823677156056675e+00
1.694019391730037016e+00
1.542337453490206345e+00
1.468377614380202756e+00
1.253145061732650944e+00
1.365397061225297470e+00
1.441419122513147855e+00
1.365535722722537981e+00
1.237852587622975120e+00
1.269504955855893291e+00
1.275413055482425451e+00
1.957824934887552715e+00
2.217160358882722448e+00
1.772482820307285767e+00
1.634445442155914030e+00
1.573578098094998268e+00
1.837012419684908471e+00
1.909150923590898330e+00
2.009889950356304578e+00
1.770269391763701128e+00
1.694831288918802858e+00
1.419434388399092306e+00
1.276130938112395974e+00
1.572323448765861498e+00
1.745050605573595703e+00
1.519943608379628053e+00
1.458878808813139472e+00
1.383336945781323379e+00
1.484858882615520237e+00
1.358368609061458621e+00
1.644581281580771437e+00
1.603321925456599351e+00
1.252181879103961837e+00
1.797940750758503459e+00
1.726347613025477346e+00
1.347854136083826981e+00
1.214838902358678085e+00
1.045669939593198761e+00
1.206532307591418274e+00
1.049976622401628035e+00
1.086230444773610637e+00
1.413007817469709826e+00
1.363302317653170448e+00
1.364141919673490300e+00
1.240274860298967274e+00
1.228498790047869882e+00
1.131244698780232927e+00
1.432819286925486990e+00
1.355780474551337100e+00
1.545356857524882166e+00
1.581029491917185892e+00
1.803466161212104346e+00
2.156286920362360249e+00
1.937580958213414029e+00
1.695142111195541590e+00
1.948071642704801931e+00
1.708696471623696755e+00
1.577205670534119974e+00
1.310322949229411726e+00
1.451188057633987283e+00
1.378451391744316412e+00
1.414096781064591468e+00
1.542485505975170312e+00
1.576455828984986152e+00
1.444666364639807243e+00
1.656374954958882428e+00
1.559427414154457070e+00
1.612525573465827922e+00
1.565442784996766923e+00
1.887984903689885474e+00
1.969475348142963655e+00
1.761633506787826153e+00
1.538717889943407968e+00
1.242286505773054550e+00
1.263396463053449992e+00
1.456256115428067321e+00
1.574010458774525389e+00
1.555689895682514257e+00
1.672466155994885018e+00
1.528303466920535314e+00
1.543251563162884032e+00
1.274866129954614458e+00
1.147323525839365699e+00
1.332130422904115097e+00
1.297134000693815237e+00
1.333786312876199975e+00
1.204993599018557182e+00
1.265535971453652264e+00
1.297167921809461610e+00
1.434476661933291597e+00
1.397395604175909911e+00
1.428191530795127839e+00
1.494648008264442218e+00
1.378497366512077660e+00
1.656568395606263344e+00
1.831535895261526825e+00
1.928385589822498636e+00
2.085360440959083572e+00
2.031579958178753476e+00
1.787178212618584228e+00
1.812158845139329344e+00
1.783913524625454272e+00
1.909181789654674111e+00
1.954629897655143500e+00
2.043373787581252099e+00
2.131057848552469824e+00
2.460650884470851452e+00
2.423215923072722155e+00
2.462541894226031758e+00
2.556553080632063324e+00
2.538034088258822152e+00
2.211976438288199898e+00
1.655331015177469389e+00
1.914638133957264232e+00
1.905729599144800446e+00
2.051519747881707545e+00
1.997239647595918433e+00
1.460702593779608760e+00
1.564546421912630381e+00
2.310688600128699477e+00
2.277316362689531637e+00
1.620937814034516755e+00
1.541674659486459875e+00
1.953502218075593433e+00
2.000138514488303709e+00
1.994854703638710536e+00
2.038530028407887329e+00
1.968384837458452941e+00
1.756336144077935035e+00
1.957931762612261650e+00
1.830645798257616308e+00
1.780576511830386011e+00
1.885298666367305032e+00
1.917846257258424947e+00
1.842607834202820927e+00
1.181477021581688769e+00
1.443103035888768870e+00
1.798631855033472338e+00
1.628745044734197123e+00
1.633639569631971655e+00
1.341396266648668290e+00
1.609646644258031944e+00
1.589511752266789424e+00
1.539549119443059944e+00
1.781244571365673046e+00
2.159890953109274481e+00
2.255523639124281665e+00
1.891277116293188065e+00
2.039407108925703316e+00
1.979707323535272456e+00
2.030354309849021988e+00
1.515998503851787360e+00
2.252529530037251426e+00
1.944442586556955677e+00
1.766743265931803863e+00
1.665040586144235224e+00
1.570776638944667347e+00
1.533813817719280603e+00
1.556183503886500175e+00
1.414475230449166121e+00
1.759952908404634364e+00
1.995976121820951521e+00
1.554953486820478625e+00
1.412306404423650852e+00
1.487055170575324103e+00
1.646749420075456216e+00
1.492290839194200025e+00
1.608774676181024210e+00
1.593724823342242303e+00
1.323787590546723569e+00
1.568697638973487907e+00
1.756433469417288284e+00
1.810690165152694098e+00
2.121921138498647164e+00
1.949339945852178735e+00
2.092097097828808483e+00
2.098295840631290154e+00
2.053105770290819532e+00
2.135016904102602364e+00
2.152414251838441483e+00
2.225078266761574497e+00
1.991617299632006954e+00
1.929449976225862562e+00
1.753080591576993585e+00
1.590903044898529295e+00
1.683864754765100002e+00
2.048107053354213392e+00
1.708501531665922002e+00
1.471510570137875007e+00
1.613578610829660809e+00
1.270735718217429921e+00
1.006716039995913414e+00
1.137570636122007262e+00
1.206557587244549978e+00
1.239722635743525814e+00
1.422538350748427050e+00
1.383509374895935284e+00
1.405895080492941318e+00
1.296961567227223888e+00
1.283791746428636138e+00
1.470977994420495039e+00
1.132160436742417176e+00
1.330167053164492685e+00
1.281490268051225012e+00
1.524613992255966721e+00
1.481033201791896348e+00
1.334407884056255877e+00
1.365011754812000433e+00
1.689626150509735414e+00
1.676588205836068157e+00
1.495698100956793342e+00
1.414042696132905341e+00
1.286312846991490177e+00
1.121265109523773118e+00
1.106021839018209052e+00
1.319327205869695874e+00
1.519812250234549689e+00
1.707247153277046792e+00
1.881926762457046820e+00
1.911574169965653658e+00
2.048920009428409905e+00
1.344434959788943340e+00
1.111157741007203548e+00
1.176482088487688982e+00
1.079519927903104914e+00
1.014574437148058283e+00
1.051958331975438199e+00
1.371080566880105378e+00
1.461836449804212457e+00
1.315948453297340448e+00
1.277185971829465139e+00
1.596317265156661058e+00
1.505890682719147611e+00
1.886204967056183568e+00
1.822150929754232429e+00
1.411034087785465463e+00
1.073596129696721357e+00
1.241391934831548305e+00
1.391010528300091309e+00
1.178031059208164422e+00
1.243722359445651016e+00
1.226896632557622491e+00
1.281438007866091855e+00
1.065888247001069322e+00
1.649440121480146404e+00
1.416074917429107183e+00
1.511714669722374893e+00
1.649724853483071518e+00
1.744999841438682697e+00
1.529298611419408704e+00
1.632342843269974253e+00
1.535054733486021394e+00
1.542642199520102508e+00
1.821020293518757160e+00
1.725828999353223425e+00
1.727530778164130032e+00
1.749079236924086622e+00
1.347651423761470735e+00
1.390385078664117202e+00
1.086287380352224829e+00
1.577026494432582915e+00
1.522058752906988666e+00
1.217731678690318065e+00
1.307282800317224103e+00
1.285867515007173445e+00
1.657691284002941856e+00
1.525842815654479656e+00
1.510933968178745257e+00
1.562155647377208467e+00
2.091571807192863730e+00
1.803299109972646086e+00
2.252478320172887738e+00
2.072331341780903724e+00
2.048230534746695142e+00
1.419423312155460692e+00
1.336570269140373135e+00
1.502760687553698293e+00
1.258553637425101179e+00
1.251396061449751462e+00
1.176548297000342913e+00
1.173617579237361541e+00
1.166719860402486875e+00
1.305412796907864825e+00
1.013425214551812781e+00
9.891853352495211249e-01
1.020908820530636252e+00
1.002401422363662808e+00
1.210008647273018045e+00
1.371143425418715589e+00
1.270628644364106385e+00
1.248982479987591709e+00
1.506849186819222197e+00
1.114632458225469858e+00
1.205847618751398675e+00
1.262923880006325383e+00
1.211918622136629153e+00
1.471853800777141563e+00
1.230322874349775830e+00
1.259314059563696686e+00
1.255270888302037369e+00
1.619198328127102293e+00
2.213932094909646597e+00
2.379984052606583411e+00
2.311086201879505087e+00
2.319802648518045185e+00
2.086516470115074018e+00
2.002415340775653085e+00
1.865836412649934717e+00
1.638307216209657247e+00
1.982185663351423877e+00
1.954089225574717537e+00
2.321513881173248972e+00
1.826154889330646958e+00
1.870216610284494152e+00
1.794496180226894388e+00
1.866299401088578280e+00
1.971260058242829460e+00
2.056323043812509521e+00
1.847961372990017725e+00
1.900195566467762553e+00
1.912251526240307031e+00
1.319332041469565953e+00
1.398806547523131050e+00
1.374539314128409240e+00
1.454066690606144796e+00
1.691507592550436812e+00
1.418312606761062966e+00
1.367115559706373551e+00
1.383997611354598867e+00
1.882889834317554190e+00
1.804546242701436931e+00
1.556746346536782788e+00
1.822592906526974366e+00
1.915285376160017705e+00
1.807419373880921443e+00
1.126301320872250988e+00
1.273389106055018427e+00
1.416027175506687774e+00
1.775302450147130173e+00
1.633543369223476649e+00
1.859321878083109780e+00
1.649784342728096931e+00
1.862618745317454305e+00
2.051362572840192300e+00
1.830488632936903004e+00
1.648603720798382133e+00
1.842144315138558586e+00
1.732983646913964115e+00
1.654282251683922844e+00
1.722519112515333850e+00
1.631378127422330682e+00
1.371389579954383819e+00
1.582027981933564309e+00
2.047545921576397365e+00
1.874597087421407071e+00
1.829258706720736205e+00
1.973338317412757448e+00
1.813924534444667502e+00
1.500293335340296519e+00
1.630883766811082713e+00
1.535144358734786607e+00
1.254271308866577783e+00
1.139284738705138578e+00
9.618063224507292786e-01
1.075660104054080746e+00
1.129823958847233856e+00
1.215466229122964537e+00
1.147162517363485179e+00
1.211758794983946119e+00
1.268556196510900236e+00
1.558408987930186118e+00
1.547777491379029646e+00
1.822527024435058429e+00
1.861605472338333289e+00
1.721127718163232734e+00
1.659554063622129538e+00
1.536269678523161542e+00
1.337079342035608409e+00
1.440278787031620045e+00
1.616591549115701909e+00
1.405075692008105115e+00
1.531167073623407537e+00
1.743380998077838973e+00
1.986539106799818377e+00
1.731538519071024851e+00
1.542348851953136979e+00
1.352394863809694536e+00
1.592676147594287661e+00
1.384919505373829018e+00
1.235666198846918640e+00
1.176255404902661450e+00
1.243767396419619864e+00
1.415996377633995884e+00
1.368493285577929930e+00
1.448399011300382178e+00
1.536899307590525288e+00
1.620624292439519110e+00
1.388963651514078634e+00
1.200959218790606187e+00
1.282668866198591218e+00
1.605760385667089229e+00
1.843604971186758368e+00
2.134243863804801133e+00
1.969349344780990663e+00
2.283075015508015948e+00
1.889985956667233680e+00
1.615186633435359953e+00
1.672067494074533700e+00
1.923678670737007268e+00
1.999479101839415129e+00
2.404927412799043651e+00
2.680224667520205273e+00
2.306039376266903140e+00
1.973278247533739593e+00
2.256712493695337329e+00
2.121662630163375418e+00
1.826186783969240501e+00
1.532306011014280545e+00
1.485204118763965742e+00
1.614154830642140048e+00
1.556148724209236889e+00
1.441530355076255265e+00
1.576948923045652151e+00
1.616026279600452531e+00
1.977413293736919986e+00
1.962695223972540592e+00
2.226908052650873771e+00
2.012550420839674281e+00
1.859992656756408014e+00
1.751106013873848344e+00
1.821094362974883696e+00
2.303368550426043715e+00
2.374954907261747739e+00
2.334575022940942102e+00
1.876347131112151123e+00
1.915656816967817866e+00
1.690622534570779045e+00
2.052155462220289550e+00
1.681738878187513109e+00
2.098125827421286171e+00
1.987970106338130094e+00
2.577205881503096041e+00
2.158942123134250490e+00
2.055943149655314439e+00
1.710192965358152239e+00
1.925660274146335560e+00
1.425279499946341843e+00
1.965845731845637490e+00
1.702128600569933203e+00
1.818678317615257001e+00
1.945330073193942688e+00
2.241022615593859069e+00
1.898642338122509488e+00
1.726465828854211182e+00
1.682224615512752042e+00
1.237882391950299699e+00
1.319833768814348662e+00
1.358108691583922667e+00
1.607674736705458018e+00
1.211367435549675076e+00
1.197003500263084330e+00
1.325269722799633065e+00
1.688011268989432656e+00
1.487228284296720604e+00
1.246657760806277437e+00
1.177086608341584073e+00
1.075333900514256369e+00
1.060631737435333344e+00
1.386730773156706897e+00
1.593424358927820528e+00
1.568729662270630154e+00
1.582714043545703664e+00
1.444958097164379174e+00
1.365009371821303219e+00
1.888499788561188497e+00
1.905556736193739553e+00
1.479590687982687003e+00
1.608229134545725802e+00
1.831816034311486208e+00
1.651473541475849238e+00
1.623126632619593002e+00
1.574124761712030196e+00
1.467531705454460988e+00
1.621008953406248398e+00
1.579392174639927759e+00
1.453849345580080943e+00
1.546524600927664528e+00
1.384446470246626149e+00
1.114138451663113205e+00
1.315555843808025038e+00
1.334646158901982460e+00
1.509026224180455955e+00
1.518802911665153799e+00
1.571818368457124082e+00
1.114267879297793362e+00
1.223733917901356882e+00
1.403681451724253293e+00
1.530246479363204237e+00
1.258780297357673161e+00
1.645619346324241894e+00
1.700635627041621412e+00
1.401835671683883788e+00
1.790804767954199850e+00
1.372937183352394674e+00
1.593982598728929112e+00
1.557409650462940665e+00
1.867971662570171665e+00
1.627732538087957259e+00
1.866996171328698439e+00
1.799703857348832647e+00
2.046452511251376283e+00
1.743835807382195346e+00
1.953352515135964085e+00
1.441336091850985879e+00
1.559413426225179533e+00
1.447785448442107104e+00
1.506776327640367619e+00
1.615261059890204409e+00
1.403010808625825945e+00
1.173822136335965771e+00
1.171205912892662626e+00
1.502454037912138496e+00
1.185188768300615925e+00
1.115542561584407677e+00
1.127351889430032506e+00
1.372402755890114179e+00
1.404292729921280625e+00
1.574349217172700488e+00
1.598534686404183613e+00
1.354415446449438454e+00
2.063008379773712431e+00
2.273376058105410991e+00
2.031551436043869785e+00
1.729874589845492139e+00
1.920637898642330699e+00
1.568770876498443156e+00
1.464549770417598262e+00
1.724324927045497224e+00
1.658760702985339952e+00
1.529349108641296695e+00
1.497993804038207699e+00
1.502384778251094843e+00
1.648766523004204787e+00
1.617357426930735365e+00
1.181354960686222588e+00
1.204502330413157463e+00
1.901854411129460409e+00
1.512742946402672484e+00
1.420127426930859027e+00
1.219645893875668463e+00
1.085780284136666829e+00
1.259149765439304458e+00
1.112610638596677415e+00
1.220566797759936151e+00
1.453458569643767184e+00
1.583608470203548446e+00
1.645521541556600242e+00
1.956267135862439277e+00
2.132227342265671233e+00
1.754574447882198518e+00
2.046097297333263398e+00
1.684355054730581003e+00
1.767417204933222408e+00
1.704802940884364792e+00
1.426059467471660902e+00
1.373191553468223081e+00
1.427394701495412477e+00
1.560139936894699098e+00
1.569235874453828394e+00
1.680802888189495192e+00
1.359529545903911840e+00
1.292800461764921138e+00
1.082943117296242930e+00
1.154481065906531212e+00
1.184813747486862967e+00
1.290022258027722746e+00
1.680576573901606086e+00
1.181067189042679155e+00
1.110621556552873201e+00
1.098443906855882668e+00
1.305057584875803478e+00
1.277968444964598715e+00
1.477600662394639608e+00
1.660980550694627800e+00
1.491893000299986394e+00
1.323191380097905823e+00
1.481889802575556248e+00
1.924451844874875084e+00
1.592431010900264399e+00
1.576237502236882193e+00
1.503646385379559192e+00
1.692046475939863459e+00
1.674420729470983860e+00
1.764544888524552269e+00
1.251485260058422533e+00
1.952368460107392956e+00
1.965234151198106183e+00
1.546551701528390055e+00
1.954198640136992182e+00
2.062555744160158522e+00
1.639484923248831993e+00
1.550581614144718623e+00
1.692685908526181171e+00
1.927614337663577260e+00
1.831491495778662326e+00
1.791251153122547457e+00
2.119722246385410180e+00
1.704332545926992015e+00
1.549058462580020556e+00
2.090724156653575694e+00
2.050334503065597502e+00
1.721621836229080493e+00
1.512373068814079069e+00
1.437732372654588975e+00
1.133043953865988440e+00
1.035613405315197966e+00
1.514947675757700951e+00
1.835569405267841958e+00
1.601852287482822490e+00
1.348998258599329425e+00
1.572461571482348441e+00
1.678701264974706397e+00
1.430462062212048524e+00
1.933458403214577848e+00
1.941882186831110246e+00
1.787270304639588137e+00
1.430752330082584622e+00
1.771890753411856423e+00
1.720480286675165615e+00
1.833313802060154263e+00
1.747373846759913807e+00
1.614306483616071874e+00
1.561638590082377709e+00
1.680089052082291978e+00
1.358045095484492926e+00
1.563162268628761176e+00
1.940515536078979197e+00
2.190790357687012690e+00
2.499648106012341220e+00
2.060949258450735844e+00
1.804509912438074570e+00
2.365243193408006483e+00
2.036103803679635060e+00
1.932704165928394335e+00
2.259729926749959095e+00
2.175415089426461446e+00
1.744616411308094417e+00
1.620421698741147942e+00
1.268310773168464856e+00
1.147075241996389439e+00
1.202052505339667121e+00
1.262870327633211165e+00
1.255656765170238831e+00
1.191944237168203635e+00
1.209019075720943803e+00
1.250400041605328916e+00
1.159633506713827478e+00
1.516728423471578546e+00
1.601463767497406820e+00
2.150141344794311404e+00
1.491533925241113279e+00
1.724078481937113327e+00
1.421418345331533661e+00
1.620984734619523637e+00
1.099301447350400585e+00
1.324855924111272287e+00
1.240854139121094768e+00
9.508303917718592402e-01
1.186175938327582946e+00
1.364081753356174875e+00
1.219097842940251031e+00
1.099271799249234016e+00
1.123488141374159532e+00
1.237775094201717829e+00
1.483463674797887322e+00
1.371403476921622122e+00
1.476543756265181306e+00
1.431730540868326518e+00
1.390553073196140632e+00
1.324269847835420233e+00
1.104501043125910353e+00
1.377149159520354438e+00
1.940577882801543641e+00
1.815716879698507702e+00
1.929971432833562872e+00
2.281735945419566924e+00
1.758379689069636598e+00
1.603877349703851651e+00
1.919741484241462404e+00
1.680955412191411646e+00
1.665709795095309254e+00
1.757623722035982272e+00
1.811854629533903749e+00
1.716621768326032527e+00
1.557678369911172034e+00
1.776071057736281933e+00
2.077237591665749505e+00
2.192062816000982295e+00
2.200980514253596976e+00
1.963485671228994978e+00
2.154165700930017469e+00
1.903128315154293704e+00
1.988665575313156797e+00
1.896781176365296417e+00
2.068851989851296036e+00
2.060358008999584101e+00
1.610472342729614148e+00
1.820292071815200918e+00
1.091210701550924922e+00
1.090718357623186696e+00
1.413595219319602414e+00
1.887825159976844080e+00
1.873092065287925712e+00
1.991033190066112013e+00
2.064116368914465038e+00
1.827388971976295684e+00
1.505717699710987567e+00
1.432714631949496109e+00
1.194867430214575199e+00
1.306290345627526106e+00
1.515363231210055561e+00
1.470693581486197665e+00
1.276267446097136604e+00
1.759717509467783048e+00
1.983087705121725719e+00
2.024224261141491787e+00
1.685890420444978277e+00
1.503928175949007295e+00
1.462052211856867512e+00
1.138347064109631379e+00
1.603322602842708111e+00
1.362016173008197883e+00
1.292652736957064175e+00
1.097772079568541059e+00
1.384642362835495355e+00
1.245455002343919482e+00
1.300866778318582329e+00
1.321132684862359685e+00
1.302190439269762301e+00
1.152783380600697072e+00
1.051206780990190159e+00
9.883926733530703501e-01
1.161790002892344020e+00
1.158989655596607049e+00
1.066530446193008741e+00
1.065857299646594702e+00
1.214152344661376226e+00
1.228369884063128303e+00
1.393472515309761350e+00
1.270800106959287579e+00
1.635471525775193502e+00
1.900737759070460386e+00
1.824700228682605063e+00
1.516906765908164090e+00
1.222614854576492549e+00
1.211780644578490440e+00
1.558579652655075476e+00
1.593895880482594674e+00
1.671255584037783848e+00
1.784827106352133930e+00
1.847356412233786216e+00
1.644327527997258676e+00
1.513261705003491775e+00
2.194612413298729248e+00
2.073293171128779200e+00
1.912463620212832671e+00
2.075271962107839485e+00
1.650588716208199136e+00
1.773071498858188377e+00
1.587430196133315041e+00
1.930002995240852393e+00
1.910552811640939375e+00
1.392198428115208664e+00
1.540667773844537791e+00
1.727923357528522663e+00
2.131691439986626690e+00
2.160105281841573355e+00
1.715904572822026353e+00
1.777844955938183036e+00
1.887692642093841799e+00
1.972938751126283918e+00
2.185976910492052117e+00
1.923821482732232413e+00
1.844948138299653539e+00
1.868476793937692948e+00
1.990908260180910716e+00
2.519027476312322378e+00
2.158955749277086333e+00
2.142338516642377844e+00
2.049702665425618520e+00
1.928039356897741419e+00
1.902186337962825879e+00
1.908846560957057292e+00
2.152336328552191702e+00
2.318006504281274527e+00
2.015369730757179401e+00
2.080978248623676752e+00
1.946547800782460813e+00
1.725661287028724677e+00
1.236474680259059156e+00
1.530557272079316355e+00
1.203640194846118172e+00
1.478734620010541789e+00
1.556567521793113418e+00
1.373019261717375983e+00
1.482344367300880483e+00
1.584798573398565669e+00
1.335250178987873904e+00
1.588756614124595679e+00
1.775777189840179737e+00
1.812843539359338507e+00
1.550922162650173686e+00
1.774856103389426343e+00
1.726845069386278020e+00
1.447370850141053822e+00
1.616024971444396163e+00
1.482029629651967717e+00
1.534214401476583056e+00
1.576504473432843723e+00
1.336286729825474806e+00
1.355240427241653833e+00
1.170612463875054798e+00
1.459467614148820092e+00
1.286865023767207683e+00
1.108447684364904040e+00
1.279395766943507873e+00
1.112603101642715142e+00
1.147214298179915160e+00
1.272451328210847832e+00
1.235517347823497092e+00
1.360959411836539790e+00
1.234055996425851731e+00
1.050100075959380597e+00
1.325674171639281029e+00
1.392314256811925111e+00
1.278338436180121329e+00
1.415457740936902908e+00
1.413491244162424998e+00
1.462885165551731870e+00
1.966586276096952135e+00
1.401195579636525634e+00
1.896359981573507270e+00
2.057701797310776737e+00
2.014874813799769626e+00
1.752169509046269003e+00
1.486354467211128849e+00
1.388424843276712783e+00
1.570092885867493848e+00
1.362218201541748996e+00
1.648758881275585786e+00
1.831403619003560301e+00
2.078057180619426347e+00
1.985216210929046099e+00
1.926221441054401629e+00
2.079524301429201305e+00
1.915072371799760864e+00
1.578794441627396239e+00
1.504870592584433009e+00
1.419615082450192523e+00
1.329188012713797606e+00
1.440669817533405839e+00
1.840488290706209229e+00
1.793505064691448769e+00
1.902097831303951825e+00
1.723892827911901016e+00
1.549187191593631940e+00
1.693018574555497313e+00
1.661244043956912719e+00
1.403336560519712783e+00
1.344741453165411826e+00
1.799761939660075472e+00
1.839727385300059526e+00
1.715399432880850839e+00
1.740238258912408575e+00
1.407489659057597375e+00
2.022197593247890612e+00
2.247771513554365441e+00
2.191834320423149851e+00
2.333533493980223916e+00
2.103496185156851883e+00
1.817784201844899306e+00
1.425699239480442193e+00
1.578205967762961848e+00
1.831692371966791244e+00
2.125067095721481003e+00
2.317384440569005388e+00
2.030726051946776689e+00
1.930693907949122767e+00
1.878695688967804145e+00
2.078638648657424426e+00
1.558418990348150679e+00
1.227313566341978301e+00
1.171496425257995133e+00
1.180915037906350218e+00
1.096464307810433025e+00
1.388671416546162218e+00
1.476459901923599771e+00
1.607542417838414783e+00
1.440192911098386652e+00
1.913563018994539178e+00
1.663558054260276808e+00
1.470290783893140052e+00
1.203234837428537318e+00
1.017435103886069614e+00
1.439349237392086200e+00
1.190995803504586670e+00
1.320714224456538188e+00
1.605739285752697088e+00
1.587970893224662339e+00
1.711598299070473450e+00
2.001665998783161093e+00
1.440273044180290229e+00
1.383504631738290414e+00
1.757331738536162646e+00
1.796136615133181458e+00
2.108565961057990545e+00
2.361831477452051242e+00
2.550185133007838445e+00
1.972208149031172031e+00
1.921243544998708863e+00
2.061150974454381668e+00
1.464851288241896476e+00
1.288220875503526264e+00
1.608853600101792569e+00
1.360772390129206810e+00
1.285520721162500823e+00
1.481170499670286356e+00
1.420470616782263829e+00
1.425606629750229892e+00
1.623161897872810844e+00
1.594552665090331445e+00
1.760261855126572961e+00
1.261230040635615390e+00
1.443117511493924532e+00
1.750753073825162875e+00
2.157312157287187393e+00
1.823420291951981076e+00
1.569204519616892002e+00
2.122237187732049613e+00
1.903575752605818128e+00
1.606179759679771113e+00
1.287619946716687558e+00
1.038669413547795406e+00
1.240938026706736252e+00
1.615336611839571335e+00
1.867939242124188937e+00
1.943733064571732116e+00
1.949010215077277230e+00
2.284110270626294792e+00
2.390547868716076163e+00
2.307935492266323330e+00
1.865022862184815056e+00
1.507195711189431409e+00
1.687111385008196907e+00
1.553543755316974639e+00
1.397303560444031811e+00
1.585413504317077837e+00
1.579395122452248446e+00
1.501533646568654623e+00
1.708393840709664602e+00
1.982352332937569628e+00
1.898548969903192329e+00
2.080085308622880991e+00
1.689938706545121905e+00
1.727696166580503068e+00
1.451474978479136091e+00
1.414398944432613048e+00
1.530835215976767971e+00
1.423127856871310382e+00
1.642918465482004597e+00
2.048628199715651910e+00
1.756107647121729620e+00
1.926525580249387914e+00
1.564154511446528728e+00
1.516530585552849697e+00
1.788121101987790951e+00
1.629624251625269471e+00
1.835701743518525664e+00
1.667880609167890604e+00
1.615057304611462019e+00
1.466739573244593586e+00
1.492140536406333151e+00
1.824288209518348358e+00
1.762975818338653688e+00
1.564409859114394452e+00
2.112404140891117610e+00
2.225621474840307368e+00
2.370648024229834672e+00
2.080208358654863421e+00
1.923825542925747145e+00
1.907100105152443437e+00
1.656344715455887018e+00
1.359894066607402863e+00
1.505825010590332802e+00
1.502361507984653954e+00
1.547405078600111228e+00
1.424085723506804735e+00
1.672444536171176388e+00
1.465701830158615770e+00
1.426360573026259626e+00
1.288034315083854464e+00
1.358210125193261231e+00
1.441300106899200184e+00
1.224243673178176950e+00
1.555465671627324076e+00
1.787719302251726594e+00
2.102419739069700366e+00
1.931942396230467596e+00
2.031794664923594063e+00
1.704753231266843416e+00
1.445423837677829670e+00
1.721671428857096675e+00
1.519336232278696297e+00
1.840504173769550000e+00
1.792560282366204127e+00
1.515412843431038326e+00
1.125979226714631576e+00
1.392221355264133376e+00
1.701781615861888142e+00
1.916564955119127056e+00
1.937325777146948091e+00
1.599879142236884988e+00
1.351661603269440626e+00
1.191156878081163883e+00
1.344308943702540837e+00
1.402919973276848253e+00
1.449131184360458846e+00
1.840829595845220767e+00
1.022269863194323225e+00
1.337614749292375338e+00
1.466944753272382940e+00
1.800507405497614233e+00
2.059175122525553014e+00
1.721082547629936066e+00
1.541278505199378035e+00
1.608305005646335051e+00
1.474626865536190490e+00
1.632895986450009662e+00
1.877637676747057061e+00
1.712580412602676461e+00
1.753165427429541401e+00
1.596502185064119450e+00
1.867965221079610494e+00
1.941577165378366221e+00
1.661721235358057047e+00
1.831706154910973217e+00
1.704371634271177660e+00
1.787494249386804235e+00
1.451190354686130668e+00
1.846362980292895362e+00
1.810360070723871395e+00
1.697608171584467973e+00
1.770767304517636420e+00
1.693174013397493738e+00
1.651375709859395968e+00
1.532430234262884827e+00
1.547501787452208566e+00
1.394173383613856787e+00
1.360203587849294404e+00
1.384245477766105736e+00
1.130698185662750266e+00
1.374873210926002010e+00
1.540738185739931154e+00
1.983516729953667124e+00
1.854652359591371980e+00
1.491889111109029331e+00
1.271564381398984089e+00
1.430391846424191815e+00
1.526763693436334224e+00
1.932583221750681979e+00
2.109867492205723227e+00
2.434211252781949497e+00
2.230063172298060614e+00
2.215970926802327323e+00
2.202563842869234900e+00
2.236824297358976477e+00
1.806221249922272509e+00
1.810654912211051126e+00
1.920934905779464685e+00
1.780524339527222555e+00
1.768679766024640276e+00
1.854033292949061495e+00
1.832959832720238769e+00
1.680498923941251110e+00
1.615711550841590238e+00
1.710325515582348466e+00
1.836309560141042629e+00
1.986185401092537051e+00
2.048052366998951879e+00
1.787406891521366337e+00
1.525885077563628123e+00
1.761946214789622323e+00
1.476110052195355404e+00
1.503083126833804961e+00
1.524321162748835334e+00
1.696575999175948812e+00
1.608217931664792211e+00
1.767576450351741046e+00
1.695021884999792228e+00
1.852688359490980652e+00
2.071917475019831034e+00
2.006641663342865645e+00
1.895655086267582279e+00
2.002798265374537312e+00
2.459290897269443832e+00
2.379986112164532930e+00
1.943827073828778396e+00
2.123138024509438893e+00
2.076614746917451182e+00
1.659262600945376365e+00
1.297115287999895505e+00
1.233559134434976778e+00
1.419639548207982216e+00
1.373436942262851401e+00
1.907970470646942918e+00
1.935798164297382717e+00
1.946643202459138466e+00
1.948461560843447904e+00
1.968800220473039708e+00
2.140044282952984656e+00
1.889762744973238373e+00
1.399099500415975417e+00
1.540960657679257162e+00
1.863857029897554973e+00
2.070993195379249752e+00
1.909496644051552172e+00
1.951680511140926333e+00
2.071144426807996819e+00
2.106644061825916125e+00
1.890179962331731023e+00
2.043527967020324354e+00
2.119122986607553383e+00
1.826077639164271238e+00
1.978371149589714495e+00
1.601972606321620418e+00
2.159038364770686780e+00
2.176070651923483368e+00
2.372588835535783591e+00
1.933004832746034740e+00
1.861247574137452787e+00
1.839547507797046677e+00
1.936165703079303135e+00
2.078070833071564927e+00
1.592687336804010201e+00
1.536720618889275913e+00
1.696627954446452868e+00
1.762716969751167317e+00
2.191374559157753144e+00
2.162699490373573230e+00
1.762615478238484856e+00
1.914962651953432404e+00
1.967741703356062466e+00
1.861846531728058807e+00
1.610263565947851028e+00
1.602073906596383157e+00
1.760302388207709789e+00
1.714730379434612040e+00
1.870585473046737945e+00
1.229561771533171477e+00
1.681455265826959478e+00
1.610104755675823673e+00
1.368577800699747771e+00
1.333435271707047676e+00
1.678671554858865322e+00
1.626505534368259731e+00
1.384620528611015589e+00
1.779667093383370702e+00
1.339845842114130381e+00
1.091789301415756253e+00
1.032503614475012377e+00
1.071113476857489477e+00
1.392316746878198508e+00
1.464355828610960364e+00
1.754987409932333708e+00
1.701106363976659042e+00
1.434433793804689161e+00
1.956418338104511268e+00
2.159210083215099552e+00
2.398078141102007788e+00
2.362244650198036755e+00
2.250725613388665725e+00
2.084344195970862401e+00
1.940309371762573010e+00
2.077973223987634732e+00
2.118657319351262558e+00
2.001823822300808242e+00
1.832230392976299971e+00
1.909798925412205195e+00
2.374793759214966382e+00
2.179678033430259898e+00
1.714062729334266955e+00
1.259010605098744850e+00
1.581249068694760229e+00
1.704179589395980576e+00
2.139188076423154783e+00
2.104226278481710288e+00
2.064890714499155955e+00
2.356235276667220102e+00
1.955692442872077663e+00
2.266328364645800786e+00
2.091685600514741505e+00
1.355452446787431819e+00
1.176813842311293268e+00
1.228513408896025449e+00
1.240596909318374630e+00
1.441638467181996841e+00
1.384574645130371984e+00
1.193258652925011765e+00
1.371397680806157870e+00
1.154824279454094826e+00
1.592468630546322705e+00
1.475524110342887774e+00
1.988616670417534316e+00
1.429146405746948956e+00
1.146194444011898739e+00
1.125880529126221496e+00
1.082729414843626392e+00
1.489508591773529123e+00
1.629226150124932548e+00
2.072741849580799212e+00
2.099498598831448515e+00
1.674823612787237126e+00
1.610657795427188566e+00
1.900784259186139025e+00
1.808902639114796207e+00
1.983612119278016950e+00
1.804385221130119010e+00
1.663133913874077052e+00
1.885316511515904070e+00
1.853110629037515444e+00
1.766409696336004531e+00
1.495559190993666299e+00
1.752424583024121851e+00
1.316842370089546410e+00
1.356125558673998199e+00
1.328269363246619150e+00
9.434096468721959727e-01
9.852688991791300754e-01
1.047842593114530985e+00
1.263057906168595590e+00
1.223247946914180595e+00
1.363355913910331285e+00
1.903066561562755998e+00
1.971757376271856543e+00
1.860495020520514409e+00
1.741475679085229489e+00
1.568683587300122806e+00
1.301886712606288743e+00
1.422978144590596017e+00
1.407592523078121438e+00
1.567266163038823379e+00
1.847297940170584685e+00
1.951122743803203718e+00
2.034711503084500439e+00
1.891233837342235269e+00
1.853176301010649230e+00
1.900039483562787401e+00
1.412486070516221881e+00
1.696516488795441591e+00
1.788873015394325749e+00
2.136641885056828283e+00
2.047637943610255640e+00
1.908843083839677490e+00
1.799842620169219476e+00
1.457697368406288607e+00
1.494948036789081058e+00
1.376458595886864922e+00
1.392352271329490021e+00
1.701357275275752201e+00
1.423606520474564263e+00
1.247615101966802476e+00
1.321242861907107269e+00
1.370503763731653502e+00
1.036343319408491448e+00
1.165571169974456422e+00
1.263702917303943130e+00
1.560699370526557495e+00
1.233051974324880895e+00
1.556334684366865950e+00
1.707775190438162616e+00
1.925755638820801696e+00
1.709431521160591716e+00
1.896657840955199292e+00
1.751054127094504143e+00
1.711946551583155784e+00
1.546543399564693111e+00
1.661336645542551782e+00
1.386592698953638569e+00
1.518662397878724812e+00
1.698118563715890650e+00
2.084752913087495330e+00
1.445504150980489344e+00
1.344545065863996358e+00
1.284349712053024950e+00
1.421860796169793328e+00
1.398698299482607599e+00
1.754713444752513674e+00
2.012941967254705755e+00
2.160042523654459590e+00
2.068829674985551925e+00
2.082496498279704067e+00
1.854940980529360850e+00
2.339433164620257966e+00
1.907475313909893222e+00
1.953104468201926514e+00
2.115086969895176860e+00
2.136251086895402551e+00
1.727527963147992951e+00
1.623555668998738488e+00
1.773243637009986662e+00
1.804171175186557896e+00
2.077446864407274330e+00
1.686273419299922471e+00
1.559981383902264929e+00
1.624756032714123055e+00
1.786233751459655128e+00
2.018736805318728678e+00
1.978021875225674187e+00
1.964440837122582995e+00
1.725581733108309201e+00
1.487072306853125525e+00
1.822527581066945235e+00
1.721462757138779054e+00
2.132787900044059270e+00
1.699064588596006731e+00
1.820234047124809074e+00
1.224114959326380259e+00
1.147767566842765374e+00
1.233109492678294616e+00
1.065487151937634547e+00
1.116951234055325815e+00
1.176604167887433716e+00
1.412889967337124242e+00
1.422696753155835436e+00
1.345237687050267583e+00
1.328933754979863657e+00
1.422764447926286646e+00
1.719337305017982986e+00
1.794455528989248538e+00
1.946866709870702650e+00
1.723580123819553167e+00
1.342653986517141185e+00
1.552725381739621824e+00
1.224174918536156120e+00
1.369344570801262151e+00
1.239292168504698033e+00
1.370072311459233694e+00
1.440355557725104152e+00
1.362753923546067503e+00
1.764804693997452878e+00
1.938630491749755436e+00
1.834205441343826681e+00
1.916820552670833955e+00
1.633004122793966006e+00
1.384506745949485973e+00
1.366035280230637916e+00
1.465608934698726662e+00
1.316554173399785643e+00
1.417597450443364826e+00
1.561496223861092325e+00
1.406772104513364319e+00
1.393147868015364832e+00
1.492007483633446263e+00
1.511193465114863521e+00
1.507475776950545354e+00
1.329132783202675805e+00
1.452911436963080227e+00
1.359062476736192293e+00
1.216610615486313884e+00
1.450794225388357450e+00
1.297052515734199218e+00
1.280037624952103492e+00
1.030948742194934598e+00
1.087464446861384548e+00
1.204855573883358399e+00
1.356365146628603080e+00
1.181481002697482463e+00
1.277898337154308450e+00
1.590353716271641682e+00
1.637363324759305350e+00
1.319727282677686242e+00
1.227361066361881692e+00
1.319783385271164011e+00
1.507876089210160142e+00
1.388519141265957435e+00
1.553801687077241533e+00
1.822047322626837218e+00
1.607189029021458104e+00
1.727226940183134829e+00
1.411727200964038031e+00
1.397180329766387397e+00
1.283060127807343465e+00
1.340307258775693455e+00
1.108693110658023562e+00
1.375573231441347133e+00
1.322528112456190286e+00
1.389140824353431336e+00
1.204593667120372302e+00
1.531559871093219449e+00
1.333848221716857907e+00
1.649309705807109339e+00
1.587732681480804819e+00
1.608987459429645828e+00
1.823246665653999177e+00
2.008716545602474479e+00
1.842880559344621139e+00
1.948334401062445709e+00
1.823047510501060620e+00
1.457439825167815117e+00
1.657286078824410813e+00
1.944001456987478393e+00
1.602781192959428225e+00
1.301674624592399354e+00
1.543021393453011036e+00
1.289112328563195797e+00
1.661213344010586290e+00
1.464981537916497878e+00
1.719090567319367269e+00
1.443950246480329325e+00
1.557151900155209878e+00
1.564787085677588507e+00
1.804979629656005446e+00
1.388216585712109374e+00
1.419958551467668695e+00
1.449158304951424947e+00
1.567708856077511204e+00
1.844726584596917851e+00
1.910567790039539915e+00
1.462232413565314859e+00
1.652399684441421046e+00
1.532933509302435215e+00
1.355592685628193017e+00
1.295424565244567061e+00
1.505132603818117198e+00
1.651361869332930388e+00
1.463426255886627558e+00
1.507535808501118790e+00
1.134665401249865369e+00
1.077525043993940335e+00
1.040463990175953368e+00
1.272397368911313276e+00
1.417259931820660457e+00
1.434465870558195633e+00
1.633308031584404407e+00
1.427057664423645678e+00
1.474810728419192918e+00
1.134078417057234889e+00
1.430770124797298593e+00
1.657577165709113842e+00
2.100444677612040678e+00
2.187730132259614990e+00
2.100492420423678563e+00
1.715351699777659222e+00
1.469704506316226400e+00
1.607843470822005294e+00
1.167207156254880251e+00
1.358492540114761171e+00
1.168941767243148133e+00
1.237603350314218309e+00
1.051644499084870121e+00
1.014318232967989397e+00
1.093052459415469135e+00
1.341973472278186419e+00
1.582158394948551816e+00
1.238057600973756056e+00
1.083890510938705365e+00
9.885240823609340310e-01
1.219775726054453058e+00
1.416283589697304279e+00
1.487317176094838489e+00
1.402104032947844470e+00
1.286561378776449827e+00
1.365105371767996623e+00
1.340233476065169738e+00
1.261755691549850233e+00
1.447865634723596973e+00
1.605464248961918194e+00
1.570058973823106108e+00
1.503453625398946114e+00
1.650946686708605116e+00
1.354153955170076751e+00
1.415076177210518260e+00
1.757765870453128931e+00
1.801478584755553003e+00
2.024350728909779296e+00
2.070683781950180880e+00
1.651339198445340717e+00
1.975516596198435781e+00
2.378762838060109353e+00
2.420616079841723778e+00
2.092621805817584502e+00
2.202676880577608021e+00
1.796050429035560114e+00
1.545730963351608311e+00
1.487300016084399212e+00
1.146234503080696632e+00
1.286818110121534575e+00
1.423345857563089067e+00
1.368208169307504329e+00
9.941133680899995051e-01
1.258227348312843219e+00
1.030420773225125819e+00
1.530216426565161880e+00
1.697953184034478813e+00
1.225620386996796540e+00
1.563568565540583766e+00
1.171536340723327241e+00
1.424108420075992587e+00
1.778992770340986684e+00
1.699724227603346183e+00
1.519771802678745454e+00
1.873270234607098850e+00
1.607540086341169516e+00
1.515483057081252527e+00
2.014062928869934765e+00
1.955924551830757085e+00
2.373020288508640441e+00
2.076893126802806133e+00
2.339333876985002281e+00
2.087593519446028001e+00
2.079167065140800297e+00
1.877976155080567144e+00
1.751948609547429037e+00
1.588169627015947105e+00
1.619557989280138388e+00
1.735747780666518025e+00
1.539873790775233342e+00
1.781433391817596190e+00
1.658422574691083895e+00
1.299204291361403252e+00
1.738403909538509318e+00
1.649053027864276544e+00
1.988806781753621467e+00
1.948605185655917005e+00
2.023721785082446711e+00
1.921099928905694032e+00
1.577490057817971802e+00
1.512824705768139211e+00
1.386163068112300500e+00
1.385928577736116551e+00
1.414628751546606056e+00
1.436957204119106324e+00
1.419208220907250961e+00
1.269832981900478108e+00
1.731375048293498864e+00
1.664583804959486990e+00
1.469472948664134915e+00
1.863249693448413513e+00
1.467625170854944372e+00
1.768095065315502978e+00
2.149800440211430352e+00
2.042065663528579211e+00
1.654207150796288106e+00
1.654389259699099668e+00
1.628661046551896252e+00
1.444816417794539065e+00
1.701244850182997759e+00
1.788339044744626127e+00
1.828952828203458614e+00
1.802807994496995692e+00
1.848960605471235086e+00
2.146555837614152917e+00
2.078746181470344290e+00
1.836347974797840399e+00
1.869879043723856826e+00
2.083909195958911109e+00
1.639865695025151782e+00
1.671985426218849824e+00
1.408845278821553526e+00
1.357898165594191742e+00
1.526881610002537082e+00
1.591592669724323450e+00
1.546280784061656588e+00
1.455133038519317079e+00
1.761108374063265591e+00
1.709056273570132678e+00
1.627435339871876607e+00
1.778669398044893102e+00
1.575529130101573694e+00
1.653033974157998687e+00
1.448401086184803788e+00
1.605457452037195143e+00
1.660713841259231049e+00
1.353884530634569039e+00
1.876973739358004156e+00
1.802882592118163263e+00
1.674074312276816245e+00
2.039954940616483192e+00
2.141028681997458438e+00
2.176622829395064240e+00
1.964190934415415146e+00
2.223607783106456015e+00
2.274628732369536888e+00
2.705893579096430912e+00
1.876340752137433787e+00
2.158707328882468968e+00
1.468510368326505722e+00
1.017016594538515672e+00
1.260494518934509145e+00
1.585754669288841567e+00
1.637126434561944066e+00
1.861103866032738585e+00
2.087426913898180914e+00
1.885115939955297693e+00
1.759899810254264230e+00
2.315453908049192489e+00
1.954569540444428988e+00
1.814075529707586787e+00
1.720745947181964386e+00
1.511522286022533246e+00
1.342511355987574095e+00
1.253955337238420675e+00
1.113228351540686889e+00
1.241826617095422192e+00
1.189556849836400199e+00
1.237206610831857345e+00
1.325484998367047584e+00
1.553393457740622985e+00
1.456947292790172765e+00
2.069788749429357200e+00
2.023062141042222706e+00
1.971097601837205504e+00
1.970876541173969487e+00
1.593296930500872399e+00
1.453293249328456715e+00
1.276603231041711695e+00
1.456235064512363397e+00
1.458376165463148411e+00
1.473351375362214277e+00
1.376787126055625254e+00
1.153148939823296359e+00
1.303723624075635801e+00
1.557398070607556528e+00
1.513231720766546218e+00
1.453643943168268615e+00
1.306616214980993451e+00
1.795361302926633318e+00
1.612508952425586672e+00
1.331598736478266432e+00
1.684598649512609292e+00
1.192036855565283826e+00
1.192172364461698164e+00
1.222397713778017092e+00
1.302873531226694581e+00
1.234165331448315417e+00
1.654419066908893399e+00
1.881831668269194680e+00
1.647454628964661882e+00
1.776341820494633517e+00
1.698946733015188393e+00
1.754369977626264010e+00
1.965639499797293910e+00
2.104729539915276781e+00
2.234273805315364569e+00
2.161817737271741979e+00
1.689970796147887144e+00
1.747069197927037854e+00
1.574503708122384937e+00
1.707019170728525159e+00
1.812806215904207541e+00
2.055654400067693732e+00
2.466793204189327682e+00
2.591570177241283801e+00
2.288201977692535305e+00
2.210147648879288607e+00
2.018705706178975934e+00
2.025284022855305732e+00
1.634109234340572092e+00
1.615497642353033392e+00
2.103451262544258515e+00
2.206811230954503156e+00
1.848023271472514883e+00
1.877491117505596385e+00
1.796494528382778899e+00
1.867239516352463102e+00
1.906656998292462823e+00
1.929202429376163597e+00
2.154262294371631636e+00
2.393783386981182204e+00
1.984146584733896379e+00
2.330232700575084248e+00
2.191784469296218063e+00
2.030633158264278482e+00
1.908882011005597734e+00
1.885870888149758562e+00
1.529450668590306428e+00
1.408295079157331875e+00
1.415119311542486047e+00
1.441710196416094325e+00
1.500974630004013211e+00
1.751330776483523755e+00
1.493435844051532069e+00
1.627924026826495396e+00
1.729612785662407504e+00
1.582478230509527961e+00
1.864838046028377327e+00
1.723478608695435454e+00
1.463655488617677580e+00
1.584323444584435414e+00
1.218131719432870463e+00
1.159503926312320132e+00
1.054707601977305398e+00
1.261629973399349236e+00
1.477832544328318676e+00
1.772289619698816043e+00
1.661961912810671738e+00
1.795128004352577022e+00
1.511319181523125055e+00
1.715590411772856205e+00
1.235240212128627002e+00
1.370176737986618987e+00
1.177548366854475281e+00
1.043318027507513790e+00
1.038786216392063588e+00
1.137945206556320477e+00
1.221164727822417140e+00
1.306417667028344498e+00
1.232591913302034436e+00
1.612226343540842599e+00
1.652914088182650731e+00
1.564604450776283739e+00
1.498528203799611047e+00
1.511678697220337764e+00
1.659559182627595497e+00
1.393888000971551522e+00
1.457641342343610980e+00
1.451435882285367240e+00
1.401904699774413343e+00
1.328726101583036501e+00
1.417212532943640468e+00
1.723294112010794521e+00
1.548732896210707422e+00
1.358346651835223406e+00
1.701841254698689188e+00
1.742966529684427446e+00
1.240142947140698171e+00
1.065806956873631028e+00
1.270758939892139061e+00
1.612782643464435672e+00
1.639943098547208766e+00
1.443747416199338662e+00
1.612711005221474370e+00
1.782627812642386678e+00
2.025258399360386985e+00
2.233618802127620651e+00
2.018844045102226481e+00
1.949535157684005426e+00
1.921465468106857477e+00
1.867028794211982534e+00
1.568520529325133861e+00
1.832096647758185703e+00
1.934585623222788930e+00
1.557079011633238252e+00
2.022258480696007776e+00
1.964140487339475216e+00
2.049026910912952637e+00
2.336720121915194515e+00
2.451231168069841093e+00
2.185363675073383583e+00
1.975100387834908267e+00
1.478835972943564503e+00
1.332051784637341196e+00
1.704944330360936622e+00
1.698221430480806760e+00
1.363911385418580480e+00
1.120152147784160279e+00
1.043035732005333394e+00
9.936138048604622464e-01
1.391065035810646000e+00
1.308427421559631432e+00
1.143181386303399938e+00
1.504359621916639300e+00
1.354743384640596293e+00
1.734034410583371599e+00
1.765285480638273841e+00
1.563399074656208754e+00
1.523569094144643588e+00
1.669192513130080435e+00
1.271893320483129752e+00
1.239685498945595654e+00
1.207517680642235858e+00
1.242002959841393306e+00
1.494230203800033907e+00
1.323226564131863681e+00
1.216875377029573935e+00
1.784128176945745770e+00
1.931232618664991740e+00
2.427906729757186355e+00
1.926628671657153236e+00
2.335512672830362124e+00
2.047889287153896731e+00
1.871891618306105620e+00
2.004455371669024100e+00
1.803526913942309795e+00
1.506998216616422415e+00
1.664453193652490448e+00
2.121651791494848727e+00
1.630790393275945327e+00
1.855374607246371044e+00
2.005937190385231883e+00
1.552049763006042360e+00
1.800726465391567777e+00
1.855668908314612287e+00
1.865310841925827079e+00
1.980006130434481593e+00
1.901169517694317967e+00
2.007502889862117001e+00
1.914054665428264190e+00
2.076211328303269710e+00
1.943069349762401421e+00
1.662502441959986088e+00
1.768086299434074693e+00
1.758938697649103267e+00
1.859346120660064772e+00
1.792840768973657850e+00
1.439291716426664314e+00
1.555187885950137794e+00
1.534594892906571140e+00
1.608488306513790933e+00
1.640547489694679228e+00
1.451989115205913894e+00
1.245827021055349704e+00
1.593383376731898560e+00
1.396305223316954169e+00
1.728454856866483924e+00
1.469347545223747886e+00
1.538461794771045055e+00
1.679628570687153433e+00
1.864469139300406697e+00
1.892440058092164312e+00
1.932915805037402013e+00
1.651158579982761498e+00
1.521045084331808184e+00
1.061428633131368260e+00
1.220307322911557968e+00
1.307271728579947112e+00
1.253945883891045110e+00
1.487754644477312649e+00
1.906381890340868246e+00
2.045943857800079257e+00
1.813017273185117961e+00
2.091238538938377634e+00
2.034825799035981042e+00
2.431857265506263133e+00
2.234179902004676421e+00
1.915849342471704908e+00
1.719809479561569265e+00
1.468907974308149234e+00
1.321667428414928791e+00
1.595552049154142393e+00
1.269260994800905262e+00
1.541475407692158184e+00
1.832555372292733908e+00
1.946760990796781776e+00
1.741923281087974118e+00
1.997408990165454146e+00
1.951861801199985980e+00
1.954756955410424046e+00
2.313065280184940509e+00
2.551478535574462025e+00
2.447542252894475023e+00
2.157726947669905915e+00
1.969504934017526354e+00
1.843608837800487343e+00
1.951423141793612759e+00
1.733051369254322127e+00
1.814315811486085339e+00
1.973989814726405445e+00
1.710129065483415589e+00
1.857026001069980170e+00
2.196490196379759841e+00
1.834399328450942779e+00
1.762715514886476376e+00
2.026591797424735830e+00
2.153032178819259013e+00
2.274479495391159567e+00
2.157436970480950844e+00
1.846223265485709142e+00
1.415207430678057543e+00
1.754306296245608188e+00
1.327342212203597827e+00
1.266683595717055466e+00
1.724380697693987052e+00
1.551571243057370264e+00
1.525688465939173399e+00
1.475857265712397615e+00
1.446641315795211602e+00
1.428642341956572359e+00
1.730583599365988823e+00
1.791002905213184837e+00
1.938958785211915004e+00
1.453615739322897005e+00
1.373226181557390513e+00
1.344510522611058745e+00
1.409608058687833676e+00
1.635863903999595692e+00
1.854959238342320793e+00
2.025746618470454230e+00
1.256987659146147074e+00
1.610933548135504711e+00
1.742946257677314037e+00
2.353783957476151656e+00
1.921821428453899250e+00
1.808698453990468025e+00
1.760775557279926851e+00
1.947690781358784706e+00
1.806089490604190662e+00
1.655113885848560784e+00
1.896101349174917239e+00
1.750099796332135416e+00
1.856946436126101219e+00
1.933702105644893754e+00
1.737588888213712712e+00
1.597112351347404147e+00
1.816689330201500141e+00
1.356709966240592813e+00
1.271303335202871310e+00
1.091264313012869414e+00
1.288725966359061559e+00
1.384791900519218633e+00
1.421821033823513103e+00
1.188199522602448210e+00
1.138611945931958802e+00
1.366311586124776767e+00
1.337527353255451246e+00
1.078011416852721061e+00
1.240475501596273400e+00
1.652755406816410089e+00
2.419982857684289002e+00
1.889022690571388274e+00
1.818602214992034227e+00
1.636736343632063440e+00
1.584283835432634291e+00
1.595587545380909411e+00
1.909814120952667116e+00
1.880062060927089718e+00
1.791189736346675776e+00
1.757544779517969280e+00
1.801620290887751441e+00
1.690991086028046597e+00
2.098193734623569284e+00
1.600683291059802560e+00
1.553657910803452502e+00
1.481680945665583060e+00
1.106893120117723006e+00
1.207210506249499327e+00
1.439717824272818136e+00
1.220489005727782628e+00
1.427635094343079558e+00
1.357282009452448479e+00
1.632056052799208068e+00
2.000341825496178227e+00
1.856084043298491526e+00
1.573175354160568196e+00
1.476354338226519403e+00
1.759033165313937275e+00
1.625169467030614712e+00
1.414693568650476463e+00
1.530215188752833022e+00
1.291935171338408184e+00
1.305818052577351063e+00
1.209489094699175205e+00
1.404939043900006457e+00
1.220133899024402391e+00
1.252985198216666429e+00
1.160246831237368159e+00
1.405421189537814364e+00
1.420697168696640755e+00
1.557766899234502622e+00
1.595992777892077497e+00
1.927598067545400085e+00
1.691929016590223434e+00
2.318859334709212128e+00
1.904762551838812046e+00
1.501961759930185325e+00
1.685482665817696901e+00
1.628548537350396508e+00
1.475921049001787555e+00
1.348240665807688199e+00
1.665749639188487397e+00
1.291522671712377779e+00
1.519582654683009570e+00
2.016509019930282864e+00
1.968576323743888468e+00
2.261903592784262340e+00
2.130277129883443976e+00
1.587933215169214485e+00
1.993427268037097910e+00
1.933546605986779632e+00
2.255711971960452367e+00
2.230020060879842170e+00
2.148002613667419070e+00
2.361408211624231424e+00
1.960933665555997241e+00
2.046270824934037780e+00
1.844979105316830958e+00
1.346078171509473176e+00
1.279626685129387154e+00
1.279584160511831881e+00
1.754617372823376487e+00
2.003605674221007771e+00
1.531152329800726797e+00
1.874623030689620551e+00
1.662807958909148454e+00
1.624514329626739695e+00
1.820243510654781849e+00
1.703506084361102069e+00
1.698882696300420214e+00
1.672722590654825980e+00
2.011085457701024204e+00
1.953884192526287311e+00
1.806702711731089650e+00
2.378566064326714802e+00
1.767119697975751080e+00
2.044549951896609929e+00
2.086004450700649659e+00
1.973394812148578925e+00
1.580887352761198628e+00
2.170539906880926129e+00
2.502597696109453818e+00
2.228048927305639193e+00
2.244095616858412967e+00
2.184414978571329158e+00
2.178325852564256593e+00
1.479979302621963200e+00
1.332634004284564355e+00
1.407295603852739552e+00
1.739864109057960739e+00
1.694388668445265811e+00
1.446811517242971634e+00
1.116239752736015056e+00
1.530954190871225862e+00
1.386726079032504444e+00
1.458804499228332219e+00
1.417986677970409115e+00
1.650002811128791436e+00
1.549567654986559795e+00
1.526622730222056079e+00
1.568571857243336254e+00
1.613830512105127957e+00
1.307503472323757299e+00
1.494755831749009056e+00
1.161736395677284817e+00
1.437804521296145666e+00
1.630148396351154716e+00
1.400998074392813209e+00
1.562026974344101982e+00
1.619494293306203536e+00
1.719948801513850656e+00
2.327952821504824854e+00
2.287002451656354296e+00
1.830377428406726459e+00
1.665048521483648347e+00
1.805381788191346759e+00
1.689420851234116228e+00
1.908694576736391646e+00
1.827759678346637218e+00
1.566625265949538770e+00
2.284563013909870488e+00
2.159017100963257274e+00
1.657554533223045468e+00
1.436608803119496569e+00
1.507089618645826690e+00
1.527431450697763538e+00
1.585816439414791557e+00
1.585093292998173808e+00
1.933417787202849514e+00
1.757391909608395864e+00
1.821850700167565229e+00
1.782671135399176210e+00
1.476381141838544631e+00
1.620940559861830721e+00
1.635731430199292680e+00
1.607907479747193946e+00
1.502315724616258175e+00
1.512970079696832393e+00
1.807380562052311568e+00
1.521521986539365656e+00
1.684709464019819691e+00
1.232852220625602513e+00
1.183187929088684198e+00
1.209288082553089172e+00
1.250954512140560970e+00
1.399816995437670242e+00
1.506286943443242876e+00
1.596947194166709494e+00
1.855375384157485374e+00
1.947252625508731683e+00
1.894666756431168553e+00
2.046471488086592849e+00
1.532839205925164539e+00
1.700013810097969147e+00
1.503753644353056806e+00
1.604993626415982533e+00
1.672428677551838438e+00
1.496525588740074575e+00
1.972853150930858668e+00
2.108747251695524128e+00
2.216048900916834707e+00
1.968280362308022280e+00
1.983759861328952656e+00
1.557051697427876524e+00
1.895965790911696702e+00
2.554747710256078719e+00
2.254839132220791686e+00
1.933448113910072097e+00
1.535819187823244780e+00
1.439699774907762020e+00
1.433679687846678874e+00
1.240101667577333755e+00
1.067194329548384335e+00
1.127940769424742973e+00
1.235474529315785830e+00
1.058895443893986155e+00
1.153536932200843745e+00
9.963272657124321308e-01
1.308079037898360220e+00
1.067776489322599165e+00
1.188932096898738466e+00
1.118929442643909367e+00
1.131291185041419345e+00
1.373395502593692141e+00
1.434237486769632142e+00
1.497851975489039811e+00
1.079811660085792102e+00
1.152407262193773541e+00
1.155547361408986395e+00
1.216318317242490288e+00
1.356084488457674819e+00
1.203117894357775608e+00
1.157518556167239865e+00
1.292445331949241272e+00
1.440278195292534313e+00
1.438535018839129487e+00
1.565143021534166401e+00
1.763083011726886973e+00
1.388701017775845203e+00
1.093103461452946012e+00
1.033452777682402957e+00
1.637238349958060057e+00
1.406184554254793717e+00
1.510229779741209644e+00
1.485283179385816332e+00
1.624286577972251067e+00
1.879108676377992726e+00
2.117647434185935484e+00
1.525386707052065249e+00
1.353043880002319010e+00
1.400029477460463800e+00
1.208499690592374609e+00
1.272017671379487513e+00
1.428614451395645801e+00
1.562625795401274109e+00
1.472993333463866739e+00
1.608312187858611075e+00
1.311607078523056691e+00
1.443429333549404836e+00
1.659318845566111866e+00
1.301715724140842578e+00
1.014173175170553831e+00
1.361772525249284049e+00
1.615153774639814133e+00
1.409613728486184270e+00
1.200285778289653882e+00
1.279525524323052998e+00
1.560945658769750333e+00
1.625671381148370731e+00
1.165122073445505668e+00
1.144707412096352739e+00
1.310309683903128741e+00
1.254208949003201345e+00
1.139409280566366922e+00
1.366452582522417192e+00
1.451974877825353616e+00
1.316954643980002393e+00
1.395765760277642098e+00
1.530174713489987015e+00
1.687114376501334334e+00
1.513853261120491789e+00
1.339726483854734918e+00
1.284853964952687555e+00
1.429349290716094067e+00
1.765164109341891718e+00
1.466396432239044145e+00
1.820734973869725382e+00
1.410121955985624176e+00
1.212389356558619902e+00
1.143056479394109592e+00
1.118696501160431511e+00
1.367867439185018075e+00
1.315896903462402401e+00
1.306683521128238379e+00
1.326891640915589088e+00
1.694584784028540403e+00
1.976659608816246028e+00
1.851791969487553535e+00
1.527288967991410118e+00
1.454706231664948834e+00
1.782321989784659610e+00
1.425035308142668988e+00
1.187386900498718978e+00
1.093171096969585809e+00
1.079154298620891295e+00
1.432377845696237051e+00
1.221945010737440329e+00
1.289194421842125626e+00
1.340668348006311961e+00
1.312652759884391340e+00
1.574653344426980794e+00
2.141501323922408773e+00
2.095986524759612113e+00
2.328682560233762633e+00
1.603980644793054466e+00
1.497019816895262423e+00
1.824520452230431689e+00
1.680103436849269549e+00
1.649911636696947070e+00
1.956860148219602635e+00
2.496157779207695881e+00
2.550775665008402360e+00
2.353906110812999497e+00
2.545214153024379478e+00
2.233601224349628378e+00
2.273851882745790309e+00
2.130193741016993325e+00
1.715317739742529213e+00
2.144992912222719372e+00
1.730964599830218553e+00
1.193992287794068297e+00
1.063331056672753405e+00
1.371823092054651916e+00
1.301094638213941224e+00
1.283921819783675700e+00
1.423270523722214298e+00
1.597360174490465523e+00
1.941799945013232609e+00
1.710697789019830495e+00
1.618763831381190288e+00
1.477351262589267300e+00
1.360050522575660281e+00
1.454166356469863475e+00
1.604675102221112315e+00
1.932235310798276151e+00
2.424893178424472495e+00
1.988722523719935076e+00
2.050338767232746662e+00
1.920958179272600264e+00
2.157236121442672072e+00
2.190056910700236337e+00
1.910263018996765316e+00
1.973127996052214783e+00
1.754555812920990832e+00
1.786236380442379534e+00
1.777073578794489350e+00
2.050678496968173281e+00
1.867023655518796232e+00
1.767616053963406930e+00
1.577387857827905915e+00
1.651497594834998583e+00
1.796769051999481892e+00
1.798932376576801495e+00
1.907406871382652191e+00
2.294146659659041187e+00
2.373209116090810422e+00
2.625709090151384206e+00
2.171935355303962645e+00
1.852336037492869458e+00
1.166565158518158674e+00
1.334715212027101749e+00
1.525001908992926314e+00
1.228780998222285925e+00
1.406821664548612905e+00
1.250493687047393720e+00
1.007501887241221361e+00
1.224683247377755357e+00
1.329037029250102142e+00
1.189350315588605600e+00
1.357785550598054725e+00
1.442698725555138894e+00
1.685573516453148457e+00
1.563726993750859329e+00
1.205781894734134996e+00
1.668332148420411443e+00
2.024227672119829347e+00
2.194037672498222680e+00
2.243356051478051949e+00
2.197115103066614505e+00
2.107846764339478707e+00
1.870422698854601551e+00
1.696901298118162149e+00
1.759621216724701842e+00
1.804696198229836845e+00
2.014213308670092850e+00
1.873786609923648872e+00
2.010343798525023651e+00
1.899396816833950341e+00
1.373937632852715085e+00
1.048043388597215353e+00
1.123783186303228154e+00
1.432734988368964846e+00
1.483497482517184496e+00
1.504004786602113564e+00
1.481813663348287236e+00
1.834029005051337924e+00
1.669230145077931216e+00
1.346811942616129354e+00
1.293938324676759066e+00
1.595799657661710391e+00
1.240579634839583223e+00
1.585404238618863371e+00
1.390665149023240232e+00
2.112765194290527226e+00
2.177340752517169076e+00
2.256895032527508338e+00
2.035528361807196429e+00
2.130781090993774995e+00
2.139679638575704868e+00
1.892039831197047439e+00
1.520328506538100033e+00
1.677376448433685940e+00
2.273535228818351683e+00
2.254018400350534801e+00
1.868169287021739455e+00
1.382321538196478627e+00
1.458782286376560267e+00
1.509376914470417219e+00
1.401851922768958758e+00
1.087212596596211389e+00
1.127274346495599211e+00
1.135812029235539589e+00
1.258834224923239375e+00
1.079512400153364249e+00
1.285785569903595160e+00
1.403010045407793172e+00
1.218716357822776875e+00
1.642599447834127480e+00
1.296990826989986356e+00
1.226518729008148512e+00
1.199365308481019410e+00
1.126474346277696048e+00
1.195370404521589380e+00
1.296754334922939123e+00
1.200205955620643472e+00
1.013652438993572380e+00
1.068305378962660868e+00
1.468870928742030957e+00
1.340789352696888370e+00
1.378052215492934440e+00
1.411435169265174316e+00
1.325893276202449345e+00
1.307019797746472589e+00
1.196126146962259051e+00
1.125829831331096154e+00
1.409115911784205366e+00
1.625483220257289307e+00
1.486943500563329135e+00
1.613320288395879265e+00
1.957612994781507965e+00
1.686288571038381257e+00
1.820939797074397903e+00
1.830247793567098213e+00
1.382068339270649426e+00
1.380412528285770435e+00
1.391372132143168017e+00
1.526686567357272262e+00
1.663170746762978602e+00
1.493186049059408882e+00
1.459129387647130516e+00
1.670217606229000396e+00
1.498760251246206376e+00
1.366802516720594607e+00
1.918408721014694507e+00
1.626361971912167137e+00
1.825381205454861933e+00
2.091438985647684046e+00
1.790849360211184793e+00
1.302664346276493745e+00
1.597049910727147859e+00
1.521633400812490544e+00
1.784628503366652019e+00
1.744105170930631665e+00
1.570877332344013055e+00
1.443509783050386908e+00
1.570089068863225856e+00
1.570421969530107820e+00
1.536170343016977968e+00
1.366205258133816436e+00
1.310659254122631623e+00
1.372134904301562264e+00
1.398129993867542442e+00
1.363565605153225668e+00
1.527821744368216050e+00
1.669873565747023170e+00
1.446952000756284828e+00
1.150569498183636075e+00
1.082312120520763976e+00
1.010980474782655625e+00
1.070649776287372346e+00
1.468598096012951437e+00
1.789703463584799925e+00
2.000991567207615507e+00
1.529035983751078076e+00
1.104903839035281221e+00
1.138392423066604708e+00
1.300176194962460396e+00
1.560913481813427595e+00
1.763138093772207871e+00
1.692936692030749146e+00
1.453501914805025663e+00
1.908930473954294049e+00
1.925267048913486212e+00
1.702097805446958212e+00
1.710145022837769702e+00
1.738113603876920044e+00
2.098948371404480984e+00
2.042119119294602214e+00
1.795544173807424926e+00
1.650657713719468012e+00
1.296389182127683171e+00
1.005242184211412315e+00
1.008296714253477999e+00
1.153510103728571545e+00
1.086179631856333261e+00
9.800531167132577881e-01
1.246578813857012857e+00
1.306650167857436928e+00
1.544236340051255096e+00
1.289402497436487716e+00
1.255907983538479433e+00
1.551381115408184463e+00
1.394224292975490886e+00
1.678008021169708819e+00
1.634303752712017443e+00
1.201801400905855521e+00
1.630591000841438820e+00
1.402076018593896078e+00
1.315957378079827267e+00
1.388403187898164637e+00
1.761369718707050058e+00
1.568694749856546666e+00
1.707031783694325400e+00
1.813222468920425712e+00
2.305542565713678993e+00
1.780544503770888909e+00
1.686382921120137546e+00
1.890249445805117334e+00
2.261947360828514331e+00
2.495576482087575432e+00
2.336254586176468973e+00
2.649020456239151056e+00
2.519849010328723438e+00
1.598567876900278906e+00
1.893495428550989734e+00
2.222386589682898261e+00
1.941879406817708986e+00
1.744972563722463565e+00
1.619400188209897840e+00
1.668787533622633878e+00
1.369959950489779255e+00
1.165338511614559591e+00
1.211364283857404800e+00
1.510447594223068402e+00
1.432849099752290023e+00
1.219557988094956968e+00
1.369531329131451036e+00
1.227390464026863359e+00
1.335608003741261429e+00
1.375518395452623555e+00
1.526263137666089342e+00
1.588407768634029660e+00
1.372124866291072998e+00
1.316936009974804200e+00
1.522170736257423496e+00
1.502160999303288946e+00
1.472512407106688404e+00
1.314190001481334580e+00
1.632776464983722420e+00
1.259787231903921612e+00
1.179627114731324644e+00
1.219383102494288273e+00
1.442865630032960311e+00
1.538128990146867103e+00
1.676098980710928110e+00
1.289641752556586862e+00
1.179414060659750518e+00
1.271211474412494713e+00
1.639598948198807138e+00
1.234645935102921532e+00
1.271471810117746459e+00
1.606965495682509015e+00
1.417277483834316065e+00
1.657595163916895320e+00
1.595972605289599500e+00
1.613294288141135402e+00
1.512449262759076873e+00
1.795362849761365842e+00
1.971862638836539450e+00
2.056732095979396657e+00
1.957832360083312073e+00
1.666702307286052065e+00
2.119243499446985091e+00
1.701727555013737403e+00
1.979316726900739898e+00
1.944248419756028357e+00
1.627621292812366782e+00
1.423041322875621573e+00
1.388289679187559411e+00
1.406138223564519674e+00
1.678823891126055790e+00
1.664357213239251898e+00
1.699255163169266503e+00
1.844792482863968353e+00
2.041964085566583265e+00
1.883282404016517253e+00
1.936603295763329458e+00
2.072782802037951289e+00
1.523171653465643205e+00
1.310449319173593530e+00
1.106283618530637725e+00
1.355867036603275677e+00
1.711854175718129811e+00
1.537186097333327117e+00
1.462255592623721068e+00
1.298561596087837833e+00
1.195535594705538385e+00
1.197130035188117558e+00
1.285962946887010183e+00
1.827390495017429561e+00
1.767142377755207328e+00
1.885127087470597651e+00
2.202173780571393014e+00
1.990856193037214172e+00
1.661925150397430606e+00
1.415639456251381434e+00
1.247110013231783610e+00
1.578419608410112973e+00
1.754305408676192446e+00
1.481466653288975088e+00
1.560756674595497495e+00
1.775886023623527210e+00
1.555145616946009612e+00
1.535378501577290944e+00
1.079374753961207301e+00
1.359665076491349822e+00
1.255753303481323968e+00
1.317785788269152825e+00
2.061269189690655423e+00
2.345767112496905948e+00
2.166617956979938420e+00
2.053004810633481281e+00
1.594200633321239291e+00
1.759746486477687943e+00
1.745514127743765576e+00
1.459911960908090833e+00
1.399908140808065138e+00
1.338733435298232521e+00
1.391728801148434336e+00
1.554225266996128729e+00
1.643302208060052116e+00
1.811403224050901928e+00
1.610950495050027520e+00
1.493552556059724923e+00
1.562973918263616868e+00
1.436247435086156266e+00
1.459628690601110890e+00
1.443766928941608185e+00
1.468613281545894544e+00
1.196356123474885180e+00
1.214486432378320657e+00
1.628396968993550686e+00
1.804808069430624107e+00
1.415635747296130509e+00
1.540927666126649109e+00
1.567791910685785606e+00
1.351344248829781103e+00
1.360193256579476984e+00
1.551823899576329158e+00
2.113496457582022980e+00
2.137825416209607088e+00
1.887545871764269023e+00
1.627516826758165225e+00
1.917453708042596183e+00
1.506808441535271381e+00
1.584398718721466759e+00
1.476349246792218128e+00
1.362170172606549379e+00
1.786127657234697352e+00
1.807799835070804662e+00
1.524460392665222264e+00
2.010408213636751817e+00
1.838882338240670267e+00
1.942071317947356324e+00
1.446759146056310730e+00
1.327599273823204751e+00
1.581317836507851737e+00
1.464624869239669280e+00
1.877277680387241521e+00
1.723840042931246819e+00
2.160349312113148290e+00
2.206482750560079253e+00
1.977594885231030775e+00
1.715410061043247669e+00
1.598295221640896102e+00
1.703272364250921100e+00
1.240038015532846094e+00
1.383976848052569375e+00
1.421223781360860805e+00
1.298694554959202163e+00
1.259710996899795710e+00
1.291763901220007504e+00
1.316639567116085985e+00
1.243393033605911357e+00
1.269511197214331588e+00
1.296969851628527959e+00
1.252657348713694052e+00
1.133973906640690421e+00
1.070170477884486937e+00
1.336983338051191739e+00
1.463998206148578562e+00
1.243415985321230544e+00
1.087982825873849757e+00
1.349817159255893184e+00
1.235713752427529677e+00
1.373816312509761772e+00
1.446788595398695199e+00
1.555965577241374520e+00
1.442950745457277861e+00
1.622242859334910081e+00
1.432113214246102828e+00
1.482947294008036820e+00
1.598375897840653925e+00
1.591512868717160911e+00
1.556673448605858878e+00
1.569841073548137178e+00
1.760068977583578054e+00
1.501559155629690334e+00
1.785989300660868029e+00
1.871414059781407957e+00
1.610008546500152349e+00
1.362527862871670603e+00
1.455891261454812735e+00
1.969392832015260497e+00
2.256157697790984518e+00
1.553474702837307930e+00
1.456275796080336971e+00
1.419717714045187096e+00
1.225855164305562628e+00
1.648280706282413632e+00
1.497072976783535792e+00
1.357602563657644534e+00
1.559228456930714657e+00
1.763095193292332441e+00
1.519446527675484049e+00
1.895300954208120281e+00
1.746753525792831496e+00
1.892684547165172759e+00
2.124964282679849603e+00
2.096564220985509763e+00
1.983220701147111242e+00
1.961738269917268740e+00
2.259936646894972423e+00
2.489251158121298158e+00
2.002266784176886638e+00
1.808050367099719002e+00
1.960514346987256351e+00
2.170821626811093363e+00
1.828491254543741285e+00
1.909409570764359687e+00
1.698782127982816803e+00
1.791808071230855948e+00
1.551335235504729404e+00
2.005412342880767085e+00
1.972961956677337758e+00
1.873729556506185778e+00
1.273578228910342336e+00
1.330208088578134662e+00
1.272385269765600624e+00
1.307485347529736330e+00
1.106634125767627985e+00
1.381321072715003373e+00
1.572633708158363675e+00
1.630511551279962390e+00
1.528111981693947463e+00
1.601460318134294569e+00
1.785751619548820557e+00
1.347688543932601846e+00
1.428314192475666378e+00
1.672084919537699665e+00
1.852855429801937293e+00
1.474940991531927148e+00
1.689541566123060612e+00
1.623541595971012441e+00
2.021072716197659602e+00
2.083104290557677096e+00
2.068880363768428321e+00
2.227154254448874493e+00
1.864381407396260348e+00
1.952590609629432539e+00
1.813239088818125344e+00
1.325568095958816084e+00
1.744821294718077453e+00
1.367607722013232774e+00
1.647405915949376354e+00
1.747408779726398409e+00
1.933001035971543935e+00
1.938017782569640080e+00
2.001293876955316797e+00
2.041881753086323581e+00
2.034828052763472339e+00
1.753686730446224251e+00
1.677605871927170700e+00
1.649790880907143986e+00
1.579882819586422293e+00
1.126102317092434024e+00
1.443019513941910636e+00
1.325583347798406253e+00
1.515797227575889305e+00
1.228757809491279218e+00
1.533690228448185700e+00
1.652074366178559961e+00
1.565323094504283752e+00
1.280688984042661849e+00
1.132040245661160016e+00
1.217013980247592109e+00
1.368033151334214104e+00
1.196434062686003053e+00
1.450798645867985348e+00
1.484128061617827843e+00
1.430620146038106943e+00
1.989805180081285263e+00
2.296353638389392327e+00
2.217989208448373883e+00
1.788850973617070794e+00
1.627715525609688463e+00
1.289439889391690297e+00
1.563856645209239282e+00
1.547323942145946596e+00
1.590502398886917357e+00
1.109937412390958889e+00
1.313033852934549106e+00
1.844940946412879645e+00
1.706753708057191510e+00
1.436140346228949038e+00
1.261441919820977642e+00
1.242042412503590265e+00
1.494421098890053479e+00
1.266865650537811749e+00
1.326866651801333008e+00
1.621101996236510745e+00
1.637334368666744755e+00
1.623101334912379734e+00
1.696617812138542680e+00
1.481636590635740269e+00
1.526423366084864952e+00
1.404226388143000381e+00
1.153652387981101590e+00
9.303288986457394216e-01
1.022384590676136851e+00
1.469133608684308534e+00
1.368076010197231795e+00
1.222338035936403111e+00
1.931324323842806168e+00
2.198846415159632972e+00
1.884668798364571574e+00
1.741588247367754638e+00
2.027882347998966939e+00
1.757652707861127261e+00
1.992778862013198982e+00
2.059722468857008604e+00
1.934657810198610495e+00
1.885251358634462804e+00
1.871984904621367241e+00
1.975016953388622376e+00
2.110307216431285937e+00
1.632021380979840730e+00
1.600482245451912977e+00
1.436776026575323328e+00
1.643544152421383631e+00
1.780988628635552296e+00
1.597853261002842196e+00
1.252411879348270141e+00
1.387479977636159489e+00
1.377520466746529948e+00
1.558602761707210460e+00
1.829792173175496472e+00
1.756030256651979871e+00
1.603206899283900810e+00
1.982755559482906271e+00
1.896839274544402931e+00
2.089199194371199386e+00
2.022701629318734984e+00
1.955638888804171804e+00
2.118560926369698283e+00
2.104135965889664561e+00
2.275885407699062224e+00
2.242210942147102148e+00
1.835783427936663603e+00
2.005560197633658337e+00
2.008751644313908624e+00
1.948682588125983273e+00
1.771856130773039384e+00
2.234719055316391145e+00
2.412311278208711052e+00
1.945056301465848181e+00
1.986778654778596831e+00
1.394903996989901307e+00
1.427586694442364745e+00
1.233172115122006529e+00
1.636893577459758609e+00
1.583014553417161130e+00
1.902752533793893086e+00
1.939906313216381184e+00
2.027129565110846521e+00
1.942253529484836427e+00
1.977917040132726179e+00
1.921825326097733599e+00
1.963109317145783850e+00
1.843656706781296784e+00
2.054612436581652268e+00
1.917835257632869883e+00
1.785277352806988294e+00
1.746412958234427215e+00
1.314816640517051605e+00
1.705445943157124944e+00
1.787597168671789305e+00
1.962975819867765370e+00
1.699886976957727613e+00
1.860803066695860597e+00
2.142467328676078697e+00
1.491229657535921849e+00
1.613286394575760285e+00
1.849311931990706981e+00
1.870560473063858087e+00
1.762875082938473170e+00
1.876769318177790247e+00
1.660491703284551424e+00
1.605147514527213604e+00
1.663517741252642068e+00
1.558572254697268455e+00
1.088878414950426032e+00
1.463475544760711067e+00
1.362783755690335052e+00
1.950400883378688111e+00
1.623194317763489991e+00
1.410869499585085673e+00
1.461261416583408135e+00
1.837391190662533091e+00
1.852942736824988224e+00
1.597504893500035550e+00
1.856141160306745919e+00
1.667293109791575523e+00
1.508674911447106970e+00
1.636103177144430321e+00
1.552257976131449890e+00
1.898340120172370193e+00
1.711150412779325336e+00
1.698436586400460691e+00
1.397466106447492251e+00
1.179210286666988461e+00
1.285593044941092167e+00
1.387145535747058567e+00
1.673347798617500048e+00
1.389460741879779748e+00
1.345092598980371257e+00
1.032237598994810268e+00
1.224621594707882899e+00
1.747628326666291976e+00
2.208366658667045623e+00
1.933237576367126564e+00
2.042394808026616992e+00
2.358544646898252051e+00
2.269564006351366015e+00
2.240051475756505095e+00
1.929110162032191100e+00
1.608364309435263095e+00
1.449686136043325524e+00
1.613671253117723525e+00
1.779491198736925073e+00
1.280492351885331059e+00
1.539728920137492185e+00
1.515920010112105309e+00
1.401872939916209537e+00
1.449358889685159246e+00
1.912455780762421842e+00
1.822535295502438535e+00
1.658189827954328566e+00
1.231760517996570048e+00
1.130128726415274620e+00
1.098997430752974847e+00
1.084303412761125296e+00
1.186664335032964201e+00
1.181711194687741884e+00
1.077172304996035557e+00
1.171578408354739365e+00
1.197906216429498905e+00
1.591351591699645907e+00
1.299335733108224478e+00
1.634736951773783309e+00
1.450632503948129148e+00
1.481394470047729284e+00
1.373870231523924623e+00
1.818036086086527225e+00
1.373300594937810093e+00
1.584410218389058711e+00
1.906406345301760119e+00
1.569646962587234684e+00
1.537296807083702754e+00
1.524811310257203179e+00
1.387947341732250095e+00
1.140031334904955340e+00
1.305743591545911020e+00
1.145778773468051570e+00
1.262856386379618945e+00
1.208142935728278466e+00
1.619549269940772085e+00
1.742960497460356084e+00
1.753855284361740763e+00
1.910271930318909073e+00
1.785675241950998915e+00
1.899300808348225678e+00
1.996817168565951706e+00
1.973750290077166625e+00
1.943910756326317824e+00
1.481763268544640688e+00
1.742188413850888740e+00
1.800484595886582273e+00
1.786682993004347741e+00
1.792842887580898381e+00
1.838206502662612651e+00
1.617372314887829621e+00
1.425097923236264164e+00
1.343319687625064596e+00
1.368713166139469806e+00
1.865832832166667288e+00
1.575103720909615257e+00
1.682623023345903635e+00
1.654379120876981135e+00
1.597539633739393894e+00
1.885440633013240941e+00
1.637276516827586015e+00
1.583242277707494594e+00
1.468490786719737651e+00
1.391318163368358674e+00
1.260061646767684840e+00
1.337907352185559562e+00
1.331779256516316901e+00
1.621505507861354278e+00
1.675773888414752610e+00
1.560229420845971049e+00
1.589749059507925999e+00
1.600016674127234140e+00
1.854825335178929224e+00
1.855774050002203523e+00
1.595928965261405486e+00
1.555408228134318671e+00
1.668477980162283991e+00
1.350637333539685514e+00
1.676470670485047165e+00
1.484523812125471354e+00
1.172907999905862253e+00
1.182989914766769957e+00
1.470285924141496503e+00
1.369069805094857983e+00
1.666480868921891956e+00
1.313734876883752456e+00
1.500345614631134916e+00
1.574643779260823884e+00
1.334577879128816091e+00
1.407134483554848492e+00
1.364319560149447330e+00
1.512679092548645299e+00
1.363085307246577393e+00
1.619275226166699388e+00
1.936059392008270708e+00
2.331777450910202276e+00
2.534726887236493642e+00
2.300482189182777137e+00
2.136189636087429289e+00
2.285275396006403614e+00
1.961573061973020948e+00
1.688192031956381456e+00
1.763031193047076117e+00
1.889209532981063866e+00
1.836558798417388338e+00
2.075179170741672241e+00
1.902688513441815887e+00
1.559542837642517554e+00
1.793813175525740267e+00
1.870879069051642807e+00
1.552800859123970811e+00
1.567102905617642428e+00
1.736171381141228487e+00
1.627422987164842683e+00
1.482219354628381724e+00
1.467211089789036471e+00
1.501290892306430980e+00
1.353548355893823496e+00
1.222333559778654211e+00
1.101876867435265472e+00
1.041837211039465139e+00
1.059377294461059771e+00
1.138933316129115525e+00
1.026717033719268812e+00
1.184956383439756289e+00
1.343377972749915550e+00
1.654106653213695211e+00
1.468840222197893786e+00
1.845030741095335491e+00
1.540019335883495266e+00
2.103670266395465394e+00
1.896084081862125847e+00
2.051583215916376712e+00
2.215352067666031655e+00
1.989670983324903109e+00
2.022328485999406844e+00
2.162856472588529311e+00
1.845308603251716306e+00
1.883454224726022419e+00
1.669160296105105079e+00
1.207394338838325254e+00
1.102890715544784461e+00
1.287963565406337940e+00
1.234144416533908606e+00
1.274545740581970676e+00
1.635832833167148337e+00
1.876214728971895118e+00
1.812264047908080933e+00
1.512431824750715137e+00
1.447053941892335160e+00
1.244031714608096362e+00
1.099852773404213835e+00
1.194360881406650643e+00
1.637230164369101404e+00
1.625212852946915865e+00
1.916235463888337875e+00
1.420291184867349843e+00
2.049026739812127129e+00
1.764550669542708894e+00
2.022850207732190153e+00
1.788273762623690644e+00
1.560166387417840639e+00
2.122827803685609194e+00
1.912043908755746813e+00
1.997776635183149185e+00
1.715304697643287968e+00
1.942630888541824863e+00
1.827829718276714921e+00
2.015072627369736580e+00
2.122506161442708095e+00
2.210655077279310987e+00
2.193379900410187044e+00
2.036165694093165168e+00
2.195392154652499261e+00
2.351442423135851278e+00
2.381438634952746547e+00
2.020444424155059870e+00
1.682526966835847348e+00
2.108755932481829909e+00
1.750239018714314199e+00
1.707618703127060433e+00
1.299222688979838169e+00
1.548211755117508970e+00
1.075686517937158415e+00
1.091376862469379150e+00
1.155351954120855451e+00
1.067856488166304629e+00
1.102728531247767041e+00
1.296848217754179799e+00
1.396356886377776219e+00
1.614902469019225961e+00
1.594121532133955244e+00
1.812273222057933175e+00
1.359399491333488807e+00
1.058643126353508768e+00
1.485504420734803599e+00
1.474070949821899346e+00
1.446160165140957243e+00
1.476580364526408395e+00
1.489735075480442594e+00
1.530592075917671657e+00
1.532999401405706008e+00
1.447805959419568467e+00
1.958577532960714906e+00
1.667850287017394795e+00
1.657878922009380362e+00
1.544267567511679928e+00
1.893305860116656136e+00
1.603944066723723472e+00
1.303115971450856225e+00
1.441722132652574206e+00
1.223845329661600978e+00
1.294091086111146316e+00
1.113244030997140310e+00
1.185713977349018178e+00
1.255693427958917141e+00
1.598758008334606906e+00
1.504480417261154779e+00
1.340892785789574937e+00
1.436054990277466636e+00
1.479252007518726320e+00
1.441433394083514230e+00
1.330742292198791032e+00
1.036472417215751562e+00
1.092298862097572654e+00
1.246012864777916285e+00
1.449693441548159045e+00
1.519764449412993379e+00
1.553735419970210030e+00
1.595187176247056637e+00
1.646958273860269051e+00
1.731486244866508928e+00
1.437415602724332109e+00
1.443322722553676662e+00
1.340433179557082077e+00
1.261247763749101969e+00
1.315504074810264878e+00
1.519309693119168969e+00
1.075595122519578117e+00
1.048541884531703383e+00
1.129852738150214142e+00
1.445757814521750451e+00
1.463464212707367595e+00
1.473823745922768103e+00
1.468018792571243569e+00
1.273672524123958150e+00
1.632769854118683028e+00
2.008719163993577972e+00
1.857628469503394220e+00
2.124253062301309392e+00
1.828001619371718123e+00
1.957626807630496790e+00
1.678883541232401022e+00
1.819007123266959347e+00
2.094054249317723659e+00
1.988011592626807600e+00
1.959006703220891765e+00
2.213788971510145309e+00
1.747646655170774110e+00
1.090956565267075407e+00
1.223223797451307826e+00
1.317953663548686372e+00
1.181148812693946448e+00
1.352391498598562114e+00
1.256752537559995275e+00
1.214577913043100255e+00
1.475422203338635496e+00
1.341108435207362337e+00
1.368410766030842884e+00
1.132207146009036602e+00
1.181893464568781971e+00
1.280831621570739598e+00
1.444720281833574482e+00
1.136007077190344106e+00
9.238706157232926541e-01
1.114735012806345571e+00
1.388054172663226948e+00
1.411253436469790845e+00
1.435536554613582538e+00
1.297285022308686031e+00
1.205718717872156009e+00
1.338102043679438635e+00
1.371506483971768553e+00
1.310238274747786313e+00
1.151566941354760232e+00
1.331329668347900785e+00
1.499517132845899825e+00
1.430679277584320896e+00
1.305380009073963787e+00
1.453170188320572320e+00
1.850933147015057401e+00
1.663732736337853568e+00
1.573768878787384917e+00
1.994013025246939907e+00
1.913423328460884365e+00
1.542478435085932187e+00
1.205109351092843673e+00
1.386791878335475792e+00
1.413392276415723181e+00
1.238214277091183479e+00
1.096916157327774810e+00
1.244680278802706930e+00
1.037244606052256879e+00
1.225337724230585179e+00
1.413650398220003490e+00
1.213502131219976743e+00
1.406768775484494860e+00
1.440154736983133565e+00
1.347464576788208301e+00
1.331871751267103665e+00
1.234393587941559289e+00
1.337165421578239366e+00
1.284105805811389667e+00
1.472694190779039181e+00
1.279987934226432644e+00
1.481976733541376268e+00
1.488506668669976607e+00
1.497616091898155588e+00
1.486337795557930219e+00
1.788553343757288916e+00
1.772729230944720236e+00
1.631540393856768523e+00
1.869948446226137095e+00
1.734355644693241105e+00
1.827405701862241161e+00
1.957485528333467784e+00
1.970131893497516273e+00
1.659526008959606003e+00
1.542776235041732669e+00
1.264612316044908091e+00
1.334749442671528064e+00
1.273482849734972611e+00
1.188323063846634220e+00
1.226905592570181724e+00
1.258339899365511272e+00
1.103193326685969033e+00
1.118063583502959091e+00
1.204118299031506245e+00
1.305728973003010163e+00
1.463313794338239937e+00
1.414431440760987924e+00
1.436547270170401402e+00
1.200142933948321611e+00
1.322909494500056571e+00
1.417512402062039101e+00
1.317523938248696291e+00
1.344252158793973084e+00
1.356164030480758953e+00
1.651023942604790129e+00
2.094542481914591914e+00
1.759094395534021693e+00
1.314459050780792282e+00
1.454765695181165608e+00
1.419469189763830741e+00
1.339246264657354191e+00
1.193689421546927365e+00
1.540779128169507128e+00
1.526957648661027900e+00
1.870205052418423719e+00
1.898287812272543507e+00
1.881282976371089211e+00
1.531360064468507920e+00
1.475734066993562354e+00
1.635730908260079719e+00
1.818556289203623111e+00
1.957313532532024114e+00
1.784875084365430187e+00
1.545637685370124137e+00
2.200020129406934810e+00
1.811123921496440081e+00
1.740758991925101418e+00
1.447107515820093893e+00
1.209660189313872536e+00
1.391073747496174073e+00
1.424323594427804540e+00
1.329683967049000159e+00
1.491898765504703128e+00
1.423568075991393123e+00
1.796129173552258651e+00
1.655101372937151538e+00
1.518063455207152357e+00
1.468064436496462344e+00
1.504737193221488800e+00
1.075711451612368696e+00
1.355404854304367301e+00
1.092241925963330251e+00
1.568457914185932278e+00
1.399041601357362552e+00
1.340441185270569102e+00
1.566225646738210742e+00
1.321047723639698246e+00
1.422184715455208526e+00
1.697860110906736386e+00
2.081708749702387173e+00
1.731374829368336421e+00
1.535931843490079940e+00
1.387681658292171605e+00
1.211522280124546214e+00
1.024186771880813973e+00
1.364731116079080708e+00
1.316264841245454287e+00
1.237878217931489111e+00
1.439590969084815653e+00
1.383134608177059466e+00
1.444156717598663819e+00
1.512936789844061547e+00
1.303263741326568192e+00
1.167175408472502340e+00
1.322342356888542181e+00
1.555239452228172725e+00
1.825307426130359900e+00
1.614181378963252644e+00
1.828200802117808443e+00
2.095115987224445142e+00
2.206301571289168706e+00
1.768990495840107258e+00
1.818109124656287268e+00
2.078200297080278869e+00
2.052907008654597742e+00
2.023125434265407474e+00
1.453019430208616569e+00
1.495770754208640696e+00
1.762938443382788822e+00
1.396364159755063339e+00
1.381206142849593199e+00
1.304157670382132928e+00
1.322455013261776058e+00
1.149330086873197265e+00
1.260608051501720839e+00
1.367294948273239275e+00
1.414863534176263649e+00
1.383478290981878134e+00
1.500327360540350208e+00
1.788499168835143927e+00
1.354202317444892278e+00
1.855653626618914309e+00
2.034328796299383679e+00
1.897916702538357869e+00
1.823322415150410158e+00
1.556681779942152621e+00
1.518104854955759642e+00
1.765134597527507454e+00
2.113206427696824985e+00
1.939062449588372816e+00
1.997027863174977158e+00
1.986779941985902687e+00
1.615396029078358442e+00
1.948409976060934801e+00
2.165231818515129358e+00
1.778461461192548887e+00
2.337939925247467521e+00
1.806135000867607365e+00
1.997552012065641591e+00
1.900462579127265572e+00
1.639130851776735120e+00
1.714521003569408286e+00
1.787539488388097730e+00
1.842803929416355402e+00
1.976975643123853210e+00
2.439707984329156254e+00
2.198935035669580706e+00
1.598271898300863247e+00
1.611991306540574431e+00
1.200448648912475047e+00
1.183611608111504232e+00
1.292629070330041596e+00
1.186610866731560687e+00
1.085921700036758697e+00
1.252604643121322692e+00
1.432452934949977497e+00
1.412682963788989499e+00
1.631861868708329055e+00
1.721382281787530832e+00
1.585003969063797813e+00
1.243452913082868649e+00
1.041017885631895457e+00
1.057473374490701001e+00
1.193530185898158846e+00
1.537483115427062286e+00
1.676071560262675009e+00
1.716089050723153209e+00
1.382512609179261664e+00
1.464432016294696437e+00
1.203447404751071259e+00
1.507754577328404899e+00
1.722223676672223647e+00
1.880631182205824592e+00
1.800555042137953699e+00
1.476149145778409499e+00
1.689261961273351709e+00
1.641154997209878452e+00
1.366747316974879389e+00
1.509018682929795352e+00
1.498433447610159730e+00
1.720567648980185771e+00
1.780705118408600685e+00
1.870826338556888180e+00
2.193839641597711498e+00
1.988465557786515125e+00
2.222653659825827521e+00
2.185854716177698887e+00
1.938786139401686981e+00
1.766168739184617253e+00
2.003259234593670168e+00
2.286735094968413318e+00
2.278255448518961668e+00
1.901173286324457479e+00
1.663928329316504140e+00
2.256863304254282276e+00
2.291754211849887479e+00
1.556835858364076230e+00
1.587882874524781496e+00
1.676174391521593865e+00
1.683845509749464897e+00
1.592088431658119863e+00
2.147239030925551351e+00
2.123054143070430388e+00
2.105251773557340389e+00
1.951617395599117843e+00
1.546988247026876095e+00
1.342812788032252458e+00
1.808500780206689917e+00
1.881697857986436295e+00
2.371685616513436567e+00
2.174210835172444067e+00
2.493926097192272096e+00
2.147748385317569397e+00
2.384712541764389737e+00
2.412044025934251046e+00
1.617950526970385106e+00
1.358149666137411726e+00
1.580579998175156486e+00
1.520037840653224892e+00
1.469592700221223458e+00
1.257680251137342387e+00
1.239274363825017655e+00
1.277465155359704729e+00
1.230021377833476537e+00
1.211791793170708509e+00
1.222493524222528327e+00
1.426337423365644286e+00
9.816429212184103470e-01
1.292432683272959792e+00
1.314425968809781020e+00
1.862316336047881382e+00
1.967071178962379596e+00
1.501824536968141555e+00
1.844061992534951067e+00
1.655366985383412981e+00
1.670535294957677497e+00
1.938750403435837377e+00
1.660996926646468141e+00
1.680413681135970227e+00
1.648854006914844295e+00
1.819602208566996282e+00
1.644714034064874486e+00
1.850679362411780993e+00
1.639478347294590854e+00
1.725348244778971640e+00
1.988825670487799790e+00
1.907464122024833841e+00
1.305870388717484287e+00
1.750697255028726973e+00
1.525734601814838776e+00
1.634404715285115550e+00
1.808662053841613160e+00
1.881121340641471962e+00
2.130246632495464532e+00
1.777757404019355780e+00
1.691707295970578118e+00
1.318115632366025913e+00
1.277588063562519416e+00
1.630776725665424198e+00
1.635618014806324183e+00
1.891378207832292491e+00
2.321826688091842783e+00
2.286862407505262151e+00
1.777602362713104345e+00
1.935664989742210684e+00
1.861480505913100991e+00
2.215008817594390944e+00
2.356104327892244665e+00
2.516452347125335276e+00
2.596619874519319637e+00
2.354363808371954025e+00
2.380673813685834528e+00
2.228413635526720782e+00
2.112629358891461973e+00
2.366453831989146828e+00
2.602530161800974629e+00
2.381919161633786697e+00
2.140094474631167643e+00
2.087569236212938772e+00
1.674088095122708841e+00
1.820338800051447326e+00
2.043368248425241340e+00
2.080486832158716659e+00
2.145854405655322594e+00
1.906285753015399598e+00
1.955724488375469194e+00
1.881300122032673050e+00
2.276050155185652013e+00
2.389667245960296338e+00
1.963644020512834931e+00
2.009482725508716427e+00
2.264463468572989413e+00
1.993448628727267469e+00
1.661210997208128148e+00
1.127882058367718043e+00
1.539773118126396056e+00
1.686353387518758629e+00
2.004873496405533917e+00
2.016654079589167647e+00
1.359695890832266496e+00
1.157306943073275418e+00
1.135958386718064039e+00
1.364068318503206756e+00
1.639669017280773522e+00
1.577405589538299235e+00
2.010121546264388215e+00
1.811857301194994996e+00
1.620818037106411813e+00
1.660022690277543234e+00
1.970579163432373493e+00
1.721683589863532093e+00
1.471998075503860193e+00
1.618422047141242714e+00
1.405115430314750391e+00
1.856547020029281514e+00
1.730846412877436569e+00
1.893805179438991848e+00
1.906811485672057493e+00
2.368316424875758663e+00
1.894343831741470474e+00
2.142922924268832574e+00
1.867995572299937512e+00
2.254969390330824552e+00
1.853306289722445044e+00
1.734193506907266702e+00
1.729326946465611137e+00
1.398474596588456853e+00
1.156063424361970737e+00
1.223880517767245379e+00
1.272630302457405937e+00
1.495426486185254866e+00
1.627840505921961167e+00
1.607112739434815474e+00
2.061992837858347638e+00
2.126714727814808636e+00
1.741757076505634494e+00
1.595805408500362121e+00
1.920741999746770068e+00
2.039117690320709553e+00
2.361734307388835941e+00
1.877530722541280728e+00
1.842763550339987511e+00
1.638212329041466297e+00
1.869816615825528050e+00
1.577413800088059093e+00
2.015566303519743752e+00
1.424934293420888842e+00
1.628406947784836634e+00
1.439534301249361770e+00
1.240859082987028739e+00
1.299805096650505476e+00
1.572983683222715978e+00
1.534496961344214983e+00
1.597714424639307573e+00
1.667705294624521883e+00
1.245022450463370456e+00
1.232724203435126897e+00
1.622025200060123185e+00
1.748431745187747355e+00
1.484701895063789356e+00
1.339931890600311037e+00
1.598415062764926731e+00
1.689795233283201803e+00
1.556357134750128601e+00
1.647971664022573224e+00
1.271793422371938265e+00
1.565005875511527256e+00
2.244306287839190173e+00
1.612751482488302690e+00
1.853728752054798923e+00
1.942824550252197913e+00
1.776139362054251825e+00
2.148591861865841057e+00
2.172318991947942646e+00
1.482540663938201497e+00
1.622232666918799415e+00
1.480564411261796387e+00
1.431582570584848835e+00
1.345239689719000875e+00
1.456709049321280647e+00
1.494263790576465523e+00
1.567284143202906099e+00
1.460621292018328576e+00
1.875970270683217311e+00
1.709210287065928924e+00
1.619127711331613817e+00
1.767737441106978613e+00
1.830928627044136947e+00
1.917955564525484879e+00
1.387272621232471748e+00
1.487734076674047445e+00
1.405174213743300538e+00
1.462164722216487522e+00
1.315727626070470224e+00
1.105539146689644259e+00
1.286286373119598814e+00
1.373096364160997673e+00
1.518577984092003730e+00
1.474455774369708427e+00
1.377586692751286090e+00
1.200611414337106941e+00
1.184655548767832078e+00
1.286359355805711813e+00
1.352583465682988040e+00
1.267873607145831860e+00
1.391928873180392934e+00
2.000449778347096697e+00
1.731842420430157903e+00
1.343647965084912466e+00
1.107931316265649224e+00
1.359257624971517364e+00
1.443097282576482954e+00
1.644552196698411350e+00
1.625928249825064675e+00
1.847067683859421550e+00
1.677472515728770208e+00
2.034158033303395285e+00
2.219174262550606791e+00
2.320689222447883004e+00
2.019048681987308136e+00
2.224780247552183621e+00
2.046013124205439571e+00
2.276048522686229258e+00
2.172036596502264771e+00
2.176108687243773154e+00
1.914471332036052020e+00
2.087789575297361200e+00
1.959496661598903344e+00
1.829445007207386231e+00
2.014261552739627259e+00
1.919478417492385347e+00
2.034519199810580936e+00
1.963479486785374206e+00
1.825956976600456416e+00
2.128140662546433415e+00
2.120419749418037458e+00
1.769941070370433245e+00
1.635019625958657130e+00
1.691339754962343456e+00
2.122448874074766678e+00
2.314621720038331443e+00
1.831962857796438415e+00
1.668562061420204579e+00
2.048971936180514319e+00
2.468183373386480639e+00
2.125188917489861051e+00
1.727629583540243319e+00
1.813500089154267192e+00
2.011364401098553412e+00
1.721069220618019591e+00
1.701981951963714934e+00
1.762953739948703191e+00
1.958695433367152239e+00
2.247893176283139560e+00
2.114500935510186252e+00
1.808060102498423083e+00
1.622871498195659345e+00
1.901523022635115190e+00
1.718996076107474513e+00
1.958711574369109476e+00
1.797387164994901143e+00
1.833991208677424822e+00
2.003980553322484148e+00
1.937412016002238335e+00
1.978249557256249958e+00
2.012397449967521013e+00
1.996450130970378822e+00
1.567591589164966770e+00
2.016987637604582329e+00
2.171667627006867107e+00
2.190519993763527129e+00
2.130974450820082300e+00
2.227499255295936731e+00
2.123272377966759272e+00
1.707533318703450265e+00
1.858856090569251496e+00
1.484792265089886598e+00
1.342732191219888627e+00
1.605220296997292184e+00
1.871548161251438191e+00
2.086454069930069988e+00
1.868036906633571581e+00
1.979647084568997961e+00
1.495958145047191046e+00
1.792043577447278713e+00
1.805377803610639154e+00
1.658170294849212301e+00
1.746068531553487846e+00
1.830225424297105441e+00
1.620601278338745566e+00
1.686821949624677686e+00
1.803999117105033356e+00
1.598385089158691708e+00
1.923892395714147385e+00
1.689046979068050014e+00
1.837796143608813271e+00
1.422893634334180701e+00
1.819543170849448277e+00
1.568259240151729239e+00
1.531984785619857847e+00
1.474083687790665786e+00
1.496834892642208814e+00
1.763150118876506189e+00
1.916253631135586888e+00
1.221632373961460516e+00
1.117340457871747406e+00
1.206044405896606442e+00
1.451112818781420399e+00
1.275109699173235356e+00
1.467234817174978057e+00
1.420569617181651312e+00
1.372549831182973357e+00
1.898789570884262590e+00
1.838915369881546358e+00
1.827781615146780503e+00
1.600908198622587042e+00
1.408918552052259132e+00
1.203723193457377771e+00
1.279449183720763994e+00
1.801774593065490926e+00
1.620237844375369551e+00
1.974640980087793984e+00
2.052777788273901560e+00
1.765610021505471749e+00
1.620159635656961417e+00
1.883040139033002491e+00
1.963843088698675743e+00
1.733190468818496699e+00
1.688708728673284032e+00
1.879777789030255608e+00
1.625567790690848113e+00
1.515945604638597288e+00
1.626853857881385812e+00
1.542082870485844470e+00
1.253215781600421908e+00
1.266765889321714189e+00
1.159544803380582634e+00
1.111448603207886965e+00
1.140196420628003970e+00
1.090934974040123517e+00
1.502456823442534617e+00
1.659529789811210909e+00
1.102208498159048089e+00
1.137846826914905130e+00
1.292285372535568078e+00
1.318683168569524389e+00
1.220394476627926439e+00
1.903054556885158455e+00
1.634244385121506715e+00
2.013603694187693804e+00
1.865762435460673219e+00
1.874399025373771455e+00
2.145705325538597830e+00
2.229951583760609424e+00
2.259241167223930091e+00
2.620021724490934290e+00
2.267392975607839034e+00
2.517340941695557888e+00
2.512271185770422743e+00
2.297996203121470682e+00
2.182423584033511776e+00
1.903169511257369884e+00
1.697806020850813447e+00
1.660872040925641890e+00
1.743355366079477164e+00
1.225132882963330783e+00
1.321376432762486397e+00
1.166150904249332321e+00
1.130068930571159980e+00
1.216795396488149272e+00
1.211037341365984510e+00
1.213619660251926469e+00
1.073192505617759585e+00
1.280432420888066858e+00
1.411298269010717199e+00
2.004570059696261453e+00
1.499236442215721610e+00
1.364955156843123962e+00
1.192439392376385632e+00
1.151651432969098776e+00
1.201284559690505294e+00
1.282088818794902885e+00
1.287927078350884713e+00
1.421840613996392610e+00
1.909917808196161637e+00
1.760642934428595430e+00
1.234096052786266551e+00
1.851985581346942134e+00
1.876640105637528810e+00
2.059653219271442293e+00
2.336424018605696151e+00
2.289737617889254562e+00
2.472600471586587023e+00
2.277098957589501094e+00
2.209130096719322811e+00
2.354171319670899987e+00
2.304516843735835430e+00
2.323929837383979624e+00
2.048273944036766547e+00
2.110481184004741717e+00
2.042156657938851705e+00
1.758280404565172539e+00
2.212824369503056054e+00
2.062973755633638717e+00
2.486207092490410275e+00
2.039971608095285216e+00
2.079969237510844948e+00
2.179016710813642010e+00
1.918295274072141288e+00
1.806539680493454814e+00
1.753136092831973913e+00
1.820831797540880537e+00
2.142828547119705274e+00
1.705330952899122954e+00
1.994390415774058400e+00
2.620839397517122027e+00
2.349157579672815466e+00
2.399451411101283682e+00
2.378084508128635921e+00
1.947104158558443876e+00
1.914649240303015532e+00
2.102093342163886103e+00
2.070479531812833507e+00
1.947977805095185477e+00
1.613556588371479084e+00
1.706029750174804072e+00
1.871716233237433302e+00
1.584662034364521688e+00
1.727867622697360606e+00
1.889315556145949149e+00
1.520448938382504167e+00
1.399804587505655062e+00
1.372172948837290907e+00
1.446092478916562118e+00
1.233852622821885792e+00
1.443946374702315349e+00
1.008866250866452763e+00
1.024861426662419417e+00
1.300616959954656648e+00
1.165706958994761067e+00
1.198169335465630203e+00
1.162116506200091992e+00
1.185029277842816198e+00
1.321796560327067160e+00
1.183173927584018292e+00
1.210911749367834744e+00
1.261772898510358232e+00
1.210478727465471138e+00
1.277474450292556796e+00
1.554838917500319218e+00
1.702238642924338796e+00
1.743356887240369524e+00
2.013782591431363400e+00
1.894617433972745291e+00
1.711865723130206796e+00
1.856071011512907765e+00
1.883978939049542944e+00
1.710722222485367539e+00
1.967722238690881698e+00
2.026446907762843974e+00
1.502971309225886731e+00
1.469643038783192912e+00
1.596443702857792024e+00
1.532610328920424037e+00
1.641494818802320399e+00
1.910579704215567665e+00
1.885575631079102754e+00
2.160881446665718464e+00
2.098644761537921344e+00
1.895054434584692915e+00
1.721396859628735232e+00
1.754249840177868780e+00
1.796202232239934693e+00
1.772340309398902747e+00
2.279299459650105941e+00
2.471616413531086742e+00
2.127327539210587481e+00
2.012861181802402921e+00
1.874606381972858005e+00
1.698969632614875103e+00
1.993840756119780622e+00
1.856615334570236087e+00
1.655170781872161045e+00
1.600280807647758596e+00
1.347881301435932100e+00
1.481929977454283787e+00
1.352221003445766900e+00
1.198311515891495871e+00
1.359763550576105651e+00
1.110302874881637036e+00
1.268059397867862703e+00
1.185114041101321236e+00
1.095254906538483786e+00
1.385597959058392448e+00
1.283883327587471257e+00
1.319710085699090429e+00
1.226864120669610703e+00
9.784585831603215267e-01
1.376312087240661119e+00
1.776346397900037788e+00
1.550445402079176027e+00
1.320947369055610388e+00
1.371433728893898696e+00
1.065062658852446997e+00
1.525816496255910426e+00
1.294404137593404780e+00
9.862724477856915639e-01
1.154328605780484684e+00
1.392974930914054221e+00
1.497781649288476791e+00
1.289449062906572019e+00
1.086758671040653157e+00
1.202527839352394601e+00
1.459877732521380089e+00
1.378238981064109581e+00
1.288004090386347444e+00
1.240485936034116277e+00
1.434530120680544307e+00
2.148584497965268181e+00
1.772493217767473261e+00
1.664850379645819389e+00
1.742885519685747120e+00
2.156369088645236243e+00
1.746241894219521029e+00
1.830145479189242197e+00
1.882473815890074009e+00
2.178740614138324982e+00
2.165902660832829785e+00
1.913030295636005240e+00
1.461156075126210263e+00
1.284206564382849081e+00
1.354466010571376389e+00
1.425374520666412792e+00
1.132924726523074854e+00
1.523041663986557159e+00
1.237925791827864552e+00
1.243559029032191399e+00
1.293647167563421574e+00
1.310728144647009374e+00
1.132633751366390884e+00
1.202231984849271740e+00
1.478686994313210823e+00
1.241370161763753366e+00
1.446927286451323180e+00
1.316456737065399230e+00
1.396561364919834958e+00
1.628404066232666203e+00
1.663270480838416887e+00
1.827142302589859213e+00
1.744266788611244623e+00
1.937905343139696646e+00
1.797163732536064096e+00
1.930164404496568231e+00
1.453572902124423027e+00
1.533210919703325459e+00
1.376285210081044319e+00
1.545705229761221267e+00
1.360515340711780485e+00
1.452305338361497222e+00
1.116152201753221496e+00
1.223388795862336176e+00
1.203979808885923042e+00
1.834210270216116490e+00
1.514856853589773067e+00
1.499785001121222372e+00
1.228510256172947068e+00
1.272172554078694118e+00
1.768467393472969995e+00
1.473880412268897766e+00
1.180939782670773708e+00
1.522085036893547461e+00
2.106546226724999471e+00
2.150768002988441285e+00
2.254855071855886628e+00
2.482959663324410204e+00
1.836009450260161380e+00
1.645844237068748050e+00
1.539819830578750270e+00
1.640484238681101381e+00
1.488294013186452158e+00
1.387812278851373593e+00
1.374121557603938060e+00
1.299335718813028784e+00
1.285307928655639476e+00
1.168338080038729521e+00
1.191506488920006213e+00
1.248261840652797883e+00
1.182694696712853100e+00
1.214692679563109223e+00
1.181637988231225567e+00
1.118080439817236371e+00
1.287159773587185807e+00
1.167219015068546417e+00
1.174771354360270470e+00
1.320284071554806538e+00
1.553844173408411411e+00
1.337630609380885183e+00
1.013307819066991744e+00
1.268161742850708595e+00
1.145934868462308964e+00
1.261726782549347003e+00
1.328679792590355291e+00
1.585911157019873619e+00
1.485421896570666700e+00
1.466091500437072703e+00
1.207366003197639204e+00
1.200531403828928090e+00
1.342453276460617184e+00
1.259788709835330200e+00
1.358733828368768881e+00
1.321781872450549233e+00
1.449634597459175778e+00
1.497843649612356387e+00
1.339223321890451679e+00
1.444732919138526528e+00
1.479204525226701428e+00
1.241346386416930514e+00
1.256293736076211420e+00
1.177156029688778416e+00
1.468105061371632880e+00
1.446525590189345234e+00
1.274427272794399268e+00
1.275085546440378526e+00
1.206832289705355166e+00
1.383922288119620703e+00
1.143345933277029047e+00
1.210105599286168676e+00
1.359896132852539408e+00
1.777153887895865259e+00
1.431180705797334474e+00
1.472252893006194441e+00
1.714464677839766082e+00
1.569783457976881458e+00
1.903812725357397984e+00
1.707367667189404248e+00
1.452178857962786118e+00
1.378643667497966074e+00
1.403198350688891871e+00
1.176745872466892440e+00
1.278067191716246276e+00
1.526069374968738401e+00
1.585996791637976688e+00
1.424294848188286222e+00
1.663624554362350239e+00
1.206754304785398801e+00
1.130940353816811683e+00
1.376937582049124531e+00
1.483788898275521406e+00
1.491921321809048129e+00
1.340703872368754546e+00
1.025056839790691621e+00
1.241616585089281521e+00
1.351753930689405969e+00
1.734925313342052577e+00
1.529679910204883253e+00
1.616954834664468210e+00
1.776442828591725309e+00
1.750523183660502191e+00
1.825070478158496989e+00
1.870702871662185629e+00
1.592777889121471002e+00
1.459974091011143837e+00
1.100403172954586450e+00
1.674212013752427453e+00
1.606232732835428223e+00
1.679394213261739655e+00
1.766137771875565976e+00
1.874217768428795061e+00
1.952626662190058759e+00
1.831884899369627284e+00
1.711201198026600201e+00
1.484349328890454123e+00
1.518662809561279081e+00
1.312706079325251185e+00
1.261145841183475724e+00
1.156983125148429492e+00
1.271229878683450387e+00
1.220646146528808540e+00
1.268152227799608012e+00
1.438986050768886749e+00
1.272609173148810946e+00
1.127594508846046839e+00
1.458545870968389613e+00
1.464073154355538531e+00
1.458162313479055783e+00
1.399089486822627126e+00
1.343798825656008056e+00
1.641371688274642526e+00
1.482256685170899591e+00
1.608185192191786683e+00
2.009663974986120039e+00
1.799799531993656831e+00
1.573318283994526112e+00
1.680972315283729479e+00
1.770382863785207483e+00
1.541398765313427788e+00
1.849946541355041774e+00
2.177510860542268389e+00
2.090058043851482861e+00
1.578955806642486248e+00
2.325685722350262719e+00
2.270933225115255194e+00
2.054007219850018107e+00
1.800083777095960791e+00
1.832554079233128519e+00
1.606507370003956048e+00
1.435283502703895930e+00
1.428009936969886429e+00
1.445604889573336882e+00
1.611667399905259757e+00
1.625244880497539235e+00
1.455591904810282111e+00
1.244013021896918314e+00
1.283340340372354227e+00
1.094690545598277387e+00
9.903674640806369167e-01
1.150714777397476629e+00
1.105812762329844601e+00
1.237344739653572834e+00
1.497074201934659232e+00
1.329423225024373600e+00
1.440622298511182509e+00
1.311290137665831246e+00
1.665376847774051816e+00
2.367434518349529782e+00
2.099321819460140848e+00
1.922404169680351771e+00
1.840484070478259682e+00
1.942965521176807542e+00
2.264494292925056218e+00
2.398555298561087401e+00
2.057601188565995720e+00
2.192054082673687621e+00
2.195996303102395242e+00
2.263208974854121536e+00
2.091928811954842260e+00
2.101418908142516528e+00
2.181917818700676914e+00
2.149572916497947350e+00
2.076122539376365150e+00
2.080168951271475830e+00
1.757020055812975601e+00
1.507064546709868225e+00
1.275698643543191624e+00
1.455560263078747862e+00
1.326815719656863735e+00
1.442871481106676512e+00
1.539736917206633748e+00
2.105355975905589538e+00
2.284322213631865939e+00
2.195085688381206435e+00
1.665618417287843434e+00
1.884590909226390387e+00
1.926264782658137609e+00
1.076047527634835133e+00
1.646161293162072603e+00
1.485021556647658780e+00
1.473551480128792113e+00
1.572107484097658325e+00
1.253720063279667674e+00
1.320471542167219958e+00
1.127708197312233152e+00
1.112733638372604972e+00
1.183762184108593685e+00
1.719086735572356694e+00
1.242300755422685032e+00
1.298847613260182055e+00
1.510049755930711335e+00
1.430005319398851116e+00
1.671040127606888692e+00
1.580665747236984497e+00
1.361948034779181915e+00
1.745071120758720618e+00
1.633560352931072490e+00
1.574826593830257915e+00
1.385343207175934621e+00
1.461301963014911331e+00
1.761988320641931338e+00
1.655030190818975955e+00
2.030596732518307856e+00
1.491820300501359498e+00
1.758654653641083421e+00
1.638944698346185280e+00
1.189977234149186547e+00
1.352928275645296496e+00
1.252236883758087727e+00
1.149142219976722723e+00
1.181274211287463238e+00
1.174345126592755362e+00
1.240645945373719305e+00
1.096638486090911968e+00
1.265821108869043421e+00
1.279416021690569671e+00
1.987332740054487346e+00
1.835094503654793874e+00
1.581960486885973127e+00
1.366347779945307650e+00
1.444819836085325271e+00
1.330288741383957918e+00
1.355316594841322164e+00
1.769582467590399277e+00
1.941917514389401633e+00
2.212886373807506857e+00
1.636570224516124217e+00
1.815622864229261557e+00
1.802172683742009118e+00
1.904074261809877378e+00
2.063139723151813154e+00
1.791212960322433378e+00
1.798026157350886667e+00
1.541555540773407618e+00
1.521035053072005816e+00
2.082787506847633363e+00
1.696386293362123654e+00
1.735126637187148324e+00
1.854141393959975126e+00
1.481081458151272345e+00
1.818097119651717053e+00
1.638286652004212973e+00
1.650323569243145272e+00
1.810932100899452779e+00
1.987488394022066673e+00
1.902326408617809328e+00
1.966086665541830758e+00
1.619141838426668478e+00
1.375732699070392417e+00
1.382498638039263872e+00
1.200236657498767512e+00
1.215093296541904122e+00
1.302715010819292640e+00
9.872501810569667136e-01
1.172786328382488419e+00
1.248246994413452438e+00
1.283334072381205226e+00
1.614403147922704562e+00
1.556450609756523829e+00
1.310592979023593063e+00
1.133462776331646271e+00
1.208870252246676547e+00
1.043094799333680989e+00
1.239129197590001619e+00
1.050259176859971388e+00
1.287707080555036798e+00
1.135078433420432686e+00
1.266049859681027234e+00
1.280916762553224730e+00
1.659271158665459600e+00
1.778345668325099993e+00
1.312552564173600222e+00
1.544783028167281858e+00
1.281727302608570263e+00
1.258420869078940685e+00
1.302172563776666347e+00
1.299373746334978152e+00
1.393346826096368396e+00
1.499874983068859136e+00
1.112673597026887506e+00
1.067147648115884584e+00
1.151161131716927910e+00
1.098753399991315272e+00
1.069135861402136678e+00
1.092451139368712631e+00
1.085787884515006851e+00
9.805283525062838956e-01
9.847258853302586212e-01
1.163396540040638527e+00
1.203997379149095659e+00
1.249699754220631398e+00
1.244136409067494897e+00
1.272208216969423766e+00
1.240031273045491211e+00
1.336983327785976616e+00
1.155569214006666678e+00
1.410746266824442152e+00
1.086683779782983361e+00
1.371395572305056376e+00
1.621682075194248229e+00
1.527377916910883426e+00
1.857818602108093131e+00
1.598435136740053775e+00
1.874370757194943948e+00
1.464847886100634877e+00
1.589253512634796417e+00
1.599127439601688794e+00
1.635061486722758195e+00
2.301425998239956972e+00
2.591921215263152334e+00
2.372242310963096124e+00
2.228884686495776091e+00
1.938005495859541627e+00
1.854688075698299521e+00
1.721532887286774116e+00
1.712836629146833989e+00
1.654075265008968287e+00
1.955545808873798697e+00
2.134282702535362564e+00
1.778540716918433517e+00
1.653300164599291300e+00
1.910382257498016934e+00
2.209832061045238216e+00
2.151540613668559310e+00
1.990122845126791162e+00
1.868034918970852942e+00
1.559310948423176413e+00
1.562150538749187856e+00
1.863058572339949315e+00
1.557996278349840225e+00
1.692368604061871729e+00
1.516108431676810753e+00
1.238678204650525805e+00
1.353353588006723340e+00
1.269129171853190741e+00
1.060302512797603125e+00
1.056413523650044040e+00
1.258679543567062797e+00
1.049512686638147008e+00
1.007264351228358334e+00
1.157451477559368724e+00
1.230951736303033561e+00
1.051651291603612481e+00
1.125474527415234460e+00
1.224162882383347029e+00
1.218079624804632388e+00
1.327010416654461622e+00
1.468246677645101528e+00
1.593365411709851021e+00
1.644735041274828280e+00
1.655314334003866739e+00
1.856181650128388316e+00
1.480947173079991463e+00
1.428780345444845334e+00
1.378887817100138635e+00
1.493888839643470856e+00
1.453805517536661540e+00
1.785464277320705895e+00
1.717394767646806875e+00
1.387947495362934713e+00
1.687354372549382253e+00
2.055339758247001214e+00
1.888588026722028523e+00
1.927725312384544809e+00
2.009761990866858028e+00
1.910155449687426454e+00
1.933534635643942012e+00
2.065208797670311736e+00
1.764448940220997519e+00
1.641251384837715932e+00
1.987911017317036233e+00
1.481662180532464124e+00
1.829510695686960009e+00
1.625742994508100114e+00
2.130901042178686033e+00
2.147567194589345529e+00
2.044303299796917273e+00
1.850426300112103961e+00
2.042866005278388464e+00
1.662243996871633600e+00
1.434871573532409350e+00
1.160782445408122809e+00
1.118333894749344859e+00
1.711805681915739008e+00
1.800714154136769496e+00
1.507270750552902827e+00
1.422113174937599034e+00
1.613278319941570560e+00
1.578917512375020982e+00
1.813064862937220356e+00
1.747060396699409601e+00
1.356091841388754382e+00
1.660335518795915677e+00
2.002107817023588865e+00
1.872145170680984183e+00
1.824022654137022137e+00
2.038258056080241243e+00
1.890656307958890281e+00
2.049135624377499632e+00
2.110401644139600741e+00
1.992139153643813776e+00
1.900769435437426047e+00
1.817389852727342436e+00
1.564073598730157721e+00
1.643929250385296914e+00
1.665664737553094188e+00
1.402713726528387106e+00
1.304217848844023253e+00
1.563064434531812763e+00
1.477144108047270699e+00
1.374931756023209495e+00
1.469615461176192683e+00
1.657979691462535987e+00
1.801693433904212327e+00
1.671675717908139847e+00
1.395689818198799337e+00
1.338852081450647491e+00
1.747897917487080566e+00
1.734144049950904432e+00
1.959199076771002801e+00
2.205405213305268841e+00
2.250447643543060483e+00
2.415316287960063146e+00
2.384641660594623680e+00
2.054988658216712061e+00
1.826786326441227182e+00
2.216559977705619300e+00
1.800731132837930737e+00
1.894283263856130661e+00
2.126280538288052746e+00
2.304149738571571238e+00
2.512007223893476748e+00
2.086972066872359033e+00
2.265663438315010048e+00
2.597059455913526271e+00
2.442977132111489702e+00
2.393587405897345199e+00
2.086234110213452730e+00
2.041307852720403826e+00
1.859516871479150568e+00
1.738819693385449616e+00
1.478454633148776454e+00
1.709470752659279391e+00
1.694873300103209024e+00
1.658307859993567890e+00
1.575413311069415512e+00
1.402980812567933278e+00
1.780412912513634316e+00
1.932450462200016705e+00
2.174467460676014152e+00
2.056206733473929571e+00
1.580168643425617470e+00
1.469641689092296311e+00
1.141326596815497307e+00
1.174190275831672015e+00
1.240039778981691043e+00
1.210719403054264731e+00
1.390501575510232790e+00
1.145317720644313475e+00
1.604121456892583231e+00
1.277775418402861130e+00
1.508440851271231509e+00
1.292821327019877176e+00
1.398762189186377736e+00
1.733691857001174341e+00
1.308401429069623756e+00
1.359552788956195801e+00
1.542453729627410342e+00
1.505280575428087575e+00
2.015852432897915048e+00
1.953313243047297476e+00
1.394130872797838094e+00
1.465953539562704799e+00
1.556446030928844149e+00
1.222675451815536718e+00
1.316941583837448970e+00
1.397099557006921344e+00
1.795496206045533505e+00
1.376802575322464417e+00
1.304403673630283755e+00
1.497567709047867623e+00
1.607801917123961477e+00
2.405557373462770876e+00
2.131768404703592079e+00
1.852585871438293896e+00
1.489776285423347169e+00
2.107689129964483321e+00
1.558418540471186331e+00
1.503288880382693371e+00
1.586637348885305610e+00
2.090548881499245670e+00
2.271540826986085282e+00
2.442688204197846602e+00
2.195668508333015634e+00
2.015984616973880872e+00
1.793701391922176702e+00
2.254541861526208724e+00
2.351263801493452821e+00
1.748852353326421749e+00
1.769322008266451141e+00
1.831584439988228175e+00
2.046374219942518558e+00
2.117656876348965600e+00
2.436483944919133560e+00
2.231765798927911604e+00
1.684701766591112149e+00
1.863285941846029692e+00
2.046926720086815976e+00
1.952446631938683730e+00
2.166640064433629664e+00
2.338518667377015969e+00
2.236658439308780721e+00
2.077251146945537030e+00
1.465384444966987276e+00
1.615614708596727844e+00
1.404637804065728801e+00
1.168243159143399934e+00
1.615387875016749408e+00
1.844430327752516696e+00
1.913156973493390867e+00
1.569928108655689769e+00
1.390909538872014073e+00
1.515572290952457157e+00
1.270999854181832589e+00
1.379603895603892072e+00
1.492171534866841842e+00
1.539323342877340961e+00
1.123618802540978789e+00
1.364005421308942978e+00
1.437696474142270198e+00
1.368906526257707590e+00
1.395840775658830246e+00
1.405600643380540360e+00
1.176900502686244021e+00
1.336409019002673393e+00
1.262281141375703797e+00
1.418208116651227479e+00
1.361304460848151487e+00
1.556815831454979815e+00
2.054748795988153631e+00
1.687178512788153562e+00
1.859033801708559031e+00
1.522163726289204710e+00
1.694205594680322280e+00
1.629621889584981886e+00
1.779507642736613882e+00
1.417091742582240244e+00
2.019778903538335779e+00
2.040264903186225887e+00
1.894558929199026798e+00
1.928329820275408668e+00
1.754211422900058714e+00
1.924705502361228060e+00
1.838913867657760548e+00
1.792720308243433314e+00
1.660932508329468593e+00
1.604520397543070631e+00
1.755221733704302567e+00
1.820071392092977192e+00
2.103611866467800962e+00
2.222416177789099390e+00
2.071405002036888376e+00
2.224164510643449777e+00
2.162250328252080411e+00
2.101632634013822720e+00
1.739466103965599419e+00
2.064315049536994628e+00
1.780769146642963818e+00
1.992581198837471312e+00
1.998349389627088968e+00
1.547085731599235237e+00
1.791296666831228457e+00
1.885881729343662716e+00
1.779130382371517216e+00
1.966264007527205537e+00
1.937607615218700063e+00
1.782558724320773225e+00
2.187528797906042488e+00
1.730489630375044108e+00
1.634798763302336644e+00
1.442206316692212997e+00
1.660611869371182436e+00
1.968432750329640601e+00
1.981461084185230703e+00
1.733042852337406847e+00
1.333315386538021841e+00
1.063719709420617665e+00
1.522981545595096575e+00
1.612201860944297627e+00
1.319792999874045192e+00
2.110218838391702434e+00
1.773429033163518298e+00
1.643402808128505477e+00
1.651771985763568429e+00
2.045837225322749919e+00
1.886689325687051610e+00
2.019313578003777643e+00
1.822972681818050722e+00
1.809852184572851685e+00
1.570799289649758457e+00
1.591632552062589800e+00
1.444745971656176353e+00
1.400495283891403320e+00
1.273164276099434167e+00
1.504018023257177816e+00
1.560482628249486803e+00
1.492281733672664812e+00
1.474767208125544071e+00
1.774564569020669502e+00
1.924208194879825307e+00
1.573450793129711256e+00
1.710966181685386278e+00
1.996313025249708106e+00
1.822187695530975038e+00
1.513130451335880977e+00
1.413439200118878469e+00
1.307733104900847154e+00
1.072679841560522540e+00
1.580754913639765169e+00
1.228566751745352903e+00
1.369442120867653934e+00
1.518379974262407117e+00
1.189142948586819237e+00
1.562198268132613421e+00
1.394344579168877551e+00
1.739604183957812911e+00
1.570757493632396029e+00
1.667278682627645781e+00
1.968243591972874462e+00
1.875546702071178462e+00
1.364378624466721979e+00
1.397369711397118408e+00
1.367230666318541621e+00
1.377102087231427907e+00
1.048687308784245209e+00
1.109111885991715507e+00
1.125010408849970167e+00
1.197061285523905338e+00
1.372664650003578624e+00
1.238621361821103495e+00
1.265507012022154987e+00
1.628625017199420988e+00
1.689875151511101237e+00
1.685170652289086135e+00
1.671600178442681717e+00
1.659860052042542833e+00
1.396461252425416077e+00
1.217326906880989323e+00
1.396131753694882294e+00
1.599276702771648573e+00
1.688934878488045133e+00
1.412419768785911689e+00
1.668544986399840724e+00
1.449658800412803705e+00
1.428288713935363718e+00
1.395320619308962007e+00
1.134534171379484313e+00
1.357872087957596285e+00
1.527671187932396979e+00
1.491378729492642385e+00
1.586497806718053738e+00
1.733913442488357992e+00
1.616518780753330775e+00
1.463019190735630248e+00
1.868302664871609453e+00
2.124740061601673613e+00
2.187839047022356986e+00
1.488813991151319627e+00
1.544274775854750592e+00
1.656179308441979359e+00
1.634417332524737310e+00
1.779832580614265858e+00
1.994652803830779142e+00
2.390388284286564691e+00
2.039389564319084247e+00
2.163199416838347044e+00
2.211838955331480783e+00
2.256560128443755975e+00
1.604623291355219639e+00
1.753674302564978804e+00
2.263100314991439710e+00
1.973975645643881727e+00
1.926858791416879768e+00
1.785095285407585441e+00
2.111688539596936032e+00
1.856632776553498676e+00
2.027607921484503528e+00
2.130604906921177655e+00
1.779243697787987077e+00
1.965149618900236650e+00
1.966026683199799230e+00
1.608755603652580524e+00
1.522142384666772097e+00
2.240758444070377831e+00
2.036732891020087255e+00
2.132182006307797639e+00
2.368739153760212712e+00
1.819498077890351784e+00
1.761527928129496434e+00
1.582434058593041870e+00
2.014713387172029080e+00
1.937104466455803919e+00
2.064905204443220121e+00
1.392815987830687829e+00
1.300843063861667481e+00
1.490600046446128868e+00
1.569513854264044994e+00
1.708750601688543647e+00
1.400018615855575632e+00
1.611832279714418892e+00
1.666990093357080482e+00
1.584589848524983857e+00
1.814124258631683917e+00
1.828848160089267871e+00
1.939417307209308605e+00
1.613220209863434507e+00
1.699367297085870421e+00
1.914148631148311130e+00
1.914350219718046864e+00
2.001145475923017170e+00
2.039834334632459001e+00
2.101755799263770097e+00
2.134070591599509736e+00
1.876771682131949781e+00
1.659951809451017057e+00
1.595244486626824498e+00
1.929974978158002230e+00
1.450157310247416786e+00
1.165203672908893040e+00
1.946932138800468115e+00
2.246796046532786750e+00
2.229805862787137993e+00
2.089114260218907670e+00
2.595391570803820436e+00
2.594796589116704411e+00
1.717365936375088387e+00
1.717730785198364973e+00
1.159116519326849337e+00
1.696221511338511734e+00
1.609739500781416588e+00
1.565045955431204616e+00
1.409882943961722424e+00
1.407838303692056536e+00
1.536107819186190770e+00
1.340023333708233899e+00
1.488757684823780680e+00
1.561061613952533289e+00
1.537386207597722487e+00
1.354769177978418560e+00
1.622858027719422225e+00
2.082560456579929831e+00
1.805945275036612729e+00
2.027005300463010418e+00
2.359117088326141864e+00
1.883668082029590352e+00
1.723174051024214171e+00
1.705013849351856736e+00
1.741752624559199436e+00
1.497086735162192150e+00
1.764567430729762298e+00
1.444061197765417859e+00
1.260312965593431089e+00
1.450581602656524138e+00
1.809259847205040961e+00
1.592491875276964564e+00
1.280720632581713980e+00
1.424804008211357553e+00
1.627109215302801504e+00
1.664864763032801509e+00
1.365674395808926134e+00
1.310815225491075653e+00
1.148159019894661181e+00
1.116181591117795691e+00
1.389907793995473373e+00
1.791529292495500414e+00
1.606318280353355110e+00
1.885355894667234411e+00
1.644158246571366000e+00
1.611747208675220255e+00
1.399930439843704910e+00
1.305884652066326090e+00
1.616101714499544428e+00
1.520129781506726285e+00
1.535028262418689504e+00
1.532492208880853246e+00
1.424169376810134446e+00
1.276458091903037939e+00
1.342745402395099319e+00
1.233709881605676184e+00
1.751749291314202983e+00
1.894860326005157081e+00
2.210799818653527371e+00
2.166102878583441971e+00
1.850562738734621959e+00
1.859462169960740319e+00
1.720403870577515537e+00
1.635800532818638686e+00
1.700600784732017035e+00
1.856859809854166432e+00
1.472710205765662694e+00
1.543951385442430047e+00
1.651677634919203719e+00
1.255785843633234089e+00
1.795139114813660841e+00
1.268057926165083060e+00
1.230660173258786738e+00
1.074526360759457289e+00
1.066024198423228597e+00
1.110626946276916716e+00
1.160018094251406451e+00
1.137425432235424694e+00
1.323560503189600723e+00
1.365738619226549710e+00
1.473697554583898173e+00
1.831197990361631556e+00
1.842793168645689095e+00
1.441295219542270578e+00
1.245183022783534987e+00
1.414456020194395647e+00
1.390166536451329593e+00
1.233559750180621917e+00
1.332667755368011520e+00
1.129867757281572294e+00
1.146254104257707018e+00
1.273906544295095422e+00
1.041399611016515125e+00
1.121139260739908661e+00
9.918183085910912133e-01
1.092928869637796563e+00
9.822323274685544892e-01
1.165547840345315445e+00
1.338685738788677693e+00
1.211299818958565089e+00
1.081607613634327114e+00
1.442635068344328531e+00
1.188333384197345577e+00
1.118074911449663311e+00
1.030045376185975359e+00
1.700354788577825182e+00
1.907003614228274024e+00
2.112927134233313353e+00
1.908786296276596461e+00
1.803151022512848645e+00
1.769936336434885238e+00
1.526306014179361403e+00
1.381078857637638269e+00
1.130467635724842657e+00
1.365073774367603576e+00
1.576875291863679474e+00
1.326212271921928920e+00
1.181860039573574772e+00
1.275541430326928349e+00
1.185998692586510916e+00
1.417136032443511606e+00
1.381938755408109287e+00
1.332912904720965130e+00
1.257605756233159511e+00
1.240712807802058393e+00
1.864922050176905488e+00
2.062906092247363432e+00
2.057172398399037316e+00
1.825803169509461643e+00
1.999765444807378501e+00
1.706181087099084115e+00
2.279768371235984858e+00
2.192055032654848912e+00
2.332604961655078579e+00
2.083874424632847333e+00
2.233210854471569640e+00
1.871693483605386010e+00
1.237048278409061286e+00
1.343524399707130446e+00
1.383941129874102671e+00
1.273415856448765426e+00
1.358978985490088665e+00
1.611237630045593505e+00
1.793709921105683947e+00
1.847060490693202439e+00
1.435744297923678525e+00
1.406789544325456998e+00
1.959127996620578349e+00
1.817163849534133790e+00
1.464513918691581207e+00
1.490203141184492708e+00
1.647783426271334228e+00
1.878513067446658802e+00
1.643234755415629911e+00
1.845287107551522032e+00
1.862692969601076998e+00
1.849400883090178027e+00
2.178097512200417363e+00
2.331274003095843650e+00
2.419902872644541070e+00
2.193100035334107911e+00
2.176897022900920131e+00
1.923038412552719567e+00
1.728119527925378041e+00
2.076206412390841916e+00
2.081965500845238903e+00
1.882882571861095755e+00
2.400350693392388823e+00
2.218084527967036923e+00
2.334557152144634440e+00
2.004559482169392393e+00
1.983048044959069278e+00
1.950309553534900875e+00
1.750895250786528523e+00
2.152239972742096441e+00
1.849808657634738118e+00
1.906072160405149596e+00
1.849716728025456947e+00
1.871030659811284469e+00
2.025978573050018827e+00
1.716058335647199007e+00
1.720685835213303649e+00
1.973535482201611346e+00
1.913374796854437676e+00
2.423848221040081796e+00
2.475679408277538851e+00
2.097067164989661947e+00
1.955273424793015025e+00
1.880158149285573010e+00
1.799929820960411098e+00
1.693604394894585585e+00
1.982915906029338871e+00
1.667681747290574723e+00
1.964394740261246497e+00
1.861786207199799481e+00
1.555284757671573814e+00
1.736174789879286529e+00
1.130430087867244859e+00
1.483305956919084734e+00
1.951288399170317156e+00
1.336480426206147154e+00
1.457760771304145386e+00
1.369816586446264361e+00
1.479349372943811858e+00
1.447251958477351108e+00
1.757408444449068519e+00
1.919385665173333200e+00
2.212689080619298920e+00
2.225974370706724326e+00
2.236626726045891633e+00
1.750792338351165434e+00
1.303593825244742321e+00
1.429712716401914330e+00
1.542994567128235461e+00
1.403870319506930642e+00
1.491028557388056175e+00
1.413007781269778107e+00
1.419589752870224375e+00
1.355358018846154922e+00
1.107014628883490337e+00
1.331028557275202751e+00
1.444434459770296053e+00
1.500231306153100075e+00
1.343546848925529558e+00
1.103904813283662412e+00
1.354603564652926195e+00
1.476996451471580762e+00
1.881000019102885279e+00
1.994720591772754403e+00
2.189217696829020010e+00
2.048418950690845897e+00
1.717946110054913378e+00
1.826585021782319407e+00
1.850629826299624803e+00
1.938165272039262366e+00
1.504444476790716800e+00
1.724801283271375496e+00
2.117101101252072848e+00
1.951746963710650595e+00
2.285851212411729616e+00
1.913167172891051981e+00
1.860567641704031772e+00
2.044385017524000592e+00
2.387968451184713903e+00
2.182561687403299810e+00
2.263798411225568241e+00
1.954908906451515493e+00
1.729917714414340502e+00
1.788705138597091349e+00
1.380517144429710852e+00
1.199458360632227327e+00
1.109402079584945300e+00
1.122973515415642165e+00
1.132239941369925118e+00
1.384756950312931778e+00
1.515773898826637378e+00
1.626239030049038137e+00
1.757236175269383027e+00
1.954036795609136012e+00
2.137410104677271327e+00
2.321852950626958290e+00
2.183886057382519841e+00
2.407868950359679960e+00
2.757088970177306919e+00
2.387936567404785659e+00
2.137843858457720625e+00
1.800080663222631605e+00
2.066022100453321908e+00
2.025156691667911346e+00
1.478900776928858241e+00
1.567641597685179189e+00
1.109326949583430366e+00
1.386282339298042121e+00
1.487627917241721942e+00
1.451895001088041592e+00
1.136084539908415403e+00
1.341812664922753306e+00
1.665258553035608546e+00
1.740118100369195009e+00
1.837237903659135085e+00
1.873787970941825254e+00
1.869192552927559481e+00
1.733032159381359794e+00
2.076218471083818073e+00
2.188373272692602178e+00
1.739625523843581378e+00
1.827841633835014523e+00
2.038287485608169636e+00
1.765577261640917772e+00
1.970057694788115654e+00
1.872793798304070556e+00
1.895761454060368001e+00
2.130283904647162441e+00
2.313921846092520607e+00
2.507561153637462237e+00
2.192022477727064267e+00
1.923920512765100455e+00
1.874140858808724275e+00
1.822138744602428417e+00
1.442654387574420882e+00
1.772504948569904260e+00
1.763010162273777715e+00
1.801901680052877985e+00
1.753098193900255897e+00
1.609302249701044518e+00
1.518984905274588959e+00
1.507314723816840951e+00
1.449149952753422177e+00
1.293901789441952221e+00
1.212977721394830288e+00
1.307877626198496124e+00
1.239506318887248604e+00
1.038091067207987273e+00
1.183281005937768970e+00
1.276195084474386565e+00
1.113901855656018292e+00
1.406292096271683167e+00
1.078239748384935082e+00
9.820543920987635511e-01
9.790273623984003803e-01
1.092780473520248652e+00
1.383853643143946321e+00
1.328276477775466757e+00
1.381366710041843859e+00
1.399394465111235775e+00
1.336877931387250307e+00
1.494306303151346826e+00
1.509895727463780313e+00
1.714270498730318337e+00
1.562724149169959720e+00
1.595420171584955193e+00
1.835824535997587548e+00
2.091895248990500278e+00
2.163238626307836920e+00
2.033524732059420970e+00
1.708889129137816099e+00
1.296391132196880847e+00
1.447778034465465602e+00
1.912702653792580865e+00
1.734330094014775003e+00
1.520232832559740732e+00
1.387700668775998736e+00
1.645512877799263141e+00
1.774942536446687313e+00
2.353950000666942710e+00
2.241826846153622821e+00
2.412577660934797752e+00
1.628364224356342094e+00
1.671373089355759678e+00
1.721575503168185195e+00
1.975377836107045315e+00
1.927584688699880644e+00
1.359573202262826186e+00
1.656054779645379504e+00
1.597584826108532807e+00
1.425675117729342078e+00
1.924922980377209658e+00
1.976944118611315027e+00
1.897139306919893631e+00
1.749703436627868758e+00
1.778387873222019300e+00
2.428523622039480134e+00
2.449846444214731189e+00
2.279300559464370490e+00
2.506415459448246619e+00
1.806390144454140145e+00
1.867909210653863727e+00
1.712317219348775232e+00
1.834117071590896986e+00
1.680631372377522581e+00
1.749364317826524573e+00
1.653223189194315879e+00
1.718138017490987046e+00
1.392849079137926216e+00
1.408783699544262413e+00
1.227444354181366659e+00
1.219557802556163972e+00
1.152757604117596868e+00
1.374704394817739539e+00
1.186049873752497819e+00
1.203189560378864265e+00
1.278507435508291490e+00
1.436791459490034617e+00
1.882470534171238441e+00
2.016783889168736632e+00
1.783668887734013442e+00
1.314052520382811728e+00
1.385279262508522846e+00
1.255631553908704179e+00
1.408547027386598538e+00
1.343767302680249243e+00
1.507359208285325103e+00
1.816556491148708208e+00
2.279575258786468606e+00
1.922120480351424021e+00
2.138645726766962962e+00
2.440119324324527827e+00
2.262128086708619534e+00
1.984446499764272787e+00
1.629748546359355066e+00
1.668385304714168349e+00
1.518705156040299764e+00
1.727449404591667959e+00
1.388834309068464279e+00
1.157124138201327979e+00
1.326248137206343936e+00
1.300577240502226006e+00
1.427541209524319843e+00
2.027839771768533250e+00
1.792750262975334685e+00
1.832280576770086489e+00
1.906941381767756516e+00
2.238137436213765596e+00
2.085721155267942883e+00
2.067746449351585358e+00
1.982015647048823270e+00
1.956293712050535483e+00
1.638022248947582860e+00
1.558839688944251733e+00
1.702211312008951483e+00
1.804019305055159395e+00
1.607138107099798097e+00
1.592522467427065047e+00
1.250586601391458164e+00
1.423141959668530854e+00
1.313168594170835313e+00
1.154869114383774820e+00
1.094244059347078801e+00
1.474571655196220465e+00
1.311636399659547259e+00
1.581001685268684787e+00
1.302941258597970275e+00
1.763536314554976503e+00
2.094057313152356770e+00
2.256491152168575542e+00
1.961172025702670796e+00
1.976506864953331277e+00
1.614173389111223544e+00
2.208158428239516358e+00
2.295739916509160317e+00
2.373783895446080816e+00
2.423437131942730360e+00
2.482345514572528611e+00
2.173411074183849490e+00
2.094821276065652604e+00
1.442866352635312932e+00
1.124544093182531013e+00
1.196547768999462580e+00
1.163064241667950638e+00
1.083262598641289376e+00
1.311104308461767287e+00
1.068425465652088624e+00
1.134710751522194361e+00
1.106602480204157191e+00
1.401608388935423610e+00
1.321360515389813362e+00
1.526913765397097222e+00
1.582105126948612606e+00
1.616393602261747775e+00
1.589969907639918745e+00
1.559117681339426964e+00
1.629201468850437040e+00
1.528841474749842222e+00
1.664007436322744837e+00
1.835252364477939269e+00
2.071509628603493081e+00
1.688543670781319284e+00
1.809153666054958753e+00
1.465114394655747887e+00
1.378475609701830473e+00
1.562499728243747166e+00
1.623250884914411607e+00
1.655462560025200425e+00
1.619411967648072492e+00
1.492596644315271393e+00
1.733085144457844340e+00
1.628247085327805266e+00
1.631504621790451415e+00
1.426722035612279615e+00
1.022968003536708137e+00
1.194060558342679546e+00
1.521471291177287632e+00
1.502360164298018885e+00
1.343508101714427028e+00
1.310204719474978186e+00
1.322900894382735615e+00
1.284900975127558631e+00
1.437331468140259361e+00
1.275465644336326365e+00
1.306012115060751544e+00
1.355174992480891127e+00
1.259311565642859954e+00
1.464478065798792583e+00
1.504041553851787505e+00
1.652448886276874696e+00
1.327419487465917758e+00
1.430857155122575497e+00
1.480211704214736690e+00
1.753746356113384808e+00
1.358619996280551856e+00
1.029415033591692064e+00
1.400639997181353458e+00
1.415874177704270487e+00
1.615725187964450527e+00
1.801543491999650248e+00
2.153984913089365349e+00
1.814425478549095860e+00
2.112117631650651806e+00
2.330526291649992476e+00
2.455884283958685188e+00
2.349393148710308576e+00
2.110530271704223804e+00
2.053377894011418459e+00
1.816033539422510446e+00
1.714033773282033879e+00
1.682738643791422239e+00
2.066737014772193515e+00
2.081243664176574804e+00
2.098841782877102879e+00
1.615160075853986577e+00
1.907079130501152964e+00
2.048102735343864556e+00
2.052830707364367679e+00
2.115161351722422367e+00
1.912221680361056997e+00
2.190248712446638546e+00
2.240919270168679311e+00
2.006353032723672936e+00
1.944804444324648163e+00
1.931011030338587009e+00
1.699974533682048206e+00
1.119201897067795715e+00
1.307056268096384199e+00
1.262653628229441161e+00
1.110291451567835486e+00
1.358595963830162567e+00
1.202780740856326913e+00
1.101627260843943024e+00
1.196724524862793348e+00
1.207095651047459750e+00
1.515951775116956668e+00
1.337921372617951077e+00
1.051708116781146840e+00
1.153553451967253674e+00
1.248566483670366489e+00
1.543632080532911788e+00
1.598915749547626275e+00
1.775351393726313676e+00
1.572646780662673827e+00
1.200625637895023079e+00
1.211905685295300517e+00
1.258212222621874155e+00
1.355602756511730789e+00
1.283858601435413638e+00
1.357032487460870129e+00
1.272829657416937099e+00
1.443555841122156513e+00
1.439498125787948224e+00
1.236781508509099625e+00
1.449163895906921518e+00
1.950661812268290163e+00
1.651646390174132506e+00
1.551282962720740066e+00
1.815292582344550709e+00
1.635974178023272163e+00
1.348410818134698985e+00
1.446799515902651878e+00
1.496111034804675555e+00
1.572127702703527197e+00
1.796187299712807217e+00
1.970474717922620078e+00
1.841049856936933127e+00
1.492356333620026732e+00
1.488705148394613875e+00
1.153314484378988425e+00
1.448022405873557572e+00
1.200257942762374963e+00
1.256890274419927511e+00
1.230699679220442322e+00
1.323367089072463143e+00
1.444551467413285994e+00
1.501218670953640588e+00
1.296742555643890293e+00
1.298433047146756891e+00
1.470473359356612164e+00
1.462179882409682774e+00
1.153805203801049117e+00
1.087566457766394601e+00
1.298884125191291261e+00
1.329951102246935690e+00
1.196798020582564792e+00
1.189426643131119121e+00
1.178645759121328629e+00
1.234517137706092393e+00
1.118901759400506624e+00
1.359178554662491489e+00
1.488260581283015860e+00
1.577125272566906489e+00
1.508283446227881130e+00
1.556812965531797932e+00
1.676236956696693703e+00
1.637159644645732604e+00
1.718207900779791020e+00
1.411318586428715216e+00
1.568887570227043948e+00
1.454437652482598153e+00
1.605314951699627901e+00
1.315608385313470130e+00
1.612307214736422356e+00
1.663447242882718946e+00
1.652570074108442588e+00
1.760524402578236947e+00
1.868006163370708128e+00
1.541196834173670371e+00
1.401439653867214252e+00
1.238218484685400966e+00
1.134773073585838565e+00
1.469883414551050427e+00
1.381549091171601518e+00
1.218994927234676728e+00
1.159772074204258541e+00
1.443138279091786824e+00
1.817012036825775390e+00
1.919963610563034884e+00
2.008654783093112073e+00
1.495337112761697895e+00
1.444055448939977948e+00
1.728113337584294973e+00
1.559832624614871044e+00
1.653089397822847362e+00
1.744894910210772032e+00
1.530802527692563864e+00
1.562299312864745993e+00
1.512932934285821762e+00
2.048922884900853614e+00
1.884831344042438461e+00
1.863980444231239764e+00
1.632638317209705647e+00
1.924739783230070334e+00
1.711700555455123451e+00
1.808282721324455444e+00
1.859751051148924361e+00
1.706672296975801251e+00
1.818191127554593001e+00
1.813262128770120718e+00
1.654475354640190687e+00
1.353777010182534601e+00
1.192342143534219856e+00
1.172067740152932691e+00
1.261212650677373759e+00
1.521152126260086668e+00
1.132801731313263005e+00
1.436259026102449710e+00
1.190365484191292955e+00
1.071138731287688994e+00
1.292330822979826488e+00
1.269032473116946225e+00
1.560137236465404920e+00
1.475698322366834514e+00
1.589185325549396177e+00
1.665970214347303857e+00
1.332038382419142852e+00
1.597177867664276718e+00
1.600961468027761292e+00
1.503596622807740424e+00
1.193451529669881994e+00
1.389334828794392074e+00
1.404331759173168770e+00
1.321616680653299625e+00
1.325406646065669714e+00
1.285633006529924849e+00
1.250106862895863147e+00
1.235052164236268624e+00
1.346388139554443697e+00
1.400721066036350271e+00
1.423394480144185126e+00
1.535614617199880572e+00
1.313333289312282881e+00
1.181564233781108308e+00
1.392669139911715259e+00
9.788648266339157189e-01
1.139990077672795366e+00
1.076796875357207028e+00
1.099366963398542785e+00
1.203044326456667257e+00
1.252916232431551702e+00
1.317860130457114032e+00
1.335382028539009447e+00
1.353448492358205524e+00
1.584349060263141595e+00
1.487612366158908017e+00
1.467006690762760357e+00
1.421347341239043827e+00
1.508015366624990250e+00
1.637163666579596111e+00
1.767308427293814876e+00
1.957456069335781867e+00
1.582284324050485580e+00
1.398462673092312203e+00
1.745322144060464709e+00
1.636311631574700387e+00
1.421838149894841585e+00
1.512825206494543329e+00
1.747492462663052137e+00
1.811101871037418709e+00
2.131484108086385998e+00
1.466394986561525338e+00
1.558656952665478101e+00
1.344887153044685313e+00
1.437318134903740274e+00
1.429047254131369904e+00
1.129887580851028028e+00
1.351748259246405182e+00
1.375817074857664357e+00
1.126314625811689396e+00
1.646046917200905346e+00
1.521306192486914455e+00
1.263633984302997781e+00
1.123487048543691413e+00
1.213090831749188858e+00
1.435069659433534150e+00
1.561050988952020768e+00
1.695578472559495342e+00
1.818074877010457335e+00
1.800770948243955560e+00
1.708180723081058616e+00
1.727701064676330223e+00
1.794672968230128340e+00
1.343480507411148883e+00
1.429084354712965244e+00
1.375596668085602214e+00
1.543674985946502654e+00
1.956622936851399430e+00
1.379452315920316252e+00
1.307748803554990236e+00
1.151146943620756424e+00
1.632812964480398144e+00
1.625422353460558744e+00
1.586621856975436451e+00
1.641108313259416862e+00
1.686815021057854969e+00
1.642066586618355473e+00
1.725724596413419354e+00
1.443197411529497209e+00
1.481812335617296750e+00
1.549618906403502638e+00
1.562649570478942485e+00
1.424546753856006376e+00
1.629194375819499330e+00
1.561088002924217344e+00
1.367000171529301866e+00
1.775872421283441360e+00
1.427203902774466515e+00
1.582125766236037290e+00
1.821487665231243058e+00
1.920935259865091727e+00
1.660172737159173240e+00
1.624385715288426013e+00
1.779839129230956551e+00
1.651306030475542919e+00
1.529416195426712477e+00
1.308214780188668547e+00
1.377919193922477303e+00
2.083189747256314117e+00
2.253669208326152695e+00
2.014112749063783792e+00
2.155975317637091493e+00
1.910630351773999536e+00
1.529851670336356051e+00
1.723603956808908766e+00
1.588520632767420171e+00
1.851776085566896102e+00
1.774033839864339601e+00
1.497594470302120673e+00
1.225702408117199660e+00
1.396791780946144312e+00
1.260241408347902770e+00
1.382851930631106896e+00
1.306885308203852958e+00
1.187374170561315001e+00
1.411718066362903645e+00
1.447047229671654556e+00
1.621862730308431644e+00
1.731711919897242602e+00
1.951169697988460072e+00
1.914578718551534386e+00
1.786978442691626867e+00
1.676742239960671954e+00
1.348991480897585582e+00
1.214286060467075323e+00
1.180984678803878474e+00
1.126517130458353000e+00
1.340502603185842023e+00
1.738287437587324735e+00
1.577872718967324728e+00
1.674473850587498092e+00
1.668779110252955222e+00
1.591534442044317155e+00
1.253150541704000309e+00
1.328083424600519535e+00
1.440504649418469230e+00
1.410587932180155102e+00
1.461169595990512216e+00
1.445210977021909038e+00
1.275418435200160294e+00
1.423126616646113618e+00
1.512106803315512504e+00
1.796120765520884177e+00
1.838880625406354774e+00
2.173330469935115694e+00
1.931921120825194071e+00
2.018152582119309812e+00
2.316240130625303983e+00
2.188637995529634228e+00
2.170718916935546083e+00
1.781555489602869802e+00
2.175112744577241575e+00
2.301328477192435162e+00
1.765451739178799606e+00
1.369769049853195364e+00
1.404363030846296212e+00
1.478964340001383659e+00
1.461769457513277359e+00
1.752363784396992363e+00
1.877187298190864384e+00
2.329594678758700521e+00
2.017517117612541266e+00
1.857711090735854942e+00
1.469989055614772333e+00
1.439501680811379192e+00
1.320758616447292200e+00
1.265496197336458462e+00
1.392573616397754455e+00
1.421203990046680410e+00
1.411204866092359067e+00
1.442856616985281892e+00
1.452044198942689768e+00
1.061317826109054563e+00
1.259633581417326953e+00
1.373100647977002264e+00
1.264322029145281245e+00
1.279753782724592837e+00
1.684395226432253256e+00
1.722054443192923889e+00
1.341948241431979438e+00
1.415283255889624225e+00
1.723632042271447506e+00
1.869928653439762334e+00
1.728900105741363324e+00
1.875528637661175502e+00
1.604028410995086196e+00
1.576534934884606720e+00
1.118629661710492273e+00
1.164703328846589558e+00
1.581359134202041439e+00
1.329168193729714842e+00
1.187274701800275833e+00
1.279301190274652500e+00
1.918047613014578490e+00
2.068145696608434836e+00
1.871973757660340132e+00
2.112138327596659426e+00
2.101497349758816302e+00
1.956249048660382517e+00
1.671325194499828415e+00
1.879928630549689617e+00
1.911202701332156195e+00
1.872480052657867322e+00
2.292482831778332120e+00
1.861437222260283297e+00
1.682041707776944506e+00
1.380343835961945098e+00
1.526513273305176943e+00
1.587721686689547163e+00
1.665109794720274650e+00
1.743731947246564662e+00
1.530049282295516955e+00
1.353945446645943962e+00
1.337453588483381584e+00
1.461186136005321989e+00
1.323947383587479543e+00
1.576615242159403962e+00
1.555563842864092328e+00
1.375446944729831200e+00
1.181634860505601514e+00
1.437085598271780063e+00
1.459350827082428914e+00
1.360671136517460189e+00
1.700961408812554643e+00
1.327624898146865462e+00
1.486644904091964925e+00
1.198151082414738555e+00
1.752112170359521048e+00
1.195237924223079506e+00
1.951436049910079351e+00
1.755058382724735466e+00
2.196617260705952202e+00
1.990550639673065891e+00
2.163495967827354427e+00
2.149789535602198320e+00
2.200638148659933346e+00
2.295319110530486650e+00
2.140768123124753508e+00
1.752702567853434479e+00
1.885304708267006024e+00
1.864921244704216052e+00
1.442883305378729553e+00
1.569275814889450782e+00
1.549811048388910484e+00
1.749347687391301420e+00
1.380923529800742511e+00
1.323148473054921226e+00
1.551260496515115328e+00
1.616594668354858655e+00
1.660524991995980804e+00
1.587909060635573022e+00
1.623021383039455534e+00
1.813904471000775009e+00
2.028248696404252094e+00
1.560194400727425545e+00
1.968285220001437796e+00
2.072101222801234766e+00
1.819288882319910927e+00
1.523120697027444237e+00
1.485879397495518006e+00
1.666889583057971969e+00
1.768373467644000385e+00
1.687362648924518371e+00
1.814004463329114802e+00
2.149810942572452532e+00
2.041027414104469084e+00
1.802692284047287874e+00
1.612570716160275808e+00
1.861915989243338121e+00
1.478525536709049293e+00
1.484806980184222747e+00
1.522022732572372306e+00
1.481030491302728791e+00
1.466148821385493184e+00
1.524128412319447845e+00
1.752959402521337751e+00
1.994988537703688225e+00
1.997606753894286769e+00
1.840482275647488564e+00
1.917110649966259350e+00
1.908888935034489087e+00
1.702473201699592043e+00
1.786192326869048719e+00
1.543760670917201816e+00
1.505065010607904874e+00
1.180729214005615146e+00
1.436803882502230012e+00
1.566225851501619637e+00
1.804996400909059551e+00
1.757164429564832098e+00
1.815441745533712847e+00
1.475342708728053731e+00
1.451933690446897351e+00
1.748239584531730006e+00
1.401538053651949278e+00
1.385154431567615863e+00
1.441450667722110834e+00
1.567551101817329373e+00
1.587676835985710966e+00
1.558787690234119783e+00
1.515285104138469841e+00
1.811763786359856354e+00
1.681935204441122655e+00
1.515046664971862356e+00
1.775784412356056441e+00
1.461291458442067981e+00
1.478662988795283573e+00
1.348466877744169068e+00
1.308049685599950385e+00
1.280805478522830221e+00
1.055570751662629370e+00
9.756472909015390105e-01
1.262314041972852685e+00
1.316528117588998903e+00
1.561878705208718188e+00
1.172997316094677611e+00
1.557743443948870210e+00
1.463711536580109218e+00
1.448168403681221683e+00
1.244935970588882057e+00
9.759513086334395959e-01
1.199528691765447075e+00
1.288081377702350094e+00
1.448927763666640223e+00
1.345876402429336149e+00
1.254687318531757523e+00
1.224885398645911616e+00
1.079611540755510690e+00
1.278593002054460248e+00
1.288708905766040580e+00
1.597064550672102179e+00
1.626933014352096585e+00
1.733541283960394530e+00
1.866902794366742668e+00
1.748479957991029510e+00
1.695181838267640018e+00
1.553035138985961794e+00
1.941175211260693700e+00
1.760172558998720049e+00
1.755089299392354363e+00
1.593584855118769683e+00
1.914988712517514236e+00
1.671210703404121922e+00
1.684588645688686270e+00
1.913334924339779253e+00
1.910913096780121112e+00
1.923452009218177272e+00
1.967783093180901055e+00
2.411255989365409302e+00
2.265225029024947823e+00
2.295719491275352464e+00
2.532092159575516366e+00
2.192751047796663411e+00
2.341420652246879008e+00
2.295818733690830005e+00
2.286429762436803070e+00
1.796950114166624424e+00
1.555683096873906823e+00
1.549984918479479390e+00
1.905433882690091840e+00
1.630568563742305521e+00
1.557254029749095103e+00
1.427122284787694761e+00
1.314794338549111208e+00
1.381261233104317032e+00
1.255942670970588537e+00
1.105427124365747416e+00
1.211666867789557234e+00
1.308942066637280632e+00
1.470138610515921318e+00
1.509596349115978953e+00
1.526828235217456475e+00
1.299181353164408970e+00
1.436020531593527716e+00
1.419950957080645670e+00
1.122719961182307102e+00
1.194018327679623015e+00
1.348609382718061633e+00
1.385812433483346373e+00
1.572045081444735981e+00
1.552816539129653339e+00
1.563769718386802676e+00
1.640170457287715822e+00
1.917558800563937460e+00
1.779871325087447609e+00
1.837659650733952432e+00
1.717504771756106940e+00
1.465510626931925797e+00
1.272742336269655050e+00
1.473068716478400653e+00
1.541498762537189871e+00
1.325450895332098034e+00
1.510312538434438023e+00
1.448392298438847314e+00
1.286419376055263575e+00
1.462272765574365696e+00
1.792250003514296752e+00
1.523358187695680321e+00
1.596716316040881267e+00
2.027260927492680498e+00
1.971754481492712152e+00
2.206994751427465484e+00
1.995343899838498691e+00
1.611439799360783631e+00
1.761626899632499521e+00
1.815546609078793949e+00
1.988475666269346576e+00
1.707579345028861439e+00
1.497223719697847955e+00
1.415352857389807983e+00
1.261919444788536460e+00
1.393879977825361216e+00
1.556849972585731434e+00
1.469869798919451354e+00
1.632378441127791291e+00
1.475635228257906606e+00
1.681609489952570868e+00
1.569594787903762834e+00
1.412696691661251780e+00
1.295325687711358809e+00
1.540571979351817111e+00
1.678269713108350381e+00
1.567101182750426869e+00
1.466690194103541067e+00
1.521492314905408705e+00
1.259364369063111555e+00
1.276574168978748203e+00
1.680766867162255096e+00
1.788783469071059562e+00
1.628096323129344825e+00
1.654779562537650683e+00
2.015919347692207264e+00
1.913907365300292263e+00
1.725703760350347338e+00
2.033032163807236614e+00
1.787867976048996610e+00
1.788828957518996177e+00
1.658799767203960718e+00
1.727925682037002364e+00
1.700388939374180453e+00
1.623741854051848454e+00
1.400478341530075888e+00
1.431517821180959160e+00
1.901257834039652428e+00
2.341624762865539111e+00
2.112651234374642417e+00
2.311258121719937719e+00
2.011877677204494841e+00
2.125168947151716115e+00
1.830891134966484701e+00
1.759140540047724688e+00
2.038638676124024052e+00
1.692716473185134962e+00
1.354762776536822644e+00
1.366814954043053865e+00
1.816256967986780602e+00
1.681346919806109952e+00
1.814954143366985129e+00
1.732144886903856706e+00
1.941617815820011916e+00
2.225169367969050960e+00
2.237091861052966646e+00
2.209774917352896662e+00
2.384159500960687517e+00
2.104616854531096148e+00
2.264377295735412687e+00
1.877794941326118794e+00
1.870244349190999023e+00
1.868714887071229569e+00
1.789458458268865515e+00
1.951172704846201533e+00
1.759687431338562646e+00
1.873146033893165141e+00
1.617894436534406566e+00
2.038960957500052018e+00
1.989880511899511539e+00
1.817073046427073679e+00
2.023510619655734200e+00
2.161028834957980926e+00
1.795325964166061938e+00
1.870462745825391071e+00
1.612917561752250428e+00
1.600565238180510441e+00
1.558052757143284728e+00
1.513424405274678364e+00
1.282424837522527117e+00
1.207497777891390012e+00
1.745311390737445123e+00
2.055581282785194031e+00
1.932367698019775037e+00
1.800933515336810009e+00
1.876875313896743780e+00
1.817193999050985331e+00
1.763836979643613079e+00
1.418121772113597245e+00
1.809794630690190864e+00
1.896740975515689431e+00
1.834039776366920727e+00
1.408454394456673198e+00
1.216805089353474534e+00
1.292226283021770117e+00
1.105732909634962180e+00
1.238793195665527147e+00
1.296862656976513151e+00
1.388222277275976024e+00
1.091851390860197002e+00
1.119102253611290010e+00
1.196139155974401680e+00
1.648879485820677004e+00
1.867447586997465159e+00
1.934731792370516290e+00
1.906408499486209385e+00
1.793268607848500951e+00
1.896025230997247624e+00
1.555554977779881831e+00
1.988719860713082710e+00
2.095347895896522150e+00
2.222152603155795436e+00
2.494658432959001804e+00
2.368038864354981676e+00
1.871519283509118114e+00
1.810380855636448905e+00
1.752386333551487985e+00
1.530156608397679419e+00
1.642575801811940295e+00
1.368229101606238896e+00
1.404801515718974603e+00
1.292126396935657340e+00
1.467306514434565834e+00
1.574735343196841830e+00
1.649990461373581851e+00
1.978854061698682942e+00
1.756361783708054736e+00
1.640239253304223155e+00
1.468295524665129026e+00
1.869281297014182330e+00
1.922842577793219654e+00
1.830376534734331262e+00
1.962305491790862000e+00
1.760304209349262905e+00
1.950210969211249479e+00
2.064545056297080627e+00
2.246047839763629650e+00
2.425622546987739270e+00
2.430668628535297859e+00
1.863994677247969634e+00
1.938578725470749164e+00
1.985183078435294846e+00
1.362149108283793986e+00
1.469324430572853668e+00
1.292209115459041824e+00
1.457471254877687805e+00
1.517155303063209892e+00
1.465592705564517928e+00
1.764578829731346721e+00
1.435721705550643490e+00
1.615047687990957215e+00
1.695599871175440088e+00
1.826109754212916103e+00
1.901710671228078686e+00
1.647405841685815719e+00
1.307203305309484254e+00
1.478722889013478259e+00
1.180065436089795083e+00
1.110342558018675652e+00
1.185436718400609823e+00
1.418527027300036991e+00
1.375790410551089415e+00
1.275060018167444298e+00
1.036304097165425375e+00
1.104297169536105239e+00
1.199316783266903164e+00
1.310954956943467753e+00
1.417242771956636949e+00
1.330569431281219739e+00
1.322454894166430250e+00
1.270361566161175126e+00
1.552626809459843438e+00
1.416046819206372653e+00
1.548081226991457671e+00
1.615984677969255934e+00
1.653962753086341664e+00
2.141197483827919079e+00
2.267911542724793339e+00
2.323931648055690857e+00
2.435965736562483386e+00
2.195806051029097095e+00
2.121115360572314756e+00
1.881771714515148464e+00
2.021249893922870466e+00
2.311992842155982331e+00
2.201466754860664121e+00
1.552204133065651970e+00
1.644230028800694576e+00
1.661101761160254986e+00
1.421582623135322576e+00
1.172089301328144151e+00
1.146571714587157897e+00
1.059001811597010567e+00
1.047808529010253897e+00
1.182493474360211128e+00
1.185890829251742717e+00
1.288070007385488491e+00
1.680914900060460626e+00
1.877448892467829866e+00
1.528579196677085639e+00
1.858568125006727856e+00
1.800736637025882381e+00
1.900010271875496315e+00
1.785279249885556530e+00
1.895314418735923656e+00
1.932275213829121263e+00
2.157413233202863267e+00
2.009919626460964004e+00
1.830556052998220995e+00
1.779014884267146046e+00
2.064527079026133194e+00
1.837743240870510553e+00
2.017139076255920926e+00
1.896570685083641239e+00
1.879980967190267194e+00
1.810057315600405836e+00
1.531520473591710063e+00
1.618437007052051513e+00
1.209355498544225638e+00
1.142077718197079594e+00
1.396597210705246006e+00
9.837621507430784895e-01
1.609366258388411852e+00
1.793900551941484567e+00
1.473818309693244455e+00
1.529588824358733223e+00
1.058263893856118409e+00
1.178838105627638688e+00
1.251881838150890269e+00
1.415514098678366972e+00
1.782435859785079124e+00
1.929483576761814367e+00
1.979922833994293585e+00
2.466954147667713926e+00
2.223389179135242255e+00
2.221363760906895912e+00
1.796666687203239965e+00
1.437461511789263513e+00
1.995377182354477030e+00
2.081762111120825320e+00
1.814680540027733491e+00
1.848254101263819171e+00
1.859210010682114333e+00
1.510657292491649040e+00
1.185597742984233927e+00
1.435773972649966090e+00
1.468402496097687582e+00
1.314574120488410047e+00
1.696251129191653551e+00
1.941302920044767122e+00
1.357856943598171995e+00
1.397030897903404290e+00
1.306058364232718150e+00
1.232888529398475930e+00
1.306738178265556938e+00
1.361797571409984142e+00
1.407700746891116239e+00
1.514889135878253690e+00
1.198261759213617328e+00
1.241288146580067586e+00
1.532236590324629999e+00
1.824388519564185351e+00
1.556444728238643327e+00
1.735127668353740438e+00
2.294463634624916981e+00
1.941843048356767909e+00
2.034062633684373900e+00
1.697416518236100957e+00
1.964349416541117055e+00
2.021750140275027530e+00
2.048746605064691195e+00
1.720210402836060304e+00
1.901246843870609382e+00
2.219633600314025568e+00
1.974553878902484350e+00
1.748202956431029964e+00
1.737525583282992336e+00
2.074003248923409259e+00
2.086431561537500645e+00
1.449940213749052909e+00
1.769149112572819593e+00
1.568397597531800747e+00
1.615715922570919894e+00
1.519109031950920397e+00
1.566473963322691398e+00
1.846606077459612028e+00
2.277349704186990564e+00
2.491580935000850872e+00
2.682634248932152410e+00
2.182549887178109493e+00
2.180560853685522549e+00
2.178995587066690387e+00
2.667988903030291681e+00
2.001196550792633477e+00
1.825498546089732166e+00
1.540743228534427134e+00
1.828816820042677538e+00
1.727673322164733349e+00
1.710580353414124621e+00
1.200544521903101680e+00
1.409931513088392707e+00
1.528423800223400519e+00
1.714798518994250065e+00
2.043104535270610089e+00
1.734862503478576734e+00
1.578951310274719466e+00
1.592857271166207012e+00
1.669867567370237005e+00
1.651199279031682954e+00
1.646598512743405296e+00
1.540125794694741757e+00
1.841499351919993366e+00
1.449867709727143961e+00
1.335846011366380814e+00
1.405571306964753964e+00
1.193356091294415222e+00
1.576161713719881785e+00
1.323329811630674868e+00
1.716123795597387147e+00
1.681336470411934902e+00
1.920691296709682749e+00
1.461237481307118280e+00
1.788441145151436151e+00
1.991899267258302464e+00
1.952918789607345218e+00
2.150536786407607259e+00
2.244864072387755538e+00
2.345277787348655441e+00
1.862498614490929683e+00
1.829187300977839215e+00
2.341232732950717210e+00
2.599828537707797871e+00
2.358619645352322269e+00
2.411465893972276398e+00
2.136210414403117763e+00
1.841094432044507956e+00
1.493055979867775829e+00
1.521911115632349265e+00
1.548568668311991248e+00
2.066168451676468454e+00
2.122719651080974046e+00
2.457738728938379413e+00
2.147643265989636507e+00
1.734525200669323475e+00
1.625542472987786091e+00
1.807665397423238396e+00
1.675070595099155568e+00
1.686936135625721533e+00
1.596073583521240735e+00
1.374358134009003418e+00
1.496645373149073199e+00
1.745571271843561423e+00
1.661912426556462208e+00
1.541209049778278439e+00
1.374131400510778533e+00
1.566780331404932447e+00
1.291965807123795607e+00
1.304405308181772583e+00
1.581551461315480189e+00
1.211607328523593319e+00
1.437430688527807643e+00
1.298485360805147426e+00
1.699734017331254954e+00
1.443695991478878504e+00
1.614484940313836603e+00
1.767201781186910736e+00
1.763200710176112018e+00
1.471144355835301010e+00
1.282483789957740150e+00
1.110576184949708001e+00
1.101471962738118426e+00
1.299028293011123880e+00
1.301528379111517308e+00
1.327738650022590283e+00
1.367958782898610837e+00
1.314308508791190766e+00
1.287484763032169743e+00
1.373795030520855720e+00
1.486032897331582836e+00
1.377153952742069087e+00
1.490866484188794194e+00
1.391640809462812101e+00
1.206278291637475020e+00
1.118103329255691225e+00
1.221524291681083119e+00
9.972359052737131968e-01
1.158615874778182508e+00
1.397365078560784957e+00
1.368674053949142211e+00
1.816160945475317368e+00
1.984022571167895155e+00
1.865046423786936192e+00
1.900189577005532371e+00
2.124407197502538036e+00
2.089013940479392595e+00
2.039641636021354731e+00
2.084218687705937878e+00
1.805272327906131125e+00
1.873789160397139941e+00
1.535829114856197108e+00
1.350920815878386749e+00
1.970116521306049195e+00
2.015088370113233829e+00
2.414213803220115029e+00
2.066187892135502135e+00
2.291608519726057391e+00
2.042249686151491161e+00
1.999005693613934431e+00
2.155098076664205831e+00
2.413066703178267769e+00
2.128463616533086800e+00
1.840950659842007120e+00
1.441477641995029479e+00
1.623782873719894715e+00
1.918767344252765517e+00
1.368334120816403265e+00
1.248658934503571460e+00
1.346711078417723195e+00
1.615382169733042605e+00
1.069836223701225775e+00
1.165581759083188063e+00
1.263730697783288948e+00
1.238522472599582258e+00
1.165532946012125981e+00
1.213466414672767613e+00
1.228652172325842784e+00
1.302672627067795075e+00
1.414572572053926169e+00
1.382976077543582427e+00
1.631897254802746167e+00
1.489777794831385060e+00
1.730073228688987719e+00
1.094489384330227244e+00
1.086073686890226764e+00
1.388882102461653112e+00
1.732060533890970921e+00
1.737804201261462955e+00
1.575573810295607391e+00
1.628244190497042609e+00
1.865666363186181176e+00
1.122150045231004922e+00
1.451295760985668259e+00
1.200521663478510304e+00
1.360399796022794039e+00
1.118615167177718694e+00
1.217499538882015342e+00
1.323506612467702404e+00
1.193613379446279321e+00
1.004794134734957156e+00
1.116583453294589745e+00
1.112312069310479101e+00
1.142311571414286853e+00
1.428510622720698287e+00
1.570291468584627426e+00
1.766537262837408084e+00
1.449101085381057974e+00
1.625839988403363412e+00
1.432598634566693896e+00
1.731084402940382461e+00
1.655939083049804417e+00
1.272859826630944102e+00
1.035473518897670475e+00
9.847821644872726266e-01
1.240932788879676396e+00
1.044136732655291722e+00
1.087594279108090589e+00
1.167473973919037844e+00
1.173348466869359452e+00
1.279328846138410247e+00
1.306439839971191841e+00
1.403563580652009035e+00
1.307223555323312247e+00
1.338789087447275206e+00
1.333796558488300255e+00
1.534171646322871396e+00
1.834518229432429592e+00
1.724451630724201268e+00
1.566104195431524682e+00
1.059847835497443436e+00
1.479898173944313333e+00
1.732045220213791259e+00
1.722834695762966106e+00
1.889700462406782577e+00
1.898925179420680953e+00
1.938931297553883715e+00
1.983135922490078862e+00
1.664339751877824902e+00
1.699047111086873674e+00
1.585831603338079709e+00
1.767222288160934074e+00
2.087955755338396280e+00
1.980652681316977137e+00
1.966452469911963208e+00
2.065818261638245001e+00
2.481605737646291221e+00
2.414641609174281722e+00
1.977015105421298546e+00
1.734423829740579626e+00
1.424910687034337542e+00
1.185879931809703081e+00
1.263189268675337873e+00
1.245998697176211367e+00
1.190222212594888918e+00
1.373884423966958312e+00
1.368038762287198562e+00
9.737681757130390858e-01
1.511078166554133517e+00
1.655187801552951754e+00
1.494520946500775604e+00
1.672803827216863937e+00
1.673064053859757427e+00
1.544615650289013820e+00
1.672722094274505800e+00
1.641555492342614775e+00
1.714870183166272710e+00
1.711187997764175739e+00
1.890793403465835132e+00
1.725283412475675293e+00
1.837076789826504353e+00
1.705614738190276869e+00
1.820826940079547818e+00
1.592505858076989522e+00
1.717086805081825318e+00
1.785922331935529073e+00
1.777686773916532292e+00
1.642894112614192936e+00
1.640061880998868959e+00
1.558994242502841354e+00
1.389053375112700550e+00
1.462611550834427510e+00
1.805622991070916505e+00
1.811325036187092286e+00
2.208581220507555454e+00
2.460125728068782713e+00
2.026403697065541465e+00
1.629945654186253812e+00
1.854587904691729294e+00
1.706167433599355521e+00
1.977051032607710646e+00
1.536151759680868922e+00
1.656601484753269293e+00
1.786322440289866975e+00
1.952273638405674250e+00
1.739514375361609799e+00
1.603239031906514844e+00
1.763127762139050647e+00
2.223840860497950711e+00
2.348546782403406308e+00
1.968569889712474819e+00
2.242048859491626356e+00
2.138707226259861205e+00
1.958200755590089770e+00
1.890168918880067217e+00
2.393005598102265985e+00
2.053251992681280669e+00
1.948276028869076804e+00
1.793955689386654173e+00
2.186177976191583383e+00
1.779061886171580342e+00
1.457080416041055315e+00
1.778622667348931818e+00
1.867588803671573761e+00
2.092897430185298280e+00
2.150028458738594939e+00
1.956899335423592179e+00
2.274150053831550000e+00
2.092443804511436856e+00
2.355658211046744110e+00
1.716817342144126401e+00
1.965389934443162678e+00
1.945525069160559228e+00
1.603168730132863873e+00
1.769729146143514287e+00
1.662187354235716175e+00
1.558146787854725268e+00
1.472482887308946164e+00
1.288637688080549237e+00
1.186717154406487840e+00
1.111702475757882835e+00
1.222446567591123134e+00
1.361483644392230019e+00
1.236567064077587652e+00
1.250481398945789913e+00
1.361990077756320972e+00
1.949362943627517275e+00
1.410139258529342632e+00
1.345083241997111045e+00
1.613269878563948101e+00
1.886011474587877990e+00
1.937179190600805345e+00
1.555644664276969680e+00
1.526251407098025314e+00
1.735940196690512138e+00
1.977695592406294001e+00
1.717130918079185609e+00
1.239596190243939633e+00
1.336733810866755467e+00
1.379795855898320989e+00
1.390027245585813587e+00
1.581218486679351942e+00
1.568412835904026137e+00
1.579850034822094074e+00
1.835732566334344673e+00
1.439864561916112562e+00
1.266199797423850137e+00
1.284457435455324426e+00
1.533350365627087486e+00
1.754001868761722038e+00
1.574996019965055671e+00
1.482024908673005736e+00
1.785932605537206008e+00
1.708836007255646328e+00
1.572425073998793499e+00
1.981293689451227635e+00
2.019971030405943946e+00
1.969212582527151811e+00
1.859097314708952897e+00
1.891657356109513133e+00
2.345979152070323703e+00
2.480237765685343376e+00
2.218112509616198214e+00
2.663655449756001659e+00
2.590357153668438883e+00
2.379669301387996594e+00
2.209808990865897549e+00
2.059595998437399711e+00
2.097556010869517706e+00
1.891947037443089563e+00
2.005868458480481564e+00
2.210232127727006723e+00
1.803566500894800972e+00
1.510591247607936838e+00
1.243982315833836338e+00
1.083879221043445806e+00
1.297378367689306256e+00
1.580733634055297765e+00
2.063771422430312530e+00
2.160892134769025752e+00
2.318251179747056412e+00
1.875253691103449860e+00
1.952369179943467703e+00
2.084802176946951136e+00
2.344410349320931175e+00
2.163785647502180165e+00
2.327605788369332185e+00
2.225514949130553699e+00
1.669063343309313385e+00
2.243701587205705561e+00
2.228563576312045935e+00
2.264929514976225189e+00
2.330547229949682997e+00
2.526837768450107102e+00
2.050437181296282940e+00
2.477038617232026674e+00
1.896200575302340985e+00
1.934510552682749296e+00
1.759205071422942801e+00
1.870255683308921224e+00
2.313904828443008821e+00
1.739854533391294922e+00
1.453058627310481521e+00
1.528636545461316443e+00
1.364989238723550713e+00
1.596605424525443073e+00
1.808592629208126246e+00
1.754628319076084964e+00
1.846573651708723673e+00
1.558977895997663676e+00
1.725580235303796561e+00
1.907333070912880846e+00
1.685887439184379222e+00
1.538815271051289901e+00
1.735423570647837366e+00
1.516557137156026025e+00
1.724578568693154512e+00
1.911928400472409084e+00
1.785110137271191721e+00
2.353914376798972086e+00
2.293634821846706640e+00
2.087084844288815244e+00
2.231352384751200457e+00
2.218767319678623728e+00
1.683945466559072734e+00
1.992201053441162273e+00
1.903838157653364282e+00
2.104562539449331027e+00
2.324416205110312106e+00
2.025447613587116447e+00
2.043567211791597060e+00
1.892984839324101998e+00
1.136414327367237798e+00
1.306673794018233581e+00
1.428191398730819461e+00
1.958232182447377845e+00
1.991126017017996963e+00
1.945301120805989159e+00
1.638343535852665234e+00
1.736808875642383398e+00
1.748419845044405507e+00
1.624987075236886014e+00
2.114990259181810828e+00
1.675708173785498190e+00
1.636978122957372550e+00
1.704460105302538331e+00
1.750849820526946266e+00
1.736364079688879514e+00
1.280028502276546520e+00
1.478776095508486099e+00
1.773574970375595861e+00
2.052611887120478151e+00
1.991100267932646162e+00
1.777420090760921445e+00
1.808019702818402852e+00
1.799738189612004380e+00
1.835782955780822068e+00
1.940113758547730827e+00
2.262526060598376798e+00
1.740881675156636721e+00
1.444796788412142430e+00
1.751284694747705206e+00
1.748901392730306315e+00
2.000748638696117521e+00
2.169432236949375259e+00
2.138949181377892028e+00
1.966248295220661468e+00
1.740585135188907673e+00
1.737003087418448333e+00
1.554354665506580302e+00
1.622205127110484923e+00
1.613525242046905950e+00
1.609638182572637577e+00
1.367604249394527072e+00
1.795230849894911884e+00
1.621145080356995782e+00
1.844716906678892876e+00
1.629540722278441933e+00
1.359217836101978660e+00
1.313114819877911899e+00
1.247479637354639515e+00
1.617255804447658818e+00
1.902704287128901939e+00
1.770412168142622367e+00
1.349674881086254663e+00
1.524905289470551928e+00
1.382487038589279349e+00
1.402524261602756450e+00
1.694663735615091982e+00
1.438437492868946954e+00
1.461233073126044779e+00
1.868405375297710780e+00
2.081622027834351130e+00
2.247079388909542175e+00
1.777928177551579836e+00
1.596664411365041669e+00
2.071225595339397874e+00
1.908508361447058377e+00
1.810216066253333089e+00
1.847393472620877164e+00
1.630724066409375173e+00
1.490536353676303438e+00
1.710265223986088046e+00
1.467167909732015829e+00
1.803464317039022324e+00
1.694862766107237961e+00
1.519935861533308952e+00
1.660255975480076529e+00
1.668781531775761939e+00
1.229954645418326331e+00
1.529036933231070705e+00
1.641565004305191922e+00
1.776422081307630130e+00
1.569826849608698893e+00
1.490582308523268784e+00
1.513812682920005814e+00
1.096778812937341696e+00
1.154739596616031871e+00
1.182568187952674377e+00
1.407858757122765425e+00
1.473359795115585014e+00
1.690802470430408322e+00
1.696758077427842126e+00
1.903348819034010209e+00
1.570413785406283846e+00
1.723373096182931663e+00
1.756287486396999942e+00
1.884715194827222717e+00
1.617344559466856513e+00
1.762148975878293333e+00
1.535125104225347092e+00
1.762741390326851176e+00
1.449923375832868677e+00
2.393006521552150989e+00
2.231514421174297436e+00
2.218436919837845078e+00
1.970229288900845921e+00
1.658941881556090792e+00
2.215922610932412162e+00
2.412572569105853937e+00
1.727824480647595751e+00
1.557825086671008386e+00
1.876163505382153929e+00
1.888855106167647735e+00
2.112088766687979291e+00
2.144024922975728220e+00
2.541109341202758998e+00
2.632911841647266993e+00
2.505798275220969540e+00
2.319357562198299583e+00
2.232784641592433506e+00
2.088425244177312123e+00
2.186467844828472007e+00
2.046178934719688147e+00
1.148790328180758769e+00
1.013964417874805735e+00
1.429847094118939843e+00
1.599196031608480340e+00
1.346857094328697269e+00
1.165196528236852380e+00
1.300138176712579918e+00
1.659911585236335085e+00
1.816828968912101550e+00
1.856233966623530129e+00
1.961835700607033051e+00
1.762409173561378939e+00
1.207950626186149456e+00
1.281099651671523842e+00
1.131050604092487033e+00
1.353220065511102632e+00
1.078242322066734760e+00
1.370038873677783764e+00
1.475635030853628571e+00
1.998239337190564902e+00
1.708334982249475109e+00
1.706188150773692458e+00
1.578051278537960123e+00
1.842638696424933720e+00
1.480214468385761206e+00
1.215238597863294467e+00
1.129899543919837823e+00
1.170436952147811516e+00
1.501591818300276326e+00
1.302545429666561949e+00
1.404885073328407508e+00
1.725037523325794853e+00
1.503040277420190307e+00
1.285061733828558150e+00
1.278447699481457978e+00
1.286460375368813525e+00
1.461322847365577715e+00
1.380937237703166787e+00
1.704992959431231858e+00
1.656683581498345381e+00
1.963877594104583624e+00
2.012556660582153878e+00
2.122699332699391039e+00
1.651895158034521804e+00
1.177340618265906524e+00
1.166979906206767614e+00
1.405052455648636567e+00
1.741775364355385269e+00
1.541949790041226898e+00
1.990346345799834715e+00
2.022508858427503053e+00
1.917736776270936083e+00
1.760857507292725277e+00
2.168251845276575107e+00
1.954329124806891915e+00
2.234106659467977263e+00
2.500845138337133289e+00
2.265010504994339868e+00
2.088145972344915169e+00
1.743960102645026211e+00
1.750147394547480806e+00
1.934307063271045068e+00
2.231686940568925248e+00
2.234987811023433135e+00
2.255998861936443500e+00
2.001384017582080510e+00
1.882713904049088782e+00
1.733719655182331287e+00
2.106887721107949751e+00
2.178075434284802991e+00
1.486314846607095896e+00
1.170733144045037033e+00
1.193656169948859480e+00
1.689664333074786473e+00
2.060660240929397702e+00
2.211897860569330909e+00
2.136018782874644195e+00
2.314536413749046950e+00
2.437687568071362776e+00
2.375034590812496571e+00
2.265512794181128609e+00
2.031483010389699029e+00
1.612326595262386419e+00
1.979906464002255895e+00
1.733923238721423177e+00
1.669013958798463593e+00
1.585884999226685244e+00
1.735771106537301156e+00
1.992837324393709864e+00
2.114916423715924143e+00
1.912840765742192861e+00
1.745187885710404618e+00
1.550780623419207194e+00
1.299141143940550025e+00
1.285096232351391476e+00
1.210198105410547953e+00
1.212858298545545610e+00
1.123112301372997335e+00
1.263195150122086607e+00
1.191574232198630012e+00
1.564842404775261819e+00
1.600552597768515772e+00
1.467906197785192823e+00
1.420545174376947939e+00
1.491806111198774820e+00
1.449343043945382714e+00
1.410665252963652305e+00
1.541570357008463787e+00
1.605772663510199649e+00
1.658947523661751466e+00
1.659686006534969893e+00
1.119451421322068763e+00
1.539728395869884636e+00
1.674493801926769443e+00
1.784062425408985852e+00
1.520729063564149053e+00
1.676784501076902245e+00
1.720430784126273371e+00
1.799608037486142953e+00
1.923799596447844484e+00
1.636176824475276792e+00
2.224177328719483260e+00
2.171191670895146864e+00
1.984806377927571308e+00
1.572790040248514654e+00
1.958967432272234577e+00
1.976647145557748564e+00
1.927766559931292978e+00
2.250580242344908832e+00
2.330409544041255110e+00
2.020188843857796179e+00
1.871937111883604565e+00
1.770754441412667024e+00
2.130145309061700853e+00
1.785503921930352567e+00
2.080906729691319068e+00
2.331156218673628544e+00
1.971865990649686928e+00
1.905335244535885764e+00
1.868439439961401494e+00
1.816261578812164990e+00
1.986621902377857074e+00
2.266741398441524780e+00
1.952194743920320663e+00
1.937940550380270466e+00
1.858108294715200337e+00
1.529522745573861142e+00
2.190044330600069422e+00
1.903303538612511225e+00
1.986292037181750736e+00
2.208115379490937169e+00
1.921645946195862154e+00
2.140140641426945489e+00
1.919991457433612769e+00
1.922350756178663467e+00
1.542501138377378567e+00
1.580852495322748075e+00
1.443782729264099896e+00
1.708736248671529623e+00
1.993743469912756971e+00
2.298443517116587120e+00
2.178814556455704654e+00
2.448753956980608937e+00
2.340938700840859088e+00
2.218823228662344604e+00
2.095344120147936362e+00
2.114434170879487151e+00
1.643921374357685483e+00
1.603264540174652142e+00
1.616245912039586230e+00
2.070103112295500036e+00
2.227573929364568439e+00
1.856154815270710579e+00
1.416981379246952999e+00
1.276379827654068544e+00
1.660153395885621386e+00
1.673715493619105432e+00
1.607970777679720520e+00
1.717042483086053783e+00
1.617888963242130718e+00
1.425485602785375949e+00
1.300779755959668549e+00
1.482380076264388169e+00
1.234830121670527303e+00
1.264999218468206621e+00
1.604481803328917877e+00
1.915925447689079908e+00
1.997251774404952052e+00
2.253219012327369430e+00
2.164834851805871985e+00
2.268667561756287920e+00
2.614091957263979360e+00
2.276139008304724598e+00
2.004945151138746162e+00
1.509253053924301646e+00
1.225101950215826685e+00
1.285176063984596162e+00
1.236894620639484188e+00
1.465456040724429698e+00
1.486828661938318197e+00
1.628860721649380894e+00
1.990407643398629078e+00
1.609933519214360009e+00
1.435982115936073278e+00
1.625435127451373196e+00
1.370703620119640753e+00
1.356039016246001871e+00
1.677291527408360849e+00
1.679085572423187234e+00
2.141382213576676463e+00
1.883778940059346541e+00
1.608754581477758627e+00
1.934199191470259427e+00
2.325190172475601447e+00
2.416836049516531748e+00
2.346439335880255328e+00
2.331579088059812399e+00
2.195894558186763046e+00
2.064385638798053257e+00
1.868442406068792749e+00
1.473411289984406514e+00
1.668669096721089762e+00
1.912329100951298377e+00
1.433594920662416561e+00
1.083135540607301772e+00
1.172879552623698585e+00
1.310372143420444946e+00
1.590001168443638146e+00
1.788614617526964157e+00
1.604531919570032716e+00
1.623774726787048373e+00
1.693931506144405574e+00
2.032195386443058194e+00
1.949913592128389439e+00
1.282282296095399454e+00
1.437769502352140849e+00
1.413211767973799216e+00
1.735838334695951390e+00
1.477281826997811631e+00
1.390500420720714558e+00
1.452038790692827819e+00
1.739596067123254208e+00
1.735667710691767285e+00
1.435282078570382147e+00
1.128145850929832994e+00
1.046204271363417204e+00
1.349347323707990265e+00
1.257814666950044291e+00
1.324500002856988434e+00
1.224234124191233342e+00
1.250967990226936166e+00
1.282870366091117376e+00
1.484062824200334640e+00
1.493270003852689598e+00
1.377323929734257213e+00
1.651101746367181988e+00
1.646138853772789012e+00
1.300251739671501205e+00
1.450363153030916452e+00
1.826260634298534802e+00
2.039886050073691059e+00
2.045370643351388740e+00
2.255095942399168774e+00
2.075168655695610820e+00
1.839472721502225516e+00
1.729740968301510806e+00
1.410811633042301061e+00
1.381884728481636904e+00
1.712655951988782510e+00
2.177084649320379484e+00
2.014567909626907127e+00
2.293859883816600664e+00
2.055473154198170338e+00
2.234029828785744964e+00
1.818880364521263449e+00
1.804104614198883016e+00
2.269197923272565198e+00
2.124642743099546482e+00
1.834653918006044826e+00
2.033170797655981854e+00
1.929478808380878707e+00
1.835358451568253502e+00
1.730368362098859025e+00
1.520907025907808352e+00
1.890463568656568727e+00
2.048398596415236472e+00
2.148166816704283999e+00
1.983933210127845959e+00
2.117555225171964928e+00
1.930792657899319753e+00
1.595070285363594520e+00
1.802866687622786124e+00
1.875022383361803824e+00
2.404148642165035099e+00
2.411233061380958276e+00
2.071492406179115342e+00
1.888495143818796684e+00
1.930473182830430012e+00
2.089314425619902771e+00
1.860745761530348874e+00
1.824624825277546991e+00
1.805117744956699299e+00
2.123462078854094770e+00
2.160422766183454968e+00
2.365256678793331346e+00
2.058416206747367028e+00
2.202191210677845401e+00
2.175834828044629798e+00
2.436256379351928292e+00
2.324887832655988529e+00
2.209985839012091446e+00
2.261877964464819701e+00
1.696457883523636800e+00
1.616570722740296340e+00
1.755394781727433795e+00
1.665710344948285515e+00
1.515122608252087000e+00
1.221119272095126496e+00
1.452531578844198590e+00
1.414869988050361904e+00
1.224930099720563659e+00
1.359073324178123210e+00
1.787497555132448346e+00
1.744870814399087866e+00
2.143704686441943785e+00
1.518255540661733072e+00
1.932819204040640670e+00
2.227995589543596111e+00
2.387442765184548232e+00
2.190480849028659360e+00
1.754991105953363606e+00
1.789515047990623220e+00
1.781855304792810735e+00
1.752753991673194678e+00
1.607164560116744800e+00
1.418455491411580782e+00
1.383761776276338562e+00
1.463740339693877512e+00
1.375838075237927560e+00
1.933651279086832986e+00
2.043831924005395706e+00
1.758598371608714572e+00
1.837832840170876558e+00
1.704442411708872118e+00
1.913656363976853347e+00
1.686774627265744231e+00
1.766965901997500810e+00
2.047124079358105586e+00
1.969013063495968385e+00
1.846296102183492938e+00
1.443952715995133751e+00
1.402158744964434822e+00
1.091830986826508143e+00
1.211634691406002329e+00
1.299132242989749386e+00
1.687091896763354804e+00
1.760617795935043306e+00
1.529661073230379031e+00
1.406261895862342293e+00
1.310397826285918832e+00
1.252118309490646952e+00
1.520938986644145174e+00
1.378823264512118785e+00
1.279704563861862932e+00
1.309409016992764796e+00
1.544015079745818531e+00
1.748994016640852855e+00
1.436800382407771970e+00
1.889401389028607881e+00
1.527312682044549508e+00
1.823051757114015903e+00
2.036208297366654651e+00
1.737766685767395458e+00
1.958678552300498588e+00
1.620625656820768867e+00
1.571299910938779076e+00
1.739473899824500736e+00
1.619377401971483055e+00
1.479905298271788405e+00
1.804855906932589127e+00
1.239197435591914420e+00
1.361302481376669871e+00
1.406740794252820725e+00
1.470372060247918000e+00
1.494556983022054197e+00
1.716342758267428437e+00
1.741980953836081092e+00
1.504422235935336971e+00
1.515185454557335554e+00
1.595358343970737502e+00
1.294956239163307155e+00
1.397994587190837024e+00
1.169653526509826902e+00
1.538602553230872694e+00
1.278880545093676213e+00
1.310652286920891640e+00
1.225942241935327415e+00
1.730296773973065472e+00
1.344980252735623827e+00
1.285805018680991729e+00
1.362880306154226062e+00
1.471093873584847556e+00
1.376969432113747338e+00
1.522255164483391043e+00
1.447653615658637927e+00
1.519898301756479331e+00
1.813304682855290340e+00
1.411426778845618291e+00
1.820358091194589356e+00
1.717197687811124140e+00
1.788889452005163250e+00
1.943034953804376519e+00
2.141119237562069344e+00
1.814629435303140248e+00
1.742725370007608410e+00
1.737493861095936953e+00
1.653658693277614278e+00
1.761378946787507616e+00
1.843093727453576580e+00
2.038935200697227668e+00
2.120058057695516585e+00
2.528147555619546516e+00
2.545446490755525204e+00
2.164966135113588930e+00
2.191649102015448491e+00
2.109104412359430913e+00
1.576549765529225100e+00
1.661328640038060245e+00
1.690147792759394640e+00
1.816818842437641468e+00
1.410902950567926695e+00
1.693489622283394613e+00
1.984331618207976877e+00
1.995378436266101119e+00
2.520340451211128041e+00
2.511817516543331408e+00
2.487022582460498121e+00
2.402988692208210431e+00
2.231256864196436762e+00
1.532241078567776915e+00
1.672608081713050199e+00
1.664489575381521425e+00
1.388329080441593755e+00
1.368510571923571284e+00
1.655264630564639239e+00
1.681645472659307305e+00
1.684543593621542490e+00
1.978927951771753291e+00
2.004793021071319625e+00
2.122744529100423438e+00
2.177284234962150844e+00
1.778506049951870338e+00
1.749351943617839300e+00
1.842095408690008984e+00
1.564204582268422294e+00
9.662632565988567013e-01
1.157170159602165738e+00
1.203136700733398845e+00
1.253895122934199025e+00
1.288286382587532808e+00
1.345609655919604464e+00
1.507931603687567623e+00
1.476926482841401489e+00
1.786115381237023403e+00
1.957181677792033447e+00
2.143922282458074147e+00
2.273084006842599702e+00
2.096359584281026311e+00
1.501723631680712545e+00
1.635416748511994145e+00
1.809832134930108527e+00
1.385813143761390975e+00
1.180721839907688642e+00
1.013702257940962914e+00
1.101773817250697673e+00
1.192259890913018650e+00
9.979725020371909006e-01
1.061237071074480509e+00
9.887358124967822182e-01
1.249922710361602629e+00
1.121191176069397999e+00
1.360009388447223966e+00
1.451646466505009281e+00
1.652788839054831316e+00
1.469576109619881166e+00
1.463262606058370663e+00
1.756601155485819632e+00
1.804945768531355688e+00
1.643674382419027857e+00
1.834307481703530973e+00
1.676905023683098683e+00
1.986179397090741761e+00
2.207547232696921213e+00
2.432387802950007227e+00
2.246558568926822819e+00
1.959585297347476329e+00
1.815649762174071702e+00
1.649660715862008020e+00
1.958658989407841666e+00
2.028043069329954484e+00
1.514857101802496109e+00
1.641175834682873758e+00
1.650609022268500814e+00
1.685268312789876877e+00
1.616599812866565289e+00
1.621188663144821795e+00
1.867474471337096098e+00
1.901790605002788404e+00
1.888546352818189167e+00
1.597422393406850549e+00
1.525641485503234085e+00
1.494206157448788153e+00
1.947477856584999278e+00
2.122336948920775068e+00
1.994535630646261382e+00
1.559941644842760766e+00
1.442092681306451851e+00
1.714443637244799978e+00
1.776499753358113498e+00
1.294115765122293649e+00
1.023263354240819378e+00
9.521292337931696048e-01
9.722836929802982642e-01
1.241524080399079466e+00
1.356311717415884965e+00
1.421594027964494522e+00
1.151592221360455470e+00
1.206883392948829403e+00
1.429848426734971145e+00
1.283773488621307024e+00
1.154374633687121010e+00
1.229523348891077505e+00
1.064937620013120201e+00
1.350764824074116799e+00
1.278264194144068888e+00
1.345533730218111401e+00
1.261641502447558905e+00
1.166850556151479479e+00
1.447965913606396926e+00
1.383252586968747089e+00
1.262748298095582200e+00
1.052695065457837975e+00
1.247913061439588356e+00
1.383145016442913322e+00
1.530080157387987416e+00
1.602867669549443264e+00
1.224847385837199987e+00
1.108108162959337895e+00
1.345630647122493029e+00
1.615216951233253262e+00
1.382667992201791485e+00
1.393428928854636206e+00
1.822250878770538707e+00
1.880754425882374292e+00
1.961405721164612093e+00
1.855023404489318795e+00
2.200113862162547118e+00
1.835889608059068312e+00
1.545115788842849724e+00
1.390834524660462979e+00
1.643130406482260275e+00
1.689025283433907676e+00
1.626909148472746480e+00
1.744282501155329346e+00
1.923614554619361927e+00
1.547088561082327729e+00
1.735961479984843514e+00
1.323302892579671042e+00
1.464437717941536654e+00
1.801624144889069967e+00
1.316320078144535222e+00
1.628643338652629780e+00
1.460470482285425087e+00
1.350675913883621959e+00
1.373175812511205907e+00
1.289556184967644237e+00
1.228644157246478574e+00
1.314598390673301642e+00
1.389548432206399120e+00
1.594572892238692585e+00
1.708286104275703599e+00
1.847582873934605407e+00
2.048542151213977647e+00
2.121094222019434206e+00
1.643312810511541988e+00
1.919954110778161693e+00
1.968174333161298861e+00
2.064491896594294662e+00
1.521067091483077505e+00
1.760989570428067141e+00
1.507025222762156336e+00
1.448971577364049912e+00
1.765380583466461317e+00
1.330530612006622260e+00
1.349624790752514292e+00
1.297295700891629266e+00
1.256119811671140951e+00
1.197476597996921299e+00
1.297277662993742586e+00
1.506006493804113999e+00
1.165451727018102401e+00
1.059700039685044670e+00
1.140913228605342722e+00
1.287614046377782318e+00
1.155729110513967539e+00
9.677094596204842691e-01
1.110168318657458020e+00
1.713348366439456205e+00
1.510658768213176906e+00
1.624339763663805503e+00
1.622156867911791700e+00
1.255558070280102800e+00
1.408380264376175361e+00
1.479737463435062406e+00
1.787979918909876176e+00
1.871025676811075344e+00
1.584790044600457470e+00
1.770212877280238573e+00
1.929339783327335356e+00
1.896645595914179472e+00
1.626086069792818112e+00
2.194788830834825344e+00
2.549474034223461416e+00
2.309651743564699267e+00
2.238836994197405339e+00
2.208590187453947973e+00
1.975262668082446327e+00
1.910043874767387129e+00
1.865381265782950937e+00
1.762882371550685168e+00
1.629495224334867265e+00
1.254362303109479271e+00
1.008277707256835631e+00
1.180742659541743622e+00
1.360677812803504860e+00
1.456150628258890301e+00
1.042092354781769314e+00
1.180706741359326850e+00
1.195148369335719662e+00
1.203944094287292543e+00
1.130557770940937345e+00
1.267357545343920755e+00
1.465496849005011093e+00
1.394910622874546924e+00
1.487775357702423751e+00
1.415181089538251058e+00
1.100414548720424879e+00
1.189273854977544342e+00
1.163961822082708819e+00
1.395799233695439900e+00
1.643128739987793629e+00
1.348644103348055623e+00
1.094286622267109488e+00
1.160486240132867941e+00
1.408149854817335900e+00
1.363470113367599268e+00
1.529014497149302931e+00
1.842443933994652561e+00
1.446259901206539356e+00
1.546662699389801610e+00
1.769822981833277353e+00
1.671005638452964126e+00
1.657181471785365900e+00
1.500934142362907897e+00
1.443132621456344689e+00
1.462869273565866379e+00
1.052222483160583755e+00
1.178985603333237542e+00
1.480542462447266949e+00
1.261000271041476273e+00
1.368507269432161166e+00
1.663131196494599839e+00
1.654905794880604963e+00
1.968821944294568915e+00
2.059584555703199094e+00
1.914469408831139807e+00
1.729125441551113029e+00
2.149756357199153811e+00
2.009869710354555750e+00
2.222341601384090204e+00
1.925501327028698473e+00
1.601833014419577372e+00
1.457586621716407072e+00
1.547042298548352734e+00
1.376115595814367820e+00
1.333594590797786417e+00
1.194592645610305093e+00
1.233757490761141051e+00
1.116775685664375795e+00
1.079027386456308024e+00
1.698369676273003170e+00
1.568441577089861649e+00
1.815242216447093160e+00
1.526980726161303314e+00
1.321632198660036117e+00
1.440912499135450275e+00
1.268820273572534019e+00
1.447245476151818089e+00
1.336433662849229709e+00
1.674831936212751948e+00
1.526017524566532169e+00
1.735729903882643699e+00
1.555487238739083677e+00
1.257783108063205368e+00
1.404970944637971009e+00
1.459021189140087493e+00
1.730286465302448562e+00
1.359575033854744763e+00
1.391781805169594710e+00
1.135730065337685835e+00
1.242087053766949500e+00
1.453778425501706106e+00
1.484950724814171563e+00
1.577924904950751994e+00
1.220025403348124371e+00
1.495166911052542069e+00
1.180548201735218905e+00
1.331204092074461665e+00
1.400385359867435842e+00
1.271152725448325693e+00
1.331276739221372463e+00
1.199955890937843828e+00
1.343422975831866317e+00
1.439008891447874694e+00
1.309008017314089223e+00
1.270426898438222096e+00
1.275987494482895945e+00
1.447352699348234406e+00
1.291527500169286746e+00
1.370115985579935192e+00
1.737060220364151419e+00
1.890334959422305339e+00
2.136009913742991539e+00
2.197643111782693115e+00
2.002451589130102239e+00
1.808195246285859703e+00
2.223889262509258558e+00
2.162971804581135693e+00
2.092382490144254259e+00
1.967750749192558546e+00
1.763066667685291522e+00
1.623291843634162790e+00
1.497160061466305203e+00
1.679029635307127455e+00
1.842695670632418015e+00
1.738396007337599913e+00
1.722727784507798621e+00
1.923073095497588758e+00
1.703788427706964370e+00
1.537325469370950826e+00
1.161430943017851769e+00
1.193594510396303709e+00
1.047092945995208302e+00
1.460766946106191178e+00
1.802438717646766442e+00
1.785550867606271241e+00
1.826893296612176476e+00
1.440696778635951247e+00
1.675898186406725276e+00
1.699258080216937916e+00
1.347959271140249049e+00
1.658443666432227737e+00
1.547540640851607696e+00
1.095717657171277004e+00
1.233497232293692125e+00
1.366314349307879983e+00
1.256318103299135291e+00
1.050113546286959298e+00
1.174913822008622821e+00
1.386419660323473302e+00
2.006216765185267370e+00
1.893356212999036448e+00
1.679414123746761467e+00
1.612556870567656508e+00
1.868961985866792297e+00
1.341074548772780428e+00
1.342224393833905127e+00
1.824449623177466950e+00
1.554837331363491337e+00
1.723000624918797685e+00
1.749097358153399728e+00
1.742246128983751419e+00
1.368936835033689459e+00
1.419294224776861180e+00
1.418454253169420642e+00
1.788038688290334299e+00
1.796894064778732591e+00
1.790662203810561071e+00
1.819107774409022715e+00
1.425630111807615785e+00
1.548764277509031118e+00
1.484007422843492963e+00
1.695962159194170926e+00
1.960387698754832320e+00
2.043991902090224855e+00
1.834170699899234425e+00
1.883990995591724005e+00
1.513936786744432439e+00
1.857941502798401645e+00
2.130628657103419421e+00
2.330814392960498971e+00
2.708958259330591645e+00
2.471066944485262873e+00
2.319063444548139508e+00
1.723222350770415190e+00
1.490594503676681670e+00
1.423470665658097545e+00
1.325999172137410920e+00
1.333959465548387735e+00
1.059599918531691776e+00
9.904038847047985650e-01
1.120490542892969676e+00
1.340305885824812027e+00
1.319060769752003370e+00
1.527523530701613730e+00
1.534298754198918147e+00
1.465796954732343060e+00
1.568927104172010090e+00
1.625575605607660012e+00
1.400791493433579449e+00
1.471900512666159955e+00
1.585845468475756581e+00
1.680254358362283540e+00
1.990281048835890632e+00
1.992058595365810092e+00
1.987161895419016888e+00
1.477005722954336076e+00
2.172256011896303018e+00
2.322893404898582315e+00
2.086678435945072518e+00
1.791744701808595686e+00
1.818080782562491393e+00
2.153884046634084726e+00
2.184444395927102711e+00
2.055532278551265524e+00
2.162829425664390293e+00
2.138281955119162969e+00
2.051937118616614875e+00
2.295200789587816370e+00
2.344360789479567497e+00
1.915695849651456673e+00
2.205535355477542758e+00
1.890301555136876033e+00
1.536263289374782737e+00
1.489915306970442499e+00
1.729650330380233747e+00
1.699633273735758010e+00
1.468616485441020414e+00
1.217383030248066600e+00
1.298164166410272102e+00
1.250038096095006379e+00
1.595237496887506712e+00
1.543036746567170825e+00
1.332128697846326038e+00
1.588594560320616189e+00
1.590978627719819904e+00
1.560463275417182549e+00
1.873373419102005499e+00
2.040387534801687330e+00
1.475211636284463612e+00
1.568099826239178762e+00
2.122165192798239453e+00
1.880019679087117090e+00
2.033023876547640274e+00
2.228932119088310237e+00
1.588020541139299802e+00
1.807488790971143677e+00
1.504482582774367083e+00
1.724463606449855080e+00
1.304034402844566953e+00
1.820903346877618567e+00
1.625345088084276801e+00
1.497890884000213418e+00
1.718998912310698346e+00
1.798276940394446299e+00
1.453031175934057062e+00
1.460221910466312778e+00
1.844422650015749898e+00
1.999403950277377495e+00
1.969418454885310643e+00
2.368829986502546614e+00
2.018231558659899338e+00
1.973181986903860263e+00
1.761354820873280547e+00
1.852463709465561825e+00
1.533195863457791130e+00
1.932789728371909987e+00
1.660625130136035299e+00
1.514852145643361681e+00
1.676872969302149574e+00
1.871657252271306193e+00
1.899807092629246741e+00
2.152910828487355044e+00
2.466000541830891901e+00
2.380434974083602384e+00
1.902791254157885081e+00
1.542553352668107003e+00
9.992597761543495771e-01
1.334043269113709629e+00
1.237991623793136986e+00
1.228947579851316085e+00
1.358445679281049756e+00
1.439775705244993986e+00
1.270212812824423665e+00
1.681984576051602787e+00
1.691196555484024477e+00
1.146445407531537120e+00
1.068357301835777262e+00
1.414686537143175160e+00
1.217727457066655194e+00
1.265987903475336296e+00
1.702565125550317582e+00
1.596585137553848455e+00
1.775672874357639763e+00
1.786663103582028178e+00
2.140084195486775087e+00
2.017048233131454982e+00
1.158644285165687071e+00
1.094659200018316403e+00
1.270442767370563386e+00
1.292290150952407846e+00
1.193583803094764750e+00
1.230645358766678132e+00
1.143059006626523155e+00
1.274486095361662130e+00
1.478227691732079796e+00
1.840740447059337370e+00
1.644457271536506227e+00
1.638663451075190736e+00
1.524726415323964579e+00
1.797050036577729548e+00
1.719729569316900131e+00
1.800937396651534073e+00
1.712107057952245270e+00
2.231040364385524111e+00
2.422922264415608762e+00
2.062559787761653940e+00
2.479043380454077461e+00
2.165841225284889315e+00
2.281138859565291721e+00
1.884236541058453618e+00
1.747927013575578004e+00
1.680197233775083676e+00
1.890543332470937088e+00
1.450328532567698891e+00
1.375959911476439812e+00
1.334125147185102556e+00
1.393141052281731795e+00
1.297085045467307518e+00
1.549218879825848383e+00
1.409444283377582208e+00
1.335732536668479353e+00
1.352419943896960852e+00
1.267395936552728086e+00
1.491620044251056765e+00
1.260029564610551489e+00
1.407314510878743929e+00
1.209366754717669634e+00
1.509124767150429536e+00
2.122732092190319886e+00
1.790075920043408875e+00
1.716609331382633830e+00
1.741823696667269772e+00
1.630199647781267025e+00
1.427242346496903735e+00
1.297708572535345883e+00
1.377885488961136495e+00
1.283711741876583545e+00
1.404436261110513007e+00
1.739186448973454535e+00
1.667298395474833272e+00
1.898841579116218092e+00
1.904024718218417789e+00
1.954807309462967879e+00
1.887870733920069544e+00
1.955957966633313339e+00
1.853938571726473583e+00
2.058884752773125992e+00
2.178382697726777728e+00
1.857802781826217497e+00
2.026416868906455893e+00
2.060585772920989100e+00
2.057456698072586132e+00
2.700425193718536399e+00
2.535700570035033241e+00
2.113133273347339358e+00
2.377531300224891009e+00
2.271095426016982888e+00
2.333974590749595457e+00
2.219623975648687964e+00
2.302787719628391461e+00
2.245234171156643477e+00
2.142865072715011365e+00
2.055175703672685206e+00
2.034414334838018146e+00
1.828482093052667956e+00
2.076411280000891590e+00
1.989454421551415386e+00
2.462030981686595510e+00
2.351297390261909204e+00
2.246049400167515309e+00
2.023360699784938710e+00
1.959265882173937490e+00
1.670418129483877356e+00
1.418199003493367805e+00
1.593047140555983177e+00
1.472155212507098021e+00
1.857026381137326432e+00
1.711610941752431003e+00
1.957470410757992996e+00
1.635939976356779457e+00
1.797178523660422300e+00
1.967724055218397217e+00
1.757884349504671651e+00
1.314772960896332554e+00
1.413207590642206579e+00
1.449555155874098444e+00
1.669924312787390619e+00
1.282823159742462416e+00
1.465447343972733352e+00
1.644998552695964511e+00
1.487512497619939200e+00
2.049698438063074502e+00
1.949435240972167582e+00
1.720792728131920857e+00
1.444027221867038691e+00
1.404915304207116300e+00
1.562368902129055881e+00
1.454107666983247116e+00
1.296124337718793873e+00
1.198828063558750712e+00
1.195025592127697767e+00
1.766251358818192063e+00
1.922291464690084384e+00
1.740905242652016405e+00
1.306462521238030305e+00
1.314107048842217518e+00
1.441777569411563764e+00
1.129794665734241477e+00
1.510728933053965717e+00
1.529698942951169371e+00
1.361182967191429505e+00
1.250553898592100532e+00
1.137926452396589516e+00
1.180676388386034725e+00
1.258898395547487725e+00
1.282758404224997761e+00
1.312153941946906155e+00
1.395326850238140182e+00
1.617808547378455364e+00
1.796994371721207573e+00
1.575822388668305152e+00
1.184653359808905959e+00
1.386173054666207882e+00
1.094858854955654826e+00
1.249509118266383334e+00
1.190434173012673957e+00
1.440119338440466912e+00
1.324278104252024191e+00
1.589330081195560851e+00
1.663340736769767236e+00
1.695821135531136781e+00
2.089333223348128765e+00
2.099444866654204933e+00
1.880869459885356143e+00
1.844605973557585488e+00
1.617767752030191408e+00
1.337284707537564898e+00
1.640142151045064445e+00
1.924849969682207451e+00
2.034948672630096933e+00
1.417011244701222417e+00
1.538508984074734132e+00
1.219362896964925946e+00
1.383646203169639266e+00
1.158374468627318299e+00
1.102384520109286781e+00
1.599853889855490818e+00
1.747545414190915469e+00
1.534077259629958334e+00
1.350678969230077797e+00
1.815049251775592509e+00
1.692981601488778409e+00
1.620091135590634002e+00
1.833604261646718303e+00
1.843716764348901194e+00
1.550512695308569278e+00
1.988907909454486589e+00
1.627771912173752611e+00
2.296081076158921874e+00
2.336978948477165918e+00
2.325553882315877008e+00
1.982155546505631083e+00
2.171088774415824929e+00
2.028447503412678543e+00
2.135836782545502022e+00
1.969959695388119547e+00
1.939081572135966880e+00
1.919616551151276163e+00
1.814172287307972642e+00
2.022385720681039167e+00
1.867289369325813908e+00
1.598213031913304771e+00
1.180960567707405096e+00
1.189905032627476267e+00
1.543198340353838516e+00
1.429892997648005482e+00
1.753448905397712254e+00
1.503828709870725922e+00
1.504738855992578284e+00
1.457976145931667133e+00
1.429442150896651498e+00
1.168208340713802640e+00
1.449932061468169664e+00
1.197091076007725574e+00
1.419824159812490549e+00
1.432156919912013660e+00
1.569931580482669009e+00
1.572988009972099199e+00
1.459226534135249054e+00
1.636185382249790710e+00
1.471499565887510741e+00
1.254868829907391792e+00
1.280126611315894447e+00
1.464951293921380682e+00
1.733653138000250671e+00
1.495334094847988515e+00
1.222151923061804979e+00
1.383064133772813342e+00
1.587021470268101586e+00
1.161629402934095223e+00
1.562808408188218978e+00
2.012098726746599286e+00
2.265586602221926871e+00
1.963312956497263118e+00
1.521743362301581692e+00
1.835583001525928015e+00
1.715545935685875323e+00
1.493564288059900491e+00
2.253425566673968206e+00
2.057260865368568226e+00
1.791219073487246405e+00
1.685611972448550766e+00
1.526561529447847620e+00
1.911845879489477262e+00
1.541967854120486647e+00
1.494205512510319522e+00
2.005489390770903047e+00
1.699079324382660516e+00
1.330267923971150124e+00
1.251429095136858516e+00
1.414974476677498316e+00
1.466934389552557727e+00
1.546135840724521371e+00
1.653270999475604075e+00
1.517159662875632531e+00
1.484685348640292446e+00
1.454325094276118557e+00
1.573559620308232931e+00
1.424581331338798051e+00
1.660852364741288056e+00
1.326352979115329012e+00
1.618314041590547037e+00
1.733897250472044238e+00
2.281083743994446245e+00
2.000589843853896266e+00
2.018960622934862226e+00
2.097257762149196125e+00
2.022939929229353950e+00
2.149481675082020704e+00
1.990310851140941084e+00
2.297682288647422411e+00
2.055241469552481881e+00
1.819978082136818998e+00
1.436224620968052257e+00
1.285047424547709705e+00
1.254694240929753901e+00
1.319122652704435961e+00
1.330659870693627234e+00
1.226026988270878526e+00
1.315777897781447603e+00
1.116627466728046914e+00
1.136058884134306224e+00
1.315234930546588465e+00
1.409232159985519983e+00
1.590599788606578135e+00
1.773236624887388091e+00
1.991641968178526900e+00
2.158818432815681199e+00
1.697204568644164802e+00
1.879786223925733912e+00
1.979099398413890487e+00
2.028833091243704256e+00
2.114196885426996797e+00
2.247797311487326866e+00
2.091311485717149754e+00
1.801583945681001442e+00
1.889342947878623225e+00
2.152504171606440142e+00
1.701177446464324339e+00
1.964404508151914364e+00
1.807339414945277056e+00
1.622272364196193584e+00
1.255455096390787562e+00
1.717561002211104970e+00
1.476279256347998725e+00
1.102898774404959870e+00
1.282405804451620224e+00
1.168566010735794247e+00
1.527475681676373709e+00
1.613296319962529868e+00
1.276798019968478526e+00
1.085432410714340712e+00
1.496210124399561581e+00
1.805436455716607158e+00
1.648009546319859187e+00
2.021048493172899807e+00
2.036126478422118691e+00
1.952568410652964381e+00
2.254483099511789490e+00
2.233595434689619630e+00
2.144874389483176547e+00
1.906368497964395559e+00
2.174387815070891072e+00
2.085918311784231260e+00
1.804455812694175876e+00
2.129856246840913681e+00
1.929892652312867440e+00
1.686133924926735084e+00
2.120036765151679159e+00
1.864514936752145857e+00
1.731436816630400388e+00
1.806797988490419726e+00
1.984904911110291437e+00
1.893290246964705048e+00
1.348714828224055973e+00
1.359386307655695347e+00
1.446846587184417388e+00
1.526444609862016799e+00
1.342191492759350346e+00
1.201976109278099614e+00
1.440439790158087208e+00
1.441437144618811672e+00
1.595160659639354606e+00
1.875692011667617010e+00
1.258556038529324628e+00
1.023238702286293433e+00
1.470140856477734737e+00
1.455524890472689403e+00
1.539774598119249438e+00
1.474996118218387942e+00
2.085300464264123743e+00
1.923884897309636743e+00
1.979071628827198115e+00
2.002769465436790686e+00
2.240555899700472420e+00
2.259114119048270641e+00
1.731257217740049148e+00
1.647645847434976218e+00
1.727635048365804282e+00
1.528858009234756565e+00
1.743162070082219017e+00
1.504045575254321809e+00
1.309472017904259378e+00
1.397009896834614961e+00
1.716127315226539496e+00
2.088086392940204039e+00
2.281042353952468904e+00
2.348040391916334180e+00
2.044747279700615650e+00
2.198299769425210659e+00
2.397977304182864255e+00
2.072221659387785131e+00
1.864768515687607930e+00
1.776229982753075864e+00
1.719536038408535195e+00
1.837868799956171362e+00
2.257015117130903192e+00
2.041423020853224024e+00
1.923230519035392660e+00
1.514408718196969650e+00
1.705753660877489031e+00
1.682482772804444693e+00
1.538712738534391056e+00
1.188398698635842576e+00
1.315350650965020574e+00
1.734846913425677872e+00
1.521553241208486007e+00
1.888367721336235094e+00
1.714431555606923396e+00
1.419574707890244314e+00
1.318711747620394448e+00
1.485265225832459901e+00
1.770727723435298051e+00
1.854076178184145718e+00
1.426288428473403869e+00
1.640120051227525355e+00
1.616501690975629346e+00
1.400780014660041761e+00
1.733472846524060307e+00
2.087447518464311091e+00
1.810850907757953543e+00
1.908671548629044423e+00
1.598284250443513521e+00
1.686100584146462911e+00
1.308079931855080202e+00
1.400118316763418136e+00
1.382663881481584367e+00
1.506687563064252444e+00
1.207380596817414053e+00
1.203214568907522874e+00
1.064497776421885700e+00
1.168797406097864977e+00
1.619260882814733238e+00
1.722719298601027349e+00
1.415759170100328701e+00
1.332417070823673777e+00
1.618089739374058311e+00
1.417786019398922237e+00
1.676644226167264495e+00
1.606439206922372964e+00
1.701700602396141182e+00
2.284016295983596123e+00
2.276525552995049662e+00
2.146592854898387248e+00
2.185955316296060769e+00
1.584246006073885438e+00
2.016532405845819831e+00
1.455640700458674885e+00
1.342766705037151675e+00
1.402209863277852797e+00
1.219641179465682290e+00
1.423584492566470239e+00
1.771304400669867496e+00
1.707606388435378042e+00
1.974561270553246706e+00
2.145262121199289052e+00
2.122692136650437877e+00
1.951144328944619533e+00
2.121485766881426205e+00
2.133810033040471676e+00
1.536607236000557819e+00
1.627267190299849675e+00
1.659912031839085644e+00
2.371437374422267208e+00
2.028018657073591413e+00
2.151657207162640528e+00
2.085158932566186785e+00
1.497719989429679321e+00
1.576313460653974374e+00
1.657905106326373890e+00
1.794214959924968600e+00
2.025859612976550039e+00
1.678839320143821867e+00
1.445164455047862617e+00
1.472355032782878270e+00
1.984305618049388986e+00
2.365948795809909466e+00
1.769826207305689625e+00
1.708258759487438994e+00
1.820100299855679005e+00
1.847961892635205494e+00
2.233926564653193392e+00
2.303697683421627840e+00
2.251438787746057990e+00
2.103454323409028603e+00
2.127163072257351129e+00
1.600031974485917274e+00
1.617530753330222559e+00
1.604202490855686669e+00
1.226503138556723549e+00
1.327024057324615258e+00
1.268685804711439991e+00
1.299545664833448022e+00
1.404318150608780291e+00
1.488249757431997056e+00
1.474139640899056580e+00
1.779808692458605179e+00
1.725731665846682361e+00
1.672327715876198440e+00
1.288996245054413015e+00
1.711651674561175174e+00
1.829912459372949884e+00
1.826466355263770325e+00
1.954392875009991259e+00
2.418504788667510397e+00
2.211882639848706589e+00
2.010145924533004003e+00
2.020507258506322401e+00
1.897702363698769545e+00
1.875169032818594594e+00
1.731906761734608002e+00
2.108759085075920137e+00
1.546619086258469666e+00
1.478651992746854438e+00
1.381694778828637116e+00
1.310675699228323055e+00
1.452066003678656347e+00
1.569169671828772650e+00
1.427497137934543137e+00
1.515969193627379363e+00
1.283207697915899503e+00
1.842842455950176372e+00
2.384877285731532570e+00
2.161299287693703164e+00
2.264044865666221096e+00
1.746681547381057742e+00
1.511640098838347157e+00
1.192504726899209500e+00
1.379521404247606498e+00
1.109221350353021940e+00
1.332432785815209408e+00
1.442100668727051671e+00
1.452115552341477933e+00
1.558294138215225111e+00
1.589155995137292887e+00
1.845500474061428253e+00
1.836429231381495164e+00
1.448257748360485486e+00
1.283874535184133192e+00
1.386954693250318282e+00
1.451165725969648879e+00
1.734592580386305150e+00
1.745173336295596345e+00
1.502695889223522485e+00
1.490953904025017041e+00
1.460248592051271999e+00
1.886315151466287920e+00
1.466662012859112574e+00
1.857443366785608951e+00
1.864100411247816780e+00
1.527165958255249700e+00
1.606136842400759379e+00
1.445801640405100175e+00
1.958109865017864770e+00
2.033395008829686823e+00
1.883806423784228690e+00
1.644155331307009638e+00
1.666318874696196550e+00
1.536289658922492585e+00
1.461940487966641999e+00
1.533613015328559870e+00
1.255895404730965836e+00
1.312161780990276139e+00
1.336812869835891426e+00
1.363723481924391967e+00
1.445497069568254522e+00
1.327967844048697499e+00
1.398805088825106457e+00
1.730539964202532977e+00
1.430512273003598844e+00
1.185569198284291081e+00
1.243479425430575214e+00
1.436229466668816457e+00
1.488255120121484865e+00
1.658398524952135578e+00
1.599654794484912212e+00
1.356263399904727329e+00
1.494776505649074272e+00
1.402993400285334813e+00
1.427697663355869118e+00
1.389286279902179455e+00
1.286512821924487904e+00
1.518920844018240679e+00
1.401207278807189427e+00
1.318181788450364822e+00
1.083559549720541915e+00
1.223341270091397037e+00
1.281185790389852697e+00
1.585220776912241281e+00
1.692913676498116970e+00
1.726655395159633066e+00
1.648795198256420624e+00
1.957985220162254514e+00
1.845860138390150729e+00
2.069897760989403590e+00
1.788803207720109256e+00
1.479698288441066323e+00
1.484920063449050920e+00
1.272236142600833286e+00
1.199384873544920627e+00
1.387976811203330829e+00
1.371869300073349507e+00
1.168231550970000532e+00
1.126355170267392403e+00
1.294267534366436934e+00
1.818268241059774359e+00
2.041164026605632120e+00
1.792763419994020779e+00
1.721583542277376644e+00
1.734757025064207259e+00
2.185986279454307013e+00
2.224849169909187907e+00
2.185601642242184450e+00
1.806703675047017121e+00
1.744027317304883029e+00
1.929340790160677166e+00
1.740043890273070382e+00
1.229246982586628345e+00
1.359682482255839542e+00
1.447689952969864802e+00
1.128268236692080873e+00
1.382166184395815067e+00
1.324316668275140385e+00
1.321257502956582286e+00
1.075188789738762862e+00
1.148378160985329188e+00
1.327730876248130798e+00
1.223871520135141777e+00
1.210614615642842562e+00
1.277181425505715229e+00
1.290038974352660350e+00
1.527816686322817086e+00
1.245807417366603609e+00
1.650355326535459355e+00
2.061948605399418710e+00
1.897631111521939751e+00
1.984697940359412272e+00
2.537502546614932797e+00
2.042873059407222858e+00
1.899037444365766936e+00
1.673557761755209317e+00
2.120777062805658808e+00
1.878366389936447112e+00
2.163171665937191790e+00
2.022251868066339497e+00
1.406806739948861962e+00
1.579468921826281402e+00
1.725449425601218056e+00
1.692930293371215145e+00
1.352388330645198478e+00
1.223036071255521717e+00
1.317813848179432368e+00
1.281340850504281592e+00
1.367360224647545142e+00
1.575330820111765950e+00
1.374249700447295996e+00
1.263801287579630950e+00
1.154423130772772810e+00
1.336872548468646782e+00
1.229168131944286202e+00
1.819625138875517578e+00
1.565619916348609308e+00
1.743551075148189078e+00
2.042923257361541012e+00
1.885345467460157964e+00
1.978714796653768815e+00
1.689489594179658383e+00
1.707384636797990796e+00
1.353014140839867263e+00
1.535586715626435561e+00
1.473080749389773070e+00
1.426053346804356359e+00
1.632954382289012019e+00
1.223858763090499568e+00
1.326144440640992128e+00
1.805376060685494055e+00
1.265806440030283975e+00
1.234612924389928423e+00
1.557428233973249920e+00
1.368063263923053441e+00
1.468932532025550408e+00
1.373713631143522296e+00
1.727695176629895135e+00
1.577797143099703314e+00
1.773497787932912573e+00
1.750293866897446371e+00
1.625868048934166143e+00
1.613541428880383766e+00
1.250908700876403268e+00
1.658755315042820699e+00
1.360278045013038284e+00
1.520774609392349319e+00
1.422534291397861805e+00
1.231662125349662462e+00
1.082603055769853384e+00
9.726295200394226015e-01
1.103821557612992388e+00
1.077746236740037444e+00
9.636088249128770267e-01
8.843493580441097457e-01
1.079237203843465664e+00
1.268071487715773493e+00
1.089769422182734093e+00
1.162998870077081248e+00
1.172698155134415776e+00
1.410168786322799406e+00
1.720517013516719151e+00
2.131588991354354423e+00
1.904865873040956004e+00
2.005283417675044699e+00
2.106876692822069241e+00
2.160515033454863065e+00
1.626448380748021227e+00
1.786976585835334363e+00
1.861804566739167388e+00
1.893539268698661848e+00
1.726866145034244626e+00
1.461421901423212155e+00
1.627272121058946697e+00
1.499731402930366553e+00
1.916098672416546300e+00
1.428219086752549272e+00
1.853771856077907731e+00
1.682440298151783642e+00
1.904365899416279762e+00
2.199554376136234168e+00
2.014148819748727615e+00
2.305731876364665478e+00
2.013479236098478342e+00
2.287463889202253853e+00
2.471610939435567644e+00
2.334429886205911853e+00
2.103100223460677487e+00
1.865748637920741082e+00
2.027736070029125592e+00
1.851537917316791626e+00
1.630439650069822610e+00
1.648143383507551185e+00
1.555402018903085937e+00
1.812841168797112879e+00
1.860829579086683339e+00
1.682986225431183813e+00
2.018188291371252774e+00
1.748794011155403005e+00
1.694292074563441108e+00
1.616553855082413227e+00
1.366700589316947934e+00
1.109220361203047567e+00
1.050583157031096393e+00
1.324998963399233176e+00
1.252768562534500196e+00
1.285391845695055046e+00
1.255514819647392866e+00
1.604932681083250490e+00
1.584497475489818008e+00
1.086303956281589711e+00
1.148487255332334867e+00
1.327290948043375662e+00
1.669587668814527026e+00
1.802754476151858798e+00
1.518939166460638646e+00
1.399631556843967450e+00
1.594239941380570569e+00
1.263705654513334498e+00
1.318085306288288239e+00
1.462194674795176175e+00
1.507612854538865621e+00
1.945737785880742088e+00
1.810567399597361460e+00
1.537563849759267187e+00
1.739798292469845187e+00
1.989264623080364558e+00
1.714476426294432532e+00
1.771733708050877709e+00
2.046932063519682377e+00
2.153886595769824108e+00
1.763478847310251396e+00
1.733341277637563627e+00
1.925331953209941105e+00
1.560082798384159641e+00
1.550928495526433082e+00
1.541625179807694312e+00
1.459831901915007002e+00
1.227359773712885627e+00
1.651969712968848647e+00
1.818758291353226531e+00
1.683592245154615474e+00
1.534327106801110396e+00
1.327737805328109033e+00
1.287875043209719017e+00
1.425625086473094383e+00
1.146821896759490533e+00
1.367464526075116593e+00
1.267418995564273398e+00
1.550944226598353071e+00
1.220645138791164097e+00
1.622857271069122476e+00
1.223484258300154615e+00
1.282753995611328524e+00
1.550096159573655097e+00
1.647669547449074345e+00
1.585689963344315334e+00
1.564497792429488943e+00
2.100256429568241323e+00
2.294287996305916177e+00
2.348500627343243163e+00
2.076434635796933659e+00
2.262131301631975511e+00
2.275850037460184438e+00
2.181852569152797461e+00
2.266609383948711365e+00
2.031276952669871516e+00
1.396849958709421413e+00
1.460757484649975790e+00
1.604806688966054828e+00
1.523731353611716743e+00
1.514891092909972814e+00
1.328165088104670932e+00
1.308281121681658554e+00
1.530193566334044908e+00
2.044861245610741562e+00
2.106568680100771029e+00
1.943429571917517196e+00
2.083059779701665004e+00
1.586936680624321250e+00
1.782800066704972153e+00
1.712844300543868714e+00
1.326697916391265331e+00
1.428444968627480494e+00
1.181873677936046141e+00
1.864444494839450961e+00
2.193588024917477064e+00
2.362887291584281346e+00
1.678981205389452613e+00
1.113760746530443546e+00
1.135282779283905530e+00
1.292058800655204287e+00
1.429705898193006419e+00
1.527949167309503364e+00
1.842023669621462467e+00
1.473961999799743294e+00
1.743012575984456802e+00
1.557498198075255136e+00
1.204497153472233073e+00
1.348463168188491768e+00
1.162507162111699133e+00
1.365663475321716280e+00
1.201128243828544884e+00
1.084659918280228785e+00
1.208670445543707617e+00
1.047551045043201512e+00
1.151066537804135814e+00
1.356740808664911535e+00
1.766059266561277985e+00
1.937258439526357678e+00
1.694692991004950633e+00
1.951140525590199459e+00
1.741638507666479319e+00
1.363226860204867608e+00
1.291280179413968998e+00
1.302247286906771162e+00
1.077272964986909054e+00
1.128913328640015257e+00
1.443659453916732893e+00
1.613650818813409549e+00
1.554553581250875061e+00
1.683106659946647099e+00
1.748340185362631916e+00
1.801635628391338173e+00
1.797430317894245455e+00
1.593149194146382452e+00
1.465576517743960583e+00
1.622139221292216327e+00
1.967562107528072701e+00
2.138874018751195649e+00
2.002963714015639329e+00
1.951260836132353793e+00
1.742701964907385381e+00
1.291367400395580622e+00
1.963910080362155419e+00
2.122460726218030835e+00
1.918222960979971026e+00
1.946538720888656870e+00
2.014257701673533241e+00
2.466052291135627517e+00
2.005756017584349404e+00
1.739294737030400384e+00
2.002397242948601441e+00
1.959551851724234739e+00
1.927961788580767610e+00
1.955441020380080053e+00
1.541740014983912666e+00
1.660998156021856964e+00
1.711135777614355424e+00
1.792860426467072443e+00
1.891318714530186629e+00
2.208286405821366039e+00
1.927449159140722790e+00
1.975243658931195245e+00
1.935095979902246022e+00
1.490500612331349783e+00
1.762986596887935242e+00
1.943068077983767017e+00
1.766593971720367584e+00
1.756842875097193613e+00
2.067650870706659649e+00
2.487699123671115675e+00
2.517475086423759834e+00
2.588911324508067047e+00
2.509927946443763602e+00
2.087451718748293494e+00
1.575326100494077952e+00
1.397928900971282751e+00
1.483258409690795254e+00
1.635369416016729138e+00
1.290402279872763236e+00
1.565862366769628977e+00
1.486473936730889678e+00
1.383572108361768249e+00
1.522555156589910474e+00
1.617010926267602677e+00
1.179011255623124921e+00
1.610044658476587287e+00
1.519273255665688271e+00
1.434658251704651333e+00
1.395665890553656308e+00
1.680064681772321711e+00
1.755702145996383523e+00
1.645640986018941154e+00
1.564891208329365790e+00
1.990496212009546184e+00
1.658666836818575296e+00
1.809898564620528338e+00
1.868018679056894449e+00
2.218732728325164327e+00
2.422595729271948883e+00
1.534724998382066774e+00
1.335807875048026894e+00
1.368892351802296847e+00
1.496905668979152004e+00
1.463093077544040055e+00
1.568495450963912408e+00
1.635521759038838674e+00
1.560379067997697877e+00
1.652876753468282445e+00
2.102715831540892477e+00
1.918479138940653250e+00
2.010991748811647550e+00
2.023665641485965061e+00
1.464362165090199008e+00
1.469934202013885916e+00
1.802385389379109970e+00
2.250725454742626308e+00
2.225408586034064218e+00
1.927122402097778409e+00
1.631812168614537928e+00
1.443307465622455599e+00
1.486400968265819023e+00
1.515062780978716050e+00
1.885509027791340886e+00
2.129655220234688340e+00
1.762661458739373632e+00
1.582317599729588853e+00
1.483145959046716200e+00
1.313705036899773138e+00
1.664548514980401350e+00
1.544761838636641960e+00
1.550623377030222017e+00
1.251433594205101363e+00
1.236660655457549662e+00
1.631501467525686255e+00
1.557635051634965517e+00
1.965697007738135715e+00
2.003629582584761870e+00
1.828169201497324536e+00
1.902879376977816950e+00
1.774136503974808932e+00
1.828866122785348880e+00
1.697606702218707797e+00
1.552344038645964375e+00
1.712402217451614028e+00
1.444004402295055334e+00
1.573378934944210661e+00
1.549930885985926432e+00
1.565548585556951089e+00
1.665360454825653314e+00
1.595384264444341449e+00
1.691828472830248620e+00
1.781820297891530736e+00
1.772540385027297383e+00
1.784860696608695507e+00
1.859558146635801323e+00
1.703201108258940000e+00
1.915655638451281950e+00
2.055864076969444287e+00
1.944707765342125860e+00
1.996272683916283874e+00
2.019467135809529967e+00
1.957393003412799537e+00
1.872311488790298517e+00
1.712796006496571044e+00
1.807848821446602416e+00
1.509069225350895493e+00
1.377710604956091656e+00
1.857750457106615460e+00
1.537261541216632832e+00
1.627185040953062156e+00
1.450097108877586916e+00
1.785538210615305266e+00
1.905207481376171463e+00
1.743206376461242657e+00
2.063462228962661182e+00
1.966702831152368436e+00
2.179684069120849443e+00
2.033230841836160874e+00
2.079287930071283430e+00
2.251900839864087178e+00
1.992116782335320968e+00
1.981602460373852681e+00
1.778521164677587141e+00
1.886574696687851160e+00
2.220236479147155606e+00
2.116256266257642960e+00
2.234059801870938777e+00
1.803945505927814441e+00
2.050435671150204531e+00
2.199217513715914674e+00
2.061476908404091368e+00
1.663476780463009064e+00
1.782741049767643249e+00
1.904568725454936162e+00
1.740202216147309189e+00
1.613231367757369972e+00
1.389611372283271695e+00
1.567033166737567873e+00
1.423469239585307911e+00
1.528335369257327159e+00
1.459122437803116012e+00
1.240191861183500555e+00
1.181199173199630748e+00
1.161953934834453861e+00
1.383965512488455785e+00
1.132117372210491801e+00
1.661028158445949643e+00
1.736272129909748330e+00
1.723455486378869583e+00
1.656944927030651549e+00
1.568588742209935383e+00
1.738592624917788987e+00
1.653907104381056925e+00
1.566031437182672903e+00
1.721173782895182747e+00
1.967859496258973273e+00
2.068044866440709395e+00
2.141181583393965138e+00
2.287345965968444528e+00
2.341866066142632263e+00
2.249694900236348882e+00
2.354469747380875333e+00
2.260746481968771260e+00
2.620537091720366085e+00
2.166330927042643850e+00
1.953942538437359877e+00
2.082388741151540046e+00
2.294793126093045199e+00
2.038305328450133125e+00
1.601789928609988811e+00
1.758785973918837620e+00
1.906264031662160408e+00
1.416573380595493648e+00
1.510654327483829773e+00
1.234044410884695742e+00
1.227511502319591941e+00
1.316213894276060614e+00
1.541844308024745480e+00
2.013758517545187754e+00
1.601283799282905651e+00
1.640111055523612693e+00
1.836761126468955840e+00
1.250727645497505813e+00
1.199239464927786880e+00
1.383421490279457267e+00
1.443718089107963509e+00
1.148823606185147561e+00
1.269659947686889945e+00
1.398635834727012472e+00
1.495585369213176863e+00
1.342582900227618836e+00
1.381105766936230772e+00
1.089093948918947063e+00
1.217720011117462864e+00
1.049503798414960443e+00
1.387175894360638484e+00
1.315903439089506355e+00
1.237907586176993480e+00
1.139949281230478562e+00
1.088048458096307014e+00
1.484239343643539266e+00
1.456138808525536232e+00
1.167506013060607861e+00
1.254155803209910713e+00
1.078732819965175116e+00
1.001580006645250487e+00
9.621582073349902453e-01
9.898275043369253456e-01
1.081650055063240856e+00
1.132906788368650108e+00
1.199729174183758573e+00
1.269001301583447594e+00
1.428587140028785285e+00
1.122780946581063644e+00
1.097666969284272431e+00
1.214086625394430685e+00
1.105887294068556015e+00
1.855086374500212631e+00
1.759631902685313776e+00
1.946794062313339513e+00
2.289854847004401783e+00
1.963145830248399726e+00
2.337153587005059485e+00
2.120722976282173544e+00
2.052532766955802668e+00
1.442245879372917594e+00
1.301244405637704160e+00
1.468297479352915991e+00
1.069630108162419990e+00
1.265299637018936885e+00
1.210424485158574592e+00
1.364873011047185170e+00
1.374118627680396942e+00
1.310772929495663597e+00
1.226610884055429729e+00
1.293745704377652350e+00
1.384752019740007611e+00
1.553440121386870043e+00
1.278951067968109978e+00
1.196045005290124363e+00
1.337916292697787446e+00
1.615430201297893831e+00
1.838325909689797477e+00
1.854800476631243145e+00
1.947091318437931706e+00
1.997444841146243322e+00
2.202895478781696337e+00
2.107259003629022853e+00
2.229259796485820733e+00
2.109702211543684314e+00
2.323118902137874198e+00
2.321000679449632287e+00
2.353278649720770055e+00
2.289330626678849789e+00
2.287022647369633344e+00
2.382011363115290603e+00
2.298910985571865240e+00
2.242172126619311978e+00
1.971415039765195942e+00
2.297043476465527423e+00
2.381411314424271453e+00
2.390519694128803163e+00
1.666211755894009050e+00
1.403792445691047774e+00
1.294145247673435861e+00
1.371653142424208438e+00
1.818770869234722198e+00
1.992142747306525852e+00
2.359237272322301404e+00
2.225967935052844737e+00
1.773454506935070230e+00
1.595430061356758689e+00
1.813526561691754857e+00
1.770264826531563918e+00
1.528085314006133011e+00
1.916199030382712110e+00
2.173314576430806166e+00
2.185646826652158037e+00
2.367317664859548643e+00
1.869702326683601701e+00
1.937643202298303224e+00
1.837196074728825401e+00
2.017553293106844059e+00
1.591713920390215309e+00
1.579665106370671701e+00
1.733302438170982285e+00
1.744247737641954288e+00
1.682875062691423285e+00
1.486805085231678092e+00
1.550321451377437931e+00
1.826308641128417953e+00
1.491982347507417872e+00
1.655885326215368103e+00
2.148939720362468275e+00
1.705918752517662673e+00
2.015535619126450850e+00
1.629416281456355087e+00
1.638761316187543615e+00
1.361212862241645949e+00
1.360952269697327743e+00
1.264171117432024261e+00
1.280982724978313003e+00
1.268041626646562836e+00
1.595538410984906674e+00
1.522798671194897091e+00
1.367954824908554468e+00
1.520601102402821425e+00
1.738109898548539256e+00
1.885431029456352547e+00
1.818188376545624596e+00
1.849401848636885282e+00
1.804573516023429525e+00
1.474964732730185135e+00
1.605175540939846490e+00
1.095280111785013055e+00
1.332806267686831303e+00
1.289448611228122710e+00
1.123594912861125783e+00
1.451321336508261117e+00
1.527485178106340324e+00
1.518119794281943546e+00
1.779892355701111928e+00
1.528826574423987283e+00
1.677765802426756103e+00
1.634356315499524648e+00
1.505596303162344052e+00
1.807181654583621899e+00
1.866010107473610624e+00
2.087135674255249373e+00
1.757536545786705151e+00
1.630363855322118916e+00
1.453164725868630880e+00
1.660481454076639940e+00
1.495589173029614249e+00
1.794428392515248660e+00
1.854434937706537001e+00
1.453012900686103226e+00
1.507730955172235099e+00
1.849458719891310610e+00
1.740698199017324033e+00
1.435597539588046700e+00
1.222853236020055467e+00
1.482740049803235705e+00
1.645805688465962424e+00
1.532487094571193254e+00
1.593242778562746320e+00
1.401499541457621012e+00
1.355144405260491292e+00
1.166867211167394336e+00
1.081293355591494532e+00
1.555284451223464259e+00
1.647593905598709885e+00
1.656344318903612667e+00
1.647120923748108146e+00
1.241928756789532962e+00
1.225142372409911307e+00
1.234322093650317864e+00
1.317541617661384779e+00
1.118200354762347137e+00
1.569861608039971879e+00
1.583701823357983374e+00
1.627101034047421013e+00
1.861876815105180105e+00
1.658746628702768122e+00
1.729871014234925841e+00
1.740494415591671729e+00
1.558382616961839773e+00
2.025133455539518845e+00
1.873245182884511806e+00
1.708880722208858449e+00
1.660846825634078705e+00
1.458418662922612130e+00
1.712447710704069426e+00
1.767609828752515710e+00
1.708467086945870683e+00
1.618107966537481790e+00
1.594225354120967886e+00
1.813766228952891524e+00
1.654142039521061314e+00
1.088235804871101386e+00
1.312932029484798591e+00
2.355258677861244987e+00
2.320058411386859643e+00
2.175886486325961044e+00
1.718646121301731444e+00
1.512146369747142227e+00
1.655383124621292001e+00
1.474664641695250245e+00
1.094620553723803846e+00
1.351483813078790952e+00
1.342906367563421188e+00
1.260600466172824952e+00
1.540585679612767045e+00
1.514824026719172601e+00
1.412901422125499629e+00
1.550464613979418926e+00
1.534956970844752355e+00
1.422454048682033401e+00
2.079322794199619295e+00
2.087147418646843722e+00
2.311684722008191084e+00
1.938163966497352009e+00
1.851257497936560803e+00
1.546276711353908873e+00
1.559103522062562641e+00
1.363047446638608662e+00
1.182335828553645829e+00
1.364431257114278928e+00
1.483173884033079704e+00
1.903743632007070863e+00
1.965609438000828879e+00
2.251312099155069912e+00
1.665949682074013616e+00
1.544029542877644490e+00
1.630840069114182889e+00
2.133179770190002156e+00
2.159456245447788358e+00
1.529494862803835176e+00
1.548363801267831796e+00
1.516782986095735808e+00
1.670517571525429679e+00
1.266234492158442970e+00
1.493913298853655647e+00
1.329558494827100867e+00
1.790859035720368198e+00
1.486384891359018745e+00
1.339853450002975288e+00
1.308928987730577420e+00
1.774629908881037110e+00
1.871876220178067429e+00
1.793787431258157872e+00
1.650783088282456124e+00
1.564435798442713965e+00
1.660401522167958888e+00
1.494394104363944820e+00
1.216822911160005072e+00
1.396235108998614471e+00
1.320791151048587020e+00
1.608433422437749449e+00
1.716888782983410966e+00
1.566590463317129478e+00
2.018982337516623371e+00
1.974083813162436529e+00
2.086450426863715624e+00
1.574926608114706639e+00
1.628726116915790278e+00
1.755790663256566964e+00
1.714893326895479575e+00
1.515059088709943325e+00
1.656972456044704778e+00
1.657308488424481530e+00
1.889862478885358854e+00
1.567104816661250233e+00
1.929620196252326059e+00
2.063103877321431412e+00
1.686987270784288784e+00
1.991831159422284614e+00
2.165229905519204134e+00
2.067660280563303310e+00
1.872256397238002412e+00
1.324707743237030000e+00
1.000379498158733282e+00
1.077351990959876327e+00
1.123003226765363349e+00
1.352419197223242220e+00
1.182063947452523411e+00
1.268680277087745223e+00
1.367181636054192850e+00
1.391285644342457051e+00
1.760796371698302387e+00
1.424573501558466404e+00
1.356220744772267395e+00
1.317793842798169246e+00
1.215969063731521693e+00
1.428698614443311143e+00
1.743764999026202078e+00
1.750428600081754826e+00
2.277078716871158814e+00
2.158403404826965133e+00
2.032263586796211552e+00
2.031385645134528684e+00
2.011990216487021144e+00
1.692047541686068080e+00
1.733756668265396206e+00
1.501774918783425949e+00
1.580387474348468491e+00
1.943637771958983906e+00
2.097404102665967773e+00
2.113435555388749609e+00
1.858064181833312567e+00
1.850609480389647787e+00
2.014844332340802069e+00
1.997765621055523244e+00
1.627378541882129825e+00
1.533508369366418433e+00
1.218594065439844165e+00
1.121796590265369487e+00
1.212746037808649202e+00
1.261216057017660264e+00
1.285313668103550189e+00
1.307425461721481108e+00
1.345742865559226065e+00
1.284229610341090400e+00
1.339679195930512101e+00
1.408522613183074146e+00
1.167409237093404384e+00
1.376999260966830896e+00
1.486163927347079472e+00
1.656104541171547373e+00
1.678369513541277502e+00
1.775465453380508540e+00
1.707051176881414278e+00
1.568397511988168125e+00
1.427004125830163339e+00
1.394100965615603815e+00
1.317541799414722714e+00
1.726352775144431639e+00
2.183258321811786029e+00
1.867693263961800021e+00
1.920960989716130385e+00
1.751669298265125407e+00
1.675968122098852708e+00
1.817298848967257463e+00
1.658689027672265004e+00
1.520806817795861576e+00
1.641817373218444231e+00
1.761419368870348778e+00
2.196750476417710818e+00
1.916237386173958335e+00
1.748109436000917505e+00
1.669221277290513061e+00
1.607365479118637808e+00
1.588773539621976427e+00
1.487808219807942534e+00
1.902440203022560894e+00
1.990613239268478996e+00
1.874155277220001636e+00
1.593043190801087583e+00
1.972270990271291602e+00
1.979332350628497439e+00
1.637006169952820445e+00
1.850016893945195751e+00
1.235875068937234422e+00
1.345185254292561750e+00
1.545692120746089859e+00
2.076097737592865311e+00
2.176222427703146778e+00
1.662470142747610957e+00
2.236530403790697008e+00
1.905623558288039421e+00
1.802357031576505619e+00
1.779884442215470486e+00
1.757119280077686474e+00
1.592353993934202849e+00
1.643061723222801973e+00
1.783371506612114077e+00
1.664288019265734775e+00
1.710602138238890291e+00
2.065358219559048969e+00
2.474518386517736701e+00
2.352792914327701990e+00
1.605759401582075530e+00
2.011728841664303769e+00
2.445694898823881580e+00
1.981466462723546318e+00
1.620039987635925050e+00
1.374859430189001586e+00
1.385386681196605352e+00
1.430481191728087076e+00
1.680658123946658256e+00
1.384468639704015347e+00
1.497089021499074191e+00
1.523594576015718793e+00
1.410694901336706275e+00
1.348624416614155663e+00
1.493782703104041376e+00
1.495009816609560893e+00
1.507076656119984648e+00
1.488062507657728517e+00
1.413109822293248996e+00
1.453669806138281784e+00
1.063978753755736584e+00
1.012929970512452149e+00
1.317025040035173511e+00
1.248754248507286890e+00
1.472926852778021711e+00
1.701999856041481962e+00
1.335793092337382637e+00
1.136403570935375695e+00
1.285241350388625969e+00
1.414302887575358270e+00
1.217483948683365735e+00
1.129869937438738203e+00
1.351938228135706632e+00
1.240063565181208638e+00
1.224840676467256584e+00
1.432452476889121584e+00
1.342110527846615442e+00
1.608605317492882936e+00
1.632732504393997530e+00
1.701304063218957330e+00
1.455259553835340558e+00
1.421835481157191827e+00
1.496113805535316921e+00
1.420944493558095489e+00
1.158200329981640131e+00
9.991148385831902790e-01
1.170274556730325655e+00
1.215607451571406594e+00
1.361871789930934495e+00
1.495282018955459202e+00
1.362784293766935217e+00
1.228945196809991369e+00
1.099916798721704447e+00
1.158771834084903141e+00
1.110622943635685145e+00
9.816284130500761984e-01
1.367598326463349556e+00
1.349308169903743471e+00
1.374847946724535808e+00
1.323816839245037791e+00
1.340889496351161059e+00
1.275020941569514177e+00
1.167031852764182753e+00
1.151103948955614298e+00
1.236478714454150918e+00
1.739354526493285924e+00
2.105231168332401648e+00
2.197419993310573361e+00
2.248020700255858539e+00
2.127158459056091910e+00
2.227070069279369235e+00
2.410827213020899418e+00
2.387367755726433227e+00
1.817742008891112704e+00
1.411725229622291300e+00
1.564530913692826708e+00
1.878419124817004793e+00
2.271569485140591649e+00
2.059762624164314104e+00
1.881962217617083599e+00
1.601255196538011294e+00
1.750177847546214416e+00
1.590162613077496179e+00
1.785873464459438287e+00
1.363788738861626326e+00
1.580434216825623128e+00
1.943899021869822663e+00
1.930630661323222030e+00
1.815864377150413933e+00
1.919557391891927089e+00
1.828300327218371768e+00
2.560572116364654871e+00
2.431564051576339924e+00
2.116146219608555423e+00
1.981460339923444280e+00
1.832641187510048786e+00
1.815472159472814928e+00
1.853047695617685564e+00
1.976508383990916107e+00
1.750686002815222686e+00
1.832033275989180865e+00
1.672687789947821857e+00
1.422053217887927046e+00
1.708125880075406222e+00
1.592716686617748456e+00
2.017931780843486234e+00
1.914500611666954955e+00
2.335653691243314345e+00
2.128580164229374461e+00
2.057824954410890417e+00
1.923930623095525760e+00
1.769534790029779758e+00
1.529929453807847839e+00
1.576375997344548363e+00
1.464194407371671280e+00
1.300345590356730252e+00
1.318316043579386809e+00
1.396713138497426065e+00
1.367124173091893491e+00
1.707003008193707094e+00
1.828744235980520161e+00
2.029561593347859905e+00
1.816409143362473833e+00
2.009186998729557860e+00
2.055288793692875871e+00
1.846501514173473968e+00
1.801988920734505673e+00
2.213710320706638424e+00
2.364513031273316024e+00
2.230851003987980086e+00
2.421370274864708350e+00
2.343585222925423039e+00
2.384496923055995143e+00
2.091367637835654936e+00
2.311184240460168571e+00
1.723477175698662878e+00
1.781069253258943164e+00
2.190148796970725176e+00
1.823763304135477270e+00
2.102184238298435481e+00
1.974494266568783463e+00
1.648073459239280725e+00
1.839602203899866062e+00
1.896325723261887308e+00
1.565252214792335117e+00
1.667912891755289895e+00
2.004962886157426905e+00
1.473825608453440239e+00
1.182487186318690986e+00
1.574122150641415141e+00
1.407599901059382708e+00
1.306188903196365381e+00
1.282356731426803398e+00
1.097475788244326678e+00
1.192076979758680322e+00
1.247309546655308798e+00
1.153915018148205407e+00
1.762709424529974811e+00
1.380864865263966124e+00
1.571629752625177012e+00
1.306091250914649171e+00
1.217008481878080861e+00
1.636061762829154054e+00
1.683054354878533054e+00
1.712609075246551926e+00
1.575065173407575347e+00
1.666765351143097540e+00
1.441082232992111134e+00
1.461150182696044908e+00
1.292594541481598247e+00
1.009745595180845612e+00
1.111428560573568092e+00
1.061717189464465028e+00
1.073712658309460943e+00
1.383933930534515078e+00
1.413588363684567417e+00
1.887140840436764666e+00
2.240204639887231064e+00
2.348966659511073640e+00
1.958437130138786841e+00
1.866515967288715050e+00
1.669851807314887360e+00
1.615718583955864762e+00
1.333670870988461266e+00
1.331779131768111579e+00
2.007390662920804036e+00
2.136573207973651911e+00
2.363901225789449168e+00
2.218909882477075879e+00
1.967895416889089422e+00
1.748899407363157854e+00
1.714522306084214964e+00
1.392387747872987358e+00
1.282413135591675690e+00
1.210447886701798481e+00
1.194068809664851960e+00
1.126197025778783667e+00
1.368255080715407690e+00
1.624699562900421501e+00
1.716472056218145914e+00
2.115331026001066039e+00
1.642768193526432219e+00
2.010779073480656098e+00
1.834887006622660355e+00
1.866448766339797061e+00
1.517058394030034174e+00
1.604658803483910878e+00
1.447589487441331535e+00
1.398734500699309047e+00
1.075966950376610054e+00
1.237487787908696069e+00
1.093522524716805222e+00
1.194784881081877081e+00
1.823692478216465407e+00
1.445947689590489471e+00
1.539897723223918824e+00
1.701707726392356568e+00
1.972589733253213629e+00
1.903483398253631442e+00
1.706063762371158976e+00
1.314663559264756421e+00
1.448144073093499573e+00
1.372406151585574996e+00
1.647510541138069051e+00
1.491907981252801552e+00
1.432509553315646222e+00
1.682442079382597599e+00
1.916248842027532762e+00
1.701082632082774992e+00
1.674035506531240447e+00
1.619477691893959737e+00
1.416041904519571792e+00
1.546444796848461145e+00
1.796247588903396863e+00
1.817762422972283520e+00
1.593895717223569930e+00
1.564437860583035134e+00
1.482875409342028883e+00
1.556653986405669210e+00
1.646155616814435341e+00
1.693491501727247384e+00
1.743159067182630473e+00
1.317603733904940011e+00
1.104455261649445408e+00
9.762986903132054861e-01
1.045041948626421746e+00
1.443348451433895008e+00
1.079201714541769164e+00
1.003307752624215565e+00
1.225897370259112718e+00
1.230958152879441103e+00
1.222917587940518969e+00
1.435645227496468612e+00
1.329993128294037374e+00
1.195583442689206022e+00
1.281159359610904547e+00
1.359162763855894518e+00
1.141739299495312165e+00
1.223785356663158019e+00
1.290174484908185981e+00
1.588341111373713144e+00
1.373595193752799259e+00
1.286110479534039008e+00
1.584632345645033302e+00
1.450156219507374722e+00
1.348260128590875517e+00
1.140437812217305114e+00
1.236731481234512930e+00
1.123307298130694631e+00
1.222169022380521497e+00
1.439471418205321873e+00
1.213601757632163380e+00
1.301692747104688186e+00
1.450017816504337143e+00
1.402139764447911219e+00
1.680461248524467655e+00
1.810672034268671071e+00
1.420596274710988594e+00
1.510796952543947747e+00
1.437495888756055828e+00
1.540359812371713266e+00
1.227430958972655972e+00
1.316600690809785146e+00
1.527379043673966486e+00
1.652703418841809713e+00
1.627755871102262164e+00
1.454463261932886109e+00
1.812283444677998068e+00
2.077463851540067186e+00
1.870007520057795025e+00
2.274664102073911121e+00
2.083409971169368102e+00
1.701329015452085258e+00
1.683044135465462166e+00
1.676995205299659508e+00
1.829556959237751634e+00
1.665200229367544082e+00
1.443884866923727417e+00
1.947867021146174382e+00
2.007241024191875667e+00
1.564759137286850788e+00
1.780961852304259185e+00
1.658974349497701617e+00
1.959093678547135786e+00
2.418851980846388638e+00
2.094416386275028241e+00
1.807710628629966010e+00
1.511397386348123595e+00
1.277728766575747965e+00
1.675339629524728480e+00
1.643381142151083996e+00
1.140195720725812878e+00
1.394878281351187965e+00
1.512875240948966526e+00
1.193721517045523095e+00
1.294161848960023065e+00
1.490243363917781227e+00
1.368827648295744437e+00
1.372078655213634590e+00
1.562274536049238272e+00
1.648153364260863007e+00
1.595331602185260156e+00
1.437071665051520952e+00
1.477356192686138714e+00
1.992021225541133589e+00
2.176267330589794824e+00
2.103162792666518843e+00
1.884385357099942482e+00
1.938700079585092384e+00
2.087885644720157696e+00
2.207070656791358498e+00
2.173762293460487882e+00
2.234035600974734859e+00
1.924217926052775640e+00
2.226700615280033269e+00
1.819008666060849766e+00
1.873469794171865876e+00
1.879744040786215598e+00
1.629850675530626347e+00
1.564980655837198364e+00
1.944161114265138712e+00
1.719798710930609875e+00
1.938076565429848408e+00
1.541685982275700972e+00
1.582811573099209390e+00
1.600764218854309195e+00
1.176921392430397395e+00
1.255842363193563127e+00
1.182967927862752289e+00
1.423323083289989910e+00
1.238927289861673664e+00
1.220164592107634505e+00
1.146541571874288623e+00
1.169106642943091634e+00
1.198496603047567666e+00
1.604021706262104274e+00
1.612798775951162611e+00
1.636664505526472357e+00
1.312419653208882098e+00
1.568996252714004891e+00
1.952835335908618353e+00
1.573709324842893942e+00
2.071651982298412076e+00
2.622269704560240999e+00
2.782848419749601732e+00
1.801260099098968004e+00
2.107376291855362016e+00
1.989067779326326280e+00
1.852757629424995889e+00
1.669014992846983958e+00
1.636889489219865546e+00
1.731429082311600753e+00
1.722558999333089647e+00
1.573174642919941801e+00
1.478506974206940328e+00
1.379807064856041654e+00
1.759151748788216230e+00
1.566290852269570655e+00
1.233101928120126756e+00
1.370610270963730448e+00
1.519298586745717605e+00
1.715736093741451640e+00
1.376816010424552372e+00
1.247145012163445976e+00
1.159652255425621226e+00
1.313642710986357987e+00
1.242306512191801993e+00
1.597927696804446684e+00
1.403675081660012758e+00
1.121505826852682741e+00
1.050255929411892941e+00
1.393126947603656074e+00
1.502256508444136385e+00
1.517562329417593725e+00
1.479275309903544278e+00
1.564268595412819707e+00
1.593826354231195896e+00
1.592421205667479800e+00
1.529841537186049649e+00
1.395632341852451219e+00
1.377992781559982172e+00
1.149239469613351661e+00
1.412472430488802111e+00
1.282708663187789311e+00
1.441663615621423311e+00
1.554177533716258663e+00
1.565048722172928564e+00
1.474915281909598530e+00
1.846032625455450660e+00
1.728562793714630175e+00
2.195537379342688222e+00
1.852733436158578328e+00
1.827121836969030744e+00
1.691955727221381878e+00
1.232052262693518863e+00
1.343225901465107563e+00
1.725817419305769596e+00
1.816556986261466111e+00
1.893764279718808341e+00
1.790261164569663555e+00
1.556765498822464844e+00
1.552010564302201301e+00
1.273489498642499163e+00
1.280996336556603943e+00
1.391724371013120853e+00
1.304050875529504161e+00
1.059563374156081261e+00
1.296030975485823689e+00
1.079322558137634003e+00
1.367133293531310301e+00
1.521780996583307122e+00
1.628007552871975294e+00
1.620025524504681957e+00
1.515055241877148351e+00
1.489907638127287104e+00
1.313159586214371455e+00
1.441399724877223454e+00
1.384308909943654076e+00
1.411706712455635282e+00
1.404489378685741308e+00
1.248343008342057026e+00
1.318372641350458618e+00
1.448321491429147123e+00
1.513463526280947491e+00
1.476327284581173904e+00
1.260759118825459879e+00
1.326835164430080205e+00
1.580907527562565695e+00
1.462620346590363773e+00
1.536408462493773497e+00
1.675451151858491361e+00
1.978064974092198725e+00
1.918622408701441406e+00
1.447089276278703762e+00
1.239347162968212013e+00
1.347772075552868598e+00
1.199597993588925604e+00
1.471183111888357153e+00
1.652263073332308485e+00
1.673849157184732706e+00
1.409092064567851077e+00
1.252929103560337598e+00
1.516945381985101315e+00
1.654869880461384613e+00
1.494409720418002685e+00
1.745850867978560927e+00
1.803337422367909504e+00
1.781373611837121507e+00
1.809321699596568411e+00
1.954565846994682055e+00
1.888799660101702749e+00
1.925737001359560274e+00
2.275181880092500109e+00
2.439690622705450895e+00
2.257182364518441453e+00
2.153440656400392950e+00
2.142956191510902553e+00
1.874451939152647073e+00
1.945319414452584716e+00
2.333182066826598344e+00
2.188762851939073162e+00
2.329234780229463730e+00
2.278999129827379289e+00
1.892748782613139502e+00
2.085068469616843778e+00
2.267828888692442479e+00
2.247266285826409860e+00
2.090144221313980477e+00
1.882047138645279283e+00
1.285042682507113732e+00
1.574686121063460176e+00
1.725656067505543678e+00
1.690666173454743237e+00
1.922181124535534469e+00
2.026142351775606087e+00
2.128947856974750419e+00
1.862169228158883527e+00
1.655609772366596566e+00
2.003858448032263428e+00
2.394631967548582985e+00
2.337339618793706109e+00
2.085014159056776784e+00
1.948157480395067198e+00
1.958528393113931010e+00
2.438877269357843325e+00
2.177376778674863012e+00
1.847354158994813034e+00
1.914238363331986381e+00
1.904244206227156511e+00
2.172428577455341348e+00
2.008258561413708065e+00
2.370710113370754879e+00
2.032177882908924982e+00
1.982567197041918083e+00
1.585934781677205585e+00
1.801159199213788531e+00
1.691614149966875091e+00
1.891274076296316498e+00
1.692231160592151173e+00
1.837761458908696355e+00
1.575209869080015146e+00
1.397967296172227147e+00
1.478344642421102639e+00
1.138586591670022630e+00
1.011678249921410533e+00
1.626913740931845709e+00
1.578474619379518940e+00
1.691904616093715008e+00
1.690420876315141374e+00
1.526411006002524218e+00
1.737126301851013466e+00
2.149190958269389107e+00
1.903965794296740954e+00
1.673400010404601179e+00
1.789216303369200567e+00
1.806831263068435334e+00
1.862033400881818013e+00
1.942271018189691389e+00
2.083793211377020338e+00
1.474621194483027864e+00
1.744129221457541679e+00
1.776790466900723731e+00
2.004804360049717626e+00
1.848343339938871344e+00
1.358140294577446783e+00
1.510318015073324416e+00
2.008998157083253577e+00
2.095707833253118935e+00
1.918179681474905252e+00
1.830221487973890282e+00
1.597487635430658415e+00
2.172415408344763321e+00
1.891086707439122439e+00
2.251975523200699048e+00
1.878272930641272653e+00
1.952117152377835119e+00
2.107083177526289486e+00
1.990853549033225978e+00
1.726247051617307182e+00
1.924671646372440481e+00
1.852212599829265116e+00
1.599176959258340247e+00
1.627157962092251386e+00
1.497646434447986952e+00
1.258251577173439495e+00
1.280713181910783982e+00
1.312356986381100654e+00
1.285249146588323121e+00
1.389779547341105648e+00
1.686496498798455868e+00
1.538838812148597412e+00
1.745521682447008338e+00
1.470703714588186273e+00
1.156260785900119048e+00
1.304523298803953679e+00
1.100316532521591784e+00
1.028742503537372954e+00
1.332266448591514107e+00
1.614889717382918422e+00
1.284257729967032802e+00
1.434137101437627848e+00
1.603059478917645997e+00
1.879630385800048931e+00
1.228097797621310105e+00
1.350236311873259210e+00
1.343566721972256239e+00
1.151017886367408538e+00
1.255538308871446684e+00
1.693980778184160929e+00
2.201911043471896701e+00
2.417598144707676866e+00
2.029881326583068635e+00
2.254417068679138492e+00
1.708836641169368953e+00
1.747416087446698185e+00
1.615735614715790192e+00
1.804935821273772056e+00
1.980384532055063262e+00
1.853403898178190179e+00
1.840633420469369286e+00
1.693476132676468682e+00
1.553401801443461627e+00
1.326522337100939364e+00
1.675520537604620719e+00
1.770376934248568013e+00
1.865880151916137208e+00
2.043167633383759618e+00
1.988806046251986093e+00
1.477653056859972835e+00
1.477788195281298123e+00
1.387814058608906942e+00
1.321130241751392376e+00
1.420949067886410955e+00
2.108822829810944377e+00
2.160915779160403449e+00
2.375932969209658463e+00
2.038504588943415463e+00
1.865338931535537981e+00
1.863737477113444729e+00
1.413278741040020492e+00
1.374498333383835869e+00
1.487209310347841429e+00
1.632592184583399275e+00
1.739616669524355119e+00
1.443101706775521187e+00
1.299104345364887836e+00
2.030310562056898860e+00
2.048971006240281501e+00
2.007459474726201787e+00
1.896871498591923499e+00
2.234935938049737558e+00
2.222644114626747935e+00
2.210806805222279348e+00
2.118742355897786478e+00
2.161142020252679430e+00
1.859039323896401585e+00
1.491166866815343717e+00
1.231834993560886549e+00
1.460532649293512009e+00
1.805842240250878694e+00
1.724198077437452348e+00
2.049753772281119435e+00
2.241233857470274149e+00
1.976842905766012182e+00
2.018641782714588384e+00
1.854845853431988267e+00
2.442534526437680764e+00
2.502499109738157923e+00
2.345151818847317937e+00
2.592571870322443850e+00
2.171357342176771343e+00
2.175886724003242012e+00
1.949808106240540795e+00
1.983341763354274923e+00
1.890841415537343195e+00
1.688948461454711891e+00
1.401832369942890288e+00
1.303354699179978482e+00
1.229429663203253531e+00
1.683463545464841449e+00
1.952095613876667191e+00
2.074881210393782816e+00
2.094517755146749760e+00
1.790535527536030180e+00
1.641722195877476809e+00
1.609442163997694797e+00
1.812113302948547888e+00
1.503674271635546678e+00
1.765795437263029344e+00
2.081099219566269642e+00
1.877203785544153014e+00
2.037841380639070721e+00
1.923578012410917637e+00
1.843131336414886468e+00
1.955158082053578772e+00
1.548220290770720764e+00
1.685249229776981883e+00
1.577361791044888273e+00
1.642768093759129133e+00
1.336261527413964423e+00
1.344461892458276964e+00
1.708389370995231138e+00
1.851605769230968868e+00
1.724529968176789829e+00
2.032574653153502720e+00
1.852707340371612332e+00
1.482888478372076158e+00
1.659467813463972208e+00
1.533661640727988829e+00
1.302641451926712657e+00
1.064189599356276217e+00
1.237038601216106315e+00
1.331911562183119235e+00
1.462750245921463854e+00
1.588464856754379317e+00
1.827414325368583281e+00
2.028432063184380407e+00
1.527422273200262026e+00
1.769842510066171659e+00
1.779719752666847121e+00
2.115424350654615537e+00
1.989277239979459155e+00
1.914521591822605506e+00
1.686445276637353219e+00
1.437029985336846671e+00
1.261009476712331434e+00
1.175525606500574360e+00
1.219787913436618965e+00
1.395705322413314464e+00
1.127162320886297975e+00
1.272269312482881221e+00
1.437964321276884672e+00
1.345290199543741627e+00
1.331879118837508535e+00
1.156289859955334842e+00
1.443919393494018433e+00
1.424513343952432454e+00
1.381389467979435404e+00
1.397318475299346163e+00
1.320983857504701930e+00
1.364763362419695092e+00
1.405690242466416828e+00
1.315547960017302564e+00
1.094216021827268959e+00
1.073058731471015603e+00
9.972025903521244405e-01
1.237913839808246985e+00
1.217836863527432589e+00
1.474021012615965409e+00
1.370513619631126723e+00
1.322254306023484816e+00
1.809075581663057264e+00
1.883474320957096104e+00
2.123896759765000031e+00
2.084540171060398350e+00
1.810090459093638193e+00
1.838949791355122265e+00
1.894057055306943127e+00
1.801800677334517431e+00
1.782155362377940477e+00
2.018031875162000777e+00
2.111062656832714879e+00
1.885035917290033725e+00
2.078421385232613883e+00
1.807143762450601265e+00
2.086824149216595981e+00
1.228574380968998625e+00
1.139876371348881090e+00
1.113103593289754167e+00
1.306572055658836495e+00
1.420163340255990114e+00
1.316033656865542856e+00
1.174607767547865445e+00
1.197305852422076766e+00
1.300399834674129451e+00
1.290542688261398840e+00
1.436146022379663600e+00
1.438769402556499211e+00
1.294403184332143075e+00
1.134933418003645889e+00
1.208424027856388250e+00
1.453528945392119187e+00
1.346223735107305197e+00
1.415439016280378048e+00
1.302732922242044511e+00
1.286850303563149556e+00
1.322201537035464725e+00
1.283824255330392461e+00
1.289812049410883565e+00
1.395452801368115781e+00
1.365952155633559206e+00
1.368283791087999468e+00
1.508008123028305336e+00
1.333659826714161056e+00
1.582340274612701769e+00
1.635924720278281175e+00
1.759449843619272258e+00
1.760900910133927688e+00
1.598569736056910662e+00
1.749735905369668165e+00
1.688618797690638162e+00
2.205546597463373004e+00
2.282603934746530783e+00
1.761219398711125539e+00
1.926366448185239832e+00
1.948312843860356969e+00
1.427875897282348205e+00
1.391199225722181687e+00
1.442661587919422672e+00
1.056000186422982212e+00
1.075119673503064810e+00
9.900312882961677108e-01
1.365498778492977072e+00
1.326244432887598634e+00
1.266222516322474512e+00
1.359624778246386612e+00
1.655407936203298069e+00
1.713017480565887540e+00
1.643396738133173329e+00
1.329981204667335382e+00
1.551945952233998227e+00
1.316574912234596884e+00
1.363150923652642676e+00
1.389730572293880639e+00
1.295549599643363026e+00
1.570582054101122171e+00
1.749675837915757315e+00
1.883370540861344811e+00
1.889647185967200826e+00
1.378230733525696916e+00
1.591640222193637433e+00
1.588178389699137494e+00
1.280972338742691008e+00
1.293053974416105811e+00
1.478240524857143523e+00
1.653643199433304734e+00
1.748174038504451744e+00
1.729794276078448378e+00
1.313749633437353515e+00
1.100090352423895190e+00
1.132869117805036963e+00
1.449776683490092033e+00
1.332474255080785319e+00
1.269358504148013767e+00
1.074836744742866168e+00
1.094561031348413982e+00
1.135535981284439666e+00
1.382465165211657965e+00
1.201771714895496723e+00
1.449881854263603387e+00
1.566856519462036523e+00
1.351695709970810677e+00
1.707989309845201920e+00
1.544232081085082919e+00
1.164144114539666042e+00
1.448167669996153428e+00
1.659403029917412953e+00
2.159950386331783267e+00
1.777888664007954311e+00
1.597535280627473853e+00
1.183681325254559491e+00
1.324936281787625569e+00
1.693046874123366852e+00
2.053636809208008174e+00
2.069407379539616620e+00
1.764884107550592551e+00
1.757041576235468305e+00
1.442737951121076945e+00
1.565573200971476675e+00
1.383948236182913849e+00
1.455603046338685758e+00
1.679190720336220188e+00
1.822682548536446623e+00
1.698224955568251149e+00
1.526880666897669547e+00
1.203359543825996525e+00
1.355417926635179793e+00
1.479706068012700326e+00
1.264114841930762623e+00
1.347608247594718867e+00
1.549764920074327756e+00
1.349584567122140255e+00
1.677845065791615298e+00
1.858914604439864782e+00
1.785862701354580029e+00
1.639576257135701987e+00
1.584612798979998294e+00
1.614626793337965882e+00
1.463908644224437339e+00
1.450123507227751851e+00
1.192124340804077587e+00
1.135338743629001002e+00
1.158911105245856943e+00
1.582996869929029327e+00
1.215490420505310754e+00
1.510638367393695614e+00
1.620782372952718209e+00
1.515776644186901834e+00
1.501539566709431561e+00
1.775377452629171460e+00
1.750302032050041534e+00
1.720444137819749919e+00
1.899703369581966061e+00
1.600796501876234679e+00
1.728659646209627754e+00
1.729114629478908816e+00
1.591498039600384828e+00
1.195329952503987103e+00
1.487250234517813796e+00
1.482313730901161808e+00
1.248064976156699535e+00
1.433642083291437830e+00
1.488468994167428283e+00
1.533020275700976320e+00
1.406014812514571055e+00
1.611073276160022605e+00
1.628838684100470280e+00
1.388154329034855250e+00
1.450758536075997585e+00
1.572045570407206716e+00
1.414513948572608593e+00
1.024010012011482340e+00
1.287365291744722029e+00
1.316925878105073444e+00
1.313755969526338774e+00
1.458670208862255846e+00
1.099922201472955052e+00
1.240712334415702944e+00
1.581364794997676793e+00
1.332664988846378407e+00
1.469475260930275695e+00
1.464333793007734030e+00
1.630986915540042048e+00
1.080737552883954233e+00
1.319485569870220365e+00
1.425197945484305784e+00
1.718224182622710039e+00
1.574665267008649394e+00
1.577012772156156650e+00
1.611273938721414556e+00
1.226015460463093065e+00
1.445450740812678436e+00
1.743912962547160550e+00
1.623130768433127535e+00
1.514589830173892704e+00
1.337376393437650357e+00
1.448045223959796068e+00
1.089188863000992935e+00
1.477448301667996233e+00
1.363657304954522642e+00
1.663835590062349601e+00
1.419869770690833422e+00
1.415028468162897290e+00
1.534559984060390514e+00
1.550089737059098471e+00
1.331135701513536107e+00
1.117149674703243223e+00
1.192188693174760505e+00
1.398908585584719422e+00
1.305618321814461691e+00
1.107802729752569215e+00
1.064521511173449397e+00
1.392131288436007086e+00
1.488618374812209488e+00
1.393740679413393746e+00
1.438703726845106612e+00
1.126196329536638840e+00
1.268906350409142014e+00
1.652636786662041279e+00
1.449232188040571856e+00
1.224654953035859917e+00
1.866309852859346696e+00
2.072764692524362573e+00
2.456654967182853699e+00
2.545014985113524641e+00
2.230541609396015978e+00
2.079571414651865346e+00
2.273922962717350948e+00
1.989690177188276010e+00
1.967754239311384046e+00
1.622439228420432755e+00
1.427788811471733865e+00
1.950059314317349690e+00
1.525077319438927548e+00
1.410327050286165340e+00
1.270864583711748708e+00
1.348031802139384006e+00
1.786969305274872299e+00
1.433532688371703889e+00
1.255106951905577084e+00
1.241219615303387869e+00
1.739786119904890960e+00
2.097446554053211898e+00
2.258728202605163826e+00
2.304242074778162230e+00
2.267282301020171698e+00
2.174363015821624057e+00
1.901565243808298167e+00
1.728227489206526357e+00
1.507940918390935137e+00
1.415100763449453680e+00
1.496546245914637252e+00
1.431463890935209982e+00
1.301506476128697409e+00
1.320765249572763755e+00
1.372425072848792560e+00
1.564046275612712256e+00
1.747594150469308438e+00
1.629917353367707378e+00
1.682726585650773377e+00
1.603761265355278853e+00
1.701131174271370616e+00
2.027558881087946130e+00
2.302112743330655409e+00
1.978546632154823293e+00
1.455463083906341826e+00
1.266423619148620006e+00
1.370907893564613289e+00
1.875646361800663131e+00
1.679042534386907981e+00
1.774808744874437849e+00
1.694491384218378194e+00
2.071011192709133919e+00
2.136421524718570719e+00
1.635565839312924430e+00
1.642781371207798990e+00
1.652451813665574143e+00
1.871484688394793316e+00
1.466893354207117639e+00
1.507652184881153268e+00
1.583892732805906478e+00
1.642436389333293612e+00
1.251713275295869732e+00
1.133381752361666717e+00
1.195203780701699303e+00
1.137288963773004147e+00
1.363490514938112685e+00
1.096111082013351723e+00
1.254416471784425058e+00
1.355149743177338273e+00
1.074483799347548896e+00
1.188322312499868083e+00
1.192311182830122274e+00
1.213283917456344119e+00
1.146429304427049933e+00
1.444380189120977320e+00
1.580580542223029239e+00
1.911267652151483976e+00
2.377847277410104265e+00
2.236682018545689044e+00
1.955581450265348797e+00
1.907066420105476112e+00
2.163599625346703359e+00
1.976645716986784151e+00
2.410001669146123682e+00
2.438055909203550531e+00
2.420241206780829657e+00
2.394710757395132728e+00
2.165944763879619650e+00
2.170679453099181089e+00
1.886209052350845461e+00
1.853773920732727065e+00
1.856549873073748191e+00
1.747062168920970437e+00
1.950677333422235371e+00
1.797553250079827469e+00
1.527330089948763625e+00
1.222505949938136105e+00
1.786805436717264328e+00
1.941391215624645561e+00
1.843544852690341074e+00
1.825133659555800314e+00
1.978207398826346664e+00
2.148738932970791993e+00
1.856241420224362004e+00
1.866047174051875590e+00
1.844917072790696055e+00
1.951707664788265406e+00
1.734433842876833554e+00
1.844076232659384473e+00
1.297897736589826545e+00
1.244333507050698451e+00
1.132205976367877787e+00
1.276641995559512299e+00
1.537127264661092063e+00
1.662974756168587476e+00
1.568506993241500114e+00
1.622169763687587807e+00
1.416758865383856536e+00
1.159018097415182913e+00
1.287187917364474465e+00
1.321214394362697497e+00
1.806813510680041590e+00
1.651628105187142204e+00
1.441904219496416006e+00
1.645739182037602610e+00
1.558630100359629456e+00
1.606315918234190621e+00
1.487593629176690246e+00
1.447285438998793916e+00
1.360386671943947690e+00
1.549106680150260207e+00
1.312883298392027998e+00
1.020541116133139914e+00
1.183903670837325839e+00
1.294529446566954567e+00
1.463712530475353324e+00
1.237571380067411742e+00
1.173753658600582117e+00
1.406409945232981018e+00
1.471859350408428524e+00
1.709903923405356796e+00
1.602300180271984509e+00
1.679840907162915675e+00
1.842616580233535251e+00
1.822648756264612535e+00
1.915203242763155345e+00
1.969271654298273111e+00
1.892503204612889567e+00
2.045110372691326006e+00
2.250065785880421831e+00
2.419474060574000163e+00
2.123152922347105509e+00
2.227207026070805451e+00
2.184535863809143219e+00
2.451801685484522597e+00
2.306395589898587506e+00
2.220772729512951127e+00
1.906069483148267629e+00
1.796383978356280053e+00
1.557023923716941205e+00
1.618053084024324129e+00
1.314982924044731716e+00
1.215264353631619443e+00
1.211836112128727105e+00
1.346069796898764714e+00
1.320606338917256650e+00
1.544825299276612496e+00
1.665385545880208262e+00
1.877589104591488312e+00
2.076466313880903858e+00
2.219915419738274220e+00
2.532075788254606330e+00
2.129315483397868025e+00
1.891963896903125164e+00
1.784638018311148544e+00
1.436536231823228205e+00
1.094659124799063576e+00
1.075354674126716148e+00
9.328004669261494852e-01
1.135822014980975236e+00
1.120940293587614711e+00
1.218150153301453820e+00
1.539705723929635672e+00
1.365623810183538955e+00
1.357904103437165944e+00
1.195358294768144480e+00
1.509200969979265228e+00
1.853885061434765724e+00
1.785912756064415907e+00
1.808067728087177972e+00
1.894369903098375829e+00
1.755066937478559019e+00
1.886213698402464889e+00
1.944031403177929107e+00
1.974893914493597968e+00
2.202294983052948574e+00
2.204698104119557467e+00
2.080491994303840908e+00
1.367672728868422949e+00
1.549170714494511714e+00
1.689060490091963906e+00
1.846119517637460294e+00
1.372631961004334045e+00
1.523013298132993132e+00
1.488301818938496446e+00
1.880717868308086516e+00
1.909918715664968403e+00
1.802885074201550530e+00
1.677629471900117686e+00
1.618710046694254778e+00
1.926708581039739521e+00
1.883287969888951086e+00
1.912175631513824969e+00
1.769507295628163224e+00
1.507382127574963926e+00
1.449238149335344339e+00
1.426772873621626303e+00
1.198553204473951972e+00
1.431026205230105708e+00
1.369191175239186986e+00
1.556547808843903979e+00
1.864935452404413940e+00
1.789008904840069469e+00
1.660072184663746730e+00
1.030132376650860770e+00
1.119337285010604477e+00
1.522677149302127830e+00
1.249688931920652113e+00
1.339061741637283864e+00
1.493382215178074013e+00
1.416664183922325959e+00
1.312926664711582037e+00
1.417490867174475699e+00
1.297560414086179392e+00
1.542934490511564505e+00
1.520286664941090660e+00
1.557637738763694824e+00
1.927051936101477514e+00
2.176776923685495913e+00
1.891161151273253127e+00
2.257977714093304389e+00
1.897105513970686719e+00
2.088882704630312670e+00
1.365117199014654892e+00
1.423008068592077180e+00
1.492044085145336929e+00
1.461767358962863250e+00
1.199531441358698158e+00
1.672218460479070190e+00
1.406065155854638205e+00
1.237739738568064629e+00
1.384723706637663421e+00
1.392125079885280226e+00
1.162736611987859714e+00
1.470143889209125643e+00
1.335351160801117043e+00
1.529486517647390187e+00
1.165060124494596616e+00
1.208100080681431709e+00
1.447479999644857962e+00
1.553558233102190655e+00
1.253038799405274739e+00
1.383242026636508193e+00
1.074745320674262095e+00
1.358027292309247791e+00
1.427586532688484233e+00
1.051936718248294822e+00
1.070705021746567231e+00
1.031321014433528527e+00
1.278071200049947898e+00
1.238461958432645726e+00
1.146153610925502830e+00
1.281281634559810589e+00
1.631130355476174687e+00
1.731625832987869096e+00
2.022141701486784182e+00
2.314516323053278146e+00
2.188282556760225095e+00
2.101989990394379060e+00
2.519935902126309912e+00
2.184006679656982364e+00
2.315907995654165941e+00
1.946074778154851970e+00
1.986947624741694618e+00
1.782386146061784693e+00
2.036138010276415056e+00
2.293976968517581483e+00
1.786418471966191523e+00
1.813994268957881406e+00
1.685933027975257126e+00
1.704987132873287070e+00
1.797499711987147863e+00
2.107889968567915773e+00
1.833391617002811946e+00
2.081815163873593111e+00
1.932992587510995008e+00
1.728746208082012403e+00
1.221380788780333404e+00
1.335116393534745427e+00
1.531027502991964218e+00
1.556762641389915602e+00
1.509819845852513831e+00
1.582580130420182085e+00
1.530927812388024112e+00
1.452115984088865108e+00
1.530392223012399633e+00
1.631530215094302960e+00
1.315770021525848987e+00
1.559713171688861033e+00
1.771362365081075474e+00
1.552038336401000418e+00
1.700735269010752893e+00
1.613741190532457681e+00
1.472013295802991895e+00
1.062162416032701895e+00
1.482834684076574483e+00
1.227505773727059157e+00
1.648698988951358579e+00
1.700756789984229300e+00
1.452091253439310670e+00
1.400721130754266852e+00
1.752600282663081988e+00
1.923215379139825432e+00
1.412929946500819822e+00
1.372342135256019890e+00
1.738395040243891021e+00
1.302727126518783418e+00
1.225641320017105684e+00
1.483810273491994014e+00
1.304933377407613726e+00
1.279979725273069580e+00
1.263200711476497151e+00
1.403142311224442107e+00
1.374321954891532194e+00
1.384241413133344700e+00
1.638665849635589922e+00
1.469139643306528686e+00
1.206364267744153285e+00
1.288972646053340165e+00
1.685565066523539990e+00
1.656653509437951088e+00
1.765721767231021477e+00
1.678058953960506861e+00
1.836040512950068093e+00
2.059850933712970900e+00
1.852450801227827570e+00
2.014331086451598196e+00
1.512676962554422744e+00
1.457528292325662278e+00
1.197135556620561481e+00
1.588230131625393504e+00
2.029332764365750386e+00
2.062111108309948371e+00
1.955331051671079123e+00
2.161254426964124065e+00
2.267496212033464964e+00
2.108344356127710206e+00
2.231103995995212586e+00
1.713114078617622882e+00
1.532382071375872457e+00
1.554854598315470460e+00
1.833860023392909655e+00
1.727690859772520016e+00
1.435208933474683146e+00
1.334043754041905006e+00
1.324301460905004779e+00
1.229325666017172747e+00
1.246981073465573964e+00
1.940037834732817323e+00
1.469618304060574143e+00
1.071145944005915229e+00
1.284112931279794978e+00
1.258731240394101336e+00
1.305659398790687487e+00
1.395022171741537420e+00
1.303480843519455590e+00
1.366923616910862727e+00
1.763882494693070901e+00
1.638885781072210834e+00
1.463882856089758544e+00
1.488810586373986666e+00
1.549643761850786339e+00
1.531242130248290589e+00
1.701367994108975878e+00
2.151918195444471049e+00
1.822523091267709949e+00
1.860982266971387578e+00
1.647400331362035786e+00
1.459340720464220142e+00
1.449942663988053715e+00
1.202811833083337945e+00
1.241164317920619320e+00
1.420601080067432909e+00
1.498317670699919724e+00
1.562147351505629667e+00
1.937287572649323497e+00
1.930407934633560307e+00
1.405576568378017255e+00
1.938720328824133254e+00
1.995186893985124499e+00
1.875695842174915917e+00
1.770994742083002338e+00
2.055973948126993189e+00
1.558253257268339187e+00
1.968940513732240660e+00
1.442008843186282530e+00
1.647278299237055599e+00
1.563262414316883842e+00
1.543922181974488161e+00
1.734122337901540023e+00
1.412481209095786561e+00
1.571762510065771501e+00
2.011149824619207216e+00
2.029672363008677038e+00
2.185733055592399499e+00
2.223229428576352529e+00
2.165083075128669154e+00
1.811750950691921380e+00
1.821063652653709841e+00
1.653012043265362552e+00
1.290811205858554800e+00
1.330803288128652673e+00
1.246087362243614827e+00
1.355916173288934434e+00
1.265256305412321813e+00
1.303870857144710405e+00
1.100186030374070922e+00
1.177077848350098765e+00
1.335731183053155746e+00
1.354027584367989201e+00
1.038971854373801129e+00
1.083212670402629696e+00
1.194282492404069806e+00
1.093680094909707634e+00
1.219631584527769874e+00
1.215847516438599563e+00
1.230912294056985878e+00
1.226532879634663509e+00
1.345579925497819795e+00
1.207021533505875821e+00
1.268606931438369445e+00
1.518082975543476820e+00
1.503658677708322955e+00
1.468142724651267272e+00
1.762224104757791565e+00
2.251041148843185624e+00
2.370779648787896932e+00
2.180154152163801040e+00
2.025107129959875518e+00
2.145055174625551953e+00
1.746185983418385934e+00
2.072222602940620995e+00
2.489552022581019930e+00
1.764456738851911455e+00
2.237691150879050017e+00
2.028066787078433020e+00
1.886587194344605756e+00
1.610626798151148398e+00
1.558078191607207730e+00
1.429675596021259265e+00
1.969760246961140160e+00
2.154379349249839759e+00
1.485776764348090584e+00
1.488541019894858097e+00
1.547307282328754807e+00
1.643782462983996995e+00
1.519767830834965361e+00
1.454828769912209552e+00
1.940466433288630332e+00
1.975127764690243426e+00
1.757772050032208488e+00
2.022118391484089894e+00
2.161378277633386968e+00
1.831517530647273295e+00
1.792909583102705318e+00
2.066392107466929584e+00
2.172382098248071713e+00
2.161781466842181310e+00
1.985818560746836159e+00
1.908363030200894928e+00
1.787554274110925823e+00
1.484116230978339113e+00
1.663528135516569639e+00
1.554534496109780228e+00
1.516461789862045606e+00
1.361399029791472426e+00
1.459039944783453890e+00
1.998159219699804368e+00
1.922477133270943161e+00
1.866681678806254796e+00
2.272101516129893639e+00
2.245830477406946635e+00
2.102839118246936589e+00
1.900599101920217082e+00
1.923860487384835727e+00
1.536403604899964748e+00
1.189526829068071612e+00
1.212308410109462553e+00
1.123096731380009983e+00
1.271982050712017198e+00
1.282244955636229200e+00
1.233839493562422396e+00
1.483469320195057950e+00
1.463939265128076705e+00
1.394390998663200598e+00
1.174243697546918375e+00
1.138077905457372863e+00
1.026078707605963647e+00
1.046639786776504266e+00
1.083018067415053576e+00
1.034035984989678969e+00
1.286273252187895233e+00
1.236295581708601210e+00
1.262052877642380277e+00
1.229622954592856310e+00
1.303622587666960264e+00
1.558415300043040297e+00
1.618045362037010992e+00
1.508437948538144946e+00
1.553665890292424301e+00
1.742710219668477167e+00
1.299300997453734841e+00
2.033781088922905322e+00
2.240504608221278726e+00
2.258899651582372936e+00
2.351007258626127694e+00
2.262994743691126853e+00
2.040227616149438372e+00
1.648590677629428569e+00
1.913064144284190027e+00
1.768011380818050871e+00
1.612599399451919213e+00
2.073044086231019545e+00
1.869406398665691471e+00
2.032607830606413923e+00
2.075904726436489156e+00
1.756161813199363708e+00
1.367345238041315802e+00
2.046301607632270869e+00
1.740756180681820142e+00
2.411635681777892337e+00
1.985179491698967347e+00
2.064935613640749956e+00
2.230354824747018405e+00
2.352723071812325539e+00
2.018206264471910760e+00
1.777139194609163475e+00
1.344303796723885780e+00
1.426392011952708261e+00
1.758789181581794869e+00
1.467655337055556952e+00
1.580760015781680794e+00
1.937872248540897679e+00
1.735200143416723240e+00
1.907108056498792115e+00
1.956418223461962036e+00
1.973765875003130610e+00
1.331451485164561355e+00
1.333484629252110976e+00
1.633897116400291338e+00
1.513922845830391717e+00
1.758235059923344057e+00
1.630555273844604303e+00
1.411186209273547876e+00
1.436788813225913231e+00
1.672601534562313308e+00
1.724649772597991237e+00
1.964877538455558126e+00
1.642141072103701749e+00
1.452962476391485680e+00
1.060725630294902633e+00
1.413350489655616382e+00
1.170874999727953059e+00
1.351346671275236000e+00
1.726703129100265244e+00
1.444611464149054836e+00
1.286817118197054244e+00
1.929150768326345800e+00
2.000199962543269816e+00
2.089864675551148743e+00
2.315253812972268399e+00
2.030703298614239483e+00
2.151474491597809013e+00
2.199919813457138051e+00
2.045807013434285171e+00
1.902649751722629068e+00
1.816665247383433712e+00
1.601424876113395790e+00
1.891102494700513503e+00
1.558196861555874335e+00
1.609723216483832875e+00
1.342133535477909367e+00
1.403334018805234118e+00
1.718852841335818615e+00
1.900780536998381010e+00
2.042046093475459401e+00
1.891312813568230666e+00
1.906373697650378007e+00
1.305942493276118332e+00
1.714168705600216613e+00
1.414500644249371719e+00
1.069380459483044943e+00
1.369914395788356831e+00
1.424903071445140279e+00
1.272523939260090664e+00
1.223104463611816684e+00
1.381478581169387709e+00
1.214182180248162934e+00
1.332696472587705516e+00
1.433595289444559384e+00
1.381102444524882067e+00
1.351143456138673038e+00
1.297226755925093622e+00
1.448013711173543827e+00
1.420750724128286846e+00
1.509736169917851534e+00
1.323459521042458675e+00
1.488076373757741822e+00
1.466618443723074927e+00
1.434608481753616216e+00
1.522444351442884702e+00
1.307043531745530229e+00
1.196528548462538977e+00
1.462508323574121416e+00
1.235503440311431333e+00
1.336683594491752336e+00
1.393888074820335943e+00
1.465076057741617310e+00
1.559302911375965772e+00
1.941204819790372627e+00
1.910023421483270312e+00
1.636359859690531326e+00
1.653413180677076655e+00
1.763089134212939335e+00
1.712054589153109596e+00
1.763361823823376362e+00
1.467790236521240743e+00
1.594713375667653699e+00
1.607062579120338341e+00
1.223778056838349393e+00
1.452286571805702087e+00
1.192785704040854711e+00
1.387100838755309873e+00
1.287673165048020429e+00
1.284041941030223510e+00
1.154191144840994054e+00
1.077283207231017448e+00
1.090314172206030330e+00
1.339130245229075200e+00
1.453433310731671924e+00
1.430920070045206494e+00
1.299116825026126465e+00
1.114055773028860052e+00
1.113269822285017252e+00
1.725825471729542260e+00
1.959988322621355472e+00
1.798608684113004230e+00
2.031193838655660056e+00
1.491682582392243273e+00
1.331575318928823748e+00
1.405548829138658196e+00
1.526678414544461404e+00
1.405185983615108158e+00
1.399387846013517844e+00
1.386582024015299952e+00
1.348724664549974861e+00
1.243149399851494863e+00
1.487436721279630225e+00
1.516268999363108660e+00
2.044883685176200672e+00
1.955471885965901935e+00
2.569331811905206653e+00
2.721289240620090588e+00
2.275957714425616452e+00
2.016291692355790754e+00
1.904020298447072213e+00
1.929230855074792972e+00
1.886151357097717085e+00
2.415014822453034338e+00
1.849184914290341375e+00
1.604268521692198579e+00
1.877773136248655383e+00
1.850058077125259492e+00
2.303942879942698863e+00
2.173986186070036908e+00
2.068610394556493759e+00
2.033469080554145325e+00
2.423460483882628580e+00
2.275429239725728525e+00
2.004242063583423494e+00
1.941607173233483863e+00
1.947136172799559306e+00
2.004001107339771437e+00
2.082315532673362668e+00
2.113426232057807663e+00
2.015743934511698754e+00
1.415663396696456466e+00
1.583343342399517795e+00
1.501323517024218290e+00
1.652725687494008611e+00
1.848228113384928095e+00
1.824944371452767999e+00
1.797997278310111913e+00
2.206852604919229410e+00
1.817942531475872592e+00
1.657648316158983226e+00
1.696562526496637746e+00
1.440783378268018389e+00
1.887917913361140565e+00
1.560899732888288094e+00
1.731357957561674654e+00
1.930864187516448727e+00
1.738800266421008489e+00
2.249286665730605872e+00
1.628587699263754462e+00
1.788731126535802352e+00
2.025436831001673266e+00
1.817914543820208229e+00
1.834243564201870846e+00
1.814975532923737367e+00
1.650277918287330836e+00
1.812878831956700187e+00
1.526635818766347796e+00
1.653933846163466503e+00
1.421148172658961428e+00
1.769460679488554788e+00
1.501502705313309871e+00
1.670328615880085188e+00
1.713684020989739043e+00
2.093336698255617190e+00
1.716931195308558644e+00
1.680071051005549210e+00
1.976782700049313668e+00
1.813547302565233110e+00
1.866206687256717123e+00
1.977441959196785781e+00
1.811959479566191522e+00
1.800848759057185333e+00
2.084745359249124075e+00
2.147315076234109110e+00
2.274071949083757094e+00
2.498288658477254565e+00
2.206922571882468542e+00
2.070459336962920727e+00
2.327889050577290231e+00
1.918292087362080567e+00
1.964310590648282728e+00
2.169200015597194220e+00
2.293470929577864581e+00
2.237473888494112995e+00
1.957108935053990528e+00
1.834820887237572862e+00
1.837873885718150024e+00
1.818217035438467910e+00
1.789829183741171947e+00
1.916277483022533534e+00
1.676529032355609905e+00
1.383526163664275277e+00
1.302572493774937223e+00
1.590115148913828547e+00
1.561276735355420442e+00
1.526818742986227884e+00
1.322107386411135677e+00
1.719678021973881643e+00
1.559909542174324315e+00
1.621049708119845834e+00
1.576847066912976381e+00
1.396872020647628831e+00
1.610201936873256079e+00
1.526780984588612666e+00
1.537951748524699624e+00
1.360719487504186143e+00
1.438068634127708023e+00
1.175636457697222470e+00
1.609689390298550293e+00
1.661373224743063037e+00
1.160629242999285271e+00
1.518914416370606979e+00
1.529418115305031023e+00
1.356948815031225664e+00
1.335267754219550795e+00
1.717584462862601136e+00
1.586873908029471147e+00
1.583937194035109020e+00
1.842818205912429619e+00
2.088579330372298148e+00
1.674918829427635592e+00
1.598064446240598180e+00
1.507978157875750291e+00
1.736110320495731774e+00
1.229344252755086853e+00
1.653330997930172463e+00
1.603797332840472656e+00
1.236426071060277243e+00
1.342856845092873730e+00
1.343073698015746054e+00
1.501032003435867068e+00
1.171203843198082684e+00
1.183666546371987538e+00
1.164344192758330898e+00
9.359907021403085503e-01
1.332219707283087695e+00
1.270617774363378194e+00
1.488818108122651696e+00
1.817535767007926184e+00
2.224082610845799390e+00
2.643336517817876263e+00
2.219679516284614795e+00
1.838717442144413683e+00
1.783015315456909056e+00
1.390922978471460292e+00
1.342382293184548381e+00
1.722470121176235880e+00
1.933602645375789741e+00
1.438255172821513383e+00
1.208425555372304450e+00
1.214371983677366540e+00
1.517715771668914471e+00
1.684169233784207798e+00
1.266830298100708463e+00
1.215819159006126471e+00
1.089058459853479821e+00
1.351903459139454089e+00
1.227383012087774450e+00
1.220456386497978940e+00
1.487324485772126614e+00
1.700937341364128663e+00
2.037830259657067877e+00
2.040905223986863692e+00
1.851208432026939299e+00
1.556348078594558260e+00
1.482901237245850101e+00
1.128150472499082957e+00
1.149204992471627440e+00
1.269257899552151958e+00
1.173404195079538193e+00
1.452652177812596701e+00
1.746358702718606715e+00
1.429478081570709103e+00
1.761673837191787273e+00
1.700208712701373859e+00
1.803950080935496025e+00
2.023850215414546572e+00
2.071986914244148714e+00
1.753028444031582866e+00
1.968975608758091411e+00
1.967065447231460595e+00
1.758935616039620342e+00
1.755374525177455514e+00
2.010360101918462483e+00
2.343171865689023914e+00
2.039177768297017579e+00
1.972924579634224962e+00
2.005207185579702678e+00
2.102186255680740246e+00
1.961380081608153247e+00
2.084932247869999866e+00
2.031553162231569232e+00
2.209641542726973995e+00
2.224151236512612595e+00
2.160835958643824828e+00
2.698182092070720017e+00
2.465471157195620044e+00
2.644636148340190562e+00
2.209808598267300805e+00
2.518337762724896844e+00
2.051191099991264810e+00
2.092183406865705031e+00
1.888571032633231228e+00
2.212082150632519451e+00
2.163967505297565985e+00
1.958877941225656505e+00
1.696392318978026115e+00
1.644350382179224246e+00
1.927854605871833549e+00
1.633578252313585555e+00
1.720069039473746786e+00
1.664138128704967912e+00
1.692073971176225600e+00
1.856951140909442133e+00
1.525331294642092494e+00
1.738377150239235114e+00
1.990949915411577509e+00
1.918614954170817732e+00
1.764389647978777509e+00
1.313235261031876711e+00
1.388150052637228793e+00
1.369360796522370638e+00
1.406896831377453916e+00
1.145349078767278206e+00
1.566657696289726731e+00
1.618436146331393211e+00
1.477871260066163206e+00
1.127429144484981327e+00
1.428871513644568436e+00
1.169329628715991554e+00
1.145745679181401355e+00
1.150791160695866511e+00
1.110309975783118963e+00
1.168945815614985673e+00
1.229558376647227558e+00
1.229574769419222058e+00
1.580879722982222901e+00
1.817771714942846062e+00
2.120787479400474407e+00
2.038496807393033627e+00
2.305657383165034879e+00
1.938481413095383576e+00
2.145541633303653217e+00
1.678553937802292673e+00
2.100488763685612437e+00
2.306180353055760079e+00
2.343275361854663785e+00
2.234143787217369503e+00
2.075440721190727533e+00
1.937802062865763508e+00
1.588032673043375143e+00
1.588718782973948862e+00
1.703813938756400637e+00
1.686361599823952062e+00
1.759978917323808290e+00
1.738436732908537952e+00
1.968134961467178812e+00
2.026533417502983436e+00
2.010331057963791856e+00
1.913079498226687880e+00
2.111129264967837926e+00
2.250998814177354479e+00
1.945313187076175954e+00
2.084090424028721689e+00
2.333002050521156168e+00
2.446863472708718845e+00
2.078787359106808008e+00
2.345173613219349473e+00
2.447479254078825051e+00
1.993681358775277523e+00
1.812816715815478208e+00
1.769105403847606617e+00
2.048490072780540405e+00
2.079158634709694642e+00
2.112872834205105743e+00
2.409625715363921117e+00
2.053166631289633504e+00
1.789189897678731489e+00
2.116845949081266998e+00
2.234319444267105936e+00
1.911251654064012984e+00
1.954437698159721126e+00
1.989470393413574456e+00
1.748413005832633704e+00
2.012328956396611357e+00
1.915281104904287934e+00
2.063793885534430217e+00
1.748918197034628141e+00
1.894989152301626234e+00
1.739415435415099687e+00
2.443728105065749556e+00
1.972619328929261506e+00
2.060473860063778861e+00
1.964716450447470564e+00
1.851089766511708312e+00
1.612632245464844294e+00
2.290549831318427376e+00
1.869236317004214998e+00
1.800735850915243352e+00
2.132432152051478180e+00
1.792414370273374136e+00
1.997152150725292508e+00
2.020930352972702959e+00
1.875423621762754678e+00
1.538278405937086646e+00
1.465975610246948779e+00
1.097833115247884850e+00
1.271633314806024817e+00
1.254562258506951800e+00
1.482975918669636739e+00
1.713227927513919058e+00
1.939138186101187600e+00
1.694297848663154582e+00
2.028788859240703513e+00
1.919988556887026299e+00
1.760427667438383637e+00
2.006014616858928346e+00
2.241953678158035590e+00
1.866462632619581230e+00
1.744694782167570013e+00
1.928613828976730948e+00
1.980467183917382634e+00
1.797124747499754704e+00
1.872491797862816387e+00
1.794375691562182018e+00
1.758882032826866393e+00
1.568594103028953413e+00
2.238419823962404909e+00
2.111072595745774994e+00
1.821191758453877263e+00
1.262532769070713545e+00
1.512200155438018667e+00
1.200689562002044575e+00
1.382183101322861818e+00
1.198882751516640033e+00
1.481062614259033516e+00
1.621339290361177632e+00
1.783343384519358032e+00
2.182188333946939895e+00
1.947590991025703433e+00
1.772491369688834029e+00
1.508852374124160400e+00
1.384310151783645804e+00
1.312392632343104992e+00
9.675346126429252847e-01
1.164059853830104796e+00
1.181780188451753810e+00
1.305716453277845357e+00
1.290098616822983102e+00
1.094252151012097940e+00
1.331389352123617975e+00
1.382662818877767652e+00
1.584828929216250293e+00
1.520852360323603492e+00
1.514716837989280140e+00
1.601031580519938435e+00
2.109768899636793371e+00
1.946019046885118620e+00
2.116765919165405130e+00
2.075566971446554554e+00
1.814917730492628500e+00
1.923291892976298101e+00
1.936438858475969305e+00
2.060057431919915860e+00
2.110301158381937991e+00
2.322620443125186895e+00
1.865817656016680148e+00
1.803723529587603069e+00
2.005288785955991582e+00
1.738869408626629198e+00
1.356679675118870998e+00
1.541601312233235044e+00
1.583615621197285384e+00
1.097377883546328148e+00
1.292016080753711105e+00
1.193466008527604094e+00
1.534581189806705659e+00
1.289604422768507952e+00
1.428240870255844230e+00
1.208788472698309135e+00
1.242963351607669242e+00
1.153899368104930989e+00
1.388863792643115103e+00
1.424125183169346220e+00
1.348782508443816974e+00
1.305238128300155509e+00
1.026229946465972098e+00
1.012620483677631356e+00
1.053397075094467228e+00
9.329120422767109844e-01
1.243761363690868427e+00
1.295285951278305259e+00
1.138094344969007299e+00
1.492243835422935261e+00
1.902880133811947205e+00
2.101915210699913050e+00
2.197800376757297780e+00
2.355053382861533429e+00
2.215088848969811952e+00
2.467175109977969960e+00
2.329857603711433800e+00
2.138931937228529367e+00
2.201656330521955418e+00
1.946737563292655127e+00
1.791727787656373083e+00
1.821021410840636623e+00
1.682561788720028595e+00
1.882758016118845523e+00
1.628883979069491339e+00
1.438780454386408891e+00
1.718001957381351419e+00
1.756177959450123227e+00
1.804820393324830352e+00
1.933451126102644357e+00
1.596457232938322202e+00
2.100007855969875603e+00
2.049563905682279419e+00
1.529088165703633040e+00
1.452323803883444064e+00
1.568371165497254305e+00
1.902748499453526865e+00
2.234376821490238196e+00
2.242784438875497610e+00
1.819453468167302468e+00
2.177088964181459030e+00
1.963001715324702134e+00
1.888087157218227619e+00
1.885479755940393076e+00
2.370344052076294172e+00
1.904773767267937901e+00
1.635140794063461023e+00
1.904627801935893316e+00
2.394435254250445677e+00
2.237009940718678536e+00
2.107831230058144101e+00
1.653125305810192458e+00
1.478321262200731789e+00
2.190904814402673484e+00
2.401410979145071511e+00
2.654677761117596901e+00
2.524418049841672396e+00
2.465671906331367680e+00
2.547909600274677278e+00
1.896896511929056617e+00
2.022230090792958013e+00
1.896173073147513710e+00
2.050088757059888689e+00
1.895535210914450985e+00
1.925186982004158942e+00
2.062566018637378207e+00
1.924118723211279747e+00
1.772869297093432550e+00
1.438342679275354641e+00
1.240623699701763227e+00
1.482118711904183650e+00
1.374920807860779748e+00
1.388010944526123058e+00
1.531201239458097385e+00
1.507322460023147404e+00
1.277932169735510604e+00
1.467692797720902442e+00
1.532467242163961796e+00
1.693602034013176327e+00
1.778326145524984359e+00
1.594472053013021640e+00
1.946446801074004584e+00
2.029183595063258405e+00
2.078986439329838287e+00
2.120297882135235845e+00
2.343330612793316003e+00
2.457520845978640178e+00
2.158212488061711731e+00
2.488076412843621910e+00
2.066304314829690458e+00
1.668323997606114606e+00
1.847564947083394138e+00
1.780273674511594129e+00
1.933588163265082649e+00
1.701315799657480587e+00
1.420544887298071046e+00
1.674807362872995142e+00
1.625284187362581623e+00
1.424070333085473372e+00
1.349331189649388696e+00
1.479551943710349260e+00
1.527249145098819705e+00
1.552522598522616981e+00
1.435650315780883091e+00
1.662846485596223944e+00
1.534496811051676790e+00
1.829864353977810998e+00
1.545610073792944128e+00
1.529858365238688345e+00
1.757256380466223566e+00
1.481617195584917113e+00
1.480471892270792234e+00
1.237708312999842741e+00
1.250131794030852284e+00
1.164819697445382829e+00
1.674263232538208301e+00
1.883401676137713032e+00
1.676351783127465467e+00
1.547933599278476180e+00
1.461054210078964744e+00
1.318732555768151515e+00
1.523699783734712376e+00
1.498262667532652470e+00
1.687508476138589675e+00
1.812815876272888094e+00
1.435477847751151836e+00
1.554420694588246166e+00
1.611753851108908453e+00
1.544805785386664354e+00
1.601737599336169993e+00
1.762464198497595280e+00
1.865745349219524174e+00
1.697133594613108531e+00
1.507057499213676710e+00
1.345005584252759290e+00
1.408232853291325526e+00
1.606825622157281419e+00
1.693722864838270503e+00
1.862986241650026020e+00
1.716143918804331481e+00
1.623095053314011382e+00
1.697101780572531471e+00
2.114632566064222452e+00
2.491669942729318965e+00
2.194493536610203854e+00
2.161362914072124219e+00
1.924070063598220193e+00
2.202444014270735106e+00
2.474536768983974344e+00
1.907587903979831356e+00
2.185423252472204592e+00
2.030185159134752393e+00
2.259206001233978522e+00
2.448900932126751862e+00
2.198048149555944075e+00
2.182016161480922367e+00
2.033253951631385004e+00
1.590717818389318694e+00
1.308536703182385352e+00
1.432390296993647727e+00
1.504168939160483554e+00
1.637365286997896519e+00
1.472580427675767911e+00
2.093677103269119488e+00
2.137571425183443452e+00
1.809646824024518486e+00
1.845062932769575781e+00
1.327811682434319351e+00
1.350434207880392368e+00
1.462493925753899582e+00
1.520680172735718205e+00
1.409171996360549128e+00
1.405315790838656875e+00
1.911748717345526760e+00
1.650229025751778655e+00
2.114210199956715552e+00
2.110128869115770911e+00
1.707100540990412085e+00
1.753564202140320605e+00
2.027295611185120805e+00
1.775322849802841496e+00
1.655958463631988398e+00
1.355605561203846898e+00
1.207689513417261384e+00
1.513281764729909273e+00
1.446552148535815929e+00
1.737485109636213387e+00
1.963400042879195784e+00
2.151682217239115236e+00
2.033109970582031689e+00
2.277534899613193442e+00
2.204978561653098357e+00
1.963919335923854481e+00
1.606238808991979683e+00
1.588507826991510274e+00
1.055874467909430070e+00
1.488320312089368214e+00
1.598696363218351957e+00
1.675411831135637186e+00
1.908206241357227384e+00
1.811044169058242836e+00
2.067676723734274802e+00
1.297410203141733609e+00
1.464790737361407302e+00
1.433311999323753971e+00
1.324008845396451362e+00
1.330059407537714122e+00
1.593398704289197054e+00
1.518575108639649063e+00
1.333330053402314030e+00
1.309436974776926332e+00
1.181779124027412919e+00
1.243027152529936785e+00
1.349653209615849558e+00
1.521363087523330826e+00
1.944859416028049459e+00
2.198380577614501785e+00
2.063024676340015073e+00
1.761905202728627717e+00
2.189094489990518255e+00
2.240968688785522023e+00
1.796266219843653422e+00
1.318008584951864126e+00
1.502883089315492082e+00
1.798908389402699148e+00
1.452405593840663922e+00
1.348944121996776158e+00
1.617354288283111119e+00
1.345697729644617535e+00
1.486064649880252331e+00
1.809029949534690651e+00
1.682603476678614207e+00
1.710628204965969790e+00
1.897018464097689705e+00
1.967393781460438307e+00
2.031616420647546217e+00
1.737303107471933394e+00
1.350114652689381689e+00
9.957224734358526286e-01
1.141792558789421319e+00
1.290106186042042857e+00
1.571991200450129966e+00
1.428881489655420056e+00
1.564443463107128673e+00
1.373604079167598524e+00
1.821310353062275844e+00
2.074971650441965743e+00
2.362659972738298197e+00
2.267769067900746283e+00
2.186062160691117917e+00
2.025113637606184014e+00
1.935574131622497696e+00
1.657524397964543317e+00
1.737818498045519577e+00
1.831608881503629549e+00
1.989218469272422629e+00
1.698108338512128057e+00
1.804331011020448017e+00
1.537010453791594289e+00
1.290175663929816308e+00
1.184676354662778319e+00
1.723647330012313850e+00
1.801407915985228314e+00
1.724236805028102726e+00
1.597830481690095006e+00
1.638235923185354270e+00
1.227719907099826147e+00
1.002017075785078148e+00
1.337569122341297989e+00
1.492757593124906190e+00
1.872708474560420555e+00
2.363926749077651213e+00
2.084472043482202164e+00
1.836197026944771826e+00
1.684120778366931193e+00
1.665972026356879798e+00
1.543209305737656134e+00
1.539981948443076343e+00
1.438820265013953659e+00
1.465139899378070432e+00
1.585215444308487598e+00
1.411092481933938991e+00
1.469971588309860300e+00
1.543216674517420062e+00
1.594244979655868644e+00
1.478441917562463459e+00
1.271771519853483134e+00
1.609355005552941087e+00
1.832400147185641703e+00
2.132561572218659052e+00
2.066686211212871438e+00
2.095715494947156810e+00
2.177866411963198079e+00
1.939802792430803002e+00
1.595372291631091954e+00
1.459700348335275066e+00
1.914114553727036538e+00
2.102721775172569973e+00
2.033411524194513653e+00
1.907329732424180468e+00
1.864373399366326289e+00
1.955144231290655732e+00
1.609357670349003122e+00
2.042290942904073425e+00
2.004104062408327280e+00
1.530948097707326205e+00
1.294115065334587422e+00
1.472058662823732433e+00
2.055183609240740505e+00
1.919691136872654802e+00
1.915270308961570578e+00
1.808060175394693436e+00
1.938095483599570734e+00
1.824333804869215925e+00
1.492958583957054719e+00
1.283818033945344217e+00
1.325492275436338518e+00
1.493344868259421476e+00
1.881221617934856205e+00
2.283700419969054263e+00
2.299640293650127898e+00
2.496219267095798333e+00
2.318138811227452578e+00
1.507179683296055117e+00
1.871097464642481389e+00
1.414927514218820903e+00
1.276567337648190970e+00
1.491206899460615576e+00
1.391665238782680669e+00
1.381774819993421222e+00
1.440066965895553386e+00
1.447787866818203817e+00
1.188836676194480857e+00
1.535081222294095937e+00
1.514651880292960273e+00
1.870903582254848763e+00
1.421919887876038180e+00
1.376602347326623121e+00
1.091410826577785320e+00
1.334712433608307158e+00
1.528529291655922329e+00
1.248507767689730485e+00
1.376316160572788050e+00
1.293982618895212378e+00
1.450510672625765718e+00
1.483546466644090511e+00
1.342692745683823130e+00
1.691860929880508069e+00
1.696580630512011911e+00
1.824330688574336223e+00
1.818310688210414305e+00
1.631962531343521094e+00
1.744143585879177838e+00
1.949466919812603782e+00
1.570258319075690467e+00
1.349814843844725720e+00
1.272927255394023405e+00
1.445924680525084716e+00
1.458041523391143013e+00
1.295705910362332514e+00
1.456736560019528559e+00
1.475349745353954134e+00
1.272091360242047386e+00
1.173860530774697652e+00
1.270320615030002820e+00
1.465601382277350595e+00
1.307563017351299317e+00
1.297693923858711962e+00
1.079813046434244361e+00
1.117186125987374323e+00
1.123855258715646288e+00
1.457565307276500688e+00
1.217821739787656954e+00
1.299368260010015153e+00
1.312476041538255478e+00
1.417107920776755625e+00
1.160483325003990096e+00
1.414887577728110690e+00
1.248615199388844577e+00
1.391804975839831426e+00
1.806616886396883892e+00
1.847445955642012638e+00
2.037351671362799710e+00
1.585965633649083273e+00
1.523952324792076540e+00
1.856593774752298032e+00
1.804018852309575482e+00
1.681866268516179153e+00
1.286617517969151026e+00
1.683692388958673680e+00
1.948993571311283368e+00
1.620569997545296959e+00
1.511559767395117770e+00
1.435681491199641835e+00
1.583796948299343921e+00
1.718995745168631961e+00
1.740419424231298695e+00
1.952836745298031307e+00
1.903185873733910682e+00
1.696777376584525321e+00
1.673248340314891669e+00
1.756509539310354029e+00
1.385623470998391227e+00
1.224119174165938961e+00
1.212060637448084455e+00
1.309531639195496977e+00
1.439606063016632520e+00
1.815755198127555037e+00
1.895206134654352059e+00
1.698963313094476790e+00
1.567247803696523611e+00
1.634630471278440300e+00
1.471611441870920522e+00
1.630052354736863052e+00
1.465762674264216248e+00
1.530641093664656394e+00
1.386996803486876484e+00
1.380016020380012698e+00
1.535316383034180276e+00
1.328064018991364170e+00
1.211170625438372284e+00
1.356332100170023258e+00
1.127453219458462552e+00
1.017513279422674222e+00
1.166585237492889116e+00
1.316378745282787310e+00
1.257331200079357059e+00
1.336921651832066793e+00
1.780571778754274526e+00
1.481185097455687050e+00
1.721556557554268840e+00
1.811719054813414775e+00
1.819551424127514139e+00
1.647994960399792097e+00
1.272255041048312663e+00
1.166042266113357373e+00
1.477558761195049142e+00
1.356146730216465590e+00
1.598360129882485214e+00
1.354185677648118702e+00
1.749550582191713666e+00
1.415848447837679602e+00
1.243862481534340425e+00
1.242329667150321004e+00
1.685644657703246230e+00
1.798893418492797380e+00
2.262691529433497717e+00
2.244709394480089326e+00
2.020638795739589266e+00
1.589540943625111336e+00
1.683018393674998059e+00
1.914645372769090192e+00
1.930516421457623144e+00
2.161011871072475277e+00
1.832065326589037646e+00
1.477325986083820375e+00
1.483332104646084337e+00
1.462084817614771604e+00
1.059006317859825907e+00
1.052415852198561597e+00
1.105936357671672310e+00
1.032741036962811609e+00
1.018669115938087399e+00
1.095522493850515922e+00
1.053840061646192261e+00
1.050891176978910213e+00
1.250016627749265696e+00
1.564260759029618919e+00
1.471109877714348979e+00
1.835626900339192735e+00
2.273765699397161555e+00
2.255540226370465806e+00
2.343574259771791457e+00
2.133407453354723149e+00
1.756450321568120421e+00
1.631305866366907997e+00
1.732035556553900735e+00
1.503567492559463536e+00
1.648521027570059916e+00
2.026948576059303786e+00
1.988328328150866797e+00
1.528511229424359685e+00
1.993672818629668164e+00
1.832616375611779036e+00
2.028619024193017761e+00
1.931125788933413467e+00
1.650967332376275243e+00
1.553219153119076656e+00
1.577202968725351928e+00
1.347402191965883844e+00
1.290535179241822261e+00
1.414862293454619557e+00
1.198687788228362860e+00
1.258773811032079415e+00
1.380420608383758463e+00
1.573568161953470046e+00
1.132020817932682943e+00
1.227759620537731244e+00
1.329462086075881233e+00
1.621024409568102786e+00
1.939424766523053734e+00
1.459721507694087261e+00
1.399437636950175978e+00
1.236765718459400976e+00
1.416153716072751534e+00
1.391114021426202108e+00
1.008458562101344880e+00
1.248105539350566007e+00
1.541756946621775759e+00
1.751365051229985426e+00
1.694321046432270883e+00
1.675206699452485459e+00
1.792049071972955154e+00
1.674183333943982888e+00
1.528078674601923703e+00
1.545596791016765170e+00
1.597506751478989129e+00
1.429174886451801241e+00
1.134370012779649217e+00
1.077345836888560227e+00
1.334523633764302941e+00
1.337304934093302755e+00
1.552923438399143263e+00
1.835341704777639027e+00
1.470146219432768797e+00
1.303278115861179698e+00
1.085440105616230833e+00
1.554743182085906339e+00
1.801843055472029498e+00
1.844825325089234358e+00
1.830268019913957378e+00
1.873707078543543902e+00
2.027998268524703107e+00
2.230159051558583183e+00
2.087949949164801922e+00
1.911502374564808981e+00
1.991165802702079990e+00
2.144203746337597138e+00
2.005962276156965540e+00
1.757781157735735622e+00
1.716830351375015384e+00
1.825655192748127709e+00
1.992951240642782285e+00
2.158021343398299319e+00
2.334652488067173515e+00
2.458376115453035027e+00
1.905542282279798716e+00
1.388734496358035475e+00
1.340942191613013534e+00
1.131268431105216798e+00
1.307318562627612035e+00
1.331140143992765701e+00
1.426619451011718054e+00
1.254208320160540957e+00
1.140117003262798523e+00
1.103952082519904287e+00
1.044505350413623690e+00
1.088204069471038649e+00
1.008175166286432889e+00
1.288944888480063167e+00
1.401703131908896838e+00
1.346012254664943342e+00
1.261721966393339223e+00
1.211679033058607802e+00
1.191736345429314836e+00
1.509394730138728491e+00
1.303573468160622362e+00
1.453741608936525154e+00
1.708811535280448268e+00
1.979314237686253364e+00
2.231208240804424481e+00
2.053941400520830296e+00
2.186484719329347737e+00
1.960316262247084884e+00
2.325522132092645133e+00
1.871292442093194897e+00
1.583209727241508435e+00
1.453178661217489065e+00
1.588468162207361756e+00
1.524285295402990403e+00
1.315705541189233552e+00
2.078947473279379121e+00
1.880867277080759070e+00
1.796992449095507371e+00
1.873072077047076567e+00
1.784052155491919311e+00
1.850675196298117164e+00
1.474145600117343191e+00
1.241058456580915514e+00
1.206666578508910348e+00
1.071288743076240335e+00
1.366241103135988899e+00
1.517935578470495761e+00
1.185812973854474484e+00
1.358258791504785679e+00
1.665812351368948008e+00
1.915344152249300436e+00
1.956989612300699122e+00
1.908726792829616103e+00
1.875825828726713995e+00
2.117623880515869583e+00
2.344758819286261176e+00
2.023411420013271123e+00
2.143038304413605655e+00
1.803997932104957957e+00
1.242617866550066896e+00
1.228029483949077738e+00
1.552635508508030782e+00
1.119468122159828605e+00
1.264694545280282467e+00
1.428415372694964880e+00
1.374080937121777923e+00
1.593289406882308912e+00
1.262282330728281998e+00
1.653138579247134032e+00
1.612545551939274846e+00
1.669623459137444588e+00
1.710436034781025016e+00
1.828195528487881028e+00
2.265522630931332326e+00
1.775558102316241449e+00
1.447964505357119513e+00
1.594221115397053135e+00
2.009385035189415358e+00
1.802412027411434359e+00
1.764339724538403376e+00
1.825436106689186211e+00
1.831858550606466629e+00
1.479637057147742851e+00
1.608535129845270806e+00
1.861097244966161357e+00
1.939510369559234393e+00
2.316681031750488895e+00
2.076957205745455060e+00
1.892716289538671326e+00
1.980123029460379769e+00
2.269853648014602765e+00
2.091711767287175672e+00
2.331236127108123224e+00
2.280884011866397998e+00
2.769446957534573706e+00
2.208194564897254963e+00
2.122952618349157383e+00
2.538608363911306398e+00
2.490933487993247208e+00
2.333252518809476594e+00
2.495732748369981380e+00
2.532621568737669637e+00
2.521377705434694860e+00
2.524765134092824770e+00
1.887263389087620258e+00
1.654170121207011013e+00
1.806014398650741315e+00
1.301651487450776967e+00
1.328281041865146062e+00
1.650652381509343236e+00
1.279864100235929669e+00
1.626278970716395822e+00
1.725148266627754667e+00
1.162832452054606724e+00
1.469020518949934129e+00
1.311549231919300729e+00
1.212158226842361186e+00
1.514985575249079730e+00
1.272877746143610711e+00
1.166336995681976907e+00
1.454511108001853570e+00
1.265337858693333040e+00
1.504335177580701233e+00
1.480403858124172523e+00
1.470834041081508836e+00
1.520396830788521170e+00
1.439122959670623203e+00
1.685567116826390155e+00
1.680076764222228736e+00
1.673279208016570596e+00
1.603931045513295572e+00
1.790368319426237198e+00
2.008770798207360375e+00
2.297315467918206178e+00
2.004125628903183021e+00
2.252622492146624023e+00
1.552143402641472658e+00
1.693066566594284783e+00
1.865395268410356522e+00
2.156991306145160436e+00
1.726173457278138645e+00
1.822784579560121632e+00
1.493804120041400507e+00
1.283377916721027301e+00
1.203836294568761289e+00
1.261762230124195305e+00
1.516141142618065762e+00
1.476391746507906833e+00
1.435600447642861210e+00
1.640671212627163200e+00
1.653467225040473387e+00
1.418542687215526454e+00
1.313006198872650021e+00
1.085615638438112596e+00
1.185379424751832778e+00
1.223890949993650112e+00
1.101068828241132502e+00
1.091355080883203987e+00
1.130636451344626758e+00
1.269471949967779789e+00
1.370010771065547139e+00
1.341852385856583396e+00
1.488420474240216951e+00
2.084508639990667600e+00
2.040186493931290368e+00
2.422087254486646746e+00
1.805093451268110716e+00
1.642723035017610300e+00
1.549406637447974910e+00
1.343598175998009792e+00
1.415242379632513092e+00
1.118290609834884375e+00
1.202485993281307453e+00
1.412677948185911525e+00
1.337829859744375405e+00
1.442050819991114174e+00
1.532272571854880860e+00
1.408385807601503448e+00
1.589471101325396374e+00
1.564522037797516196e+00
1.404782582776314070e+00
1.027723213519082135e+00
9.414496558788780778e-01
1.249226639057472887e+00
1.118152429645160373e+00
1.659435739504244722e+00
1.513775859698698101e+00
1.292138811073356930e+00
9.832710035921679026e-01
1.091809664269339342e+00
1.005793724640407616e+00
1.591106465509240842e+00
1.874700252685632229e+00
1.578065701930361220e+00
1.640196363024890802e+00
1.494131824277514120e+00
1.298700241367194419e+00
1.200012840026957184e+00
1.273967798306805843e+00
1.446131459624550253e+00
1.723258260387574570e+00
1.207278096679923252e+00
1.073593097097103710e+00
1.238706677647330556e+00
1.197673045480051490e+00
1.045304174382273743e+00
1.033763067897424115e+00
1.210381822497837545e+00
1.052445118027953042e+00
1.146608230251729310e+00
1.107424460466905236e+00
1.258717070530737336e+00
1.183268950238584916e+00
1.403250434057093488e+00
1.386244757938915662e+00
1.190304261618584380e+00
1.523376057028288155e+00
1.593228314938022638e+00
1.617888047008366748e+00
1.727138938384780165e+00
1.436912734206334141e+00
1.555714926693277045e+00
1.312503718131164288e+00
1.570673995973731030e+00
1.369499742803283127e+00
1.414505208883311882e+00
1.368004483918244363e+00
1.522531262503799887e+00
1.375589788991052664e+00
1.157572297173906417e+00
1.396553731378782137e+00
1.903841407925954021e+00
1.431898352537945396e+00
1.419947051436163399e+00
1.814258131383543748e+00
1.446866501485696732e+00
1.832823935573441476e+00
1.704365222338948271e+00
1.846267104189049268e+00
1.762253418579218023e+00
2.371401455191767038e+00
1.729314643557219089e+00
1.868083359433879709e+00
1.335332625815545793e+00
1.423911516883397121e+00
1.368582435681161780e+00
1.291852642674284457e+00
1.265239042923730572e+00
1.197471735858399944e+00
1.244579283567763373e+00
1.359401579334646559e+00
1.390247798360462417e+00
1.241543188613002613e+00
1.635172888291554161e+00
1.713774783300221927e+00
1.603576865717625699e+00
1.432632624534241783e+00
1.610365612700002558e+00
1.626704748422316715e+00
1.912400787921025191e+00
1.774078707523203180e+00
1.777186735875977197e+00
1.688082588323464028e+00
1.631146683189264479e+00
1.773015030017238702e+00
1.700788022534758914e+00
1.412102411203965513e+00
1.442294490866531165e+00
1.200296887645846411e+00
1.673403793267982609e+00
1.738788501042080714e+00
1.469908339876548453e+00
1.355975712622937035e+00
1.482717270082020811e+00
1.591267170882948001e+00
1.700328458225078609e+00
1.600790581982897365e+00
1.895063653633838996e+00
2.027114134967455517e+00
1.563676331890053506e+00
1.391231628276578647e+00
1.496335634106289225e+00
1.928919990321191769e+00
2.101873955915324999e+00
2.431909806533385510e+00
2.326666365334427056e+00
1.712897920442937538e+00
1.298607767517253819e+00
1.161421109902260218e+00
9.999039405881353648e-01
1.237807128399378342e+00
1.142173880560383159e+00
1.241455274703827882e+00
1.284697631990791677e+00
1.220198061362113506e+00
1.199958804728474382e+00
1.197869189600403228e+00
1.153355731745953072e+00
1.284267683643063318e+00
1.756628756791353885e+00
1.356501947135595243e+00
1.850707575141415706e+00
1.842199753700119791e+00
1.356249836752175586e+00
1.408412079545872553e+00
1.074274757709493100e+00
1.173599320809686875e+00
1.106918603958486402e+00
9.821242023435673429e-01
1.012384204512351005e+00
9.748185197510033095e-01
1.063100616318295222e+00
1.021813672563796072e+00
1.049729944949582494e+00
1.119860060504393129e+00
1.234752927713741011e+00
1.194253575443637416e+00
1.298585617864590036e+00
1.223956904707357296e+00
1.197626478463936994e+00
1.215460063461690110e+00
1.732901996418658719e+00
1.435613841873672802e+00
1.662704882539560280e+00
1.697780957091409748e+00
1.600983430148446907e+00
1.464402797740074424e+00
1.529753449363668416e+00
1.661423869871927472e+00
1.889935780212550043e+00
1.428217812924877483e+00
1.548352107482894091e+00
1.666260554597730481e+00
1.369954008565781090e+00
1.398640351216795974e+00
1.555351732666759856e+00
1.764397883817727664e+00
1.890998671182118729e+00
2.050868207006734334e+00
1.820578205088531965e+00
1.696145266103419091e+00
1.801976462370924015e+00
1.815918399595072064e+00
1.489931228531535368e+00
1.775926715480709239e+00
1.847206641885061007e+00
1.846895401463828579e+00
1.898798389988573421e+00
1.883375158901053226e+00
1.910723752316809243e+00
1.972836264650246862e+00
2.200974504468954596e+00
1.877855627940159255e+00
1.707083849737650816e+00
1.569658775916906057e+00
1.759306969680593857e+00
1.858731120044283092e+00
1.904710537871174170e+00
2.101070855515553060e+00
1.837746313661766884e+00
2.197440040286971819e+00
1.876190630386988634e+00
2.066123362968132593e+00
1.989709534277054548e+00
2.040648833765202230e+00
2.183922537869020353e+00
2.075181649895206704e+00
1.291358866061466992e+00
1.064002279463136080e+00
1.476395742723166427e+00
2.157881129383006691e+00
2.432659191111640862e+00
2.151911850213616084e+00
2.060301923722971829e+00
2.015472367808075038e+00
2.024336253703022503e+00
1.811479344507097800e+00
1.791556261145176299e+00
1.566887263737146263e+00
1.941055139742985602e+00
1.738958535763462043e+00
1.785785356551395253e+00
1.568394470179255595e+00
1.300968935102343238e+00
1.263983632624412934e+00
1.527841075792310654e+00
1.397549587128621873e+00
1.407020295183299519e+00
1.638741425103690919e+00
1.762438763319585711e+00
1.572269686413007905e+00
1.806256328920605725e+00
2.074132865154868721e+00
1.605934429764178439e+00
2.077847534128686391e+00
1.772439798977351488e+00
1.433441054366244138e+00
1.409615775027842410e+00
1.509319434295885998e+00
1.330637146491804756e+00
1.324107501545218168e+00
1.201619002860950580e+00
1.167550561703676992e+00
1.301791468074910085e+00
1.171059224446536540e+00
1.265353506951499396e+00
1.438451236224767671e+00
1.250114107702517074e+00
1.341788667540381619e+00
1.283567100978001640e+00
1.502086462510167753e+00
1.432510116635761444e+00
1.243411543687228393e+00
1.369927242068943896e+00
1.229569216324618353e+00
1.382328822152292247e+00
1.557543271493890380e+00
1.516671864436026418e+00
1.526481328439885043e+00
2.034800387638968200e+00
2.387088787284126212e+00
2.051254690453633955e+00
1.918671186894810976e+00
2.062408692494720253e+00
1.663646936560386314e+00
1.585481235995360283e+00
1.484400059266550054e+00
1.418367583392899922e+00
1.363775975491910764e+00
1.627558810884832896e+00
1.598523607809278824e+00
1.981213418229840872e+00
1.646001087921908912e+00
1.788330746537632798e+00
1.904620518878928692e+00
1.813814480246111360e+00
1.796190534412236417e+00
2.022971369101014716e+00
1.701293925018942943e+00
1.994765853078978468e+00
1.923641270830590777e+00
1.705447975229215762e+00
1.917967938766746094e+00
2.057643603457994796e+00
1.262658246133234519e+00
1.408250629118962038e+00
1.237730587637677626e+00
1.022784099245849898e+00
1.192507869132171328e+00
1.409575020876211893e+00
1.592682198727085607e+00
1.782107176722758313e+00
1.802789102310710989e+00
1.601148107502758933e+00
1.519829443254084644e+00
1.442695061971937420e+00
1.629149815365160014e+00
1.287928394369988405e+00
1.319149659404351027e+00
1.491371614668554280e+00
1.372292015380159436e+00
1.672545640875498396e+00
1.767138320240786875e+00
1.638184180809333146e+00
2.068805017394494961e+00
2.099786158421935944e+00
2.104258642049139816e+00
1.950957936371194412e+00
1.834002658741106906e+00
1.566849998484265205e+00
1.482089829290423211e+00
1.863249651039728505e+00
1.498287990187739949e+00
1.730745749269005263e+00
1.567974970594523620e+00
1.554979085570016517e+00
1.617170830212860455e+00
1.654531179407366936e+00
1.504836140506254472e+00
1.350612479893287476e+00
1.374454291380046378e+00
1.504973622160867386e+00
1.483975037405135922e+00
1.361819809580128160e+00
1.124359243813456422e+00
1.505905311432910842e+00
1.259750234509755096e+00
1.206824735089337075e+00
1.246596658888885267e+00
1.237942099191523981e+00
1.402914879657504388e+00
1.531409737012996430e+00
1.266490960761248008e+00
1.317304543590705146e+00
1.380661843702699176e+00
1.846743832781500005e+00
1.465975793441022468e+00
1.238375879492004783e+00
1.251445419220003519e+00
1.663098576885417845e+00
1.476399627900793821e+00
1.449021912192930417e+00
1.104191310571540852e+00
1.160632460081689965e+00
1.352014719441380741e+00
1.046459659315385204e+00
1.582320151623183513e+00
1.374497859817853884e+00
1.338652071501069241e+00
1.360658485408630103e+00
1.421910841167691064e+00
1.471385546144305945e+00
1.815010772689453322e+00
1.730297330256932220e+00
1.852498145883570757e+00
1.717141515491267034e+00
1.649061338431873303e+00
1.466566983936266055e+00
1.530782750283602667e+00
1.631362714707572437e+00
1.815409382939409788e+00
1.808733692853534691e+00
1.835582526995811481e+00
1.563465307501469281e+00
1.301576150533470644e+00
1.322997267349661055e+00
1.276660278747440369e+00
1.479689976909564164e+00
1.903131250702311483e+00
1.881826536029207020e+00
2.356339751859610310e+00
2.232407692722233161e+00
1.763601508203300305e+00
1.947395423399422842e+00
1.671177332207811395e+00
1.999719828856104220e+00
2.090909039890133325e+00
1.877715005079214183e+00
2.442532305808768012e+00
2.193443904797541144e+00
2.205373225857121255e+00
1.682698243860346388e+00
1.335408453356652814e+00
1.356987496522524150e+00
1.527324459921721278e+00
1.359609379168759347e+00
1.359483361242900257e+00
1.544710424403248350e+00
1.758630163906724109e+00
1.758737126925190797e+00
1.608183538973583682e+00
2.038346264270583852e+00
1.325146872060936953e+00
1.345455033998316674e+00
1.434712201987404567e+00
1.625174966564362666e+00
1.317445547928599803e+00
1.118741214886414204e+00
1.062376345949201939e+00
1.554990353781326995e+00
1.407879223790278855e+00
1.264945668189700001e+00
1.689060601772433223e+00
1.414446335460229243e+00
1.116561943703149762e+00
1.148132570397079943e+00
1.404268667807629711e+00
1.048655429435476849e+00
1.179145872446290211e+00
1.212821989771788456e+00
1.273094192128657598e+00
1.601642127149830230e+00
2.102104327096225411e+00
1.909764869792333286e+00
1.863503234450983204e+00
1.791033692639009800e+00
1.363153331075336538e+00
1.196236465006135896e+00
1.458092605443028544e+00
1.099310986413865265e+00
1.376329391618494880e+00
1.681823249671704268e+00
1.579146105750905305e+00
1.607753343389659140e+00
1.921772085241951977e+00
1.748742528618983050e+00
1.708118020302533679e+00
2.299083248789655975e+00
2.280613306101523019e+00
2.508170121087911042e+00
2.424470864945857063e+00
2.573564887724439032e+00
2.237655886072997813e+00
2.176045265969813958e+00
2.187622543349049042e+00
2.025333335235318000e+00
2.035254307856095402e+00
1.955395301493089377e+00
2.372249401673445668e+00
1.979062624417206040e+00
1.980055690796375334e+00
2.239028386001452819e+00
1.679866233552131494e+00
1.556298797802162071e+00
1.305381453320041407e+00
1.410631140200354849e+00
1.277327928838583038e+00
1.942036349079820923e+00
2.438548383979011192e+00
2.426333648744201987e+00
2.039792820081193891e+00
1.736833227895510978e+00
2.054811556876394718e+00
2.341747813538376466e+00
2.017114094735201757e+00
1.804796340738785920e+00
1.623546407457232110e+00
1.567973811254120164e+00
1.440740699611495979e+00
1.501998218334660296e+00
1.466897656867410138e+00
1.553878906761480216e+00
1.771859037542719451e+00
1.849880108027869285e+00
1.760601223954382011e+00
1.750869886682094423e+00
1.712726671233097298e+00
1.663452133348106488e+00
1.584700019702285134e+00
1.377838913676191046e+00
1.435784293957997226e+00
1.168718646318427368e+00
1.284134777835405972e+00
1.380715008188955206e+00
1.096401198797209320e+00
1.409564950719219834e+00
1.549088695191632725e+00
1.597282664271671981e+00
1.269636257393957468e+00
1.194736161467334856e+00
1.242586710254857341e+00
1.349551652278982328e+00
1.281649991738221805e+00
1.412295537702189963e+00
1.303226438765471062e+00
1.598854930777264371e+00
1.539937948770727427e+00
1.683634530987555111e+00
1.816322923096794995e+00
1.503780313675606273e+00
1.456394273007298290e+00
1.255119199898456550e+00
1.184036648970849370e+00
1.395018549137870600e+00
1.731528341394091175e+00
1.426975362770715794e+00
1.146851415743881386e+00
1.314524802388520763e+00
1.134849448286455509e+00
1.114083833161360948e+00
1.369743986246534817e+00
1.306140279596682774e+00
1.007460026931385366e+00
1.167825473086642862e+00
1.248364590561277243e+00
1.329170330211236983e+00
1.623444565260145911e+00
1.257623162198255429e+00
1.164570734162337029e+00
1.060871653397302161e+00
1.559469741387391251e+00
1.503959865102843629e+00
1.003201585907658622e+00
1.445760352073901522e+00
1.731621576221206382e+00
1.612904619726382327e+00
1.553082723788031583e+00
1.408692133387456913e+00
1.250062076064710093e+00
1.227339048855342174e+00
1.215089329983143784e+00
1.519058961317941714e+00
1.814324080469727596e+00
1.315308757361538294e+00
1.243826857070516878e+00
1.480967978490691728e+00
1.181272883211828439e+00
1.358540323122195304e+00
2.122728921477194941e+00
1.927569211177653674e+00
1.837357424057959099e+00
1.333066895287171150e+00
1.623908267541638528e+00
1.502036515538910599e+00
1.434490438160438863e+00
1.533956089921866717e+00
1.596700368416840377e+00
1.535764979502277638e+00
2.293220996379223831e+00
2.168811009576770310e+00
1.598562271746848618e+00
2.095158119183926804e+00
2.006911712682173832e+00
2.174956701225763123e+00
1.936481632192550428e+00
1.880970529594607532e+00
2.256721290888328735e+00
2.331435313828840616e+00
1.979038801189262120e+00
1.863730478506951060e+00
1.937745637867219761e+00
1.659587176528089181e+00
1.505294641810754896e+00
1.495978661153269940e+00
1.513165317653105246e+00
1.505528232755559026e+00
1.328396830265124340e+00
1.303923176411502238e+00
1.363939775220456951e+00
1.342032330970601262e+00
1.438228795296102147e+00
1.710770658264754163e+00
1.728412664136537380e+00
1.518090571366873975e+00
2.083509672849455541e+00
2.547123929474652382e+00
1.986571210686448374e+00
2.044242019559085133e+00
1.664023000662801621e+00
1.460797329506079656e+00
1.394815991442785563e+00
1.250924453994654018e+00
1.372741705185810845e+00
1.508815179498875558e+00
1.876706923490523371e+00
1.384147925390855960e+00
1.773321744051000071e+00
1.945965711612857696e+00
1.846486095562745122e+00
1.462915233228763379e+00
1.316508342225603201e+00
1.309847793212869593e+00
1.461114652116680457e+00
1.695345242750851300e+00
1.382883789523596807e+00
1.527188211020121589e+00
1.388097014697892151e+00
1.921432533171421486e+00
1.782130504773085100e+00
1.892940840567961303e+00
1.902985102327209965e+00
1.402475800288183416e+00
1.593996574493948160e+00
1.647704012890917502e+00
1.367779694337261098e+00
1.412254136802408411e+00
1.191429139439396101e+00
1.309153319369802837e+00
1.360548634459272987e+00
1.609097572162614176e+00
1.459357269593090978e+00
1.689558270788173777e+00
1.825601110553951134e+00
2.036071594916664562e+00
2.021321863010009157e+00
2.176519935884451584e+00
1.701731068040794215e+00
1.609386392391944698e+00
1.228154286894119984e+00
1.383063868366910754e+00
1.008088928274382345e+00
1.178483187107212560e+00
1.261958891834067842e+00
9.726709467345318050e-01
1.059750417753671181e+00
1.292669085371395798e+00
1.135408388905322363e+00
1.310802370400866224e+00
1.248603989518745738e+00
1.525702619792858261e+00
1.573641658367815666e+00
1.623002068423992528e+00
1.552860850159367478e+00
1.493642709533538060e+00
1.338867471837405176e+00
1.524084130089266687e+00
1.655626216692448471e+00
1.383111973528396321e+00
1.708381006716526818e+00
1.521700880455410410e+00
1.406788219575853205e+00
1.337197607329279947e+00
1.396671915710685496e+00
1.730202626271675204e+00
1.632848377211520763e+00
1.620918691191064021e+00
1.832926838184865348e+00
1.928415646257552796e+00
1.846297684916745840e+00
1.733606064692390536e+00
1.792768795432871265e+00
2.113996995672363433e+00
2.161433996986338535e+00
1.987749375478090830e+00
1.767814941457034550e+00
1.577119479827497894e+00
1.573161962419967530e+00
1.441176186911885093e+00
1.493088555320650324e+00
1.329856746906435516e+00
1.379100473574036201e+00
1.370795252066551617e+00
1.404800939135038229e+00
1.065468971744071958e+00
1.301756035169038483e+00
1.719338440006595192e+00
1.805885477097065817e+00
1.889403471408707347e+00
2.049871909358432998e+00
2.037637277748999942e+00
2.103748181282893537e+00
2.054578910385838508e+00
2.023100313535740824e+00
1.678991343908930567e+00
1.656442263380435209e+00
1.741562230728264771e+00
1.916993130457973926e+00
1.908329425536398505e+00
1.902927075701787984e+00
1.685999276818359149e+00
2.194538683671514168e+00
2.142456655492389395e+00
2.268174841887427018e+00
1.975962931033931058e+00
1.990742451179747796e+00
1.577829160985318335e+00
1.454342638494258155e+00
1.265458163336338870e+00
1.118753869382299593e+00
1.126414172452583129e+00
1.063362927479625686e+00
1.211394955846224475e+00
1.265666866465392504e+00
1.123713552102194591e+00
1.272174832470960304e+00
1.154454179250710810e+00
1.349042455375465410e+00
1.390393784007255551e+00
1.230069220873980518e+00
1.471836457377569740e+00
1.544440861373991947e+00
1.576734594759897190e+00
1.666711391289356303e+00
1.891209085258605871e+00
1.737963398019426897e+00
1.119789474095684190e+00
1.225636676956685100e+00
1.207196825929577777e+00
1.636650689781389723e+00
1.886659546216353789e+00
1.564482311191426334e+00
1.616017567756935058e+00
1.858443182749286438e+00
2.060534868277149823e+00
2.054842690067278710e+00
1.849278375199446378e+00
1.922119896485310342e+00
2.079621690496201936e+00
2.282393349671682170e+00
1.810719271534963148e+00
1.875298845449198781e+00
2.095997709034480128e+00
2.632284842196046082e+00
2.725690093513849277e+00
2.080433822129484245e+00
1.858122944528629139e+00
2.015028792494639731e+00
2.481861324064373431e+00
2.646175479861751612e+00
2.036815974658922723e+00
2.140822570252487456e+00
2.308129853017709454e+00
1.796612293084334455e+00
2.064208776312610905e+00
1.826686090861810330e+00
1.819453588740100658e+00
1.490771916526018925e+00
1.450535333454374465e+00
1.244699896394899197e+00
1.431059973017648979e+00
1.412557351157468943e+00
1.478765676257166595e+00
1.680682251836199459e+00
2.192718158916335369e+00
2.044160839841932642e+00
2.406329767818428778e+00
2.024199460322115840e+00
2.429289501560508047e+00
2.190298099319246017e+00
2.027100864170962691e+00
1.891195237655081129e+00
1.893497093906825413e+00
1.870410147869047357e+00
1.584465316714309235e+00
1.462036323378188563e+00
1.482297794915770073e+00
1.268946557341374959e+00
1.228730627453239910e+00
1.716946285902398062e+00
1.637459900692007864e+00
2.030148118162080184e+00
1.931557758444000017e+00
1.796969307041567321e+00
2.128047536506891380e+00
1.910420861956111160e+00
1.872691622456908789e+00
2.413591443958752691e+00
2.135203101778762491e+00
1.666903554222206374e+00
1.439110148709845882e+00
1.279376142416368101e+00
1.311267118646807894e+00
1.336007541814911770e+00
1.052176066510189578e+00
1.276238308450277970e+00
1.212310829285356828e+00
1.402150394813099554e+00
1.307392926631591346e+00
1.227721237197404225e+00
1.115237286760580648e+00
1.319785019981774665e+00
1.787494439586734263e+00
1.367103816497556412e+00
1.351653251700024150e+00
1.283626655355222024e+00
1.215234110620411867e+00
1.447567500183165601e+00
1.531271021062928339e+00
1.116212324361783637e+00
1.322526768912558381e+00
1.404662201319546000e+00
1.419022907227502239e+00
1.305453498327279638e+00
1.507499490770094042e+00
1.650347481760728874e+00
1.494179860452303998e+00
1.670270994911521756e+00
1.575868478345185508e+00
1.656958949727026509e+00
1.766038414159563530e+00
1.721207230767537233e+00
1.839414059093607889e+00
1.352406474519589619e+00
1.580773192925962078e+00
1.608103697866824833e+00
1.379883376395187433e+00
1.365569192609082272e+00
1.124147187054373331e+00
1.059019335667427786e+00
9.855116289833228960e-01
1.139858552827761828e+00
1.252973703062493449e+00
1.163438505444821747e+00
1.495423399167753020e+00
1.295463539992055102e+00
1.296974214121809466e+00
1.974329844130018108e+00
1.757706743039917585e+00
1.979778068240786171e+00
2.236463325557065840e+00
1.850382969292200475e+00
1.715924400925285642e+00
1.660336765303269679e+00
1.346151514919942560e+00
1.512076009517201225e+00
1.596096216732330486e+00
1.643489458970237793e+00
1.686932272945438349e+00
2.025245220505224264e+00
1.955281740117908784e+00
1.933104167300305321e+00
1.654432978050318415e+00
1.639860659283626010e+00
1.982661926386671603e+00
1.956599154355767034e+00
2.025095480359374367e+00
1.856086403858962175e+00
1.763182600230570829e+00
1.616009884008648090e+00
1.406600634014961937e+00
1.215188142687054773e+00
1.390486544258469293e+00
1.534230879069938158e+00
1.830687935459368365e+00
2.251073747610242481e+00
2.105001535716532146e+00
2.332989535450697538e+00
2.196903046064036413e+00
1.634525915405729224e+00
1.789058360205536324e+00
1.682733907164785991e+00
1.470770706862728927e+00
1.663568780102659961e+00
1.227328604525458111e+00
1.415474294037816438e+00
1.838370889633683891e+00
1.237121997975665799e+00
1.155220556707683865e+00
1.241248317864410478e+00
1.145187167926818628e+00
1.137428585715624330e+00
1.745440087326628475e+00
1.434558515289142244e+00
1.342852109128789273e+00
1.267394429142961298e+00
1.136477752984392575e+00
1.420858329588953195e+00
1.402249934423004163e+00
1.205169201635975629e+00
1.362697535013737138e+00
1.543668571921007038e+00
1.581732024512496837e+00
1.900263572725688910e+00
1.798500601970007828e+00
1.886050274783528380e+00
1.451756299531233640e+00
1.144926578279543916e+00
1.432541899695614518e+00
1.899068589691409459e+00
2.260731371884711294e+00
2.307063722177397747e+00
1.895190078379566323e+00
1.647196880287828069e+00
1.955294861396581485e+00
2.114106802801541729e+00
2.399067207556119907e+00
2.466366112264232413e+00
2.408113609922623688e+00
2.445276903741322450e+00
2.124167583700134809e+00
1.974447384390719096e+00
1.822115273256163848e+00
1.931649359209702599e+00
2.255416840287764568e+00
2.179287714107416729e+00
2.318776324487930474e+00
2.355989431902757225e+00
2.251770341812758147e+00
2.262845003705282299e+00
2.085122595958223357e+00
2.139942300764626548e+00
2.163379462602610825e+00
2.207476081873615215e+00
2.188346455707988358e+00
1.918766488022110028e+00
1.794875075599866809e+00
2.090735751307178703e+00
1.641357695855592658e+00
1.101746230107262914e+00
1.266602480380972562e+00
1.228598858234798419e+00
1.430998241009865168e+00
1.378119487180759606e+00
1.231318334751599464e+00
1.267871711786823230e+00
1.275655436854490121e+00
1.246809725909332034e+00
1.678360638131350946e+00
1.803729680214590125e+00
1.577027756445414486e+00
1.564043978295210913e+00
1.652534257608976098e+00
1.421827355700766127e+00
1.742686118378775184e+00
1.773240689081406973e+00
1.859383547244187529e+00
1.648770259557250872e+00
1.537552169764246468e+00
1.519825995303283328e+00
1.287015430730106713e+00
1.690563321334565217e+00
1.520330877205077424e+00
1.860424139902304042e+00
1.766237266160664454e+00
1.995773824755507242e+00
1.993804437071643010e+00
1.785616235240750305e+00
1.380152776331271536e+00
1.419294205097524797e+00
1.668453734465774607e+00
1.958027857814960804e+00
1.881485734094226592e+00
1.839559962622992817e+00
1.855585814008855694e+00
2.336270291734399596e+00
2.195585097175813072e+00
1.703120018656834267e+00
1.855828822507763709e+00
1.648506489806901953e+00
1.277960856486410890e+00
1.279894055513930429e+00
1.236498384912979143e+00
1.473428798674139006e+00
1.437104539335923192e+00
1.513408870450863697e+00
1.735299262837544099e+00
2.028264452125701389e+00
1.994296842164828165e+00
1.684252259961118270e+00
1.492811151268256475e+00
1.670171819879217923e+00
1.630565265929303953e+00
1.963585928132297598e+00
1.877946992001431781e+00
1.741932959527866309e+00
1.605390638424005978e+00
1.598184717322005621e+00
1.705300443478909855e+00
1.710655826673119551e+00
1.731841092492595324e+00
1.983651624870922836e+00
2.275240898653426935e+00
1.751227225359694106e+00
1.913130355032064189e+00
1.999467500095417183e+00
1.996060882579969276e+00
1.908151416950870871e+00
1.777107121955577629e+00
1.548452520261528464e+00
1.999424041433639054e+00
2.398816222138875354e+00
2.301680611010341604e+00
2.480848853887450911e+00
2.058827164125460740e+00
1.728807573764627570e+00
1.433016257143848726e+00
1.695659677212746352e+00
1.600173717710707155e+00
1.424351647837451829e+00
1.505485042885353231e+00
1.728779221164458590e+00
1.512654710359368604e+00
1.314350398373223427e+00
1.344473615216757345e+00
1.494847114523557785e+00
1.518952127125617890e+00
1.842576998170992075e+00
2.260839195153570902e+00
2.003962895918132148e+00
1.746042755824145365e+00
1.997549910569263121e+00
2.042726867244572642e+00
2.288673831146451842e+00
2.284200207559084372e+00
2.314108478406658786e+00
2.060834255512335567e+00
1.764222495435470606e+00
2.057732442133417550e+00
1.773968070522515594e+00
1.610571639965118429e+00
1.825902674075610355e+00
1.497751166461939176e+00
1.378710629194606740e+00
1.491864286986565702e+00
1.563485166757144329e+00
1.371250803689082476e+00
1.120631737874784983e+00
1.343241384729912724e+00
1.424378156776878512e+00
1.466660681510718156e+00
1.634772376800500915e+00
1.615584811501155516e+00
1.678579724760235425e+00
1.448181507446200333e+00
1.178720980851375444e+00
1.303771504135951886e+00
1.574372026609404118e+00
1.791140636393265373e+00
1.703323850401096795e+00
1.820681423098422513e+00
2.507684316130186275e+00
2.579365723147368783e+00
2.193553902175727988e+00
2.018344169798839349e+00
2.186917654606103323e+00
1.991716971600225650e+00
2.081418960112377814e+00
2.227645393551552555e+00
2.322909558209969472e+00
2.337285911889892542e+00
2.244123557782843559e+00
2.349288618548992513e+00
1.525898831562017444e+00
1.463924306864467173e+00
1.925376095459840231e+00
1.470488956968256655e+00
1.417803223975604432e+00
1.433889084259599711e+00
1.694682253817051176e+00
1.215672080723863679e+00
1.225786661760358776e+00
1.389517184657055315e+00
1.370689700107511788e+00
1.455513554272334087e+00
1.461541118365309755e+00
1.940679172545349829e+00
1.476725173196742125e+00
1.633299050189053636e+00
2.004971001255258845e+00
1.896233846630842823e+00
1.807781551121878438e+00
1.882278462067078495e+00
1.874804789224266077e+00
1.753300831178399521e+00
1.954084441620074220e+00
1.494105701300664002e+00
1.328435957975463433e+00
1.439610283000379409e+00
1.184037313680528003e+00
1.412600139016099599e+00
1.304139142932266182e+00
1.406087256836471067e+00
1.407843923924515295e+00
1.654664704551741083e+00
1.679383017188300631e+00
1.866918326914925430e+00
1.846109332459532126e+00
1.986177355724932925e+00
2.078777057501992154e+00
1.900176690155881420e+00
1.900725635330554830e+00
1.645585892325166499e+00
1.478148841629146393e+00
1.248899905874665928e+00
1.373214180934692275e+00
1.518799716969861713e+00
1.611660517326265252e+00
1.550528294093331150e+00
1.591300169657847041e+00
1.559911118237589989e+00
1.638761882577809637e+00
2.054366566173908115e+00
1.990128549470853159e+00
1.933060128013467605e+00
2.200930407636609409e+00
1.589962731796843221e+00
1.545747263065877064e+00
1.479216096451784646e+00
1.420181532217987375e+00
1.614216364094358092e+00
1.230747976803525434e+00
1.144110697474584493e+00
1.733442199000285289e+00
1.884640050216982665e+00
1.611372261572970421e+00
1.186896812172612670e+00
1.367262837013013099e+00
1.600915309003541953e+00
1.687679804770618297e+00
1.572826426513813214e+00
1.468822135807648532e+00
1.701865141064403009e+00
1.833193545292927329e+00
1.597985899776277030e+00
1.660362312514260807e+00
1.730976908648833801e+00
2.116673498987306612e+00
2.127388109120430304e+00
2.093037249214221962e+00
1.929939471244305871e+00
1.409822358034062084e+00
1.303376232009893165e+00
1.578549738323284712e+00
1.713000275354679136e+00
1.504909654889075021e+00
1.398124819921263251e+00
1.471098306591612337e+00
1.040816952929019878e+00
1.149388785345726527e+00
1.192576578001417920e+00
1.185143501753369355e+00
1.283856748050165919e+00
1.219273773794127713e+00
1.302692525569027593e+00
1.204198938699223120e+00
1.198911770378038977e+00
1.447399968203944232e+00
1.737479386792057712e+00
1.719079454126660522e+00
1.231428300842978052e+00
1.559928311533828715e+00
1.524862241889815895e+00
1.758005093876934710e+00
1.588942569081029710e+00
1.127779881211754542e+00
9.689519468159881743e-01
1.090149876172865850e+00
1.068665133799234779e+00
1.092608990706831706e+00
1.485584629295274572e+00
1.551557585394050198e+00
1.321051275322490559e+00
1.611815969562061968e+00
1.778924802525592597e+00
1.861226433242032741e+00
1.797130927097506659e+00
1.650816844700840669e+00
1.930668275762699171e+00
1.611275603464260131e+00
1.812863813512662903e+00
1.814346026042642723e+00
2.306875849221142971e+00
1.922329366400933104e+00
1.686572139755459832e+00
1.638373690548565520e+00
1.605569933715741415e+00
1.339032071581791605e+00
1.189315917304073933e+00
1.363055829133618335e+00
1.099746864369621546e+00
1.370204716542258838e+00
1.559796883366733056e+00
1.925317121623002059e+00
2.249092477456331007e+00
1.850239525883573766e+00
1.628055321061726790e+00
1.721542492733601826e+00
2.127134779224295169e+00
1.547216939608886621e+00
1.675368156326799030e+00
1.913318777157736683e+00
1.700127768544328788e+00
1.816668776419567699e+00
2.112170494364593587e+00
1.595770276764992834e+00
1.416521270980061198e+00
1.718466239085378433e+00
1.585667880921023842e+00
1.402055377020422489e+00
1.367341265337602030e+00
1.342913759759557735e+00
1.706453412905276412e+00
2.021643844073004903e+00
1.793316977170787752e+00
2.109142947135301593e+00
1.850055520177800394e+00
1.850878982742986567e+00
1.834341608900437182e+00
2.041494986597406136e+00
1.635808696368349135e+00
1.448976409513051733e+00
1.623807880523433056e+00
1.696043174377157348e+00
1.554868041270746959e+00
1.482217914990808794e+00
1.559908999343263769e+00
1.503297107139991429e+00
1.500788135068365614e+00
1.570848189721155030e+00
2.192951762089302203e+00
2.029055535313477154e+00
1.695032603567926621e+00
1.561970389525046965e+00
1.824404675772457907e+00
1.558133112440297952e+00
1.739626601314416376e+00
1.745420124140781626e+00
1.575695099277087730e+00
1.513507244005922958e+00
1.404076753137265543e+00
1.446038243930417799e+00
1.594134801377274036e+00
1.863230148430621957e+00
1.732821643007234291e+00
1.551232882331593510e+00
2.024335854585707750e+00
2.109993779803165825e+00
2.005846775078832689e+00
2.165537357463764412e+00
1.971971449440433011e+00
1.525029197772266087e+00
1.665338240876087061e+00
1.621960805329050404e+00
1.598961331427838362e+00
1.517341023077441342e+00
1.488654983732918602e+00
1.324751622479729773e+00
1.088170922025407661e+00
1.265808001465633437e+00
1.533028760680257951e+00
2.045458148844383484e+00
2.050341473218869393e+00
2.195993573194106041e+00
2.068786030322312453e+00
2.057390762360655767e+00
1.931322362525019987e+00
1.909334333200855660e+00
1.438780034358191795e+00
1.830859949358994321e+00
1.636307575653565438e+00
1.685758598242541373e+00
1.477528290890782747e+00
1.212905356439134330e+00
1.523631378654077162e+00
1.457216827694486350e+00
1.115383723556067741e+00
1.129584735741348656e+00
1.283181490297314875e+00
1.335494358878617227e+00
1.334239512483362367e+00
1.181304370505218637e+00
1.506061780623620505e+00
1.550377199869092504e+00
1.427311583902355352e+00
1.768953957057946669e+00
2.220915897368450853e+00
2.366573542131276575e+00
