1.340633021280688730e+00
1.358340017008057288e+00
1.264615253468407197e+00
1.230642328883281955e+00
1.505553195464198524e+00
1.273114360741026463e+00
1.475968385968209340e+00
1.239373143846939085e+00
1.464921901939307602e+00
1.493245650406911373e+00
1.433934615154576431e+00
1.452059663063983486e+00
1.732712038333704685e+00
1.615721062733471491e+00
1.428607227919115097e+00
1.224177663614322009e+00
1.497266041575004980e+00
1.476076146498649599e+00
1.346342022198339983e+00
1.657811327938073731e+00
1.558971787967443845e+00
1.596016146481516573e+00
1.513158131362223546e+00
1.547415574628581147e+00
1.481573094699330184e+00
1.634239782271666996e+00
2.084584673222232620e+00
1.755003247671994338e+00
1.576529482457976306e+00
2.045757146925081926e+00
2.323123215516485374e+00
2.357487311953099240e+00
2.576762946100103591e+00
2.357471652213551039e+00
2.533795380507841255e+00
2.142243700540551909e+00
2.564091860105217613e+00
2.481688417504157584e+00
2.269805488444359920e+00
2.093883840289885168e+00
2.467241926754932813e+00
2.038748836086531124e+00
2.141104212962500863e+00
1.870956751954810038e+00
2.052835049698914283e+00
1.973357406795831270e+00
2.287586629355544687e+00
2.006218835460907624e+00
1.752936550702530072e+00
1.675393756753733143e+00
1.741117303312912812e+00
2.058622733491119128e+00
2.529995814597416626e+00
2.466228160674609260e+00
2.074445279348966498e+00
2.054916606442918958e+00
1.999031261844050888e+00
1.935331213235095049e+00
1.636489676681208927e+00
1.495121881361369809e+00
1.895309953778754553e+00
1.966725418739186715e+00
1.716089885376816726e+00
1.397378952385500028e+00
1.377857338386082597e+00
1.255001487025936058e+00
1.307013208518778669e+00
1.200814391274400483e+00
1.463189318412513984e+00
1.656699514957302499e+00
1.473148176716174929e+00
1.259227015988747089e+00
1.614485097240153211e+00
1.770521321330109421e+00
1.711113802270445294e+00
1.370599365041629270e+00
1.469350617235359202e+00
1.640771404250363830e+00
1.716746642702247527e+00
1.701709075387521031e+00
1.815117794141833718e+00
1.488561271204127179e+00
1.710002917314504378e+00
1.784637794655300258e+00
1.529778014815230458e+00
1.472779312521060868e+00
1.451892287226455913e+00
1.315481646838913443e+00
1.291100250295815988e+00
1.365556615622682823e+00
1.614715177618398334e+00
1.410277680006126744e+00
1.377376723488986432e+00
1.525602590893850197e+00
1.880602895191654245e+00
2.304180557994921497e+00
2.205115962832895349e+00
1.900259524607795569e+00
1.912294176063259687e+00
1.888342222736994147e+00
1.929193871434628171e+00
2.110297666489507229e+00
2.154324277286093103e+00
2.397120917025750142e+00
1.870903800515384408e+00
2.267578977096449844e+00
2.158888196459060715e+00
2.150720954977969779e+00
1.990687639060306102e+00
2.105255778038728209e+00
2.145854454858257654e+00
2.312317968170182425e+00
2.187272565013718584e+00
1.924132023938280200e+00
2.219448445782418844e+00
2.296495605766998516e+00
2.090378101601492400e+00
2.319181710190223011e+00
1.803867985911230765e+00
1.637121197194349564e+00
1.624240638559076189e+00
1.299516001026555845e+00
1.535157940464070281e+00
1.608534278564963005e+00
1.284251836784589429e+00
1.389051468907935849e+00
1.590907478388970731e+00
1.669950583517292975e+00
1.615132949679375818e+00
1.609623641154293239e+00
1.645301365223754475e+00
1.555916294550647061e+00
1.663932238138257080e+00
1.554215215624612512e+00
1.330056743110763273e+00
1.596234158691429039e+00
1.572676476109475585e+00
1.690064138634404634e+00
1.993852770753085313e+00
1.838313090526292104e+00
1.806717663919236605e+00
1.696560328764356029e+00
1.858619542572181205e+00
2.067906855601374883e+00
2.031425451212090838e+00
2.481750327980060344e+00
2.731835027853358078e+00
1.970010347100369152e+00
1.533268306725212637e+00
1.367616298278187870e+00
1.624421214938929214e+00
1.357742545082247121e+00
1.552126224619617467e+00
1.597054977586369606e+00
1.606008910147712632e+00
1.878400416634918857e+00
1.828553329943672701e+00
1.979544079931533807e+00
1.682358093001992572e+00
1.538211280132803616e+00
1.387236022600997210e+00
1.637579947732185959e+00
1.187111213336973448e+00
1.772370723077473675e+00
1.630714903768071711e+00
1.816309014919876619e+00
2.032141223857982126e+00
2.190336980224367291e+00
1.980532501982486426e+00
1.774494435834066852e+00
2.135320162007152245e+00
2.345248212660174136e+00
1.850890595982507270e+00
1.519174913754984368e+00
1.496476821601704810e+00
1.526994793233241055e+00
1.287466240219019564e+00
1.696438148661584044e+00
1.935804486170350946e+00
1.881632007507796800e+00
1.568461108795726311e+00
1.316395720737473241e+00
1.374058481675355825e+00
1.245743290141446691e+00
1.338191577835468493e+00
1.225768909079571367e+00
1.381026034470158370e+00
1.104307449640008931e+00
1.297909069147446859e+00
1.309199042893787190e+00
1.635267243696215900e+00
1.619841567587376518e+00
1.583434178291811989e+00
1.363739872157912369e+00
1.395081392509322171e+00
1.468771480526151141e+00
1.424787225449425376e+00
1.608927468450787490e+00
1.897367136562295942e+00
1.705205487724631430e+00
1.415711556097535739e+00
1.790159313683632902e+00
1.342501383017469463e+00
1.409300935178094294e+00
1.130514486130028251e+00
1.011561215306932215e+00
1.613596618574056230e+00
1.717401783063797538e+00
2.480053020145054354e+00
2.423451956412670416e+00
2.161889193795790476e+00
2.513291297612049391e+00
2.190985099827558624e+00
2.144167782083870932e+00
1.946123909645300465e+00
1.431075289019970054e+00
1.720419420366960273e+00
1.902598939967057534e+00
1.600773823606602253e+00
1.763990847265960671e+00
1.780255648026981552e+00
1.600415933520310308e+00
1.761026968393047953e+00
2.106961679666873977e+00
1.905460590619240335e+00
2.139428670836556190e+00
1.878648346246729162e+00
1.695932874372296784e+00
1.777236911523226937e+00
1.824011485316232140e+00
1.366232907654265416e+00
1.893249696304575069e+00
2.122382458521847592e+00
1.807567932540099065e+00
1.706243558161008256e+00
1.440839664304260470e+00
1.522718769994174437e+00
1.382756044212630542e+00
1.389680440569865283e+00
1.226173181689455660e+00
1.557657075599166108e+00
1.499999139801712289e+00
1.653273008711158454e+00
2.000824482575688901e+00
2.001698359200011268e+00
1.595320750774112284e+00
1.417539443069714133e+00
2.028884518208852850e+00
1.962891740180463307e+00
2.149306623667875726e+00
2.429549157232489875e+00
2.181166526703875785e+00
2.275145962076577266e+00
2.560976092485683253e+00
2.272956005697431170e+00
1.850986098688791159e+00
2.285801007746264712e+00
1.989528742309825349e+00
1.766769553891345712e+00
1.491510690557610541e+00
2.170934271972975171e+00
1.815068987659602673e+00
1.509609763641123203e+00
1.054563158760813524e+00
1.147477726193830483e+00
1.489919570709657082e+00
1.126568386645264708e+00
1.240919303342065128e+00
1.444696075998999962e+00
1.502411004050060894e+00
1.764240230884872807e+00
1.454809143392499005e+00
1.723830130029659236e+00
1.793750625235915663e+00
1.842709244848823147e+00
1.836567357442209447e+00
1.931767653359120152e+00
2.529825109616846923e+00
1.985280637039619878e+00
1.956598382446955275e+00
2.073566303807194533e+00
2.306585384913518944e+00
2.272746381533131466e+00
2.018678949783756504e+00
1.591423963694753363e+00
1.590134869615180024e+00
2.290238761500428488e+00
2.169492610953970058e+00
2.195573788689472838e+00
1.681177884009186219e+00
1.782248609754169211e+00
1.500821897153539419e+00
1.482545437651596743e+00
1.183220859236858713e+00
1.180839355192366158e+00
1.087572680052385943e+00
1.211147830501966283e+00
1.016915890939425138e+00
1.459103145773345434e+00
1.504807928662316829e+00
1.387844174684157439e+00
1.390654460780406776e+00
1.552415859785172714e+00
1.467321797800899219e+00
1.666169008144342545e+00
1.587328232388262039e+00
1.445861634782254157e+00
1.274763106288010484e+00
1.414382848620677313e+00
1.210542946907085637e+00
1.385758769816405112e+00
1.703983055264991497e+00
1.821053551455148245e+00
1.673000721432478688e+00
2.022131937444879846e+00
1.746675010593980559e+00
1.737702810800313635e+00
1.937387840486017643e+00
2.086922267549704557e+00
1.705147355919329755e+00
1.593488641498345793e+00
1.999094485730650739e+00
2.070620756012221175e+00
1.285386193601246951e+00
1.721489048365187902e+00
1.615336612177930009e+00
1.890972469816253554e+00
1.398286151373213659e+00
1.443006394089152655e+00
1.506623548715303684e+00
1.392596976567552769e+00
1.277753717726691773e+00
1.361105280146913454e+00
1.319709117357029671e+00
1.201099294823440911e+00
1.348467945188742911e+00
1.181629942213729967e+00
1.645545554214752570e+00
1.598576026202408684e+00
1.282208626515564109e+00
1.174111212544019844e+00
1.283305903107870405e+00
1.298162868862822839e+00
1.482301441400609487e+00
1.768780682220354894e+00
2.002606949699893057e+00
2.096665071396662139e+00
2.264272672311549606e+00
2.198480191474098788e+00
2.291626540993622285e+00
2.235648192663648004e+00
1.727283972542028812e+00
1.744230441730050707e+00
1.833891928014607986e+00
1.547327089316870241e+00
1.367347494808922370e+00
1.485780317627097169e+00
1.529878367920798565e+00
1.896963245629986750e+00
2.122257300373575184e+00
1.805042427385172621e+00
1.546184974595801842e+00
1.380685097945207440e+00
1.719578589561316484e+00
1.513274578563049033e+00
1.450254008621577384e+00
1.485947955689268296e+00
1.780704654278718380e+00
1.608149392179905268e+00
1.376511677551905954e+00
1.786877018614038581e+00
1.829401364893332271e+00
1.716781729085907093e+00
1.801785587259534083e+00
1.770278894539112802e+00
1.915618875760889628e+00
1.817919900207142891e+00
2.081857986439860309e+00
1.297238924917045733e+00
1.196873765894349129e+00
1.720300814165534264e+00
2.129882509938022306e+00
1.641078386368338915e+00
1.422933078393671114e+00
1.598607410768696724e+00
1.906708579985620933e+00
1.641406787553842950e+00
1.914349237905441203e+00
1.862247849391111210e+00
1.658313801186404035e+00
1.800415139487357097e+00
1.447768752255900848e+00
1.452741909929468278e+00
1.202922502811424543e+00
1.423939785437847938e+00
1.452562424889002335e+00
1.580445012490707679e+00
1.776914888569799622e+00
1.700635609253227987e+00
1.789495276756181141e+00
1.954079594252984053e+00
2.015021944377937579e+00
1.559622550672547847e+00
1.549142642315611162e+00
1.250002509271321394e+00
1.363672317755877827e+00
1.514712874057606351e+00
1.419871462882738022e+00
1.370634761078147301e+00
1.491011399255644188e+00
1.415071508404604606e+00
1.331846651803911596e+00
1.095268709789018358e+00
1.228007418374083226e+00
1.378836012604918171e+00
1.296458985970373456e+00
1.392564774919431647e+00
1.456157697927539241e+00
1.530415870832205982e+00
1.447224168189625182e+00
1.334540761102970263e+00
1.195945524788445846e+00
1.590709672788269247e+00
1.573706997867042823e+00
1.489389572619272961e+00
1.658505431779104811e+00
1.728941476374814101e+00
1.549275304196569891e+00
1.448523924748364333e+00
1.402139714322295116e+00
1.549918213950745915e+00
1.564836857361673994e+00
1.961437391422638177e+00
1.854935997927044999e+00
1.843544077475997689e+00
1.846579064323357500e+00
1.981214045090580633e+00
2.190906036705823290e+00
1.914418616851056187e+00
1.840718126987214820e+00
1.729008592718072723e+00
1.931450336548850677e+00
1.571148479947647836e+00
1.845722167788553580e+00
1.698070174052593861e+00
1.809095103935509874e+00
1.726120469813761549e+00
1.552873882332065358e+00
1.722254123175735119e+00
1.637142333479581602e+00
1.202169643227637197e+00
1.339176232311767079e+00
1.696755751915834942e+00
1.978275540342537830e+00
1.620295811563814414e+00
1.850798047652885137e+00
1.974566628021471093e+00
1.808865922901303325e+00
2.072768931592521735e+00
2.323234199889803619e+00
2.070670250739744311e+00
1.878146608345634183e+00
1.528425025625050004e+00
1.408919652342933704e+00
1.401445392077899088e+00
1.406236556369236945e+00
1.252292187216248687e+00
1.459634067102332677e+00
1.547346165625670844e+00
1.535201547743343609e+00
1.610077392833191956e+00
1.583780830709641041e+00
1.428593785227775914e+00
1.415099766760701483e+00
1.609478143814532025e+00
1.680846161233783498e+00
1.737259611716493568e+00
1.777893686814482344e+00
1.855024374576894619e+00
1.542520686785955331e+00
1.453695996020698100e+00
1.462392029887705558e+00
1.211713538749523700e+00
1.295302413892362337e+00
1.239906024388579553e+00
1.450352174744405476e+00
1.921084503463101001e+00
2.216040588944687695e+00
1.901262139451419975e+00
1.806426302874736267e+00
1.587615895423799550e+00
1.447953757260719732e+00
1.705304442268812615e+00
1.602123723869632643e+00
1.922214806090525974e+00
1.445165091455093087e+00
1.268821333845197685e+00
1.692060373440858134e+00
1.947815817048977216e+00
2.094557187543197863e+00
1.878450299127631284e+00
1.857559117591518927e+00
1.546590086974175993e+00
1.716338789136949705e+00
1.986596812155268843e+00
1.706314271081167622e+00
1.538417139258216659e+00
1.496504523797300035e+00
1.578564096093539426e+00
1.425229318415224045e+00
1.392748326399801506e+00
1.608195490926961568e+00
1.434325482009918495e+00
1.186974076262567790e+00
1.111209867072955104e+00
1.644665488220255600e+00
1.819508361227043514e+00
1.631811018146157366e+00
1.479847856310611443e+00
1.414904049982507184e+00
1.463960716603520451e+00
1.587052341761857832e+00
1.557212301171077451e+00
1.937719147525106100e+00
1.685131986302606411e+00
1.916583712448068688e+00
2.050772694037942045e+00
1.888015964945341629e+00
1.930405562550895571e+00
2.145578732098644803e+00
2.091132773744751372e+00
2.058599125901435123e+00
1.883372505874032043e+00
2.031847815525071876e+00
1.863085038835255780e+00
1.527255197836073775e+00
1.910061804055367851e+00
1.798961633889603506e+00
1.734372765777760783e+00
1.730575848834330133e+00
2.180772431841701220e+00
2.236618688069882843e+00
2.386990430763269000e+00
2.392346574023433536e+00
2.356879721422824314e+00
2.012790326445155653e+00
2.024568437538621257e+00
2.107537672429947495e+00
1.879260565050777876e+00
1.555666860351307523e+00
1.374256726620682434e+00
1.464990375383348198e+00
1.310956304686679452e+00
1.351082546185683242e+00
1.485958915087122856e+00
1.760587522804071048e+00
2.013337416083678555e+00
2.091410851357661027e+00
1.741293316058238894e+00
2.007503407745870216e+00
2.171047421143562861e+00
1.926516379110969623e+00
1.988035837677982975e+00
1.933318984652040662e+00
2.123647518154578862e+00
2.046284958852603975e+00
1.705976011384279012e+00
1.408309894692162167e+00
2.155452462762406540e+00
2.135556779927143545e+00
1.874241684040815148e+00
1.716374132453022172e+00
1.638793403016128414e+00
1.427777063958490578e+00
1.224525055951081631e+00
1.355577956333858802e+00
1.390803353078515991e+00
1.607770596245791328e+00
1.760980394868761012e+00
1.805043218199544164e+00
1.607769276614119391e+00
1.569234838059061277e+00
2.057066153521488694e+00
1.981775264306860240e+00
2.202553365093695259e+00
1.903025470164267707e+00
1.790156902734244104e+00
1.600887496220994910e+00
1.690939731216405839e+00
2.014583985262108801e+00
2.635857067043695601e+00
2.302651559962030081e+00
2.123086727238686855e+00
1.787597664087307470e+00
1.611917451293797043e+00
1.725447280744589751e+00
1.790106713028002616e+00
1.577424166460130950e+00
1.569701304300270772e+00
1.695643811038902715e+00
1.769725907411682009e+00
1.529750467995531382e+00
1.302331199562418051e+00
1.340055516031411820e+00
1.505879935015969506e+00
1.347930246024710454e+00
1.385687276422650882e+00
1.324460536971464375e+00
1.452672304046815244e+00
1.434277080955554950e+00
1.332969254815992155e+00
1.766364279503837897e+00
1.594035830851807667e+00
1.917320580021627752e+00
1.854586294779249078e+00
1.965539251017268008e+00
1.870682169812110551e+00
1.298186822432899623e+00
1.708030675597637771e+00
1.425397485687060595e+00
1.369782523833751764e+00
1.332276437732456520e+00
1.269868043250890866e+00
1.432022571015357348e+00
1.607572656773063491e+00
1.738461497657550758e+00
2.048834616504263018e+00
2.022270628042686536e+00
1.702548717524636990e+00
1.996468545662606564e+00
1.818583859021266846e+00
1.628257730118331414e+00
1.780162516391288197e+00
1.577722431801717340e+00
2.202215335945508112e+00
2.542528847000530945e+00
2.326595060197425902e+00
2.392158799277179337e+00
2.050227717773128955e+00
1.881159296635823042e+00
1.953221162422360324e+00
1.692651723038764544e+00
1.457239881784937685e+00
1.959599127010705821e+00
1.839978519126828971e+00
1.482053587014931839e+00
1.532658195690326686e+00
1.495681805551138055e+00
1.606147470323065818e+00
2.027845420826031919e+00
2.298870026920905918e+00
2.277371165141163001e+00
2.052832686073837731e+00
2.113196354236092755e+00
2.021382267200956484e+00
2.174855604448632462e+00
2.085963997538761827e+00
2.052236164381178174e+00
1.872473286330921471e+00
1.628607598005556767e+00
1.947440455791568104e+00
1.857919548616190797e+00
1.460997274976917559e+00
1.705600089268510366e+00
1.663920774574600969e+00
1.463368130829005853e+00
1.308440986564649355e+00
1.392256207727393891e+00
1.312533713904728394e+00
1.220302851062092131e+00
1.308593386490521482e+00
1.128371306045246270e+00
1.487576426788360884e+00
1.703598234520742771e+00
1.314339505441627365e+00
1.125469202994975992e+00
1.410478884018398826e+00
1.761772762551179872e+00
1.432025060981900300e+00
1.491510622201179581e+00
1.575579882394704478e+00
1.758126240107759308e+00
1.571038798805067360e+00
1.599260358523565628e+00
1.374581761667848623e+00
1.541787020657394702e+00
1.595114362223305271e+00
1.505132301613567591e+00
1.544026681701710313e+00
1.086126750892385751e+00
1.423901123431784654e+00
1.315696216686285114e+00
1.394623478326875832e+00
1.606396803692847985e+00
1.434689436539370089e+00
1.447717441896381629e+00
1.503288737940390973e+00
1.634174914626028041e+00
1.640206732266590084e+00
1.961006272794553640e+00
2.167303091976875873e+00
2.094586694230256452e+00
2.283961593318481587e+00
2.187520294654418329e+00
1.972398822839330323e+00
1.766033938011867921e+00
1.848002510258660580e+00
1.988528353945146598e+00
1.458975085912612268e+00
1.934876378431170885e+00
2.099019313368695627e+00
2.241954035524864164e+00
1.796920663129359497e+00
1.510985157179999483e+00
1.664271399981093857e+00
1.329290470735730034e+00
1.344993451524973294e+00
1.189478185771635443e+00
1.244426282122589322e+00
1.167795194855610230e+00
1.464937355172629241e+00
1.432967158881837788e+00
1.470011135815137981e+00
1.297049112116446912e+00
1.098578884878861350e+00
1.563570171923586383e+00
1.496864692993921331e+00
1.794494114525356565e+00
1.866565271824530914e+00
1.672609043244686067e+00
1.407918926192932574e+00
1.213623646094196262e+00
1.341191132663232199e+00
1.433049968168081278e+00
1.771427271934025827e+00
1.557650146343990460e+00
1.642627592142922088e+00
1.820964780340931899e+00
1.966662191896851430e+00
1.815763407607023261e+00
1.576152667145840347e+00
1.476009944641750504e+00
1.586182069137341166e+00
1.794110561077690624e+00
1.557634642030737204e+00
1.515364172264827003e+00
1.425438184117675089e+00
1.720921686079341484e+00
1.620584104979412077e+00
1.479989593170116358e+00
1.718866847031650158e+00
1.747124607427823051e+00
2.021687788670095465e+00
1.903368575775982396e+00
1.572003519745517330e+00
1.922006094899164630e+00
1.604251639159888221e+00
1.982270706683664230e+00
1.822567764221897368e+00
2.123966410770523172e+00
1.769533172575311841e+00
1.494803447076352931e+00
1.624673311509547524e+00
1.639965654903943193e+00
1.863444248710404594e+00
1.781112789958910092e+00
1.275415483776351611e+00
1.624712452804272900e+00
1.371129990411296795e+00
1.485208804225321977e+00
1.485478627682708774e+00
1.354865894138837179e+00
1.512133048859958917e+00
1.509033935610238686e+00
1.341814119123561744e+00
1.205612722137007431e+00
1.419490832001521152e+00
1.529408716457683504e+00
1.439708476632444167e+00
1.374699987605788376e+00
1.501673616505552200e+00
1.316272795979015697e+00
1.307374226622592950e+00
1.140458432629824159e+00
1.462317133608586062e+00
1.531998790596555082e+00
1.582003777356985719e+00
1.353651223507778667e+00
1.533773283256157027e+00
1.846272759882025882e+00
1.449489941745404797e+00
1.506566473260732231e+00
1.682748465561063389e+00
1.271105716420614762e+00
1.440641216759091403e+00
2.108279723737375821e+00
1.975807324229468920e+00
1.992149305442550089e+00
2.451461947616639048e+00
2.096591537440579245e+00
1.981151896543319912e+00
1.795328644216855452e+00
1.627173173547041607e+00
1.626596611056182473e+00
1.823061065363503985e+00
1.552678217262785543e+00
1.576346523826638757e+00
1.384724422329786986e+00
1.296905924980045421e+00
1.463597129702413291e+00
1.288111214679698246e+00
1.777957579231231211e+00
1.615421246954251489e+00
1.552265641829072562e+00
1.504771823367438977e+00
1.231432667132365211e+00
1.718203606761425029e+00
1.819047359290260069e+00
1.512939516437043830e+00
1.838648880576660538e+00
1.926857703586044357e+00
1.886264291309278862e+00
1.793312897704362419e+00
2.300952401560123928e+00
2.163721615659006225e+00
2.052700808574217106e+00
2.339500007366181578e+00
1.793712396337494797e+00
1.904458498009405476e+00
2.188378479519989206e+00
2.238110375368820737e+00
2.376643660890216836e+00
1.797198186486941296e+00
1.785165747999159835e+00
2.021880583342294369e+00
1.910070703205348552e+00
1.620269808440386816e+00
1.864801034479156572e+00
1.657939307654382688e+00
1.880636570492160153e+00
1.931424433166390564e+00
1.794668334795392228e+00
1.528345616430841325e+00
1.626795128668392820e+00
1.625998224889763311e+00
1.681204862449504622e+00
1.947410462058704939e+00
1.783697619223207242e+00
1.707595823780172273e+00
1.670571704735591911e+00
1.509578239644318920e+00
1.643926175627355768e+00
1.986162087597240333e+00
2.365515385940375470e+00
2.125619795622867514e+00
2.027544172994377725e+00
1.884657130030457317e+00
2.218291589225918070e+00
2.606001216457313419e+00
2.020857962189264168e+00
2.184616141224393182e+00
1.715686899127869314e+00
1.910944589105555425e+00
2.069897481187988664e+00
1.572297582043580721e+00
1.689275575358953674e+00
2.028050193713964333e+00
2.006929808129557014e+00
1.948049291738878752e+00
1.311465558937739750e+00
1.594078562892501161e+00
1.493892620865681975e+00
1.383238834657587013e+00
1.124452525648593326e+00
1.045444244258714406e+00
1.255797809123851749e+00
1.286497314734538655e+00
1.375591700673451712e+00
1.593747234518999356e+00
1.404520935992317199e+00
1.312502890639148712e+00
1.381285443232714849e+00
1.549820732416662183e+00
1.567667429968121251e+00
1.755282167478511512e+00
2.053400957341720456e+00
1.932947083081682393e+00
2.099138304880729944e+00
1.699166093708496694e+00
2.025312615757437040e+00
1.901225086698540068e+00
2.072827989754379541e+00
2.234956756014223167e+00
2.104525041319200707e+00
2.259462878739266323e+00
1.870263330710008276e+00
1.745869087069570114e+00
1.833893104102192417e+00
1.948921453124164316e+00
1.994765413854242331e+00
1.536759399103408974e+00
1.542614021697965354e+00
1.824200521762917804e+00
2.026559414675391135e+00
2.239706936732936082e+00
2.550476776615714147e+00
2.473968007305748174e+00
2.496676957288853416e+00
1.918132956461269689e+00
1.776535506630422923e+00
1.694308777573159563e+00
1.685939650243112542e+00
1.444629074132743884e+00
1.107576830912947008e+00
1.358072697731278033e+00
1.116220642757893122e+00
1.109114105776988879e+00
1.214262533267354449e+00
1.328492638703087758e+00
1.404914470243212365e+00
1.312696564201132343e+00
1.632205097268453642e+00
1.272948308001544016e+00
1.474314633849749923e+00
1.793820577382470915e+00
1.684627173964995173e+00
2.221156701439074510e+00
2.152167314144362020e+00
2.231917709803277639e+00
2.051028058781272367e+00
1.788596102510138453e+00
1.344952677971801958e+00
1.448373520754639099e+00
1.207159654000070859e+00
1.380597051266720499e+00
1.410999816773535587e+00
1.671993965854737585e+00
1.658940402012030191e+00
1.580539000548020212e+00
1.813382819487999731e+00
1.618390809537662678e+00
1.478600142709077803e+00
1.481230386695099766e+00
2.157504700299477829e+00
2.540738705606073289e+00
2.477134991087265092e+00
2.534329579304427593e+00
2.129203793857713745e+00
2.038234263928534684e+00
1.728423703350999929e+00
2.230737352554330588e+00
2.093539618401138558e+00
1.829582071508121466e+00
2.176459957600684891e+00
2.122516184201330258e+00
1.841139886163304373e+00
1.592298581649773448e+00
1.814700327272281033e+00
2.161428124734173561e+00
1.560945068958210946e+00
2.023249229764966461e+00
1.778700437493524023e+00
1.852969936069709833e+00
1.696757655309775403e+00
1.420414860026535608e+00
1.549873317378630988e+00
1.673762157830512409e+00
1.796451505948948979e+00
1.902528034318794470e+00
1.813086235219925957e+00
1.591866931345851333e+00
1.523730914970671702e+00
1.497150750026306376e+00
1.640950278873165136e+00
1.382490165706298235e+00
1.396310173359646134e+00
2.019198131116773265e+00
2.037118084624569558e+00
2.050568800749606346e+00
1.895905412099454956e+00
1.676593039573643473e+00
1.720113041516471375e+00
1.690918042752612038e+00
2.142178176313320304e+00
2.224945400892510694e+00
1.683382918708542064e+00
1.904186183589194448e+00
1.799942126635184270e+00
1.791033454784697554e+00
2.164000363183733899e+00
1.795884350228972970e+00
2.301548518784006792e+00
2.216096460078673225e+00
1.934104634262522104e+00
2.387813310166170933e+00
2.343317464173880094e+00
2.334486491217109272e+00
2.080685824090243496e+00
1.625614407544029749e+00
1.782971545895353671e+00
1.820327519804724403e+00
1.730328150000728149e+00
1.687407234172856541e+00
1.709681351133840010e+00
1.539970348831999125e+00
1.453519670932037267e+00
1.525614817661500533e+00
1.981916467046851427e+00
1.290229001171613987e+00
1.247813459597955976e+00
1.167168994033338514e+00
1.235458174184950408e+00
1.259889245963491611e+00
1.153188764909150121e+00
1.402527801324149781e+00
1.552546721665435392e+00
1.599694786900951460e+00
1.658029378142833465e+00
1.664589155140967724e+00
1.721026406400542275e+00
1.707207308896070419e+00
1.618148943273705953e+00
1.558936411793044208e+00
1.627388613939606987e+00
1.607348876340309873e+00
1.504805306749691596e+00
2.017511306232429469e+00
1.816335979504922982e+00
2.228245198977290453e+00
2.158953823999773203e+00
2.205212140068359972e+00
2.063112139123925992e+00
1.742697869669342259e+00
1.899888603981001900e+00
1.663363086053691875e+00
1.351043766379373734e+00
1.386014714265241476e+00
1.672278930655916263e+00
1.841594948808578103e+00
1.869514339278099513e+00
1.599811649926194512e+00
1.813283691914445050e+00
2.139546100189101629e+00
2.391127003816589713e+00
2.026328311059156118e+00
1.567493620753771744e+00
1.878127284828419619e+00
1.895783111141591482e+00
1.760774845520143295e+00
1.382328076635751524e+00
1.584555738744511721e+00
1.249743856485615812e+00
1.281062072494171034e+00
1.191836636372420655e+00
1.277217049628810663e+00
1.552876080763734734e+00
1.362614343978965747e+00
1.544798799086918528e+00
1.305441267310699205e+00
1.384203238293405969e+00
1.459365563683673983e+00
1.723547523820265326e+00
1.770208314446306552e+00
1.801515181003157329e+00
1.324782846631634037e+00
1.584273048812560480e+00
1.539554120790207037e+00
1.450768847641714654e+00
1.705447083744771497e+00
1.937541555284163497e+00
2.055734165766865740e+00
2.497555503984450809e+00
2.047837394456098359e+00
2.136003255597207939e+00
2.034413535948747409e+00
1.741521438262840338e+00
1.731442582563482491e+00
1.926695753798981059e+00
1.730722868320235364e+00
2.022729289065841041e+00
1.976036061201014604e+00
2.122168236897245208e+00
1.863256183283727996e+00
1.759236103009448104e+00
1.595227847537935340e+00
1.885721285761389199e+00
1.643579582822435103e+00
1.436443447646005289e+00
1.456918902235397439e+00
2.072678350486586663e+00
1.810475349499231390e+00
1.620003801647178499e+00
1.124095499535092912e+00
1.852670759498661113e+00
1.813439848758216177e+00
1.696433733147408196e+00
2.271757018970521624e+00
2.167152872477146719e+00
2.011273115713661852e+00
1.937826552040882833e+00
1.608219187123026250e+00
1.667563303976105971e+00
1.692444846611960818e+00
1.586246494869205215e+00
1.955483778136605899e+00
1.808565543739041548e+00
2.029635370709573561e+00
2.200737355382630156e+00
2.058910588429330168e+00
2.385173239488838082e+00
2.266932117230033850e+00
2.143450322108792161e+00
2.390097531272271425e+00
1.585708054136783396e+00
1.876365541390373259e+00
1.977842960384849746e+00
1.880423989478147151e+00
1.619958491952432356e+00
1.701088353755521698e+00
1.737421443877112726e+00
2.102123140788125344e+00
1.806518112470430815e+00
1.871408469600022606e+00
1.947355923789230392e+00
1.298990390400261319e+00
1.671343639142361059e+00
1.588493769748847040e+00
1.312216040292022878e+00
1.655003036566565999e+00
1.468984918673470030e+00
1.243006560282174044e+00
1.394145799177307410e+00
1.560399794580603627e+00
1.948935301467025871e+00
1.853146376584755117e+00
1.743497957828082257e+00
1.680101162169684414e+00
1.558545092698889967e+00
1.413367253132223444e+00
1.596108254345549149e+00
1.687263461858369729e+00
1.992186102138883363e+00
2.344209255715137719e+00
2.067386580157901221e+00
1.773995962869398202e+00
2.163832633885307111e+00
2.337560974010736814e+00
2.234675523622000171e+00
2.011567780383807680e+00
1.529856469155283838e+00
1.696537509427845869e+00
1.752935959258513865e+00
1.495386927768836527e+00
1.461163366154776710e+00
1.752532083612093450e+00
1.562997142048878407e+00
2.136198662316910912e+00
2.083223485638491912e+00
1.853606099081210878e+00
1.652443575784442231e+00
1.766991408021675758e+00
1.746119653792916671e+00
1.559205326808059677e+00
1.671069229941467782e+00
1.867738756738020145e+00
1.943849082986054633e+00
1.876418509577599814e+00
2.150309213703193834e+00
2.359596705543430151e+00
2.299663706599424096e+00
2.064793836906895219e+00
1.746274735175720627e+00
1.492558786455751463e+00
1.595513869588107703e+00
2.226839795817732170e+00
2.575716547543758228e+00
2.422919666780079417e+00
2.414061591630059844e+00
2.582096746959137157e+00
2.456675060275174349e+00
2.458958828944556974e+00
2.332432520973100942e+00
2.201355154936507574e+00
2.119285510293813957e+00
1.610999876409675569e+00
1.797702696957523161e+00
1.354191767086466491e+00
1.377268842324922860e+00
1.205503244726799927e+00
1.182386836119801776e+00
1.239405570983521443e+00
1.539961069027424134e+00
1.583824692165852754e+00
1.618695372768605312e+00
1.477521085221957797e+00
1.356458853701961953e+00
1.452688814955110264e+00
1.432959766744405616e+00
1.463114567412047151e+00
1.717245982522060066e+00
1.608129472504958857e+00
1.586235217374917461e+00
1.827482931104691843e+00
1.590826489391045762e+00
1.713459383987834928e+00
1.583428662917881535e+00
1.320217898068863027e+00
1.435414107211490764e+00
1.251908049890276375e+00
1.739623331225144121e+00
1.732212023915257193e+00
1.363015689064513314e+00
1.738625611662693693e+00
1.715720711774560758e+00
1.529803802614206454e+00
1.508461829230849371e+00
1.574975530719347594e+00
1.519520262223021501e+00
1.607788091514455120e+00
1.491397573824602141e+00
1.339269594159075982e+00
1.226116089329935210e+00
1.223010118778859345e+00
1.573333992406753090e+00
1.609621017708811941e+00
1.649348371786286904e+00
1.514906276049171385e+00
1.516805460467333555e+00
2.041573714837725984e+00
2.141841384335918086e+00
2.426093921146081911e+00
1.890044030204645509e+00
2.116962653209523371e+00
1.985640239745174895e+00
2.035767000819761918e+00
1.824764599219618422e+00
1.752763039286565849e+00
1.692124532139410498e+00
1.887779559296270726e+00
2.014665622840674519e+00
1.856078580091683250e+00
2.028494384221902536e+00
1.585104239328568143e+00
2.029268927986024096e+00
2.086752987501936829e+00
2.225352834485907927e+00
2.374908501218377044e+00
2.589311294540848518e+00
2.304567048792559802e+00
2.577415136439539900e+00
2.306739318952688578e+00
1.951721355920411405e+00
2.131111541234516960e+00
2.255370917058189040e+00
1.999865107682776033e+00
1.950810889557804018e+00
1.672754210265318342e+00
1.459400088535967699e+00
1.385863350720733633e+00
1.320851032018360627e+00
1.446157727576454999e+00
1.355568728375896370e+00
1.352436040163135234e+00
1.611453297298345522e+00
1.499628497417542228e+00
1.794790819104206125e+00
1.230643547771712365e+00
1.573496520515131669e+00
1.745249283091421466e+00
1.805187107495919152e+00
1.865763494894284058e+00
1.667017185102707133e+00
1.557531567725438437e+00
1.769251149939278678e+00
1.467181283237849687e+00
1.739549772144813211e+00
1.500715368399679894e+00
1.580597305484622073e+00
1.544552540840476551e+00
1.574208635517533317e+00
1.579142153744350852e+00
1.921541777171538845e+00
2.280310842242796010e+00
2.305787769570100121e+00
2.135963560126667993e+00
1.725243033437521945e+00
1.772382360569586091e+00
1.849914346890910055e+00
1.772615853316210410e+00
1.510165153721672482e+00
1.792501073404338729e+00
2.033321962697273833e+00
2.082571476230076879e+00
1.548157569076399342e+00
1.250328034504036179e+00
1.404127112341094996e+00
1.279214578738430808e+00
1.450379597969947199e+00
1.195382124641060528e+00
1.284198690241125762e+00
1.290729575214313751e+00
1.494221138450357422e+00
1.611991095739083057e+00
1.668467156364332737e+00
1.873474006867572372e+00
1.751988925029434929e+00
1.639890343409034390e+00
1.882637497161806728e+00
1.934880794398998294e+00
2.283655552854525705e+00
1.977308067478059872e+00
2.168933224493492240e+00
2.548827085007839610e+00
2.238328615912005048e+00
2.435205014960792891e+00
2.155571468677825120e+00
1.875366445532576920e+00
2.250803247268993612e+00
2.260943102449784803e+00
2.293136023775278254e+00
2.291784719245724133e+00
2.051045744732334253e+00
2.730202149637035447e+00
2.136498794384795286e+00
1.688822962156390162e+00
1.584290835765946204e+00
1.453993714903369261e+00
1.643246094339312791e+00
1.833293503889849907e+00
1.864096210371632090e+00
1.406950615878165500e+00
1.304263794094289386e+00
1.275249597603982155e+00
1.379281187401294240e+00
1.704779274604793393e+00
1.504527320764852849e+00
1.478815234966960546e+00
1.859974757878291918e+00
2.057418151456773536e+00
2.099550639351685177e+00
2.004297222381292709e+00
2.018596326551596487e+00
1.893650778349656338e+00
1.836977754553589470e+00
2.283951043857379570e+00
2.089406688678484780e+00
1.867423438537285652e+00
1.681822657187632464e+00
1.377275840204884139e+00
1.495231220216201251e+00
1.793892587872078170e+00
2.146372178522719665e+00
2.191852189943548801e+00
2.118061853188570876e+00
1.706981523529362610e+00
1.786087873788572145e+00
1.482507928132293706e+00
1.694275161027309240e+00
1.935625451159603605e+00
1.934326453121125056e+00
1.927470466596876042e+00
1.505627995012793541e+00
1.721016941889842888e+00
1.924253275454149703e+00
1.919997804731053082e+00
1.795475693770292924e+00
1.981503698685840309e+00
2.209450747544257521e+00
2.013738564542027820e+00
2.137985538037072697e+00
2.178501937901539787e+00
2.399173517677491319e+00
2.618151190438082754e+00
2.362663378186908414e+00
2.170743980514110660e+00
2.264139663839404459e+00
2.007994476802173800e+00
1.679191579004407631e+00
1.552272500873718375e+00
1.469620401631101636e+00
1.169322505836049686e+00
1.641688276036609828e+00
1.396443095546515023e+00
1.531922497299049502e+00
1.499669108193567357e+00
1.505798430312793812e+00
1.450231466044305417e+00
1.449853344081342366e+00
1.522921346060521319e+00
1.623836008214422755e+00
1.544269913263800476e+00
1.516987130039697318e+00
1.535400646296150029e+00
1.649009273922745322e+00
1.441967596431068310e+00
1.680605514151565005e+00
1.653807666966054857e+00
1.982876999645694527e+00
1.944212521120348258e+00
1.756746146697059974e+00
1.457757376549599693e+00
1.544283229856054040e+00
1.791635838717031248e+00
1.977656105584788993e+00
1.519221955078485564e+00
1.718393460907414294e+00
1.447810277114866206e+00
1.854754470399053723e+00
1.805813771723935091e+00
1.473681505925134472e+00
1.551539291014345068e+00
1.303209808108627188e+00
1.673721767934992499e+00
1.399737246563747206e+00
1.967806311486854032e+00
2.024087792369031913e+00
1.873831802138656188e+00
1.511541855571270077e+00
1.653669061610457902e+00
1.760170025818406536e+00
1.588369217463853067e+00
1.737076315246953939e+00
1.381859052808373622e+00
1.667409014202043682e+00
1.655315313722214077e+00
1.604677739541380932e+00
1.466865523167218521e+00
1.479145447538379177e+00
1.580902303886613014e+00
1.968344775200935759e+00
1.899170566240534486e+00
2.090491424787047414e+00
1.866293939437829508e+00
1.909672103959686895e+00
1.634331602576716280e+00
1.899958187805718346e+00
2.053423303126057142e+00
1.835227483567529960e+00
1.664178633278040387e+00
1.620710967213017772e+00
2.249111709671698822e+00
2.191698000175322569e+00
2.001646680825716285e+00
2.120491752061293589e+00
1.872087780219581887e+00
1.811399868325403339e+00
1.990696825132896031e+00
2.191097386383998202e+00
2.732233776253805146e+00
2.718167219113041710e+00
2.119984701316840248e+00
2.193126048800382311e+00
2.074169755253480130e+00
2.152737288751044531e+00
2.066427625551708225e+00
1.635769863770412558e+00
1.512326533301795450e+00
1.320007674792697649e+00
1.784965609366974348e+00
2.057106266944251249e+00
2.594378049057173286e+00
2.277585046386408685e+00
2.654678587333676010e+00
2.578350953304919813e+00
2.753856632767039514e+00
2.747747035162516394e+00
2.944376873621545876e+00
2.600083274407328560e+00
2.466927751777925337e+00
2.239716378793966456e+00
2.426755726529671975e+00
2.226066684284927710e+00
2.110627622175510254e+00
2.082366079849151230e+00
1.769351690259845844e+00
2.100949064539572309e+00
1.417142026780133790e+00
1.608487816235302903e+00
1.643538478929994273e+00
1.561756140758701283e+00
1.473468501600889935e+00
1.502988349645902666e+00
1.599052426861867104e+00
1.384515950737731371e+00
1.485668971920788728e+00
1.487336939333974595e+00
1.862303437515081983e+00
1.961914554066646055e+00
1.789057284451782470e+00
2.107262504923443469e+00
2.216678784565006666e+00
1.871327338987841316e+00
1.616197306453079241e+00
1.477553496412150835e+00
1.840212714675659278e+00
1.644491370548089471e+00
1.661109328631786397e+00
1.886243648461097600e+00
1.610796588791149730e+00
1.368412037390118741e+00
1.360362958964286273e+00
1.387965721504605066e+00
1.416088141392311428e+00
1.980097938674701741e+00
1.781016007313302785e+00
2.232399696717532578e+00
2.016856837298296679e+00
1.918905135356346214e+00
2.311103192383720195e+00
2.556249302265995116e+00
2.247187623667168399e+00
2.113568188478836429e+00
2.387962942742568817e+00
2.370352534573578307e+00
2.195099147162913766e+00
2.043858924608455752e+00
2.060856205803095698e+00
1.896074712834486142e+00
2.125090527610248525e+00
2.009495862792716636e+00
1.931676083487745998e+00
1.552422942461273658e+00
1.722418204208058690e+00
1.719563109026974956e+00
1.566993806011571122e+00
2.035764593878041318e+00
2.224820219595032622e+00
2.095824280611023216e+00
2.225554962597548592e+00
2.068402189917871947e+00
1.631911527761561231e+00
1.440031544742477188e+00
1.576509987555144932e+00
1.776935152571213594e+00
1.510999742858604833e+00
1.294960630816003322e+00
1.384896161912890777e+00
1.595562644445357003e+00
1.670940440352197021e+00
1.903613553397182079e+00
2.132800207611127430e+00
1.962506837575609397e+00
1.587759139877763515e+00
2.056606489919154956e+00
1.846707960773324109e+00
1.955052846227351315e+00
1.703167381127584923e+00
2.148096795706427198e+00
2.155678027924782914e+00
2.250305184261383928e+00
2.126670655584895098e+00
1.998225963287859841e+00
2.389583801566610433e+00
2.607147877986004225e+00
2.707238413218637341e+00
2.704902766316459761e+00
2.415287768129904311e+00
2.205862445272456895e+00
2.294678439240950940e+00
2.410803099253591597e+00
2.220903658240509060e+00
2.144883737061952012e+00
2.103820697728980615e+00
2.216091874210903701e+00
2.157664108601744957e+00
1.890833278106907489e+00
1.537448676601966824e+00
1.746198293363127041e+00
1.804551478558590549e+00
1.376868143734228056e+00
1.797393440590859370e+00
2.464473352065335465e+00
2.085916026304634130e+00
1.624833883245869748e+00
2.037847445572991134e+00
2.108207517439081524e+00
1.804003035673926281e+00
1.701536357126310683e+00
1.680679618932837904e+00
1.430873886776818704e+00
1.329659899989890093e+00
1.514801445616122066e+00
1.499672574316415652e+00
1.875117352428841588e+00
1.548029944682964842e+00
1.804605248810831064e+00
1.697347171855624115e+00
2.032748876471993427e+00
1.594682087900783252e+00
1.676563741146027020e+00
1.597408339956187362e+00
2.104006950020458344e+00
1.992392105563059346e+00
1.549975422948715709e+00
1.544917599520598150e+00
1.991683581106688639e+00
1.859144255126823131e+00
1.848530279933431109e+00
1.440798474295872822e+00
1.415410388010561960e+00
1.331856227669275805e+00
1.439683356974484463e+00
1.635812537037274472e+00
2.023357194268106340e+00
1.974958577792218284e+00
1.975337715893644486e+00
1.938438069270476127e+00
1.770542041595857485e+00
1.629513061018245113e+00
1.440412724591010996e+00
1.323450718462692244e+00
1.424657180616605734e+00
1.530360187969408869e+00
1.429141815068389443e+00
1.589554321812609805e+00
1.344920105565913904e+00
1.357448661485316066e+00
1.351401412772551325e+00
1.328097819754407327e+00
1.787954798035364279e+00
2.036549814187505802e+00
2.104217892715366744e+00
1.767906905077011537e+00
1.712421887935466458e+00
2.046606577189337806e+00
2.152203577860060779e+00
2.546176438573354073e+00
2.050587708939943354e+00
2.190701408244247528e+00
2.088481997219772790e+00
2.311873136698908038e+00
2.379748713672406701e+00
2.151639715809007036e+00
2.097163174802710639e+00
2.154120799224153338e+00
2.087877552106184975e+00
2.365373146320898456e+00
2.157663501954281582e+00
2.178598328112983484e+00
2.090391442379333053e+00
1.778265998184101804e+00
1.623746703363844190e+00
2.003328484580796598e+00
1.949429816156259765e+00
1.763741320046484207e+00
1.949250971897455997e+00
1.773327881696817432e+00
2.097151821464602772e+00
1.872126690717440312e+00
1.696793682345837384e+00
1.753456361632249383e+00
1.961930540164876335e+00
1.585571309709489229e+00
1.466431001288392544e+00
1.303989159837912526e+00
1.379582540889406905e+00
1.331604873434671710e+00
1.422003944137436804e+00
1.352386882815393987e+00
1.236016398900507518e+00
1.269494129067179067e+00
1.408029272537566268e+00
1.595692915459032912e+00
1.612996512022961015e+00
1.573788664666727399e+00
1.497686602818618207e+00
1.593228886539604483e+00
1.763296387748063410e+00
1.910165000162665550e+00
1.651684609143413640e+00
1.841292443444744409e+00
1.899581973572506799e+00
1.757929365672866062e+00
1.929312489803045594e+00
1.772158713416237763e+00
1.793972725176079308e+00
1.762819746568042634e+00
1.901954790629616143e+00
1.932546382002712226e+00
2.071478211486164067e+00
1.830655446335283987e+00
1.280716687079308969e+00
1.330217941257330727e+00
1.395060570726416316e+00
1.566131120100415774e+00
1.393249609419432655e+00
1.247887715418519061e+00
2.035403969072052899e+00
1.696625279710096912e+00
1.628551067127931518e+00
1.361130492913273038e+00
1.412263571062728040e+00
1.737477097727217146e+00
1.905607468917472680e+00
1.546254110513892721e+00
1.484291935311023547e+00
1.274587465736582326e+00
1.490111042865458479e+00
1.529429708371930152e+00
1.643548035354945869e+00
1.408590795870056311e+00
1.838268080912305980e+00
1.620117619461714176e+00
1.814024129474232083e+00
1.660087084675718749e+00
1.998001621926071891e+00
1.952112868183455197e+00
1.660306995906014826e+00
1.897759717687476755e+00
1.781392259987523818e+00
1.956513556446410451e+00
1.793399406769628612e+00
1.797422163764595071e+00
1.851857484696155964e+00
1.765372439553895889e+00
1.419008103240538610e+00
1.606364086237524802e+00
1.468925878821536024e+00
1.499232107915235979e+00
1.409552487486944505e+00
1.253970254844873011e+00
1.438966114683106978e+00
1.480484729541329481e+00
1.686948326667700560e+00
1.466196297571090268e+00
1.726476227837239863e+00
2.126271531722693009e+00
2.072918771236442304e+00
1.741044495692523952e+00
2.079329021098233810e+00
1.770256379870998931e+00
1.743224093340100200e+00
1.849026936701374302e+00
2.090315475535461598e+00
1.816488634845588201e+00
1.867314148496816761e+00
1.722613428960964033e+00
1.983861848061681421e+00
1.949202573007675632e+00
1.738380512996222649e+00
1.568741322572279273e+00
1.562427645445318092e+00
1.917736497163474940e+00
1.813829093324093478e+00
1.719434185823678352e+00
2.016275619825708798e+00
2.097877963198815365e+00
1.942871441612812777e+00
1.601366961856347970e+00
1.320958431624783991e+00
1.489806595383824428e+00
1.869972384769069240e+00
1.914246242217231941e+00
1.404066248386948823e+00
1.258252621845505903e+00
1.410777897188694174e+00
1.257147732636569426e+00
1.281599950216381956e+00
1.387588801297316099e+00
1.644101004190177795e+00
1.811948687502034083e+00
1.901178545447178569e+00
2.162393243360889894e+00
1.629765196758103052e+00
1.535795585714216926e+00
1.461858482464409859e+00
1.985678527664209270e+00
1.671379536255776177e+00
1.850032521510243999e+00
1.990710588329698938e+00
1.589925207440685995e+00
1.511177020805967830e+00
1.579770224618764374e+00
1.552104037000050951e+00
1.730264174161407542e+00
1.546553838730121200e+00
1.286897509229279368e+00
1.265980981587000676e+00
1.166246189944905698e+00
1.469550699860111331e+00
1.601734320698110059e+00
1.514587362164641515e+00
1.347901451941601048e+00
1.586883290790640944e+00
1.877551778897853740e+00
1.718971707192971543e+00
1.594295922128242893e+00
1.844919197717592940e+00
1.440282078809142163e+00
1.691105392672999308e+00
1.833090138133760094e+00
2.211262951267150001e+00
2.422921536357339534e+00
2.390910872557389322e+00
2.162925241111376629e+00
1.924610378462401350e+00
2.202827473158893934e+00
2.383278677147701696e+00
2.064029758485506960e+00
1.793708773724952854e+00
2.098489113800201533e+00
1.967745826821411415e+00
1.631088503527859501e+00
1.225269105580668816e+00
1.606664436888139535e+00
1.468660272407776857e+00
1.798030392068661776e+00
1.790589190814475984e+00
2.025943373802135294e+00
1.671812355724651589e+00
1.526378219390029933e+00
2.012964791786388652e+00
1.810692664571403432e+00
1.953645634262131559e+00
1.711517739717773212e+00
1.841138451951022992e+00
1.948425096304726267e+00
1.678774162593779984e+00
1.522630140660206299e+00
1.605585082368443439e+00
1.531572924392660795e+00
1.608648774518725233e+00
1.940922745095992274e+00
2.028348776759711480e+00
1.700790451617362198e+00
1.488641393573557181e+00
1.474065287630932808e+00
1.242290512126802859e+00
1.203054708973104514e+00
9.945965091901092237e-01
1.085403678427872665e+00
1.211258720029733116e+00
1.398321536611551785e+00
1.312892122268832340e+00
1.308433203237997056e+00
1.294463495466362524e+00
1.627983489875456158e+00
1.716797158951807623e+00
1.385996692373061112e+00
1.281220142698986653e+00
1.887574411841762334e+00
2.223484480495720117e+00
1.893972008782390803e+00
1.600859556072623535e+00
1.597845126699223073e+00
1.176032421424384689e+00
1.565353498800677645e+00
1.574125148619150760e+00
1.724276859694557462e+00
1.452353460398658314e+00
1.303585152650105439e+00
1.481207823076086560e+00
1.743607244731709915e+00
2.094520631218409257e+00
2.352570598800101109e+00
2.048997753538506217e+00
1.790076635875155420e+00
2.069880001255346880e+00
1.847466786036528363e+00
1.690593843396593687e+00
1.553676439620339078e+00
2.020506934250172915e+00
2.049072189463414961e+00
1.695780243880804283e+00
1.581845902611024535e+00
1.448408554699890161e+00
1.268812716645947747e+00
1.723739364195205459e+00
1.448336171255547811e+00
1.102922498133944051e+00
1.265428611471351550e+00
1.426027682554744880e+00
1.460188376903331919e+00
1.190549815539544420e+00
1.248522114891889911e+00
1.498642344350604727e+00
1.548473757879646362e+00
1.354824072062775109e+00
1.387025567432213391e+00
1.643503833414393434e+00
1.713008366138513372e+00
1.665363665321737630e+00
1.746681236174068674e+00
1.843131154334886279e+00
1.757535443975184242e+00
1.592849514243620757e+00
1.348403392658346078e+00
1.951543761591430171e+00
2.286361194421782095e+00
2.110454205217838552e+00
1.819435258542540401e+00
1.962802438436483943e+00
1.476999945662155644e+00
1.585560457289719505e+00
1.795468877325234747e+00
1.823696912949703375e+00
1.929537916385682284e+00
1.518891352871098777e+00
1.441636028208493681e+00
1.831327587663078793e+00
1.907644428481859222e+00
1.598542802003443342e+00
1.919847511528444350e+00
1.809647050916264766e+00
1.466877348933210978e+00
1.872538047961568752e+00
1.420051304565967065e+00
1.248088360826082654e+00
1.355946631935452951e+00
1.547051645207005999e+00
1.596052388452540161e+00
1.098852071399353036e+00
1.396087559705605052e+00
1.302493889788528758e+00
1.677939247827469504e+00
1.690714406428091454e+00
1.193395921702025353e+00
1.496547662395446787e+00
1.489008133178175930e+00
1.253178262726510228e+00
1.314947262120877536e+00
1.581811970560303759e+00
1.660137916381395407e+00
1.661606311114160794e+00
1.645496063146496768e+00
1.552498423271804207e+00
1.504813971027682218e+00
1.974421110461495266e+00
1.792450246550034265e+00
1.821872864471381526e+00
1.950602437638032871e+00
2.380601745801100844e+00
2.006896331366625486e+00
1.785906355429540016e+00
1.707935459124633404e+00
1.940489755459475552e+00
1.919263997655716425e+00
1.948028806287761983e+00
2.034080411342913841e+00
1.962830604605643403e+00
2.338704296180920572e+00
2.107941736741410832e+00
1.942945326690218799e+00
1.790316365857361980e+00
1.814967295187575047e+00
1.773693040583924407e+00
1.902480211170134217e+00
1.874637548225604355e+00
1.691273320880345210e+00
1.551214711551749836e+00
1.365095713026401869e+00
1.279141210210126056e+00
1.159114999863677831e+00
1.309396908791260694e+00
1.489984938535741099e+00
1.682030696531345404e+00
1.666564809057424101e+00
1.925353893095728353e+00
1.726012430738265380e+00
1.602256683423880945e+00
1.954677204641521060e+00
1.862422414343230193e+00
2.017410503145534051e+00
1.780517638151597026e+00
2.048992698934581913e+00
1.831038449339779106e+00
1.685424201171024539e+00
1.925612919551706659e+00
2.315325425108598179e+00
2.121083514869499975e+00
2.339578923060702031e+00
1.867934110560409700e+00
1.412703869363851616e+00
1.746540977893372704e+00
1.545647412698202050e+00
1.512573269719386104e+00
1.532775131236633781e+00
1.497293624506404353e+00
1.425978282063807390e+00
1.602572184595590699e+00
1.784153043222495683e+00
1.980904783215226006e+00
1.831094845386782133e+00
2.084083509885779062e+00
1.919591133782500680e+00
2.185366303797412257e+00
1.442855410471540978e+00
1.335221813311914474e+00
1.309528495740225340e+00
1.278030783440566420e+00
1.629604915626413408e+00
1.929312729517365099e+00
1.933550124802673853e+00
1.742758227189590503e+00
1.727539864869423569e+00
1.786612145523646333e+00
1.981487463007597816e+00
1.863097127019193167e+00
1.534614488205509053e+00
1.431696524208720067e+00
1.489305152467249815e+00
1.555819821373221279e+00
1.494807202922082023e+00
1.672772370702164668e+00
1.634776081655945790e+00
1.327649524231221845e+00
1.321798976112859902e+00
1.435640896470732786e+00
1.343309580263158054e+00
1.201713702010294149e+00
1.521920769088863645e+00
1.557718723916833525e+00
1.693560771751666083e+00
1.510770674347881926e+00
1.513281256926241269e+00
1.458360578738951085e+00
1.331101726141463715e+00
1.443851891690527189e+00
1.577088424148958445e+00
1.738489426481057087e+00
1.907975284932061699e+00
1.917159320591823590e+00
1.683301465711926515e+00
1.522670514214843562e+00
1.704519827293223377e+00
1.347424930252779651e+00
1.598256552371640327e+00
1.516868468803147962e+00
1.358850296482780662e+00
1.660630963864285325e+00
1.898920952666815154e+00
1.453143909210453888e+00
1.396786190494713642e+00
1.498373299396895675e+00
1.584221251242290407e+00
1.403352946150271841e+00
1.473530036559374423e+00
1.345778460489369666e+00
1.430869789079435073e+00
1.508756851162710522e+00
1.440648514136020353e+00
1.434522444955116383e+00
1.580504638374636839e+00
1.817444529054513147e+00
1.281076172027137305e+00
1.424341658519967080e+00
1.360611062375193470e+00
1.241649160665283746e+00
1.345468050871343912e+00
1.219661941945643369e+00
1.168071187086908491e+00
1.271354379127799694e+00
1.594378543283757166e+00
1.556956089477167460e+00
1.681516595225579724e+00
1.415527314565179440e+00
1.563064369068883908e+00
1.777215654661257638e+00
2.364885966971317810e+00
2.353137061204182867e+00
2.288251821636309025e+00
1.680021000590497415e+00
1.658818827315518440e+00
1.413252743677095857e+00
1.426594396391471786e+00
1.715509034515753761e+00
1.665250099296918584e+00
1.490212162119036288e+00
1.493670181245072115e+00
1.476759532460006241e+00
1.556213770166257948e+00
1.252686105724509114e+00
1.113968391128799640e+00
1.255771920649432438e+00
1.197111814841257837e+00
1.700544891860726215e+00
1.820101509035570331e+00
1.526510731243478691e+00
1.596623362762744192e+00
1.377685399356402662e+00
1.334493053145588304e+00
1.519501417307046243e+00
1.407407909649644573e+00
1.171464069514576378e+00
1.552735339812380433e+00
1.582042604117560369e+00
1.356263056103875764e+00
1.384400822041102597e+00
1.191264050323309842e+00
1.526445857157157526e+00
1.294772071615465814e+00
1.405821150404540809e+00
1.089755526498094929e+00
1.382176986617160486e+00
1.566886286142344265e+00
1.545626024751392658e+00
1.626589790290422277e+00
1.842782948421286093e+00
2.085033136401156284e+00
1.530370918216575449e+00
1.309466839819200423e+00
1.475828470956359384e+00
1.971239391900107663e+00
1.590237987596255342e+00
1.611812468887651395e+00
1.914097922230239224e+00
1.929194230516660724e+00
2.140675492242470668e+00
2.291990248647420625e+00
1.843668425960424573e+00
1.653274550543673671e+00
2.067338153532878309e+00
1.775235122064567683e+00
1.732712921297513198e+00
1.969756136908801025e+00
1.853120274876995710e+00
1.691672058397981182e+00
1.915181198726624290e+00
1.774417059570297273e+00
1.682726479158632049e+00
1.924130196746856258e+00
1.592054342107995790e+00
1.791951545751591768e+00
1.869391116139458964e+00
1.838948870203689356e+00
1.716969670920462043e+00
1.704066592562061722e+00
1.217738748238880842e+00
1.179686584840415442e+00
1.271207396634392639e+00
1.318730611749603376e+00
1.372852853847116750e+00
1.412519532867505090e+00
1.752637330882457878e+00
1.687565134623016050e+00
1.718975940063991459e+00
1.576021322174708361e+00
1.441600298971471128e+00
1.509482592003322576e+00
1.741627005771019476e+00
1.644826672614524643e+00
1.720379150944395974e+00
1.605252701613770983e+00
1.545819008927047378e+00
1.503081155948554404e+00
1.470606616366271879e+00
1.492039288609441350e+00
1.524696032021848779e+00
1.139344674779791955e+00
1.571090518293576377e+00
1.424604075733940434e+00
1.418847122054793353e+00
1.424595827132543180e+00
1.273249985582525001e+00
1.436006218500324838e+00
1.226264696473083893e+00
1.428668322397563362e+00
1.352052728980266183e+00
1.478217808315313242e+00
1.566886126727786932e+00
1.117369599203757113e+00
1.166075536924320311e+00
1.113842907314684050e+00
1.292707483000760105e+00
1.525397108230940324e+00
1.892004974679110108e+00
2.106645531230984858e+00
2.090198580245828719e+00
2.170782742159917955e+00
2.208371159561820285e+00
2.380098421358569194e+00
2.646231024749444938e+00
2.236433819267938716e+00
2.523214375292104794e+00
2.266872207092123670e+00
2.223023667532339154e+00
2.239276036815014859e+00
1.960378680160013376e+00
1.769107217400457621e+00
1.491427090410429646e+00
1.742055504501095697e+00
1.649101977043962997e+00
2.028700826303992955e+00
1.917004169549420212e+00
1.886124450573180900e+00
1.818497254651187056e+00
1.692840091866887553e+00
1.633650194108468234e+00
1.926989085708506799e+00
1.563987175643655192e+00
1.769546676281442688e+00
1.698633371037916451e+00
1.692209911745629514e+00
1.287628368187838213e+00
1.473228084027108586e+00
1.348468150630268259e+00
1.521495081876569344e+00
1.427294190140436125e+00
1.577350641356860317e+00
1.983195475098483262e+00
2.013163113311758234e+00
1.925510000763554830e+00
2.571575525193941392e+00
2.312869033779865635e+00
2.486979728094925068e+00
1.710994753218735287e+00
1.960624538711051246e+00
1.573374108364280044e+00
1.773079787630456927e+00
1.903473491307678067e+00
2.204774262307617416e+00
2.253556702547548696e+00
1.764575791167438013e+00
1.899112028191537904e+00
1.670801567166992685e+00
1.905769833880152753e+00
1.706466701215691550e+00
1.332767334460655428e+00
1.212027183299086541e+00
1.392322119538778935e+00
1.357504200678318895e+00
1.280967874680929208e+00
1.780167468881991955e+00
1.623767179465091859e+00
2.136033645422797278e+00
1.998697913138791193e+00
1.835349328564323645e+00
1.700606005931845743e+00
2.049244749441868851e+00
2.066251727475738598e+00
2.103706109126038282e+00
1.990776015330062210e+00
1.947595920521311363e+00
1.965978369617007004e+00
1.838696644701739435e+00
2.344684618825326972e+00
2.133411736003111070e+00
1.812985657591921429e+00
1.872928717356597605e+00
1.957376935300184861e+00
2.323764040908284034e+00
2.036304363391412853e+00
1.706584735268871000e+00
1.477518822218032879e+00
1.451459740938308762e+00
1.730822321847554468e+00
1.585354346455479790e+00
1.783423016315020426e+00
1.704455133387360100e+00
2.020980963603639324e+00
1.948619072061842816e+00
1.798437827554564494e+00
1.950218568656077345e+00
1.775581602721675312e+00
1.774285807872767240e+00
1.987766113003130997e+00
2.152404715215649578e+00
1.618051036477970328e+00
1.889816707884759417e+00
2.053742091666302727e+00
2.417016230029071622e+00
1.895735644031867784e+00
1.614453437963188520e+00
1.638555847767014573e+00
1.575404668477110581e+00
1.731307507382650046e+00
1.701700184569169938e+00
1.788047064060997560e+00
1.674432532969786891e+00
1.981291863115685947e+00
1.942750702839611154e+00
1.845429643750813531e+00
1.749446533799209780e+00
1.460828705594993560e+00
1.477735350462607622e+00
1.990628727940339182e+00
1.772970706345913916e+00
1.990759984380089609e+00
1.549024001288060504e+00
1.717593879030379966e+00
1.666671112090933438e+00
1.397074806848293882e+00
1.582614703199434869e+00
1.384259761784245146e+00
1.583391535462060240e+00
1.215877731736088707e+00
1.677559811370892495e+00
1.829979496174124920e+00
1.719932526617308444e+00
1.870192145007971707e+00
1.592685032171831994e+00
1.585432926950607335e+00
1.357583602121282151e+00
1.238705855805930067e+00
1.024786827569953207e+00
1.217032278327944361e+00
1.398882595242074478e+00
1.457622653314935901e+00
1.205870133778835118e+00
1.260236563591008219e+00
1.453364841934744911e+00
1.715248813061313715e+00
1.417813070473749493e+00
1.273195225658372731e+00
1.466731822241936767e+00
1.216896162914334001e+00
1.309478735339703936e+00
1.761761950283799782e+00
1.615670197059827062e+00
1.494275944696565883e+00
1.766615258161089885e+00
1.653672388879950494e+00
1.763554214153888910e+00
1.739932441208798641e+00
1.524542879490663472e+00
1.376802596750467345e+00
1.663629073131699387e+00
2.176558274494643008e+00
2.177147027490478504e+00
1.753519950679154338e+00
1.846795048227945379e+00
1.689380504290694196e+00
1.373813231407867042e+00
1.633735811011942207e+00
1.663198794007219705e+00
1.868660085778222513e+00
1.807265638797550311e+00
2.126267355401413095e+00
2.138507105291371335e+00
2.094749250504180704e+00
1.947624646278347305e+00
2.154036019235380905e+00
2.110856148793394116e+00
2.056441098875720908e+00
1.980731179765828465e+00
1.959765725826653426e+00
1.290923834958951133e+00
1.158550078561054963e+00
1.396625804467588994e+00
1.572964918684445434e+00
1.413445819803812897e+00
1.500208358600914282e+00
1.470967103101332052e+00
1.554559072415327314e+00
1.691655806317975852e+00
1.937414445726749479e+00
2.258729526149750644e+00
1.990473221904044854e+00
1.783850436203560763e+00
1.549233915639831594e+00
1.896253662998913514e+00
1.702591074682215266e+00
2.191703478567560648e+00
1.945723189824384747e+00
1.838549908412907774e+00
1.948386774817699507e+00
1.914672783995212901e+00
1.918328771168616331e+00
1.765196293179550402e+00
1.510896119872956467e+00
1.382113259927163718e+00
1.934280654185966730e+00
2.256728165509836792e+00
2.149404248866793488e+00
1.456747822422509220e+00
1.583136926892533713e+00
1.683042311182344264e+00
1.484603184824548672e+00
1.752551313872296124e+00
1.937518397073125787e+00
1.742079726244116777e+00
1.844896616429269276e+00
1.932342357831908775e+00
1.950454282548715668e+00
1.821547664562387814e+00
1.887575044715632089e+00
1.438790735107069452e+00
1.929003959862396700e+00
1.757337049690320008e+00
1.492823641775345767e+00
1.279051105819753120e+00
1.164887739714289161e+00
1.141381377312471690e+00
1.219354245221514255e+00
1.594522153005096143e+00
1.730505603817355187e+00
2.159509804860501259e+00
1.968823437419793043e+00
1.541103235867972376e+00
1.691660196382998471e+00
1.677615298017803402e+00
1.894896564766186176e+00
1.559800319464488938e+00
1.433410397883672305e+00
1.546963514805661299e+00
1.388586695660890546e+00
1.719922227752447741e+00
1.747675692033764383e+00
1.688053830485209295e+00
1.647835254455916942e+00
1.363864958866502608e+00
1.394560212591289039e+00
1.421175061576311016e+00
1.209565091574224649e+00
1.497642185610085441e+00
1.864472858919429932e+00
1.621741281428360271e+00
1.550299027933473184e+00
1.340945474768171053e+00
1.605743545431055352e+00
1.710038563812794399e+00
1.960501614320206087e+00
1.712490673887375969e+00
2.060992379974905475e+00
1.577953869043445589e+00
1.662105756816316449e+00
1.744311054991786181e+00
1.487181345681333866e+00
1.529256995302088917e+00
1.694095223819942264e+00
2.178251217041104137e+00
2.252021724466123587e+00
2.317218385896116395e+00
2.270170256669803432e+00
2.267944251231330810e+00
2.108723628102564085e+00
1.877062028123486659e+00
2.020528805425247931e+00
1.749094040274662865e+00
1.892468731031311968e+00
1.985581057967549246e+00
1.950416544028047205e+00
1.847855715224531181e+00
1.425945002195782685e+00
1.423597807088498923e+00
1.580075252681655051e+00
1.281950213983094500e+00
1.809188069931549014e+00
1.974868074303633980e+00
2.457337511599737567e+00
1.989092702819671432e+00
1.305246191899105845e+00
1.558833438710412578e+00
1.782724581169311762e+00
1.789811345617509986e+00
1.722080123398922469e+00
1.687245937219803871e+00
1.541411282904644908e+00
1.867397250179441137e+00
1.803294612484130699e+00
1.413205274497033814e+00
1.699094124339124212e+00
1.777739235956602215e+00
1.812308391822090803e+00
1.961242575279301681e+00
1.733894318765311304e+00
1.918732189005387667e+00
1.662431976749913609e+00
1.584110843591999052e+00
1.274717418058796792e+00
1.351470428990211969e+00
1.492898840108407343e+00
1.427696102702706415e+00
1.847605971321509166e+00
1.563452837227966796e+00
1.439607267805055990e+00
1.531887393889719506e+00
1.650807084468957520e+00
1.789722090620305295e+00
1.647307221644120023e+00
1.419415029099751813e+00
1.351911854173928562e+00
1.314600712839464114e+00
1.915335189632195956e+00
1.960672779469573079e+00
2.564931038402656682e+00
2.341231779812465330e+00
1.898847644891395792e+00
1.986605114202395717e+00
2.207560740495901452e+00
2.084708987009179282e+00
2.389208111555642056e+00
2.328831949145656388e+00
2.619823312479411914e+00
2.365262579984345859e+00
2.045767725002348936e+00
1.901139115923376144e+00
1.804699269002019157e+00
1.511635891230009632e+00
1.283877632996191176e+00
1.621926042861097761e+00
1.711200000769181884e+00
2.096701957618351653e+00
2.122365989723720592e+00
1.951536256315786977e+00
1.906283888379082248e+00
2.332404451765972109e+00
2.289830729986167768e+00
2.160293802307398980e+00
2.068157584941258786e+00
2.056400392988901427e+00
2.072194976528238808e+00
1.996477393803375300e+00
1.710434728704853802e+00
1.742104293099759005e+00
1.875769025485746644e+00
1.509588388397095082e+00
1.754657919689744716e+00
1.716896712194343699e+00
1.577703685142427092e+00
1.625924132101923991e+00
1.836222869181534767e+00
1.308109737465319888e+00
1.659314342783372753e+00
1.789046682954261946e+00
1.597473530064082325e+00
1.685663642794157813e+00
1.519677902085599275e+00
2.349730640542834870e+00
2.143934310777191765e+00
2.021437983057820631e+00
2.059348637403882076e+00
1.873866685407733490e+00
2.000910843986650978e+00
1.512252687275751795e+00
1.458596410051061554e+00
1.509607993434456397e+00
1.831749876142508171e+00
1.571918236637211308e+00
1.670180994332722157e+00
1.735918203213821620e+00
1.652232063196923839e+00
1.767225885005824004e+00
2.296303221506959868e+00
2.182404225061251868e+00
2.287709173292260090e+00
1.956352189753900239e+00
2.699669446101439885e+00
2.461980414726202770e+00
2.117108196637541351e+00
2.102403019585769695e+00
2.563544781648581683e+00
2.227549068026981605e+00
2.181672853654304856e+00
2.061586390521977119e+00
2.058516993061635603e+00
2.250315352460439566e+00
1.856235184969212915e+00
1.884835339332980642e+00
1.703329095707432295e+00
1.625769047178478477e+00
1.650719259243263126e+00
1.421874805570816580e+00
1.606742713402273814e+00
2.060372490500582909e+00
1.924069000879004676e+00
1.570721456947023142e+00
1.270908881357509124e+00
1.451055159109789772e+00
1.513914369682446193e+00
1.389368214971908211e+00
1.729402169901451236e+00
1.594584204510828274e+00
1.277735853574545777e+00
1.408197080059913286e+00
1.366691892427809307e+00
1.429838793391095209e+00
1.443213415623522122e+00
1.748975664457145029e+00
2.046074519020336435e+00
1.760675061217905624e+00
1.583152455305521844e+00
1.887526015181635985e+00
2.000460552349595300e+00
2.036556195199352270e+00
2.245721143880159865e+00
2.188198971557836270e+00
1.914902075087861810e+00
1.736210443886546662e+00
1.923619392716710230e+00
2.007450111531592807e+00
1.722607076845498186e+00
2.031899709508417473e+00
2.183479436502540949e+00
2.019373589433926863e+00
1.665363932569018379e+00
1.658489105052334711e+00
1.391601059432040266e+00
1.718023715676008312e+00
1.232318501248074405e+00
1.583590751108499894e+00
1.718038008626904700e+00
1.389536616484921661e+00
1.962125550130463525e+00
1.777294377399437408e+00
1.949760793873969167e+00
2.027026993706808167e+00
1.821744107600847373e+00
2.335023471218928837e+00
2.350796616740097988e+00
2.237955330495479789e+00
2.183332891260695074e+00
1.682417046923440740e+00
1.944895134075063314e+00
2.050485741709033416e+00
1.950337994196621683e+00
2.099250855796698900e+00
2.064007694709647733e+00
1.627648363367717899e+00
1.715170128713182196e+00
1.725996473393983210e+00
1.956028282372195948e+00
1.681082674923367826e+00
1.704646862723156353e+00
1.508117204223692998e+00
1.787432716938895716e+00
1.629136686025451031e+00
1.991142607243622242e+00
1.909708502324072077e+00
1.993794772417568639e+00
2.023362185713995842e+00
2.117160626867268913e+00
1.784416209605580450e+00
2.132589806661401521e+00
1.775134252189240813e+00
1.838319754597529387e+00
1.663963032172505185e+00
1.612841586000461902e+00
1.673333490417282299e+00
1.861479660778726730e+00
1.815131803831787183e+00
1.539796638115934035e+00
1.520809083082284907e+00
1.699357198179686002e+00
1.425744991880236512e+00
1.211851364243896167e+00
1.242528953213834164e+00
1.462189848866765507e+00
1.501417394847279763e+00
1.487944242651210613e+00
1.459335688428540223e+00
1.705973527709480742e+00
1.802113460426949976e+00
1.787214193398864781e+00
1.819781810861286431e+00
1.625618301439408775e+00
1.763442461268929229e+00
1.602537866228016306e+00
1.881968223695275499e+00
1.391709246379547738e+00
1.339887736556985898e+00
1.902331708589636738e+00
1.565314066762516720e+00
1.325475675996919289e+00
1.343111315974503839e+00
1.267126015004035322e+00
1.599284993766961982e+00
1.650842472599436839e+00
1.920250413811357859e+00
1.765790956833798830e+00
2.045186650899977643e+00
1.865933216382039461e+00
1.833088322300532980e+00
1.831201771404729728e+00
2.128847815844430169e+00
2.357574528839499806e+00
1.538374582754093334e+00
1.610115888325739153e+00
2.123051706823208207e+00
2.201535791683992382e+00
1.988656586803621229e+00
1.768503921312608584e+00
2.457694555237011524e+00
1.996108458752585468e+00
2.109754622723098105e+00
2.265599879135805406e+00
1.948707104914799038e+00
2.053666167257359287e+00
2.025696372296246661e+00
1.916009842057819546e+00
2.134047106960657025e+00
2.733629331461017387e+00
2.337780390417916632e+00
2.015171306298144671e+00
1.398205129445475148e+00
1.307306290205836108e+00
1.775995515356388443e+00
1.995551548703593303e+00
2.225702203101559196e+00
2.420950072892419591e+00
2.413829255515008487e+00
2.573882334750046574e+00
2.674069047930144549e+00
2.077854457773572250e+00
2.012898911671171742e+00
2.036853862090287848e+00
1.815467767128551291e+00
1.845533339929863237e+00
1.870253695762434276e+00
1.882786252505036506e+00
2.169181780843953966e+00
1.872857957509190818e+00
1.703677344825686335e+00
1.850243711973085015e+00
1.669434372554648549e+00
1.989315175001458158e+00
1.939282379475291584e+00
1.642290405097765804e+00
1.585816151219241243e+00
1.586011878424460120e+00
1.594421875979062708e+00
1.789933268337856154e+00
1.829395702489701181e+00
1.696570692179406370e+00
1.860405555612245854e+00
1.886587885048656821e+00
1.929985090725946151e+00
2.127070542911631001e+00
2.260131923341007987e+00
2.241574035239922491e+00
1.887151261845720462e+00
1.857993763601054615e+00
2.231311547253710170e+00
1.719368333755364020e+00
1.658887448607210047e+00
1.775582237200621583e+00
1.828305833938633107e+00
2.427635147171690821e+00
2.320562317892426840e+00
2.405516077352350290e+00
2.169335031026461191e+00
2.020296120617186997e+00
2.428989903341260082e+00
2.090122738281580794e+00
1.851791649211041779e+00
1.845110823792377674e+00
1.863166053176998238e+00
1.937463567738417103e+00
1.871952601548697137e+00
1.840266398476190224e+00
1.927773252563605766e+00
2.235860516065215187e+00
1.982758011745247462e+00
2.134605022672032337e+00
2.305850129320127007e+00
1.786228728829758694e+00
2.187147912799803251e+00
2.210030842901077985e+00
1.552655461374263801e+00
1.637258775209037287e+00
1.695256695679911774e+00
1.403457585832825094e+00
1.644796493963592399e+00
2.041548719862853023e+00
2.068776246739594260e+00
2.178071125757700344e+00
1.879594069525782007e+00
2.043329844985950938e+00
2.039940867028455340e+00
2.022235379449132786e+00
2.255038623579060708e+00
2.173217394554834314e+00
2.565867722837873899e+00
2.323241642667294826e+00
1.970187059016998310e+00
1.661454927729721254e+00
1.572232482758369576e+00
1.313763463930697428e+00
1.595758114720505549e+00
1.426079968706599033e+00
1.310863445257115734e+00
1.340554519342837425e+00
1.504574214464591941e+00
1.795965274176813509e+00
1.867080973161486357e+00
1.722514973847953046e+00
1.680263586550536203e+00
1.768802769396760510e+00
1.584600842357738903e+00
1.426727310894275735e+00
1.603608205218680416e+00
1.797672797897913899e+00
2.327741114611920903e+00
2.209364817093286248e+00
2.316951111458834145e+00
1.911685442622431452e+00
1.745777425530256055e+00
1.834063040091002073e+00
1.962948460714536214e+00
2.139327175845437967e+00
2.276416063535573464e+00
2.242339692915571892e+00
1.898131835539380141e+00
1.572478597011416568e+00
1.589758846406998716e+00
1.901589240353170673e+00
1.983375643221799045e+00
1.796966330358800157e+00
1.254291382281774947e+00
1.107530231393515363e+00
1.304688338518433355e+00
1.188790370780172134e+00
1.248259662858241636e+00
1.421770176548505127e+00
1.245785074076740218e+00
1.302778249198143223e+00
1.346158740975300638e+00
1.275847487993736706e+00
1.352873583559454085e+00
1.517742772257758777e+00
1.959713515544049933e+00
1.613411880469628246e+00
1.466816385161803016e+00
1.709438628122028181e+00
1.613494861516317158e+00
2.021981066396769666e+00
1.981359836810873576e+00
1.668358013742216261e+00
1.822080923388362805e+00
1.817764355031251888e+00
2.144480841836370999e+00
1.939458884735701050e+00
1.559026685496408327e+00
1.573624414401210592e+00
1.734567261256024340e+00
1.891966555461179089e+00
1.785877989282322886e+00
1.523264931998288274e+00
1.673793787842485559e+00
1.555755985451492407e+00
1.454739052607283201e+00
1.934849292115587094e+00
2.040547543280435416e+00
1.732112681176593227e+00
1.820346933483137697e+00
1.447558369467810246e+00
1.529342284047331857e+00
1.862121950186942598e+00
1.767263828135151815e+00
1.589859815684385058e+00
1.613278544367552803e+00
1.763419126298053641e+00
1.772102070164039977e+00
1.585825828266313353e+00
1.609799151508939818e+00
1.631024703817816945e+00
1.811158946510478263e+00
1.379913486262552613e+00
1.900157462418234022e+00
1.838496370099331756e+00
1.903885253402695543e+00
1.394762986418703221e+00
1.512304896516808661e+00
1.505669901354091511e+00
1.484185768711341558e+00
1.471723354058356525e+00
1.666558268680467636e+00
1.648480900167831997e+00
1.489353819341604712e+00
1.425914334710148168e+00
1.496540084525972869e+00
1.393107166479540027e+00
1.558607965911660953e+00
1.181376298055372143e+00
1.439919600615928941e+00
1.536734813239856834e+00
1.284848503606626169e+00
1.306296879494916796e+00
1.621305266409399870e+00
1.406612719559952041e+00
1.358417134025863504e+00
1.707451484702075195e+00
1.762596510837382002e+00
2.302511524113205255e+00
1.913704776809550090e+00
1.662306764820122185e+00
1.381004950044687041e+00
1.267230644246166271e+00
1.254278698667844250e+00
1.289417085920150363e+00
1.540921585026763241e+00
1.245493358466688738e+00
1.684170167137735818e+00
1.747472675709937029e+00
1.866277981726280899e+00
1.525992096044911595e+00
2.070450206609005583e+00
2.046837518973737335e+00
2.216096007145732738e+00
1.846638975033980223e+00
2.214858173539797637e+00
1.942627075301969430e+00
2.369014308462730423e+00
2.118361281180925371e+00
2.069628598170500045e+00
2.193586441107718610e+00
2.111268347890586927e+00
2.149081431835609290e+00
1.732230477740188235e+00
2.039901274624826399e+00
1.969623923143324795e+00
1.968672196760236304e+00
2.029802609573600591e+00
1.941216127252087809e+00
2.224641315051319790e+00
1.924395977578918782e+00
1.600198761371998790e+00
1.686421285900793876e+00
1.531648560970203743e+00
1.286227564769030662e+00
1.802672881602268795e+00
1.597845741355111038e+00
1.618237984348276370e+00
1.296679345636867264e+00
1.637573936628557547e+00
1.788266564310442064e+00
1.383078124608970949e+00
1.298725265914656202e+00
1.299257614021563478e+00
1.572829172957202593e+00
1.436376324224325263e+00
1.400628777657638269e+00
1.318459444824617188e+00
2.047827755469966871e+00
2.129446634008224759e+00
1.443988121667143965e+00
1.456441067665282363e+00
1.635349821381738344e+00
1.718546040415258602e+00
1.551088118474637012e+00
1.677134512921901521e+00
2.087940779252617229e+00
2.063329714471319409e+00
1.970955182909930770e+00
1.792706261311856508e+00
2.065245234382139472e+00
2.158094443453145939e+00
2.471648596834246092e+00
2.106553885126333014e+00
2.159546315776763592e+00
2.068384996609392346e+00
1.986884107680356726e+00
1.735062067506021766e+00
1.979635704786316452e+00
2.040170983548356798e+00
2.213518290114925957e+00
1.862996934653177838e+00
1.861533006721778127e+00
1.520242069541447139e+00
1.750983093761183884e+00
1.324621808033531467e+00
1.273444972447899559e+00
1.466823528305590596e+00
1.758482386171040579e+00
1.907186946554775053e+00
2.059744262456555397e+00
1.999187000488786170e+00
2.185116878842144228e+00
1.542799671946379458e+00
1.497796632910105785e+00
1.292815801124943320e+00
1.252093978477040181e+00
1.195763089342534169e+00
1.393656911564596701e+00
1.412990063571350596e+00
1.488157925424818728e+00
1.538747780685344457e+00
1.682591870211809226e+00
1.679811593303022210e+00
1.760881841587051966e+00
1.798769664427902093e+00
1.944402650697227619e+00
1.591141653551166435e+00
1.132311252642135946e+00
1.677003982976667862e+00
1.611597371586619865e+00
1.698275122451421426e+00
1.681200352728015490e+00
1.483835956908980513e+00
1.323991876142129875e+00
1.153372577849478331e+00
1.311663224257100913e+00
1.861972194172576422e+00
1.883962865854817537e+00
1.546304184790266767e+00
1.585120651327817987e+00
1.897520225123906279e+00
1.951670066163706085e+00
2.173264191845077686e+00
2.051531326464288707e+00
1.664683072768106120e+00
1.922936052062282020e+00
2.239345585345963396e+00
2.001461784302116964e+00
2.220768583443470945e+00
2.060421513128905868e+00
1.732246186414259315e+00
1.810338088582120308e+00
1.739190666456118084e+00
1.860512302559034215e+00
2.159232460879634719e+00
2.034044073515968165e+00
1.904204354815138833e+00
1.831578989466843943e+00
1.795363175449436799e+00
1.554876065456210599e+00
1.377413888131593156e+00
1.801562327771911276e+00
1.710783006171294307e+00
1.716591081759111681e+00
1.803568445644217810e+00
1.629407897582832776e+00
1.841511730409804093e+00
1.599853250502906832e+00
1.741576624951380659e+00
2.126944605047331738e+00
2.083469876382914254e+00
1.797051232340761473e+00
1.874892137571483763e+00
1.573488349550037135e+00
1.295521782782238729e+00
1.168515814700927802e+00
9.946618347174127628e-01
1.100220434385118295e+00
1.022662290367125193e+00
1.364618215993272266e+00
1.148222969659722592e+00
1.710200104770587259e+00
2.035958305800315671e+00
1.917674304928822515e+00
1.962656222399759232e+00
2.208491422961841533e+00
1.860177751321092643e+00
1.479275592620320268e+00
1.746130042324863796e+00
1.562643016044182431e+00
1.551414742579943162e+00
1.519723519806680079e+00
1.454278023264918396e+00
1.480029654327388089e+00
1.502303895589089278e+00
1.796143651665574881e+00
1.455596480396949000e+00
1.921798509012304423e+00
2.047543225577677539e+00
2.332263638189373545e+00
2.214924227968594561e+00
1.891852960209060575e+00
1.601837790130018480e+00
1.715850657816282654e+00
1.468198728667240438e+00
1.763815269930171681e+00
2.215137195766372358e+00
2.035077590696485306e+00
2.161086557807841313e+00
1.875985114529128639e+00
1.584952971088435580e+00
1.388403278906364724e+00
1.506949450452201189e+00
1.447839044047199986e+00
1.531470384046427657e+00
1.473268816046685359e+00
1.429680608376723727e+00
1.707812344819257255e+00
1.273612302359017345e+00
1.575040666839530923e+00
1.520759042613121892e+00
1.245839467741241657e+00
1.802753403205210381e+00
2.022740889207299553e+00
2.718328296548764289e+00
2.444667412068374901e+00
2.288083136004676277e+00
1.779271893699294838e+00
1.959887128171840409e+00
2.022258031915313392e+00
1.726997638417814729e+00
1.748641058140339766e+00
1.312872777847967409e+00
1.573388100947556545e+00
2.055284449913374001e+00
1.637281179981430856e+00
1.975039126795687272e+00
2.020566046488514456e+00
1.788281608095395159e+00
1.352175953500000638e+00
1.572480031578455062e+00
1.401372651331640684e+00
1.427210886812204649e+00
1.575656912398978982e+00
1.583392681982491945e+00
1.230556877893783430e+00
1.296163656383331197e+00
1.607877623884369500e+00
1.254782678980251864e+00
1.233933601390195145e+00
1.658212025773449616e+00
1.896942610841643173e+00
1.542142362092723706e+00
2.074178130766138661e+00
1.782258002416776677e+00
2.137540625675195649e+00
1.778278174407676104e+00
1.783537109546974975e+00
1.633207512282321749e+00
1.505544734050736411e+00
1.971349860642069629e+00
1.803319911675237197e+00
2.092626918019591109e+00
1.845796805416752395e+00
1.994213665610045538e+00
1.795949988592054458e+00
1.605449155701155206e+00
1.725113230863063452e+00
1.662775008825905676e+00
1.558612725788123043e+00
1.832504223170501323e+00
1.617932343195172429e+00
1.718401864961212500e+00
1.952424022912847335e+00
1.598595883096882275e+00
1.788657150888316227e+00
1.792350947881892864e+00
1.805598700785648880e+00
1.753669859499227490e+00
1.610959988712622248e+00
1.564536285823149075e+00
1.543814276292353460e+00
1.726525420040518899e+00
1.736797387832512030e+00
1.839766852874795688e+00
1.948685170610917616e+00
1.820702170055299662e+00
1.826385192726522000e+00
1.433683936543837856e+00
1.329590731140589011e+00
1.277579876258641889e+00
1.331670969965053963e+00
1.433820254234851266e+00
1.678921407301682933e+00
1.601196240581260533e+00
1.619823745366365975e+00
1.432238609166959664e+00
1.493773544419270571e+00
1.441335857842858559e+00
1.779772886698490542e+00
1.749185517838699910e+00
1.666706392565306505e+00
1.506692478625403453e+00
1.399597206375705394e+00
1.573581040253374308e+00
1.832139002703417008e+00
2.072126040428698523e+00
1.376848862105835236e+00
1.629881418404725668e+00
1.833082688143816030e+00
2.287684796165489143e+00
2.360401086879095445e+00
2.340848208306810729e+00
2.272376955913045560e+00
2.626596157919404817e+00
2.593653740003802000e+00
2.280876513395112326e+00
2.389203605694714572e+00
2.349212964255673608e+00
2.369390565277961880e+00
2.256973846547639440e+00
2.220936929973617691e+00
1.870310199173905730e+00
1.973374803501213082e+00
2.022513788230813514e+00
2.178264938780877014e+00
2.051282060254431716e+00
1.959805298783174665e+00
1.976054546508398735e+00
1.941895238839322246e+00
1.686640401803082945e+00
1.637899073845961118e+00
1.426106378248960027e+00
1.327209890896810407e+00
1.486810030341453093e+00
1.514352185521733896e+00
1.596825360881858336e+00
1.777822753379252774e+00
1.760129318554841449e+00
1.789954261435943383e+00
2.114292260734774498e+00
1.896947987981138617e+00
2.234378932799971906e+00
2.024065010380618368e+00
1.414255666450967341e+00
1.613217585550756894e+00
1.515310552411891720e+00
1.713112569095159632e+00
2.046109932825088240e+00
1.518975826914069627e+00
1.475341204885142865e+00
1.405541029115585649e+00
1.746788665116008721e+00
2.127276636963190359e+00
2.124106695842196579e+00
1.884423487355108895e+00
1.949117520881172627e+00
1.730709035767542092e+00
2.281848772589224250e+00
2.271783599667692943e+00
2.282157846168547888e+00
2.281615832220710072e+00
2.004944714002199202e+00
1.770382421365827241e+00
1.902570102954937559e+00
1.845796249130926547e+00
1.663857883415383654e+00
1.643035040723288098e+00
1.808159295548635859e+00
1.768198385517436355e+00
2.083380161622622406e+00
1.819107954886969969e+00
1.888174811449337076e+00
2.186897037145267397e+00
1.791723607654081452e+00
1.716396466024517231e+00
1.791630403397350690e+00
1.949543518253705088e+00
1.897326349855712468e+00
1.867465942717020155e+00
1.657257170686867287e+00
1.655435256483218653e+00
1.600880023046213907e+00
1.699804124730600607e+00
1.439791664831878926e+00
1.677215902586717711e+00
1.591812660888816566e+00
2.446476944700280765e+00
2.180604066046801570e+00
2.026709215970128763e+00
1.761382138657140661e+00
1.892772863614239576e+00
1.829254330718237398e+00
1.929544291818911406e+00
2.088137906412790734e+00
2.004428784434245436e+00
1.869233528091814867e+00
2.044563640058245202e+00
1.805298719391855489e+00
1.369793200870780270e+00
1.525664372345894026e+00
1.450179027329172810e+00
1.650999502967487320e+00
1.916139301564973030e+00
1.912401492748478704e+00
2.245519988694391511e+00
2.158371585492566691e+00
1.957819096696227223e+00
1.995753400708217828e+00
2.001089888836674380e+00
2.175901781891182551e+00
2.273497739822951669e+00
1.948802560999694400e+00
1.859181466699758589e+00
1.951450644357623165e+00
1.731672604179045338e+00
2.120080589010969074e+00
1.986377703524890848e+00
2.015777709708713950e+00
1.869681357220453810e+00
1.696990668844465366e+00
1.736707432718052502e+00
1.652811700002336126e+00
1.675192186680216855e+00
1.500820815718346912e+00
1.554374675154879260e+00
1.605583315435150205e+00
1.542935253944345053e+00
1.714891518116379743e+00
1.595728114405357889e+00
1.619350516220460001e+00
1.890586477352859340e+00
1.740228027810246436e+00
1.949273611842684772e+00
1.802562975003410006e+00
1.428115479860682102e+00
1.504736237647525954e+00
1.403605064992398122e+00
1.805767150020231915e+00
1.585872723208194390e+00
1.393589162567502315e+00
1.833437297702260826e+00
1.766936977497138406e+00
1.815328574185416377e+00
1.643907594737580968e+00
1.475225859442165222e+00
1.668893256791063706e+00
1.871465774521573699e+00
2.330644251870905403e+00
2.104049615245636939e+00
1.812711531956280542e+00
1.685070693522544349e+00
1.434002608989241923e+00
1.481489530440750491e+00
1.461266010671170568e+00
1.829295731711380490e+00
2.208768363375710031e+00
2.094201951086631208e+00
1.532559286166367052e+00
1.227880041882951412e+00
1.389107286093891114e+00
1.451463014158381526e+00
2.091873680421833193e+00
2.323329499891679806e+00
2.537644832932577810e+00
2.629217231739422012e+00
2.219341940586845308e+00
2.366352824898373175e+00
2.079967752689388050e+00
1.865531408804091740e+00
1.560621074172630074e+00
1.651012707451041894e+00
1.454109511748518324e+00
1.438142719532814695e+00
1.362291054957178726e+00
1.787850685662794037e+00
1.574786208154348888e+00
1.642090348594446247e+00
1.702617403386225803e+00
1.838986083626535262e+00
1.581560215457646024e+00
1.939193264240751891e+00
2.087791949722067386e+00
2.104657451363743714e+00
2.093048762716475775e+00
2.165058583817183635e+00
1.906902031312362800e+00
2.167024175514949746e+00
1.995107585345462731e+00
2.194028698205779282e+00
1.844224485450869810e+00
1.738265714974470910e+00
1.156544008248719946e+00
1.525108797976538311e+00
1.869906205374185948e+00
2.203601356127384392e+00
1.968964210476697119e+00
2.050636637171359578e+00
1.817965124090555662e+00
1.791802125745818319e+00
2.221785673936496064e+00
1.824904109806394947e+00
2.049559397508402991e+00
2.199266291349776470e+00
2.034569147051667137e+00
1.519548810689138163e+00
1.791759918528403439e+00
1.743785980525368373e+00
1.608315305657620931e+00
1.641284582140171366e+00
2.093372821670264283e+00
2.027770449656638441e+00
2.123643723866924127e+00
2.541915538489607496e+00
2.165661032354912141e+00
2.197334788767173475e+00
2.208920445295393886e+00
2.001374428559103968e+00
1.706863238340080136e+00
1.439044113435198557e+00
1.290014625557464711e+00
1.536789090454250051e+00
1.827647775226701077e+00
1.531190947525031820e+00
1.530386981627157583e+00
1.833758187208443635e+00
1.886445693479044339e+00
1.660846344050210366e+00
1.941060913993246206e+00
1.884308980061599303e+00
1.552305512553584954e+00
1.159181401694866054e+00
1.343943830082235724e+00
1.267856036662773800e+00
1.689015147364073544e+00
1.659118492936048073e+00
1.521193996160174811e+00
1.858969299688091326e+00
1.615428739685762727e+00
1.735462595614147396e+00
1.911253756470529197e+00
1.928922472978822134e+00
1.901287044101817703e+00
1.551612277917944205e+00
1.408446741724362461e+00
1.547843239300489060e+00
1.493157303957214799e+00
1.807833516503619453e+00
2.258525522399671637e+00
1.551588537389556155e+00
1.671134618968937779e+00
1.385278191568098283e+00
1.401146314221974443e+00
1.285626780586007545e+00
1.665069329758398942e+00
1.846519890000567488e+00
2.008965260400923825e+00
1.778342166030529858e+00
1.811111166359929747e+00
1.824026009865203468e+00
2.102551231328358750e+00
1.803348310545764610e+00
1.484116214055652527e+00
1.444436798133755140e+00
1.584101285392388592e+00
1.576751805131008544e+00
1.462930949270691006e+00
1.468696712208164001e+00
1.518793477464449593e+00
2.273132838460963701e+00
1.953126777666225111e+00
2.166831534530823333e+00
1.413831707895154777e+00
1.190686479960896049e+00
1.143589638300411826e+00
1.849228709700318163e+00
2.167527625433308458e+00
2.147053954400621745e+00
2.176752625069489522e+00
1.990945411278050248e+00
1.672063017695413878e+00
1.715724190285768280e+00
1.759825900638342766e+00
1.707038526143351609e+00
1.991158192135750404e+00
1.685429745976616989e+00
1.924859944868754669e+00
1.793439543180246787e+00
1.875703386329984346e+00
1.788055875150825536e+00
1.669985678173968813e+00
1.534360256593973793e+00
1.547142907051876515e+00
1.465987161903085756e+00
1.451696380430128386e+00
1.599056887295402518e+00
1.718517104359834180e+00
1.974610593702943007e+00
1.698728419898888120e+00
1.722968726232838144e+00
1.599260622938776244e+00
1.677791224618589316e+00
1.476269753200605050e+00
1.971733871428618556e+00
2.230269267201673955e+00
1.770599648608823573e+00
1.822161851511216346e+00
1.543796069718404773e+00
1.914701514277949546e+00
1.868586845212728553e+00
1.865096985634250304e+00
1.899764421619554389e+00
2.477446386939512024e+00
2.420756606493382534e+00
2.122971565757459267e+00
1.782955004867680548e+00
2.132666418210762860e+00
1.874141271907689088e+00
1.987563380992407147e+00
1.723612783413582150e+00
2.166050600418822025e+00
2.318628506580681758e+00
2.425990225789688370e+00
2.294169981900732846e+00
2.204644668551817954e+00
1.600327788256540096e+00
1.976759716913740750e+00
1.501273810283638488e+00
1.854516040456826609e+00
1.932741677033236405e+00
1.835803404301517894e+00
1.441043937434784317e+00
1.267651252503275039e+00
1.469028883165046206e+00
1.358817253060625285e+00
1.496157169078476956e+00
1.220723367073263121e+00
1.484168379253462788e+00
1.530274267576285707e+00
1.439203796243989419e+00
1.689886286828913065e+00
1.937461674652468435e+00
2.024968908295064818e+00
1.954732499912523735e+00
2.213388637286088478e+00
2.217818891196271736e+00
1.986896509611298045e+00
1.784605649484299228e+00
1.639783569283270515e+00
1.573634299764719913e+00
1.401726754140348863e+00
1.594495811419653464e+00
1.797458701711978524e+00
1.703177338795536233e+00
2.099905422560170987e+00
1.855888917672679383e+00
2.282574154964672530e+00
1.983599200866507761e+00
2.117807981522820793e+00
2.116431172098168556e+00
1.801640470935300886e+00
1.981462773901657703e+00
1.832193744380240963e+00
1.950800718854670102e+00
2.284148083530936901e+00
2.168937114514337683e+00
1.990441730027972644e+00
2.163595495631259080e+00
1.887354133148405610e+00
2.153703116119998651e+00
1.803219408088317710e+00
1.889179379976551054e+00
1.868938208040834104e+00
1.734687062778522249e+00
1.850055558236371356e+00
1.528804530201424150e+00
1.387713303535135667e+00
1.669983296625058733e+00
1.454179373173445144e+00
1.565421192414661711e+00
1.429224127417213497e+00
1.601466298019361689e+00
1.421486515158705721e+00
1.414220930403881971e+00
1.514244552718869929e+00
1.698836661163661610e+00
1.741267026007749408e+00
2.182515497917329572e+00
1.823547531708036962e+00
1.682640359612960212e+00
1.759180424089832107e+00
1.706039659901796846e+00
1.763624302055631476e+00
1.438647611057000342e+00
1.436595452770296877e+00
1.549341999604532560e+00
1.420637641087995728e+00
1.780052285852963934e+00
1.804746173345695981e+00
1.929960185615921198e+00
2.098177742880646512e+00
2.236838886947346783e+00
2.199201619460553925e+00
2.073700225211812853e+00
1.739581668267456083e+00
1.590292026064731523e+00
1.664865699430875257e+00
1.623434936960929775e+00
1.702860866433242748e+00
1.489399995181520442e+00
1.538355763241928464e+00
1.466640535964569114e+00
2.005683892920588463e+00
1.722601513114692118e+00
1.328936400552437336e+00
1.281295779022360026e+00
1.223338142796925210e+00
1.373971916820473371e+00
1.286086015005651007e+00
1.477088678143987588e+00
1.374886040436583468e+00
1.708737092138833624e+00
1.901605853039363581e+00
1.527228770043575823e+00
1.454549754159555119e+00
1.752677013946416285e+00
1.927249785539105975e+00
2.222576870875264898e+00
1.884328388768389262e+00
1.864926841975112159e+00
1.858046528772677064e+00
1.858246947537259164e+00
1.998275647361153817e+00
1.688688082164494508e+00
1.442158819199202302e+00
1.826950797434027329e+00
1.639418312607267225e+00
1.353293816783903702e+00
1.662495191639614234e+00
1.675502009185753316e+00
1.834154614017152740e+00
1.733841300030007915e+00
1.856082320512271400e+00
1.720866226805000565e+00
2.059191858039574274e+00
2.142780169900253551e+00
2.019914402199322279e+00
2.183659032074092732e+00
2.070939386984067987e+00
1.900094977816969566e+00
1.897240177224885915e+00
1.571269916492022078e+00
1.489844460494403444e+00
2.115872395825837415e+00
1.989030456156480886e+00
1.589009550209275146e+00
1.652437592537764122e+00
1.450679529965096970e+00
1.320401568871144793e+00
1.529224384114398427e+00
1.443331765656806986e+00
1.701487937055693678e+00
1.357617456274435863e+00
1.683398677126033638e+00
1.942702122326732228e+00
1.789175832320148096e+00
1.572421098645553350e+00
1.363125573328908935e+00
1.442867516169992648e+00
1.235445037416175840e+00
1.485495894340217671e+00
1.387091299504147335e+00
1.298766685652005037e+00
1.772746165690323839e+00
1.442671194440024784e+00
1.917131187845652507e+00
2.275698900408455128e+00
1.933042063004705158e+00
2.207806359129677265e+00
1.872074129061054526e+00
1.678954968616118926e+00
1.706353111657612942e+00
1.807999628606434150e+00
2.105512354754265569e+00
1.860873496649503966e+00
2.490063451540050821e+00
2.093108193945944162e+00
2.028628515243722230e+00
1.952977732384629128e+00
1.921870803313623144e+00
1.590931356688552789e+00
1.667348770051765516e+00
1.754252946162712989e+00
1.753440022254071140e+00
2.523486725703673716e+00
1.935296847139065468e+00
2.287273856675051231e+00
2.099119051386385326e+00
1.783134538132515434e+00
1.558769559936377114e+00
1.454081884894549148e+00
1.375706838610692317e+00
1.206629659626109019e+00
1.730001493542136393e+00
1.503589276623202409e+00
1.550686233803637570e+00
1.351731043436027457e+00
1.032686750553454713e+00
1.102535271738706912e+00
1.497565571289998010e+00
1.212531374324676614e+00
1.341025448810180265e+00
1.393240766741727477e+00
1.552760147671019553e+00
1.876307456856206146e+00
2.229588026224553321e+00
1.581881688774553707e+00
1.861130040781318717e+00
1.648526858809413076e+00
1.454523445575272467e+00
1.332016879619306593e+00
1.652852677342381504e+00
1.365949758189359597e+00
1.275833276737804223e+00
1.427135553929696599e+00
1.316911986425819858e+00
1.359041869102892930e+00
1.555038467163327942e+00
1.698108980356785924e+00
1.355313499031258972e+00
1.890320556020715248e+00
2.023476247115717719e+00
1.938154314709507720e+00
1.742030630445124295e+00
1.985488261184282344e+00
1.986347881953816286e+00
1.672637873901082317e+00
1.895577672116374846e+00
2.333637212798979732e+00
2.213965217099841176e+00
2.209973376512326393e+00
2.125960308539670329e+00
2.186283286679508553e+00
2.258128312874349231e+00
2.220736481310632282e+00
2.081885810749710242e+00
2.034924041971665432e+00
1.895645805721479338e+00
1.493026662550850148e+00
1.811848746050878312e+00
1.695048058448229034e+00
1.698480406967269207e+00
1.405198406818731538e+00
1.286957885994396866e+00
1.510938087711564126e+00
1.367659170392887313e+00
1.267454866611694486e+00
1.561822007646632926e+00
1.744018134242332652e+00
1.534233765394144910e+00
1.816100640783386844e+00
1.785952484681342600e+00
2.018121624453287577e+00
2.247570573242522407e+00
2.162793390120365533e+00
2.101949230933225721e+00
2.220706851878610166e+00
2.120051568859035118e+00
2.149747261591586689e+00
2.447027315279835413e+00
2.580848895340932092e+00
1.948255061067702076e+00
1.911496606429048839e+00
1.915129701886967073e+00
2.068042082525508807e+00
2.505933903252217210e+00
2.210105978219538247e+00
1.828938080436399050e+00
1.731471228660101946e+00
1.594035461400505005e+00
1.690611840002772315e+00
1.542813818365213363e+00
1.876501057313923360e+00
1.608772318387035272e+00
1.410491362846557850e+00
1.546419141222571847e+00
1.387890847690732565e+00
1.496079413268929237e+00
1.749411117657354131e+00
1.920556661073589799e+00
1.927575062885181545e+00
1.807347215473519952e+00
1.884704515223083909e+00
2.108391606706178312e+00
2.067766376447806476e+00
2.078799673271917836e+00
1.954292398838483935e+00
1.864950737014011928e+00
1.610208014607774407e+00
1.758808687835385021e+00
1.599937399438536190e+00
1.385430586639662121e+00
1.506247777566939394e+00
1.342210751670454449e+00
1.827179503045735176e+00
1.881917960381499277e+00
2.001459700162913080e+00
1.563546726784018626e+00
1.018964825209968783e+00
1.543111397643994742e+00
1.612269163590901888e+00
1.353664841487663750e+00
1.459423375092410158e+00
1.768596880223242351e+00
1.356893811256082882e+00
1.570652631615018002e+00
1.933925259711262390e+00
2.049410216928837514e+00
2.246111800160828675e+00
2.354378356477925927e+00
2.463010474057144350e+00
2.259133414029477205e+00
2.063138445917605424e+00
1.888885620148227806e+00
1.750075893002142058e+00
2.094408660455389093e+00
1.829535100337854381e+00
2.350717766811780240e+00
2.165388409457195351e+00
2.136963788261669439e+00
1.959605593056119588e+00
1.326208432817751692e+00
1.411719870226916251e+00
1.375913740304594457e+00
1.753826954441071395e+00
1.707464086470431797e+00
1.516348451801412089e+00
1.618353371778888050e+00
1.900367085623750674e+00
1.809312972521005980e+00
1.882096856742789814e+00
1.791441856916225150e+00
1.441489200548322858e+00
1.482100387142456732e+00
1.555289711409012732e+00
1.606733852595833900e+00
1.683354985001106918e+00
1.534001964408959751e+00
1.897721965921110865e+00
1.698755024393262092e+00
1.652770851821991016e+00
1.739701655420866189e+00
1.576340243748179049e+00
1.708039954135896599e+00
1.806841189854719421e+00
1.963097847456757750e+00
1.944949258466526665e+00
1.887289467508914687e+00
1.849595912000693509e+00
2.021153750973479379e+00
1.956595077422005335e+00
1.856928527501405135e+00
1.920049891870760916e+00
1.621547286992036208e+00
1.585744763676040670e+00
1.629729251308684512e+00
1.651881329388480868e+00
1.532012763753910933e+00
1.793453564780586706e+00
2.075274688119678412e+00
1.712855281483459002e+00
1.981649787212396152e+00
1.776919719536893316e+00
1.493483480669237418e+00
1.282592022190982783e+00
1.687156681146556814e+00
1.354980524019657517e+00
1.216639683986718623e+00
1.289373343067717670e+00
1.456360485760737067e+00
1.912065587193326310e+00
1.601768432109554219e+00
1.538339216105584883e+00
1.731776892816927926e+00
1.606932006338303687e+00
1.568535064324785289e+00
1.495522325492934845e+00
1.490514934195522834e+00
1.856335336408588166e+00
1.701796693156150342e+00
1.555267852629888425e+00
1.705288996088873965e+00
1.439686631227952818e+00
1.204776617463120481e+00
1.117859135961242201e+00
1.227380508335050857e+00
1.309517817786128191e+00
1.419079060842616258e+00
1.416952424672719202e+00
1.387202337909072991e+00
1.424103204898637287e+00
1.476542562136931025e+00
1.395987452698331133e+00
1.251059036644106559e+00
1.279079295544706785e+00
1.558781667104033097e+00
1.419771583531752146e+00
1.363056415846364722e+00
1.105945847434265383e+00
1.094784538254490291e+00
1.021893043466411966e+00
1.466596918325759002e+00
1.310565173292487451e+00
1.172455959955639448e+00
1.234947526460649536e+00
1.421705979702777567e+00
1.830044954201623497e+00
1.741675573752195394e+00
1.753683835828657500e+00
1.784358615060788855e+00
1.982763468604470836e+00
1.807494776893819877e+00
1.516000896732707659e+00
1.597599349017803760e+00
1.726376809030657711e+00
1.548695105450420328e+00
1.676375561380252677e+00
1.423986283259101704e+00
1.257188960524735055e+00
1.155981423163168875e+00
1.337741551650551308e+00
1.043797335809255600e+00
1.414651415577191873e+00
1.394902158929687497e+00
1.599607433992539463e+00
1.619887785497473587e+00
1.870615948007387175e+00
2.305589843023153840e+00
2.101151998098493845e+00
1.900842489972294436e+00
1.642107910926078773e+00
1.930962116401363504e+00
2.075904317935356236e+00
2.267865759557496030e+00
2.053573819456953942e+00
1.772410643821758613e+00
1.752070689635496725e+00
1.842780548880763369e+00
1.573234835243773944e+00
1.595513836571801125e+00
2.045298377688465674e+00
1.741236866222315660e+00
1.739741788139742340e+00
1.941010211811809105e+00
1.833263179842531621e+00
1.389393253781191273e+00
1.913471982801845828e+00
1.526607249664755583e+00
1.459428337557430400e+00
1.740472963845828502e+00
1.749955370588568648e+00
1.894306141462926307e+00
2.126016541110557601e+00
2.053293432302294885e+00
1.952854585542522337e+00
2.078601772132991243e+00
1.862694103936896939e+00
1.995815775568683836e+00
2.004159026350587958e+00
1.911717968796566858e+00
1.905101444234464481e+00
1.894725775727280181e+00
1.678579619093697239e+00
2.071979485613291594e+00
1.671136482396896161e+00
1.404533906905573559e+00
1.625285289821644996e+00
1.726232225928524544e+00
1.859654507766816955e+00
1.800974292850610059e+00
1.936077565892870389e+00
1.848754999897103790e+00
1.768220003910736526e+00
1.693402955608741101e+00
1.724104602724340740e+00
2.139962916888221489e+00
2.077307130044580230e+00
2.034105390086699661e+00
2.334884333556392022e+00
1.817217889602040559e+00
1.971875124024751846e+00
1.823791728309057447e+00
1.803936691725734009e+00
1.738443748812817935e+00
1.499900180029644314e+00
1.736665839178305859e+00
1.771008736621108914e+00
1.873532159211517500e+00
2.006384730422003493e+00
2.065800925825384660e+00
2.471557502019607000e+00
2.271336623216157147e+00
2.471559877527714555e+00
2.083700349316226497e+00
2.154741672330111601e+00
2.236724570938829704e+00
2.011303526634890204e+00
1.668395335877193020e+00
2.006953835240736339e+00
1.792417559006491024e+00
1.666899932202446921e+00
1.982445713972009971e+00
2.332787499380272411e+00
1.713460698896203782e+00
1.798778766915044791e+00
1.975341869351655788e+00
1.962590549545602858e+00
1.795034868820800433e+00
1.531322718001084437e+00
1.399838616634918820e+00
1.332705690632046247e+00
1.637335753570954955e+00
1.763736322541944679e+00
1.439972122437108482e+00
1.443573660058474539e+00
1.545495283440732059e+00
1.557861471619920390e+00
1.524128303279736585e+00
1.600529291438649970e+00
1.781020672348210487e+00
2.039015305942688538e+00
2.002888187715294421e+00
2.014772465274691449e+00
1.468534778166316057e+00
1.382764096808154486e+00
1.252565219331979618e+00
1.091082876242085886e+00
1.238507888208729479e+00
1.356768428991355080e+00
1.463085080503245594e+00
1.229061257500620563e+00
1.791751635802813603e+00
1.931216336951210977e+00
1.503142108657853582e+00
2.039687694425482700e+00
1.565102600545530409e+00
2.044285656330200762e+00
2.441251097890504873e+00
2.360057900604921155e+00
2.442559605644271770e+00
2.350647068312437415e+00
2.163842096510605550e+00
1.978393894726556246e+00
1.910193759093408161e+00
1.904951003050783687e+00
1.780124336190057610e+00
2.087327209518458293e+00
1.512950462519942141e+00
1.596099932666868781e+00
1.480185523892618704e+00
1.665678717667194775e+00
1.662559434235247213e+00
1.366721169698343452e+00
1.602411795540461981e+00
1.463011383758335837e+00
2.044739993249493626e+00
2.114008783298221950e+00
2.026442256213897952e+00
2.122261776968316749e+00
2.480601410866248635e+00
2.147308564803313669e+00
1.980534134561879434e+00
2.099453710310658305e+00
2.311791798263028053e+00
2.202941029119597882e+00
2.119045589100519322e+00
1.692747188202439190e+00
1.509941039088849024e+00
1.809722117642241557e+00
1.350882891568533584e+00
1.398963713427821887e+00
1.285037655683580970e+00
1.446941337300325259e+00
1.336051437361769345e+00
1.274870059815309098e+00
1.192173489912674578e+00
1.246978957193928927e+00
1.527516488765971125e+00
1.390324139554335758e+00
1.503817513720379750e+00
1.627639439555861545e+00
1.745773815532611684e+00
1.857444495322783773e+00
1.535620203625797764e+00
1.892182542618650487e+00
1.733428569245884621e+00
1.877784219724813575e+00
1.978580223610217237e+00
1.965119771754746836e+00
1.661041783958594253e+00
1.847956836164853289e+00
1.552052165502313397e+00
1.467808575626000867e+00
1.778748090551007799e+00
1.749692031591749020e+00
1.568696659405769189e+00
1.379860468757009073e+00
1.636827127197948872e+00
1.994334089464926407e+00
1.605514183735934353e+00
1.162085184965963913e+00
1.470102059692203422e+00
1.391336384498443657e+00
1.481262265774339726e+00
1.449271788979356268e+00
1.352395646414017438e+00
1.486331011977160443e+00
1.598410374906028109e+00
1.480563098504709352e+00
1.391810237129262884e+00
1.631119253550002313e+00
1.658716285721687278e+00
1.965370885533047174e+00
1.766951266874124515e+00
1.920399442421065972e+00
1.611237892058598353e+00
1.911382319494092874e+00
2.209009422512096865e+00
1.816981478765140157e+00
1.976881188585124738e+00
1.586479886103072445e+00
1.592521299695844661e+00
1.711362617405544517e+00
1.573836742393738275e+00
1.835218123860482997e+00
1.871255782271483703e+00
1.805276910707988014e+00
1.986183164967868953e+00
1.940579079026829135e+00
2.112952236255107419e+00
1.913758418168284736e+00
1.876735423516777246e+00
1.684803683773104410e+00
1.878111914205597976e+00
1.666387000635932925e+00
1.278786062279562374e+00
1.607151869995259830e+00
1.677418825364242583e+00
1.602437577349275388e+00
1.931518016630788814e+00
2.023948154795859988e+00
2.182566309214850619e+00
2.155436576493028333e+00
2.214479073977346335e+00
2.030741318919206062e+00
1.827666799710538914e+00
2.108797769068599948e+00
2.219450622166756038e+00
2.493950603107441655e+00
2.362996109069387174e+00
1.997808155527897034e+00
1.520615559917366522e+00
1.630453265060948453e+00
1.273225450617856636e+00
1.302209167721386285e+00
1.363255004960556294e+00
1.377964828811271358e+00
1.350243281910563198e+00
1.535883821961859796e+00
1.608282025533785076e+00
1.474139307062497739e+00
1.425549065338597821e+00
1.490252796756125875e+00
1.128510712353125278e+00
1.277642923822295051e+00
1.306415705009010386e+00
1.829567271308359722e+00
1.819008034371602633e+00
1.935451682536042384e+00
1.938304684415827595e+00
1.633735536530515509e+00
1.479829778415238328e+00
1.099584358262863937e+00
1.422417414543969194e+00
1.112866863840128451e+00
1.219630507350404347e+00
1.393890848403030347e+00
1.538340301568235091e+00
1.611718763477690830e+00
1.692311687979950463e+00
1.492666157566554297e+00
1.385358176382858408e+00
1.586535979642794025e+00
1.603128536011202421e+00
1.096741700742229320e+00
1.168352848201977379e+00
1.431255741216111987e+00
1.432800266511335296e+00
1.553206260460255006e+00
2.061101869590996838e+00
1.995802502173151582e+00
1.727871565080778771e+00
1.821294757503890471e+00
2.072288666159991966e+00
2.166273048173312343e+00
2.318611789932940592e+00
2.340260279156239687e+00
2.006876368659923138e+00
1.788003716955095745e+00
1.912508172413305729e+00
1.958372339726399902e+00
1.669694798046913453e+00
1.450466505053911170e+00
1.879451204050346824e+00
1.931191589411016984e+00
1.828815842362002675e+00
1.463429522064909172e+00
1.524640349733988653e+00
1.546249544897329020e+00
1.768244392166737233e+00
1.441592874047806117e+00
1.698324954084112326e+00
1.818013324905284556e+00
1.737445744242205992e+00
1.814857374952855595e+00
1.644264749804241310e+00
1.582113056877880286e+00
1.476268619046531061e+00
1.710269046294030204e+00
1.683954007356797122e+00
1.648275855218823693e+00
1.678106539629153238e+00
1.384735103562364955e+00
1.475738039002356894e+00
1.534183109866120276e+00
1.109137998663188185e+00
1.312443805460138169e+00
1.362852731756444058e+00
1.132880753890369796e+00
1.395466371857197352e+00
1.682024767146283795e+00
1.803109224395049059e+00
1.575985195371667702e+00
1.918573285888384605e+00
1.695892076035156570e+00
1.514929896581583613e+00
1.764761828364704854e+00
1.312816105698241476e+00
1.292360606824409786e+00
1.537075281523895942e+00
1.724241154484841720e+00
1.562559298064074786e+00
1.536614310023237895e+00
1.592269256179108972e+00
1.570633997490117562e+00
1.403337588378367862e+00
1.396070855100861596e+00
1.533914272363580578e+00
1.616980813736397682e+00
1.563345692465470727e+00
1.448190392213594357e+00
1.804186843061812873e+00
1.697875391727961647e+00
1.484506326589659642e+00
1.596661798853462599e+00
1.980370510946108498e+00
1.977621434591073202e+00
1.589222337905793703e+00
1.569705569521097077e+00
1.503321551319968252e+00
1.843136150233251946e+00
1.857317632329151369e+00
2.194496566323078657e+00
1.704068184183577861e+00
1.362976352110747857e+00
1.707893239746076874e+00
1.952825383494262157e+00
1.920652044494701061e+00
1.733344264114287103e+00
1.845543807660892099e+00
2.214806034313591354e+00
2.043536901883312051e+00
2.061086887555528602e+00
1.797204144782534874e+00
1.620788844162457387e+00
1.695612055918030325e+00
1.843359785148840801e+00
2.115242424285369349e+00
2.491626312937638144e+00
1.878225965706608935e+00
1.929570721739803263e+00
2.055673972531562921e+00
1.876726701321502766e+00
1.842136511539603339e+00
1.466491285088845853e+00
1.896367960709659073e+00
1.694646605382603255e+00
1.653320046389574305e+00
1.432366961157403695e+00
1.733607146993902948e+00
1.499450235991167446e+00
1.431980030883651667e+00
1.437164357286457639e+00
1.587197682661253717e+00
1.443395038269520647e+00
1.565272814217761432e+00
2.002358880331288393e+00
1.868358656111270832e+00
1.771883565563837415e+00
1.553360541948637596e+00
1.404340873840396409e+00
1.505844561999950537e+00
1.336413738886202962e+00
1.253545036583960659e+00
1.045101070899003393e+00
1.461586523796692738e+00
1.589128104062363711e+00
1.662837833931209097e+00
1.380035894208641256e+00
1.739126967692982806e+00
1.846444429280066801e+00
1.467772749770276164e+00
1.661413355619362209e+00
1.784043106856582073e+00
2.124041571966170938e+00
2.000590629396858500e+00
1.498284364255365375e+00
1.988443796844335809e+00
1.861551710034474727e+00
2.217549333506218190e+00
2.368711177196377804e+00
2.326468089111373594e+00
2.095824242230046153e+00
2.197913871368918581e+00
2.478938259755433027e+00
2.136873606515149238e+00
1.864685664048852054e+00
2.044435816109452908e+00
2.317906588652998590e+00
2.008368916200417686e+00
1.966940201719048709e+00
1.666707687831503026e+00
1.918651965376047874e+00
1.928429574028656113e+00
2.078618286912324642e+00
1.959066466253687411e+00
1.465368203453648155e+00
1.717394152718390687e+00
1.801245084111008143e+00
1.725949156983081823e+00
1.841661456244396478e+00
2.023757041227412401e+00
2.024498425507379462e+00
1.746865496484803160e+00
2.053570008502423327e+00
2.057552005075720558e+00
2.523837110650875903e+00
2.583195110423493368e+00
2.085092792152142938e+00
2.344560340482262806e+00
1.850920001233194556e+00
2.096476563729527065e+00
2.183066772658007970e+00
1.962242239694631740e+00
1.987995317782782267e+00
2.479367028001377982e+00
2.323271611517016222e+00
2.285998985832900843e+00
2.431490433322561984e+00
2.556333565370557004e+00
2.148077926909750524e+00
1.806777608208884445e+00
1.738665406765801169e+00
1.673875111652035619e+00
1.815930867059398324e+00
1.598542353924170989e+00
1.681821765424636572e+00
1.693156923987474860e+00
1.728894324804736371e+00
1.762805942268615089e+00
1.458482774389482151e+00
1.728888560482497061e+00
1.979255449186427818e+00
1.741694193905225507e+00
1.598924590870084428e+00
1.727076513459050888e+00
2.098760983172428762e+00
1.775461112259268281e+00
1.536569477841828624e+00
1.341487708585769711e+00
1.452675313541140767e+00
1.687801233392856037e+00
1.240500682862576198e+00
1.561347760846899746e+00
2.031462415559425860e+00
1.889935280990878930e+00
2.218793425462359803e+00
1.989857506525191555e+00
2.100000203546829258e+00
2.017280290798040276e+00
1.508482920555652917e+00
1.659117563247167526e+00
1.459294425685622620e+00
1.191085439387846057e+00
1.260188455109444661e+00
1.260443399280253063e+00
1.357719795269657359e+00
1.468278887189678805e+00
1.433081919860845765e+00
1.362465181967040806e+00
1.567098984647188775e+00
1.680274827958636141e+00
1.726080150557910642e+00
1.936412811760081398e+00
1.879813480375450929e+00
1.655824610378913819e+00
1.617287629914020641e+00
1.744384710981678799e+00
1.689024673924779840e+00
1.603644677625611470e+00
1.757671676327194676e+00
1.617508836148175311e+00
1.960833017671738787e+00
2.071262058366648784e+00
1.926958992137655535e+00
1.572232954310909037e+00
1.611897167103687467e+00
1.433064611786791787e+00
1.404952514656641949e+00
1.463413369917356821e+00
1.418084932410896171e+00
1.880087143782275483e+00
1.637589595708070611e+00
1.427793658343463612e+00
1.535123468466428553e+00
1.391479733353338410e+00
1.631454988277111440e+00
1.792853410200454523e+00
1.959736110010092291e+00
2.218724396744316429e+00
1.737561269663967956e+00
1.415823504589514004e+00
1.729968493291638598e+00
2.187064266280321245e+00
2.100288886540331301e+00
2.031308096201522417e+00
1.483657756526811644e+00
1.615937749570385051e+00
1.973094852193400861e+00
1.518124343640117280e+00
1.705745872223480397e+00
1.425441245354308828e+00
1.850686304321462305e+00
2.272864180658460853e+00
2.245366626612598449e+00
2.218500691720004081e+00
1.691104101128542370e+00
1.772041763358959798e+00
1.462022418260343848e+00
1.964750252120879725e+00
1.915879186906958243e+00
2.109931794906572122e+00
2.358573137462305791e+00
2.245649293535119551e+00
2.142304729633872640e+00
2.039243085281046586e+00
1.803150257355485397e+00
1.701910638630435457e+00
2.052388836271334949e+00
2.131502313103640134e+00
2.483048218361507242e+00
1.925017563463510051e+00
1.713080413639723965e+00
1.818346271008924209e+00
1.933028239361084477e+00
2.116721961915799977e+00
2.145861584342285688e+00
2.191927836996216516e+00
2.226423955416322542e+00
2.224863293043117363e+00
2.309062462428115747e+00
2.131581909049668599e+00
1.851492688383291174e+00
1.474418398502963301e+00
1.514709646315712366e+00
1.384744770562962968e+00
1.370152646105011307e+00
1.298742446944026518e+00
1.266772994199663716e+00
1.394574688018203723e+00
1.618985056195507033e+00
1.462238259342048430e+00
1.477395476847753963e+00
1.415794197840271273e+00
1.425384089897531403e+00
1.531309025558969195e+00
1.426535303585514169e+00
1.654336429543508791e+00
1.743007076712227432e+00
1.640339982474678937e+00
1.721177209631146843e+00
2.185862403006997301e+00
1.921297046131365427e+00
1.795265593242843183e+00
1.425206768544059921e+00
1.692152120790919145e+00
1.397535096021450318e+00
1.538587766553031422e+00
1.479637169343215763e+00
1.735686747893830706e+00
1.921258215310768680e+00
1.885048378176838346e+00
1.951569697009785997e+00
2.111024535730224194e+00
1.993042608768864188e+00
1.388953217807112894e+00
1.227340643144971599e+00
1.203531525189336371e+00
1.341422654089207800e+00
1.610185578015863150e+00
1.496466292024961398e+00
1.509081460148387510e+00
1.312802946351538713e+00
1.525689256063930799e+00
2.056458063603004316e+00
1.805500600126159760e+00
1.754346825425735945e+00
2.016266269274541667e+00
1.977957464529145781e+00
2.040477122771472640e+00
2.189985124487794810e+00
1.727611733240477676e+00
1.672425974789396141e+00
1.477578478302427500e+00
1.451122531261690440e+00
1.463411116602161499e+00
1.912444319997514741e+00
1.855512101954680082e+00
1.557585727083001359e+00
1.560924910059619419e+00
1.868501186630203925e+00
1.613326828368015997e+00
1.710453781063095535e+00
1.969716664337139989e+00
2.267967472290625786e+00
2.147977614286644688e+00
2.165696391945286958e+00
1.680450206568274485e+00
1.533229247374251702e+00
1.848314681377262403e+00
1.731279520807272876e+00
1.831102331195861410e+00
2.008521898809819906e+00
1.737310695574389108e+00
1.955242744721503279e+00
1.954410815401790735e+00
1.587128508863583809e+00
1.628446668799671260e+00
1.764653010363495866e+00
1.549910185120963346e+00
1.382027093138845641e+00
1.729028616109365535e+00
1.698899608743188239e+00
1.198562092068064855e+00
1.517180732957704059e+00
1.451244658457514936e+00
1.705219936344727572e+00
1.640307098562853838e+00
1.560879212735760468e+00
1.660422236736548207e+00
1.603812493921794147e+00
1.749210527865199927e+00
1.657522891163695000e+00
1.700243805923361995e+00
1.994738647985805802e+00
1.695842594533810477e+00
1.913401016063239757e+00
1.945695054797090595e+00
1.858018868023414871e+00
2.327387192432864182e+00
1.979155823723818486e+00
1.636861132981232148e+00
1.707593308306217583e+00
1.767252278613231198e+00
1.952589511872222294e+00
2.285453082820349202e+00
2.360597550696581504e+00
1.868114910866460754e+00
2.118424548213949432e+00
2.076079053320110557e+00
2.018649714980138565e+00
2.671847829806507146e+00
2.458272233607909474e+00
2.367648321653294641e+00
2.581424772728103889e+00
2.453787757510919487e+00
2.395436013754824511e+00
2.229949292405690731e+00
1.889475328838088330e+00
1.937576289714423083e+00
2.157023675709715871e+00
2.003057471812186296e+00
2.031922985852447905e+00
2.064056915687011884e+00
2.109858982717797371e+00
1.637466785912121470e+00
1.580566676948941707e+00
1.749120238638323777e+00
1.750007972793297562e+00
2.012900940707325503e+00
1.995280254634509864e+00
1.982493530081981703e+00
1.563672699898527307e+00
1.795378029679611576e+00
1.720293216362708932e+00
1.615830719686056405e+00
1.705300514428827130e+00
1.598006255090754335e+00
1.502027170206787332e+00
1.462918069995501558e+00
1.434233105480801740e+00
1.528449165648180230e+00
1.730276863278000565e+00
1.742588309108422884e+00
1.838064494624529033e+00
1.590578909834197141e+00
1.881891253644992990e+00
1.786996124870083635e+00
1.853257050745161783e+00
1.723837468770253567e+00
1.610829449869126906e+00
2.055247933744461797e+00
1.844066570426493135e+00
1.666999898515663547e+00
1.455723358186467919e+00
1.693141118813706658e+00
1.544077914803225982e+00
1.548736114451891854e+00
1.767024833642858672e+00
1.704717765815252806e+00
1.928399960606990593e+00
2.316016940583526473e+00
2.054300181504459033e+00
2.031132781633167461e+00
2.218223729035632807e+00
1.781513890439926584e+00
1.722722370996297103e+00
1.384093180606821960e+00
1.437564242574455475e+00
1.074205447236487698e+00
1.570685573625784759e+00
1.489120141936672193e+00
1.682962454711197653e+00
1.788700131133434956e+00
1.858627017228563494e+00
2.055747962888295088e+00
1.676589135247318341e+00
1.966949776866126376e+00
2.339364710909012324e+00
2.154304272126875475e+00
1.672128593621671433e+00
1.605753978298165130e+00
1.413801916899440680e+00
1.500414101561851954e+00
1.506546812481173614e+00
1.434703115496133830e+00
1.482522708924439714e+00
1.589257854543614235e+00
1.678616435109392846e+00
1.593160874366105428e+00
1.866735348229951574e+00
1.665623798008648571e+00
1.524253792309394839e+00
1.639440032776966705e+00
1.594705817478247356e+00
1.516443546659562713e+00
1.688541061977968161e+00
1.810463029121323508e+00
1.434806109489792147e+00
1.358854351667355687e+00
1.698665811884791044e+00
1.934937117161677156e+00
2.094774045816467645e+00
1.921800529195182961e+00
1.916543998803662552e+00
1.496941496079174705e+00
1.431397139226873172e+00
1.658480784301091582e+00
1.665859889760832546e+00
1.580097798729537928e+00
1.333990629352018509e+00
1.304218396984673456e+00
1.254740863990970068e+00
1.377443326280560099e+00
1.283286390191029191e+00
1.422777539075565034e+00
1.444534845665598422e+00
1.500645748835963467e+00
1.564302402674957460e+00
1.222273982913981483e+00
1.552053451347288560e+00
1.660925542678738598e+00
1.949351587882419246e+00
2.145418478070074020e+00
1.909782815699864855e+00
2.111921009050843345e+00
2.036236015391336807e+00
2.609228080383537929e+00
2.147134863185925280e+00
1.851543498111373198e+00
1.524379677088920637e+00
1.395488690988276659e+00
1.471112799778502955e+00
1.967308815936065436e+00
1.992810160562873412e+00
1.725000710718119112e+00
1.931636812266929626e+00
1.965659246109254354e+00
2.030567703576331873e+00
2.310038920553449504e+00
2.252343652505389926e+00
2.118648544720956206e+00
2.220289737057623558e+00
1.949834372863419096e+00
1.718636071102089380e+00
1.663071559912669972e+00
1.872201651196141459e+00
1.655093202912663486e+00
1.878552873472714158e+00
1.996255575846719754e+00
2.023339748827522655e+00
2.281673289035041741e+00
2.257791770305860979e+00
2.026481414414800675e+00
1.828489298614356162e+00
1.805930292615170574e+00
2.061940705048348033e+00
1.992759604818575614e+00
2.002063363496277670e+00
2.111130357506943334e+00
1.951273175561818451e+00
1.593545305147160196e+00
1.981633610718100513e+00
1.779119103113633971e+00
1.465841887435821889e+00
1.602295389372587753e+00
1.747206938618975913e+00
1.581591919782299849e+00
1.838295044297110881e+00
1.884410419940677928e+00
2.168027433913140012e+00
1.658209405045130147e+00
1.660011842235584290e+00
1.683769480107121241e+00
2.023992773978533943e+00
1.660579213934286535e+00
1.544664226374821370e+00
1.659672537812205251e+00
1.420308355328862682e+00
1.458731742592759284e+00
1.426672581871480938e+00
1.715744577023966544e+00
1.486324251013104503e+00
1.359311134866177273e+00
1.330557014741066357e+00
1.393107369162531306e+00
1.489180021158337697e+00
1.588286014659559875e+00
1.692939847508977413e+00
1.887854026079497149e+00
2.031738042675739209e+00
2.011135774240591090e+00
2.296282742989455894e+00
2.441607088618607424e+00
2.627699555197882564e+00
2.452671180757061364e+00
2.148783089895365261e+00
2.301481159811563426e+00
2.195988877736149814e+00
2.032923994863501171e+00
1.459030394478108672e+00
1.448824894168082578e+00
1.812816356334668200e+00
1.797548880046864417e+00
1.922617426283949271e+00
1.912990677495397307e+00
2.099114881301581637e+00
1.903114359917261744e+00
1.814694930103820880e+00
1.693275312465697624e+00
2.069093606821660991e+00
1.466274612742564987e+00
1.878983167697735768e+00
1.901422998550550858e+00
1.627543184999090009e+00
1.406007119372430392e+00
1.381818147416137066e+00
1.388892829094170223e+00
1.623494472790194765e+00
2.148817885010267048e+00
2.166818536115733718e+00
2.284575303579041705e+00
1.565256577623152401e+00
1.333131790516145720e+00
1.086732675476763887e+00
1.446007309806774277e+00
1.607968052687392291e+00
1.487260179864197340e+00
1.369233777523044537e+00
1.309220179987692800e+00
1.196785359550134320e+00
1.412602020069366304e+00
1.199535751945479012e+00
1.392930504881096487e+00
1.211485818794218350e+00
1.579070333897051093e+00
1.344409419768797909e+00
1.049222612079737438e+00
1.346055701426660312e+00
1.539971309365644414e+00
1.736574215594097526e+00
1.881635319768042214e+00
1.827223279091676478e+00
1.923204318765244558e+00
2.487704757381876686e+00
2.123770401746100767e+00
2.503874603960411616e+00
2.402506278874864343e+00
1.994560833470321093e+00
2.272786973718165182e+00
2.273777438250834226e+00
2.580780564044694803e+00
2.207317113426302768e+00
1.932652163425902403e+00
1.640883200200366820e+00
1.771050274108919131e+00
2.150855556087813536e+00
2.008999963138279998e+00
2.056784451272196446e+00
2.033353629176259503e+00
1.409626157265317037e+00
1.525346352307449527e+00
2.004385833289266117e+00
2.143959772928703877e+00
1.876932716283658209e+00
1.906042006390664234e+00
1.796241605458740453e+00
1.628155628299345015e+00
1.609241686494265355e+00
1.443205810832643543e+00
1.765673739830984523e+00
1.848199420530355130e+00
1.719779761400446860e+00
1.579092616687638229e+00
1.565948761793274358e+00
1.748055701188447220e+00
1.648990885919438432e+00
1.593093015134595447e+00
1.966764998152682686e+00
2.069781134443621884e+00
2.138652088017711783e+00
1.635749151776901833e+00
1.939371651732721524e+00
1.858385579358982742e+00
2.126222229777535055e+00
1.972987622700321797e+00
2.282990859605994238e+00
2.190536145681543534e+00
2.303572947286363526e+00
1.961014628610932453e+00
1.951475543130559265e+00
1.467844736488363555e+00
1.611074744948315818e+00
1.548940154421240223e+00
1.554958502983468716e+00
1.278649801748253267e+00
1.508065409170304072e+00
1.299190369963338032e+00
1.410714877386687327e+00
1.482356082828818700e+00
1.305338891655954292e+00
1.383868113936741029e+00
1.317607246442648927e+00
1.327492525946256219e+00
1.406688042635469982e+00
1.439586208772198228e+00
1.593546269311995722e+00
2.019433238138526487e+00
2.004158882602103287e+00
1.773264774604891292e+00
1.303600639980156961e+00
1.827937668149720141e+00
1.721027251616302767e+00
2.081973408575207518e+00
2.201237032304526497e+00
1.892856537558238017e+00
2.085482843945460463e+00
2.226262476231215537e+00
1.922678766565363295e+00
2.048165960769515959e+00
1.855946562970451019e+00
1.585458988742067143e+00
1.717731533482934836e+00
2.248423989630318420e+00
1.639593053429670322e+00
1.726469537969288259e+00
2.158425596981006223e+00
2.122098663317600220e+00
1.797905601328026792e+00
1.756240812712990262e+00
1.650289557713352950e+00
1.605876967291352875e+00
1.645012307337588187e+00
1.608699643998521056e+00
1.428568405920017881e+00
1.181141499776144910e+00
1.138169814557289605e+00
1.274577654750057576e+00
1.515799768420877269e+00
1.949543795451765149e+00
1.807705330423273971e+00
1.754233861416440554e+00
1.785798620820341798e+00
1.765078714533773185e+00
1.877398824968925739e+00
1.491706850187971334e+00
1.378351623106907953e+00
1.482076574593355733e+00
1.822218776409007424e+00
1.853645521096783044e+00
1.720277844959488878e+00
1.614496890449453437e+00
2.124399146744371247e+00
2.288168190833173021e+00
2.244851438141713285e+00
2.145931677095714196e+00
1.467863893188764202e+00
1.527611769605693448e+00
1.571793421949466918e+00
1.353040904065155203e+00
1.633329778974204949e+00
1.427374722490221570e+00
1.694930148997168873e+00
2.160266870152954599e+00
1.837724661792989211e+00
2.232529058260748211e+00
2.392409290298383340e+00
2.282974135795520887e+00
2.233770807739330788e+00
2.323663067131373605e+00
1.751261636507104313e+00
1.760240272504931758e+00
1.570857066131273516e+00
1.952926513254591434e+00
1.817440826892554817e+00
1.554345028609822599e+00
1.368526000905777806e+00
1.658586900968955113e+00
1.702940381859066044e+00
1.556718196271994259e+00
1.605172748170537789e+00
1.362945826136773286e+00
1.749759147179054342e+00
1.671518455891288557e+00
1.767527942284179865e+00
1.568160437750243164e+00
1.720302088543802954e+00
1.365350540445970928e+00
2.234562561551039828e+00
1.906399551134302373e+00
1.697880199390729095e+00
1.470329696239965678e+00
1.554591100945751814e+00
1.635942190661552775e+00
1.384342919043539455e+00
1.696546798091149499e+00
1.656726398754965190e+00
1.306744710271600773e+00
1.168804447432670868e+00
1.165561772251678230e+00
1.156708541414433133e+00
1.235392133053486274e+00
1.441444141397170808e+00
1.846961854214041354e+00
1.522059917110612171e+00
1.451802467126909635e+00
1.250724169061054880e+00
1.372987159420408609e+00
1.252863327272431881e+00
1.733046169976931949e+00
1.896403403229532492e+00
2.235272887197674585e+00
1.746517130779268845e+00
1.331943892314899625e+00
1.206972295505820636e+00
1.504397421877790908e+00
1.357917080679674759e+00
1.186436032729191181e+00
1.255513384929172638e+00
1.736430168638012805e+00
1.869036447176264604e+00
1.497571982965306026e+00
2.087335895419955012e+00
2.123149370331280039e+00
2.157023788005543175e+00
2.119409967545851980e+00
1.645836102374843568e+00
2.570723046021610614e+00
1.907407253430098315e+00
2.382026127376196012e+00
2.102378483075689086e+00
1.896718435466796082e+00
1.776293178453231425e+00
1.442027959541593907e+00
1.677194740021066721e+00
1.849385843153973141e+00
1.752855016069415628e+00
1.747075188260351908e+00
1.952875296650783632e+00
1.716322386769332020e+00
2.051097845112405338e+00
2.129878826414816739e+00
1.934409278440099689e+00
1.870446148864848057e+00
1.500121160623921313e+00
1.421684288206050972e+00
1.479054776941842730e+00
1.502771530138488298e+00
1.392695938956159729e+00
1.131353874953733074e+00
1.955006034023235806e+00
2.276647754338339880e+00
1.875061726695355091e+00
2.195865519101713126e+00
2.359192472755184067e+00
2.221380028124082084e+00
2.154565025826799207e+00
2.117248204329433392e+00
2.335909448375326658e+00
2.273149046203429613e+00
2.253662198928023663e+00
1.914210808417625476e+00
2.149722532713614243e+00
2.252582835943170547e+00
2.033061111698847956e+00
1.874353346970651701e+00
1.655080341713364822e+00
1.572642818554904398e+00
1.482098379466055382e+00
2.153853855812009055e+00
1.820293266359737760e+00
1.804923548299794067e+00
1.426622152914852393e+00
1.595761005159780810e+00
9.811329279954256188e-01
1.516814650374540108e+00
1.663432056264099401e+00
1.713095115455227635e+00
2.036477807006254803e+00
1.617479946674851510e+00
1.779720294216086574e+00
1.552268682005998990e+00
1.585172930012688663e+00
1.440559974621744344e+00
1.533685943427685050e+00
2.008049391735739153e+00
2.133657886944982263e+00
1.798805360702202538e+00
1.867880508212193424e+00
2.086396153858649072e+00
2.253449485599096302e+00
2.019017218101541999e+00
1.753425328438223518e+00
1.707294114933273876e+00
1.690273490984280702e+00
1.758564777968887771e+00
1.266729012825664524e+00
1.967681929195127966e+00
1.511276718340503145e+00
1.598359207382519465e+00
1.492055803331578501e+00
1.675887902189701073e+00
1.426897762626760491e+00
1.653156003959489029e+00
1.940043211582069382e+00
1.621705172694422048e+00
1.472383062326997116e+00
1.595320456868944747e+00
1.608641130935771546e+00
1.782257918595590240e+00
1.841413625765877304e+00
1.924891283461716673e+00
1.608725857688243721e+00
1.732935150212725040e+00
1.712369970093033267e+00
1.561991954641407387e+00
1.640397348828770419e+00
1.462019809735050302e+00
1.783308006834602555e+00
1.350292140367081117e+00
1.245152056453885159e+00
1.650538225331733333e+00
2.232180602706966610e+00
2.408383326912372002e+00
1.902754714010871595e+00
2.089941674370789482e+00
2.086592973692936059e+00
1.966277189030970263e+00
1.975873955092038559e+00
1.707084401028020171e+00
1.502591858458905305e+00
1.508791803250377983e+00
1.897402830848348376e+00
1.798221823762619964e+00
1.466166205391074451e+00
1.457405295357131259e+00
1.246152494721668447e+00
1.399314750937975305e+00
1.377752647440711353e+00
1.235199806483175733e+00
1.622755653370347106e+00
1.676337395734258884e+00
1.831457677339230372e+00
1.278725192830545643e+00
1.311631775228314423e+00
1.707118803168348409e+00
1.888448223262539916e+00
1.773858437731645310e+00
1.701526998431906579e+00
1.871014569026084207e+00
2.009510668421495172e+00
1.762703003250150280e+00
1.828344504489112898e+00
1.849152047428817447e+00
1.797398225148362672e+00
1.869054316792237103e+00
1.917151957529853235e+00
2.139852184633622478e+00
1.929250263561042678e+00
1.371876741863802707e+00
1.752005826962909296e+00
1.903653076262346477e+00
2.033480574336933078e+00
2.029812127918676712e+00
2.088942666295323214e+00
2.151229565012326095e+00
1.716526920169765935e+00
1.512390585879959559e+00
1.629915220506174878e+00
1.600211546111868222e+00
1.633704789306569261e+00
2.150962440731160275e+00
2.031990906133172459e+00
1.922675830611358272e+00
2.014760432700227533e+00
1.712174586523350861e+00
1.915387861827167804e+00
1.847579468255481805e+00
1.591976989040598589e+00
2.006427581605091159e+00
1.872540500001569130e+00
1.699539314000361845e+00
1.442318100206833265e+00
1.837361428296148347e+00
1.735736808990419267e+00
2.049563316477541974e+00
1.973763297288299690e+00
1.739236888073566467e+00
2.214196027986084392e+00
1.957938374246654734e+00
1.798272143098613274e+00
1.695286422501391943e+00
1.819276151938063357e+00
2.470620173863611768e+00
2.027614907846574166e+00
1.878821148561359067e+00
1.830391276519074184e+00
1.495207496821529203e+00
1.555248956515492553e+00
1.294430075641763933e+00
1.433492662464801892e+00
1.451410909402258254e+00
1.314180483106709429e+00
1.346655880738611755e+00
1.334257915742163014e+00
1.651005703527710144e+00
1.545892573984869456e+00
1.632063123039308339e+00
1.839112516298533340e+00
1.427958064371295244e+00
1.381080564282521017e+00
1.604792510912079528e+00
1.257613867265163776e+00
1.408840491095785019e+00
1.372099527134564845e+00
1.269754538011712564e+00
1.387625375803535954e+00
1.155676009956135619e+00
1.112953801008654375e+00
1.335974273488684361e+00
1.292322420126749360e+00
1.434648679366229196e+00
1.516564652436440674e+00
1.978029231629623297e+00
2.095715093799400019e+00
2.149693911365468058e+00
1.814057083316287677e+00
1.827614119353068167e+00
1.180210217648782978e+00
1.459096372344510506e+00
1.739868815448448958e+00
1.620717687346766800e+00
1.365974561247127905e+00
1.294897464945226950e+00
1.281686566084161427e+00
1.328931586530504472e+00
1.718204451984942427e+00
1.581723720961281110e+00
1.758856153602523342e+00
1.896314752985401419e+00
1.744025051621109546e+00
1.679835356117726164e+00
1.424540601929006334e+00
1.268004136354021760e+00
1.525557582250296695e+00
1.510938398930973925e+00
1.610703306925051592e+00
1.387417450825001675e+00
1.468492352656758371e+00
1.155141794991959792e+00
1.182861158824563663e+00
1.551142634859986602e+00
1.973102621308723048e+00
2.115016605638336156e+00
1.970432218156629833e+00
1.747264367965526866e+00
1.771370004111703977e+00
1.723066954141408758e+00
1.877992190326003286e+00
2.180205628794788630e+00
1.749354646914641709e+00
1.326677213023919277e+00
1.496232980396820622e+00
1.636216950864047837e+00
1.556362223489232921e+00
1.502096458662274481e+00
1.879968135790734074e+00
1.615040460327086480e+00
1.978644998375232777e+00
1.680724548960317977e+00
1.615128680667054617e+00
1.592006218444387500e+00
1.443056251517563338e+00
1.599806297846604775e+00
1.377065616479105081e+00
1.501174319573236549e+00
1.640419674858824450e+00
1.504703624092869951e+00
1.839429383963874898e+00
1.981820925987286763e+00
1.931431067516323985e+00
1.824624894127297559e+00
1.580941328819088110e+00
1.959231194076913374e+00
1.775471077572331469e+00
1.987179157152616726e+00
2.156365544830823211e+00
2.001855416090723594e+00
1.809317416854742788e+00
1.515049299992073495e+00
1.445625918910303342e+00
1.803475658446337393e+00
1.545652284431784373e+00
1.763955758611169600e+00
1.694961270061058123e+00
1.527332777552059762e+00
1.669347083089047334e+00
1.405940548370073984e+00
1.442681669916359821e+00
1.532069383619634406e+00
1.508203174115412271e+00
1.435827084317868430e+00
1.648953887912014693e+00
1.806516963518642660e+00
1.963694411366277537e+00
2.078310219374857937e+00
1.783899336189936680e+00
2.203965936149369309e+00
2.214703010300697716e+00
2.185664862626965910e+00
2.467973428196805763e+00
2.162936627247439958e+00
1.909218113232061143e+00
2.121142727222790736e+00
2.114053638595458029e+00
2.022846071238595833e+00
2.062557024826245922e+00
1.863837461415743135e+00
1.676421370459612037e+00
1.589796906467777271e+00
1.435824761050570775e+00
1.391496597499661592e+00
1.539463457301106786e+00
1.260665748845895218e+00
1.643861783784060115e+00
1.797589519088768073e+00
1.869877397400028229e+00
1.927692963261669723e+00
2.202764149618239298e+00
1.873108671045037088e+00
1.804047279005253079e+00
1.561766343214448849e+00
1.805646382342248835e+00
2.596878348127488856e+00
2.459057685450384945e+00
2.355683566811539453e+00
2.188416942616941085e+00
1.890577103846525775e+00
2.152009904506092308e+00
2.344486287317616657e+00
1.879695138758768369e+00
1.822406490754039599e+00
1.851100121312700963e+00
2.218954752191027335e+00
2.303710815492993724e+00
2.742968569100481258e+00
2.514494616071377475e+00
2.397880328799748106e+00
2.260915608083752470e+00
1.900635618627098955e+00
2.440375129667127219e+00
2.098110793198031399e+00
2.094222244153374213e+00
2.168670879063737456e+00
2.040842620192566237e+00
2.404421644860274654e+00
2.142758608916150109e+00
2.194337048542519764e+00
2.043978283094872062e+00
2.202671633186202182e+00
1.570401895622153932e+00
1.635320713695831873e+00
1.904065985584743492e+00
1.470556392944253776e+00
1.279143794136340162e+00
1.932895638353249401e+00
1.414033753748094480e+00
1.761396190779112025e+00
1.173308791844263954e+00
1.058976408051678586e+00
1.540678781316998203e+00
1.760319106278513734e+00
1.856630881275788569e+00
1.797028409176531172e+00
1.734512039074496359e+00
1.595941932969399124e+00
1.605716123010188401e+00
1.569571492981281846e+00
1.717107026838784023e+00
1.573554650852334369e+00
2.007600360493773106e+00
2.036220910873033585e+00
1.695998628132854735e+00
2.102814917768430103e+00
1.903501810910030789e+00
1.781804082791189403e+00
1.881357423181249988e+00
1.534098641827255083e+00
1.554582359099265787e+00
1.729462633913288805e+00
1.670248499591504787e+00
1.594390275113467537e+00
1.598326964585321974e+00
2.088037878767419198e+00
1.858726626115439817e+00
2.047266604529565104e+00
1.793332753746238684e+00
1.705727872548648438e+00
1.562419912813107103e+00
1.798165677498391846e+00
1.812876541755748860e+00
1.972619002384346176e+00
1.760760864120330726e+00
1.701816384593877407e+00
1.622047760319375698e+00
1.763872723291261213e+00
1.760205168093829542e+00
1.801406960723961337e+00
1.562466424251931052e+00
1.404249703823674977e+00
1.237104622725967662e+00
1.293244657291362287e+00
1.525181091173650749e+00
1.469395581376915061e+00
1.387617026179581270e+00
1.349943945055728678e+00
1.465976997176023033e+00
1.698146429903142351e+00
1.190157781003012394e+00
1.219963079280819152e+00
1.530986039995532844e+00
1.269407390707136152e+00
1.951055730677962119e+00
2.045208535245649273e+00
2.022059854698612380e+00
2.075153725903367441e+00
1.920183435785292492e+00
1.818143667053047752e+00
1.965032066518340503e+00
1.954101588781066656e+00
2.151419557276756489e+00
2.038791116510054291e+00
1.948143592682012315e+00
1.466492384271306904e+00
1.835062264924398168e+00
1.656708409020882788e+00
1.410337009432029776e+00
1.605091944948135563e+00
2.074159840620168449e+00
1.781782032929710713e+00
1.576620314962809077e+00
1.592792238431006036e+00
1.532872767853499685e+00
1.728905272909252666e+00
1.430473412934124333e+00
1.580400967120088263e+00
1.955434751754088651e+00
2.529174592184195269e+00
2.412097269906186447e+00
2.422613757292574110e+00
1.786439399200991041e+00
1.707440267901719100e+00
1.182009674434157720e+00
1.111263109346610545e+00
1.592508363723990517e+00
1.703150424723157474e+00
1.615344321547773632e+00
1.715567100527831235e+00
1.783449575149887778e+00
2.213346338381823930e+00
2.018041345190054070e+00
1.889049011457965221e+00
2.068956402784470683e+00
2.266963164033961142e+00
1.760227516144418747e+00
1.538236176713772441e+00
1.977526700598575493e+00
2.081764935198712418e+00
2.055900791132960759e+00
1.764552743189132578e+00
1.613452573517114352e+00
1.976701370746225539e+00
2.134525374452570290e+00
2.052213320757282133e+00
2.327936705311824728e+00
2.351403934815563534e+00
2.246165971768435909e+00
2.237860537632530011e+00
2.287979523379175539e+00
1.874343061940533905e+00
1.932084047418280326e+00
1.857033955220025012e+00
1.631654325487629897e+00
1.453495965983464977e+00
1.668181814449863687e+00
1.621442496906202013e+00
2.088215405473899278e+00
1.803511129772398469e+00
1.570551410756067190e+00
1.153758241262641482e+00
1.331803593244760719e+00
1.516677249819176954e+00
1.786754808290515584e+00
2.154256193389570750e+00
1.826632475611545736e+00
1.854891779280280151e+00
1.855032288901522053e+00
2.050975579809550808e+00
2.190253565190397822e+00
2.077261819687319377e+00
1.922137374391790665e+00
2.305417268449115653e+00
1.889142700534445440e+00
1.652978899602221219e+00
1.747211358361610456e+00
2.028736417787425861e+00
1.779442286828042619e+00
1.426416224188786552e+00
1.411268710443523533e+00
1.441044007141401018e+00
1.465312011595317765e+00
1.414956333209718364e+00
1.462641711761597296e+00
1.334634565919046612e+00
1.316341600787790167e+00
1.176183972423958002e+00
1.567184434740378274e+00
1.722591480098550676e+00
1.882240700576393699e+00
1.663904493204000579e+00
1.622373503654048754e+00
1.595309983492215311e+00
1.646351026410776131e+00
1.679098950377201582e+00
1.507142967250171717e+00
1.839726947501042709e+00
2.032613901487264396e+00
2.198968730436268615e+00
1.764955029322868629e+00
1.690477297949097624e+00
1.586528655300109669e+00
1.411859703104902053e+00
1.619251318970195586e+00
1.639713846864417235e+00
1.870207345848666991e+00
1.529241528137331274e+00
1.554717217988947908e+00
1.684283555809811039e+00
2.080696544056213515e+00
2.103879935036152560e+00
2.115667112832916086e+00
1.889127108767661767e+00
2.166707348179153225e+00
2.024591267771192360e+00
2.080208622968613863e+00
1.731351920842941539e+00
2.015416348132842206e+00
1.907363975205733642e+00
1.983931193313505092e+00
1.935236227507923790e+00
1.923149867184510420e+00
1.646106685941620462e+00
1.636329824594404236e+00
1.624784700283998795e+00
1.745395101591339815e+00
2.031850323210635079e+00
1.802508780005207756e+00
1.876014487020833732e+00
2.239335508242890516e+00
2.358380498483110710e+00
2.055100626264576569e+00
2.130032865833718869e+00
2.267305388944334421e+00
2.060964405012281286e+00
1.993743105234875079e+00
1.952145075723251910e+00
1.956125931724615796e+00
1.953702892215058107e+00
1.719536196297210218e+00
1.936644864532427013e+00
2.087917284512264882e+00
1.742831435536679408e+00
2.163399325732246137e+00
2.348195114609018308e+00
2.315123763091157638e+00
2.273410624758283038e+00
2.522357787990169964e+00
2.325298459630206871e+00
2.256118468337858562e+00
1.962615643590263748e+00
1.818931418664684108e+00
2.305218279007627213e+00
2.297022004460370859e+00
2.319707038049475756e+00
2.312008174200688160e+00
2.469992823442165086e+00
2.101528086978382337e+00
1.812465919597213260e+00
1.649244997051246830e+00
1.973610088228652915e+00
1.869643727515041043e+00
1.984624314251694832e+00
1.740667026773109916e+00
1.610250595479125968e+00
2.197456920335413955e+00
2.544918001132253416e+00
2.252110803809056261e+00
2.487554938024798101e+00
2.390302465790670183e+00
2.216037556638299488e+00
2.463206880287710732e+00
2.326136336071069177e+00
1.992566835283166915e+00
2.108981570058148236e+00
1.947060235082225921e+00
2.243235078180187081e+00
2.177584899733402413e+00
2.180748006264437322e+00
2.089997627846401418e+00
2.265271489942177308e+00
2.244984960386485984e+00
2.033067267157773639e+00
1.569822723336590675e+00
1.446969340190255249e+00
1.750392501402621592e+00
1.657217822588960221e+00
1.784302227663778773e+00
1.473584467777648621e+00
1.714215811870039019e+00
1.752665990013747566e+00
1.998393057356498748e+00
2.069128462041461614e+00
2.588216902784335804e+00
1.982324135808324117e+00
1.395618824944017566e+00
1.744108149254745888e+00
1.900067229871546859e+00
1.912584948015954467e+00
1.736184637929401253e+00
1.767179977340833874e+00
1.640818726447336617e+00
1.701098612342960115e+00
1.638221161717394070e+00
1.599829021552932495e+00
1.690361012758954562e+00
1.621236138753381573e+00
1.208445102380626412e+00
1.732447461953179335e+00
1.834126142364697287e+00
1.800698491140432012e+00
1.791060376502911389e+00
2.067825788134168175e+00
2.150173331388337772e+00
1.802526867224498064e+00
1.960345342184215855e+00
1.788104610505445224e+00
2.008673235855450656e+00
1.972103324418700954e+00
1.653932485736370639e+00
1.392536490776596025e+00
1.151054589814262119e+00
1.524852227078943301e+00
1.557908044759305000e+00
1.807951665672990149e+00
1.694468174186870346e+00
1.849821341992586632e+00
2.099319576829374867e+00
2.391198943934568444e+00
2.300401904903356609e+00
2.278043952904567515e+00
2.058088955651131702e+00
1.965675280007541659e+00
2.126377688787595144e+00
2.444113936427277256e+00
2.336003247605944466e+00
1.857618797154731105e+00
2.266637728415486830e+00
2.051386733482243763e+00
1.708443917204224505e+00
2.185568544592986218e+00
1.840350503386148917e+00
1.610970728888641679e+00
1.263240989890178412e+00
1.140826464932304996e+00
1.402111330345627849e+00
1.687462389543510355e+00
2.065765340680971729e+00
2.418175454971934535e+00
2.503940767456581895e+00
2.219952940411273445e+00
2.030797710136463152e+00
2.221983914272479321e+00
1.955059983725411676e+00
1.987203232344647574e+00
1.707676848251221458e+00
1.548860617655227090e+00
1.273505978263337557e+00
1.378694267187280609e+00
1.557982891285340621e+00
1.403111282361871659e+00
1.790691448931706731e+00
1.795753413919839447e+00
1.821270957917950462e+00
1.857238504831188353e+00
1.820954299620522576e+00
1.653959228308294671e+00
1.972473817651187566e+00
1.843015750981920053e+00
2.016088699665313566e+00
1.767009635013855551e+00
1.758050103259706454e+00
1.705542549065158120e+00
1.788460240311801730e+00
1.574666135097221975e+00
1.599961651599162815e+00
1.455822232244981418e+00
1.268132416824939268e+00
1.348136839000281473e+00
1.529107922982503087e+00
1.588706470226355139e+00
1.656473720206478095e+00
1.878410545616825633e+00
2.027476951769785707e+00
1.833011011643456145e+00
1.795156328827219872e+00
2.280742889632517478e+00
2.482912037797738058e+00
2.091790134392514489e+00
1.945833241988144779e+00
2.006105689994512442e+00
1.780241325706010791e+00
1.871755117470063290e+00
1.759340673015940659e+00
1.930796894702151212e+00
1.877259049732165508e+00
1.792625874333349634e+00
1.611186525713489193e+00
1.195823788215968131e+00
1.487811918531326549e+00
1.389987053936123207e+00
1.338702436134789675e+00
1.466038383162441061e+00
1.046503662895645670e+00
1.510956209964014141e+00
1.709383134807660909e+00
2.054667365777795851e+00
1.765576906497748455e+00
1.723114596533080523e+00
1.501655819718616058e+00
1.559581476893923568e+00
1.660014458688701344e+00
1.771988655087476161e+00
1.841448743480213368e+00
1.533733092910543050e+00
1.370355677488663826e+00
1.316145367337584249e+00
1.513602102983089948e+00
1.660820649762310586e+00
2.056212286277411927e+00
1.649067322047571338e+00
1.841715946433871709e+00
2.199388095935391974e+00
2.367324984406046884e+00
2.133729018504308073e+00
1.999985827606880706e+00
2.236536486609496333e+00
2.545148285649896369e+00
2.423267676930314085e+00
1.880482478035600202e+00
1.754737424459642758e+00
1.592304554373408010e+00
1.615223361925654189e+00
1.542732953448932465e+00
1.568442449801194627e+00
1.457389190534059908e+00
1.326636578994338178e+00
1.519055308216380240e+00
2.016142972067953565e+00
2.109074649224838893e+00
1.794606112401952336e+00
1.961063046150573586e+00
2.345419186765310027e+00
2.466918305897650932e+00
2.047219305107402132e+00
1.863417530429300362e+00
1.733314785336057540e+00
1.922940789774667314e+00
2.081950535548337644e+00
1.901587379667633249e+00
1.850783902361587741e+00
1.714034397862380432e+00
1.785282981764183763e+00
1.736021794709410315e+00
1.461227176396731053e+00
1.390015755690739985e+00
1.241322600876626048e+00
1.473936595315586295e+00
1.515883192890112641e+00
1.665590274896258993e+00
1.614700798723803565e+00
1.862527580830880103e+00
1.870338645110611653e+00
1.895495763276315859e+00
1.501064792652745172e+00
1.577163412799082565e+00
1.858016362189630843e+00
1.716845874065522359e+00
1.736127231198123955e+00
1.689099449863017632e+00
1.751094113791626716e+00
1.900820340654910900e+00
2.049606293533674517e+00
1.882427122591329383e+00
2.473073514290730746e+00
2.539603511029278948e+00
1.926333325881377512e+00
2.182285404911858517e+00
2.347315646785044230e+00
1.758863053938838128e+00
1.479252454982972420e+00
1.574727728364219148e+00
1.645387570175114833e+00
1.398418370230421814e+00
1.526816504390736906e+00
1.784571486246328664e+00
2.084947172889363820e+00
1.910989617954593989e+00
2.015033808887691347e+00
2.384742561045194886e+00
2.189818022492827421e+00
2.174802301774963809e+00
1.970586396230196602e+00
2.243446864837007837e+00
2.709900372643154753e+00
2.509799783692036712e+00
2.207308463908904450e+00
2.277024008936098021e+00
1.957998098728081615e+00
1.755463783833710822e+00
1.603720799487770243e+00
1.541660300263174577e+00
1.449696103889663190e+00
1.549140948684465835e+00
1.653031505789514854e+00
1.651971516579687549e+00
1.243345784604128923e+00
1.310422253027512696e+00
1.390723697971501638e+00
1.422328797793076305e+00
1.494844835853123222e+00
1.493550208472559815e+00
1.491850135685539591e+00
1.264269689909177652e+00
1.525502280179558801e+00
1.497374067191254099e+00
1.729830193314300990e+00
1.796659803794643073e+00
1.963222468106493368e+00
2.060273492728093014e+00
1.855151700390602842e+00
1.934521955501558255e+00
2.078355518145086567e+00
2.060794414852366252e+00
1.780132748497573081e+00
1.625974145932099324e+00
1.534893402521114503e+00
1.385743979032719730e+00
1.725660211886472117e+00
2.046741689667062936e+00
2.116934401621210604e+00
1.515996780263419552e+00
2.190248472850999217e+00
1.682416309641828311e+00
2.284112466754890214e+00
2.173084478705971545e+00
2.653030103410225049e+00
2.266035746249678073e+00
2.198186157426089249e+00
2.286421322944858225e+00
1.961344879198545943e+00
1.570443897993351490e+00
1.190740927483623812e+00
1.188291541369452586e+00
1.703962692192941608e+00
1.458539513637418850e+00
1.710042386552397264e+00
1.894007322823727524e+00
2.308397621015946477e+00
1.694361152060833042e+00
1.375623148814532737e+00
1.309012092452532805e+00
1.539222891916754987e+00
2.235803289905061941e+00
2.197082128546643531e+00
1.822502363000844561e+00
1.846006093171165041e+00
2.071630566255239003e+00
2.381129804288121043e+00
2.329022739109593232e+00
2.566199929997427187e+00
2.233578557562480693e+00
1.763399965415967774e+00
1.743262168608163520e+00
2.040847139826475587e+00
1.880900536396510780e+00
1.757754282151893221e+00
1.667068902017185383e+00
1.509390885683455252e+00
1.309286170329010845e+00
1.461258485711574462e+00
1.327290486234931066e+00
1.240432052133107810e+00
1.599204199322814102e+00
1.546119266556379657e+00
1.550956615328680677e+00
1.351008676462014613e+00
1.563004386168638904e+00
1.583819208567572634e+00
1.696476537938836238e+00
1.951933534807317905e+00
1.699951311388132158e+00
1.552140395762287683e+00
1.701329511595042421e+00
1.335302683873559548e+00
1.240365765837105672e+00
1.197891365489061499e+00
2.062385208259533087e+00
2.171175214891827743e+00
1.991781366708088585e+00
1.672310229293965111e+00
1.283165911584028152e+00
1.395628637681390671e+00
1.326492299013541043e+00
1.879590127043906378e+00
2.089195913562691409e+00
1.611354631473921106e+00
1.645284861591782777e+00
1.949365536531737719e+00
1.567749063507370533e+00
1.817097000055813538e+00
1.810299960233684891e+00
1.881919204052662664e+00
1.744106969245039940e+00
1.738983022664605249e+00
1.459728273496761153e+00
2.168297325684711563e+00
2.107468627744454537e+00
2.179828861576762034e+00
2.362733906097167047e+00
2.166792951890248453e+00
2.122769901340471943e+00
1.956573319692447077e+00
1.662586084067480208e+00
1.484774399835375958e+00
1.398701384717106588e+00
1.384575475078543283e+00
1.389083334700877748e+00
1.374842115194808034e+00
1.510993539574627675e+00
1.436173682055827960e+00
1.595962201549113946e+00
1.749371445271156844e+00
2.002250826530251882e+00
2.089746681849843135e+00
1.919051552510671277e+00
1.727886392749217626e+00
1.496289131430301511e+00
1.853987917267614582e+00
1.371580023507818602e+00
1.490743665264252060e+00
1.248328075667206605e+00
1.358168453780439267e+00
1.334777166882773480e+00
1.356746117498633719e+00
1.562649009105164799e+00
1.388284653442982908e+00
1.512143997327178191e+00
1.470761009001487762e+00
2.191316447553597335e+00
2.055916945353983838e+00
2.031633906780272003e+00
1.444084964331281640e+00
1.743453888160632737e+00
1.426987130835757567e+00
1.458161440090736338e+00
1.214493504753134445e+00
1.635083731499588966e+00
1.709520033900104652e+00
1.714334712546068396e+00
1.315091506376149688e+00
1.544593973053778546e+00
1.629681215074490597e+00
1.850560411983748210e+00
1.706909642819764983e+00
1.953873331455623363e+00
2.168989408741759828e+00
1.698182444609051878e+00
1.796447043890446738e+00
1.496429196394177152e+00
1.660111279783987204e+00
1.834316735953019251e+00
1.874706409382778993e+00
2.262907172341653173e+00
2.179882003234006049e+00
2.111436441960003574e+00
2.280756375341117970e+00
1.683329811747092508e+00
1.884247659174209666e+00
1.937579152561379914e+00
1.705893441160276858e+00
1.878346145825785074e+00
1.476572627863309783e+00
1.697739419149970175e+00
1.469225242330578052e+00
1.522315262906473121e+00
1.234897368638330661e+00
1.490091358439263214e+00
1.683791468017160842e+00
1.594144620112652788e+00
1.441038972685869446e+00
1.440610986626302603e+00
1.650272403732861548e+00
1.547410215552946555e+00
1.650654147653426440e+00
1.750946714779752389e+00
1.702119081804114531e+00
1.543141626593471649e+00
1.498554413321523615e+00
1.444651525710981765e+00
1.290601664824344574e+00
1.327619375776073696e+00
1.187513297099906273e+00
1.017889455281083766e+00
1.465170642031065062e+00
1.210626729461865558e+00
1.314907936178682180e+00
1.142671319372355443e+00
1.271822183538096063e+00
1.384537463027222248e+00
1.208989201711569095e+00
1.439460969844435390e+00
1.609543588226532762e+00
1.432013549294258503e+00
1.602815309597484195e+00
1.606435107230534065e+00
1.629105396226592006e+00
1.738468979610113596e+00
1.857861471644122409e+00
2.177808028101645643e+00
2.118521618912385218e+00
1.967443533639509967e+00
1.787624033533338652e+00
1.903287506019534447e+00
1.648844447952459991e+00
1.789801822590260771e+00
1.780287247460309308e+00
1.917063373472933652e+00
1.919933934794221031e+00
1.742967465491088719e+00
1.548957851466443936e+00
1.549879079845144281e+00
1.510604859415169976e+00
1.960070041137235597e+00
2.065853068925292746e+00
1.625499805124542618e+00
1.832144771127676819e+00
1.871100129912121934e+00
1.955323548181668203e+00
2.081522334022007481e+00
2.056143774851951100e+00
1.845919913385545730e+00
2.208046547366226076e+00
2.204542134061580061e+00
2.379597231681058744e+00
2.474623767745605107e+00
2.186625016543338074e+00
1.842917602490892648e+00
1.945003236445743688e+00
1.735816865665050557e+00
1.492542071708705009e+00
1.383707727178062452e+00
1.571112423723557194e+00
1.545102958210319066e+00
1.814421978939769309e+00
1.545970842743266793e+00
1.633619144046179361e+00
1.894865855962609036e+00
1.762537544141699275e+00
2.009109165010004805e+00
1.896156513443943981e+00
1.666236218007679071e+00
2.128965851608263904e+00
2.013172047742095128e+00
1.759134055873272207e+00
1.563892448139390545e+00
2.048890729176598757e+00
1.588723991631631360e+00
1.462275048227445584e+00
1.306509560571162520e+00
1.670887056387789560e+00
1.765127531372974623e+00
1.450203622270774595e+00
1.247382550913468835e+00
1.165200399721892266e+00
1.254420487398423267e+00
1.426324291972910219e+00
1.444949630735622215e+00
1.520544918236452547e+00
1.410200941228875848e+00
1.645189593383822091e+00
1.715233222229733290e+00
1.637736688016226516e+00
1.573993189454157893e+00
1.937547711980040832e+00
1.734823266589820001e+00
1.862072474127750343e+00
2.127425527224211521e+00
2.168153057731087241e+00
2.332075762821940401e+00
2.293084933999594899e+00
1.814709306368051500e+00
1.482059839191981920e+00
1.400945341362335839e+00
1.760440146626810920e+00
1.585835303199690349e+00
1.655498882211668743e+00
2.058255407753751598e+00
2.029005248160950625e+00
1.694197414651599676e+00
2.060987048679498113e+00
1.707352534007042566e+00
1.825296869284541046e+00
1.920500770749137942e+00
1.406212568041282474e+00
1.452701540180854956e+00
1.329735322878645931e+00
1.519639667119432325e+00
1.199852186112169594e+00
1.943751175555926025e+00
1.628021011297632770e+00
1.562045812133251665e+00
1.392482613646549350e+00
1.324045463601423833e+00
1.413176248519713907e+00
1.425958479483283137e+00
2.062121944124723605e+00
1.723110446742884605e+00
1.380670078596163197e+00
1.598380821799664231e+00
1.599749046243640560e+00
1.403999999179273095e+00
1.506124101550779582e+00
1.535782715397387754e+00
1.555703820069600729e+00
1.616949694421551786e+00
1.474563440047590213e+00
1.704853774592027138e+00
1.730487610304459301e+00
1.710340651136778023e+00
1.742953766974536300e+00
1.501620363920142198e+00
1.449686116782645584e+00
1.460731739430397136e+00
1.460838635174177336e+00
1.436968039241753203e+00
1.338550124858555623e+00
1.380069413008119916e+00
1.517603146798653935e+00
1.627841693219826524e+00
1.646602301069114649e+00
1.557105364423198912e+00
1.205721207924560945e+00
1.716894132334946477e+00
1.679014257628317131e+00
1.850499693654231059e+00
2.062539029544118829e+00
1.843009549062809560e+00
1.499235015637057966e+00
1.538449861430158494e+00
1.735744380371739615e+00
1.851390263528042812e+00
1.853089110962301334e+00
1.837988719762179590e+00
1.646163317856763175e+00
1.318022731434703720e+00
1.577794101649248937e+00
1.490164125568763209e+00
1.522833271020277657e+00
1.676140040116968821e+00
1.437878950538356015e+00
1.539133176261158642e+00
1.592348180256981882e+00
1.427883480705178565e+00
1.479884838494128108e+00
1.509857832974702774e+00
1.253728510336321378e+00
1.670788459797319492e+00
1.947329699400996539e+00
1.898026445739844137e+00
1.754405796547133356e+00
1.720941270738949314e+00
1.637434172622231676e+00
1.686891881711157559e+00
1.309788551338830986e+00
1.114581272706007598e+00
1.309759416623982986e+00
1.162923251677766556e+00
1.749850234536745042e+00
1.893495559451185972e+00
1.867583768829407909e+00
1.818733216363624283e+00
2.157659917230436708e+00
1.706021887611542942e+00
1.948701311248191903e+00
1.903550746456054599e+00
1.923337700505120651e+00
1.306400731422184158e+00
1.488842209218430579e+00
1.294098943304772487e+00
1.716004370938751578e+00
1.890478845579056655e+00
2.002772915243750340e+00
2.342116904271039246e+00
2.359627754583151216e+00
2.232149753021303251e+00
1.671842501541067172e+00
1.456905455234269953e+00
1.636293035812777408e+00
1.586529089048268837e+00
1.383644831470870251e+00
1.402835491421095426e+00
1.189040550921570683e+00
1.483312251304412133e+00
1.516934541895526678e+00
1.855326475795419983e+00
1.925947402439690537e+00
1.806276452059883297e+00
1.825257737855460638e+00
1.678743381444636418e+00
1.824292759003869113e+00
1.615521560624141317e+00
2.013776110016633591e+00
1.592871748586067504e+00
1.571034242923969426e+00
2.111107892165525080e+00
1.984861428764135072e+00
2.007756075403718921e+00
1.424131525886969118e+00
1.539107127020177268e+00
1.780762290920844482e+00
1.464444674618153197e+00
1.306316023980316432e+00
1.254786576894786343e+00
1.363580439824352952e+00
1.435995451529455513e+00
1.277591256659331931e+00
1.365747985752966853e+00
1.194229534017122951e+00
1.107649065517405829e+00
1.129923790241071258e+00
1.382001189900279536e+00
1.235163116878262635e+00
1.357276242516017639e+00
1.303852366932652718e+00
1.380965677947886272e+00
1.482942771787886693e+00
1.478052833303158842e+00
1.389920657696057882e+00
1.638589917843838339e+00
1.372356485134043291e+00
1.739556305284320814e+00
1.852679136475766875e+00
1.953941433066511024e+00
2.236378184330668262e+00
2.423540580577365322e+00
2.062326778704039132e+00
2.214825835965414935e+00
1.518082282842206920e+00
1.291654192368133058e+00
1.282121016373843903e+00
1.318247052438691114e+00
1.762143372120533513e+00
1.612537954431138232e+00
1.806922616318435759e+00
1.404832530768225451e+00
1.467132603698870774e+00
1.707047569837645939e+00
1.659920867389358623e+00
1.681129314513179596e+00
1.975530463557997329e+00
2.188230905959671180e+00
2.002007843946420618e+00
2.090882097887425850e+00
1.613896470958958718e+00
1.572995847262989688e+00
1.509277422421232195e+00
1.845273471509260466e+00
1.589414027470323010e+00
1.873262723625439552e+00
2.459503322748649357e+00
2.006679904521778024e+00
2.146856372448583183e+00
2.037000320004107579e+00
1.957427005402314180e+00
1.998042407830776135e+00
2.067153402335262680e+00
1.612691827327913163e+00
2.146027730980015313e+00
1.816457910783417562e+00
1.904823731621865690e+00
2.163620532374491034e+00
1.977240294161448197e+00
1.999239389689115853e+00
2.053588475173265149e+00
2.397327796468471828e+00
2.241807338992842347e+00
1.951247873304874592e+00
2.025980459089349761e+00
2.583713363819176045e+00
2.181635565545100075e+00
1.810200393183260648e+00
1.900430666496826237e+00
1.512300690833847883e+00
1.276061367945557024e+00
1.807322449643423257e+00
1.998456925918659755e+00
1.954222035222212162e+00
1.488624640844216529e+00
1.429394053990460378e+00
1.760022396705194003e+00
1.452452881525069239e+00
1.629308353633540207e+00
1.641475796171807833e+00
2.080644253650301145e+00
1.545312580531848390e+00
1.780913136536548480e+00
1.653285438202239277e+00
1.852761223671490320e+00
1.754046544134018504e+00
1.800815000385260323e+00
1.671392717761157387e+00
1.696665380198478124e+00
1.498680076593731592e+00
1.483791949408914679e+00
1.999955074194371907e+00
1.992013695606837942e+00
1.845277109743314048e+00
1.584376314995884272e+00
1.572583799027138518e+00
1.440145158346794796e+00
1.356250623259285026e+00
1.230247898419299046e+00
1.364657037729051003e+00
1.528698528212140140e+00
1.736468547726750078e+00
1.876301145388597380e+00
2.256768633361149856e+00
1.655873736726053425e+00
2.011656235204601018e+00
1.995184280510907016e+00
1.980040921113919827e+00
2.173202775382820917e+00
2.555102213993190041e+00
2.226198224978925388e+00
1.788804489412938681e+00
1.514490510318344363e+00
1.511110637693050096e+00
1.500876562574011919e+00
1.448426772934055196e+00
1.836298687472021074e+00
1.844155695001330919e+00
1.891777723295586133e+00
1.637352175836386481e+00
1.340537468029094459e+00
1.176353649911848764e+00
2.053998693041468204e+00
1.797427492004433525e+00
1.962214225931355749e+00
1.770569906861602760e+00
2.115310868631670616e+00
1.739976759620828872e+00
1.826616204666615451e+00
1.984978320348218084e+00
1.642362572767993356e+00
1.200698570893840467e+00
1.227503361933100168e+00
1.203115522427937067e+00
1.098030028611503672e+00
1.663473511347604905e+00
1.645700966547640753e+00
2.005042955928136639e+00
1.795044361754063234e+00
1.937702193402091488e+00
2.004868962548115530e+00
1.719394164919590740e+00
1.647555779879403604e+00
1.691927463013759514e+00
1.467127118346178483e+00
1.133361970975580890e+00
1.596145030518665964e+00
1.547659209056452490e+00
1.553506509015817993e+00
1.391361599204204103e+00
1.570749946580960899e+00
1.651293391834717017e+00
1.412386139044208733e+00
1.439171801177609566e+00
1.589788153155363926e+00
1.808196769277176319e+00
1.431476785805349206e+00
1.757069874683507837e+00
1.859693470835065199e+00
2.042916257244683287e+00
2.000924424912588595e+00
1.671125110519531276e+00
1.932673758042937173e+00
1.805916863469211098e+00
1.726716883258137436e+00
2.011563842780181854e+00
2.142123814054973874e+00
1.846289096787924411e+00
1.985459633905441112e+00
1.883457911159124754e+00
1.927878913096287450e+00
1.658625559127665516e+00
1.792828520870766829e+00
1.655186456599941014e+00
1.897794320149174485e+00
1.563684161155042940e+00
1.389882106845754972e+00
1.598044149738629294e+00
1.357183264610931417e+00
1.362502560951853070e+00
1.279554625435487925e+00
1.540599286531960876e+00
1.734236257878743359e+00
2.012797441175540492e+00
2.102312048064424399e+00
2.084605285729155266e+00
2.089683128147610258e+00
1.835554652395408937e+00
1.603736816828479794e+00
1.666735105179142806e+00
1.779556508080717636e+00
1.626255975789241637e+00
1.405253140260969813e+00
1.400515275685131122e+00
1.507015861011915758e+00
1.286285766411244369e+00
1.266720090345314853e+00
1.555400848730174479e+00
1.832412888613931479e+00
1.940874101790561301e+00
1.530382504101180485e+00
1.548355915608985889e+00
1.450228266434841373e+00
1.844619126452775593e+00
1.640100714486487421e+00
1.414363251803525845e+00
1.560133679171575416e+00
1.868625716471731923e+00
1.551095051044041107e+00
1.432544911057167747e+00
1.613714427310143806e+00
1.789541783695918653e+00
1.703885546441672894e+00
1.471675920480846278e+00
1.272112557577065095e+00
1.379250917505782326e+00
1.391711340165919353e+00
1.622512917891631545e+00
1.642844292728771194e+00
2.231809807442322491e+00
2.148453831761324206e+00
2.176956093370461698e+00
2.137272898957600642e+00
2.349911199215824809e+00
2.039220699154836502e+00
2.213503001305139772e+00
2.092684867368322266e+00
2.043021788696215868e+00
2.078471425496413172e+00
2.275031457358811959e+00
2.143305269102844246e+00
1.996336443901281399e+00
1.942384487263489889e+00
1.941910434976086952e+00
2.086862160978276037e+00
1.623722326426932261e+00
1.952582287282108586e+00
2.028317072006952326e+00
1.842537388473081128e+00
1.781741470333126687e+00
1.834121159912484478e+00
2.047007277054908592e+00
1.967065957792013542e+00
1.861898462579530067e+00
1.933249863479485242e+00
1.977403845344457567e+00
2.036288689811406538e+00
1.703156807771705417e+00
1.949298699434753424e+00
1.687993413721697866e+00
1.315444182296318765e+00
1.397780618084760507e+00
1.098524503762265292e+00
1.437855721746738258e+00
1.695018675978310574e+00
1.413947135897862584e+00
1.298524054960681795e+00
1.427273600758705241e+00
1.639164859261952545e+00
1.779629884599315703e+00
1.351722462442266126e+00
1.454611666120244839e+00
1.285070894886069182e+00
1.584248907476540902e+00
1.689544171613470702e+00
1.750028019867686968e+00
1.653788261686284899e+00
2.159128617297950026e+00
2.059799095460401741e+00
2.558281978253149180e+00
2.257275287497743310e+00
2.006206342310182578e+00
2.407661648535661669e+00
2.215536259578803513e+00
1.896054491126116792e+00
1.770002911676947566e+00
1.798823236041207085e+00
2.212114604482166680e+00
2.021284150699171001e+00
1.925376169167080098e+00
2.027884694153135658e+00
1.487379865580503946e+00
1.489782991540979262e+00
1.306921406566094124e+00
1.661992626980693943e+00
1.424795743207440069e+00
1.552511063177379302e+00
1.706936721076316221e+00
1.429678061393021782e+00
1.441662584001237368e+00
1.039215374648930768e+00
1.055110731298940729e+00
1.341463275770577779e+00
1.479621960814027526e+00
1.685329824941641963e+00
1.506257468899875107e+00
1.449818846276750950e+00
1.422999867390855711e+00
1.684117897805553543e+00
1.937794590992625077e+00
2.378648059836523831e+00
2.263807135579425811e+00
2.394435552437293779e+00
2.131248964619115949e+00
1.959163342351437187e+00
2.159709684886786274e+00
1.983653917720745063e+00
2.039702830726134675e+00
1.935444789453881320e+00
2.214082108849376507e+00
1.880624176419787297e+00
1.716298204274617989e+00
1.612203025851342675e+00
1.468930717770576599e+00
1.164360336259629092e+00
1.314785458481018354e+00
1.282820396173544708e+00
1.499626140891142434e+00
1.521647764458444740e+00
1.481415348511103236e+00
1.412128857638064616e+00
1.570124922017097191e+00
1.792569932718970138e+00
1.548316170494786759e+00
1.408664278637584921e+00
1.343715798783598592e+00
1.416521536573564610e+00
1.274553013827661285e+00
1.469934883699500761e+00
1.558506834190173551e+00
1.907261643247437410e+00
1.956112018041861411e+00
2.358802610192051841e+00
2.407979601212884457e+00
2.197574891331677716e+00
2.523929971611077683e+00
1.762055218300329962e+00
1.464120742063235392e+00
1.288742040250406617e+00
1.133078541262133809e+00
1.230932149667527398e+00
1.362340389360081616e+00
1.514204035089927514e+00
1.860535386756309695e+00
1.889667949675932768e+00
1.976584786418518425e+00
1.942018616427275468e+00
1.861259594384868210e+00
1.594440711243097830e+00
1.739968627336304197e+00
1.758768596600138068e+00
1.991414870683483329e+00
2.288012703902260636e+00
2.160271234905948301e+00
2.102316821672234326e+00
1.982724037788758498e+00
1.752963935552421804e+00
1.909822078644667576e+00
1.795776313470173635e+00
1.971215095155066210e+00
1.960954124394276521e+00
1.668195884056911993e+00
1.893421816184569284e+00
1.869619925725425791e+00
1.612111423767556451e+00
1.754804133048250891e+00
1.607599698265600230e+00
1.784385018527675726e+00
1.764084504968422173e+00
1.778231220058499762e+00
2.012642672139279387e+00
2.035365608112944980e+00
1.971676469480374339e+00
1.818028682625805859e+00
1.809349402161349207e+00
1.404360747924367825e+00
1.249313685022492182e+00
1.339539057829947311e+00
1.439418581113726114e+00
1.214085031242838619e+00
1.363977695264701140e+00
1.486027156732960597e+00
1.562374175565611312e+00
1.842656455059148657e+00
2.154429874990542615e+00
1.727771013741184580e+00
1.257996033179470174e+00
1.327853483807093227e+00
1.581982937524514909e+00
1.533085630608725936e+00
1.515564350840806318e+00
1.440154450532532104e+00
1.457549490129057546e+00
1.683246627037446874e+00
1.596978814928567969e+00
1.782379617419102225e+00
1.798558415505881136e+00
1.781399939516612463e+00
1.928129018141244932e+00
1.762522767154506731e+00
1.926004951242137553e+00
1.589251994317921524e+00
1.637098739300059336e+00
1.641417650734847689e+00
1.533470823846098785e+00
1.371180351688185306e+00
1.557758817620384928e+00
1.321942129864516202e+00
1.394084621536536339e+00
1.209227858681767964e+00
1.328071824707248272e+00
1.304254847674194195e+00
1.424745727572998222e+00
1.458620342549150628e+00
1.625610086113158603e+00
1.474895006833577105e+00
1.550846318189342599e+00
1.973107538012260243e+00
1.983903478991164704e+00
1.802953317032072178e+00
1.779507399936469669e+00
1.758217226596078930e+00
1.808676211731354400e+00
1.948512646010525096e+00
2.096030431653673087e+00
1.644962738907011612e+00
1.621113231347964589e+00
1.550937097104581941e+00
1.320231205796773111e+00
1.660602925507384642e+00
1.075319681247055570e+00
1.431921053341388195e+00
1.675649385815076942e+00
1.502164068131523367e+00
1.766703208654767154e+00
1.756734876743205165e+00
1.640756610745072397e+00
2.014091459770424919e+00
1.659428123544471889e+00
1.554924641646531880e+00
2.046132101548484794e+00
1.884902240817774688e+00
1.846021504474277153e+00
1.809616623209652220e+00
2.067008830761472460e+00
1.845782525085932990e+00
1.417856709086476208e+00
1.628486211166275233e+00
1.260035358787511939e+00
1.271184788608213712e+00
1.130961022841026509e+00
1.084711195154578700e+00
1.252767583194768664e+00
1.883882651921976903e+00
1.963423398065719416e+00
1.789950121316947751e+00
1.758923871735916356e+00
1.772579031379992287e+00
1.924682262653443665e+00
1.775817111871815346e+00
2.055381690935124350e+00
2.242909647706308629e+00
2.146428429963338935e+00
1.799531806785652721e+00
1.560702863802185147e+00
2.211403552701488362e+00
2.159876877675068751e+00
2.201775803148082300e+00
2.076185350812488561e+00
2.365572175705013880e+00
1.953262095101345075e+00
1.729750869682813219e+00
1.817141456818586853e+00
1.749874637474109651e+00
1.867937130245893362e+00
2.049898744424006214e+00
2.454901291264287355e+00
2.399649943012809317e+00
2.076559053762180085e+00
2.047693392802606205e+00
1.594903611415443345e+00
1.792903768568470557e+00
1.750112985052175718e+00
1.707417673702997352e+00
1.353352386395672680e+00
1.458013532955088953e+00
1.560721351431308079e+00
1.481285157248218187e+00
1.259074953042862433e+00
1.619601371787611432e+00
1.544812764056106458e+00
1.521655169526582307e+00
1.464248651427292325e+00
1.289365127916099141e+00
1.156373721658638276e+00
1.313656126232421339e+00
1.240722885291169364e+00
1.266698407013824745e+00
1.689196635448558359e+00
1.375612999299627326e+00
1.836291580480112984e+00
1.697153151777701652e+00
1.935922283091196183e+00
1.463773407111306213e+00
1.766097908701824482e+00
1.752044422196227691e+00
1.856879430094860117e+00
2.060436711708923063e+00
2.246841692461138518e+00
2.020082883417685604e+00
1.859270190941068934e+00
1.764651750505716876e+00
1.681879337472354852e+00
1.734236916239193071e+00
1.555950585703085531e+00
1.476246733129567890e+00
1.346319560225362366e+00
1.277062439372800284e+00
1.239116081705315286e+00
1.705574039045488322e+00
1.648016087326453549e+00
1.607467362028898838e+00
1.838154865718669928e+00
1.732812773984288457e+00
1.256621343545516467e+00
1.589388700451591196e+00
1.369190979098978467e+00
1.348103644880758845e+00
1.410535816259412600e+00
1.546442875354977931e+00
1.457090423247204392e+00
1.772639912071562351e+00
2.177395441023268763e+00
2.172698245557542318e+00
2.057631318061988956e+00
1.798380503049201939e+00
1.790021089928443665e+00
1.708454986710832957e+00
2.238577179140590179e+00
2.296992222255109350e+00
2.099998651731934451e+00
2.244254525150636947e+00
2.111323300222462063e+00
2.038686209943449512e+00
2.013031362551998882e+00
2.233826929267672678e+00
1.782880784836325505e+00
2.069372387958331672e+00
2.151541956543858269e+00
2.270917313612931476e+00
2.463765599395516759e+00
1.663709357009739209e+00
1.568278112429392079e+00
1.739888843825961873e+00
1.614080595299170584e+00
1.420368553720069427e+00
1.879849681710350939e+00
2.089008473201530158e+00
1.994124790874396203e+00
1.947042566860139878e+00
1.971485299244239542e+00
2.138536589295824353e+00
2.100658039504442520e+00
1.733212953544373880e+00
1.589710494691355391e+00
1.857483297122655364e+00
1.962262438987804281e+00
1.539503613583412367e+00
1.361429432849764254e+00
1.464103709924956309e+00
1.604112923131286728e+00
1.480141596916641378e+00
1.726769518410640858e+00
1.700764880015250613e+00
1.521001675211213211e+00
1.745641763681745617e+00
1.494635545789555708e+00
1.610254571451604111e+00
1.389836226390385399e+00
1.866032657826965924e+00
1.852309895570209974e+00
2.110754878288785275e+00
2.228231170705166964e+00
2.035080631848122490e+00
2.366017898590260238e+00
2.070660822342097251e+00
2.199581048707886843e+00
1.991368547375100384e+00
1.797418745710603449e+00
1.608537655155453550e+00
1.436542536876759923e+00
1.159487154211799043e+00
1.407683874461506113e+00
1.276737046038277645e+00
1.501666568761109488e+00
1.382732622509287967e+00
1.203351595957444786e+00
1.299975078826502539e+00
1.131158834348251041e+00
1.564986119567356448e+00
1.742473557156714481e+00
1.749543701169669507e+00
1.963055202482374417e+00
2.014162943860457577e+00
2.034773455490901384e+00
1.671387541173431801e+00
1.581714811862896086e+00
1.645081994877470200e+00
1.672932932256896876e+00
1.617404121662999961e+00
1.750701253261351731e+00
1.477881602312013598e+00
1.842511020926395293e+00
1.867287838895023144e+00
1.885373481834687670e+00
1.994917802375377747e+00
1.914745449990577164e+00
1.723650619540241014e+00
1.521381048395948676e+00
1.322912247588416745e+00
1.616774184059184494e+00
1.578821339436836224e+00
1.850404037548066372e+00
1.908055503573968359e+00
1.555130377179561929e+00
1.506888587688018255e+00
1.466608647267368060e+00
1.413600024133203625e+00
1.423709107528568829e+00
1.507025174926504674e+00
1.310961460218242669e+00
1.210510984516766086e+00
1.554451904665818951e+00
1.463476172127679664e+00
1.678709757048073570e+00
1.784179182553740972e+00
1.438407832821103183e+00
1.702788178021330756e+00
1.686510588188314230e+00
1.807715342383871659e+00
1.746220211595151062e+00
1.564038211963311387e+00
1.319156697753177454e+00
1.330396189245433902e+00
1.394909850379863148e+00
1.377537595248323754e+00
1.749242013184981959e+00
1.673383369207173565e+00
1.651532886805538780e+00
1.419774737042381219e+00
1.417801356988002359e+00
1.376558416013053510e+00
1.539947665789186182e+00
1.485723873448675958e+00
1.534472634319972606e+00
1.447009141679557853e+00
1.544874573196871381e+00
1.432585670712752002e+00
1.660403345300409006e+00
2.030602990564815080e+00
2.166014037847026064e+00
2.377628525418388428e+00
1.838401529838748605e+00
1.199178283957348601e+00
1.230701526350685748e+00
1.362297999436174134e+00
1.324389459182309992e+00
1.422098246102927899e+00
1.882428372826575158e+00
1.917707644610808337e+00
1.464995645393801338e+00
1.845825600052157345e+00
1.924759087150061054e+00
2.021210549442553184e+00
1.908814517189838300e+00
1.873281234221231717e+00
2.168972648340401488e+00
1.681326261080885009e+00
1.917196757215450464e+00
1.642833990842496039e+00
1.798993812096321143e+00
1.248083965475081270e+00
1.357716056483053935e+00
1.424099351773459698e+00
1.581233642823051788e+00
1.528331586517033713e+00
1.391256656657076984e+00
1.139783548268010094e+00
1.307929633065137986e+00
1.232654291947126168e+00
1.470693605348500244e+00
2.102162573176835192e+00
1.972931224309680154e+00
1.945056857314110266e+00
1.764444450380319829e+00
2.176055913364789873e+00
1.943748958285512529e+00
1.957589941425039060e+00
2.298519108932660870e+00
2.242789281017433023e+00
2.105432907549489752e+00
1.924705471771080312e+00
1.768205614947285120e+00
1.788110430469705081e+00
1.663822416251999670e+00
1.767242643651248502e+00
1.971620282048316852e+00
1.983829739732178243e+00
2.370384157125440705e+00
2.115253011072964817e+00
1.933572164232422175e+00
1.800249517034642199e+00
1.818213222775281412e+00
2.058013396860610911e+00
2.194730341503220217e+00
2.305355833412514155e+00
1.799366366769032499e+00
1.500898593707164164e+00
1.764952733264695262e+00
1.671391708215767880e+00
1.604602761347724282e+00
1.633160512678307086e+00
1.407217701702339951e+00
1.337536911940047757e+00
1.405434119347953148e+00
1.652430754303841232e+00
1.582623367225850730e+00
1.892460544865981475e+00
1.805109430224176581e+00
1.846462802979450757e+00
1.193375788856582131e+00
1.507127167773828269e+00
1.247023807841732834e+00
1.773127600860244790e+00
1.796621124104755829e+00
1.781697217643100961e+00
1.717538215968191340e+00
1.833506593686112129e+00
1.968994583598897563e+00
1.600103166286615197e+00
1.934085677138215331e+00
2.189998572047643588e+00
2.111454346769992885e+00
2.277951420944436478e+00
2.224473775817700893e+00
2.208503299273242515e+00
1.825650817281197380e+00
1.896073747006935539e+00
1.635667571451570712e+00
1.445318547755635841e+00
1.311543714604434863e+00
1.573813423931120115e+00
1.378535107222101708e+00
1.759392200005932327e+00
1.718206785082873722e+00
1.615625267428433265e+00
1.967659706604661940e+00
1.665266760859298589e+00
1.627491461060172728e+00
1.338789990729601920e+00
1.335782065429165444e+00
1.342899609348687129e+00
1.470498871498495452e+00
1.435704236669487877e+00
1.442838348980217011e+00
1.327776979742880448e+00
1.516878292049536059e+00
1.318679311892573480e+00
1.751077307511843095e+00
2.124862772601226357e+00
1.953051202792504659e+00
2.126278667271994216e+00
2.359773931977236838e+00
2.268516938371936131e+00
2.052582045936900190e+00
2.001107809513554159e+00
2.140016168079890591e+00
1.804498540899230452e+00
1.928901764587684475e+00
1.556775709858678303e+00
1.751414009480140699e+00
1.538453894488029938e+00
1.835926857243324495e+00
1.735608956172235429e+00
1.693571155111059490e+00
1.690810275755623593e+00
1.313753633614939353e+00
1.450990273543079745e+00
1.396400138382401179e+00
1.480935728279653363e+00
1.411445264881869832e+00
1.559971739454935502e+00
1.440600077422151237e+00
1.540054098068846855e+00
1.642975592728446843e+00
1.822296232579909248e+00
1.657560256776002605e+00
2.051254124332397843e+00
1.585564734599420156e+00
1.387729595803636196e+00
1.644955079656347685e+00
1.572590892979548682e+00
1.831848320795495866e+00
1.654383456490259974e+00
1.599793707158711165e+00
1.873992334257788661e+00
1.888430191619292264e+00
2.181267710574140928e+00
1.724138949915846375e+00
2.112806172719652764e+00
1.538558388347080808e+00
1.867847814688055053e+00
1.666884438633043475e+00
2.135268026247971296e+00
1.781876720690105387e+00
1.481431287387843465e+00
1.714762816470796425e+00
1.796320801677527612e+00
1.708412370776226652e+00
1.710060510519880728e+00
2.021957325252110582e+00
2.080972019165363118e+00
1.501131918145616417e+00
1.366489750322201546e+00
1.744807894763876766e+00
1.410835121895711142e+00
1.788062081149721427e+00
1.379886328630192116e+00
1.995477483242020345e+00
2.159757494453276472e+00
1.985745336060922073e+00
1.532177362586175207e+00
1.422584933832108156e+00
1.171598023245573605e+00
1.144338376975545080e+00
1.537501209091067800e+00
1.656697264258145230e+00
1.980924742319157605e+00
1.561191295566831228e+00
1.698330698708539366e+00
1.962121527318072101e+00
2.148315563428413011e+00
2.083840731296356719e+00
2.132672922954577999e+00
1.976229976911301867e+00
1.526423309916418170e+00
1.257161443239449117e+00
1.175788968915191912e+00
1.462319395352636997e+00
1.603700394066622126e+00
1.730872179846689951e+00
2.038932206531206326e+00
2.048529904229998255e+00
1.865442431288298231e+00
1.832448266267491022e+00
2.026675215638511496e+00
2.340564441632863701e+00
2.236469706253874978e+00
2.169559766021177172e+00
2.062414258086622265e+00
2.180353874512869883e+00
2.458044755018747196e+00
2.318981784333980833e+00
2.355668671945264414e+00
2.213769645106406614e+00
2.330828814847011099e+00
1.893324472149064297e+00
1.667845765610902475e+00
2.095907454117685198e+00
1.962995693435906519e+00
2.163011013130648141e+00
1.995418847507070215e+00
1.740716348180601392e+00
1.632325670128114359e+00
1.573242142746236194e+00
1.554163957084703895e+00
1.485350826381039324e+00
1.731734728863446371e+00
1.708115214026806106e+00
1.944759733617974717e+00
1.852863514307420134e+00
1.582743602566358376e+00
1.654369365289176885e+00
1.851796571189746388e+00
1.595450550255115507e+00
1.649175245785680310e+00
2.052876824344962881e+00
1.453339706446072910e+00
1.362177139546499660e+00
1.343852110974692815e+00
1.416906338057672299e+00
1.378839528937605641e+00
1.598744891783083100e+00
1.604142389755295994e+00
1.637627679326806529e+00
1.642078968084371260e+00
1.900952293465021148e+00
2.123852498353715035e+00
2.000226858085555115e+00
1.900565489418136300e+00
1.652330647878040182e+00
1.279694061074993172e+00
1.468960291390310147e+00
1.397555219793399583e+00
1.385420313980389118e+00
1.480486240364069728e+00
1.380258057192518262e+00
1.290451614291089122e+00
1.345848433221916052e+00
1.685260920984237742e+00
1.752191201596572157e+00
1.867818407881525422e+00
2.079163832601237605e+00
1.798605850427093644e+00
1.792318884799631862e+00
1.712282581438052675e+00
1.635205918220511423e+00
1.533418159289149152e+00
1.636144485215984989e+00
1.683385050030262509e+00
1.463971157721003058e+00
1.322037912449597563e+00
1.410522137097539597e+00
1.586094443894189965e+00
1.663040505890036602e+00
1.469905493852599498e+00
1.472239989572691199e+00
1.519306290323078734e+00
1.317749521797928924e+00
1.525203835001167185e+00
1.551442299821522264e+00
1.603912442181198106e+00
1.688642418487970920e+00
1.962774645706946819e+00
1.991361733745418805e+00
1.846467770052232060e+00
1.622285947052914956e+00
1.700833860368965667e+00
2.101494118695266700e+00
2.165124243526200143e+00
1.716884243728987514e+00
1.556665321830062787e+00
1.877103534739218649e+00
1.462310470568407572e+00
1.577508338681273825e+00
1.489079701430648717e+00
1.594690188111368201e+00
1.482477000330340244e+00
1.336219612806019086e+00
1.486291852522747092e+00
1.483878477945424379e+00
1.555651350122887688e+00
1.810535807241894446e+00
1.448734522058131358e+00
1.732391031914342072e+00
1.315123636904669713e+00
1.660537831392078223e+00
1.853841407634855720e+00
1.506689843009001661e+00
1.524745762287223139e+00
1.595313074127415298e+00
1.776599320701133911e+00
1.959643250131314574e+00
1.755824749473169577e+00
1.795366523530200098e+00
2.007851077287255759e+00
1.826878367949164250e+00
1.901802957349406631e+00
2.181204189626676282e+00
2.109813643158774621e+00
1.914527984146690898e+00
2.014027957017221482e+00
2.107228594150527101e+00
2.035794250497188429e+00
2.195732186985428935e+00
1.915893449252269454e+00
1.510111293474243777e+00
1.866638448059917854e+00
1.977116098584566162e+00
2.316771401505903771e+00
2.046410359516817934e+00
1.726811634765004433e+00
1.896733887466998114e+00
1.682909117171360380e+00
1.882897723231172549e+00
1.828322082460887010e+00
2.319555882061605789e+00
2.418580314219262117e+00
2.216119988706082733e+00
2.113153757149905498e+00
2.537207562230952451e+00
2.571871455050211974e+00
2.171269211403187516e+00
2.395038757204499102e+00
2.108484548547721271e+00
1.949758332919430348e+00
1.711929993981986975e+00
1.748849429201763561e+00
1.603519978687855785e+00
1.546204624188451948e+00
1.802927555167941343e+00
2.294239463531350776e+00
2.179160483158215200e+00
2.102435098992573526e+00
1.683449456902329278e+00
2.083147214835003425e+00
1.789684600309400686e+00
1.703747004073351334e+00
2.098465082302783724e+00
1.857465616270061348e+00
2.258486158509231512e+00
2.000052397029744800e+00
1.570761675232806853e+00
1.915947236252661945e+00
1.733038523499396355e+00
1.734671241454110335e+00
1.443346824575957754e+00
1.600022731290118294e+00
1.788024122676476146e+00
1.949262618773165645e+00
1.704827509724428980e+00
1.771115659941416176e+00
1.715152655251255043e+00
1.532653459931224482e+00
1.887357993301508330e+00
1.809005949800282398e+00
1.962409066764685850e+00
1.860695438713177552e+00
2.167424084596412115e+00
2.165835187418957197e+00
1.840146205960370596e+00
2.189832970452869176e+00
2.086955664843434644e+00
2.231367742387104780e+00
1.609859599688744813e+00
1.711621176491019414e+00
1.855312800511506044e+00
1.712081891669575473e+00
1.709818033510145829e+00
1.704494060714796921e+00
1.886124317313671472e+00
2.156855567701889242e+00
1.963804271473877039e+00
2.135165390040107081e+00
2.012567798688896570e+00
1.673697191656965622e+00
2.006080733526393711e+00
1.920151414521403810e+00
1.437585927588160395e+00
1.724421074428821088e+00
1.699153116927964335e+00
1.599858228535810278e+00
1.717741266188918203e+00
1.676121199930356909e+00
1.729484057252832940e+00
1.845851722278734730e+00
1.893312141858027431e+00
1.710391298410589123e+00
1.245256374264049226e+00
1.374617248850861007e+00
1.400506673462212914e+00
1.624666505793850080e+00
1.793159895696770478e+00
1.973343811747596321e+00
1.745842356483415347e+00
2.220460009982009097e+00
1.770814535164813464e+00
1.881227896150583057e+00
1.877233522727954629e+00
1.540949032118560380e+00
1.800616924425987309e+00
1.765953890741245536e+00
1.589370880857287283e+00
1.374259465119372692e+00
1.539184385442394998e+00
1.667860376181779181e+00
1.486581049868722637e+00
1.709499361454656752e+00
1.753543599983326207e+00
1.919186726377312802e+00
2.040763562391714636e+00
1.854711430034317265e+00
1.681910614701450646e+00
1.807424607134759942e+00
2.112644180854923448e+00
1.975463523186343995e+00
1.981945082352175369e+00
2.083695373102362414e+00
1.790563886466341792e+00
2.357485633395078217e+00
2.086954686282035620e+00
2.381153778480998184e+00
2.002439931702641562e+00
1.652345839289079521e+00
1.742119422299397202e+00
1.242785366090349175e+00
1.295262623849782635e+00
1.756668969171872652e+00
1.525289389894163072e+00
1.386538364264746193e+00
1.691991028774141315e+00
1.532917049632334106e+00
1.909737565697127826e+00
1.413556617868939380e+00
1.216554656096841436e+00
1.065483970544922387e+00
1.362932478249603063e+00
1.372259890015663952e+00
1.607737597600963575e+00
1.476484450736640808e+00
1.636747564120540677e+00
1.732669063319983271e+00
1.954625825120483773e+00
1.616517151508982453e+00
1.385679592429638118e+00
1.804320545745186521e+00
1.834858471992565798e+00
1.383254357677146995e+00
1.525557898398623102e+00
1.705526018447307557e+00
1.478443538495763487e+00
1.304587330591831851e+00
1.380213332601525345e+00
1.841267899071474368e+00
1.794409000483479177e+00
2.260241004118027863e+00
1.877383097743803519e+00
1.741950021694923301e+00
1.626638323910367223e+00
1.407725326216960893e+00
1.448925915857367963e+00
1.305479411314538929e+00
1.917117061384773002e+00
2.277458010446269832e+00
2.103000955187922738e+00
1.795016479957007194e+00
2.041571317295460819e+00
1.708411592240689947e+00
2.014935448712785071e+00
1.728115649840985091e+00
1.586227423061020936e+00
1.689933446010507101e+00
1.617797735626090194e+00
1.767603288910541526e+00
1.500705329449008252e+00
1.812840779358376508e+00
1.670929866638637185e+00
1.601845500289778457e+00
1.487493964564912341e+00
1.389466139937002742e+00
1.252781191717827980e+00
1.269336241685229405e+00
1.457390770776936684e+00
1.110757505253949784e+00
1.481755432661444161e+00
1.498760481612924300e+00
1.896103577539562268e+00
1.795933217261105774e+00
1.664350654328918599e+00
2.280729889039372793e+00
2.356448895420106826e+00
2.099278889653763969e+00
2.089603696070581496e+00
2.071893054394053024e+00
1.706327012253981312e+00
1.824657232529058426e+00
1.691019532286454741e+00
1.791732637767567304e+00
1.754948777585213726e+00
1.947430934694251992e+00
1.514666171350750545e+00
1.444712388154159255e+00
1.371870491219764121e+00
1.682897440193075411e+00
1.669572143492065841e+00
1.867355449513620647e+00
2.182392787111974819e+00
2.246893746289580385e+00
2.353676027320558362e+00
2.114827795924230092e+00
2.253650043363748967e+00
1.921866234994826783e+00
1.714385953501248894e+00
1.591979858281798332e+00
1.906893359283142964e+00
1.620235058297414099e+00
1.724507046191234627e+00
1.494880080076668172e+00
1.647487434081075008e+00
1.899897381644879424e+00
2.132078059982243090e+00
1.872974868309400964e+00
1.641366419911150842e+00
1.536498195772762809e+00
1.664463847505221583e+00
1.530230790572483235e+00
1.553954078265713967e+00
1.629442358510732936e+00
1.514994877069702373e+00
1.472505344017356776e+00
1.389125004063694213e+00
1.750641814487442049e+00
1.829387362639169012e+00
1.273195481052989075e+00
1.412218323852151514e+00
1.217316099646494676e+00
1.417187844460752189e+00
1.528596557139749068e+00
1.823531270981433527e+00
1.516854667747688845e+00
1.179271092226819473e+00
9.598626873704418916e-01
1.594795367899825234e+00
1.361574511701653556e+00
1.508700851244429542e+00
1.235747197963984023e+00
1.559981422417186403e+00
1.622273770954807848e+00
1.742546868930450188e+00
1.713595807879566557e+00
1.477013882546415191e+00
1.453249098887261503e+00
2.059798098320207771e+00
1.928049421487657789e+00
1.612941061637176876e+00
1.648376983817003039e+00
1.727806344705206332e+00
1.518720788192837290e+00
1.419073481692394445e+00
1.455286629812639898e+00
1.599286043132810642e+00
1.661020928025666255e+00
1.503436708079933126e+00
1.619582762984357105e+00
1.789888251506534633e+00
1.540219935564792086e+00
1.415268119703593452e+00
1.718040706433350495e+00
1.863495015042692771e+00
1.549270923274092215e+00
1.842464574557327595e+00
1.756712173447932290e+00
1.639450540051359928e+00
1.739904633314465876e+00
2.087337214515320838e+00
2.128257837156493526e+00
2.304574089605995635e+00
1.817259484015889770e+00
1.921045751729016038e+00
1.311337212732909041e+00
1.847355215590547495e+00
2.028596865724281884e+00
1.555964587171553948e+00
1.723524374944630289e+00
1.793966467202492199e+00
1.829582063371429035e+00
1.941518958519192983e+00
2.045162921607794448e+00
1.791856159789617209e+00
2.162597545928395260e+00
2.215271603629808350e+00
1.895318213232233040e+00
2.356578744884124443e+00
2.593612103908088162e+00
2.563052732487615337e+00
2.398965728625712668e+00
2.314046657308791222e+00
2.518400086358821621e+00
1.796744064565742649e+00
1.636062539683167616e+00
1.741111450441952258e+00
1.910626686117888440e+00
1.838739619912230339e+00
1.934512064132290154e+00
2.290366044569566384e+00
1.959109816289922312e+00
2.120801879564975234e+00
2.377507619937685224e+00
2.016613727813826085e+00
1.879127697856192603e+00
1.849179034558297907e+00
1.995401469891563639e+00
2.007047177244988934e+00
1.971801125714520708e+00
1.889263328000579056e+00
1.767240622088902313e+00
1.900658931626003412e+00
1.464574144963773472e+00
1.489354623195630278e+00
1.661635740441259390e+00
1.860258687896141794e+00
1.106448631139109073e+00
1.486710111313271687e+00
1.451456984696619212e+00
1.471767816758275060e+00
1.287507742844570258e+00
1.463791224511434175e+00
1.364012740031749882e+00
1.659181963123073977e+00
1.715672641916460739e+00
1.489282463945814428e+00
1.572202177395002565e+00
1.592279782769259189e+00
1.901954848938286480e+00
2.206910983826744665e+00
2.261476729198249824e+00
2.172642963651346903e+00
1.949621523613304319e+00
1.875544289568666034e+00
1.955230083588693546e+00
1.942087301831601387e+00
1.876453844918408498e+00
1.646727257765343344e+00
1.851244010884876445e+00
1.827267851260454323e+00
1.882250609207264835e+00
2.145464130085198651e+00
1.953507978047654747e+00
2.103359030943143804e+00
2.002507926263032090e+00
2.180603603219064990e+00
1.830089916107027648e+00
1.899292334301732055e+00
2.049508037825713558e+00
1.682708927794372533e+00
1.969729346320181040e+00
1.708216854038063559e+00
1.857956131562797486e+00
1.562369875646854700e+00
1.398591179139017981e+00
1.298345390099853836e+00
1.291622659157690922e+00
1.373005569559240469e+00
1.402807986594508227e+00
1.379299737942586424e+00
1.638992073784165671e+00
1.981993126470817934e+00
1.588271144852300143e+00
1.646258041553418927e+00
1.900672089756564098e+00
2.164709386700458094e+00
1.903378630549533490e+00
1.992538199832127876e+00
2.080741283921942575e+00
2.046445959767939637e+00
1.872323759181739433e+00
1.532086122169816100e+00
1.591107668326047886e+00
2.059879801128044363e+00
1.684030569353298423e+00
1.677299210938748120e+00
1.502918579777074104e+00
1.461777163685018088e+00
1.243198420714478170e+00
1.510866539768136008e+00
1.541362641638720943e+00
1.736929515689626058e+00
1.923348126754635068e+00
1.637309850424208735e+00
1.618969354076234879e+00
2.037379635791050525e+00
2.231651175464702153e+00
1.823459549417123071e+00
1.541452237281207394e+00
1.523787703044522157e+00
1.594995101279024219e+00
1.826191020330292902e+00
1.430644480335816038e+00
1.374564837535800388e+00
1.389773742723055872e+00
1.585350486303674700e+00
1.716242141661275866e+00
1.600504808362973819e+00
1.693790998426225158e+00
1.720480511045217931e+00
1.654539728248040520e+00
1.411158473226269416e+00
1.443483239493488446e+00
1.718928059988245938e+00
1.910323646461837832e+00
1.654902006414804339e+00
1.679973692979498168e+00
1.997261590905277551e+00
2.222620851484720106e+00
1.962147341169434789e+00
1.763071582412244709e+00
1.569847403495715499e+00
1.786603261990444613e+00
1.936627682965465169e+00
1.582120346858135518e+00
1.480021842525199638e+00
1.727902594595494667e+00
1.599910096841111962e+00
1.375238167944446532e+00
1.402912340176555084e+00
1.273886005867815419e+00
1.201859472349242619e+00
1.141040006746830704e+00
1.256743527455772780e+00
1.423885176023460986e+00
1.575178192786727216e+00
1.672325547205113727e+00
1.858972759217985660e+00
2.067652237606215415e+00
2.346581196088248333e+00
2.324442401152162496e+00
2.275643125948522805e+00
2.050460519628580336e+00
1.927436661197304391e+00
2.110945359951466038e+00
1.857474063945600662e+00
1.857166450332823349e+00
2.225068786987813407e+00
1.633080280467861245e+00
1.554785582469926375e+00
1.261861706619340495e+00
1.489538736083321657e+00
1.732955373345076655e+00
1.659050050841596402e+00
1.564369331130549101e+00
1.731424237335830174e+00
1.361373843615260926e+00
1.929453717660787326e+00
1.949566429520740218e+00
2.065984714895434671e+00
2.075608917660088704e+00
2.204639791893865386e+00
2.375544289615797222e+00
2.195904049004914871e+00
2.249990777821837096e+00
1.925707917420782955e+00
1.648445212851555430e+00
1.898256956259315231e+00
2.380328205581084600e+00
2.397733839337106598e+00
2.111553673011032028e+00
1.862808059812033568e+00
1.896758164949706726e+00
2.139941194387054324e+00
2.368235219754049492e+00
2.168847232962835658e+00
1.886624990244766709e+00
2.050429036194898469e+00
2.161335089322884873e+00
1.904887832619209576e+00
1.640939698689190429e+00
1.514777296836433251e+00
1.825472174041866014e+00
1.737745044306697073e+00
1.561604844761882660e+00
1.867324499217039246e+00
1.831850787893588794e+00
1.586938284582851466e+00
1.618006036919249269e+00
1.822851086548713084e+00
1.519906334883065036e+00
1.528587223304298304e+00
1.491290942683521026e+00
1.996570394605301946e+00
1.925717422635525811e+00
2.296085153557015257e+00
1.598400061911951830e+00
1.853842058254389302e+00
1.803557352706284478e+00
2.173450572744405118e+00
2.044680716281566557e+00
1.680885130977852970e+00
1.512421939581225061e+00
1.387198224485058029e+00
1.694371970622922774e+00
1.349016588933973804e+00
1.100531549321922986e+00
1.300504374185489809e+00
1.373173628731702012e+00
1.487907358903679089e+00
1.786717164913111944e+00
1.419295523310480478e+00
1.673535890379767244e+00
1.467493287867508656e+00
1.238711693563534499e+00
1.514862930184067924e+00
1.642477776119092070e+00
1.528626207446200924e+00
1.451681817569889343e+00
1.559515030134001501e+00
1.405523279958033944e+00
1.605824237321506587e+00
1.706066549387711184e+00
1.461155736900483726e+00
1.462029410507216909e+00
1.880032339540917308e+00
1.923598561692440256e+00
2.081041115828055066e+00
1.977953230496338755e+00
2.043652134281669586e+00
2.242233482343911621e+00
1.927685183910647027e+00
1.958295038619624950e+00
2.076258669653658906e+00
2.333789407467518284e+00
2.184879386379288579e+00
2.354270161062176125e+00
2.510020203618295920e+00
1.834946123062932033e+00
2.091858278730005960e+00
1.999642905050015962e+00
2.042353070760913436e+00
2.024299109162418731e+00
1.903526727544915254e+00
1.817585734814916920e+00
2.167833304084278989e+00
2.063696630349262762e+00
2.225862172757163915e+00
2.255154885454031533e+00
1.672021258564312607e+00
2.207304978234387871e+00
2.101172187707145422e+00
2.181168102588050495e+00
1.960028992872055120e+00
1.610734126767781493e+00
1.716403989979401024e+00
1.391061181068878660e+00
1.780123817916085649e+00
2.060949741453763195e+00
1.594123393807310052e+00
1.782345385688972828e+00
1.636704679139354246e+00
1.730220314947290339e+00
1.508482260840118938e+00
1.368150067107875456e+00
1.125880663506916735e+00
1.254398485360983750e+00
1.701564497134042675e+00
1.671105669789274106e+00
1.970499478473757726e+00
1.794649083132547673e+00
1.564505522050292807e+00
1.475722540193035615e+00
1.785118902939895724e+00
1.736161089038759986e+00
1.235221809516025893e+00
1.122559930194703570e+00
1.296891762383331814e+00
1.351465260054920403e+00
1.337839855139682399e+00
1.266618468330438896e+00
1.596910465850815308e+00
1.466601069287791326e+00
1.407898062608585077e+00
1.494872110367944762e+00
1.690317405862142852e+00
1.518316059105769389e+00
1.877525038408896396e+00
1.849308868086387170e+00
1.656725682784875309e+00
1.364031561830711503e+00
1.350722574260341258e+00
1.366727473318885444e+00
1.528865594482039070e+00
1.531655055554035361e+00
1.523673479401294273e+00
1.582037385651872796e+00
1.463242547899298973e+00
1.697209517917269039e+00
1.803954229609064486e+00
1.545426837628240069e+00
1.875422616348263238e+00
1.978381000046995686e+00
1.680512674761854619e+00
2.205613807321392006e+00
1.651609024839369555e+00
2.274697706597943903e+00
1.809955533367631819e+00
1.728406389447475267e+00
2.033595248211871542e+00
2.105026659932327515e+00
2.108657902720306065e+00
2.071492363342577914e+00
1.807121507820289352e+00
1.817428142428116900e+00
1.714216688679198075e+00
1.819100446289607209e+00
1.960434745065759543e+00
1.762297022582712147e+00
1.552885440522934646e+00
2.010400695759094969e+00
1.822933127268113074e+00
1.413013052620933685e+00
1.601169697746337439e+00
1.385525629615629306e+00
1.800806712974270640e+00
1.673568873953480862e+00
1.733372916592430091e+00
2.132936358121902742e+00
1.490720442271152857e+00
1.215404098750857642e+00
1.331991746087178630e+00
1.332914990169952851e+00
1.683799351166330727e+00
1.659950334579489706e+00
1.924471478492212562e+00
1.956916093342873753e+00
1.907825832440784186e+00
1.796402890998024748e+00
2.044568112108767988e+00
2.000146097257836431e+00
1.913260721607720427e+00
1.890080548830173512e+00
1.841766584715557986e+00
2.013306333673967607e+00
1.784688125793982394e+00
1.864427860833265616e+00
1.504546437365329226e+00
1.256181706124013253e+00
1.243181932062439321e+00
1.364481526880103601e+00
1.600394483388842604e+00
1.680062193796904468e+00
1.774497287460435446e+00
1.956715108971776473e+00
2.086997911887044310e+00
1.886000432048665409e+00
2.295854804746406241e+00
2.353712467523244367e+00
2.359600907013451376e+00
2.346328750555862097e+00
1.916725318728218941e+00
1.845116360481846574e+00
1.716764582137250805e+00
1.978936893689501098e+00
1.998644087634939170e+00
2.189514758667086891e+00
1.996179127676090959e+00
1.763366231827348862e+00
2.291094467098348186e+00
1.950159072348466971e+00
1.696025487088163253e+00
1.429561140338400538e+00
1.489035486845482481e+00
1.289009014252089136e+00
1.782237226831006272e+00
1.734837407355982242e+00
1.895482313063912905e+00
1.969053011588828284e+00
1.525340819197235298e+00
1.569100761435724634e+00
1.298941435756814977e+00
1.128591021252799864e+00
1.217515119298451243e+00
1.305590227307577011e+00
1.142373536741599249e+00
1.441296507905864610e+00
1.580105477891408761e+00
1.614269713988647048e+00
1.651597843746794858e+00
1.894661951207417205e+00
1.792272283321452164e+00
1.726445709537161921e+00
1.771755027439432695e+00
1.543725986261808014e+00
1.619776154910184562e+00
1.960956476369418056e+00
2.008349349265461825e+00
1.786320622914197465e+00
1.740516471614799165e+00
2.209083825243950638e+00
1.980999445117331392e+00
1.660751981546912948e+00
1.675933200975814108e+00
1.588150929813628265e+00
2.206170667270856089e+00
2.178352305548780343e+00
2.194924304049862940e+00
1.922829920121293057e+00
1.961114175206460253e+00
1.568598989807831856e+00
1.577935455490956373e+00
1.776346377554319123e+00
1.300548597478720758e+00
1.474022237233552524e+00
1.481132933643118932e+00
1.450041698864593442e+00
1.933101617486988388e+00
1.581910354017055598e+00
1.347807336622882879e+00
1.390694604350389163e+00
1.583610229903055666e+00
1.501301039411420790e+00
1.394462159625682318e+00
1.243680256969666331e+00
1.015965986011804656e+00
1.611065571188682100e+00
1.475688728503598002e+00
1.767529925567491222e+00
1.532742098945427456e+00
1.423446575231194888e+00
1.571573892437056141e+00
1.551159877497312101e+00
1.380651551741621130e+00
1.737580214876996099e+00
1.580293839562831426e+00
1.821929735172058251e+00
1.391662691857803447e+00
1.459652341341866277e+00
1.309613755509495769e+00
1.319971300479928056e+00
1.337974551500480835e+00
1.188526068208011877e+00
1.519768065209678332e+00
1.401882947803139823e+00
1.471628120810452245e+00
1.757668881035731934e+00
2.240750113547311351e+00
1.915100731844187498e+00
2.080642426263965561e+00
1.999628836497480577e+00
2.328515523378708707e+00
1.812063331259787802e+00
1.707397360605919179e+00
1.290607703072431223e+00
1.338912354136173821e+00
1.329749878701703025e+00
1.345024040538726151e+00
1.391945627360496651e+00
1.317593128463664165e+00
1.716576779285363674e+00
1.647898064711218469e+00
1.651852681154172053e+00
1.697056075604575831e+00
1.691316726299118445e+00
1.536107485057236488e+00
1.748551977731163776e+00
1.380460848743966684e+00
1.751743759502155662e+00
1.881470893753928841e+00
1.730309063288208549e+00
1.154363183051535069e+00
1.380967945564095523e+00
1.587816860539564168e+00
1.789299293915143529e+00
1.855070547827123439e+00
1.676645011063504942e+00
1.455781296514839340e+00
1.295788996292715378e+00
1.197217906597203729e+00
1.269099475937975896e+00
1.401219718508472711e+00
1.423294897308057472e+00
1.679375346114272638e+00
1.445806667471379425e+00
1.556975131899849263e+00
1.732094553494813116e+00
1.682061240037871164e+00
1.301942865067621025e+00
1.219876171398926790e+00
1.359436745333273189e+00
1.467357600805730300e+00
1.471376480075434756e+00
1.856170025036666615e+00
1.903812080559049935e+00
1.938252918862111374e+00
2.045064754952709674e+00
2.101668886673361936e+00
2.136133502773408299e+00
2.247674648956765164e+00
2.218924311437809660e+00
2.028110250792242830e+00
2.328566070158356816e+00
2.271726552070105765e+00
2.259819793859823456e+00
1.924161064350283112e+00
1.621663354863657425e+00
1.706070538772342493e+00
2.135374792183016179e+00
2.529491522894142363e+00
2.188848639366661963e+00
2.225413631507555223e+00
2.055871376674256457e+00
2.032687194476800130e+00
1.752902126288757190e+00
1.612990076554378094e+00
1.444042066626534782e+00
1.747340377062485350e+00
1.796873361337750996e+00
1.318097888699122811e+00
1.540263949669994803e+00
1.655467148693311463e+00
1.603341064415348072e+00
1.420328383013208517e+00
1.601364124325622917e+00
1.505508179748024755e+00
1.561734507131004701e+00
1.599056907137165195e+00
1.905506655256698600e+00
1.432580281711577364e+00
1.621174008135245259e+00
1.423263838997863573e+00
1.226186412872868337e+00
1.212874352746141859e+00
1.158408738882479305e+00
1.170709723800938074e+00
1.224562691966607719e+00
1.243971484775372005e+00
1.264580762810409098e+00
1.229118981930322763e+00
1.144212722182071706e+00
1.360310561497557691e+00
1.594839338971498321e+00
1.903163929559600120e+00
2.189830244888013144e+00
1.840172026979986164e+00
2.152835759620646883e+00
1.954999497638813200e+00
1.668958523414442174e+00
1.832894309175498782e+00
1.908768160569518813e+00
2.095222768569023231e+00
1.684029320567844046e+00
1.363455994400905702e+00
1.210934690237981615e+00
1.418816942178120710e+00
1.645438619092854271e+00
1.914005204576218588e+00
1.816407961993579123e+00
1.659375274927058941e+00
1.609708169091737417e+00
1.990878081883960427e+00
2.096059175734265256e+00
2.064302724860319405e+00
1.495239307598249301e+00
1.693809950152934007e+00
1.962776622099592805e+00
1.642837578592652781e+00
1.540520254575801218e+00
1.449072940849627678e+00
1.598693037115203497e+00
2.107188552797734538e+00
1.528174553859948936e+00
1.786145485638055863e+00
2.160336054486131641e+00
1.862578151299927542e+00
1.464002859942877599e+00
1.716999229525201676e+00
1.584738136236413908e+00
1.511391828733582798e+00
1.708542649959802873e+00
1.547798132482896216e+00
1.522855191741353087e+00
1.234524118042983565e+00
1.139333768871785946e+00
1.148083785558359882e+00
1.500545017603148512e+00
1.557126000288702183e+00
1.673935490940219317e+00
1.802969938503449887e+00
1.355075938080759990e+00
1.672939572853466395e+00
1.756713406800277655e+00
1.753836562417601996e+00
2.186919280014011147e+00
2.225879491329232351e+00
1.969054203635664413e+00
2.318430009561537997e+00
2.113777789073043589e+00
2.168111984746559084e+00
1.801252606227581765e+00
1.947474390688120893e+00
1.760927233218565924e+00
1.576358389104625335e+00
1.407145320826586499e+00
1.169718756998677334e+00
1.308435526916807090e+00
1.199987444807871340e+00
1.373051952005047260e+00
1.160379327332501376e+00
1.604680654635939341e+00
1.787799738520548409e+00
1.729308941240649267e+00
1.559691013171470519e+00
1.744320901073041830e+00
1.555230267616996453e+00
1.786889182033067458e+00
1.573493143447456166e+00
1.513181430377248171e+00
1.591071845750514191e+00
1.564974939376974739e+00
1.788809880224028426e+00
1.930338588489012963e+00
1.631657677635993453e+00
1.467221052586572316e+00
1.581557007890370459e+00
1.375421997579830968e+00
1.370515260399643331e+00
1.786255252550227768e+00
1.858723459952940971e+00
1.655983518633197482e+00
1.473022631895169576e+00
1.382051920479560936e+00
1.711897805973064512e+00
1.809732305880709546e+00
1.726828414938747391e+00
2.013786686368462586e+00
1.774147585539675553e+00
2.115923472434888986e+00
2.365228139121631212e+00
1.894283025904930362e+00
1.814637106478392603e+00
1.753458641828002262e+00
1.390005980344015679e+00
1.472405730509981581e+00
1.227053774542195663e+00
1.357414984303047856e+00
1.234370993652196269e+00
1.696654552265560056e+00
1.384331000851751758e+00
1.320052645092150811e+00
1.222379876757261785e+00
1.391547341764069801e+00
1.308510178205698704e+00
1.386090679215713939e+00
1.268647431452055274e+00
1.522334332361328535e+00
1.447414281388447410e+00
1.954530286555177021e+00
2.050399560676515520e+00
2.140721470647770186e+00
1.541600702339171569e+00
1.583551851923699516e+00
1.540581685034394299e+00
1.814035043552988391e+00
1.775366357605038692e+00
1.806310252719166787e+00
1.653373240671243583e+00
1.706582749423378065e+00
1.482078927664675971e+00
1.674034712667152647e+00
1.751107407811682171e+00
1.627879901248961092e+00
1.959948929313104493e+00
1.706647510331034345e+00
1.507558905507929259e+00
1.406608913542996664e+00
1.117408194722266712e+00
1.182616517011424673e+00
1.480312685434738595e+00
1.379874244802293370e+00
1.196077565003417442e+00
1.570220359126276000e+00
1.400966450968669896e+00
1.441849973370738391e+00
1.402048398240972604e+00
1.372522285903620798e+00
1.255491960557975739e+00
1.531662396768008749e+00
1.315929722716471684e+00
1.424290588318354978e+00
1.609244976014481354e+00
1.768733941006446209e+00
1.674076463430633543e+00
1.687824248301267760e+00
1.725432805529191205e+00
1.562279355835963779e+00
1.821858391898311780e+00
1.845700374097865470e+00
1.414947836444508722e+00
1.835004468396212118e+00
1.972744145891478285e+00
2.065378778847161811e+00
2.047485938585043908e+00
1.813602205490028041e+00
1.742293188849468821e+00
1.621561109715548454e+00
1.604387105305224104e+00
1.531961177536648178e+00
1.564306280256024140e+00
1.604558907393067502e+00
1.642234348650324138e+00
1.969385076505839827e+00
1.918219816533311972e+00
1.441916722196129319e+00
1.553536389519969418e+00
1.500948824401776571e+00
1.362631978386104281e+00
1.507575546056948657e+00
1.906012924380793727e+00
1.542964246609648260e+00
1.921256229099103763e+00
1.866433892254394156e+00
1.630565176369675573e+00
1.637830129248550426e+00
1.122474942227218220e+00
1.360201919172973062e+00
1.465904535509801043e+00
1.564573028255880738e+00
1.263938522547370935e+00
1.209532775288116646e+00
1.612870699186496726e+00
1.575374721590098837e+00
1.415258886848421049e+00
1.673367476183776903e+00
1.709786814138849920e+00
1.514228600185692164e+00
1.652665438033661616e+00
1.635699918004112297e+00
1.641530608435851413e+00
1.618882958322303001e+00
1.834896991593640836e+00
2.081943153366964783e+00
2.144470290032140181e+00
1.688407757307836876e+00
2.005720958722136960e+00
1.825219762847186900e+00
1.309320781055442140e+00
1.186083262528938809e+00
1.473489894564155911e+00
1.944667606249012692e+00
1.515841660252331913e+00
1.357082222530309412e+00
1.378851686254447095e+00
1.324265635942160735e+00
1.310174324510208876e+00
1.656954914921978883e+00
1.671000727057457169e+00
1.461671485274300908e+00
1.931412988492675176e+00
1.599927778199166761e+00
1.584528502338278910e+00
1.518070053686037424e+00
1.620855323856712049e+00
1.477765378779978267e+00
1.925633017110864875e+00
1.642879213042198971e+00
1.577583891933703297e+00
1.644495988349964355e+00
1.784340020777658076e+00
1.547731566277213533e+00
1.967439196851369365e+00
2.141447109893415135e+00
1.924750919732305610e+00
2.096587304985864986e+00
2.056601307115270671e+00
1.940123383881990904e+00
1.549842056548790703e+00
1.466989457251947959e+00
1.407472015224080275e+00
1.631783047343585258e+00
1.520625053386864822e+00
1.485445501604305996e+00
1.471585896991500331e+00
1.631699014141336779e+00
1.816185262827859193e+00
1.726299278134441284e+00
2.086276105408218395e+00
1.896033628959925554e+00
1.853017099837155346e+00
1.527711489515545251e+00
1.469460369399539612e+00
1.571622917883205961e+00
1.678110119762433960e+00
1.369880412432848527e+00
1.758334684609520027e+00
1.437127739264932869e+00
1.394968359292663607e+00
1.325746542105630255e+00
1.489631603738573062e+00
1.277247730519211366e+00
1.525565082300691211e+00
1.460083029157705603e+00
1.886299787077446055e+00
2.111110198722286224e+00
2.153091791539357480e+00
1.806118155022236937e+00
1.733541276587428293e+00
1.946221042858088168e+00
1.808337378164429188e+00
1.872574291046781303e+00
1.861938970009001881e+00
1.791472164554946289e+00
1.533356363949589074e+00
1.925330898009253833e+00
1.944714862149267365e+00
1.876570558251060339e+00
1.997721673273980869e+00
1.661228926212363177e+00
2.095924517276797072e+00
1.974407961658410260e+00
2.121505979770229811e+00
2.102576054147353712e+00
1.873030309199897658e+00
2.161265760989480089e+00
1.970817801181359741e+00
2.273328764018645476e+00
1.966978145567074066e+00
2.075441367349949218e+00
2.074629049194339991e+00
2.046477404788969334e+00
1.605044364860732209e+00
1.647807590410017342e+00
1.983605255673822843e+00
1.589193764346500171e+00
1.781598598822397905e+00
1.637328867351774297e+00
1.805900269848320638e+00
1.307909344531672735e+00
1.745147409427965535e+00
2.139935965376110083e+00
1.867312618721282735e+00
1.848251770827019191e+00
1.680658899951003038e+00
1.642097243069633894e+00
1.737993911747996112e+00
1.739093640182562517e+00
1.855252916091456372e+00
1.826155020747742164e+00
1.736767822786855264e+00
1.825549855355632634e+00
1.708620884265594775e+00
2.071890435478426440e+00
1.896704975719663455e+00
1.952493478864913090e+00
2.016171529274366048e+00
1.978818361311070806e+00
2.126208691039734422e+00
1.941136270619175264e+00
1.833413540452731638e+00
1.727724301347547398e+00
1.564538566934821739e+00
1.674517960217931645e+00
1.805048917034606681e+00
2.027430591954823669e+00
2.051840780127396791e+00
1.877037661140631641e+00
2.204954994649741984e+00
2.468801247114483566e+00
2.038438273899351838e+00
1.839582841708001570e+00
1.844845203301758829e+00
1.822843244554081865e+00
2.152150395451295939e+00
1.865671495805880653e+00
1.585123018084451552e+00
1.876458561359086730e+00
1.793560481237648219e+00
1.460941939445337123e+00
1.378973413202748910e+00
1.266904695940533898e+00
1.927088605134606780e+00
2.235376079055513276e+00
2.013354993788132319e+00
1.987226288937890217e+00
1.946531900466232479e+00
1.604074189546440765e+00
1.931209339093940436e+00
2.087212215258441805e+00
2.463701349933128171e+00
2.272311114961862000e+00
2.139542162260724023e+00
1.769913889684328723e+00
1.766508103389931028e+00
1.842160214170381671e+00
1.732049013274571836e+00
1.943246250012973908e+00
1.582030868742526630e+00
1.520681284244679521e+00
1.370954593232801777e+00
1.497393839311333297e+00
1.621399763243956293e+00
1.355574537736539797e+00
1.308297923315310918e+00
1.260932042524489649e+00
1.920166052607649831e+00
2.097740521939356118e+00
1.856063393653721638e+00
2.275214476391762997e+00
1.914840132823501184e+00
1.694376052822649470e+00
2.070308438287301822e+00
2.216219968114767180e+00
2.617337226420669349e+00
2.510079290348838477e+00
2.249647130770113357e+00
2.472042934394485414e+00
1.844864718541236348e+00
1.904167088669329821e+00
1.488526080048850009e+00
1.287326246628986759e+00
1.092408116655511519e+00
1.393104831723329218e+00
1.328236524519235351e+00
1.422053546056626594e+00
1.222971018254541464e+00
1.502672976996514365e+00
1.504371731880380647e+00
1.573286594682264727e+00
2.234645587556588264e+00
2.133288853004411401e+00
1.875821770051080861e+00
1.802906314207797012e+00
1.730060492567774721e+00
1.738101106009676933e+00
2.020452853508097668e+00
2.054775599806892394e+00
1.975435631605266806e+00
2.060251890255852647e+00
2.282326491306420291e+00
2.085104673334850389e+00
1.376776232387858956e+00
1.272231198578074318e+00
1.206638319331117426e+00
1.347867746201457884e+00
1.277957674297323765e+00
1.594496110194702609e+00
1.355471898498115113e+00
1.184592083665590323e+00
1.097198401482015973e+00
1.406959143936430401e+00
1.347735057445561990e+00
1.478306555563964508e+00
1.380066699727835688e+00
1.334164376175070554e+00
1.465590725168366193e+00
1.224783845467100063e+00
1.179976728371192829e+00
1.267479049101604138e+00
1.399208063122755696e+00
1.860901915510414062e+00
1.576665880752305959e+00
1.010486677554575996e+00
1.281513656134382284e+00
1.442014273528954282e+00
1.354028592906932893e+00
1.163300260003570008e+00
1.250796121251506854e+00
1.411903915062181269e+00
1.314875862482133728e+00
1.245948869638439760e+00
1.543219359889049125e+00
1.473233768734632854e+00
1.428856754377079374e+00
1.333821107474806977e+00
1.142734965369698319e+00
1.944524693578276953e+00
1.676505462960617310e+00
1.446205958414106263e+00
1.552594056434996705e+00
1.617690223898249346e+00
2.110868294539694823e+00
1.506540624410165563e+00
1.420224866551067278e+00
1.502867528228251759e+00
1.658587742845138102e+00
1.654054333829825474e+00
1.991351475913526237e+00
1.839050454815480240e+00
2.051624803767923222e+00
1.511343592273761027e+00
1.764965832496082854e+00
1.687151250296006211e+00
2.227782261825423049e+00
2.348751378866175354e+00
2.119811211860717304e+00
2.064387145854515104e+00
2.036317190472083372e+00
2.055685807881529215e+00
1.909546832654934967e+00
1.994330701399066985e+00
2.228634596017409208e+00
1.929382966302528146e+00
2.046376363436313017e+00
2.173994907109573660e+00
2.300743541156408778e+00
2.356495655533563660e+00
1.772266098285636193e+00
2.298185323812168335e+00
2.482460080566454064e+00
2.408343112578916312e+00
2.262301430305023064e+00
2.159561185858134724e+00
2.053552307811077338e+00
2.166312991971197643e+00
2.252221907388794353e+00
2.247141757460906497e+00
1.973792325406826365e+00
1.845023967020045452e+00
2.026045797564830053e+00
2.109890400618248840e+00
1.996246884909593788e+00
1.708106792202765511e+00
1.605003636588821170e+00
1.395544672259203978e+00
1.871671172322766807e+00
2.446858525993771405e+00
1.995367841547951659e+00
1.916802126790243976e+00
1.649563796244609470e+00
1.543929038203577520e+00
1.677509760743262746e+00
2.083211199876385589e+00
1.871969576325372531e+00
2.107671577144635044e+00
1.826296901702044728e+00
1.525662291497466905e+00
1.530266255323277091e+00
1.586137594940588258e+00
1.331702771794181173e+00
1.326282136750427387e+00
1.474022959556455348e+00
1.605188111146710117e+00
1.603698515934961044e+00
1.280378420214443924e+00
1.705926487291353100e+00
1.878929371011542448e+00
1.582956850810502747e+00
1.376804651991877293e+00
1.605467403729263998e+00
1.667528659355155263e+00
1.852049211754836167e+00
1.697727107046812733e+00
2.169257993722933708e+00
2.321564411341693113e+00
2.008256819412546967e+00
2.013618977115491315e+00
2.287631688083857195e+00
2.467863401200981244e+00
1.694699416946819248e+00
2.167109801099117217e+00
2.340520073006382873e+00
1.778763943271457038e+00
1.747429113529802125e+00
1.587389223478819389e+00
1.526715684279678298e+00
1.701481236742967029e+00
1.698278577357593466e+00
1.914718107636821820e+00
1.304600794087819704e+00
1.500803267762585769e+00
1.321183564671756905e+00
1.753598002358379038e+00
1.629292395628084922e+00
1.770916084212984520e+00
1.703449184053142718e+00
1.691236721443417856e+00
1.950433604160777934e+00
1.817244506048701469e+00
1.837062087056897219e+00
1.705192593645266319e+00
1.569191413458176365e+00
1.918881720423844417e+00
1.727677499257380012e+00
1.682760538179480791e+00
1.636459989965327599e+00
1.446321902075810684e+00
1.545460543546950616e+00
1.704582005675651324e+00
1.860410180973172789e+00
2.331693759828028956e+00
1.647818147864916982e+00
1.666131433032347120e+00
1.445519556039668529e+00
1.601630393218154813e+00
1.631822986563009836e+00
2.008414290095941634e+00
2.229758894873171027e+00
1.835090537683176315e+00
1.843459839154860225e+00
2.031793600167924208e+00
2.303650057333089585e+00
1.996206040157088912e+00
1.362865456967249367e+00
1.868913931466563261e+00
1.945913304307184566e+00
1.864637799292485854e+00
2.049938290763281934e+00
2.013065172609830533e+00
1.904221719232069621e+00
2.046172433996445772e+00
1.594318589897270932e+00
1.411647037258817683e+00
1.557340392213213853e+00
1.715623405291833992e+00
2.032460905088546710e+00
1.911155417587509620e+00
1.922582383800288675e+00
2.162911527696761649e+00
2.148690786059635371e+00
2.025422489764004297e+00
1.930328232663345744e+00
1.708227413193279975e+00
1.386172417686186265e+00
1.169940576301772728e+00
1.006332738456573672e+00
1.314792394003675646e+00
1.665698541021703338e+00
1.791637798139599669e+00
1.834797097358055629e+00
2.044741649133154038e+00
2.302985325041078113e+00
1.932280857502680638e+00
1.288840986726442317e+00
1.459569987715188422e+00
1.615768238951087232e+00
1.256462609043087930e+00
1.437355219874042689e+00
1.396467214486083686e+00
1.376318306092204180e+00
1.749392427633604363e+00
1.531164672052943487e+00
1.537304677090303828e+00
1.889346405902825543e+00
1.720778960722268991e+00
1.629718048185326396e+00
1.724576707287697630e+00
1.738551869231749425e+00
1.216893289888120400e+00
1.403016309884908885e+00
1.584690223324460856e+00
1.626335910315681588e+00
1.488853430998911875e+00
1.815634459658154842e+00
2.203390883943593170e+00
1.994317218687983617e+00
2.221496801097407214e+00
1.604578824955324778e+00
1.511579030629702114e+00
1.186369047264320242e+00
1.233074202588210655e+00
1.304749335502435992e+00
1.288569014417799252e+00
1.245218560378249961e+00
1.892557141697075895e+00
1.963110886785919051e+00
1.588942790718805398e+00
2.074326700973127657e+00
2.042300374391441853e+00
1.717577595852182171e+00
1.650048958714319447e+00
2.003827570207420639e+00
2.074894945712428385e+00
2.389342614975674461e+00
2.150455728357620000e+00
1.879697886466652923e+00
1.916684744657501716e+00
1.888415720116481955e+00
1.996483646117953814e+00
2.067437657092246361e+00
2.128497984168939983e+00
1.831924037910374059e+00
1.920699530686283740e+00
2.303689008797102478e+00
2.024611823739618455e+00
1.993527775279630321e+00
1.675784410487538567e+00
1.372983690198819939e+00
1.174774233755583985e+00
1.417963269910507806e+00
1.212759762528774710e+00
1.395631884398524258e+00
1.518021232158734080e+00
1.573954900073045282e+00
1.527147420716526094e+00
1.501305389859286521e+00
2.001356898954367747e+00
2.031439534370510280e+00
1.936550677950848787e+00
2.067693455036943018e+00
2.539052141488930658e+00
2.223350153602275281e+00
2.168127133810853202e+00
1.925505119774623797e+00
1.547816524817812400e+00
1.599926390132722087e+00
1.543925304067997883e+00
1.444053426501838766e+00
1.646464836615284533e+00
1.357143710867370512e+00
1.209821947325576685e+00
1.325458403278596542e+00
1.290845409278097433e+00
1.171968200578213937e+00
1.281005802684829886e+00
1.358536288358905608e+00
1.586680590591328377e+00
1.300701602410704982e+00
1.135604157084415755e+00
1.372417310736630425e+00
1.449949057127899898e+00
1.451475344241082599e+00
1.538396045981709204e+00
1.322057396496552517e+00
1.405613263252130096e+00
1.699166597325017181e+00
1.744003906652865865e+00
1.844479393792143318e+00
1.908243530287787371e+00
2.017586132518559783e+00
2.009068778680160872e+00
2.091171642562412725e+00
2.396203369678816308e+00
2.227403280347960202e+00
1.931896994455689409e+00
2.235382058652036985e+00
1.852334086715873740e+00
2.540614753282063987e+00
2.158551903961404950e+00
2.174961775746946380e+00
2.264024965348466534e+00
1.839029197176212493e+00
1.388423845299586734e+00
1.183961119267527229e+00
1.216311039415387096e+00
1.539336384835956029e+00
1.516357386314422184e+00
1.805358872048970831e+00
1.831287405907604970e+00
1.749106870077615561e+00
1.652731797801065827e+00
1.560479389596041599e+00
2.049443644472779269e+00
1.973994322231720222e+00
1.858201318970125859e+00
1.682059340993774743e+00
1.810444319156803150e+00
1.812202904833359884e+00
1.594864839416999969e+00
2.136049297894261123e+00
1.928055393320073030e+00
1.962085072340169933e+00
1.993003717836699495e+00
1.877253381995124260e+00
1.930346274304839627e+00
1.545984492917009012e+00
1.294714071366611430e+00
1.525213354941363786e+00
1.468936315576942153e+00
1.726638373630351886e+00
1.631161629970757865e+00
1.329034994582412921e+00
1.529255063646596691e+00
1.613761860937313664e+00
1.645187246668653902e+00
1.760259116300577631e+00
1.558516758355715792e+00
1.896710604605561956e+00
2.275801232117365291e+00
2.432451006031437490e+00
1.782547388564099222e+00
1.865650349155636212e+00
1.613888430174998945e+00
1.756360541269428754e+00
2.099388039575193154e+00
1.851270602602747672e+00
1.634647115427407815e+00
1.615490629274630496e+00
1.266257459056575607e+00
1.614334118064611578e+00
1.723003908000751316e+00
2.033365169814346007e+00
2.103624852331957396e+00
2.358902954027234600e+00
2.048126504569966588e+00
1.788108518107495604e+00
2.096943380344944430e+00
1.945255625223262230e+00
1.489106586456501180e+00
1.289645501364318214e+00
1.284926451794315971e+00
1.714329152596737238e+00
1.524161166577649107e+00
1.731898736249854132e+00
1.960558510840020974e+00
2.061308766328288300e+00
2.079181492860539660e+00
1.686349590326802428e+00
1.543140315518494177e+00
1.718238050185210586e+00
1.823829126520047694e+00
2.129069832673992746e+00
2.283997175323326356e+00
2.326301670087369544e+00
1.850326041474636529e+00
2.096979434883811333e+00
1.798746772904373792e+00
2.028837838253411352e+00
1.901812809817810423e+00
1.975364717354707311e+00
1.864077600813625502e+00
2.046943920765307734e+00
1.738198511202902807e+00
1.730549928290342043e+00
1.502320332118402213e+00
1.723684178186408733e+00
1.970719078408762037e+00
2.093807368832636406e+00
1.763373612480815034e+00
1.976326391718121078e+00
1.679309494615150999e+00
1.784036336035701442e+00
1.777641495692866558e+00
1.639964212997339521e+00
1.686336314664859559e+00
1.479692637689739243e+00
1.774089643570015529e+00
1.523595807337405184e+00
1.947760312212537093e+00
1.583441890594595947e+00
1.828306520923211664e+00
1.837445454001236600e+00
1.811353905176632750e+00
2.224019587228381223e+00
1.939685208296718422e+00
1.990866152963413516e+00
2.176321870772891298e+00
1.893264391789437839e+00
2.125145053685929764e+00
2.422430967295841509e+00
2.200098308892468602e+00
1.870760126798356682e+00
2.034184004855184025e+00
2.050009558653548947e+00
2.167947369572611027e+00
1.864597584154856325e+00
1.480073424264860327e+00
1.549460741118258156e+00
1.303607247883295184e+00
1.545409401540611682e+00
1.324432398175214853e+00
1.683317550785537797e+00
2.078600336047169872e+00
2.228107420734275035e+00
2.188323738504515781e+00
1.990429402809883008e+00
2.092648788278282712e+00
2.033798337311155446e+00
1.582656831473786330e+00
1.347395288243884659e+00
1.566189075892040705e+00
1.782976881406556080e+00
1.508034507681785596e+00
1.735239436162519411e+00
1.846325647451631413e+00
1.972855955235037761e+00
1.666990530560539030e+00
1.633772492036274393e+00
1.253511703932104204e+00
1.379216247710790100e+00
1.542163612557263308e+00
1.428526527917433286e+00
1.310436114275518538e+00
1.416516376447794601e+00
1.422071988262179065e+00
1.422278698424894294e+00
1.279877083711603580e+00
1.342792106135930696e+00
1.458592838654666268e+00
1.284304887030942588e+00
1.166662778527237210e+00
1.302419331669360858e+00
1.809748777695846744e+00
1.626784414160737047e+00
1.587165806912931521e+00
1.842759086215756570e+00
1.521548224697395257e+00
1.548670998617537986e+00
1.565724208315602439e+00
1.544537847867839986e+00
1.738211646392404219e+00
1.516966188819679928e+00
1.455688152142764924e+00
1.638654307643665931e+00
1.886240405069814940e+00
2.139367575869739024e+00
2.024655967677121637e+00
1.668016645942655307e+00
1.488983697079667490e+00
1.162201940134810707e+00
1.461248553128965399e+00
1.673254130961305597e+00
1.584224539862248093e+00
1.698973443653032156e+00
1.948387177609014476e+00
1.937938726385945332e+00
1.943764639620183976e+00
2.062330965407630057e+00
1.951588656584488435e+00
1.950451644156384390e+00
2.290414135010924390e+00
2.413892539591497410e+00
2.598215254000259655e+00
2.325739145264353880e+00
1.766446376048593114e+00
1.661643813096301159e+00
1.477169034957236837e+00
1.882295722062935273e+00
1.448560162436407950e+00
1.513399288847288915e+00
1.446017130723680877e+00
1.286839913928755408e+00
1.301364384391070939e+00
1.293863373314842580e+00
1.326077220968639780e+00
1.444112766840759177e+00
1.295676643227433145e+00
1.484209801487628377e+00
1.247151927600585131e+00
1.573150531239793759e+00
1.275220059991187149e+00
1.201944068375633723e+00
1.381545102382149892e+00
1.473188569947957660e+00
1.478779979961616142e+00
1.498018368826383062e+00
1.570797316946477284e+00
1.427052999089673202e+00
1.727950077138987073e+00
1.597459658740308042e+00
1.887594603215816624e+00
1.806649117019781148e+00
1.507087734101679066e+00
1.703481345583661266e+00
1.752195281869179944e+00
2.047832576527898851e+00
1.709738843656987362e+00
1.694686823176819734e+00
1.559578745944643963e+00
1.892293842683446137e+00
1.949805817280880538e+00
1.788616348584413096e+00
1.860044108752598735e+00
1.747757266110712582e+00
1.984150168793511471e+00
2.385501330217376648e+00
2.401962801323756835e+00
2.194653822235192120e+00
2.040805463866389058e+00
1.849995605963262735e+00
1.598215976735175126e+00
1.585257685825383511e+00
1.214283847527771520e+00
1.482807588512376817e+00
1.775502284036939660e+00
1.970014891939251500e+00
2.060994712135355567e+00
1.489574619212005846e+00
1.524364942553454894e+00
1.581631277170963301e+00
1.459484105736926107e+00
2.103396278384559004e+00
1.882725003046668677e+00
1.407420008848251802e+00
1.508990297797491609e+00
1.353828562631825161e+00
1.391730255948013362e+00
1.473837968332679438e+00
2.280529983159127028e+00
1.780777175263208001e+00
1.606372320314580548e+00
1.574437189059288089e+00
1.571962280395254208e+00
1.584808657131492549e+00
1.540069470338506719e+00
1.145684703167303642e+00
1.094223725979725392e+00
1.193758652374393936e+00
1.420006146065102781e+00
1.580481676769355026e+00
1.828212191922021335e+00
1.754864593564794406e+00
1.533784383554640973e+00
1.380674948264811519e+00
1.646359817455270047e+00
1.775344752463278386e+00
1.895606960909728134e+00
1.709004781411464613e+00
1.669103364834459091e+00
1.643576306987575952e+00
1.853532474121277751e+00
1.555585604089237073e+00
1.752200508838910542e+00
1.754163068079508836e+00
2.156633557956954217e+00
2.279059722968152624e+00
2.285748997645499436e+00
1.446872844655810120e+00
1.640052208363431907e+00
1.581134023366037589e+00
1.695126021017247187e+00
1.709231012524689008e+00
2.249566171918307766e+00
1.851177502005339370e+00
1.821305030773866296e+00
2.170019169222488387e+00
2.352096747924814490e+00
2.426867442013788789e+00
2.192390873925870842e+00
2.027727157564116478e+00
2.396602608517914401e+00
1.993351039988048301e+00
2.000706813688433616e+00
2.007380517514335327e+00
2.104486557668383551e+00
1.930344491979617771e+00
2.055785646466328664e+00
1.834517095579074608e+00
1.858031217433959270e+00
1.900767739346681751e+00
1.378796503779714078e+00
1.259404660739440240e+00
1.730448097593762391e+00
1.715615047143102645e+00
2.013754535998771633e+00
2.178599049036138435e+00
2.273899183980224059e+00
2.870576022863668086e+00
2.241159964398450111e+00
2.333524436112369038e+00
2.402710003285992713e+00
2.333081713920516442e+00
1.886887183389298173e+00
1.872516586975543795e+00
1.840526554044129570e+00
1.731612315769777588e+00
2.053224569610009986e+00
2.342050386353145441e+00
2.261966931227576971e+00
1.936400042847693292e+00
1.803737885755487103e+00
2.052760461543063464e+00
2.037967222428216818e+00
2.215421356399502884e+00
1.862080350413425123e+00
1.452704465645260790e+00
1.677178022201085028e+00
1.860958063640632210e+00
1.913609214406691628e+00
2.098739149124250414e+00
1.861134754511105660e+00
1.905333524221151542e+00
1.800066401263361371e+00
1.674424697309055965e+00
1.762076422087441419e+00
1.332612630684991473e+00
1.583440050431570434e+00
1.542259201257677015e+00
1.306020422389009727e+00
1.580275922351744855e+00
1.974544660788701167e+00
1.945257077374817456e+00
1.893941215917217313e+00
1.876378394915983794e+00
2.048793915694977041e+00
1.861468451920150757e+00
1.742525802832431969e+00
1.802527474780365457e+00
1.963082133443297739e+00
1.963409460778003934e+00
1.613866827416134742e+00
1.922762359497919737e+00
2.016215127554422448e+00
1.880048625897659198e+00
1.558876694666916585e+00
2.027173290603728084e+00
1.704190291095398768e+00
1.703184237187702621e+00
1.368299976860021694e+00
1.302372676834338883e+00
1.395024148725350965e+00
1.702523619251086195e+00
1.788480753889133190e+00
1.855855381127047510e+00
2.061593017553998042e+00
2.037913171440018711e+00
1.806805180978982239e+00
1.688204838163895438e+00
1.797113180875918204e+00
2.324990654759235831e+00
2.289018486797729235e+00
2.247289093216604083e+00
1.730164912241130004e+00
1.644615681699229670e+00
1.485118846506887191e+00
1.407059830425670954e+00
1.248917307991418424e+00
1.253130120216867871e+00
1.137874043528505519e+00
1.151962761022997661e+00
1.345384005427330054e+00
1.473012904123087052e+00
1.742909417702522834e+00
1.731770661591905736e+00
1.954441362624953715e+00
2.021468659694677594e+00
2.133783677357274922e+00
1.781671241313320442e+00
1.950400489919009051e+00
1.834849612090543092e+00
1.914178350607752099e+00
1.625912868380872345e+00
1.752042419187771927e+00
1.658411325351119237e+00
1.698251940899502932e+00
1.645056256498086178e+00
1.331789379088414549e+00
1.647990570285256640e+00
1.655335586443855922e+00
1.498059586814227462e+00
1.101217886916268762e+00
1.577199107457308402e+00
1.514434934454979231e+00
1.932218560954410469e+00
2.189043241616409841e+00
1.590343665218488800e+00
2.283346961669399544e+00
1.987151533176489515e+00
1.618801812667794771e+00
1.500216145276604962e+00
1.607950161841931624e+00
1.519288474361574437e+00
1.654189193699002303e+00
2.025283330492281930e+00
1.855025902143486949e+00
1.399811479791820412e+00
1.537882594951573534e+00
1.342289977869559392e+00
1.460709183128516830e+00
1.419785937507252349e+00
1.303281925481587500e+00
1.744653308717564189e+00
1.378821598652031355e+00
1.328342429836915306e+00
1.381722148792196236e+00
1.641641613981465797e+00
1.483687659066175835e+00
1.701061513347907228e+00
1.801354192305236968e+00
1.934060458612386402e+00
1.757642041831383395e+00
1.742521972320155932e+00
1.915663697462193005e+00
2.190631291470303221e+00
2.333951997949524237e+00
1.718752896358219706e+00
1.865750015361425929e+00
1.450906078455068027e+00
1.766589164992844907e+00
1.577518782898341687e+00
1.194221169237044133e+00
1.432431802938875620e+00
1.362844777226857929e+00
1.404049359749837578e+00
1.462883026545927834e+00
1.526988212311808590e+00
1.842055773837391719e+00
1.645685587203338018e+00
1.945107903313100017e+00
1.662842419865987686e+00
1.454264438870918497e+00
1.285235919991337017e+00
1.255092906858604529e+00
1.185646512643317552e+00
1.206688397952407010e+00
1.717567257882650411e+00
1.701557977478183048e+00
1.516634641635305369e+00
2.237300427861434571e+00
1.997801096340465099e+00
1.948062012587804093e+00
2.072815179427031307e+00
1.904539738061440168e+00
1.572063813990102865e+00
2.083834690741920959e+00
2.050005395096900163e+00
1.696290626442508387e+00
1.484044061544293802e+00
1.500847476022134419e+00
1.665812141170734284e+00
1.543893033181187535e+00
1.896850944814176820e+00
1.983160551794314941e+00
1.755992071359872231e+00
1.696631527054453858e+00
1.519065779354798140e+00
1.573787976679165146e+00
1.667857171916789838e+00
1.659547565074594333e+00
1.405119364073043720e+00
1.241598722251461062e+00
1.015788637587834442e+00
1.291089624758873455e+00
1.526575215029435384e+00
1.597147949685097101e+00
1.555676140719436162e+00
1.270912702000231098e+00
1.529687184322569227e+00
1.899313066300081676e+00
1.565534864949216676e+00
1.282919146382468290e+00
1.554216146258828424e+00
1.411347348904738563e+00
1.156088906803333760e+00
1.454022801972377099e+00
1.470630073348752731e+00
1.462805756276343239e+00
1.243035014914139813e+00
1.505996824615095209e+00
1.667533092032771114e+00
1.557988750726011062e+00
1.795288811912486127e+00
2.038988218469849567e+00
1.875048473087684631e+00
1.990577259283355493e+00
1.731685452476642739e+00
1.263980630066987354e+00
1.634402252737242822e+00
1.459746768518683346e+00
1.615441655702901658e+00
2.120507967849732278e+00
1.952525088104815953e+00
1.409133493451721897e+00
1.557813258587211758e+00
1.731371983459915276e+00
1.960844998535614003e+00
2.095522002672644657e+00
2.148233078909448590e+00
1.780883557071923251e+00
1.852324907966819145e+00
1.429423413639991258e+00
1.724843312219934921e+00
1.758095759101190980e+00
1.522855274117669522e+00
1.681212806258370662e+00
1.863642427256116507e+00
1.376832897294191449e+00
1.513924766188351700e+00
1.479278568698530805e+00
1.414061317392438788e+00
1.550448607582784355e+00
1.420523573469466783e+00
1.760498556542748450e+00
1.549777232297118168e+00
1.549682986981202770e+00
1.440036280242327216e+00
1.283220369091503832e+00
1.218766381469612581e+00
1.109020402238559022e+00
1.209576940640712861e+00
1.359448863819076259e+00
1.313172173383664765e+00
1.721806202499356120e+00
2.335239792288397620e+00
2.139847174367763838e+00
1.831072563549918319e+00
1.842825049218591360e+00
1.761654978371688607e+00
1.912990674955151738e+00
2.035970560154698905e+00
1.850678269406844656e+00
1.869775451940754341e+00
2.145289379432126164e+00
2.085704132181982473e+00
1.839345516544424575e+00
1.434513877376984992e+00
1.553549140729095557e+00
2.165239043046876866e+00
2.007654702707046379e+00
1.909687831437803851e+00
2.172898280182244957e+00
2.013371479825150967e+00
1.802666073070251729e+00
1.981253830492430756e+00
1.934527843116882639e+00
1.942956613820117973e+00
1.606238077267104991e+00
1.455509378940216259e+00
1.449122954071458080e+00
1.561110814301771565e+00
1.391661693065354699e+00
1.577035817070355117e+00
1.586275898178121757e+00
1.765260659218155670e+00
1.556903034420122456e+00
1.486644011197451709e+00
1.386574772305799508e+00
1.509566786489201284e+00
1.799611447126378883e+00
1.944923431308880346e+00
1.748479547920906985e+00
1.451153587170290082e+00
1.564080464994995756e+00
1.198268095479323447e+00
1.491696149632801394e+00
1.442168354601990998e+00
1.361662517250968873e+00
1.129627866064182085e+00
1.171921056466951327e+00
1.147638395216672214e+00
1.345966370244839450e+00
1.784189336258333203e+00
2.053084936118888759e+00
1.969926688650181390e+00
1.957245739145808905e+00
1.922136480946855519e+00
1.989094824259874050e+00
1.934667499709586735e+00
1.694002073844608880e+00
1.837323803801901523e+00
2.039827157125597257e+00
1.708649058516014341e+00
1.789692041860095451e+00
2.124874100608452832e+00
1.843848821971063145e+00
2.178412526313275421e+00
2.281690133682308996e+00
2.167774183987951631e+00
2.485655143112197596e+00
2.360702885836756248e+00
2.181434085954259583e+00
2.039838964590482639e+00
1.835519815534222721e+00
1.808976281449768742e+00
1.494529241746265669e+00
1.384327041161373950e+00
1.617955585096860993e+00
1.653905493385912084e+00
1.564077189462737438e+00
1.565832995304508479e+00
1.507914292786155963e+00
1.447656188883233996e+00
1.485554047266366196e+00
1.787891989448350927e+00
1.708386343209594926e+00
2.044718714466906118e+00
2.110727244250747869e+00
2.434290436661955326e+00
2.359627083601665287e+00
1.809163809206862927e+00
1.709543582734705414e+00
1.435520351746909284e+00
1.684268615458421214e+00
1.729471360263985735e+00
1.934211850001829269e+00
2.072968034038768614e+00
1.691563758344851509e+00
1.659608749101168401e+00
1.516835266714964492e+00
1.372318218660197653e+00
1.356058377007331783e+00
1.495306251077759718e+00
1.638686799027582852e+00
1.478890968480605084e+00
1.397053304729446666e+00
1.195975647022528898e+00
1.133556809688335942e+00
1.610604970286991566e+00
1.626498677460721076e+00
1.860178085249220237e+00
1.961129728451629362e+00
1.961255575369100557e+00
1.886094578038991942e+00
1.866618675106407110e+00
1.848757086199941391e+00
1.719839383307393055e+00
1.933104041070110135e+00
1.871148932813475829e+00
1.963714469942168250e+00
1.674753043101389727e+00
1.834796251404966050e+00
1.882341006218214874e+00
2.389398780968043035e+00
2.576503926212408757e+00
1.984417342405154550e+00
2.107631898815085059e+00
2.075350952728578946e+00
1.984602594816633703e+00
2.405243632362351391e+00
2.387399317217126171e+00
2.118482510635241400e+00
1.632287291939069851e+00
1.860612642714133180e+00
1.643306548053490079e+00
1.677787142482864757e+00
1.614475051788756721e+00
1.357143884981609538e+00
1.234799764134432376e+00
1.313259825365904465e+00
1.830077596413702157e+00
1.655371460133881589e+00
1.795272419246813023e+00
2.221093725117542217e+00
2.279473620175394011e+00
1.680933117216725670e+00
1.615288566234309942e+00
1.473452110432027062e+00
1.816965453487942916e+00
1.465475189064553874e+00
2.127138025735479498e+00
2.016058095104094949e+00
2.066418480314304418e+00
1.717506521045041312e+00
1.727984320099571036e+00
1.513621555034719179e+00
1.758502973558640825e+00
1.645346244000249092e+00
1.646761169739090924e+00
1.839041479249470701e+00
1.855168789142408459e+00
2.127565394835778001e+00
1.810913998958606941e+00
1.633283476278796442e+00
1.979898881348065576e+00
1.793525354329124744e+00
1.915615663926762524e+00
1.953170176502049049e+00
2.000865126037994823e+00
1.665338975150721712e+00
1.469075706443304652e+00
1.452750502232239560e+00
1.793515443010958110e+00
1.885208009162960607e+00
1.619038422737154370e+00
1.749463453965066639e+00
1.622777076802517815e+00
1.542447006495555328e+00
1.282147231361401296e+00
1.251279889555235725e+00
1.280461165134463064e+00
1.260855101291870728e+00
1.340443554454980424e+00
1.526977563513778779e+00
1.659576671692706062e+00
1.803733247934039330e+00
2.103079091154389513e+00
2.018019784488097379e+00
1.908083304913117617e+00
1.654165389049793378e+00
1.826292433653895930e+00
1.717948235389183287e+00
1.842100081686036450e+00
1.835610911712992621e+00
1.841666926183583186e+00
1.884873000809439647e+00
2.013595488056507232e+00
1.720097478407453195e+00
1.944209930673657993e+00
1.725764058563842518e+00
2.146209667949305011e+00
2.040132462018108050e+00
2.570143501541947817e+00
2.061328005696422494e+00
1.681435861817456079e+00
1.523711652520701065e+00
1.773150548162099938e+00
1.420225159884809463e+00
1.374316336483716761e+00
1.312802888570693272e+00
1.819081165466816863e+00
1.647882667120724065e+00
1.573445396582872746e+00
1.672459451314116441e+00
1.618542707794848212e+00
1.771567183140758672e+00
1.800782826333701570e+00
2.177125745141021973e+00
1.543475514366995149e+00
1.458909674817992608e+00
1.871674896528332743e+00
1.716787087498902853e+00
1.799789515866746292e+00
1.676546026969650605e+00
1.423941562153322238e+00
1.670958330705498263e+00
1.608904966664382430e+00
1.515847765289271232e+00
1.701637226926563162e+00
1.765259601008469792e+00
1.283468424342458558e+00
1.581186467075150537e+00
2.018518217668695325e+00
2.318877918873693211e+00
2.471491148380192016e+00
2.323127294775916507e+00
2.105827091443202903e+00
1.432177264773619063e+00
1.637237379800191128e+00
2.051985191144435117e+00
2.080020414192198075e+00
1.593656244154450397e+00
1.356410683428023400e+00
1.387989910599428001e+00
1.184575224116245717e+00
1.192553330239179976e+00
1.386200870290339671e+00
1.637912424648774623e+00
1.443167498221223255e+00
1.293013664168615184e+00
1.277463804210455356e+00
1.346308887538204324e+00
1.381882190246180198e+00
1.369211406029071210e+00
1.242461741189347935e+00
1.253452091076756147e+00
1.663466468867742298e+00
1.881333650111542966e+00
1.665963971184553971e+00
1.754882564977050086e+00
1.910290883759821146e+00
1.794028226292572192e+00
1.654018971061507415e+00
1.789250284993110895e+00
1.684011608938153159e+00
1.467717471008542329e+00
1.324477185567947801e+00
1.851041220981979096e+00
1.525773404116694154e+00
1.973929853491242170e+00
1.451257649140268891e+00
1.739022564211873068e+00
1.934997860830035554e+00
2.024776340498104066e+00
1.915174003997171859e+00
1.915067882539198241e+00
2.158021499271985277e+00
1.906411928930304533e+00
2.117264097372228981e+00
1.914060858556938971e+00
1.750984829195828318e+00
1.647133107083859294e+00
1.909246307804917553e+00
1.753268706147988354e+00
1.666621101936756055e+00
1.440944475340442787e+00
1.606585298335869272e+00
1.530711781748117506e+00
1.342824830618536858e+00
1.633369126232502966e+00
1.363686528539099996e+00
1.346555817545076472e+00
1.215589887117183965e+00
1.214557293815268224e+00
1.713140576151687355e+00
1.583431124332642215e+00
1.530766961386491598e+00
1.717558346270744440e+00
1.703199439918011482e+00
1.714305272763852805e+00
2.071050502537331806e+00
1.535517999209982110e+00
1.735844312480883778e+00
1.281886502691084839e+00
1.655872592760350814e+00
1.607638071635856036e+00
1.641059482557098992e+00
1.209130221630143831e+00
1.491428991150822725e+00
1.363548894198930217e+00
1.411121176161917790e+00
1.406182090258404571e+00
1.411503545477254651e+00
1.664034420787202651e+00
2.110357581206703248e+00
1.902918633456835984e+00
1.562993900725866858e+00
1.290623559753988125e+00
1.485664569163327009e+00
1.307061719810811873e+00
1.745322153259918796e+00
1.363318653092848720e+00
1.516653347637583638e+00
1.639465066267112192e+00
1.676981514016631980e+00
1.988669179818151722e+00
1.814787430336939344e+00
1.746124164563066294e+00
1.717863387101561834e+00
1.698185442262327927e+00
1.817903436655172733e+00
1.827550935255715103e+00
1.570362258729278260e+00
2.142052774955341299e+00
1.827448842895965431e+00
1.814898653712608612e+00
1.650838798758335502e+00
2.011322708543362925e+00
1.907540518260580686e+00
1.810716855718234930e+00
1.530025740025421577e+00
1.678500520906556659e+00
1.349472418977422761e+00
1.464381199395609290e+00
1.714029563336318507e+00
1.616024247596118402e+00
1.734492289802705534e+00
2.094024489260308375e+00
1.937393140874077879e+00
1.892089609711015585e+00
1.897710897595446644e+00
2.605373338190163146e+00
2.370937095964355645e+00
2.197861509336962005e+00
2.246849188351661475e+00
1.753172681214538287e+00
2.193682076413887128e+00
1.814783231405601827e+00
1.695302777044742193e+00
1.351442895543050415e+00
1.637359658787037153e+00
1.484569364431086447e+00
1.640456795972949466e+00
1.826672751255850047e+00
1.593133301436250315e+00
1.338511684659881462e+00
1.666056501441553594e+00
1.600192880401229534e+00
2.171346148029289935e+00
2.105479025371712165e+00
1.948300078524638268e+00
2.161938906334296639e+00
1.958393329381212800e+00
1.555619350199482609e+00
2.020630667392498747e+00
1.642706753421853794e+00
1.944566045537047705e+00
2.251799687262198368e+00
2.112388219944151047e+00
2.039429719770241345e+00
1.978917019040230763e+00
2.311208504213663861e+00
2.436539413565065093e+00
2.011486760886687986e+00
2.056467683448211403e+00
1.696785685299143642e+00
1.938597404741738472e+00
1.915548503106821121e+00
2.301933048691604977e+00
1.972801218515576771e+00
1.870338105446165633e+00
1.795358444658052832e+00
1.719808302116836218e+00
1.642235440392063595e+00
2.030036990031026445e+00
2.422237841953061910e+00
2.683189880834933927e+00
2.194856782382354154e+00
2.052455221695220100e+00
1.854981225422913660e+00
2.101509269085143572e+00
1.678723989104037528e+00
2.258577872257038877e+00
1.756354913171472409e+00
1.820133893347972265e+00
1.863058844326245467e+00
1.915787656490137270e+00
1.692350106298059265e+00
1.646764603807320926e+00
1.227225279434845717e+00
1.267174677264539584e+00
1.471657721790180728e+00
1.737585040031052630e+00
2.028671196978116154e+00
2.335021480587014864e+00
2.174064269180033371e+00
2.394652293554314859e+00
2.501649267259800524e+00
2.180164614974295478e+00
1.767041391742045553e+00
1.578122106366197208e+00
1.477153949287202339e+00
1.429010075540657621e+00
1.531737763590491630e+00
1.283303234251769176e+00
1.344212720980133113e+00
1.678576936879746517e+00
1.948048482396959713e+00
1.722002263568083613e+00
1.584888744478110123e+00
1.295303519687907023e+00
1.321892512764434313e+00
1.472920636849554210e+00
1.927732467877013578e+00
1.921978941748536007e+00
1.745405438193269321e+00
1.670416616797670173e+00
1.586663563660515974e+00
1.896950625611299790e+00
1.840000161859120853e+00
1.650924044674948910e+00
1.668262294599816897e+00
1.497910425230196019e+00
1.900907561157916037e+00
1.856041357338429343e+00
1.978948067504680441e+00
1.764652677385245116e+00
1.568577358088812268e+00
1.775846225171937354e+00
1.862748405760643822e+00
1.589974881892597613e+00
1.627530420673315881e+00
1.541181333198814452e+00
1.276802181409590231e+00
1.391022392026263432e+00
1.415813579116414145e+00
1.524881377083370015e+00
1.534915617547826461e+00
1.873583445893275856e+00
1.968662341227293000e+00
2.458083063733366824e+00
2.527835887748759447e+00
2.028465251513378309e+00
1.847170760954781166e+00
1.663931610217879387e+00
1.836961114928559624e+00
1.965126918973620240e+00
2.144390265165668996e+00
2.132090508287555863e+00
2.494161321829642564e+00
1.648657203215786460e+00
1.728170633742205142e+00
1.215042601132420685e+00
1.207952127768990636e+00
1.142358462868361846e+00
1.300988037124650276e+00
1.474913330387457089e+00
1.457166349652157189e+00
1.045796477165057858e+00
1.423009829944331006e+00
1.538191046814864738e+00
1.513212503747859650e+00
1.732182731005225351e+00
1.634605589484609212e+00
1.642032820336444487e+00
1.851851471151470196e+00
2.113322836615568079e+00
1.834203437310419238e+00
1.754806659020997417e+00
1.761405944014736491e+00
2.044467808095276951e+00
2.045302476903061883e+00
1.773491284096484266e+00
1.923294255929099750e+00
2.008172061600305813e+00
2.133191363786929529e+00
2.022032350975362824e+00
2.145088267000617943e+00
1.881792811776443974e+00
1.965889246827247749e+00
2.021867413735284114e+00
1.904788783695022802e+00
2.150957568810369924e+00
1.891570601619190883e+00
2.090194051760960292e+00
1.900980312646360693e+00
1.994723221729389095e+00
1.731014386573916042e+00
1.456404544965342218e+00
1.407605489640823215e+00
1.640846295937453014e+00
1.419564830725642768e+00
1.644238728187410237e+00
1.912602309080919660e+00
1.847334243524183739e+00
1.867779497523595955e+00
2.211805711192632362e+00
1.740467055795078766e+00
1.601164394224363186e+00
1.673497348589243261e+00
1.620632932818284466e+00
1.633600670467231453e+00
1.806389117399608724e+00
1.729304637159051694e+00
1.636845036019417110e+00
1.329916838892742037e+00
1.267468826198441922e+00
1.442701490441945733e+00
1.470494811892934406e+00
1.335662357157758828e+00
1.524516645294710537e+00
1.362594620147918434e+00
1.650581536669613048e+00
1.206815248070453928e+00
1.256131815599637491e+00
1.387075737733976410e+00
1.623115937437429324e+00
1.695804428591985547e+00
1.453905217273914419e+00
1.083238689091203133e+00
1.444029074894989995e+00
1.540366637732415445e+00
1.141010641421172478e+00
1.492275749953503095e+00
1.479190754338272962e+00
1.518490993414258750e+00
1.207921540101556168e+00
1.465156696645692147e+00
1.406635315187853230e+00
1.439548912358153521e+00
1.509317468149332653e+00
1.391310932238245757e+00
1.773152020026253384e+00
1.731129738826472808e+00
2.200647615533663171e+00
2.369785439022534135e+00
2.327905173996686283e+00
2.497395798869995076e+00
2.133554490225732625e+00
1.972442636126856108e+00
1.872181102081179604e+00
1.950967336973235211e+00
1.824760065834962308e+00
1.722401933183396627e+00
1.578155046870485911e+00
1.395793067824205425e+00
1.898120681252617903e+00
1.577516054579970906e+00
1.383891396082105096e+00
1.740890836846698653e+00
2.251895571940194518e+00
2.022647556760853060e+00
2.147852287317047804e+00
2.464119671610416784e+00
2.112026564683098240e+00
2.122646846816627519e+00
2.212936512937570210e+00
1.577597927120702126e+00
1.414045068028844776e+00
1.441963076834464008e+00
1.626125990564615043e+00
1.655880566401060960e+00
1.320252939470085041e+00
1.588911304733409802e+00
1.603516020389964325e+00
1.707672308318914478e+00
1.412620612028477662e+00
1.292224829773623185e+00
1.472061731514709537e+00
1.741974028418136200e+00
1.792207944246440254e+00
1.721132582312127512e+00
1.657117162518321196e+00
1.725773408688908717e+00
1.483562464889330412e+00
1.339076676121123910e+00
1.930624323001955078e+00
2.177200348709910305e+00
1.767278891475856817e+00
1.793216464236412566e+00
1.420846565350113888e+00
1.607114370846674412e+00
1.933210720025283935e+00
1.568514994660017425e+00
1.287291837335931444e+00
1.355184011063420124e+00
2.106216288973314477e+00
2.348743702849461101e+00
1.904276091476726940e+00
2.154678871837080845e+00
2.141377928663100949e+00
1.873178318093836614e+00
2.163672257997618420e+00
1.952070218759070386e+00
2.035139018987321968e+00
1.813744944604033016e+00
1.797758673642840144e+00
1.546504697102969894e+00
1.925193060154556823e+00
2.283431494416122032e+00
2.237929565057731107e+00
2.085548345910247736e+00
1.886930530682579876e+00
1.766934297025735123e+00
1.839791970505379126e+00
2.325008955908357322e+00
1.851441801577601964e+00
1.865099873897028360e+00
1.260270378651989986e+00
1.384279327924060388e+00
1.313083243391299559e+00
1.188706402025998754e+00
1.215025498369214363e+00
1.584245452904352369e+00
1.406782702729803658e+00
1.859356665240958328e+00
1.649539420481013652e+00
1.447478259008907919e+00
1.239094445754227891e+00
1.580365475774569539e+00
1.456622938455503835e+00
1.573400791333532611e+00
1.252862405903823584e+00
1.636242493720492464e+00
1.553713618665140572e+00
1.766555614694526710e+00
1.994936084731436354e+00
1.587015414812613212e+00
1.136627308271877856e+00
1.383088811600538648e+00
1.242898798896436841e+00
1.671265180918712678e+00
1.659115823521198241e+00
1.636763313528253327e+00
1.872004347444574002e+00
1.704949593877943093e+00
1.509502175000360102e+00
1.615653951223459561e+00
1.901261591081707669e+00
2.030613360216708241e+00
1.969043758097211994e+00
1.991049236894509633e+00
2.246919915767807918e+00
2.215193541042431491e+00
2.217014446852417553e+00
2.257347078519665651e+00
2.172581653578680161e+00
2.104977044944489339e+00
2.231680691795488780e+00
1.994895297566483094e+00
1.960457012491737094e+00
1.874937762078312975e+00
2.108750694011388038e+00
1.774294106198695431e+00
1.570393856774963126e+00
1.535887487938254470e+00
1.566604516357931187e+00
1.506150621794721811e+00
1.552523317926971291e+00
1.947956359579921415e+00
1.875842716831719104e+00
1.742863340863442190e+00
1.801733047006357058e+00
1.834905966350833584e+00
1.690395111422023255e+00
1.359243173924696402e+00
1.370496552579837379e+00
1.489515708927838133e+00
1.658804503514335726e+00
1.686040357917093280e+00
1.527053111490261461e+00
1.648180324021385035e+00
1.799081849529819754e+00
2.294243596923832396e+00
2.056763701837001079e+00
2.251198581967395196e+00
2.022263975262790225e+00
1.965098023347106038e+00
1.960011239743638445e+00
2.180885511725613846e+00
2.128864365130458847e+00
1.729527072720019820e+00
1.539755525041131889e+00
1.705319553716347913e+00
1.817740422380117682e+00
1.760305217671033207e+00
1.400216276866487197e+00
1.511876723333202222e+00
1.726415971155044193e+00
1.929999248765120079e+00
2.469388191187900095e+00
2.754392744276518812e+00
2.580640037281968446e+00
2.286154451541464905e+00
2.029270030953383763e+00
2.153779348286249729e+00
2.307815492318142425e+00
2.138540546811749099e+00
2.000292374591480904e+00
1.818833623407745792e+00
1.796951994056650070e+00
1.924508350218714359e+00
1.883484566648624181e+00
1.909137758905545823e+00
2.278305660390857135e+00
1.899991817624919754e+00
1.774301182008549693e+00
1.849212467332822518e+00
2.190145661210315620e+00
1.791555339730092289e+00
1.349619437743994510e+00
1.836559896509708301e+00
1.571446316309422997e+00
1.432199890040440238e+00
1.415007992171568363e+00
1.618774045135898509e+00
1.701024166458867670e+00
1.479745547701064368e+00
1.484426725473620090e+00
1.631901423457388978e+00
1.989651667319976669e+00
1.684025811973979714e+00
2.133780134201698875e+00
1.917266313027913061e+00
2.061772633617322992e+00
1.727399150626994118e+00
1.848775703333946474e+00
1.973354825666577828e+00
1.575108007012240297e+00
1.445653776725823736e+00
1.633776614189547560e+00
1.218211835356522110e+00
1.391304649462176579e+00
1.441515355299673340e+00
1.678945424893289573e+00
1.728969970344202300e+00
1.370755155111239354e+00
1.418064127458519508e+00
1.192651217768713634e+00
1.124087250992432008e+00
1.249663215033291586e+00
1.138809852676531120e+00
1.191211814947112702e+00
1.443692899991416034e+00
1.608135557170161212e+00
1.789782047299722123e+00
1.912534648311312369e+00
1.573811945421266234e+00
1.497797402665033584e+00
1.488514176322473181e+00
1.885519845653221171e+00
1.783145055824966185e+00
1.353955668515191224e+00
1.382142566833659103e+00
1.727837911484313427e+00
1.333783196485508249e+00
1.623570093046980078e+00
1.579909169460503193e+00
1.586452261439714739e+00
1.848303172155582930e+00
1.644885067374963761e+00
1.615317495771074086e+00
1.745391541753175124e+00
1.319975487425457228e+00
1.342338705492730266e+00
1.644813010309230883e+00
1.683350015713086512e+00
1.278961232803228709e+00
1.349064885052193130e+00
1.256206036533691561e+00
1.296961400978632994e+00
1.419276040347099643e+00
1.397025587345755770e+00
1.271946301102317101e+00
1.531252004232574571e+00
1.715844358296468419e+00
1.797028318396358237e+00
2.082403594571964334e+00
2.052807338854284680e+00
2.023091644086667973e+00
2.216829759013955847e+00
1.968338554025272025e+00
2.034401416410576591e+00
2.397250425175166288e+00
2.223681004109723247e+00
2.010625272257906104e+00
1.602844051911498147e+00
1.805934766555877591e+00
1.876719108390922930e+00
1.667914658136911532e+00
2.267996188411650405e+00
2.168834656069788647e+00
2.203416348690848459e+00
1.965324665030790063e+00
2.023269128631502323e+00
1.637412299412395189e+00
1.550944050447583100e+00
1.976308933394163247e+00
1.877690896233870532e+00
1.815918489181348683e+00
1.793234365812565123e+00
2.030112217357845417e+00
2.038393052882037093e+00
2.346760730397775774e+00
2.041422618020231727e+00
1.894951616366915559e+00
2.387901983785842397e+00
2.533423376172329267e+00
2.517511052621152601e+00
2.312363492526460007e+00
1.890942115710312343e+00
2.120743257435408147e+00
1.864521025862899251e+00
1.830233328623394939e+00
1.967302727118960481e+00
2.046488162597580818e+00
1.615523133012468637e+00
1.536800923699055410e+00
1.359462180351411309e+00
1.196976143056954767e+00
1.219872688793618654e+00
1.421875656777806807e+00
1.266712376148411368e+00
1.440118355293668717e+00
1.277651131477990587e+00
1.516320961216236940e+00
1.615371615499716640e+00
1.655892359818799342e+00
1.919464437137541779e+00
1.815238436610860262e+00
1.542539767306535525e+00
1.670278021741142815e+00
1.879417090888074515e+00
1.763813762684536046e+00
2.046848456373669745e+00
2.073543356527677961e+00
1.990173306355441873e+00
1.600220934672349493e+00
1.532194426605905324e+00
1.800591464618302995e+00
1.987312408164667366e+00
1.901037614898664962e+00
1.897064176183512973e+00
1.856700741201266824e+00
1.677077673662700441e+00
1.918180190143251806e+00
2.166849317708355649e+00
2.420289855325988171e+00
2.262892672307740494e+00
2.043122122634041471e+00
2.106439576625152021e+00
1.744094347000245682e+00
1.951090097307809579e+00
1.829351252385734483e+00
1.557075527663995818e+00
1.080584651930317497e+00
1.442920580630371985e+00
1.438609951582216828e+00
1.318501176943774222e+00
1.538102116582068968e+00
1.152986901727395930e+00
1.423216786871142281e+00
1.545687326454999955e+00
1.818597724670461435e+00
2.046510626240093167e+00
1.954046835682885508e+00
1.925451350389123739e+00
1.478821403775130605e+00
1.848045015151496218e+00
1.507809572010833321e+00
1.729894447571879157e+00
1.542560896242240576e+00
1.549454844444539070e+00
1.387223917723430011e+00
1.645791569297605283e+00
1.914992366573881277e+00
1.702504844299937758e+00
1.981436122789482113e+00
1.930902378406244457e+00
1.993091754410859284e+00
1.533753151415331972e+00
1.738683650200461672e+00
1.926008208134835975e+00
1.968274349032673065e+00
1.957165063849207076e+00
2.122109648530555059e+00
1.802915049647710877e+00
1.937648757024015289e+00
1.864643115661802186e+00
1.821421942075884814e+00
1.868487458625645248e+00
1.467709788208977795e+00
2.035660984410851970e+00
2.010829614912955421e+00
2.035705937032343371e+00
1.648801915527276840e+00
2.028158919658506587e+00
2.148576778844462520e+00
1.971500532205020084e+00
1.826990463216256799e+00
1.517762707048920134e+00
1.435767355612190599e+00
1.910360629346862682e+00
2.085067695650566488e+00
1.714751626318035127e+00
2.117140970145117596e+00
2.066302046916064228e+00
1.739575878932741126e+00
1.712602928443817341e+00
1.555712634398102256e+00
1.653075900847055912e+00
1.899384900936075482e+00
1.986880924869612874e+00
1.966576632029213734e+00
1.754878047402687047e+00
1.789824602875078829e+00
1.483105128513254378e+00
1.332350642513664862e+00
1.427332660609273995e+00
1.260860796790175931e+00
1.222738782913515898e+00
1.100876424684413379e+00
1.504805380321808883e+00
1.701627333668779940e+00
1.463862343386418408e+00
1.315934899418795601e+00
1.328889748071420351e+00
1.341289665322163538e+00
1.583529447437406423e+00
1.075621228863952838e+00
1.163454114014839114e+00
1.178215169626795511e+00
1.223120488183938814e+00
1.194987995930399061e+00
1.611370568719606711e+00
2.007185568396681052e+00
1.693605596670127333e+00
2.031173319880543726e+00
1.882089855100072207e+00
1.377290485486663663e+00
1.315747867844760499e+00
1.666212600141992128e+00
1.429558263207525659e+00
1.849466211816627181e+00
2.424360871895999026e+00
2.140977179668527963e+00
1.921369730605189563e+00
1.790614773071580235e+00
1.859382734100277323e+00
2.053690268017307474e+00
1.712782216480698061e+00
1.495185700219507030e+00
1.417676327564823424e+00
1.313050817679256577e+00
1.345414249447352439e+00
1.523280169478776980e+00
1.613273682085163863e+00
1.529766646305104505e+00
1.501695643349967746e+00
1.781001945414487198e+00
1.583409988858113682e+00
1.760013566937579377e+00
1.473144160268356151e+00
1.719018289852985326e+00
1.533097782495248085e+00
1.177475681454865919e+00
1.124047908141629915e+00
1.330211983340746196e+00
1.150573770121466888e+00
1.643971144016671992e+00
1.478586053184809401e+00
1.363715625352452498e+00
1.693528984304907503e+00
1.574115996404056750e+00
1.192583041107812880e+00
1.083260710595183252e+00
1.392528740239160845e+00
1.293571273959146062e+00
1.468541764293162855e+00
1.185405199693247091e+00
1.462314573709915910e+00
1.501437413633736062e+00
1.463813070773814839e+00
1.737548643935745263e+00
1.978129984193522040e+00
1.572305685003871023e+00
1.607907134704511520e+00
1.914960321075114935e+00
1.633414429688405667e+00
1.313418037221340651e+00
1.686813635819367718e+00
1.467308177274291081e+00
1.795467701157359430e+00
1.647539110442760135e+00
1.923812337803388006e+00
1.731851283374383321e+00
1.624007561509066777e+00
2.097255704174141311e+00
2.130313693759875893e+00
2.049914763447346022e+00
1.729660593907026866e+00
1.405822208372462745e+00
1.496969133875198921e+00
1.398662406362553456e+00
1.276054755096353244e+00
1.892395529776389695e+00
2.069344489224599126e+00
1.895881211312749004e+00
2.140058000960002982e+00
2.135029320452820123e+00
2.024755174108100686e+00
2.218263929658227607e+00
1.873863201564121894e+00
1.765479617197647899e+00
1.480365415689043118e+00
1.341658468059064191e+00
1.920874011444150931e+00
1.919631504189714510e+00
1.773943366024627100e+00
2.079625658446524028e+00
1.930831205675802353e+00
1.931197635637141197e+00
1.711020639523173958e+00
1.892592305654113849e+00
1.978157454248747671e+00
1.579524945147160242e+00
1.493878079490017052e+00
1.369898529398738907e+00
1.415727066951430357e+00
1.532290100847396142e+00
1.481357113387887336e+00
1.733224952437508293e+00
1.881596476209963953e+00
1.400647799406281147e+00
1.542830433089093400e+00
1.878120240948691677e+00
1.774602119814660872e+00
1.585514626392429349e+00
1.392629832024772085e+00
2.016994028419860197e+00
2.129016196749433210e+00
2.085361480523976851e+00
1.998110886656018881e+00
2.175508192013717146e+00
2.463839161383223786e+00
2.519435281412071959e+00
1.814239504467856534e+00
1.752096936131524174e+00
1.708670342723255464e+00
1.883376891849942059e+00
1.990916028907890878e+00
1.474600837333910341e+00
1.824070759481922543e+00
1.712349553677757985e+00
2.034540445176579393e+00
2.386032551166187510e+00
2.311991958246348844e+00
1.930752365531073655e+00
2.025617377237370231e+00
2.108761815421968944e+00
2.138314788699075653e+00
1.658452364726765271e+00
1.928223587402295935e+00
1.906392827191305317e+00
1.622277241228582190e+00
1.710889667252644131e+00
2.011812633522282123e+00
1.657567087905041481e+00
1.716893040718627139e+00
1.424533392725625403e+00
1.515405634779072308e+00
1.687729146404579161e+00
1.486706959242710457e+00
1.712460356788214177e+00
1.983788840787021446e+00
1.928693777748981653e+00
1.593979254292031023e+00
1.971068238273256057e+00
1.829481901933233789e+00
1.767031685362963733e+00
2.029115335934369657e+00
1.962474917755889336e+00
1.618516760309192337e+00
1.791544102307528918e+00
1.792296426835005452e+00
2.104815718013717696e+00
2.194125326414849475e+00
1.835421481834486501e+00
2.072211842014025418e+00
2.312393656848586776e+00
1.755394243445877578e+00
1.828113203974347289e+00
1.958235899273085723e+00
2.010983715049487142e+00
1.479045627971580235e+00
1.261878716308040049e+00
1.331271729944819571e+00
1.466760695337246734e+00
1.292260137432403866e+00
1.266134117158722150e+00
1.071464711248278467e+00
1.682787770160147467e+00
1.752522197661125380e+00
1.910269776022226695e+00
2.099406366986056760e+00
2.195861309506562442e+00
1.941521200575620387e+00
2.041514783928556565e+00
2.150769692033196900e+00
2.188163396199409139e+00
2.560726904075080856e+00
2.327930806235754879e+00
2.019544732140123866e+00
1.791610793645031396e+00
2.293422313539855040e+00
2.165412073776713964e+00
2.134914132463709091e+00
1.637488467634530043e+00
1.843182406507048787e+00
2.059634282488617796e+00
1.643526268533356705e+00
1.433772350628259362e+00
1.423270333590592740e+00
1.504156365403771289e+00
1.395870278459097058e+00
1.191768725009593632e+00
1.404086730775205405e+00
1.515657081380425986e+00
1.602957310250965550e+00
1.515376390150745989e+00
1.884468046292563814e+00
1.801664658387946760e+00
1.406756188600505775e+00
1.403144237891900792e+00
1.624002731680159961e+00
1.471854189337072905e+00
1.306866385568737243e+00
1.593501729329908301e+00
1.679127844465972963e+00
1.730156453373919323e+00
1.619720708666578135e+00
1.432594182501004010e+00
1.589085777634521079e+00
1.700056816160614437e+00
1.231554773424417881e+00
1.224088390621823841e+00
1.517154655556607556e+00
1.662166685756115703e+00
1.660471183301576392e+00
1.879391974863469317e+00
1.780701083806915497e+00
1.331305910763095568e+00
2.154701518119283232e+00
2.128291248484596832e+00
1.705158884797589813e+00
1.816057199287239854e+00
1.713690840949458227e+00
1.799269518110420130e+00
1.730056151206339710e+00
2.120512923045503761e+00
2.052350850187760312e+00
1.785499613580133094e+00
1.838444821388224071e+00
1.830271962622493920e+00
1.365512149434629618e+00
1.393691452249758544e+00
1.254851378582397814e+00
1.660643911303265829e+00
1.605623491414632120e+00
1.338309952891746812e+00
1.430103718061628282e+00
1.499529894626294046e+00
1.498038668236222115e+00
1.363377023069385574e+00
1.031339712388345653e+00
1.550327552188589308e+00
1.705102111407006849e+00
1.862315017168319820e+00
1.592200219568696840e+00
1.694797240303124397e+00
1.849398044393385510e+00
1.927801935832171409e+00
2.110294630147204753e+00
1.718750005778905354e+00
1.728361415884239083e+00
1.747159946347821347e+00
1.589066332850545660e+00
1.557906855978420380e+00
1.350627462476603036e+00
1.432174324207517557e+00
1.190500383520066929e+00
1.325377060108958727e+00
1.274291967200831044e+00
1.318882780507099728e+00
1.261542401498177535e+00
1.235776437697582164e+00
1.471282345617125786e+00
1.434111557921909696e+00
1.186689326224224184e+00
1.415160603166007336e+00
1.852480260065272777e+00
1.870393223729691190e+00
2.027524638941446078e+00
2.112472674990638399e+00
1.915485266683268684e+00
1.865202600152393364e+00
1.855807798194558877e+00
2.485269858313476021e+00
2.213755780931487394e+00
2.150975964122880946e+00
2.133258496150689520e+00
2.101842080208237373e+00
1.847363965285474752e+00
1.955201290842051964e+00
1.749844928042334047e+00
1.441408665525686139e+00
1.651805025557505857e+00
1.977846556830503921e+00
1.987836993312676714e+00
1.566160363397132160e+00
1.543757198529859487e+00
1.425862274485171444e+00
1.373229198952685470e+00
1.740055349710715182e+00
1.961822354412742220e+00
1.574600247032189815e+00
1.612731355679543288e+00
1.516785376210403324e+00
1.544016031209962669e+00
1.649894502041757249e+00
1.550827785031880568e+00
1.431041143372150604e+00
1.276201007722428615e+00
1.196788045377451759e+00
1.410655361990187151e+00
1.446689990336350817e+00
1.438492318118570035e+00
1.206415931747413017e+00
1.508540354309377385e+00
1.733316658752557249e+00
1.677337301811946180e+00
1.915133676420436748e+00
1.863324273855499147e+00
1.517728177703039361e+00
1.815972285597039049e+00
1.328269238351333481e+00
1.432282521833633693e+00
1.346649245345695745e+00
1.816261091388291504e+00
1.604565915605696391e+00
1.576529626552921393e+00
1.919189682470218816e+00
2.120141924702449554e+00
2.644961213601842775e+00
2.519066033159279794e+00
2.066528387282475787e+00
2.385674403611433014e+00
2.276108950324407854e+00
2.201136931199429991e+00
1.766332766484510985e+00
1.853613440585736516e+00
2.093909328892472388e+00
1.828055528395871043e+00
1.940678838840393938e+00
1.836893591625742062e+00
1.474431407483215883e+00
1.802170718057859666e+00
1.867355377931460669e+00
2.198747942319412285e+00
2.123231745408937332e+00
1.977086641886740326e+00
2.273257486140166428e+00
2.063909126976055219e+00
1.956247486744786990e+00
1.921748650749413700e+00
1.877809611787206068e+00
1.722064890537294835e+00
1.725111542157415911e+00
1.660865607992201509e+00
2.019435016801999883e+00
1.563249452330783162e+00
1.642004485521275203e+00
1.775689424293666052e+00
1.805955135151021684e+00
1.690149013882656703e+00
1.862252338428694642e+00
2.063466118859931253e+00
2.108184271486338357e+00
1.843692554820224316e+00
1.848581815994694511e+00
2.003333374911455689e+00
1.971926764963025880e+00
2.048556076506016677e+00
1.961342134710867491e+00
2.135552206226567495e+00
1.775585180587702316e+00
1.564032484744935170e+00
1.428902075175342290e+00
1.673440322326384067e+00
1.749555730753990845e+00
1.830551685490727110e+00
1.857370576141342156e+00
1.801328933711753510e+00
1.625132524029040626e+00
1.490045104429735590e+00
1.724206365281893305e+00
1.172398896063101992e+00
1.451744509383201098e+00
2.200958218650679754e+00
2.147044438903884966e+00
2.047502644918672843e+00
2.063346556254939568e+00
1.906135180646455485e+00
1.320514239140375023e+00
1.234469629068406737e+00
1.546453961350621409e+00
1.835025939337360912e+00
1.699330290072250893e+00
1.374200845222386391e+00
1.465717478195742052e+00
1.596977221818999482e+00
1.564384245896121017e+00
1.784061521558432561e+00
1.706043008357891244e+00
1.622809912739996863e+00
1.475721537891941937e+00
1.439674282149105089e+00
1.461213050962984816e+00
1.242734545595828299e+00
1.450338362450269258e+00
1.682925172491775756e+00
1.572931722974463487e+00
1.362057945329147701e+00
1.990022252152147120e+00
2.077797735095868958e+00
1.611737946737473282e+00
1.675423233582968185e+00
1.587048022177677709e+00
1.478170557145450204e+00
1.210907360767114582e+00
1.523221632054792440e+00
1.552699820092562133e+00
1.524760796474536662e+00
1.755422508224644407e+00
1.714472996809217165e+00
1.604451175144779640e+00
1.516280130205574395e+00
1.538250827512257723e+00
1.620860525750060566e+00
1.583323731768626841e+00
1.701155516892375763e+00
1.868074925704670264e+00
1.858299134608177638e+00
2.262484066324053522e+00
2.289535465090632549e+00
2.378723265811900855e+00
2.257873208325461789e+00
2.393691409973379702e+00
1.799942139559409959e+00
2.056756229965811311e+00
2.031160598843160248e+00
2.192826311979251042e+00
2.359260805640409853e+00
1.950149200010403705e+00
1.801854147066165979e+00
1.776788410322878153e+00
1.910899984892576287e+00
1.913737087257362024e+00
2.156403847572766264e+00
2.021695992752488014e+00
2.218928282860654910e+00
2.219252268491748392e+00
2.216470049048657298e+00
1.828043167586525630e+00
1.908534823767690458e+00
1.684578087024006798e+00
1.732042644885336991e+00
1.465882117965307874e+00
1.521806593854469813e+00
2.198203743760644979e+00
2.058979644359371974e+00
1.876698814696742268e+00
1.916067806472370183e+00
2.168068551312015035e+00
2.140206573540897050e+00
1.913599274453633647e+00
1.829996984226806678e+00
1.599540449562228517e+00
1.494135467345502954e+00
1.283900763738672568e+00
1.324879193462753069e+00
1.359065319599064736e+00
1.438604425333978698e+00
1.491508015213142357e+00
1.513228448640662638e+00
1.495636213783162027e+00
1.371036743405599001e+00
1.363520365657681310e+00
1.558918299928813145e+00
1.714095681745933852e+00
1.358308202147506361e+00
1.485017982353482369e+00
1.433012456222662045e+00
1.400002944192841214e+00
1.591859106111325861e+00
1.544945791072277697e+00
1.506767490168803070e+00
1.446112110266963846e+00
1.450798788922490923e+00
1.547309188544824909e+00
1.863914033195948949e+00
1.802238964889608219e+00
1.733081751171113183e+00
2.114145143382548664e+00
2.342445670404271763e+00
2.049264797610061084e+00
2.207396275039494871e+00
1.690896936796922434e+00
2.174397560916399907e+00
2.243472143777959005e+00
2.167900151968586098e+00
2.031505960285267864e+00
1.793292547571145867e+00
1.558703188417131846e+00
1.354030447112138047e+00
1.454877936566710384e+00
1.380269764684678213e+00
1.672648258561947543e+00
1.894869033725201213e+00
1.439073328673995178e+00
1.589566854572027843e+00
1.610224555629612198e+00
1.681114571667594149e+00
1.842562060108412503e+00
1.996359787550325837e+00
2.090330957870448980e+00
2.121426617348505683e+00
1.813524907749936022e+00
2.181813118354590575e+00
2.544524986304995462e+00
2.121455507761303316e+00
1.977670668396526388e+00
1.971344720572928866e+00
2.160077987049936254e+00
2.435309766422923072e+00
2.058543799435895938e+00
2.065591515616423735e+00
1.863193952545483700e+00
1.906294880243428302e+00
1.985225256138034799e+00
1.765763946048708677e+00
1.879785583092017154e+00
1.904724480347331328e+00
1.774310981767267981e+00
1.449149452409348449e+00
1.746047700253994694e+00
1.896343534369188122e+00
1.568097168359168236e+00
1.871135805282494902e+00
2.007722764519108249e+00
1.868586212110615152e+00
1.792607423383906440e+00
1.706576384201187624e+00
1.733193224031509549e+00
2.241950853789742570e+00
2.204002937298619624e+00
2.262670353753569508e+00
1.866279309023676225e+00
1.819286041090932615e+00
1.693037490553422231e+00
1.817234080374294791e+00
1.831261186175630273e+00
1.892150796276411029e+00
1.883743569694384279e+00
1.866275270815450860e+00
1.550142013328773771e+00
2.133771133065276437e+00
2.162476877399392539e+00
2.022564214409240613e+00
1.803181295151797148e+00
1.506874862301298856e+00
1.537004476827795507e+00
1.747343443664289397e+00
1.707040726153736587e+00
1.515579786856971367e+00
1.675024540628688774e+00
1.646891140395025488e+00
1.759580472490113401e+00
2.241975664368073939e+00
1.876904231412650281e+00
2.153000698952547864e+00
2.351883218688829214e+00
2.339791105136816096e+00
2.167405354909383686e+00
2.056581000120978775e+00
1.755180341429832147e+00
1.721011006518812891e+00
1.901264923649021332e+00
1.822206178022811374e+00
1.798553528357630160e+00
2.026355808733669939e+00
1.793411651431629172e+00
1.760852770938969192e+00
2.082225455165998440e+00
1.845645491550814699e+00
1.566643032248970613e+00
1.432988144669518960e+00
1.385041356367906928e+00
1.609898839509710022e+00
1.417235079275970699e+00
1.842469329786051269e+00
1.989998203652472375e+00
1.927110979026886772e+00
2.044886007510618775e+00
2.246421580800743723e+00
1.922324341173311302e+00
1.974879255699819813e+00
2.125679016782910491e+00
2.200521856768138829e+00
2.217069698839960079e+00
2.274309307591701579e+00
1.916548361923752442e+00
1.609994249044715220e+00
1.670420010080681639e+00
1.349398925026542795e+00
1.389497058388043493e+00
1.414473173620723223e+00
1.506501915572061590e+00
1.422679938759936924e+00
1.576809912733207142e+00
1.578194210544355158e+00
1.348943836780897909e+00
1.546670721188292408e+00
1.466751796929386176e+00
1.824710969308928732e+00
1.456564589516222696e+00
1.507596546283040961e+00
1.880495213069818483e+00
1.695948694250892563e+00
2.138396713069814492e+00
1.809843858208963541e+00
1.840182309745829414e+00
2.194480011399416508e+00
2.693024001655169197e+00
2.392570864298547928e+00
2.194513201175237516e+00
2.265895406595200168e+00
1.862636581422300486e+00
1.701178352553837314e+00
1.884004691788280894e+00
1.933231004591911661e+00
1.636364830982742991e+00
1.973733051125418969e+00
1.954871250470827881e+00
1.496802680194190938e+00
1.431043899508672723e+00
1.539006399886267085e+00
1.802670502694372345e+00
1.434482216473144112e+00
1.609161848291370767e+00
1.537400509698864326e+00
1.185996129609140137e+00
1.175658387407810368e+00
1.219275814105308164e+00
1.337257122869502490e+00
1.331263692105480567e+00
1.510588754495866937e+00
1.596602356530606892e+00
1.589043318209300448e+00
1.885942822554994791e+00
1.777388761843210707e+00
1.618406199727255412e+00
1.598205442071750193e+00
1.633734270995977456e+00
1.702079751212943082e+00
1.561250248837724452e+00
1.994333763981176677e+00
1.757929341250870525e+00
1.555605199458429677e+00
2.054425573376808867e+00
1.766821464044803669e+00
1.771855725282424521e+00
2.045816291941951359e+00
2.430429151948937605e+00
2.069305655545605305e+00
2.218585399712204254e+00
2.246188576698743056e+00
2.510848792493598491e+00
2.188905126618022390e+00
1.822971376777606567e+00
1.783517147528522973e+00
1.757866980606292096e+00
2.269778986158852430e+00
2.266688016331168232e+00
2.112113947755335897e+00
2.460856728378323144e+00
2.102369302449980548e+00
1.511612092591093193e+00
2.099150612757358925e+00
1.723183859610074808e+00
1.723190290892778309e+00
1.356122921340856990e+00
1.545353990297756663e+00
1.327122265561725190e+00
1.507578256985071086e+00
1.816053715272161417e+00
1.879167306835163531e+00
1.523404378607033705e+00
1.680263707182276578e+00
2.076690063575183043e+00
2.163989512063829057e+00
2.086080456665830418e+00
1.716523084772083596e+00
1.846716415019197033e+00
1.936931087820390252e+00
2.361514237883905132e+00
2.276881367222967523e+00
2.079022874175015190e+00
1.931731751062619296e+00
1.309011103230351303e+00
1.588654982096935564e+00
1.681549882174346866e+00
1.734227919280053376e+00
1.635158639399859615e+00
2.109326549327925182e+00
1.744078838338034121e+00
1.735944076823690896e+00
1.589187277741844539e+00
1.740192205444552442e+00
1.949640785556688627e+00
2.047857462342445256e+00
2.079219092394352320e+00
1.796249259305855439e+00
1.471261622238652533e+00
1.433994404963926605e+00
1.135194903240244191e+00
1.371602253825402684e+00
1.332065412169374241e+00
1.450580934658338927e+00
1.574032167755926803e+00
2.189062103147244809e+00
1.958240714152691853e+00
1.846872363820407870e+00
1.758159703889480729e+00
1.920316201395179778e+00
1.710541187019119169e+00
1.734342721533298493e+00
1.761481682900439161e+00
1.495002509660139589e+00
1.536934581428316626e+00
1.664949783299133346e+00
1.399899892143340097e+00
1.242335401247569138e+00
1.550852416985786020e+00
1.639008877245058615e+00
1.255292535931597619e+00
1.448328201281058991e+00
1.271265805089413670e+00
1.510155712833973540e+00
1.612730559838445821e+00
1.951829258367808961e+00
1.504866972192951735e+00
1.480879108624701068e+00
1.314420566602727547e+00
1.665589313309991049e+00
1.689303389409973821e+00
1.988318267914518378e+00
2.189418899131828411e+00
2.355605775223847065e+00
2.173978202348940236e+00
2.360083678169423216e+00
2.530831419165680884e+00
2.810181220815674230e+00
2.273791588986843859e+00
2.026949026055070657e+00
2.168662861537707265e+00
2.033302461235285019e+00
2.126668007449061815e+00
2.313648171224426786e+00
2.398637577795923459e+00
2.375615951418255989e+00
2.185691989925321987e+00
2.313299159725692888e+00
1.978371397442781676e+00
1.848571166919288133e+00
1.706607123132179771e+00
1.723541687560836699e+00
2.086179003247137231e+00
1.617159568363840894e+00
1.625485464945232827e+00
1.313556342759814477e+00
1.919404816506133704e+00
2.047375297048583676e+00
2.096906115690071903e+00
1.806386058077166457e+00
1.783927440684500487e+00
1.703043718429910314e+00
2.078373419681980305e+00
1.749248987756124585e+00
1.470535726805242582e+00
1.380962965123286423e+00
1.505902966551295075e+00
1.695013852422963430e+00
1.704969533582277208e+00
1.830253549484095466e+00
2.102646045390117013e+00
2.108221323633815647e+00
1.735231089437354601e+00
2.117823226281995819e+00
1.700272179033929021e+00
1.706152310467891953e+00
1.642256430252619026e+00
1.659688061860161490e+00
1.824470389252218938e+00
1.502595286374634576e+00
1.543022961702722684e+00
1.593709611435794704e+00
1.551119281308597442e+00
1.655954617439719945e+00
1.368651153085498784e+00
2.110643199274778059e+00
1.721077544268147186e+00
1.850632455905412144e+00
1.570449141746614874e+00
1.449656600978516341e+00
1.374639252959840796e+00
2.198078003232954547e+00
1.732674266671882624e+00
2.069687384684934184e+00
1.842349996099055476e+00
1.768155407318136696e+00
1.276865847836240020e+00
1.493314790355582344e+00
1.749308614124310157e+00
1.480790027648201557e+00
1.492458092877217757e+00
1.813696514396646364e+00
2.214740146252605069e+00
2.150072237454478064e+00
1.941293965627415963e+00
1.731823837193394056e+00
2.180570997371916064e+00
2.355450338510910235e+00
2.032758796120687883e+00
2.083423516612805226e+00
2.248129734114189482e+00
2.402483444192407447e+00
2.183523100098763159e+00
2.323284458266500430e+00
2.553790267346996323e+00
2.224301912758025246e+00
2.308588342584842135e+00
2.080833825851818641e+00
2.460992447090075697e+00
2.250626297833705269e+00
1.961489075936827975e+00
1.766754199658447932e+00
1.962473819870899305e+00
1.847123437263313184e+00
2.183664269053688489e+00
1.934144421951440096e+00
1.794904720142609822e+00
1.489686395212493686e+00
1.838370326988771453e+00
1.868969668560010566e+00
1.974404877632552235e+00
1.940575740243676739e+00
2.216098336548072645e+00
2.081836482802076116e+00
2.137624512141110156e+00
2.100468837563401081e+00
1.466946294446896282e+00
1.307420582356397354e+00
1.223964651415960780e+00
1.336501759053070559e+00
1.538633835261742355e+00
1.748011724501190134e+00
1.874181244043516603e+00
1.937982334687754715e+00
1.721621307182171101e+00
1.576249303129002355e+00
1.534346643780321706e+00
1.473441373852481417e+00
1.389323044542288388e+00
1.186605944974435500e+00
1.241321801407989867e+00
1.307961402539038032e+00
1.437675404746434404e+00
1.301585110021646452e+00
1.198567994827059335e+00
1.564799927516696165e+00
1.571217523794419035e+00
1.568955684165236786e+00
1.968736977780755071e+00
2.063186352431077619e+00
1.759521374790804948e+00
2.253008739454652964e+00
1.565526744073658660e+00
1.290195346827900602e+00
1.372134558718892228e+00
1.832385958263887282e+00
1.868964033767437805e+00
1.932344891706755163e+00
1.627448136889148023e+00
1.833114619093465514e+00
2.039370562648043173e+00
1.982152748642551421e+00
2.265485865298026535e+00
1.960754313214770228e+00
2.098860457657238499e+00
2.332157527085900739e+00
1.998594162240970196e+00
2.295907832191098841e+00
2.580095520945263399e+00
2.214083178336438529e+00
2.005799063043932851e+00
1.735819742418366562e+00
2.121798812086796548e+00
1.928396666522683933e+00
1.450425820046227443e+00
1.569571397416786862e+00
1.852535325734576022e+00
1.807166282650343625e+00
1.788946130343432195e+00
1.463988977224972121e+00
1.444113708354664016e+00
1.419605718919116910e+00
1.738226677026833089e+00
1.597375865165978404e+00
1.131858511988449001e+00
1.515663850681536751e+00
1.641728576376102033e+00
1.764320162200732289e+00
1.366608259219137089e+00
1.449847989968656492e+00
1.504371170573474137e+00
1.561865013926636792e+00
1.826575541054394236e+00
1.950452399322234687e+00
2.005129714859822165e+00
1.814849550844993775e+00
1.437781152705651655e+00
1.427398849053607366e+00
1.378848228292298472e+00
1.518228684353431612e+00
1.350610629720466971e+00
1.605723884755536846e+00
2.036600297373238444e+00
1.952084714650758501e+00
1.594483750367816643e+00
1.805201513512685985e+00
2.005387564467198125e+00
2.148838434358475880e+00
2.319848570642703667e+00
2.082257984789118055e+00
1.760442578839394034e+00
1.729470642762430010e+00
1.805276182062417023e+00
1.713793868236530349e+00
1.762806151500494911e+00
1.648929008788801553e+00
1.623053393712424297e+00
1.478885043186008774e+00
1.539888419394067398e+00
1.280983546733961198e+00
1.660487203671971557e+00
1.728969738209713558e+00
1.753954677290029629e+00
1.331249719927932063e+00
1.358649974024902729e+00
1.611137677945604585e+00
1.391467406546646357e+00
1.455639921224680222e+00
1.218033889949552862e+00
1.238948281973755172e+00
1.194463990327746750e+00
1.377427560292175501e+00
1.621510295775176580e+00
1.373663429795201063e+00
1.716850576524191485e+00
1.526082834461114812e+00
1.745549699666733012e+00
1.477967010476740839e+00
1.311213852885318998e+00
1.405575087815032820e+00
1.292624177375915506e+00
1.262361614182887504e+00
1.259657879907781552e+00
1.243256507555532187e+00
1.622622172412680586e+00
1.716201907143188654e+00
1.376658457395881108e+00
1.381689865479297730e+00
1.442098971302216981e+00
1.347980132467686110e+00
1.129213227516059792e+00
1.404747247820385958e+00
1.156436998347396772e+00
1.287854163044572786e+00
1.546872786090689234e+00
1.657991188675431715e+00
1.606642195077512048e+00
1.686997801276589604e+00
1.522884239466631540e+00
1.608016762670283484e+00
1.807440423408065433e+00
1.801475144377091997e+00
1.490886130824690348e+00
1.326218293729482856e+00
1.257250441239168737e+00
1.527247086374374341e+00
1.234961951753128728e+00
1.236424063065976853e+00
1.356566917234123260e+00
1.191381223948255297e+00
1.289199008054033424e+00
1.639748362434650275e+00
1.567932722422495262e+00
1.679509436998593674e+00
1.986269760073795076e+00
1.909356472936360127e+00
1.693449591476851923e+00
1.221376380344984192e+00
1.420919587736574119e+00
1.425295699471575084e+00
1.541779793514266972e+00
1.153882330959517422e+00
1.427391024771302419e+00
1.368018055108487951e+00
1.215408525662279970e+00
1.358823789286253136e+00
1.444723372073338119e+00
1.302088402006598145e+00
1.464363381976712120e+00
1.668686355301062907e+00
1.554396254620861173e+00
1.539477957486605320e+00
1.639448969310715043e+00
1.758706849651098025e+00
1.677180795929942292e+00
1.580886269651097020e+00
1.356105399855870530e+00
1.641727550487052767e+00
1.553699031528167795e+00
1.387717385124192404e+00
1.636996823826268432e+00
1.326606633102002109e+00
1.294497438028765934e+00
1.356561622255156419e+00
1.427150443529927148e+00
1.580729818911600582e+00
1.564538146891732318e+00
1.441996527829595198e+00
1.667179610537860235e+00
1.507178330694235902e+00
1.507633888014637158e+00
1.301126829718130207e+00
1.289593838977229900e+00
1.467590789434837006e+00
1.327931948949020224e+00
1.213062820300170763e+00
1.099333134355069630e+00
1.057019046974301713e+00
1.260692383209344181e+00
1.485573580618624545e+00
1.607274910354456798e+00
1.957443103889685787e+00
2.111763799932597774e+00
1.958173465379353217e+00
1.575216663368619097e+00
1.331668233316726679e+00
1.786929271687941467e+00
1.367923210958284619e+00
1.170296313893356643e+00
1.230493143951149726e+00
1.404622088112366995e+00
1.699474446355710100e+00
1.868616847420997207e+00
2.051223357762261834e+00
1.844266152178440699e+00
1.771105871984304247e+00
1.832631406827884391e+00
1.916245975816716296e+00
2.240992280000551506e+00
2.439304785674563103e+00
2.203352503910658733e+00
1.858672056621617719e+00
1.964435101072702583e+00
2.241370903976341200e+00
2.411233855797647596e+00
2.556459964208098512e+00
2.236167502846349020e+00
1.998770160806511376e+00
1.932210099703586481e+00
2.142982836732131968e+00
1.966140749364313267e+00
2.007946419569525798e+00
1.639659134042410260e+00
1.256917029919627282e+00
1.667201000455488247e+00
1.501953541658633595e+00
1.229799264937440517e+00
1.152682298813246797e+00
1.217387166441090018e+00
1.476337182515604418e+00
1.291545125920459558e+00
1.376926355665937685e+00
1.501138108613009781e+00
1.563128297547552670e+00
1.610425300115294611e+00
1.316541920357581663e+00
1.468929651637332690e+00
1.395618793285948955e+00
1.434136197497571263e+00
1.906236401696440597e+00
2.245157940190652290e+00
2.270645014749154367e+00
2.513193013624593686e+00
2.654612950101175706e+00
2.399684362231350843e+00
2.517194409410635103e+00
2.205054190865984420e+00
1.996109305856699212e+00
2.365258746017178559e+00
2.156476053158072670e+00
2.580248603907762561e+00
2.461453242908091088e+00
1.841652604008501060e+00
1.972369837115766522e+00
2.381139902532384056e+00
2.460028442508235269e+00
2.392527793099221700e+00
1.958876237344346682e+00
2.304907265475385714e+00
2.280523272195971174e+00
2.199580092205481119e+00
2.140089692922024778e+00
2.507723050223601202e+00
2.573580512887863492e+00
1.850237815334588865e+00
1.605245199655846777e+00
1.481700578979340044e+00
1.221320673964889636e+00
1.293207320840028984e+00
1.377597730179553670e+00
1.300085918487140058e+00
1.356041072751934529e+00
1.403759493226294452e+00
1.470192039508423809e+00
1.543155272015391377e+00
1.771795585801132944e+00
1.921689757659597930e+00
1.810666318678037401e+00
1.652794149032314586e+00
1.553723516065252497e+00
1.445629238708813435e+00
1.650971565874534752e+00
1.339633758900017124e+00
1.733461412674542235e+00
1.700428086271637218e+00
1.925957710784460097e+00
1.750385297348030722e+00
1.318377763657477830e+00
1.458357148924808389e+00
1.641469021310821619e+00
1.683060782418163148e+00
1.729504384393129257e+00
1.654421381204581154e+00
1.389618906360817530e+00
1.314781490752100934e+00
1.224929052851137401e+00
1.521832829907997509e+00
2.026131621859482035e+00
1.919924895079222926e+00
1.963804209974238324e+00
1.874055323734288514e+00
2.377653257810203424e+00
2.404042881212283600e+00
2.323630230106797701e+00
2.403546030292913027e+00
2.456072848417504062e+00
2.171744464374987249e+00
2.374180560049709676e+00
2.378351119895719012e+00
2.386162413668765137e+00
2.519040195729136400e+00
2.461784719290733836e+00
2.318608383376756787e+00
1.531833090322483493e+00
1.732648588482162744e+00
1.939140804347319946e+00
1.814815126783931420e+00
1.804928307297626766e+00
1.609973499355099369e+00
1.593539431704178444e+00
1.942255958585417552e+00
2.187891878001102963e+00
1.954043279457507998e+00
2.023201179771355385e+00
2.530194088710178590e+00
2.185683495819561895e+00
1.995068092567108486e+00
1.842022704304840275e+00
2.108856583739802115e+00
2.200534856330242928e+00
2.148354108430607479e+00
1.974909213690617227e+00
2.251198884648355936e+00
2.245301608363825530e+00
2.216226262901467070e+00
2.373732162528971124e+00
2.060530614247464865e+00
2.199763344170727830e+00
2.116697981948744367e+00
2.394959012793952180e+00
2.048179266305397039e+00
1.850983474275089025e+00
1.753962198293838926e+00
1.669749034298767087e+00
1.568830940454362111e+00
1.650042401225797040e+00
1.297345185974957404e+00
1.455140877794664833e+00
1.393780681844470237e+00
1.688484174784694591e+00
1.478233562035193405e+00
1.437330853469575231e+00
1.403372388923998848e+00
1.390230977613803320e+00
1.273658842041760275e+00
1.315791979107735044e+00
1.405926818203920625e+00
1.872477727655927682e+00
1.921106433903803978e+00
2.052183207061666792e+00
2.156244901553142412e+00
2.197316167624814298e+00
1.947731959152607661e+00
2.126588034642174385e+00
2.034137225701277085e+00
2.136732850485547619e+00
1.792154965894130925e+00
1.678520504078018449e+00
1.437179857698181129e+00
1.636937579547115051e+00
1.386415793722841849e+00
1.636005932901142934e+00
1.350473682837993739e+00
1.414691314792604793e+00
1.462008232330931357e+00
1.283286762469372455e+00
1.176360018415648190e+00
1.319648588589579896e+00
1.139598844290613311e+00
1.215232950756741204e+00
1.408182882372533085e+00
1.621657524191683741e+00
1.497168457241426331e+00
1.571685875887719241e+00
1.589144688448340004e+00
1.279143860998685600e+00
1.611850184132717079e+00
1.642091182931861626e+00
1.614143557556713127e+00
1.636070745497621548e+00
1.939658654397582227e+00
1.985211790380699615e+00
2.215809602296753500e+00
1.896738762781005505e+00
1.960830549789957189e+00
1.968762043546501195e+00
2.088228090768911915e+00
1.985619035254184928e+00
1.864013520581806027e+00
2.184865322595826331e+00
1.862345666066376415e+00
2.065059154212722792e+00
2.035456457892031334e+00
2.048109368052899892e+00
1.967334717279068945e+00
2.476434453150250015e+00
2.202322377480331994e+00
2.264170407519425776e+00
2.315298218234588035e+00
2.348213207084460574e+00
1.735012605112244977e+00
1.786482845973114353e+00
1.640370756854356848e+00
2.278462323018641822e+00
2.024328965269076352e+00
1.706323635162221741e+00
1.898779073512064874e+00
1.519324224720266958e+00
1.437209917482684229e+00
1.374646365019553063e+00
1.685527217723046256e+00
1.874833352899179406e+00
1.872591717985754078e+00
2.094103753859710704e+00
1.778029846088134747e+00
1.614987269837971029e+00
1.482529288473313667e+00
1.298904054693833299e+00
1.445266435493833157e+00
1.228941544834933453e+00
1.201000428138645493e+00
1.429141329859003440e+00
1.532417064798673900e+00
1.375456472133821606e+00
1.361508855420644037e+00
1.319578360728660638e+00
1.315640051066284233e+00
1.578327817951144185e+00
1.458169634667235259e+00
1.594341214495568870e+00
1.599337539789203788e+00
1.813275635124349083e+00
1.635357486016548068e+00
1.805221214371157679e+00
1.614002689492697984e+00
1.656171438116033290e+00
1.625668219447585772e+00
1.707798190485379841e+00
2.051321057113109525e+00
2.106340963188441329e+00
1.998842287698319176e+00
2.117693333075862938e+00
1.963778652373992628e+00
1.590725384716592750e+00
2.086054244283111814e+00
1.903832319253292216e+00
1.849100055558529965e+00
1.156078272849201172e+00
1.471887298061246296e+00
1.757052505526008446e+00
1.813554898818413141e+00
1.929399789261477371e+00
2.350257433829193499e+00
2.121368023944261161e+00
1.991373482953531671e+00
2.139362128271461216e+00
2.168188870173840765e+00
2.066470885350494058e+00
2.121526570408289736e+00
2.309681056964512980e+00
1.789332733126652641e+00
1.729808172413619616e+00
1.705483204754256521e+00
2.038080540911063832e+00
2.326801072262572934e+00
1.924962809985589773e+00
2.090800755392388854e+00
2.311853600566615707e+00
2.386739658265979891e+00
2.076493699950985761e+00
2.188469928204926251e+00
2.006594919377334474e+00
1.897425444195645738e+00
1.510812441607342516e+00
1.590256861005941103e+00
1.497017268744872176e+00
1.372566984300686244e+00
1.384525771800527938e+00
1.690837841842396827e+00
1.915730629433519017e+00
1.969947450001680256e+00
1.767026285995965118e+00
1.652843011889509883e+00
1.744827524648141281e+00
1.563679942318228822e+00
1.781226091558159030e+00
1.715083808990610637e+00
1.968227058128750429e+00
1.842324634288471374e+00
1.662922450825319531e+00
1.490088275429596987e+00
1.515945324848255726e+00
1.698145664101767593e+00
1.856519797558540352e+00
2.285411176910358222e+00
1.692101195199454011e+00
1.852536390925530796e+00
1.944586358967965722e+00
1.662960720904631984e+00
1.633340634223244381e+00
1.939694601330385515e+00
2.125949229473162116e+00
2.242131848258169580e+00
2.354461976970817272e+00
2.265908773705179069e+00
2.277173295386709651e+00
2.310347051669902729e+00
1.686026995986100063e+00
1.945211941488320440e+00
2.090568420833496699e+00
1.936280723135149762e+00
2.006073114745469788e+00
2.117393025713210530e+00
2.175098442138026389e+00
2.185269769108509230e+00
2.036091759758265507e+00
1.800928055934648997e+00
1.851002025524100647e+00
1.874969338103950056e+00
1.915780051307367948e+00
1.649497910143180368e+00
1.647568873821848801e+00
1.206644060304825850e+00
1.806410766434348503e+00
2.027498526532933720e+00
2.070356514026176153e+00
2.013499133067805591e+00
1.533293281892104343e+00
1.749661214418708699e+00
1.668008372248784843e+00
1.479111298924968398e+00
2.084206373781924082e+00
2.041632432139361963e+00
1.987713914310104135e+00
2.085457783220881378e+00
1.848565636828018333e+00
1.564032038115092060e+00
1.796102416686811587e+00
2.101098894533016459e+00
1.689452463243674929e+00
1.679806608053399986e+00
1.942971472597996074e+00
1.797910897896048965e+00
2.004818265168104574e+00
2.108904985380300356e+00
1.906766590865821120e+00
1.360667768754745932e+00
1.266512381551458510e+00
2.003990769468410260e+00
2.048676870271925132e+00
1.740107316371860113e+00
1.768152141540073830e+00
1.537369138888755371e+00
1.513135770184888429e+00
1.853527846018958147e+00
1.762946078354294954e+00
1.890998233870597733e+00
1.622410990380425577e+00
1.259189108387873679e+00
1.399919081713104863e+00
1.668953447890625830e+00
2.155466042768594992e+00
2.312497537521017055e+00
1.768392522296012404e+00
2.043115926966434071e+00
1.734757791198685783e+00
1.658313717957097921e+00
1.579336978060760455e+00
1.610228051536644944e+00
1.474403666248238709e+00
1.699490085772800585e+00
1.431542035907401367e+00
1.725456492659894314e+00
1.717711032075875055e+00
1.557000522288499944e+00
1.741351418255251859e+00
1.561415717110312018e+00
1.749903846292115039e+00
1.609307456220538057e+00
1.435899196968921432e+00
1.659893322519274683e+00
1.557784916686754784e+00
1.919047132999121885e+00
2.099697781426342225e+00
1.484674727817576034e+00
1.563950636613470557e+00
1.457014409793897736e+00
1.499438221917587466e+00
1.703653489021214940e+00
1.530571330766563376e+00
1.758069439261555234e+00
2.446593135595241719e+00
1.879874985884780747e+00
1.473319662311896039e+00
1.574808664614664400e+00
1.726418283355815708e+00
1.493926067601195617e+00
1.409687674338957697e+00
1.397093280574807750e+00
1.443754694005979111e+00
1.991877657976077742e+00
1.943378736962160680e+00
1.908462468869930095e+00
2.037455236759215804e+00
1.674126066355376530e+00
2.252745659319607796e+00
2.563135210284782861e+00
2.477727821466150004e+00
2.090195923754629259e+00
1.846006314343349608e+00
1.704556851283016927e+00
1.789053567254037080e+00
1.466679994764196193e+00
1.561449917019297251e+00
1.323555308908220152e+00
1.239281940321580899e+00
1.341082239914676677e+00
1.216820545307806478e+00
1.312884323418128218e+00
1.731412537641640714e+00
1.741297571738848582e+00
1.606991082095334811e+00
1.829713177677486202e+00
1.424047690577489478e+00
1.397721583544579316e+00
1.368406949960768948e+00
1.309496980723516169e+00
1.166414829719490731e+00
1.244919109957000725e+00
1.692956942249815189e+00
1.669776546333050504e+00
1.834596952329055952e+00
1.975414274289337913e+00
2.276736988106993209e+00
2.605287513030572821e+00
2.716001100397564372e+00
2.601564025790108481e+00
2.224970410633521301e+00
2.069705749060733346e+00
1.557376621026822505e+00
1.667192363915682485e+00
1.313404865681449873e+00
1.540310877545599366e+00
1.380149192683115089e+00
1.426846718802938119e+00
1.614428661309805335e+00
1.917901566243585654e+00
2.033472721673058814e+00
1.386863141101809305e+00
1.770839857477589208e+00
1.951151529293703835e+00
1.982635311066013983e+00
1.804795166927468664e+00
2.031511244071750877e+00
2.512021579978387820e+00
2.142448515554990163e+00
1.989114702721633599e+00
2.072532182864488259e+00
2.035607866074874206e+00
1.969921320261141418e+00
2.069716825771433566e+00
1.823282452931620945e+00
1.991169828710880996e+00
2.012764538213724475e+00
2.217435377202726876e+00
2.033444415712150288e+00
1.991432194676151513e+00
1.716877426631226555e+00
1.419981285424388062e+00
1.535566473594316195e+00
1.698601553113401996e+00
1.519936986574494941e+00
1.323177868205787755e+00
1.272382270308678898e+00
1.481999443497096003e+00
1.648861019451614673e+00
1.502437940551831774e+00
1.409768358772790275e+00
1.418919337454281226e+00
1.309123883395102217e+00
1.542285737325892025e+00
1.199508973378214050e+00
1.147924014999674780e+00
1.528236161045740449e+00
1.423447223744598311e+00
1.289095826458823701e+00
1.393056219442643462e+00
1.370569694869500310e+00
1.734155610739273046e+00
2.103945133966246495e+00
1.953050619745723360e+00
1.528979903105754268e+00
1.578274814227656586e+00
1.406752214283634617e+00
1.351231652566854846e+00
1.545946016198656459e+00
1.665406071577828051e+00
1.702162715351689393e+00
1.846407414433608896e+00
1.732883181868933198e+00
1.331253950795329821e+00
1.192474409632704901e+00
1.398100685009532329e+00
1.377436976048376449e+00
1.277428564185857818e+00
1.348311738477378841e+00
1.516017819620231410e+00
1.740021737152578574e+00
1.527974783757762856e+00
1.596007151681388292e+00
1.639440564630071151e+00
1.560495456914652301e+00
1.390348120212927086e+00
1.811938209878130257e+00
1.966175634209455625e+00
1.738503716121061915e+00
1.912613276617510127e+00
2.044865554289983844e+00
1.584109551967636698e+00
1.643619772123442235e+00
1.332270146940830013e+00
1.336214936185259994e+00
1.619027498126921261e+00
1.608212368019944494e+00
2.046624180812933513e+00
2.162082008055143056e+00
1.893557586837317785e+00
2.051717825428327480e+00
1.854054450180514069e+00
1.650365052596715287e+00
2.070223911764082825e+00
1.999031447340168688e+00
1.904805575684968888e+00
1.911620660752376910e+00
1.549872708391241138e+00
1.400991590296689626e+00
1.885991349739984502e+00
1.894050257107283919e+00
2.021479045175848643e+00
1.629258644181557303e+00
1.689653370117118358e+00
2.218230236884749740e+00
1.922823965995757778e+00
2.105035690546520843e+00
1.735957732129029596e+00
1.882580392635835764e+00
2.012301074887441477e+00
1.490318923801648765e+00
1.490174243321552794e+00
1.872087706185031841e+00
2.140930402179566983e+00
1.823128551352791282e+00
2.072767338530355552e+00
1.932920033375918667e+00
1.772611815794446599e+00
1.943342939528355906e+00
1.690045634473864800e+00
1.905954087906651884e+00
2.082700836605323236e+00
1.907402711235628878e+00
1.647313857153335892e+00
1.683545270558276741e+00
1.631950471422376481e+00
1.573327248057300842e+00
1.797381399189692530e+00
1.538281448547605512e+00
1.584343351100506281e+00
1.673276789496203953e+00
1.400444137064735362e+00
1.670613126889255673e+00
1.385106933679102870e+00
1.203168364953885572e+00
1.453581789094770205e+00
1.711057288512390917e+00
1.598138908653140122e+00
1.608780597458493222e+00
1.514678305092351351e+00
1.326279698124403383e+00
1.458978635595294948e+00
1.897531775630574957e+00
1.656002036639516284e+00
1.766548725809397258e+00
1.770504544021162863e+00
1.543089595383088763e+00
1.654757481871618197e+00
1.685486301924642438e+00
1.945234931731006034e+00
1.967879566207338726e+00
2.027599576333459108e+00
1.411047364056336795e+00
1.917425530422570690e+00
2.255979546190701068e+00
2.034454083977575767e+00
2.214523739010277215e+00
1.979371743264746186e+00
1.925796401763712140e+00
1.614956328874510350e+00
1.984273001458475738e+00
2.108668357145932148e+00
2.160403977284536925e+00
2.315371952848682913e+00
2.279823625953404598e+00
2.225335950944820507e+00
1.677805522913147218e+00
1.551875925454284655e+00
1.573031460135187798e+00
1.571902978474085222e+00
1.795707001609100351e+00
1.523122488933001062e+00
1.798551520723087549e+00
1.737825716465473125e+00
1.896531924871470709e+00
1.689671570128509659e+00
1.583296823633279171e+00
1.602695619100955371e+00
1.394221541052718116e+00
1.779119610759574588e+00
2.059208348015258760e+00
1.607351779438298323e+00
1.557214849257693379e+00
1.774621253616372130e+00
1.900507411227338128e+00
1.703052629798519124e+00
1.662109535581919761e+00
1.962769404363588599e+00
1.691432458994158949e+00
1.801448284034295799e+00
1.722422904713766911e+00
1.725774044694451170e+00
1.509043513126069769e+00
1.675897761381458739e+00
1.963937720452581193e+00
2.004336763824460466e+00
1.874553973568286125e+00
1.458060032857583455e+00
1.540687935723931590e+00
1.686542033906931026e+00
1.953060387083340732e+00
1.850447989245162850e+00
1.970341902511421495e+00
1.741527625264850387e+00
1.861437739626505605e+00
1.969462141342978700e+00
2.161306048142286329e+00
1.846235896086312556e+00
1.873610393764248094e+00
2.473283591412251070e+00
2.021185516322112630e+00
1.685435635868207882e+00
1.845743410731958356e+00
1.778806294594176052e+00
1.928639642982492353e+00
1.863205323587593831e+00
1.759772229800285137e+00
1.837439521651914820e+00
1.644624971565987526e+00
1.743257930352762219e+00
1.576249539331730176e+00
1.295955407750618571e+00
1.112419504448317831e+00
1.576609812916750286e+00
1.390729035703822225e+00
1.438934767635956513e+00
1.297047875622104440e+00
1.589527493194056396e+00
1.599952650822762834e+00
1.572504352824974694e+00
1.651030088853578270e+00
1.771950632406306347e+00
2.026266672333007612e+00
2.159753031365366560e+00
1.645051065420584324e+00
1.885722027155510405e+00
1.539175950655403469e+00
1.839914657349501104e+00
1.985886156529904412e+00
1.633609608231530563e+00
1.622528207429980718e+00
1.398753528313382510e+00
1.301536761029061129e+00
1.896304702469295167e+00
1.636855662585386728e+00
1.866380964315197177e+00
1.942480894219051679e+00
2.134882802309796102e+00
1.797170508285169888e+00
1.408397314531381728e+00
1.655957821057141732e+00
1.276261710482695877e+00
1.480316654795051257e+00
1.369282897537508203e+00
1.471972825050918976e+00
1.663295186825729521e+00
1.455321645834815492e+00
1.354653124918163698e+00
1.326894877403400619e+00
1.593963865844169270e+00
1.643134066933222615e+00
1.483667569737124436e+00
1.682093273572745851e+00
1.387680390230406680e+00
1.391129963529507574e+00
1.317365538781933409e+00
1.468398136001766385e+00
1.388669834298756456e+00
1.524257080103020634e+00
1.919634418733451087e+00
1.673232355141647920e+00
1.454028239698375247e+00
1.481673609235198086e+00
1.621468763875627106e+00
1.701788794968662089e+00
1.716323086632066452e+00
1.937684865067769380e+00
1.845950256279712098e+00
1.953608540462411725e+00
2.064840183439172527e+00
2.466817817976314942e+00
2.410002655206314959e+00
2.085174605730981234e+00
1.733185625793869367e+00
1.703273382011812886e+00
1.640952094448831833e+00
1.648132684057417752e+00
1.587674872141895399e+00
1.574969813749035108e+00
1.780133146737644667e+00
1.520811456616464996e+00
1.391947596498595674e+00
1.328225461019119757e+00
1.641818416077064802e+00
2.149779882854025992e+00
1.917327763866137236e+00
2.007729093532302667e+00
1.950017680442338808e+00
2.305473772603888971e+00
2.079665510967133368e+00
1.836450411456383769e+00
1.634635007152178465e+00
1.594453466260192798e+00
1.757416346953708519e+00
1.917219755843712736e+00
1.733814297055386255e+00
1.831407503502298084e+00
1.512859446249832374e+00
1.285737445853690097e+00
1.637320351389318418e+00
1.529655678734297419e+00
1.827862828202750256e+00
1.788745483890601395e+00
1.546510913305925605e+00
1.311519379441203892e+00
1.635910622815601956e+00
2.048196825970231227e+00
1.578482112014280458e+00
1.256283291703888416e+00
1.485053055733646765e+00
1.370374859137414747e+00
1.303336545799616442e+00
1.232608133907949766e+00
1.329222903837176339e+00
1.381968151085950058e+00
1.565984710268175872e+00
1.785416838387356542e+00
1.511348018542364002e+00
1.718911152855459923e+00
1.723694681049285693e+00
1.994495836723948479e+00
2.027878591479403081e+00
1.881848956232806236e+00
1.682612517210106517e+00
1.521045008796461318e+00
1.667327950745131293e+00
1.231529315275866177e+00
1.417842588368106505e+00
1.737493547284985951e+00
1.911117489702300665e+00
1.903143494280981729e+00
1.523123101602305240e+00
1.576681104101530728e+00
1.714217764537563360e+00
1.622637423242617061e+00
1.812659100971760751e+00
1.992790823258068444e+00
1.947806851309836551e+00
2.123227094054701336e+00
1.618679249544813237e+00
1.324719979847990947e+00
1.653700509358918769e+00
1.374590728691667429e+00
1.696818948603877608e+00
1.656927757745895624e+00
1.922770500660980986e+00
1.591415691432485069e+00
1.791020649953580124e+00
1.751535824259041307e+00
1.830145250894342102e+00
1.589388982428040054e+00
1.461415670090625341e+00
1.637185787496963529e+00
2.121724762654631835e+00
1.861126943662916533e+00
2.132314563721118716e+00
2.045492217193655815e+00
1.794059172126353907e+00
1.479885777195342200e+00
1.673527852165999086e+00
1.381937312928020800e+00
1.600354670301745941e+00
1.580273113547481012e+00
1.820740690580665122e+00
1.628419874865720152e+00
1.975827411041439108e+00
1.601018069583109993e+00
1.868440022864600980e+00
2.128861828790910682e+00
2.261229556120822437e+00
2.410789860040438715e+00
2.081764032319790125e+00
2.176419499849048034e+00
1.889025696401426480e+00
1.959152609652153432e+00
1.651184553774632136e+00
1.447101575184348121e+00
1.529516682177072262e+00
1.906194499171406598e+00
1.481841408954261530e+00
1.631592793564223598e+00
1.634804965169054602e+00
1.174398354750001872e+00
1.326951328726527990e+00
1.374021674450346175e+00
1.404758988072570380e+00
1.736622059013244401e+00
1.753790389693514973e+00
1.820861766677941196e+00
1.710868822010145784e+00
1.574063199674368363e+00
1.305272311686918041e+00
1.648342756523906161e+00
1.510037844145767583e+00
1.285492577478365428e+00
1.907126943266312047e+00
1.842146054923609944e+00
1.918945430233065741e+00
1.642297088967362928e+00
1.937173594015082490e+00
1.659133252093729416e+00
1.962137256686062203e+00
2.090589776695517266e+00
1.980160378707644941e+00
1.922275910975164370e+00
2.087770917406683857e+00
2.063252753834933451e+00
2.069503216766178877e+00
2.251162643641896111e+00
2.463271177125260891e+00
2.025521109818713139e+00
1.717129237327195801e+00
1.831692730992187768e+00
2.014551099509199528e+00
1.970541939737975090e+00
1.604942743952200379e+00
2.009831431007143454e+00
1.803764518262196193e+00
2.020883867826110514e+00
1.665254326269358209e+00
1.759880005783224455e+00
1.785876217725473003e+00
1.885243293763472439e+00
2.149243937920688463e+00
1.863937563291742983e+00
1.820046093038340196e+00
1.826343436345931881e+00
1.667331929935630175e+00
1.596242002275033212e+00
2.000789050683538406e+00
2.322017368395882020e+00
2.004711672619529317e+00
1.745323859698678648e+00
1.750949117789736054e+00
1.562313918254686573e+00
1.653956126165876617e+00
1.559510285216928915e+00
1.510893303411672717e+00
1.825779328071595931e+00
1.713841490989594041e+00
2.029409765260831833e+00
1.863505869188194941e+00
1.597290214549234477e+00
1.336775629253349917e+00
1.617666277317392431e+00
1.458676251437859506e+00
1.568494379652654924e+00
1.437361356724857542e+00
1.456074378401899239e+00
1.343045058315076368e+00
1.610604449809511340e+00
1.487483285875310868e+00
1.631601307350580399e+00
1.325244826668302123e+00
1.423373717332134580e+00
1.121080697549005079e+00
1.118786061003027354e+00
1.305303428158307133e+00
1.411982671979713944e+00
1.464502419060323302e+00
1.476438279519957764e+00
1.593740772711438991e+00
1.538372234940254657e+00
1.619146457927368221e+00
1.491805119850724282e+00
1.208504829817020010e+00
1.421131269241162620e+00
1.483347914059682360e+00
1.248209225311520676e+00
1.514400827831547725e+00
1.274051416486022159e+00
1.386160011224947919e+00
1.159386634886792278e+00
1.290087309819523353e+00
1.209936674745251350e+00
1.067917235629449069e+00
1.349299693829414837e+00
1.314311304053214835e+00
1.564375691708236760e+00
1.285117855067407833e+00
1.406374221001085223e+00
1.255323171403331717e+00
1.543262721055746356e+00
1.219490043177915872e+00
1.645427191735943540e+00
1.621032895045139588e+00
1.385757230478742885e+00
1.471232556936124647e+00
1.626071921393607234e+00
1.916963844904633563e+00
1.482932370985294845e+00
1.413340760382982175e+00
1.329946451061672530e+00
2.175356556945599262e+00
1.869279681205911814e+00
2.146323338059391350e+00
1.973131159016900726e+00
1.686681586789212650e+00
1.904052919307978486e+00
2.066686856278098006e+00
2.010391745589897639e+00
1.839536919421216998e+00
1.490380100204467428e+00
1.540805280047779613e+00
1.518200810435623715e+00
1.771115913326457791e+00
1.795415277432430790e+00
2.153266476266042950e+00
1.614917364180799897e+00
1.858095047163421887e+00
1.888914929852904212e+00
1.869609365243999566e+00
1.871737199640166383e+00
1.809535028563517223e+00
1.431499154040528632e+00
1.161138937281356309e+00
1.481474705922327217e+00
1.128744859725186789e+00
1.277263961608034792e+00
1.293259330341705926e+00
1.961179271363444387e+00
1.817462223432712465e+00
2.211794434300151657e+00
1.932679065554257170e+00
1.898366945145553153e+00
1.724145374017152621e+00
1.808821430840877431e+00
1.848233595930617090e+00
2.217036567410759940e+00
2.010526918513368511e+00
2.096604576659893304e+00
2.126528402755239355e+00
2.067575850114584668e+00
2.187786070434410313e+00
2.495110219154409226e+00
2.355245486938064570e+00
1.960143161932279554e+00
1.879752137037223436e+00
1.832339716677836128e+00
2.328638904493068207e+00
1.841051545652207189e+00
1.638998892095718807e+00
1.577007472037540881e+00
1.663017058923970559e+00
1.766337707899514831e+00
1.858828224105534721e+00
2.003431376265839337e+00
1.765933888811134667e+00
1.693258068090788715e+00
1.426081078496381327e+00
1.742909845880616704e+00
2.077445032897735189e+00
2.371102920344221765e+00
2.322265326513343275e+00
1.940723755989967048e+00
2.051387978818050239e+00
1.811816456525465746e+00
2.060434035118975160e+00
1.846838400899044164e+00
1.916737276096086351e+00
1.857311133307805395e+00
1.781974835464545270e+00
2.006083307734809029e+00
2.590810468306834480e+00
2.044233796092469913e+00
2.064194859389538728e+00
1.523347715143431813e+00
1.833925130851830732e+00
1.579465680225909274e+00
1.381443727369563224e+00
1.484655634286895065e+00
1.398699709123754964e+00
1.510901105913720510e+00
1.522471617480362527e+00
1.678895862489134805e+00
1.375826195861466150e+00
1.473322364829110942e+00
1.530661963247148538e+00
1.796375203530529596e+00
1.569498085626340744e+00
1.404911012375614332e+00
1.690240965605035672e+00
1.842382469462539252e+00
1.829750279318657080e+00
1.621574022363157175e+00
1.751335664844307249e+00
2.232447981244674917e+00
1.911467182005888610e+00
1.877138456009170842e+00
1.577206301458921489e+00
1.812791824520384232e+00
1.715344371911203369e+00
2.122599956149611611e+00
2.387498368069059129e+00
2.020829756963407497e+00
1.793790971841059845e+00
1.473124612794503241e+00
1.472495621636529917e+00
1.305745523421428800e+00
1.421716526068541597e+00
1.543974054575813604e+00
1.395814345388058486e+00
2.034798097492671598e+00
2.276534185116023234e+00
1.918795684810099322e+00
1.797632719730408501e+00
2.010974827158106049e+00
1.561481915571788948e+00
1.765934190798882586e+00
1.753875849912332585e+00
1.796788919529617168e+00
1.438037497225296057e+00
1.794386119602106477e+00
1.439182908144413853e+00
1.342741283357674842e+00
1.375261516782060101e+00
1.374115402157762622e+00
1.469034941208517964e+00
1.849583638717221312e+00
1.771895502039432024e+00
2.103411928802759068e+00
2.147143653475745761e+00
2.097527664365260947e+00
1.746841499630446437e+00
1.373276696286622744e+00
1.745490039371445423e+00
1.425046122103512003e+00
1.342774439940421116e+00
1.373557925476222241e+00
1.604013121650701867e+00
1.927861411716835338e+00
1.565805328806290309e+00
1.651553022797252357e+00
1.498928204659121688e+00
1.859192355585389311e+00
1.895657411618176358e+00
2.240082494857203343e+00
1.960636040275859804e+00
1.674489279123718255e+00
1.668520627372772402e+00
1.962540953807109467e+00
1.970562357807694287e+00
2.092412039329694107e+00
2.194121820381807364e+00
2.159223621268348658e+00
2.492864213880441326e+00
1.735211433144863591e+00
1.519561601800368811e+00
1.575068771934580170e+00
1.709700090098974501e+00
1.419092917800534703e+00
1.238643777363350296e+00
1.712558995711654708e+00
1.912994860608661973e+00
2.127544449868746135e+00
1.994851389787775320e+00
1.925964655436496420e+00
1.766100996811073465e+00
1.999767298789169478e+00
1.976027086587043957e+00
1.674633743752641513e+00
1.865622490464058147e+00
1.687314600077611804e+00
1.959647846846861885e+00
2.490046387385108417e+00
2.310131246844635999e+00
1.670757469361872971e+00
1.734261755367136448e+00
1.871810808487664346e+00
2.119065272261223765e+00
1.803608157542755608e+00
1.577248589891382835e+00
1.545520692905140603e+00
1.658245955046339093e+00
1.657915801021719204e+00
1.752860424531996308e+00
1.775571337063104993e+00
1.698492385816309458e+00
1.606907858811160494e+00
1.710920656892193081e+00
2.466500661264483973e+00
2.491849664561030409e+00
2.217802769000109642e+00
2.091924137991945098e+00
1.820701379895674821e+00
1.881729193153822255e+00
2.104314112058403463e+00
2.179928454664007198e+00
1.913313749149063270e+00
1.736132082044144598e+00
2.014310893279838144e+00
1.897615331831226104e+00
2.055503952672113943e+00
1.813270901744172381e+00
1.811328487263487164e+00
2.031230651933209508e+00
1.806178563663418890e+00
1.941320297653038596e+00
1.886807518372032533e+00
1.987493164052901662e+00
1.966447595150956573e+00
1.702128761996259287e+00
1.613273969358104187e+00
2.052272417280132544e+00
2.143112560826021085e+00
1.592591486938513157e+00
2.114343018000082619e+00
1.797091018830701437e+00
1.671308666836096357e+00
1.885150772903152472e+00
2.291143128976657284e+00
2.133309693137481311e+00
2.547233699455484057e+00
2.526795182956734109e+00
2.590852847328982467e+00
2.637807050255063679e+00
2.199805579907987418e+00
2.328689240571591768e+00
2.187290882373833067e+00
1.867348609401000337e+00
1.959963906248379573e+00
1.958184027826366691e+00
2.026741329996059715e+00
1.682301820591278529e+00
1.708058034067832409e+00
1.860125759482682772e+00
2.047820864266256535e+00
1.964058258806470336e+00
1.576275617178651167e+00
1.659969796811162190e+00
1.387668159214860308e+00
1.212967839604807585e+00
1.233122428454511699e+00
1.938909160982643431e+00
1.546496754468094537e+00
1.875849302772410798e+00
1.949270322089095009e+00
1.960410110867532696e+00
1.783975127552713147e+00
1.835506433233777601e+00
1.947690880792454671e+00
1.901431709474822540e+00
1.706289068495689065e+00
1.637278784533368059e+00
1.575541920680413988e+00
1.534410968661966912e+00
1.389937392721558584e+00
1.420310287453720566e+00
1.382302919055923951e+00
1.418953859430482467e+00
1.642604425568113813e+00
1.716958379241023458e+00
1.288818317997269425e+00
2.067397959517893735e+00
2.269809424084750837e+00
2.081760524442537896e+00
1.801727123504553107e+00
1.923777080381811277e+00
1.960277433145287462e+00
2.038099808674734614e+00
2.055519412395395928e+00
1.655626066522469131e+00
1.686691176944348003e+00
1.748374171685152634e+00
1.740606522215593088e+00
1.677740589484766565e+00
1.649914855489619470e+00
1.702601116248114721e+00
1.905652484574225314e+00
2.139275174393224344e+00
2.155301366694870602e+00
1.919609127512852176e+00
1.833932004715053798e+00
2.076753570293970785e+00
2.511933421177749093e+00
2.403763907816377721e+00
2.252065263844498233e+00
2.010781356028754630e+00
2.301080178437462376e+00
1.813719516062568093e+00
1.832303765548221497e+00
1.310378952403139508e+00
1.355379087993926701e+00
1.701544779705108645e+00
1.443651958415443248e+00
1.699974163287232276e+00
1.597326427544819349e+00
1.429346057676308845e+00
1.628031251231562671e+00
1.642872871585966621e+00
1.861866519020407340e+00
1.190258986860149859e+00
1.811118219967506437e+00
1.520048686396636484e+00
2.000481158423772055e+00
2.241393206444552089e+00
2.475513662334371201e+00
2.256939365347076620e+00
2.235960189421803967e+00
1.701919599002564398e+00
2.047773466972778511e+00
1.960702298791530573e+00
1.674837882766636143e+00
2.078686607862738622e+00
1.671206379314471580e+00
2.000013736934032504e+00
2.017338559812822396e+00
1.919688145734351536e+00
1.775108702047688558e+00
1.764950906676600928e+00
1.801132286974286734e+00
1.657419296989645296e+00
1.132736521506206628e+00
1.209324922997044860e+00
1.033037817226275967e+00
1.441912728624049622e+00
1.447056152514712757e+00
1.689111355700267714e+00
1.272778791710979185e+00
1.143222758659438787e+00
1.384632078382149745e+00
1.262790103999372082e+00
1.539695811044747842e+00
1.409209015461695857e+00
1.381104649585451094e+00
1.498313632700861930e+00
1.404501609600584677e+00
1.703904596412885830e+00
2.014848900583453339e+00
2.340269639974296378e+00
2.288150825966256185e+00
2.291155315764482392e+00
2.461470740947483193e+00
2.030357294694088210e+00
1.685525532580235852e+00
1.326058677887891335e+00
1.187167779444524340e+00
1.353236173186055380e+00
1.926634350605456847e+00
1.555659844301946704e+00
1.318653384094839343e+00
1.290847952478940464e+00
1.392929118337191907e+00
1.428977598404313376e+00
1.074695008535094365e+00
1.538977869878978888e+00
1.562261949237454983e+00
1.122355058223045710e+00
1.209840664325853687e+00
1.287231861909162278e+00
1.521836190930984545e+00
1.444323137586298156e+00
2.061905254074293037e+00
1.837235332188181580e+00
1.427670780918600002e+00
1.790131344706858307e+00
1.660387873004863124e+00
1.322783210663361020e+00
1.490439839762778274e+00
1.912312531530450999e+00
1.513794698036424080e+00
1.595696464030528672e+00
1.375144264680829620e+00
1.279841611673156798e+00
1.427023622310899853e+00
1.410356668448589978e+00
1.629846617278178478e+00
1.257812814459720485e+00
1.280354520612511315e+00
1.443600510322682107e+00
1.304599953266151857e+00
1.272622094365265966e+00
1.249968657927741145e+00
1.251751266914899352e+00
1.269153978863113208e+00
1.439510773070907801e+00
1.412206506265576200e+00
1.460703222711183802e+00
1.666949055510019040e+00
1.608525404641156786e+00
1.639435152012060248e+00
2.311226609687373479e+00
2.539728021678942849e+00
2.281436379941802706e+00
1.738573466619608432e+00
2.143523459236888140e+00
2.471463448811279218e+00
2.244506579875288566e+00
2.285316832424249878e+00
2.264914625550148219e+00
2.189637339180439568e+00
1.772799610843812879e+00
2.198303239441508961e+00
2.008382774850761887e+00
2.343621561675258924e+00
2.493181401831171762e+00
1.899119957150801286e+00
1.691965722576365572e+00
1.845134539524652117e+00
1.700015507012125004e+00
1.610524433963283375e+00
1.788467907423227921e+00
1.546901745703524567e+00
1.557255906992096151e+00
1.605630783223654934e+00
1.703812832302401992e+00
1.543364798782646430e+00
1.606823295902445770e+00
1.909710955719282399e+00
1.850230787990582826e+00
2.175416663555817642e+00
1.780463688996047456e+00
1.862068018827748750e+00
1.913433533444211410e+00
2.169226176549905016e+00
2.337431093205506016e+00
2.304838914038654263e+00
2.245227409917814665e+00
2.000136349606239428e+00
1.660576591723279538e+00
1.727849577161353345e+00
1.509415409941777364e+00
2.077833544715660619e+00
1.921965631712531763e+00
1.662735333862450204e+00
1.521449767084606997e+00
1.728252770847212405e+00
1.731256505306323135e+00
1.400438000524303339e+00
1.692426013316649991e+00
1.812231586119196880e+00
1.418089700749788129e+00
1.514640866677312570e+00
1.476442595793401980e+00
1.479999948812553257e+00
1.075902762629242559e+00
1.529389162155543325e+00
1.318454452175336078e+00
1.357349595311839296e+00
1.708300965675054961e+00
1.791034764550188729e+00
1.980385537802788365e+00
1.748223413180837627e+00
1.963298347898081886e+00
2.015055673891507748e+00
2.035058383359381828e+00
2.099275118838673126e+00
1.653556045018290677e+00
1.601157584820485091e+00
1.699125225961539032e+00
1.712480417626317974e+00
2.034582587823880129e+00
1.759454035548394302e+00
1.712290803985324850e+00
2.065757089655935186e+00
2.135690188850146054e+00
2.220530836602227609e+00
2.143645552744656069e+00
1.620076153322043133e+00
1.765580222138524391e+00
1.672942858244290454e+00
2.202606058167596803e+00
1.923037211619965436e+00
1.746725673766406750e+00
1.770432556401667412e+00
1.817664092547640609e+00
1.859128064441582628e+00
1.617241996639014801e+00
2.024271971102729495e+00
1.901652774957207193e+00
1.380535361874609235e+00
1.610437020636105165e+00
2.230267817470530378e+00
1.827923985205446300e+00
2.195669440540976236e+00
2.435726880268084482e+00
2.090003943990667690e+00
1.978109455824650809e+00
1.856013233121558192e+00
2.108496781570933010e+00
1.932262801226638516e+00
1.540989025573903604e+00
1.241769391364043962e+00
1.658642897540482330e+00
1.821371486236530224e+00
1.808068012887920961e+00
2.031247060730796861e+00
2.098676221676226472e+00
2.184741767936958734e+00
2.107658740059780378e+00
2.348332183219629776e+00
2.500281462671644750e+00
2.428813611518192417e+00
2.245414386533651108e+00
2.270243213065786136e+00
1.904035388011430019e+00
1.648001156375799248e+00
1.833373788852837638e+00
2.237537596441604215e+00
2.543058929172298477e+00
2.162623373382202008e+00
2.185732286879240593e+00
1.577455187018738325e+00
1.447570722687579803e+00
1.281660513567954185e+00
1.533643386444971446e+00
1.621799398865303665e+00
1.392015174084235030e+00
1.539049351299677459e+00
1.743075833401778185e+00
1.370847360377095647e+00
1.775790852259391928e+00
1.843438402186443614e+00
1.573065328426095810e+00
1.774871561389113284e+00
1.767019115282960406e+00
1.761546130947509559e+00
1.781839039825869442e+00
1.549831049169312802e+00
1.744842521427348858e+00
1.886183224684507609e+00
1.777774689198885261e+00
1.854738626589012229e+00
1.807210374730930269e+00
1.744470018286685464e+00
1.534445573407499541e+00
1.400530894524138370e+00
1.573783030721808807e+00
1.567700619900778802e+00
1.542322858882100078e+00
1.622170059512357376e+00
1.646390545333194844e+00
1.450224660622907891e+00
1.432974650555384866e+00
1.348382429683766759e+00
1.889007689974353754e+00
1.347404554550639899e+00
1.387271327683576416e+00
1.285426687828532533e+00
1.603819630604300661e+00
1.647815240051972552e+00
1.313591786641849168e+00
1.296748453694255288e+00
1.353303317384528137e+00
1.465705659964585017e+00
1.590040072891294010e+00
1.806665709188790547e+00
1.981153332445936277e+00
1.451367449888822492e+00
1.596056221816913645e+00
2.076593660616392611e+00
1.892157217173272343e+00
1.949332692074966289e+00
2.229763084693634934e+00
2.353269077696089173e+00
2.344039568743679691e+00
1.871736319244243774e+00
1.684932325061232916e+00
2.180634174466138830e+00
2.135158160745704414e+00
2.871640983106324541e+00
2.325382309328138941e+00
2.359933101642715414e+00
1.997996131874500536e+00
1.789925948220203011e+00
1.632471470222596199e+00
1.880721789505541697e+00
1.767216199006982569e+00
1.768108215306762876e+00
1.897851264799624182e+00
1.688216450596389029e+00
1.789081418816645730e+00
1.368749945660081124e+00
1.768715383808833863e+00
2.043502175058923509e+00
1.997001646908607597e+00
1.558999106655211131e+00
1.879212999841652465e+00
2.302612597350992552e+00
1.801805146406559643e+00
1.583173442447403989e+00
1.923558484751277664e+00
1.797276314300939593e+00
1.987743183840597228e+00
2.130150670150068759e+00
2.013788578069795943e+00
1.240196622765384671e+00
1.733756644524728330e+00
1.672662270835516551e+00
1.996636727173143999e+00
1.952683802194544072e+00
2.273588630313125414e+00
1.922909984793518934e+00
2.176355527209333118e+00
1.844404216649104145e+00
1.976845129997232720e+00
1.780885159507918036e+00
2.382429268578296622e+00
1.985531180280651231e+00
1.696425439409256386e+00
2.079621676166389488e+00
1.547852630589175993e+00
1.997993395315030840e+00
2.256321443916689429e+00
1.971635241671069627e+00
1.816221173399799049e+00
1.432492963205515446e+00
1.641748343568944835e+00
1.452642409054434980e+00
1.497603501816791471e+00
1.679392007683629728e+00
1.557978807416272593e+00
1.519137559615708177e+00
1.458171537092630032e+00
1.482495254499662352e+00
1.608990446989958301e+00
1.673722155344165463e+00
1.490929978353155327e+00
1.749727880804400559e+00
1.701094143577391193e+00
1.433838421745345260e+00
1.298547271223987387e+00
1.674987709237332201e+00
1.727998153839674700e+00
1.494402466825199394e+00
1.253357965500486726e+00
1.759698182230542862e+00
1.575887388882918572e+00
1.594305902995430957e+00
1.860777955288168473e+00
2.081767813056582650e+00
1.945589577824314409e+00
1.850911907616750174e+00
1.483729665525487240e+00
1.340457324308613529e+00
1.420842648525812102e+00
1.623229066462517967e+00
1.667401490896696536e+00
1.584949275676311720e+00
1.472804738459791984e+00
1.520079412970972932e+00
1.469606136699536991e+00
1.581127857429755146e+00
1.613733102919698403e+00
1.896602241249075282e+00
2.131168062393177909e+00
2.068769876831319188e+00
1.935052995429477951e+00
1.722174418833272602e+00
2.047001652616910583e+00
1.752686997656440315e+00
1.652630034739304365e+00
1.934014701680710324e+00
1.773556266044155283e+00
1.633561935155586342e+00
1.824178553626124355e+00
1.931140887189028765e+00
2.088204485155632728e+00
2.015101018970177016e+00
1.680931994254268647e+00
1.694174088687118163e+00
1.641614282451509865e+00
1.647638585439688885e+00
1.651588896344304835e+00
1.680067863334360645e+00
1.652458278893715438e+00
1.561514568647211831e+00
1.740054193591348053e+00
1.745996704326264082e+00
2.078910404029202130e+00
1.868469339678464181e+00
2.198819293996729929e+00
2.103820047944785276e+00
2.272419510239131579e+00
1.665294871847380342e+00
1.874967397476299258e+00
1.631808782736031027e+00
1.964814290098397809e+00
1.713585290302277464e+00
1.608779248065794309e+00
1.595138330540844862e+00
1.537872047115238949e+00
1.459238997512770197e+00
1.280866055635497158e+00
1.314987069673785758e+00
1.258778259637655772e+00
1.363022905300367293e+00
1.367697668614048290e+00
1.317810232037916807e+00
1.463516268925352248e+00
1.724194475786618774e+00
1.530641304603392205e+00
1.687889438936842401e+00
2.082815779235499765e+00
1.609266774643406395e+00
1.390964756356850796e+00
1.499587120874568802e+00
1.544764043308066270e+00
1.161140620561675663e+00
1.235175132977684331e+00
1.074266868590858071e+00
1.272301570606730881e+00
1.318390405382352082e+00
1.304511872145214246e+00
1.392266167222576678e+00
1.539520616092737049e+00
2.044538646732483311e+00
1.968849197388987449e+00
2.073770567912458507e+00
2.036289583537682191e+00
1.735364666799160904e+00
1.808215650009258768e+00
1.651709123338021445e+00
1.478688504811020987e+00
1.347268351483412729e+00
1.683152780844453078e+00
1.959159466369558178e+00
1.611998365643857234e+00
1.687674503147155169e+00
1.413997954628003484e+00
1.255425235570787557e+00
1.524118950889791213e+00
1.250702722768573416e+00
1.623858813358145525e+00
1.549201873284239639e+00
1.621328369326254348e+00
1.353781767536411884e+00
1.383344247652068537e+00
1.520986124807044648e+00
1.451718555458341386e+00
1.389578783325509548e+00
1.501615909026596141e+00
1.640790688231356542e+00
1.556077521278840692e+00
1.716489969058910381e+00
1.954210251526408371e+00
1.443241546583827972e+00
1.747398950728063172e+00
1.570091515707609409e+00
1.532524254827708043e+00
1.571435227068181284e+00
1.660502284060154210e+00
1.533271856733197547e+00
1.478949951636764792e+00
1.468018898448229415e+00
1.529592511736383997e+00
1.630367816935601954e+00
1.481787404842973777e+00
1.769863438399378097e+00
1.484622542002772327e+00
1.563464103132240934e+00
1.932427289593964481e+00
2.126566027224972011e+00
1.643520744881468154e+00
1.681199195050751882e+00
1.894153441485888711e+00
1.995672761342419665e+00
1.797983895598716630e+00
1.427507413635698663e+00
1.527526503924284018e+00
1.606621259351326492e+00
1.756394850612269298e+00
1.724959631227648948e+00
1.922607261743170870e+00
2.023832557909846397e+00
1.635441430946478647e+00
2.086516218302960191e+00
2.341350742180149158e+00
2.229554815941330315e+00
2.012730295439619344e+00
1.856132936357953955e+00
1.931838874610128487e+00
2.165662066202501901e+00
1.877565743701072654e+00
1.886954282621631895e+00
1.942134185991624351e+00
1.929704738816973464e+00
1.945587437287562116e+00
1.961683243517731601e+00
1.714844282641780460e+00
1.555385831876120006e+00
1.626766634619641883e+00
1.587601931803522826e+00
1.599561658756208926e+00
1.674141892830527389e+00
1.668319305235633099e+00
1.310738543999841355e+00
1.428162106211594340e+00
1.915092874343922835e+00
1.655446390951168745e+00
1.764927828502963925e+00
2.409203262216399022e+00
1.925785951406654650e+00
1.834135678961735794e+00
1.294933467530320126e+00
1.365116333579949215e+00
1.423544899422582333e+00
1.573743206121329008e+00
1.631210830022362446e+00
1.784379667720457752e+00
1.608788097603289557e+00
1.185684963425685634e+00
1.368716427638561717e+00
1.092953860643425257e+00
1.623881183151234531e+00
1.181962541652171517e+00
1.354931406625812462e+00
1.403087947215121867e+00
1.593323398137049152e+00
1.750435639707271562e+00
1.606014288063231099e+00
1.742511803124723757e+00
1.527811507621281484e+00
1.403062866113717888e+00
1.600355056150786659e+00
1.762880604450582700e+00
2.247257336973401465e+00
2.328823892546997509e+00
1.739127333998084612e+00
1.359615525507879674e+00
1.585161815646511929e+00
1.732917086556536646e+00
1.769831387013164337e+00
1.667832271140072820e+00
1.496957335665717315e+00
1.292699616610130775e+00
1.308032423190370608e+00
1.618381025004843599e+00
1.829510439620551709e+00
1.727310126542678681e+00
1.802625064876948846e+00
2.121727102481524962e+00
1.843806361181417719e+00
2.086302080797937997e+00
2.316099741444766824e+00
2.461056950686434153e+00
2.599118264139107293e+00
2.257626882068867413e+00
2.341449912080931561e+00
2.420136768673096128e+00
2.200634167501314131e+00
1.677767357334292830e+00
2.067576987781224229e+00
2.236888616815688291e+00
2.370924290880006335e+00
1.984089640354863127e+00
2.145965836565673523e+00
2.071326709499936580e+00
1.816666227906918341e+00
1.625846399287872446e+00
1.721598223510754977e+00
1.628134201864901431e+00
1.593795134971908389e+00
1.560299801307496681e+00
1.535126680695642065e+00
1.140056675171328804e+00
1.278985007425692100e+00
1.501105054949667839e+00
1.417212524365103921e+00
1.444690602072928431e+00
1.490337843825675801e+00
1.628936728632318198e+00
1.346249282377471879e+00
1.460982141405083867e+00
1.188129438421130946e+00
1.280777805790377588e+00
1.306093229074649864e+00
1.251379227734487953e+00
1.721389062684388627e+00
1.760289964757283387e+00
1.378845686188240327e+00
1.667073925098808251e+00
1.830900541182323371e+00
1.913868272302168938e+00
1.862312528185364746e+00
2.057262004847636216e+00
1.803314227153904659e+00
1.550321903566239223e+00
1.451912772313274758e+00
1.485494201694119054e+00
1.512801387466788050e+00
1.518311872100926330e+00
1.546486684809551759e+00
2.204544920769783367e+00
1.489055652712316213e+00
1.588441094144322774e+00
1.905557148774498888e+00
1.777349954424767065e+00
1.606108564707981134e+00
1.517566183162685212e+00
1.258331843168429831e+00
1.273598036440003023e+00
1.450451692940456283e+00
1.143122150154680217e+00
1.404526387437199375e+00
1.200128312815725629e+00
1.247307243140240995e+00
1.364902195961125164e+00
1.842604352653653299e+00
1.587261908372679997e+00
1.826810733599120828e+00
1.325091012055282569e+00
1.295469447379223205e+00
1.133689883645277341e+00
1.388801055560694442e+00
1.462232414538843894e+00
1.582339556286607607e+00
1.780864094757371063e+00
1.694801492355040295e+00
1.723093568978547596e+00
1.405036720217585300e+00
1.620855252971911797e+00
1.779394850395278782e+00
1.824931731258413681e+00
1.969513626229991266e+00
2.027175490747618269e+00
1.572805131921531263e+00
1.759869021084738527e+00
1.483612861149042006e+00
1.689676213256183335e+00
1.730239973224645844e+00
1.595431255551242211e+00
1.648196746370245158e+00
1.451511116324121664e+00
1.299640544685150889e+00
1.897015098850395987e+00
1.670834649925717841e+00
1.672552141883764110e+00
1.315876085019879183e+00
1.439982719039013093e+00
1.503815928603531749e+00
1.718997922621304131e+00
1.710830745497418537e+00
1.656020388402116517e+00
1.901627029599266550e+00
1.784889916400523191e+00
1.925351184934914972e+00
2.169381736165692409e+00
2.252158784562153571e+00
1.979359554500488505e+00
1.591226031211508740e+00
1.593867751104684594e+00
1.135662094574504843e+00
1.297803167827870752e+00
1.262521767039898490e+00
1.409680786898598104e+00
1.413637560821957129e+00
1.570830075464064279e+00
2.020304523991717893e+00
1.841967121107194405e+00
1.649591262247204204e+00
1.414100455518655819e+00
1.529229417124514878e+00
2.061039695913883030e+00
1.744189288359890844e+00
1.657884395960799839e+00
1.724834586790806146e+00
1.728272771272502339e+00
1.949107343030338946e+00
1.644524450262184523e+00
1.879777001124614877e+00
1.899561385185307927e+00
1.812596533037086566e+00
2.025639722323182124e+00
1.836079329735949006e+00
1.665217274249503276e+00
1.810023302232239617e+00
1.772022958821617422e+00
1.771760194867305405e+00
2.018352379823882270e+00
2.163437010746005473e+00
2.210751138919667902e+00
2.469035864117797630e+00
2.298604342457271965e+00
1.854305320485425845e+00
2.077103702977298294e+00
1.828488561709876947e+00
2.186039348912478086e+00
2.148466000137870147e+00
2.009923775499649512e+00
1.783370406152389620e+00
1.523976825164988336e+00
1.566846105109398923e+00
1.818670803466736707e+00
1.656138293020393393e+00
1.506503343471392364e+00
1.400016533799243179e+00
1.162442194108009863e+00
1.472540918658752140e+00
1.594617199723644907e+00
1.564521649482945254e+00
1.372777626638026049e+00
1.746786876504931918e+00
1.445523976191807281e+00
1.534852191999864557e+00
1.714123333457157505e+00
1.567589828175382394e+00
1.519124894686536109e+00
1.541434282401614508e+00
1.558818007857023069e+00
1.775216123022192338e+00
1.828270744899663347e+00
1.609072207469621096e+00
1.735147078818484623e+00
2.193368220302830629e+00
2.263808345252483090e+00
2.554028839437348708e+00
2.625427237548762616e+00
2.384776444202568957e+00
1.719333852307966870e+00
1.343375053411482334e+00
1.814012725758243239e+00
1.610248947240543904e+00
1.506250624444911423e+00
1.417563033300645481e+00
1.558899702806698429e+00
1.691312865869072368e+00
1.902716003236413655e+00
1.944646273096801714e+00
1.847462920772003914e+00
1.885555831843199304e+00
2.266895628553426967e+00
1.880079834737971911e+00
2.157793372329241954e+00
1.842083153635214465e+00
1.809413859799159141e+00
1.988607034141961494e+00
1.916037119389511822e+00
1.738551188662730285e+00
1.597653419672034225e+00
1.904771982367932992e+00
1.657719459939629436e+00
1.514829230924888748e+00
1.650130281611717153e+00
1.753451378149496920e+00
1.798143509715375288e+00
1.614699649755980237e+00
1.832396201299261840e+00
1.926336204424822895e+00
1.602358674701898522e+00
1.864413031736260606e+00
2.083003767148182916e+00
2.076440164798981858e+00
1.945568709513066707e+00
2.148045655309511748e+00
2.053633531474730045e+00
2.042109426788361048e+00
1.979022335089889228e+00
1.823098883320649399e+00
1.990701265187657221e+00
1.937619585224168661e+00
1.964993548437744098e+00
2.295177565442720891e+00
1.682194704376122729e+00
1.880621215990935458e+00
1.935206207464022388e+00
2.073242987332873266e+00
1.722066418346834160e+00
1.908827046387045145e+00
2.109386577452478928e+00
2.436900551942655202e+00
2.260303891006815391e+00
1.977856041235052986e+00
2.089162385151902335e+00
2.460603898253460375e+00
2.189223961774195981e+00
2.039273293471715931e+00
2.127812609260213872e+00
1.807047487075640335e+00
1.825365401163866697e+00
1.966715108226225528e+00
2.134392045589322162e+00
1.884056996423388419e+00
2.238962255292866743e+00
2.184222735788455605e+00
1.920512547456930008e+00
2.396474309192161201e+00
1.933896732801826390e+00
1.880402820150914422e+00
1.862732984550604876e+00
1.764146989677043198e+00
1.784046045697992078e+00
1.962366502191615458e+00
1.310562580057500481e+00
1.160230540291482981e+00
1.612984384102754909e+00
1.669885330702839843e+00
1.785946590507845322e+00
1.570167511399921167e+00
1.860248239341753651e+00
1.822420933669862908e+00
1.654281811928182355e+00
1.699737355810360118e+00
1.707006690745260347e+00
2.001974384037793264e+00
1.861389457008909787e+00
1.802818038251702948e+00
2.064374521255203820e+00
2.079735922035383044e+00
1.943724182029486158e+00
1.444935089018334118e+00
1.951223175014909161e+00
1.808866130660726546e+00
1.878893977410537763e+00
1.732100671356452626e+00
2.136425025030261438e+00
2.093895331013830408e+00
1.774755808235662036e+00
1.934861160175444628e+00
1.620676831361529402e+00
1.848000134144943907e+00
2.390525299584911334e+00
2.074402945188440039e+00
2.349523114047960881e+00
2.274565806855187500e+00
1.949658796568964236e+00
1.938450253054942340e+00
1.913202839261224142e+00
1.684404940807165296e+00
2.062476438263842748e+00
2.143924346472906528e+00
2.109868668541995618e+00
1.834186452617090346e+00
1.869315199246291970e+00
2.115456341920699312e+00
2.137696730976254234e+00
2.181512084489148684e+00
2.314544657964988428e+00
2.067371097289408155e+00
2.514466611877749003e+00
1.934932169553315040e+00
1.586225327711227706e+00
1.641339551585877521e+00
1.765109385523691232e+00
1.747533448921280375e+00
1.695514047525381374e+00
1.329961743246888428e+00
2.095890531387950340e+00
2.066953438046485125e+00
2.383923661032644414e+00
2.066115270633531065e+00
1.739050243937832363e+00
1.690558669000216785e+00
1.691654785891488544e+00
1.572912133887951924e+00
1.447560807714334707e+00
1.844706987224949080e+00
1.625974971575733008e+00
1.557566039069876451e+00
1.695066802391345995e+00
1.731890628976714641e+00
1.575506101848636042e+00
1.571445778249192182e+00
1.801510350927132187e+00
2.163956512996772386e+00
2.763111123366362776e+00
2.740538349890130121e+00
2.188707042142812753e+00
1.993689658043390045e+00
2.071983655468662811e+00
2.203988533887002443e+00
2.035197776142368742e+00
1.692983723829839082e+00
1.871409666425196905e+00
2.233325099902308875e+00
1.789352096809135872e+00
2.132019494518134994e+00
2.294092374438347459e+00
2.075579558871081698e+00
1.897472128937603975e+00
2.307654596873397690e+00
1.800357742727439758e+00
1.680705633676071287e+00
1.676673630799039749e+00
1.648495205752607662e+00
2.009652411086272572e+00
1.677179298090273107e+00
1.673780343945199922e+00
1.551579772201596263e+00
1.159985504365792730e+00
1.167181574564622570e+00
1.514096736220113870e+00
1.807406698336032624e+00
2.044762004162272717e+00
1.446247279657212781e+00
1.259134001312625317e+00
1.406646233128501899e+00
1.145953274253640464e+00
9.861651095460610694e-01
1.361747502165060464e+00
1.373651587318664102e+00
1.460863757169048149e+00
1.409892690804266380e+00
1.336018581645882053e+00
1.137146711939554633e+00
1.417088674403614412e+00
1.478919581095577085e+00
1.676622791144912306e+00
1.926095130131606936e+00
1.824863433018510506e+00
1.956426846044890810e+00
1.677163338199679332e+00
1.231799621034237902e+00
1.453858552750886712e+00
1.617532674341963572e+00
1.522809991011361719e+00
1.779403424659149469e+00
1.718847884126101011e+00
2.247453288989410325e+00
2.020519183910927108e+00
1.885577208288235829e+00
1.874400919856586745e+00
2.105919412457367468e+00
2.269053623868326319e+00
2.196949123439765561e+00
2.295237534045149186e+00
2.423745549505387231e+00
1.994165820474797179e+00
1.962125478362378717e+00
1.957086150663510438e+00
2.162037471251299081e+00
1.804256884441784781e+00
1.931230406487111084e+00
2.024436429162935092e+00
1.873225931171623948e+00
1.901680200224586947e+00
1.985874211047421900e+00
1.846173222210080400e+00
2.185998348797015378e+00
2.078981586984057550e+00
2.250350153322270064e+00
1.795743505132619156e+00
1.573132165198013022e+00
1.799489518924390907e+00
1.390954291174909763e+00
1.532328299695352003e+00
1.377372414058225303e+00
1.750934530680660961e+00
1.550185333748594907e+00
1.565749037130424348e+00
1.495631005871156383e+00
1.760469148761169667e+00
1.499135717206325769e+00
1.610579470780834743e+00
1.556851719857315741e+00
1.569303482218825652e+00
1.448904784578077587e+00
1.411370883076460858e+00
1.343784213430512686e+00
1.358141404474890734e+00
1.397257291358900089e+00
1.312353170942915703e+00
1.597864306841053628e+00
1.654493564784499826e+00
1.822718808181730488e+00
1.810602489528709613e+00
1.404798984715832866e+00
1.663337292647054655e+00
1.758989815069027074e+00
1.332473641425139244e+00
1.373810535124675436e+00
1.684112597170647652e+00
1.636307197021934501e+00
1.795338198490384674e+00
1.891908647742124971e+00
1.709514090608325265e+00
1.813212579201372465e+00
1.791629680526005686e+00
1.678046216078405095e+00
1.780069728421373787e+00
1.772270483438425304e+00
1.799806598637783139e+00
1.747814669146921851e+00
1.580426207233674996e+00
1.496831746867616886e+00
1.386871898525566360e+00
1.951499946701369614e+00
2.112704810918957676e+00
2.034865967444904111e+00
1.717603614618767427e+00
1.322286711665835224e+00
1.105588952597365227e+00
1.180325177316356777e+00
1.853709218091601052e+00
1.835709303927650637e+00
1.655757770724615385e+00
1.533106046819931123e+00
1.322532575184990566e+00
1.258173271682258232e+00
1.319727049930718321e+00
1.186391921086160872e+00
1.354557904774190025e+00
1.799786910587939603e+00
1.998386419070881104e+00
1.977884536595674536e+00
1.413662695818100445e+00
1.743274681816659344e+00
1.662272526005141193e+00
1.443192193683357827e+00
1.235306589990247339e+00
1.244921361108019653e+00
1.529503557097488642e+00
1.729847991308249622e+00
1.526297455671405734e+00
2.122909321764407498e+00
2.118191329030029380e+00
1.762311081573451066e+00
2.010368634472497362e+00
1.624993484948429545e+00
1.858730790692495694e+00
1.638783698850174719e+00
1.301179937628895944e+00
1.442810518256846253e+00
1.272514966263210923e+00
2.076704081697797744e+00
1.840911395585435262e+00
1.495400102664125930e+00
1.653237535334428188e+00
1.428338367214125881e+00
1.446921139468914541e+00
1.561452961331129652e+00
1.904488158663560915e+00
2.053955665730783142e+00
1.615114929886831918e+00
1.477826829342283821e+00
1.353059610726535578e+00
1.697244652784839936e+00
1.857940935221090939e+00
2.360036581214369544e+00
2.519536787763846153e+00
2.636137127957487891e+00
2.488614969978684144e+00
2.247571547759694699e+00
1.982712311107452052e+00
1.883123760218228471e+00
2.006499670876949803e+00
1.966154833546184477e+00
1.735589603902706557e+00
1.866447293274512864e+00
1.625657687370807070e+00
1.743631899594762835e+00
2.033876609127772461e+00
1.931059809879736910e+00
1.742116278731313361e+00
1.459411547899612582e+00
1.812902980756965654e+00
1.747102494350408541e+00
1.495987688335876920e+00
1.339819940569684453e+00
1.687008394673423339e+00
1.466472718273133857e+00
1.558750448766045515e+00
1.735228709839096162e+00
1.903936338148962903e+00
1.758397929788091396e+00
1.575019752842855558e+00
1.491140175062229734e+00
1.617713913646729784e+00
1.763727953599498299e+00
2.045463423640487832e+00
2.000337602045920260e+00
2.001043343920949180e+00
1.856413043780354322e+00
1.900822170270773048e+00
1.617222401437525381e+00
1.608458656549118349e+00
1.458381123807313440e+00
1.480551017069842601e+00
1.656227846183608410e+00
1.554507263718855503e+00
1.699788557300922598e+00
1.643193786909032061e+00
1.442527478136959695e+00
1.471675844017201973e+00
1.208334519082230551e+00
1.600224496356852377e+00
1.536240401808220302e+00
1.687227122475194907e+00
1.454073121016537851e+00
1.815488591140799857e+00
1.877168692022893159e+00
1.779476785969566599e+00
2.022034393026465260e+00
1.968579402681953416e+00
2.246342139008890459e+00
2.001889462545417775e+00
1.783001161641031729e+00
1.770788888114075421e+00
1.327095157595429953e+00
1.397255596067135786e+00
1.646268487925026891e+00
1.459225911853065272e+00
1.116228546191064153e+00
1.307979027370782310e+00
1.463112868632073793e+00
1.385773665133550603e+00
1.509676997387560782e+00
1.388229394378366566e+00
1.346765378508505862e+00
1.631485432635172650e+00
1.290504605377460257e+00
1.630368932693438744e+00
1.477767876782965617e+00
1.532548912792937479e+00
1.651716950144780816e+00
1.619867760827903957e+00
1.505583848893405019e+00
2.065000929010181618e+00
2.078617827771814142e+00
2.262494581764579404e+00
2.259811430495572981e+00
2.296153953775851075e+00
2.078469617970879924e+00
1.685752326458039407e+00
1.468240665636264097e+00
2.149489118125632370e+00
1.936512695467069056e+00
1.807473732165958857e+00
1.943904034539915671e+00
1.831397701060647254e+00
2.026723512906599911e+00
2.234133876796512652e+00
1.964713473220407014e+00
1.899941796100487412e+00
1.811386492062845965e+00
2.251709855733372567e+00
1.953713161209692517e+00
2.174646094231852622e+00
2.093425902942474437e+00
1.866884356532878320e+00
2.184641178379283843e+00
2.273434556338900236e+00
2.122404847116828641e+00
2.274308175842848279e+00
2.508548307232297159e+00
2.093205758305074937e+00
1.809944813920494333e+00
1.800331660465911643e+00
1.817503980045605871e+00
1.628378248348778534e+00
1.620872028312564828e+00
1.377960751091635849e+00
1.441004878868600958e+00
1.595436463314598541e+00
1.395287150989205083e+00
1.485276156226707833e+00
1.369589479152117928e+00
9.896528700489833907e-01
1.325047949951805304e+00
1.433859819198456620e+00
1.286959094224872757e+00
1.140256327927076541e+00
1.220285988699341795e+00
1.530916491125460688e+00
1.534833082833476858e+00
1.460849133931828803e+00
1.475326381280670063e+00
1.360001937522088866e+00
1.384009194414753452e+00
1.443020823883126802e+00
1.438528611452733363e+00
1.360128026717183358e+00
1.622518598877117357e+00
2.017127236638801779e+00
1.738368451787243973e+00
1.975775122305636122e+00
1.870286945671349121e+00
1.970015835957340533e+00
1.968611467448795116e+00
1.933596869044110766e+00
1.652232681993295316e+00
1.457796253321480329e+00
1.835197146079887709e+00
1.817756147078369855e+00
1.724214839277217415e+00
1.369612561118654259e+00
1.706064742177792581e+00
1.927309449395902652e+00
1.650685455053606976e+00
1.330835949971667098e+00
1.659037707903494585e+00
1.808574302291075853e+00
1.708062917696357097e+00
2.016323747555331281e+00
1.663070464697325335e+00
1.959515566038589673e+00
1.681923662524807073e+00
1.985533713158230684e+00
2.145590210788171692e+00
2.120797005072766250e+00
2.414927406253741804e+00
1.998456870134562635e+00
2.341228844605097503e+00
2.030070460001120125e+00
1.705462494851073707e+00
1.998511864143071026e+00
1.613616238346234244e+00
1.934615863996681728e+00
2.156572153465835306e+00
2.210027841571524210e+00
2.079886673746261128e+00
1.924732490463265666e+00
2.095689581099148047e+00
2.396695193633377574e+00
2.113363642819286348e+00
1.559451910258778939e+00
1.161920685701832490e+00
1.049096430430017435e+00
1.499329447820042294e+00
1.391471703131470505e+00
1.637897570557615312e+00
1.533403626510380979e+00
1.661625771807831997e+00
1.265008412378325842e+00
1.470009458558377391e+00
1.898269171810053058e+00
2.029350308826133542e+00
2.119672197246886380e+00
1.800267568851442235e+00
1.663671260088986692e+00
1.436644100902137788e+00
1.291905892820195634e+00
1.439793456071816635e+00
1.474771560747613730e+00
1.423808800580665723e+00
1.516220332514782054e+00
1.829439324195541561e+00
1.728652868950780963e+00
1.850331369458846131e+00
1.536485459482461957e+00
1.553103165242506245e+00
1.734664826986131558e+00
2.240576294856416073e+00
1.950326285234058155e+00
2.365286946438974525e+00
1.744678500195540938e+00
1.860856665895410877e+00
1.855443828786382587e+00
1.995506881286309486e+00
2.040936376950578612e+00
1.962059941221936832e+00
1.544868956722512898e+00
1.811324590629135090e+00
1.715327111806863813e+00
1.649196755219457078e+00
1.495438527475218438e+00
1.719949770114063803e+00
1.470762751500282350e+00
1.919072237074557208e+00
1.800576655047604113e+00
1.282399382610880156e+00
1.546760972163360837e+00
1.458870308999589582e+00
1.552289415454688459e+00
1.226052624234028832e+00
1.482649255964360036e+00
1.450506895437048804e+00
1.728945870832667486e+00
1.727463931790957918e+00
1.576347693363685742e+00
1.891849232269643410e+00
2.204437876086931869e+00
2.111327154165746567e+00
2.180730508768923048e+00
2.343618359753535163e+00
2.299006017697834192e+00
1.897407748018005380e+00
1.697928184395164797e+00
1.856514882985737191e+00
1.688786203061147351e+00
1.944541026831425157e+00
2.125884718813098928e+00
2.314658785435474542e+00
2.077832465860045552e+00
1.914220538326244059e+00
1.803435131793006407e+00
2.147211955216766555e+00
1.817271346202832039e+00
2.123150909859544910e+00
2.143853151941472301e+00
1.856028880403673531e+00
1.954369356571250327e+00
2.194620039628113695e+00
1.586817554978837919e+00
1.761311947142491618e+00
2.074874330617853424e+00
2.218230661742643939e+00
2.110785641727661588e+00
2.485414554267901366e+00
2.223104246549868268e+00
2.069344970271169259e+00
1.844168201986704281e+00
1.736562482629129933e+00
1.488339020100106325e+00
1.754528897801087339e+00
1.669040914277136300e+00
1.580909845591220941e+00
1.738101494352140453e+00
1.871518644344221549e+00
2.419423666548167873e+00
2.118751354339195814e+00
1.939872129774196985e+00
1.824173667405038390e+00
1.486000867143397963e+00
1.887532246100163791e+00
1.769812897726159795e+00
1.733993227790262104e+00
1.975959195780305100e+00
1.767507740267888039e+00
1.760044998770978086e+00
2.042188221574464446e+00
1.306245403106377045e+00
1.567998955121203020e+00
1.580863386982015673e+00
1.651483259197503051e+00
1.808917390158444327e+00
1.713734471372103885e+00
1.574382178725802106e+00
1.412893855644743901e+00
1.538598882133322743e+00
1.549470389019511174e+00
1.556033586013886971e+00
1.955621470623480462e+00
2.220444957600478997e+00
1.938735773227639569e+00
1.903764476087140167e+00
2.100940208339369786e+00
2.307696210054849928e+00
2.435466299497193177e+00
2.165840213333632303e+00
2.117445230264082046e+00
2.134743190251135125e+00
1.777645830159248153e+00
2.040747256342544169e+00
1.759459365236771156e+00
1.232230972811412695e+00
1.173716024886992004e+00
1.376185653420727739e+00
1.381904333725710199e+00
1.519368628767173490e+00
1.320241649410076379e+00
1.813057118369275189e+00
1.940874603539123333e+00
2.007090196510952218e+00
1.997183061054496722e+00
1.894826581956012390e+00
1.875401576282276439e+00
1.841914596130401538e+00
2.087178515594476202e+00
2.097347483393707357e+00
2.254606269235581717e+00
1.897156322822588947e+00
2.241019576102799338e+00
2.065545216829855146e+00
2.356087466048616630e+00
2.058333283445194617e+00
1.956158017951793671e+00
2.269622432611644314e+00
1.868235380932801837e+00
1.675838427137982922e+00
1.605397401398424906e+00
1.749334280840031841e+00
1.781036014357112895e+00
1.722959624212647700e+00
1.536586673493272492e+00
1.525853173110309768e+00
1.587267241260995609e+00
1.476504482703614229e+00
1.721843988415198368e+00
1.686160544330508104e+00
1.683294125609736902e+00
1.701510023827009555e+00
1.690475942748733917e+00
1.874845010751206020e+00
1.615015178146027131e+00
1.728002133874076751e+00
1.774333138200216542e+00
1.818706633203382994e+00
2.004067599631057295e+00
1.868864170104909128e+00
1.764516830370654210e+00
1.676512080256883808e+00
2.074417342009473142e+00
2.029990332079193660e+00
1.778498045175451070e+00
1.728645130971210753e+00
1.730595544306101408e+00
1.925298861383381910e+00
1.860787062738519460e+00
1.743420256952795899e+00
1.336962907861547700e+00
1.607508776176131748e+00
1.549330184812966582e+00
1.821465685507233978e+00
1.960321193235297521e+00
1.818411371741628590e+00
2.024070993071743985e+00
1.798385186308935735e+00
1.763330215487328934e+00
1.718272527577557884e+00
1.968526012486667698e+00
2.068015020275080662e+00
1.991240397131126549e+00
2.256588416683281917e+00
1.688893340240277485e+00
1.595001235823362729e+00
1.824621858000549102e+00
1.801359574316941936e+00
1.680145036436490047e+00
1.524259895754818350e+00
1.358691962761192196e+00
1.570433999927736579e+00
1.432600013101825054e+00
1.300626209068098005e+00
1.488641450635367791e+00
1.474050201226923873e+00
1.464516592073453305e+00
1.300302763640064807e+00
1.495873676481730197e+00
1.440056239403195937e+00
1.550008616202048328e+00
1.537337638580283938e+00
1.320883138950333047e+00
1.789286451421815194e+00
1.540548882450735624e+00
1.711709176880070293e+00
1.769114653973782758e+00
1.583502671342163826e+00
1.749483968051188887e+00
1.821615002569172193e+00
1.954166379038340340e+00
1.537014180329305590e+00
1.447293266587229787e+00
1.799743724138941126e+00
1.839549747353159903e+00
1.357449914351388731e+00
1.446155988472971110e+00
1.515678857062515039e+00
1.344190385417375122e+00
1.613662896688777382e+00
1.718488713967828874e+00
1.983231822073918682e+00
1.977436515766899605e+00
2.164616212315639832e+00
1.986732638925291061e+00
1.892442241279765902e+00
2.023183761115259216e+00
1.944243798473094476e+00
1.871250251794332575e+00
1.895933255708629250e+00
1.735567889611764336e+00
1.851424013600946772e+00
1.680981652831620599e+00
1.530435880823426631e+00
1.624490623480706830e+00
1.572338724914702501e+00
1.358730325362234481e+00
1.521892973537656069e+00
1.432443356726978312e+00
1.216519382694840834e+00
1.459613464881984513e+00
1.756904633578987518e+00
1.745074799391568066e+00
1.908063488464930790e+00
2.127463761292779143e+00
1.907205201319651211e+00
2.081499643983053538e+00
1.831854322185761497e+00
1.373583777242983306e+00
1.657404618513445005e+00
1.684749093924012175e+00
1.621247534785078770e+00
1.462705369081060969e+00
1.564356244615237479e+00
1.692212272220948499e+00
1.645412203048745914e+00
1.658460295779042415e+00
1.884064288120118835e+00
2.636262356643176208e+00
2.169616284006512519e+00
1.760989843545745392e+00
1.554202871733799007e+00
1.952276639868208763e+00
1.674970355288870172e+00
1.525786449304823655e+00
1.914532741920645265e+00
2.144727927093895925e+00
2.195110378601285550e+00
2.348814131489206591e+00
2.315152730104834244e+00
2.492017774210006031e+00
2.351521747454337952e+00
1.848617442516270692e+00
2.055386768416116450e+00
2.362289986514365392e+00
2.086993635992679952e+00
2.350020934375204096e+00
2.239614806592486129e+00
2.068892058925638100e+00
2.029258884213086311e+00
2.233545331321568739e+00
1.693111729866617843e+00
1.862777915174268051e+00
1.592962881017935706e+00
1.607408643305538121e+00
1.479181176753733062e+00
1.283133940497490855e+00
1.384875658459674197e+00
1.418493915372196046e+00
1.335437361494090647e+00
1.580060873965087653e+00
1.550494407301111544e+00
1.548985007150861515e+00
1.214468128860970886e+00
1.434146644229837841e+00
1.593757568747479425e+00
1.622069666175167901e+00
2.156016822163624447e+00
1.894530712744894707e+00
2.001829501519206911e+00
1.714079326892454791e+00
2.020688228947209009e+00
2.053073641435906094e+00
1.986014451511810108e+00
1.968338933969195015e+00
1.370212500061656291e+00
1.820150192131361866e+00
2.125207322597947535e+00
2.028212338388391878e+00
1.745554624778824282e+00
1.664000075011979440e+00
1.900848624284150690e+00
1.996555073520549506e+00
1.977913162761588683e+00
1.910380208457651552e+00
1.838865265294718387e+00
1.544068767985182333e+00
1.861499061797685872e+00
1.910874592053117826e+00
2.257577634786963827e+00
2.031106032392272720e+00
2.004772773646933626e+00
1.755627350084280724e+00
1.555966176773851295e+00
1.383536147596456489e+00
1.626607423382601780e+00
1.622393587391091518e+00
2.151016297562054813e+00
2.304361284728229986e+00
2.029908511141222061e+00
1.565091137478047845e+00
1.824679325383425699e+00
2.033947698801879866e+00
2.221934989060193821e+00
2.346671937784986728e+00
1.997071847244461296e+00
2.094473898109624255e+00
2.020605207876272402e+00
2.404422925900901120e+00
2.090894286022697113e+00
1.883183730132037770e+00
1.772069147425572089e+00
2.068909183297298338e+00
1.725576552500544425e+00
1.358974847443471967e+00
1.877188845143066054e+00
1.861688887713135232e+00
1.866963166245646732e+00
1.585295618869249523e+00
2.098922064112362929e+00
1.862050719006790089e+00
2.424952763353131591e+00
2.295480076723622087e+00
2.240816424985901723e+00
1.749912305249605726e+00
2.008315310136420617e+00
2.205570025389627986e+00
2.364760604871740668e+00
2.385778228884778862e+00
2.506307249193794995e+00
2.129854412576988487e+00
1.881160540236108902e+00
1.926727776552525473e+00
1.528900715200894211e+00
1.547242844002815199e+00
1.393096769223374443e+00
1.535770218700146739e+00
1.852795871769066016e+00
1.957489729815112156e+00
1.770861643523961027e+00
1.445433440459930274e+00
1.572479815021078586e+00
1.698405737534130155e+00
1.479772669716296729e+00
1.583992426740078230e+00
1.353768729676642746e+00
1.794891054000093078e+00
1.674411590607322697e+00
1.484692756488331211e+00
1.767156527546702494e+00
1.718613646554005392e+00
1.648830022498260384e+00
1.664729425601660928e+00
1.247036247158090916e+00
1.828259879049672909e+00
1.593596628979454755e+00
1.837158412290528009e+00
1.767642892851298386e+00
2.181280046963644192e+00
2.042166157644776270e+00
1.769018634751633234e+00
1.516259674622386866e+00
1.689645047706225034e+00
1.756456557230935633e+00
1.594241242048524576e+00
1.486480549928564709e+00
1.490591866077513927e+00
1.273332956916043868e+00
1.662984325810762831e+00
1.579077190303551870e+00
1.458550825961534070e+00
1.796218309104591571e+00
1.692728486651232434e+00
1.759619514985803379e+00
1.501377613626207363e+00
1.400461580902107706e+00
1.366095596213948937e+00
1.706453759418873561e+00
1.879221274786644802e+00
1.908503254998198173e+00
1.873932549468446895e+00
1.561968740792135657e+00
1.548515082621916727e+00
1.608446408025842933e+00
1.694816571114597714e+00
1.591366762502137933e+00
1.976243393211578825e+00
1.762417468795859143e+00
2.005490940374403674e+00
1.669602051994335312e+00
1.624033254069448651e+00
1.864216302386235924e+00
1.735379419357812258e+00
1.955072006843836085e+00
2.118989934038956857e+00
1.879650905674870920e+00
1.492781450657617581e+00
1.543334261229924564e+00
1.499570417642676734e+00
1.597247877978104746e+00
1.546501285239015866e+00
1.797397234651878284e+00
1.608554075272914829e+00
1.639821882103564610e+00
1.511652997291545564e+00
1.727834873165029039e+00
1.979085745817354969e+00
1.811416486765678346e+00
1.983824991519267389e+00
1.969813236660178379e+00
1.934680695734566136e+00
1.536030860462931136e+00
1.324239601111262488e+00
1.576300725116669854e+00
1.828231594404791327e+00
2.012947936207429400e+00
1.669430237606370770e+00
1.732027629942305413e+00
2.246575535405051838e+00
1.651766366937447161e+00
2.214806013365744786e+00
1.671614235447913988e+00
1.462134238156667543e+00
1.945729757433301899e+00
1.857123047308316899e+00
1.370397395025439558e+00
1.791211429533424937e+00
1.519596335043142510e+00
1.184743155985531926e+00
1.550728150445781939e+00
1.931171770855538483e+00
1.649171841591939858e+00
1.873697913959742056e+00
2.012970218376033404e+00
1.868969704667039045e+00
1.399695776513331991e+00
2.078012372358043258e+00
1.691982664561973992e+00
2.225050332677555698e+00
2.269623696803584334e+00
2.026772921234042180e+00
2.261250694537700667e+00
1.970662742612607765e+00
1.722785745093298848e+00
1.878735618236777372e+00
1.883961855294787657e+00
1.780682341826063109e+00
2.095393436685410560e+00
2.075912788638808681e+00
1.635174430890889541e+00
1.177105517323382422e+00
1.294147831434178997e+00
1.580824966112745145e+00
1.476041513475539135e+00
1.601247273760223910e+00
1.784102716720256998e+00
1.712406531446899693e+00
1.531576719037144541e+00
1.585790299496803391e+00
1.457300479010696037e+00
1.821495594667732920e+00
1.900536645695756199e+00
1.987347095722195256e+00
1.500224179170406735e+00
1.457036755831042418e+00
1.699777775594783380e+00
1.578166875274311876e+00
1.816654887886126835e+00
1.402355405229222862e+00
1.624859919842099876e+00
1.754328773632506389e+00
1.671997456949041228e+00
1.268295272624113013e+00
1.482387209283304808e+00
1.272874471892277981e+00
1.411223080035659772e+00
1.358357001610145609e+00
1.324176797509118764e+00
1.591183056073727009e+00
1.456065278238946270e+00
1.743727960593348003e+00
1.594741372108813282e+00
1.405671012573779244e+00
1.792964829103696589e+00
1.930156136436443237e+00
1.868356591290428526e+00
1.697346441633268643e+00
1.665764251744438429e+00
1.710506781568234436e+00
1.681650332512385049e+00
1.871286963845416595e+00
1.850386716349500027e+00
1.609664268286667310e+00
1.659431880390796143e+00
2.189639331812763601e+00
1.830413956091017758e+00
1.815627895092542632e+00
1.634141766705732968e+00
1.511850094739640049e+00
2.014090452833332545e+00
2.020668520529486312e+00
1.971411035300605352e+00
2.089178773954949886e+00
2.038079799840781359e+00
1.983422360451538413e+00
1.737948872511900777e+00
1.967795123268707869e+00
2.185658708890259483e+00
1.910738964580157573e+00
2.125092500659842454e+00
2.453728688110479172e+00
1.973091844440251208e+00
1.637316551104864182e+00
1.916664438398609338e+00
2.311746348854138322e+00
2.004525584930574755e+00
1.911511680870168206e+00
1.474320220773939205e+00
1.279639422304148511e+00
1.082507706558027971e+00
1.250994834828043523e+00
1.374588643677457256e+00
1.699973226705719487e+00
1.864228521087143875e+00
1.793005761086767791e+00
1.266458907765242170e+00
1.576741478554295028e+00
1.286195666513767488e+00
1.667633334457766070e+00
1.865541779752914353e+00
1.691373930915310853e+00
1.930031601275570496e+00
1.808673452485280109e+00
1.809657631775317022e+00
2.097498693998165464e+00
1.922460148405119362e+00
1.826426707085541778e+00
2.160604132852018022e+00
2.209297266872771726e+00
2.581571843049005111e+00
2.234339218039048003e+00
2.115142771182399350e+00
1.953243025841626013e+00
2.252293995427331108e+00
1.758591054930772835e+00
1.705669964830057950e+00
1.936492445165655996e+00
1.619401479595352855e+00
1.811957416615368688e+00
1.513851606976877928e+00
1.796919925923623040e+00
1.877421449808682752e+00
2.145103661340574064e+00
1.709134917299015788e+00
1.634384733976290693e+00
1.726735036390801170e+00
1.631725409648049352e+00
1.502715588309693873e+00
1.618865016312762251e+00
1.672550810600331506e+00
1.561388363930069190e+00
1.554586577822479887e+00
1.913179800672627939e+00
1.921003612246777070e+00
2.032572081923020857e+00
1.885846993685359907e+00
1.929933792027008543e+00
1.155417317830814028e+00
1.263093921200473702e+00
1.513800177772623767e+00
1.442981260479159644e+00
1.667380185855849462e+00
1.566016357099053069e+00
1.347942097489883473e+00
1.495131878834682126e+00
1.809822981055310365e+00
1.783526485354307800e+00
1.921966645859630951e+00
1.767610784268807578e+00
1.805253580681799974e+00
1.735053142206790300e+00
2.081779983173110082e+00
1.740541602725951043e+00
1.870182567640925386e+00
2.105731284574226869e+00
1.642651566056485768e+00
1.603720066431170155e+00
1.733297455614632332e+00
1.981499369044655623e+00
1.786085751176688552e+00
1.612436062627563338e+00
1.702990642749401928e+00
1.906262331159986445e+00
1.880534860476345660e+00
2.240375613450589665e+00
2.193667645969966884e+00
1.896264738003038630e+00
2.042169101152537802e+00
1.926151385321956289e+00
1.600019770377159034e+00
1.573667026971901084e+00
1.877601659733928008e+00
1.807873756917009134e+00
1.924189465327704074e+00
1.526718370005025305e+00
1.581043574809677388e+00
1.343245948738392981e+00
1.465607326834320823e+00
2.020284040400747383e+00
1.547678752078787801e+00
1.386545707342835776e+00
1.213742364466155799e+00
1.277905365919164815e+00
1.351604599000947537e+00
1.431794643797112743e+00
1.357328896991484735e+00
1.229619825199466332e+00
1.549164474469359787e+00
1.387424332015787520e+00
1.404948725443813551e+00
1.404066588034027507e+00
1.415666558166579492e+00
1.693918666322460798e+00
1.741160357524486946e+00
1.325770529700368350e+00
1.530600799841378645e+00
1.700333973534804644e+00
2.111519079528159093e+00
1.876816184589493730e+00
1.706430189533094000e+00
2.061532333966274333e+00
1.949466911423746174e+00
1.919703777759449004e+00
1.941225937499833520e+00
1.990081762243723462e+00
1.868522358686965035e+00
1.410536819615573867e+00
1.137175050781400909e+00
1.412298292353727946e+00
1.318140912058208158e+00
1.270725183295384086e+00
1.331316180339328081e+00
1.171637042333417700e+00
1.030587124874282834e+00
1.329694233291747851e+00
1.162660393874608511e+00
1.234410541430763564e+00
1.043060876783163948e+00
1.333594825138493478e+00
1.369980493669618049e+00
1.508813898826708355e+00
1.569997725695441160e+00
1.626644163984119151e+00
1.747070688884799328e+00
1.710959931992853233e+00
1.392382743332170048e+00
1.452826347567212739e+00
1.285569047550402244e+00
1.468897067521744537e+00
1.467910741715531486e+00
1.735744027793739264e+00
1.812086057704491271e+00
1.739637002380258757e+00
1.559133201537169500e+00
1.151228734024942524e+00
1.402886385371279188e+00
1.286736585330478633e+00
1.485974335633904575e+00
1.331593398992164667e+00
1.725003037168924669e+00
1.626339811365363763e+00
1.789952571195966513e+00
1.794211536586630018e+00
1.623618946392508366e+00
1.993612053798386130e+00
1.588216794595027626e+00
1.847573503524761351e+00
2.202508369654128106e+00
2.158602161710174716e+00
2.147153454015071183e+00
1.903314405717136060e+00
2.042197807171463264e+00
2.079999734752844276e+00
1.749892094794843089e+00
1.958148523157761778e+00
2.093770501529138350e+00
2.191396263825919899e+00
2.117142542568619223e+00
1.944466449617411330e+00
2.078418674944186417e+00
2.074579616767767032e+00
2.319019441046958896e+00
2.376124630335526344e+00
2.095330166560335439e+00
1.875637546523793109e+00
1.935619069052597174e+00
2.032657011080757581e+00
2.048177452192803116e+00
2.365951709252557933e+00
2.281635338678415170e+00
2.001186589464056809e+00
2.103924313224201814e+00
2.343954917272593086e+00
2.139452613424865479e+00
2.030407665087667901e+00
2.123637487721592887e+00
1.607444596869582298e+00
1.736353462953801996e+00
2.018224640406707238e+00
2.343160816436248517e+00
2.306398593720317081e+00
2.387090966483869536e+00
2.399837696665154674e+00
2.140740709968754096e+00
1.938749641444948768e+00
1.843083437637044852e+00
2.672219936048839450e+00
2.510022557560364298e+00
2.510961643498600182e+00
1.959157244489666327e+00
2.044942582855787894e+00
2.131364417424508328e+00
2.407833408125910069e+00
2.151631024213342069e+00
1.861641768431428590e+00
1.747744730433915983e+00
1.212730086624042247e+00
1.363031212832945371e+00
1.351678809229711842e+00
1.561820247909526005e+00
1.487026320378252997e+00
1.809914627733257397e+00
1.686257012476919392e+00
1.536256896084217338e+00
1.597968324702621290e+00
1.969513713588035175e+00
1.938941954930631928e+00
1.365543387395928399e+00
1.714230208377043985e+00
1.953472476787751377e+00
1.538028498675836353e+00
1.556397402405756969e+00
1.593986039415515643e+00
2.032428722146910172e+00
2.226308674442330382e+00
2.041306183396169427e+00
2.390887235517318299e+00
2.126652259355710228e+00
2.114636928572507291e+00
1.986906463325688765e+00
1.610166812535883452e+00
1.671215236472830767e+00
1.531144618379619127e+00
1.173669519883588030e+00
1.476664586132545587e+00
1.627823793465667634e+00
1.561155670781057658e+00
1.973562672055471312e+00
1.853985490142913584e+00
1.717136121247639480e+00
1.693835569682690334e+00
1.820206978652129326e+00
1.505413162097822832e+00
1.358679225092884080e+00
1.629424680630272793e+00
1.970760440854783857e+00
2.031606526227756948e+00
1.442748310949061752e+00
1.468972089282152949e+00
1.377948406568246131e+00
1.280476992116765356e+00
1.519756282171530914e+00
1.487390161015406775e+00
1.644080634756431625e+00
1.389787366523081324e+00
1.276966648876233457e+00
1.445628927205821812e+00
1.583539883267442550e+00
1.518115297078843851e+00
1.598877751291018390e+00
1.622319250555690706e+00
1.752087090675898295e+00
1.608978649711116038e+00
1.443932439527917611e+00
1.880613098446323850e+00
1.610725827147054368e+00
1.854236530636059532e+00
1.768991671485088846e+00
1.484245979980105545e+00
1.656049087575287793e+00
1.438772762478566447e+00
1.461308891313999769e+00
1.178634602088151073e+00
1.409683394031035819e+00
1.307238409556876313e+00
1.476329504815288685e+00
1.610798202251777056e+00
1.515080006780761712e+00
1.410194636045837280e+00
1.580664507056276591e+00
1.756498155382153259e+00
1.487693606070624286e+00
1.375828410085612630e+00
1.445743224314248065e+00
1.664011152086807499e+00
1.618078468719253982e+00
1.318990033420774921e+00
1.275874272374700302e+00
1.354070484742356584e+00
1.202091777282123131e+00
1.504139370988970770e+00
1.304844947186059922e+00
1.446933082375464474e+00
1.387131657584258493e+00
1.573684662841900117e+00
1.335054004673127404e+00
1.490497923708266725e+00
1.857399451077908159e+00
1.483955912010609168e+00
1.456362977044460827e+00
1.717887091250620335e+00
1.553870213422447799e+00
1.389113042268527831e+00
1.249121967436118696e+00
1.619123663172749916e+00
1.561114709898917319e+00
1.163367333127494296e+00
1.510452714816012731e+00
1.920583715687290471e+00
1.905332490773266718e+00
1.792736784779076054e+00
2.107159204446771295e+00
2.072098984558617740e+00
1.815629220589601189e+00
1.717242726043372247e+00
1.770542630793944916e+00
1.587028507056710280e+00
1.368804555451780480e+00
1.487425949505565725e+00
1.614912374274025453e+00
1.831523241423566706e+00
1.826839130702343716e+00
1.800634853275998815e+00
2.020463445511326395e+00
1.629506097499933581e+00
1.568640551674091110e+00
1.942365356351907879e+00
1.615584206361514008e+00
1.786605978611623291e+00
1.810479916082011531e+00
1.896931702856405666e+00
1.966948384765268676e+00
1.573597076436661357e+00
1.544322847225009454e+00
1.511483579876575334e+00
1.401210707694183100e+00
1.629700080319523181e+00
1.474167289199371567e+00
1.852673176483476070e+00
1.769900980817980418e+00
1.701989727588869572e+00
1.750187317253689034e+00
2.122295605075616098e+00
1.853731614268838035e+00
1.365571617931312209e+00
1.794096460906654533e+00
1.301790707350345855e+00
1.425183718748129325e+00
1.679531682772663181e+00
1.653255740533785989e+00
2.167986995445935872e+00
2.364586662543373130e+00
2.012318992627215142e+00
2.051255961656558213e+00
1.864306600805481384e+00
2.136754715510958302e+00
2.177568388765299900e+00
1.791993047463026123e+00
1.799630627709594144e+00
1.904374140197467646e+00
1.668933603415283073e+00
1.760596010944589729e+00
1.590072814741462892e+00
1.570355986820557659e+00
1.828781358860182671e+00
1.764591374971709259e+00
1.915078741602372236e+00
1.537311942571520929e+00
1.591497034546529576e+00
1.471696264555812039e+00
1.274999215082194493e+00
1.214429418818929962e+00
1.644357602587202649e+00
1.658631717532105032e+00
1.239864088658853447e+00
1.406284239455674712e+00
1.460733094997076265e+00
1.504977351626293203e+00
1.370345128930036793e+00
1.739123466647144900e+00
1.558269235642049555e+00
1.460138370203438285e+00
1.539484528453695100e+00
1.763414382559447935e+00
1.919980112449743759e+00
1.673363019247196881e+00
1.457598943003565406e+00
1.192531148641301497e+00
1.199924096900781390e+00
1.265997142938313447e+00
1.760319093922076750e+00
1.423130014659870879e+00
1.421244904211494076e+00
1.284056376727566118e+00
1.620170237665307544e+00
1.745009634186197367e+00
1.770544881075828858e+00
1.572866820074684258e+00
1.671495039507613356e+00
1.965337790333669066e+00
1.504451790960589230e+00
1.217508224351147028e+00
1.204853166147496157e+00
1.376355265096654179e+00
1.302272220962365168e+00
1.355748024931050288e+00
1.660008105115313715e+00
1.669660129784818370e+00
1.572037512607493248e+00
1.849129729676415979e+00
2.307843913669629377e+00
1.806629930947652340e+00
1.662526466979114659e+00
1.946173575450417248e+00
1.894230655275480402e+00
2.190090301758327307e+00
2.322945495249541636e+00
2.559263998879421464e+00
2.059568543429482368e+00
2.269717772456894433e+00
1.903421919604638024e+00
1.768960848944002073e+00
1.981300897252425530e+00
2.244035776161461104e+00
2.000062122778091922e+00
2.016525584723817932e+00
1.845381516342056605e+00
1.722963247876978743e+00
1.520607495013851063e+00
1.466432102012452221e+00
1.549964863886985178e+00
1.773344832962148621e+00
1.637012910118145648e+00
2.066729494428741987e+00
2.098813041072053576e+00
1.745789314084169819e+00
1.748690149694811957e+00
1.832519747369389940e+00
2.231025215363936720e+00
2.378626689355626045e+00
2.138902001208915493e+00
1.904852662061313984e+00
1.752011016496764162e+00
2.366920376703547380e+00
2.230284687715012648e+00
1.866093883706182455e+00
2.237183341820137894e+00
2.580174272155915105e+00
2.198223707639623381e+00
2.390098444605106565e+00
2.137717372468115329e+00
1.735128110523739497e+00
1.903484889893513277e+00
2.220846159773017359e+00
2.189422415537635835e+00
2.065535827179992179e+00
2.128722316354079158e+00
2.133583875683684905e+00
2.081351951307544024e+00
1.583797122541414915e+00
1.848731843974879885e+00
1.537614020793267811e+00
1.421442925556213988e+00
1.236642444926583151e+00
1.307647979907273328e+00
1.731171568277342976e+00
1.532585824749807646e+00
1.790992846037335440e+00
1.738364483064692712e+00
1.582888909583902048e+00
1.581511989663030526e+00
1.766073012521396368e+00
2.044001056350612355e+00
2.210783328828856753e+00
2.271870752176344599e+00
2.423261661077502183e+00
2.411507379998203415e+00
2.272627706005732495e+00
2.170723674307553974e+00
2.231439099320008612e+00
1.977672792123934320e+00
1.528553587978821460e+00
1.399967131518735197e+00
1.351015280293926146e+00
1.601450752605138250e+00
1.823571670242392528e+00
2.123962391485468171e+00
1.911669104889684778e+00
1.741271978160164879e+00
1.604816824174499335e+00
1.811549984135199409e+00
1.927347218008559571e+00
1.904932252329096798e+00
1.652732562305828212e+00
1.850507202165641019e+00
1.435199291749322370e+00
1.799880911414762030e+00
1.619892793236517026e+00
1.677672986169356228e+00
1.624930576861020270e+00
1.549023469129718666e+00
1.697757203257751035e+00
1.669890511751625173e+00
1.871035519929314717e+00
1.799906823471486339e+00
1.738426415453024676e+00
1.879500207541725310e+00
1.841547360082547158e+00
1.615300967129665644e+00
1.447153097425460500e+00
2.055785920123335053e+00
1.835200449455397731e+00
1.900794312108338602e+00
1.852814330693388856e+00
1.660508896013468405e+00
1.865118884404896038e+00
1.819909736054370786e+00
1.788180826784781630e+00
1.464095426155695989e+00
1.882228548326577711e+00
1.885183445047692308e+00
1.681983330937194099e+00
1.627106690486194829e+00
1.924245817693475580e+00
2.014184866940043062e+00
1.505642582852759537e+00
1.197657094789368326e+00
1.468726165543102535e+00
1.553704665327771073e+00
1.763566772109109948e+00
1.818640471603125697e+00
1.862104746461956672e+00
1.878679968100114728e+00
2.071160381033248843e+00
1.983253416766296073e+00
2.125438661612494951e+00
2.008327188777520700e+00
2.319250613314062459e+00
2.260301209017986146e+00
2.307825212615164823e+00
1.863306036628912032e+00
1.750825912875123791e+00
1.677616396768515372e+00
1.473052683568169208e+00
1.884849676151897357e+00
1.592251038731721691e+00
1.714833618200090060e+00
1.883789523461596005e+00
1.954095077540527914e+00
2.071558121562707466e+00
2.359195439379826009e+00
2.200445416310873537e+00
1.939262123458799225e+00
2.342509813274341823e+00
2.254633341745606145e+00
2.239629035029508053e+00
2.115297574630250033e+00
1.748025118176721016e+00
1.863622400534608703e+00
1.656256939178939236e+00
1.276020158110901193e+00
1.611457239154511445e+00
1.675949747435733217e+00
1.674373753676648535e+00
1.955471405454314526e+00
1.801524557159563500e+00
2.069100108124540593e+00
1.935480846041260250e+00
1.916013082725022798e+00
1.578431434776311981e+00
1.637921458365778626e+00
1.580098737867952075e+00
1.550877073082921331e+00
1.779423226401638747e+00
1.935612666172898955e+00
1.965670069985957058e+00
2.244128391801805567e+00
2.010871509423825199e+00
2.524295209027924258e+00
2.623857949006122681e+00
2.467483320876147079e+00
2.120159265326475584e+00
2.158174620880634276e+00
1.998885603596685101e+00
1.844900117211569102e+00
2.090270408746937036e+00
2.057794587840076073e+00
1.962377284093350660e+00
1.667735919981368387e+00
1.930913034581539733e+00
1.173547091347784344e+00
1.125379739721064754e+00
1.242307172540114024e+00
1.341828452390881665e+00
1.832687950057307225e+00
2.097130051849263932e+00
1.631413000331016994e+00
1.513270667389129853e+00
1.285953274072488384e+00
1.598581080347245997e+00
1.657854818606699032e+00
1.386825432738540087e+00
1.819220658436903726e+00
2.071664659333208203e+00
2.281003518507667138e+00
2.465524754505273641e+00
2.442540552755042782e+00
1.997763973540639171e+00
1.718344195295539167e+00
1.421640573345498204e+00
1.443624694651027163e+00
1.693531351243138250e+00
2.068944116114435516e+00
1.762154302180507948e+00
1.860387986487784140e+00
1.926817361314249410e+00
1.772847069449770219e+00
2.029095117592948139e+00
2.257491412652633755e+00
1.804622395081314501e+00
1.715323246918936562e+00
1.421236373194588287e+00
1.600449552840734091e+00
1.325010686772677859e+00
1.079096842348913787e+00
1.339540897425302690e+00
1.309849568862289537e+00
1.299668882151059579e+00
1.360573300843984645e+00
1.475687165947590529e+00
1.574194968584534671e+00
1.600978157516772526e+00
1.533642706343940842e+00
1.907126885904904201e+00
1.767877150186994761e+00
1.510156722387781647e+00
1.933519733772869120e+00
1.764371267609448957e+00
1.585206610224505486e+00
1.696932989201110464e+00
1.818223955239967271e+00
1.575955026880147880e+00
1.524110574623266601e+00
1.633077064191283512e+00
1.479687948515700624e+00
1.717842979723600116e+00
1.669051182420615564e+00
1.421163579673792920e+00
1.924754840636090369e+00
1.771394552376008846e+00
2.091365508729577716e+00
2.292191387010172665e+00
1.644593920469706649e+00
1.506374173038346642e+00
1.447788148652561002e+00
1.692342936157509303e+00
2.015562282099788494e+00
2.491737786588811954e+00
2.540502302493581332e+00
2.411294752432440625e+00
2.145310752376105690e+00
2.419273797241197954e+00
2.172833055621998799e+00
2.112139084663940292e+00
1.941742193572379538e+00
1.443685671658655689e+00
1.514502842605252475e+00
1.245472896736081081e+00
1.358339673287966010e+00
1.128937515067107045e+00
1.360595567693718699e+00
1.581214566464651972e+00
1.623916476342208925e+00
1.446303979314344845e+00
1.735811773576842576e+00
1.603735652265923184e+00
1.527981412644195958e+00
1.725092349236528211e+00
1.747184574306106741e+00
1.647319772856027598e+00
1.706463449665846399e+00
1.899532235778245370e+00
1.544172180577046971e+00
1.830984602411142026e+00
1.561375582733788070e+00
1.281027436376181328e+00
1.422233940708982791e+00
1.481210724558569058e+00
1.740376553078569977e+00
1.745818862842748231e+00
1.288361063092649861e+00
1.922242355946027992e+00
1.485776188917872886e+00
1.873808857464415611e+00
1.792182795998706668e+00
1.511284640837757820e+00
1.225572664704296377e+00
1.428009909878336536e+00
1.445984087653896966e+00
1.725065071498805835e+00
1.421757930199585518e+00
1.343529384720200781e+00
1.225227519042504820e+00
1.459755278293945135e+00
1.373019867411089168e+00
1.401186751230772076e+00
1.531579663194926111e+00
1.175684994495589164e+00
1.429934205821333126e+00
1.468478218297552429e+00
1.440560414143364554e+00
1.406067994559385248e+00
1.696087773874282334e+00
1.722713048450174034e+00
1.606556284281911218e+00
1.307087224555949945e+00
1.663660797348168963e+00
1.321807799996844057e+00
1.772003368395580924e+00
1.422910038514598297e+00
1.607705143553485261e+00
1.676452956252295623e+00
1.439857113407679856e+00
1.394586754562858077e+00
1.540794012646423905e+00
1.684650510758171738e+00
2.455810892810964763e+00
1.796297389478253015e+00
1.527524947342321582e+00
1.548011709269768499e+00
1.739759477039841684e+00
1.849001408880492026e+00
1.633776300629101286e+00
1.857444535423356191e+00
1.497093841811823367e+00
1.712545864373089088e+00
1.659775250410166159e+00
1.565343133677622900e+00
1.209921074085507087e+00
1.241548005900011464e+00
1.557147565666261446e+00
1.695279955225629465e+00
1.678005065084748892e+00
1.819005159038457720e+00
2.118544117071996080e+00
2.232345317335850066e+00
2.045036170431713707e+00
2.151456592094279419e+00
1.771615602305519843e+00
1.472830418065788072e+00
1.356136230001007137e+00
1.338689343154611855e+00
1.258109281246812206e+00
1.356781519472782138e+00
1.450745597565476608e+00
1.478995874974382341e+00
1.812871912096008620e+00
1.874132298019752785e+00
1.794008984319320987e+00
2.229183975835843157e+00
2.180765865997907671e+00
2.028540789059185112e+00
1.859300646349256070e+00
1.881319922714952853e+00
1.941755958282441075e+00
1.675434200309963817e+00
1.698056328292505857e+00
1.595411598792342511e+00
1.760969650588163127e+00
1.930299379383509262e+00
2.152615312135382819e+00
1.994003097222968313e+00
1.949977300247283551e+00
2.286931097082776088e+00
2.105318911289868478e+00
1.665463653652299092e+00
1.191186684322310230e+00
1.530132949690368394e+00
1.754630826974645563e+00
1.974964340840435373e+00
1.762960654019735562e+00
1.667120480432707996e+00
2.028511530588577028e+00
1.848169073914047278e+00
1.634312861941019435e+00
1.715232720069872263e+00
2.183618997667696515e+00
1.422029253304999630e+00
1.711911769478768663e+00
1.718157808020441157e+00
1.885314979463542429e+00
2.197821139266936896e+00
1.851489619249483631e+00
2.008497486855110647e+00
1.849108361180911375e+00
2.000632117273226651e+00
2.002394792209458707e+00
1.807251712580554059e+00
1.751472714819247045e+00
1.764319696865789711e+00
1.958023803678591968e+00
1.980403576767459262e+00
1.517401481573712685e+00
1.524428515091924785e+00
2.077861906335473741e+00
2.222027115091580907e+00
2.502558981571960217e+00
2.501365610342507040e+00
2.335066539140770114e+00
2.160667836670833619e+00
2.090288758659726742e+00
1.864561796980529484e+00
2.064384777887565914e+00
1.981995339129895006e+00
1.811582518254777341e+00
1.714996476866372355e+00
1.798077722504697551e+00
1.437568255494083402e+00
1.384747322541997061e+00
1.380932484870128985e+00
1.776453999900763581e+00
1.925845272052588264e+00
2.105467962864576492e+00
1.751977585657584768e+00
1.330049199933393433e+00
1.452020285806681521e+00
2.111519654340826779e+00
1.725212248441543084e+00
1.569997513499461261e+00
1.625412882618002319e+00
1.711992211411116571e+00
1.849886606355458873e+00
1.700416805502263706e+00
1.761059789121420582e+00
1.785818529123948339e+00
1.282539781948446977e+00
1.461937992863833191e+00
1.572122048970449271e+00
1.193643915788560106e+00
1.820755691642628848e+00
1.626132393305327772e+00
1.955412413276919725e+00
1.971173927290518213e+00
1.656998366605775930e+00
1.622835434864575266e+00
1.765232792677349893e+00
1.214916010923633216e+00
1.492069253237930049e+00
1.506279008922317253e+00
1.966846078341648152e+00
1.732702616109959681e+00
1.827604274222941250e+00
2.069261858539495513e+00
1.870186330389956630e+00
1.804665328667973245e+00
1.733516967167874290e+00
2.004935369568834780e+00
1.874599755880466123e+00
1.892475710686741586e+00
1.624222407438494331e+00
2.044425749926372493e+00
2.031706596829758293e+00
1.904957402623176366e+00
1.367202429267539321e+00
1.720294590073667029e+00
2.001945227646046988e+00
2.049293472693434204e+00
1.967312548786012805e+00
2.034211962861422140e+00
1.850783923749276028e+00
1.812646426707776870e+00
1.854838233593198771e+00
1.900809297073375648e+00
2.061669459925608905e+00
1.624407507221493852e+00
1.884478785433997716e+00
2.323723356142229246e+00
1.895249249594369578e+00
1.977957030267060823e+00
1.533236352450537465e+00
1.573632200678613424e+00
1.901642664984257713e+00
1.792330250512698342e+00
1.984021865903266235e+00
1.738165248120120854e+00
1.731476207229206699e+00
1.551198966387130174e+00
1.782543479319162572e+00
1.608084549896098059e+00
1.767936184677594724e+00
1.659494737234445072e+00
1.912129607812863785e+00
2.069590255067716100e+00
1.619387571852298535e+00
1.599149319813633952e+00
1.882028587129886077e+00
2.163840662885261779e+00
2.054517464364897350e+00
2.326247495591621472e+00
1.901601379535023062e+00
2.208773580113783108e+00
2.330669304208234038e+00
1.991783787280649198e+00
1.835409129797415106e+00
2.031428165982313683e+00
2.288966938951370267e+00
2.271475541316724023e+00
2.285445481722079730e+00
2.316943500020645530e+00
2.654382269450830112e+00
1.906273472793541091e+00
2.248594151275729480e+00
2.097885069577164696e+00
1.794665589830109376e+00
2.114038021927942435e+00
2.061673278239418483e+00
1.661673160911052438e+00
1.341873724065887119e+00
1.577976095632099396e+00
1.994120328114076690e+00
2.099434682785481954e+00
1.888348799483019480e+00
1.902700611533682196e+00
1.718112370071130712e+00
1.333010106851800769e+00
9.509417083366250578e-01
1.383907443803418236e+00
1.420459720906850576e+00
1.381081906263763814e+00
1.280382015253035632e+00
1.450206793517024195e+00
1.468440456872437183e+00
1.401519053459681530e+00
1.159487798275558923e+00
1.441016257891381436e+00
1.521567850269998301e+00
1.374557188587549605e+00
1.746648257386653746e+00
1.827473589651608776e+00
1.924970255029070820e+00
1.446713935660857597e+00
1.438952536041083086e+00
2.192269911708633945e+00
1.871771928316902533e+00
1.568836817198512978e+00
1.585278279920186550e+00
1.265526945786638713e+00
1.691190373292979165e+00
2.031973716497640581e+00
1.800344911527225422e+00
2.042136858903704333e+00
2.262070430954572497e+00
2.254345216752831504e+00
2.136500977247302924e+00
1.908222663228621885e+00
1.765547517048484893e+00
1.983527226860740234e+00
2.042878646536305798e+00
2.175681242635044921e+00
2.072415632005119246e+00
1.713292178997638082e+00
1.936199923239666054e+00
1.896340375748945650e+00
2.139076211635378311e+00
2.097049026636494506e+00
1.602337412290793628e+00
1.353779723619970676e+00
1.380644283331512234e+00
1.559158450586591194e+00
1.401085289291827074e+00
1.722559292424449495e+00
1.675721096000954535e+00
1.534673933276239577e+00
2.199705408564886167e+00
2.290176586118314095e+00
2.192677758955633216e+00
2.160934580656186377e+00
1.608967138618862869e+00
1.782154925093811570e+00
1.371008167294754498e+00
1.688704088231468337e+00
1.998644120491568588e+00
2.049236046409637080e+00
1.750977080428229860e+00
1.931188603112388158e+00
1.748446467861056508e+00
1.952519862270855944e+00
2.001857638377326776e+00
1.827863421409137379e+00
1.518219969163418614e+00
1.756482544282004898e+00
1.513113557164141199e+00
1.778781781331914225e+00
1.335445510619533982e+00
1.486410015352074954e+00
1.507218133341871269e+00
1.675572950312368192e+00
1.546628884763898704e+00
2.007228746826788868e+00
2.205812237614232174e+00
1.673853924168892338e+00
1.679876796300821873e+00
2.234129858360974996e+00
1.876250738593728151e+00
1.489783683703859829e+00
1.537658911659885108e+00
1.562566636588392122e+00
1.393679156931624474e+00
1.610534038680689894e+00
1.413850776859749470e+00
1.529555598055776455e+00
1.453880931713775748e+00
1.069800264579189086e+00
1.202118713165482689e+00
1.784114394792888580e+00
1.399696991823488945e+00
1.094860687083331729e+00
1.257457550094926546e+00
1.581893846418806149e+00
1.487002114934183439e+00
1.399110901196506829e+00
1.688856984065882250e+00
2.135599909508928640e+00
2.041711009552399592e+00
2.066194563988195565e+00
2.073391095806312645e+00
1.959457057687471249e+00
1.643997440072286542e+00
1.892379444503131669e+00
2.098840943456183883e+00
2.277015388127318296e+00
2.264091670757423014e+00
1.888119940855890633e+00
2.096537812444661419e+00
2.039583371382627242e+00
1.987056360936246158e+00
1.481377487675590965e+00
1.653661200880390370e+00
1.421103956744986796e+00
1.689157143257269844e+00
1.718930643877384812e+00
2.007901773502256404e+00
1.781245209173723643e+00
1.680285891835521017e+00
2.156887146154944812e+00
2.364138891343315674e+00
2.165074049932268707e+00
2.331677532861620161e+00
2.005363463422742853e+00
1.959122799590828023e+00
1.989315698161253643e+00
1.409125234117763803e+00
1.712092134478004013e+00
1.614232693443599986e+00
1.843714065294584703e+00
1.768605494044037663e+00
2.086504130292449855e+00
2.548677343692091313e+00
2.537528783145380995e+00
2.348042807982872127e+00
2.390929375081376929e+00
2.330355325941496414e+00
1.984119042255388266e+00
2.068898756499535363e+00
1.834722131400986944e+00
1.546838119254188904e+00
1.844673064003750085e+00
1.817814310903513420e+00
1.725204933478961866e+00
1.674867068194416664e+00
1.804854569189111135e+00
1.731603481475898709e+00
1.262858487949284791e+00
1.343333712034050720e+00
1.571853762697535961e+00
1.756256601638873649e+00
1.553304394322273740e+00
1.565651030941034527e+00
1.371394880633613589e+00
1.475445159595692335e+00
1.511148947715637902e+00
1.383747196061765106e+00
1.270389955752394329e+00
1.228343298723865384e+00
1.547793945723842546e+00
1.378322715764089601e+00
1.423407675512541992e+00
1.273432841233318680e+00
1.678290578737857919e+00
1.580388254213831667e+00
1.359299234940236856e+00
1.221145159369212418e+00
1.301187452638185249e+00
1.473931439970681545e+00
1.253336343155535104e+00
1.086262543823227178e+00
1.297854735247200963e+00
1.501425783985534723e+00
1.479626309634515469e+00
1.543518310772506119e+00
1.476247517694727396e+00
1.230261057247945766e+00
1.264697767937061901e+00
1.444301534057526482e+00
1.456561303706653598e+00
1.914075048329821449e+00
1.522801960152397882e+00
1.522446867276293192e+00
1.508396604002436581e+00
1.769531272757652873e+00
1.555087232786710683e+00
1.716663463612634333e+00
1.944416964096640887e+00
1.829644132255127120e+00
1.710465268595385613e+00
1.666979399249427729e+00
1.944199534846830391e+00
1.670720345820720487e+00
1.622051952018799259e+00
1.669578288393548604e+00
1.808145545729827663e+00
1.762324478431208874e+00
1.817822703427277808e+00
1.990090639902562408e+00
1.614073296372101840e+00
1.646041152014031672e+00
1.458402107398147685e+00
1.879546433238154624e+00
1.781555645337939753e+00
1.601289468434381025e+00
1.235648939004372338e+00
1.471863449140457192e+00
1.614626895317222255e+00
1.437632904540995682e+00
1.304527117898693689e+00
1.503330247051166912e+00
1.705389040503675790e+00
1.415359461624950521e+00
1.432093875827600504e+00
1.440438926312707091e+00
1.649518350867159144e+00
1.825737898423824168e+00
1.748534620330865152e+00
1.836221829364703018e+00
1.731541615755165076e+00
1.516984039254714034e+00
1.545662972837229088e+00
1.229558859199122889e+00
1.343735439657738118e+00
1.140835337770507163e+00
1.618223983542683930e+00
1.445002018061574134e+00
1.398228873228406721e+00
1.351946280431816971e+00
1.523390729221476114e+00
1.395015374976166456e+00
1.794356143758765842e+00
2.012341784739321238e+00
2.292720151185738242e+00
2.199339209266092166e+00
1.718567848475099247e+00
1.985630412043480675e+00
2.268521162950873915e+00
1.965227040219054366e+00
2.596584962030833221e+00
2.442174986637962508e+00
2.280418969753022829e+00
1.926723970852234791e+00
2.104939676082136835e+00
2.097976048531556170e+00
1.854836000059506107e+00
2.140053205277181902e+00
2.362210204890329290e+00
2.397880943592841874e+00
2.410493870482003587e+00
2.519075315814663707e+00
2.264119857044766260e+00
1.847198548557703379e+00
1.716780516981342153e+00
1.700163328439287858e+00
1.666999699072274410e+00
1.773980239187242791e+00
1.759058218490122449e+00
1.831523822953745384e+00
2.310928195027338372e+00
1.730752473927879898e+00
1.899270744706599290e+00
2.140104642948717384e+00
2.213844473472713847e+00
1.769969463882069327e+00
1.088498556793142669e+00
1.310419770051777899e+00
1.331205236803862491e+00
1.307097756865654326e+00
1.332320902560168552e+00
1.664897642567858327e+00
1.426666597312293172e+00
1.871258323615868413e+00
1.856758805764348486e+00
1.770519728692134365e+00
2.071060642136772767e+00
1.851583787801917458e+00
1.803827339956207032e+00
1.913698760140592148e+00
2.031084785659107439e+00
2.115777033173419586e+00
1.893245991012812546e+00
2.117537077276636648e+00
1.807880084833207279e+00
2.194422440895171800e+00
2.094886780187839914e+00
1.821003534292021220e+00
1.642334653600138417e+00
1.169731308831560401e+00
1.210699131505778681e+00
1.603819126495326763e+00
2.095944851440455725e+00
2.047010697937148294e+00
1.707328785500030310e+00
1.555795755190296559e+00
1.688618409542268939e+00
1.578142965748134952e+00
1.848389360996190334e+00
1.644165047925497447e+00
1.775250425891234274e+00
1.677615719046520626e+00
1.649309029274280691e+00
1.805175291287352879e+00
2.383000949082457964e+00
2.326114658928669865e+00
2.094409718792777042e+00
2.562484208999639357e+00
2.199604957778563019e+00
2.099729594512806496e+00
2.135215308560109992e+00
2.262914380017304605e+00
1.983217697361762566e+00
2.050812970840768745e+00
1.566764739505663195e+00
1.702210103215936021e+00
1.935250018215790568e+00
1.650257451649243867e+00
1.300709329289745142e+00
1.969556448490992429e+00
1.831448984234471444e+00
1.740319026873670571e+00
1.847841768755204228e+00
1.979707121721373531e+00
1.882258482246356612e+00
1.712967268217060024e+00
1.746126618417150667e+00
1.647537970756414616e+00
1.663327597373370992e+00
1.940124135844202957e+00
1.873008549233486697e+00
2.288252376385579989e+00
2.361401278081382227e+00
2.549090223140875189e+00
2.379824144193317448e+00
1.999755230661224292e+00
1.905438360520607333e+00
2.086476198962244677e+00
2.541213117322232318e+00
2.024893771896195460e+00
2.021901938515158204e+00
1.998660155100272284e+00
2.152777410364918875e+00
2.247009813290621327e+00
2.272813404646735425e+00
2.191167130327960066e+00
1.857567383504922454e+00
1.805528092836107490e+00
1.589548187514354893e+00
1.563551256602377704e+00
1.527161811148013637e+00
1.474467881420762128e+00
1.701456790172218181e+00
1.755211888854256719e+00
1.386895890505136286e+00
1.722933360921072854e+00
2.001199433328064270e+00
1.795788382141260575e+00
2.066502736313739153e+00
2.182736269501146076e+00
1.875672400436797282e+00
2.141171493321175401e+00
2.180743645003339282e+00
2.156753109171849481e+00
1.920631548777031128e+00
2.037449255090320044e+00
1.751575350719077662e+00
1.561664490463134491e+00
1.247559017419549443e+00
1.456927238338554753e+00
1.372163756849568594e+00
1.625763372865837386e+00
1.527379288375606770e+00
1.588568497083089115e+00
1.693058219502723505e+00
1.668769584496049507e+00
1.430311362907584538e+00
1.888478433299972892e+00
1.643761230714616550e+00
1.301480651028991575e+00
1.476679542379065069e+00
1.947863326337352152e+00
1.692029402100623248e+00
1.776586943200375579e+00
2.032136780314247826e+00
1.898513334820115972e+00
2.304540449562016757e+00
2.188107079312514358e+00
2.161057029789422046e+00
2.316173931049483325e+00
2.422415788541652404e+00
2.508151439818882444e+00
2.239104382054689868e+00
1.984449849493107543e+00
2.098388413760367666e+00
1.696251488346982583e+00
2.059993040984485102e+00
1.858565809633417665e+00
1.354081847851238862e+00
1.735014129243616088e+00
2.150727828638590022e+00
1.705102275411441326e+00
1.924632959604776650e+00
2.075554999120196253e+00
1.893975406785218585e+00
1.447564342356340905e+00
1.417827075277992233e+00
1.638604120743718084e+00
1.762898546417449142e+00
1.561023085167051461e+00
1.548138368369077478e+00
1.536017624964473693e+00
1.571634843609445165e+00
1.876694387330847924e+00
1.480203953941737982e+00
1.344099105196274291e+00
1.340847865006051576e+00
1.273758175043235852e+00
1.359508025715680191e+00
1.312423340869820487e+00
1.622868956668314544e+00
1.431315587656215804e+00
1.235710493210299354e+00
1.464066595932103754e+00
1.824359300070775181e+00
1.647927844516861917e+00
1.992848625218250680e+00
1.989951330509507121e+00
2.052171586364061717e+00
2.135692477375384701e+00
2.285382561857713046e+00
2.259026736349476483e+00
2.528362548955275013e+00
2.247543518300253229e+00
2.092780954877489830e+00
1.733594561503709386e+00
1.899575749162198068e+00
1.598834391164495994e+00
1.195708764613558683e+00
1.525632656779025265e+00
1.800531960390871378e+00
1.709479181074754273e+00
1.340569295287767915e+00
1.300875390397909115e+00
1.509083734888343464e+00
1.507636573916125933e+00
1.576651364557776880e+00
1.523028423032662504e+00
1.428136973430512269e+00
1.286526603808040514e+00
1.240868468608700148e+00
1.260362402671442617e+00
1.615574790231443902e+00
1.699578903070516622e+00
1.827526109256155440e+00
2.232089529045408138e+00
2.434058547381147353e+00
1.781120271188947557e+00
1.364799245521530757e+00
1.527762890552435415e+00
1.825526733456966699e+00
1.956603410943349219e+00
2.122496044426227524e+00
2.202346881229027442e+00
2.099408302137034887e+00
1.638806257977222236e+00
1.675023309832910590e+00
1.575299825313480673e+00
1.340519894730952455e+00
1.243432270692830022e+00
1.712172568131984596e+00
1.615476509662091331e+00
1.470086451297897945e+00
1.694591683253154235e+00
1.393220290364727276e+00
1.799848481552585699e+00
1.558167893975450635e+00
1.290342348268852746e+00
1.610966387857444282e+00
1.309540314479743950e+00
1.356493303376820947e+00
1.574131727619635601e+00
1.995981930068279953e+00
1.593795372371426433e+00
1.508591778180592868e+00
1.403759794741452183e+00
1.334280035271239839e+00
1.820194882012232895e+00
1.422133543517246634e+00
1.539277410368421695e+00
1.632361310071011928e+00
1.344102575923741050e+00
1.694939568943369501e+00
1.619143904171844062e+00
1.596175395753069770e+00
1.801666738804223344e+00
2.098578894633184699e+00
2.295432783839874258e+00
1.806627735493367526e+00
2.191191549410994366e+00
1.931221825645109469e+00
2.449157018038096822e+00
2.677653920745736382e+00
2.360942636442628917e+00
2.073045989357323204e+00
2.108257317932795250e+00
2.059440808074906482e+00
1.798316925355130769e+00
2.152408356236322540e+00
1.827077120546111821e+00
1.643009603429113064e+00
1.791281878746702860e+00
2.185990883435558363e+00
2.313273783218015467e+00
1.721522138087492770e+00
1.830054719515511685e+00
1.697106522602199297e+00
1.765150733768094504e+00
2.160943148212327358e+00
1.795672950123377465e+00
1.656354285973264062e+00
1.289169365605897788e+00
1.295045603157034542e+00
1.602840529530181080e+00
1.827976992589043226e+00
1.995520323719948808e+00
2.140339753567392034e+00
2.327545580613918474e+00
1.850226161940837999e+00
1.650529302906421414e+00
1.636930544869721560e+00
1.766094480809324851e+00
1.731979427578346220e+00
1.390715940225612179e+00
1.450269320177122623e+00
1.224596451861351687e+00
1.517796528876218076e+00
1.422997253602396039e+00
1.459913033375927149e+00
1.370349890883741484e+00
1.687516083503630471e+00
2.170784404048400340e+00
2.172395607862184885e+00
2.311139827757854981e+00
2.177811211637482369e+00
2.130014591254222545e+00
2.009157329880430165e+00
2.093924766368969070e+00
2.125529774678937667e+00
1.607410267577097152e+00
1.728353313117632073e+00
2.028122095050025830e+00
1.783265723214185527e+00
1.568715554295871062e+00
2.069148526965731705e+00
2.288619438290435237e+00
2.357237462162550923e+00
2.228494581497635352e+00
2.359263750802452986e+00
2.214639751217874153e+00
1.815644589826843180e+00
1.943782231976159736e+00
2.015536603944898086e+00
2.093577975278134939e+00
1.710841518322398391e+00
1.872911040394178661e+00
1.683516126922933509e+00
1.556286958468158010e+00
1.441762902379778444e+00
1.483337127213580686e+00
1.765353673099905540e+00
1.828832032391636719e+00
1.704930510340836536e+00
2.005294031665736387e+00
1.609785353452077850e+00
1.230583348353239348e+00
1.578810817334271199e+00
2.070523199799134684e+00
1.407573133135025412e+00
1.545572502594160014e+00
1.889093354434053573e+00
1.735568678501809181e+00
1.758166653690470316e+00
1.850515785556975379e+00
1.766003331931783826e+00
1.678449499218914953e+00
1.527443920056151372e+00
1.520202335116688230e+00
1.288357456956436664e+00
1.298540106082734180e+00
1.252733068831913599e+00
1.310629894619118385e+00
1.284473577647242237e+00
1.643053372843993110e+00
1.642513376719551887e+00
1.546585155528097610e+00
1.580250052775768799e+00
1.471113394072200764e+00
1.603553208613273329e+00
1.151749023933932525e+00
1.469944258207720900e+00
1.165116126219435611e+00
1.179141076954195899e+00
1.233343343668514391e+00
1.443711283399271794e+00
1.621476852670901581e+00
1.662032836943197811e+00
1.547690160506192791e+00
1.719193140780334694e+00
1.688081563674593388e+00
1.538234622963894571e+00
1.751393253858583909e+00
1.492495945980392369e+00
1.436064733033318497e+00
1.455785645184952459e+00
1.636444447594712193e+00
2.015082073557943776e+00
1.601717010294246624e+00
1.538303371499209149e+00
1.357009589802459670e+00
1.373736959517400047e+00
1.461666108529857455e+00
1.573466849033816395e+00
1.397469819640029254e+00
1.435352911464229386e+00
1.414767580156677029e+00
1.422335343367139737e+00
1.705152931178241404e+00
1.533201457815794422e+00
1.520071351932950066e+00
1.610350445016839105e+00
1.444188880921597251e+00
1.432635921335560836e+00
1.810081191633102549e+00
1.790883392509212912e+00
1.892251096117195885e+00
1.999886175490835916e+00
2.439280046854391149e+00
2.311530109617233375e+00
1.796617827435724069e+00
1.752487976193291885e+00
2.131173848366012091e+00
2.048874012063923722e+00
1.616703211374637794e+00
1.485551045712693252e+00
1.998453271850147317e+00
2.013455113936814200e+00
1.904056342911507826e+00
1.601242975328890594e+00
1.583737420144132990e+00
1.733448524576843841e+00
1.517819246506679765e+00
1.460375921132581523e+00
1.552778144810008198e+00
1.069860331905871709e+00
1.220855818203817833e+00
1.648481282759717503e+00
1.342178672451604271e+00
1.560676499619991331e+00
1.742002231631371245e+00
1.986179678798788650e+00
1.608212906485886995e+00
1.456753043223826927e+00
1.564705075731026129e+00
1.854937507822818965e+00
1.954479887325459631e+00
2.159406185144840506e+00
2.024626182197053481e+00
2.120071687437781183e+00
2.223963752039245012e+00
2.136365258658342370e+00
2.405501327999724825e+00
2.415318558763578149e+00
2.498783267478202230e+00
2.456847674294172723e+00
2.631581956924702315e+00
2.045715271245359457e+00
2.007811897161253523e+00
1.742759223833583837e+00
1.908082233161550567e+00
1.693972626371802237e+00
1.775260219212188462e+00
1.906105998398585744e+00
2.160799981412255821e+00
1.615209921889170452e+00
1.747921491718055664e+00
1.332548112502689452e+00
1.392961422810332861e+00
1.759544253023594740e+00
1.546676691601471809e+00
1.834952012795034726e+00
1.428799951143600699e+00
1.353410893806318738e+00
1.233797605068022163e+00
1.389938948403060426e+00
1.648245473157870400e+00
1.260666999491573570e+00
1.395302702889641866e+00
1.741372381808446113e+00
1.655905133559860021e+00
1.750450781296022829e+00
1.586009160798262041e+00
1.568447093307427709e+00
1.580007112003430469e+00
1.838311237584393076e+00
1.693744521408387271e+00
1.957951486393195273e+00
1.474962961751701940e+00
1.663274539010619169e+00
1.427865413660029059e+00
1.326088878132011706e+00
1.368667595360805400e+00
1.707514566500344833e+00
1.601631404122925817e+00
1.750348267142962655e+00
2.089682876024652192e+00
2.167355149086405586e+00
1.776057552031167219e+00
2.262056619435378391e+00
2.247877095720270280e+00
1.963667799317228235e+00
1.800936673201190885e+00
1.591391554119887974e+00
1.506129517213691038e+00
1.404787663297424327e+00
1.471483194751773027e+00
1.689429271898893248e+00
1.936802707984820238e+00
2.189292089984810730e+00
1.583585853555668166e+00
1.794753961287993249e+00
1.928580914805915869e+00
1.912408613767165200e+00
2.023765501254698673e+00
2.023671055966807852e+00
1.958934375525033689e+00
1.871291817532790169e+00
1.932235464920366574e+00
1.857542886052785169e+00
1.835329357502367476e+00
1.697066227953445861e+00
1.532495488765381442e+00
1.836562123388405965e+00
1.978649524934664727e+00
2.279120031129434398e+00
1.922012923815439756e+00
1.934878608128730582e+00
1.825863464501969347e+00
1.881486537926991831e+00
2.008491943607402686e+00
1.443090767568173449e+00
1.580773457573376062e+00
1.739748037882741905e+00
1.830144893537406947e+00
1.838528955138617693e+00
1.879502641855525402e+00
1.670768127131132985e+00
1.553610567636804163e+00
1.655086335997636215e+00
1.969679276785092359e+00
1.705149500186874167e+00
1.480008193499708691e+00
1.571229325563034074e+00
1.406304391434596068e+00
1.345484973521414274e+00
1.458696685472279597e+00
1.175352058002341771e+00
1.571071584074029470e+00
1.567605057907444088e+00
1.363803245200200021e+00
1.344240015456784398e+00
1.508814873196473672e+00
1.527111775770251478e+00
1.460869981147445706e+00
1.682445677800808559e+00
1.696043456099350699e+00
1.765387105305188165e+00
2.165334112189384097e+00
2.126924025283423614e+00
2.173481151096888109e+00
1.877472992643111516e+00
1.882227358564484421e+00
1.706374891039422526e+00
1.878358564100295780e+00
2.069605444280429918e+00
1.942093817047957360e+00
2.045689002338868079e+00
1.912233090838407978e+00
1.665046912374757104e+00
1.899113220994076645e+00
2.193453733178468479e+00
1.769258010597471120e+00
1.687310925696555053e+00
1.982185333882932277e+00
2.115132574725487213e+00
2.313651159030050586e+00
2.001066319062365206e+00
2.069982596697275579e+00
1.944713744476179507e+00
1.906415949378442720e+00
1.470715241652550409e+00
2.060791676864696331e+00
2.316344107232335414e+00
2.445890751611111025e+00
2.407059314017248042e+00
2.382579756617606570e+00
1.815507152871176588e+00
1.793485191253369138e+00
1.770248634899460161e+00
2.195821650433520400e+00
1.905529949057398031e+00
2.161080026318625169e+00
1.767800055543504278e+00
1.799631435361921605e+00
1.572068833396305543e+00
1.793335091386190516e+00
1.477397518017803169e+00
1.775896450434999441e+00
1.500605172335686577e+00
1.642682363831901471e+00
1.371773654677645560e+00
1.190196963889180948e+00
1.335378145901466418e+00
1.182429544881919981e+00
1.328018299129890334e+00
1.442555996585740852e+00
1.818691386778564123e+00
1.833114742932923535e+00
2.153622543477837770e+00
2.286174230073811486e+00
2.210081518975983261e+00
2.154598873764523415e+00
1.899432290935254786e+00
1.879283674486746269e+00
1.680892515980520363e+00
1.627644069490123746e+00
1.394862902207059330e+00
1.358115312269848829e+00
1.374409707744331577e+00
1.804000891324722078e+00
1.668639738456867194e+00
1.889263368291505207e+00
1.521750563364791420e+00
1.196065864473356610e+00
1.598588093014731593e+00
1.418136266114201183e+00
1.483206457042425930e+00
1.463455088753189415e+00
1.482716387982090822e+00
1.468702944250547482e+00
1.522795950547814803e+00
1.483532913458763147e+00
1.747230256730846198e+00
1.741295277538212449e+00
1.979338959599705738e+00
1.476794112587785701e+00
1.258887291556828547e+00
1.587194263510651071e+00
1.294993374454327606e+00
1.355652799645069351e+00
1.600616413498106683e+00
1.635371970288690413e+00
1.902436379319593307e+00
1.891648758014048859e+00
2.176935789208982452e+00
1.686412636983616764e+00
1.921048176144000141e+00
1.855582350099286959e+00
1.893426433688325083e+00
2.172137512885511601e+00
1.968121119548886355e+00
1.936697091886757427e+00
2.103831601307984300e+00
2.474957786436529972e+00
2.160363952963419987e+00
2.057889406780586405e+00
2.008234647292296948e+00
2.012061053066831473e+00
1.689689162881297335e+00
1.688602483373196073e+00
1.891889780181383207e+00
1.847922122131647527e+00
1.631761997903133476e+00
1.483660013283752299e+00
1.538037859468188273e+00
1.394208711592336725e+00
1.351135906969538780e+00
1.113714447855346457e+00
1.166874890600186898e+00
1.457191755985049797e+00
1.731316774215655663e+00
1.635138955979228204e+00
1.604977095558961508e+00
1.682010422695024987e+00
1.721855041269564568e+00
1.764972194794596438e+00
1.496205361032896697e+00
1.560013899024906392e+00
1.709084152946967139e+00
1.813211020162105669e+00
2.039362747008601318e+00
2.199420869523549538e+00
1.731988466122188264e+00
2.079144378304619956e+00
2.276663106429159811e+00
2.203163724438979010e+00
2.605470444287903309e+00
2.487650951397483823e+00
2.476907350835127364e+00
2.092819127358191533e+00
2.395011907851106070e+00
2.007835148597518327e+00
1.857176170398364468e+00
1.630619337463741436e+00
1.398756645589405601e+00
1.288493422598895322e+00
1.222350270486777246e+00
1.268659201007143356e+00
1.000904191512704378e+00
1.511866796769055554e+00
1.575961441093360893e+00
1.301841167992871640e+00
1.630540843576429699e+00
1.499124115891118825e+00
1.665042358623997520e+00
1.577185609940030098e+00
1.380464424349855168e+00
1.611180606243413083e+00
1.633181451426483299e+00
1.671881144861133484e+00
1.658395899905305448e+00
1.664773878190597856e+00
1.610538297137656061e+00
1.564302169525669139e+00
1.400629797760470252e+00
1.617526154897640289e+00
1.203809714030478428e+00
1.296931222525643523e+00
1.156840772514754034e+00
1.183348337751684021e+00
1.320550301000234183e+00
1.380468531938906729e+00
1.435913619129102869e+00
1.404818872641599325e+00
1.650813382838254073e+00
1.421831007115346823e+00
1.351124946539484561e+00
1.949273069902700772e+00
2.015243593475303907e+00
2.036225994121645400e+00
2.295835287546878156e+00
2.214696450067817235e+00
2.528750356164199964e+00
2.082248569086019074e+00
1.887446480879250821e+00
1.879669926281955838e+00
1.914934115549782767e+00
2.060031632798740908e+00
1.824972023745347061e+00
2.156038651389823535e+00
1.889045685145834375e+00
1.747042032231013842e+00
1.567791120638706515e+00
2.167426625952684649e+00
1.730570502005901234e+00
1.933050981305068250e+00
1.825346115117696844e+00
1.829699566699589441e+00
1.592692848323477461e+00
1.964054774862163288e+00
1.910193822023416477e+00
1.608161848642621239e+00
1.366915695402956210e+00
1.758363688312593487e+00
1.750835836221003916e+00
1.444498866153818284e+00
1.672365730626956370e+00
1.849402660253533615e+00
1.959039168739632020e+00
1.894982052422392149e+00
1.867435193596064469e+00
1.770820190175203868e+00
2.233314055727533720e+00
2.171998694553498588e+00
2.218016674521669618e+00
2.183000465583420091e+00
2.268493305653132897e+00
2.211249900444596239e+00
2.039826874531082801e+00
1.685768065140949012e+00
1.919830189358624040e+00
2.264164952502259354e+00
2.413763392779096240e+00
2.168909504887260198e+00
2.241253708552116031e+00
1.804911479274391217e+00
1.850560901981301631e+00
1.929000464410775439e+00
2.079686974864261906e+00
2.150828488508369496e+00
2.066331784729339205e+00
1.811186070324522168e+00
1.815036726474873463e+00
1.428552360321651227e+00
1.355392607955632878e+00
1.816162544473234552e+00
2.215764611039850784e+00
2.238348744218729536e+00
2.279181852191778379e+00
2.091887950351909886e+00
1.836832631076362965e+00
1.724606874362205167e+00
1.580114771448895006e+00
1.489923067462648243e+00
1.794012427069634485e+00
1.666883981967116402e+00
2.117733806173617506e+00
1.885222375615278612e+00
1.740792529267895405e+00
1.543498511754486158e+00
1.231457056100399683e+00
1.249525134467795340e+00
1.377556831254710845e+00
1.360059762478207368e+00
1.515718774941049451e+00
1.424799967329692052e+00
1.418128781789456561e+00
1.330739425821488187e+00
1.512120085685309867e+00
1.806467769374555887e+00
1.987305598184203603e+00
2.002966600859609869e+00
1.846131427872737207e+00
2.009850209628865514e+00
2.231797313562790208e+00
2.660711977937623818e+00
2.647782015681154455e+00
2.209604958100087835e+00
2.017147903179433932e+00
2.115855994051421884e+00
1.642176626171409914e+00
1.712684405744173688e+00
1.589097361568951206e+00
1.796370436297919815e+00
2.289437680428958011e+00
1.901613531964055914e+00
1.890822580827090649e+00
1.831735762433891246e+00
1.893411315014541074e+00
1.480072144371478160e+00
1.673728706311574221e+00
1.806357474542275909e+00
1.562194055892851763e+00
1.933079975414316642e+00
2.262400981191075910e+00
1.705911136892440005e+00
1.821899563994095361e+00
1.662869786900734725e+00
1.417161354783732286e+00
1.448619806732134752e+00
1.841829752513387097e+00
1.555765213456985707e+00
1.799807050263279029e+00
1.711686670081871142e+00
2.114279859986551546e+00
1.849905911048072005e+00
2.534737001890388974e+00
2.052823544862623972e+00
2.065731828650009039e+00
2.377211607932304016e+00
2.045786321378174843e+00
1.522260561147197988e+00
1.928449462844449958e+00
1.804429991204590245e+00
1.766308306580904208e+00
1.621652008643657439e+00
1.813019373069280071e+00
1.367211707619198968e+00
1.556177465483363775e+00
1.644870146166772962e+00
1.611343874383856845e+00
1.802754583721828396e+00
1.546201284580034363e+00
1.910750684046499615e+00
1.610422939324569036e+00
1.557684498100625925e+00
1.894584364803871823e+00
1.811461895407050937e+00
1.526523255893809550e+00
1.677699275197404027e+00
1.448978231570198671e+00
1.246576306987418725e+00
1.528986008948325814e+00
1.702102169033834933e+00
1.653849907617264137e+00
2.009118942691058951e+00
2.081533638655633123e+00
2.502804189525791312e+00
2.248299993596406310e+00
2.654403762294848867e+00
1.685381608274715948e+00
2.175407761835030040e+00
2.107898762237561119e+00
2.284164462701259168e+00
2.086745907643148268e+00
1.797748293835187638e+00
1.930850948392540678e+00
1.600204817080268960e+00
1.807219198547560302e+00
1.781461509384252739e+00
1.584776665899013004e+00
1.680806422482167495e+00
1.260328519437466710e+00
1.838412259692367101e+00
1.716769971593134159e+00
1.495712772653974731e+00
1.544353744492559466e+00
1.800762666950065372e+00
1.942000104949500816e+00
2.049931413142046743e+00
2.311198799869204290e+00
2.260494428330263261e+00
2.110197490526137365e+00
2.170173829652933595e+00
1.890826495978739974e+00
1.957321253032964892e+00
2.425197386859726745e+00
2.219589234183502402e+00
1.750190040623739840e+00
1.783660652351310993e+00
1.483153895975104275e+00
1.829014859877386989e+00
2.084514266472656363e+00
1.586982487042666090e+00
1.866251487272982734e+00
1.545966696579396782e+00
1.284734905565509955e+00
1.643600262560178882e+00
1.652107989128402510e+00
1.915751611600644111e+00
1.826014297507719153e+00
2.034925979153544784e+00
1.816487111903210661e+00
1.981984985721978010e+00
1.934312632331773862e+00
1.881757521761912022e+00
1.922512673355757817e+00
1.749589896781027054e+00
1.768228163779172579e+00
1.369964268896440851e+00
1.326511709273389128e+00
1.319575518872569742e+00
1.390384535100091412e+00
1.497555253390048691e+00
1.620896330362763926e+00
1.547946487513698566e+00
1.662422030897513725e+00
1.792471785173821219e+00
1.723007673348597724e+00
1.797869866944974637e+00
1.599462791841506082e+00
1.429082376928178855e+00
1.588974027622945151e+00
1.402852430646805759e+00
1.641987454045251926e+00
1.350750336464219714e+00
1.303183053917839507e+00
1.247904425137826179e+00
1.353320637030208440e+00
1.402667238912464143e+00
1.519844622717576144e+00
1.206297913626451113e+00
1.366464805855983400e+00
1.466653982402721823e+00
1.480596213316204945e+00
1.114005128913347020e+00
1.615582424115979965e+00
1.459893537840322386e+00
1.586665118560466103e+00
1.916775711214063094e+00
1.959453241514378163e+00
1.671289633027186916e+00
1.437982685393371485e+00
1.379832035004638691e+00
1.411369804475791412e+00
1.320138374802980463e+00
1.442780019988894935e+00
1.311606822889814339e+00
1.510907938056204713e+00
1.483968378366047558e+00
1.814261080085624478e+00
1.896184497239093325e+00
1.983873906155745548e+00
1.873444705645427533e+00
1.725862576455946318e+00
1.302870443869758255e+00
1.058517741444379823e+00
1.275050348022099378e+00
1.574066640134430983e+00
1.776984999130564846e+00
1.880286149497784720e+00
1.912030511611710892e+00
1.985142799978315331e+00
1.614043150138318783e+00
1.722247089660896791e+00
1.802799541836395791e+00
2.017087412154096260e+00
1.155456566236997995e+00
1.331954645441982832e+00
1.477918783036491712e+00
1.442869797234766827e+00
1.270911343346104116e+00
1.341600760000718928e+00
1.351505289740581262e+00
1.791813799209233782e+00
1.995930330999146296e+00
2.016833442904096607e+00
1.982561250657979945e+00
2.119321111656631729e+00
2.030021737423980621e+00
1.734225724838379223e+00
1.777861389548708093e+00
2.279457787798783830e+00
1.638987428299053750e+00
1.795154269266943992e+00
1.942962655472225242e+00
1.972364540302933511e+00
2.076834104107024626e+00
2.167046417645365874e+00
1.978808172022264777e+00
2.053876342849603631e+00
1.925889182251825593e+00
2.383489542556320284e+00
2.044653032133958437e+00
2.568980653962310345e+00
2.599319441191447755e+00
2.358720462998361356e+00
2.176042352963546644e+00
2.228742261208013442e+00
1.922379309232319144e+00
2.059690883277783158e+00
2.155729879289189022e+00
1.911992108540611746e+00
1.603270326625523712e+00
1.833303702364253329e+00
1.827331966661615459e+00
1.610221758399216885e+00
1.394396354915925063e+00
1.132859319413371813e+00
1.108572285937756696e+00
1.215623156217813694e+00
1.281259240702950830e+00
1.536089047583622857e+00
1.613775501063871465e+00
1.388422794055148346e+00
1.205216219986789739e+00
1.299651056329991228e+00
1.622963803327073240e+00
1.980494771949074639e+00
1.841389380251698071e+00
1.885768661717155625e+00
2.080894916286895491e+00
1.825679023609093399e+00
1.557358826133469432e+00
1.213052262605849752e+00
1.432462878326839162e+00
1.312163982341413293e+00
1.467312020590863852e+00
1.216342720334507188e+00
1.484712722801646345e+00
1.561665929224479887e+00
1.567977573209627717e+00
1.798955654224538625e+00
1.597998911252727972e+00
1.731782510407835263e+00
1.615062800928211972e+00
1.345984666518177830e+00
1.844717964953786593e+00
1.672539708492018606e+00
1.599264401227449284e+00
1.832839499482388668e+00
1.713161056159603124e+00
1.665137749680031476e+00
1.862389305440346865e+00
1.948376884277287280e+00
1.721795542701487269e+00
1.600647230641870200e+00
1.432702274368606865e+00
1.655386842422450933e+00
1.821179048679281154e+00
1.674577874049173465e+00
1.759496453262182847e+00
1.785194598245124498e+00
1.508400183816028806e+00
1.815058239769772319e+00
1.671884640090744334e+00
1.284462020949990624e+00
1.180185158617038210e+00
1.633083772141918466e+00
1.705853233886664988e+00
1.765777791473321701e+00
2.167856524997821666e+00
2.118327755850468286e+00
1.945217927011371417e+00
1.906476425118688756e+00
1.656498194755964271e+00
1.981773073889471437e+00
2.303849068139727674e+00
1.881398909094033289e+00
1.846586511583819590e+00
1.859579293802940514e+00
1.902745948768760131e+00
2.116624437566067662e+00
2.234914822754590968e+00
1.992330465467637923e+00
2.183685197012459334e+00
2.134540697093633366e+00
1.586848573102818349e+00
1.565251669317460514e+00
1.531045687827049973e+00
1.851894930516298832e+00
2.173130544119334928e+00
2.083160539765332331e+00
2.272019226990094509e+00
2.253007818017296326e+00
2.212518707668204243e+00
1.505761459259164603e+00
1.742186928949800206e+00
1.837479733468709853e+00
1.647612908697211331e+00
1.738332004894504568e+00
1.683971084505079707e+00
1.222519338328048821e+00
1.181044041784113707e+00
1.194238520445250140e+00
1.404285703026194820e+00
1.508036742759190751e+00
1.465093320530270304e+00
1.512853963497724719e+00
1.958134307444417521e+00
2.018323362954457689e+00
2.660484899012493187e+00
2.471954406974893992e+00
2.234071002607409095e+00
2.141509491682569877e+00
2.281375448951436180e+00
2.258893039877098996e+00
2.370155334993548468e+00
2.103101217704278270e+00
2.167390898026448909e+00
1.579672662174356867e+00
1.413945627471580480e+00
1.352348958757189745e+00
1.135425791381548866e+00
1.158684314703683826e+00
1.606262606075055110e+00
1.723957150852590603e+00
1.878116534353766243e+00
2.077183413010443402e+00
2.167108022926931721e+00
2.392436631967178595e+00
2.001473893143818739e+00
2.221017669075192824e+00
1.535256806071679136e+00
1.958966691488498002e+00
2.070823266239468108e+00
2.339330588725365256e+00
2.063302592431652815e+00
1.934593208496761862e+00
2.027938417969505913e+00
1.518561646472516680e+00
1.594030453227941457e+00
1.296786897775887404e+00
1.670605497676503903e+00
1.476438823530283884e+00
1.492423907847600484e+00
1.364907840439077980e+00
1.205678839478446118e+00
1.160960263776694479e+00
1.415982933985512560e+00
1.290699334606475457e+00
1.573946669622219519e+00
1.177933695915985401e+00
1.560145446037535244e+00
1.476939887867750212e+00
1.782135273923001861e+00
1.928524059078934094e+00
1.887936422617834342e+00
1.522930249038095818e+00
1.325755790625993136e+00
1.449173165620921466e+00
1.499372305374407244e+00
1.537182332190238698e+00
1.304811903009074348e+00
1.348476246111796728e+00
1.933905390462032914e+00
1.513456002811379930e+00
1.602201725420788536e+00
1.806411507000382777e+00
1.638914270449334687e+00
1.568725819093077734e+00
2.080662426313510505e+00
1.809576103855721207e+00
1.753717902128760109e+00
1.891509023452122129e+00
1.647615088546894091e+00
1.774491182138954404e+00
1.543833271595400847e+00
1.115134556053653858e+00
1.709656001854773066e+00
1.486930996034788732e+00
1.360000626982582617e+00
1.392676774724425748e+00
1.461630704560140215e+00
1.764945625249924932e+00
1.894072676906912278e+00
1.922254168167389921e+00
1.929218590452801863e+00
1.746154428840154260e+00
1.298758071065339248e+00
1.388008829023195112e+00
1.341871445878653146e+00
1.668364718047858464e+00
1.998121070532753452e+00
1.766231544975030987e+00
1.678921643944722764e+00
1.933876142186228053e+00
1.576811461635893918e+00
1.958331093941890533e+00
1.430132423083506854e+00
1.688875555020360686e+00
1.730660683845189229e+00
1.987221562021648014e+00
2.033357094853120994e+00
1.722588797886440037e+00
1.761789578974704007e+00
1.622105620571220985e+00
2.363758873987809928e+00
2.122913556206512009e+00
2.376416420344227287e+00
2.423177001951845710e+00
2.130332580076536253e+00
1.804682582872120022e+00
1.696830011570572783e+00
1.778857935348831631e+00
1.485518098375677276e+00
1.673323036678705522e+00
1.610733713674801226e+00
2.105365317485762500e+00
1.750756542464069643e+00
1.595317820678612719e+00
1.958217389987806811e+00
1.706344084626612023e+00
1.302376901086210736e+00
1.318445071914569056e+00
1.708178613964163706e+00
1.335920713152980444e+00
1.393460360034164847e+00
1.457492519079659488e+00
1.487620081935191463e+00
1.309207280858288414e+00
1.356602825298069526e+00
1.551220419729140598e+00
1.329712226373032768e+00
1.438850456082591878e+00
1.443775347087727035e+00
1.224070729085005915e+00
1.583368276620864989e+00
1.830454847881486380e+00
1.679750570304296531e+00
1.801278552802033417e+00
2.150113534220876588e+00
2.277017244562603349e+00
2.459168117598598879e+00
2.197763785958946947e+00
2.549099369133819515e+00
1.822316244386529283e+00
2.082880917315357294e+00
2.148211725491158131e+00
2.421933874134560849e+00
1.902119106012329697e+00
1.534625947388961409e+00
1.541278159155715199e+00
1.683147016028467391e+00
1.715948996726395670e+00
1.547543779265793784e+00
1.702417199845966955e+00
1.756824512174840924e+00
2.049901440927904606e+00
2.040106550070602598e+00
2.215701864319370884e+00
2.271045830936930354e+00
1.747076233151331426e+00
1.597927844742333736e+00
1.739010456773125490e+00
1.978201287502868500e+00
1.609140892045914262e+00
1.862325292430827561e+00
1.851575922353754455e+00
1.840688191872746238e+00
1.633677836797319260e+00
1.908629359415993321e+00
1.511082088043278482e+00
1.632178175514015228e+00
1.718899852535227923e+00
1.497441633623443735e+00
1.921883109367253484e+00
1.785675162850556497e+00
1.555500301533445651e+00
1.454785921089256640e+00
1.609732924055588432e+00
1.532837155534825913e+00
1.895597096853077534e+00
1.730148153900923136e+00
1.700659418990490224e+00
2.124710501225023584e+00
2.036372862541417472e+00
1.375391574284522855e+00
2.012120975106861831e+00
1.727032360211063322e+00
1.411816600369665942e+00
1.585000709304061450e+00
1.623078157133491572e+00
1.819984564645417358e+00
1.779041201475560774e+00
1.669967525516532270e+00
1.905940990928507439e+00
2.183530543545431524e+00
2.510254832842861994e+00
2.157245548186832007e+00
1.516114851708106226e+00
1.739973483486894956e+00
1.867253522322292358e+00
1.821125811410488682e+00
1.723549261793906995e+00
1.823554450728767762e+00
1.930361307878888155e+00
2.108937161313120701e+00
2.008213476341074166e+00
2.017403182940893824e+00
1.991861805740449576e+00
1.714468434172193412e+00
1.740954898542029117e+00
1.780717614519687020e+00
1.457449054674135436e+00
1.116378438602275258e+00
1.441804436578880022e+00
1.863749391563706004e+00
1.642540919314037673e+00
1.883097918686577721e+00
1.545192578010871287e+00
1.919998233112381714e+00
2.067212597092653148e+00
1.652529510258064604e+00
1.552344270139792037e+00
1.926411758743650893e+00
2.069859913035805743e+00
1.812160789842048647e+00
1.668421093175765924e+00
1.877762829349577389e+00
2.039633696581165001e+00
1.820180390312477803e+00
1.973249023792727375e+00
1.461778461335772494e+00
1.728360538162179383e+00
1.481081071385880188e+00
1.501326664480227890e+00
1.308201482177254737e+00
1.498993913622869156e+00
1.314236816274572117e+00
1.329469831190969620e+00
1.516956453038478703e+00
1.562091475413712960e+00
1.213563179080229482e+00
1.412996271723478081e+00
1.619169077250802946e+00
1.520000682519667912e+00
1.430510492479382334e+00
1.596363782613296145e+00
1.451030302645838210e+00
1.666019742009692939e+00
1.750482041050975823e+00
1.834821252580256079e+00
2.176561658876853045e+00
1.963984101335669807e+00
2.040283556047250979e+00
2.076254607660949159e+00
1.910903039365575928e+00
1.895896175374446102e+00
1.899820872220891577e+00
1.504766401834954026e+00
2.033886366477476226e+00
1.835508711616724797e+00
2.077968825187665569e+00
2.140776594989286075e+00
2.323375665068769802e+00
1.872812436616606568e+00
1.995988678637011793e+00
1.990367722420628205e+00
1.580317688405325383e+00
1.894926037995719570e+00
2.219470772852683904e+00
1.749709347648571445e+00
2.117355299062169127e+00
1.734842642086553033e+00
1.491790599965272746e+00
1.740310012805772688e+00
1.851465179995484878e+00
1.744268999263707931e+00
1.398188252046242308e+00
1.592426538213402409e+00
1.757274054917514094e+00
1.666542253971140086e+00
1.526269327642875595e+00
1.330238333833942743e+00
1.479123212521337605e+00
1.490347912977260769e+00
1.569934647763317814e+00
1.554894828253317929e+00
1.562277379528267396e+00
1.686822734357976916e+00
1.560222500790552802e+00
1.375388820724017691e+00
1.673141247106999074e+00
1.820603019903205055e+00
2.259978151617232367e+00
2.000768215227209712e+00
1.840009610626453851e+00
2.162207021789528394e+00
2.242320880335585187e+00
2.177397137468652932e+00
2.181215287120079172e+00
2.167146045243242725e+00
2.058032140684896039e+00
1.916620588275738335e+00
2.067718038477892151e+00
2.022696702068411678e+00
2.015923640383282756e+00
2.199553728703347755e+00
1.936230018345374226e+00
1.317214750800600020e+00
1.392884795969146161e+00
1.550242757413515138e+00
1.710554764796976546e+00
1.880236631950545023e+00
2.120836317141538085e+00
1.916020105698018172e+00
1.572431006867251346e+00
1.770474118414190334e+00
1.397423755485792007e+00
1.466062252533590460e+00
1.742745649927257334e+00
1.924508335202578913e+00
1.777520272625441766e+00
1.908911591980384292e+00
2.031600982366548180e+00
2.039921259969843081e+00
2.021313091799654682e+00
1.698878956943121965e+00
1.474855386904395438e+00
1.896971253510901567e+00
2.087476458932441048e+00
1.955718698787570320e+00
2.116430440998869678e+00
2.101592290451185452e+00
2.381547851971185015e+00
2.563221156357842645e+00
2.250201230247811157e+00
1.888819251716401970e+00
1.945070837257556917e+00
1.795982324034385513e+00
1.973185958483918645e+00
2.009324647501326666e+00
2.053005778671808113e+00
1.946902910568389933e+00
2.014542640751715297e+00
2.110272395025642567e+00
2.362778874037689381e+00
2.075834745847747076e+00
1.955628958377617188e+00
2.271313719675629450e+00
2.054250196717254173e+00
1.964350302070191123e+00
2.078179703220089714e+00
2.359678205131701567e+00
2.543438925283562302e+00
2.331212276086221724e+00
1.698795156924127969e+00
2.219622719235719188e+00
2.038264703179997195e+00
1.712892441456131509e+00
1.669291414204651991e+00
1.407757549292772303e+00
1.374754271056780386e+00
1.504629106037455033e+00
1.622118149479487847e+00
1.450937301270673885e+00
1.621094413620015828e+00
1.748386536274646907e+00
1.811483777623084768e+00
1.729146932568469852e+00
2.243116661471768580e+00
1.968677288510158441e+00
1.879955307840025513e+00
2.030144155021897490e+00
1.750415982156639405e+00
2.161321779266424770e+00
1.947918947214048790e+00
1.627943156039902695e+00
1.916273910135903868e+00
1.963019108001401225e+00
1.648049726882140353e+00
2.015636189076261964e+00
1.488239312257693348e+00
1.542262871409639580e+00
1.660572318256336777e+00
1.519696930622128406e+00
1.429580862370241068e+00
1.559428643620518029e+00
1.495157926388850811e+00
1.636555388265634070e+00
1.533619382504124662e+00
1.395652602784093865e+00
1.279823244313152530e+00
1.572197355977791533e+00
1.541756471788297889e+00
1.535417971407945670e+00
1.268420540223507809e+00
1.799623453017481722e+00
1.879700519528213043e+00
1.644490225283668394e+00
1.926345958491391119e+00
1.931211086774722974e+00
2.209485708950120308e+00
1.934698970758415904e+00
1.714532929327727828e+00
1.940599480331716808e+00
1.751619743153097319e+00
2.226972565143550575e+00
2.360395575422853387e+00
2.296012624475850306e+00
1.959381588502775884e+00
1.633940412628903438e+00
1.768740903899184147e+00
1.702779128094460637e+00
1.719724118244474687e+00
1.803041800383241355e+00
1.861263508207222417e+00
1.929813522889624045e+00
1.858481082867779577e+00
1.630779467832425444e+00
1.336000805257846480e+00
1.179353261462059654e+00
1.348565403758857251e+00
1.265915617537480609e+00
1.595609666432521889e+00
1.537810389853855320e+00
1.453961574304639237e+00
1.667398068678011658e+00
1.665434221690919703e+00
1.320900132480903544e+00
1.356034643157513653e+00
1.997887437277877432e+00
1.852032457125342368e+00
1.883375972454929936e+00
1.668431333288121543e+00
2.098748116605351210e+00
1.974787668760691339e+00
2.111146897773333642e+00
2.372591231999493733e+00
1.900748707966481987e+00
1.849163937510973632e+00
1.844472952124948328e+00
1.754690946307517541e+00
2.115884281006109813e+00
1.342807815127262216e+00
1.474980611233078553e+00
1.336005273600298970e+00
1.337850291687304294e+00
1.309711701234387071e+00
1.531249329910757240e+00
1.663032359055213405e+00
1.951341688431647015e+00
1.761076326199160214e+00
1.459541632755750440e+00
1.550965836021035216e+00
1.440710936607397130e+00
1.503693617844677810e+00
1.797793371800663342e+00
1.617620528743645814e+00
1.501154761050275788e+00
1.870402908564992472e+00
1.506613672712353802e+00
1.467119285666696138e+00
1.674033162745294234e+00
1.617234504845575405e+00
1.675139457986817737e+00
1.575868393818756541e+00
1.870094480839635143e+00
1.621730815244938118e+00
1.397196623936260762e+00
1.527910375728891657e+00
1.858524107304286410e+00
1.821061003436357018e+00
1.596557859073095109e+00
1.824964195266057132e+00
1.649233903362714360e+00
1.700370409776457592e+00
1.993260018389269250e+00
2.200823338461359580e+00
2.231793890062061969e+00
2.066424445756594785e+00
1.592500755985422956e+00
1.637137415322235334e+00
1.275870393243003109e+00
1.567394990874166671e+00
1.670443900771781731e+00
1.782556332096892682e+00
1.501591072957900952e+00
1.621833595770386882e+00
1.686914560144128661e+00
1.776916717068126150e+00
2.365785469508242311e+00
2.388338500820215593e+00
2.423842031153004228e+00
2.412070653175481638e+00
2.586056694649782273e+00
2.419296128854663497e+00
2.143376292510840830e+00
1.820954349930166138e+00
1.434136039238253613e+00
1.887758180455473722e+00
1.888013463059452279e+00
1.746468486830391686e+00
1.722125462778612892e+00
1.624193328718280371e+00
2.012991017216643641e+00
1.671299170440922799e+00
1.557594104430680471e+00
1.529410122372376390e+00
1.842533861489124680e+00
1.680319969116511380e+00
1.496310602400359846e+00
1.216790093766357828e+00
1.152241664031679491e+00
1.369439851008888098e+00
1.540475131865253644e+00
1.455688685925718096e+00
1.487482547290543744e+00
1.528682270186756842e+00
1.654391979284241421e+00
1.803067516379955881e+00
2.098726137741461883e+00
2.170539602062258933e+00
2.298811527731445814e+00
2.147421616738841355e+00
2.024494352219393445e+00
2.040603227659333552e+00
1.877113063414161731e+00
1.999014922660011351e+00
2.316649780222132193e+00
1.980432880191989042e+00
2.284503275996625060e+00
1.828174086432823309e+00
1.813268606631227797e+00
1.878126024532172922e+00
1.593958062673113574e+00
1.270827798705608025e+00
1.641461320047167494e+00
1.761319950080526553e+00
1.984914332531350301e+00
1.567793384041684002e+00
1.123773276268525079e+00
1.399601121302521456e+00
1.555762301805769354e+00
1.205903285322470486e+00
1.098167166772448633e+00
1.597149355006051152e+00
1.730888056193833791e+00
1.374421471573310072e+00
1.277848641854696154e+00
1.235753502210684918e+00
1.417414100187639914e+00
1.619463220391825775e+00
1.554824272928204021e+00
1.327954573611876299e+00
1.681613712637875624e+00
1.586299862358391710e+00
1.247784942430610666e+00
1.423752322935887715e+00
1.736472463081707662e+00
1.791074246670420367e+00
2.022833111678338902e+00
1.840054474145380148e+00
1.536568830379235973e+00
1.507677589031984233e+00
1.567639108204014420e+00
1.439957291762546276e+00
1.417672861152639685e+00
1.584802672189982387e+00
1.785607913295904625e+00
1.834660112013842159e+00
1.610220695566503935e+00
1.846636726822358021e+00
2.214511700652608273e+00
2.307688704219356790e+00
2.407099373647536567e+00
1.899949685213847772e+00
2.116272820292575130e+00
2.138922684598276280e+00
2.245607685352646765e+00
2.126943976457146501e+00
2.009591692146542208e+00
2.661508023909761711e+00
2.617458960794729617e+00
2.439305737898844306e+00
2.334927547993106423e+00
1.920001418798399584e+00
1.492944707551280725e+00
1.471407723528605382e+00
1.362785099061845973e+00
1.638358298261682222e+00
1.625560089177254142e+00
1.634286195039098333e+00
1.121490124881005856e+00
1.164585139967768246e+00
1.281828666348078460e+00
1.430882775679624075e+00
1.771781928028798525e+00
1.446840321260782325e+00
1.423165579522852608e+00
1.518688291114669298e+00
1.256783795919725444e+00
1.608746026260662321e+00
1.652509307390924498e+00
2.111813543388759484e+00
2.208014724178577470e+00
2.031917455134994110e+00
2.130125319142830875e+00
2.100187691562055647e+00
1.823010904148386846e+00
2.029843928677420362e+00
2.730936793438850430e+00
2.393617734999700541e+00
2.046697170697024060e+00
1.959658040349086860e+00
2.079184872336677703e+00
1.636258310702893626e+00
1.676599336828464182e+00
1.426508006684778174e+00
1.372525662154764348e+00
1.649996702341735677e+00
1.810032103348541588e+00
1.721819035978765289e+00
1.743741661351774219e+00
1.584407226777066802e+00
1.985194374122442262e+00
1.921679756506052605e+00
1.735826804334793527e+00
2.170467134419159727e+00
2.086133940812901155e+00
2.169467224019743679e+00
1.549389911848739754e+00
1.286883829782771604e+00
1.808101814322599754e+00
2.210550708107148932e+00
1.765924062336555300e+00
1.757204485788793846e+00
1.836272628558796249e+00
1.835593328766137677e+00
1.629677647478431801e+00
1.743685082532241415e+00
1.508638578329150493e+00
1.799077011640103807e+00
1.829763957187756196e+00
1.819085179440484978e+00
1.626914096130655629e+00
1.531420645771127464e+00
1.215167033893345128e+00
1.348613638785316260e+00
1.888128163806909399e+00
1.882978193941776457e+00
1.575017121858050650e+00
1.870803848738658459e+00
1.803241360687995787e+00
1.742995295260477917e+00
1.917296789596484974e+00
1.836361525620664681e+00
1.316147177372864796e+00
1.477075189688042078e+00
1.538623077060396582e+00
1.784951977534859013e+00
1.837149515049858239e+00
1.659999068898629027e+00
1.998456549292637163e+00
1.714418493909560359e+00
1.528933371989968926e+00
1.243522018398399487e+00
1.206769560616926862e+00
1.263854637671592673e+00
1.291583293238809604e+00
1.445306561125210942e+00
1.582618868751744623e+00
1.496097512342893898e+00
1.330924456670889766e+00
1.607001238191500647e+00
1.500559791307034541e+00
1.247974292787411343e+00
1.556936310310336635e+00
1.709712223895857752e+00
1.489045503973163598e+00
1.626158472504533936e+00
1.575785353780186249e+00
1.192827830751701290e+00
1.520551799982459373e+00
2.034626810321422674e+00
1.588261792068970113e+00
1.656658922308239301e+00
2.052605272131612590e+00
1.750117261349402487e+00
1.909153260310652023e+00
2.054611276515872387e+00
1.909752873140432516e+00
2.258726159754420149e+00
2.022189277660650486e+00
2.210253186163990691e+00
2.223602350950770745e+00
2.262875518138973696e+00
1.678473449989580590e+00
2.100581040725026494e+00
2.065226219709871636e+00
1.626152161760163750e+00
1.796508142246541873e+00
1.679990457217282129e+00
2.324001214087603628e+00
2.665080109265060226e+00
2.008083371958381491e+00
2.034653603555067303e+00
1.973265374961539642e+00
2.025992866188369490e+00
2.178450334055804571e+00
2.025288507667256432e+00
1.687577167564661584e+00
1.493656117944531792e+00
1.396882681037176388e+00
1.970841465109952839e+00
2.085011259293754637e+00
1.724937262927473292e+00
1.965563626067246661e+00
2.023394941259452740e+00
2.006820291057630712e+00
2.267967719083296974e+00
2.330528830219820602e+00
2.169388261141298901e+00
1.975095702431619360e+00
1.983817388404840898e+00
1.860832277741354623e+00
1.485226094984518408e+00
1.351081518126157954e+00
1.210515782635450455e+00
1.468709071237398467e+00
1.595098165597735651e+00
1.655081291201871752e+00
1.505321606831736325e+00
1.348238390401522269e+00
2.244529871742233951e+00
1.924953632332735642e+00
2.055684472636014615e+00
2.233278644865035467e+00
2.143962642040599498e+00
2.470850972561181358e+00
2.433717227185491438e+00
2.368698967671638567e+00
2.265956816117200567e+00
2.338439778797923640e+00
2.157828209554044641e+00
2.089011225525773341e+00
2.340631825945770128e+00
2.243604991016803218e+00
2.521927281646804353e+00
2.192679388965039777e+00
2.040518366708286901e+00
1.964156981961934889e+00
1.870069830151041890e+00
2.006230315558288790e+00
2.161772911181670587e+00
2.024528933915120454e+00
1.914249735189526236e+00
1.877179412284540438e+00
1.676447666316533303e+00
1.860385065378271863e+00
1.541775922372911722e+00
1.499797116064487179e+00
1.898710144805596300e+00
1.853266196652935127e+00
1.667696878815092765e+00
1.931634553543148947e+00
1.637614072825852363e+00
1.777858199812653472e+00
2.172244462791744546e+00
1.985805119745184699e+00
1.851158618153148971e+00
2.277783048450707337e+00
1.646579172046447326e+00
1.575324244606292057e+00
1.575513317071281172e+00
1.995464512497916676e+00
2.235803070359993594e+00
2.470966658392965698e+00
2.225097049427808837e+00
1.540250643280468346e+00
1.398271093114075825e+00
1.696405776813532329e+00
1.395733727557911585e+00
1.548448681771656066e+00
1.904363458934357656e+00
2.037559872786332882e+00
2.439588145219744320e+00
2.285036170004143496e+00
1.905605381691001021e+00
1.640318110442710253e+00
1.819982326086838187e+00
2.034807728467306287e+00
1.867154999184020614e+00
1.686185221226032427e+00
1.692539357275583134e+00
1.402474184612231278e+00
1.549854417097977111e+00
1.828305797636567975e+00
1.491895930850483998e+00
1.597323198834058378e+00
1.590364223120955822e+00
1.966697981162995879e+00
2.109410864879654124e+00
2.028590748974887781e+00
1.860404397506732366e+00
1.849409804102069677e+00
2.148611884380590364e+00
1.832845334127505499e+00
1.694852386242885478e+00
1.603214407678726250e+00
1.604032314325384068e+00
1.477293354841360262e+00
1.831163905130258618e+00
2.083805250332835701e+00
1.843762012614598156e+00
1.975459545062861810e+00
2.234578812972903616e+00
1.965589009829799672e+00
1.894032758252882864e+00
2.105286206438427676e+00
1.913205646125498482e+00
2.063154248715631578e+00
1.989943233253065991e+00
1.867952383769776237e+00
1.471737680643438129e+00
1.459572926498918566e+00
1.197844886437865242e+00
1.466486905094914528e+00
1.319620367381069137e+00
1.496290674289077804e+00
1.530914453267361752e+00
1.341058350662823084e+00
1.364295933333026900e+00
1.437422973756704581e+00
1.472894264719217583e+00
1.248537703981406510e+00
1.398637321830900948e+00
1.232465211144245565e+00
1.252810645617437491e+00
1.210402411479326368e+00
1.415098822587534055e+00
1.437107287533260669e+00
1.568543352207796948e+00
1.685746710112728586e+00
2.398203474771205546e+00
2.275907462146341764e+00
2.244785173389840072e+00
2.108904393488160611e+00
1.804709054976672888e+00
1.823204603006172153e+00
1.811100859970904642e+00
1.644513109505031601e+00
2.068696128380544064e+00
2.410715731557893093e+00
2.077147447292543969e+00
2.213609324904640463e+00
2.087171650836876058e+00
1.782036432500369472e+00
1.540099727524767426e+00
1.783716631695377863e+00
1.983698696557839813e+00
1.454929265558876139e+00
1.634344711383368010e+00
1.607404721692942351e+00
1.781569463673934983e+00
1.999177391826466366e+00
1.544710999614908875e+00
1.694495002744885515e+00
1.454348452667646674e+00
1.631633232734022831e+00
1.688772136967949811e+00
1.580698207754845708e+00
1.825687338277316885e+00
1.599223926044553323e+00
1.726852376340579198e+00
1.527925669898322125e+00
1.483655355373120877e+00
1.502139297143546326e+00
1.447022990451205970e+00
1.536993136764818857e+00
2.002149918276933338e+00
1.789638577655682017e+00
1.425463648142336837e+00
1.539341528819768934e+00
1.529906525494625580e+00
1.266897369499165649e+00
1.241711260970527642e+00
1.856045746954045228e+00
1.829944881313918970e+00
1.391785827296496247e+00
1.681478377339024055e+00
1.535287743979298014e+00
1.399902397224346284e+00
1.406602280657084370e+00
1.262125216101401826e+00
1.336746001682438623e+00
1.749309625721093830e+00
1.473483045520514789e+00
1.285712609173772947e+00
1.384685586175909311e+00
1.329722736840219577e+00
1.650778422065035889e+00
1.400394044533561200e+00
1.307281887386760211e+00
1.380673675162808145e+00
1.573721784796707990e+00
1.732812679009377632e+00
1.941436142108370566e+00
1.783601124336945620e+00
1.395261456260613819e+00
1.737964231295505257e+00
1.824010331422732056e+00
2.051444704264082652e+00
2.095168214067906209e+00
2.432548341242002365e+00
2.563887508723661668e+00
2.235501433987724162e+00
2.341275343578710810e+00
1.974412506234651365e+00
2.085389731724046847e+00
1.642744046328028062e+00
1.781778817980784968e+00
1.942373837204053544e+00
1.677169614990636326e+00
1.843983237256953789e+00
1.995376640522680489e+00
1.963304943317391249e+00
2.065222441615904181e+00
1.398627223534253394e+00
1.553151318277533610e+00
1.850199266220661887e+00
1.733653482116522815e+00
1.472193673329796670e+00
1.337418758917971129e+00
1.124220007578476510e+00
1.213078382302145375e+00
1.795952184004139696e+00
1.898109084322215256e+00
1.911444903697486986e+00
2.003496152294914623e+00
2.062621479200202668e+00
1.640563095436426755e+00
1.872708113556533993e+00
1.753845375487910418e+00
2.034377715972978784e+00
1.848835301155483668e+00
1.994661798706809819e+00
1.710471654650811191e+00
1.634276661190819047e+00
1.354812547884362894e+00
1.262863792228500426e+00
1.442919098291731927e+00
1.475962400435573363e+00
1.777640860698610270e+00
2.359139490913374271e+00
2.391559567151013255e+00
2.209460240489196536e+00
2.174708307490209602e+00
2.022199639788661241e+00
2.022601342817741621e+00
2.086082764929421351e+00
2.107852915283833006e+00
2.289556055163078696e+00
2.085392492524767771e+00
2.270126076950246041e+00
1.899743477841154160e+00
1.991849973110061844e+00
1.989402863119136278e+00
2.132745933083265655e+00
2.331858810315137642e+00
1.883414674092470875e+00
2.213041006610607209e+00
1.991341650429395260e+00
2.119290442282693032e+00
2.251579979397488440e+00
2.193653790380631019e+00
2.044665084915416653e+00
1.975603972977148182e+00
1.836652801945769298e+00
1.875201587253102931e+00
2.036624785284119721e+00
2.053387438366985673e+00
2.175200324788505224e+00
2.218094684782939918e+00
2.019268649729763609e+00
2.442967801734337030e+00
2.322443833444675310e+00
2.258028514212456095e+00
2.298168692778800093e+00
1.505478638844735428e+00
1.837531963018726788e+00
1.991719826118920622e+00
1.954362695822901230e+00
2.115434074418795163e+00
1.967339215831448884e+00
1.697615207222185507e+00
1.781338705164565717e+00
1.785463736240394006e+00
1.780014221758936976e+00
2.149004845648383455e+00
2.106644406339643893e+00
1.954228576030734077e+00
1.472812951739889353e+00
1.617656486057624576e+00
1.717642357233361672e+00
1.317803169752615355e+00
1.462949441037264764e+00
1.645088059967724448e+00
1.382541763923638145e+00
1.457894876589731492e+00
1.262100262091432334e+00
1.342300427524253159e+00
1.280527774243626071e+00
1.301880369598450438e+00
1.641429686084904693e+00
1.808279066546695013e+00
2.040295662141296429e+00
1.728212848428602788e+00
2.088355445531020038e+00
1.989858695224970830e+00
1.608700030131392955e+00
1.911770206281979689e+00
2.332310566146648778e+00
1.988683844468273954e+00
1.553950993775720990e+00
1.949297374755503132e+00
1.533175231711811248e+00
1.500119823229439042e+00
1.798974828574589013e+00
1.950393352783434953e+00
1.818661330442800095e+00
1.841071368325448265e+00
1.492710368365035123e+00
1.988022897661501309e+00
1.591656779566945401e+00
1.968964005784490601e+00
1.883068422389474250e+00
1.732586139864271901e+00
1.642868095832501929e+00
1.690295019053505543e+00
1.692623088626885819e+00
1.787480109562119113e+00
2.038152233274893810e+00
1.866743561984164579e+00
1.756765276340014781e+00
1.985842200886764886e+00
1.796348197260058344e+00
1.670762470642499053e+00
1.864118105383326895e+00
1.528042345547691028e+00
1.307355999880503550e+00
1.228988011061117769e+00
1.299489458195575153e+00
1.498649319146347469e+00
1.762547557524256181e+00
1.690089459972461627e+00
1.782499643284988666e+00
1.536919136894473237e+00
1.780929643988413691e+00
1.819281715985778369e+00
1.951998104635199738e+00
1.828626504471661640e+00
1.703012058689000519e+00
1.837398846374392880e+00
1.493085260630264255e+00
1.301589952822467922e+00
1.362794580467682426e+00
1.571340277638869187e+00
1.422965529028586973e+00
1.504633845188223296e+00
1.446006871036393582e+00
1.511100100795948364e+00
2.281810807961675902e+00
2.097794278232737675e+00
2.023618200187779603e+00
1.802045242966184180e+00
1.593636891598471550e+00
1.591913238861984103e+00
1.704043858294713054e+00
1.738909251326197669e+00
1.806770365496042974e+00
1.901791205483432279e+00
1.861639071537833034e+00
1.892698049858788201e+00
2.103920858612931877e+00
1.983308055072503073e+00
2.410079578300575509e+00
2.328232203429662306e+00
2.339160803884424489e+00
2.201096457106176185e+00
2.360724152816871424e+00
2.580036675542043412e+00
2.656972188524871825e+00
1.953394752767445786e+00
1.971676518205165429e+00
2.010557160102150132e+00
1.830561627146530146e+00
1.167735264938980944e+00
1.111690443064706546e+00
1.333071322945017290e+00
1.422728476613696280e+00
1.592392577716970514e+00
1.238678508146871859e+00
1.360660317724510016e+00
1.410429761422621109e+00
1.408880065324944697e+00
1.225823961151137453e+00
1.729767215166400973e+00
1.968455012677683857e+00
1.950627733365043914e+00
2.009211788427999412e+00
2.201695437085269269e+00
2.440927048564191182e+00
2.454198772889450542e+00
2.037698653139132787e+00
2.425647691399769545e+00
2.173065463597187996e+00
2.168624235533488154e+00
1.754115638789055298e+00
2.204437261492763866e+00
2.562442507424845139e+00
2.131162032108667059e+00
1.920363511687270819e+00
1.809388970915952299e+00
1.862336458892685620e+00
2.276601526804007847e+00
1.970887583722769065e+00
1.937194556378280197e+00
1.470471607704624928e+00
1.564557248804876233e+00
1.564459033897436013e+00
1.502237817513020879e+00
1.859665637118445680e+00
2.009984230738691036e+00
1.887221543674001856e+00
1.877746573258413321e+00
1.862208729441828359e+00
1.878530848853690038e+00
1.518859500250876460e+00
1.636113612452934518e+00
1.564350773575690967e+00
1.674382722351661634e+00
1.698858314184066742e+00
1.752436466305779206e+00
1.877011627758733203e+00
1.580556142473518166e+00
2.037175964533868733e+00
2.130561554637217636e+00
1.978268796082508718e+00
1.852767208672986943e+00
2.135750841114853138e+00
1.973488402826155896e+00
1.882100947668794211e+00
1.734196701447036082e+00
1.779381951535563999e+00
1.888104846698663186e+00
1.831148117275524845e+00
1.971917373568557785e+00
1.699003573523418353e+00
1.708304734723737894e+00
1.929575017664175496e+00
2.230069135007997971e+00
1.848449695104652513e+00
1.736670028173881164e+00
1.950601949930777401e+00
2.076717254914735911e+00
2.280965192793824592e+00
1.652123738671736675e+00
1.716088037699164737e+00
1.572263044863447590e+00
1.937705794042676288e+00
1.959312648343094043e+00
2.013335183108072357e+00
2.348872474179302117e+00
2.266238508638190652e+00
2.011199197278291440e+00
2.320647343267267626e+00
2.345688758589522749e+00
1.867869511569974605e+00
1.688596427384252641e+00
1.604450177753848905e+00
1.679197093190967216e+00
1.570578218469295795e+00
1.804378822653990744e+00
1.749732233601965392e+00
1.727837668664900184e+00
1.578239944138699169e+00
1.129529532950111159e+00
1.624591846855361510e+00
1.677268230303383678e+00
1.828694859560507924e+00
1.952265367247586703e+00
1.522568962873194653e+00
1.874858105234608718e+00
1.946119432724870979e+00
1.773832940736768116e+00
1.296169649789866263e+00
1.575702324359947948e+00
1.535932843530293024e+00
1.864645282384735925e+00
1.661565856816584308e+00
1.573267498584877133e+00
1.733512089358565822e+00
1.424829876950428620e+00
1.486673685972278225e+00
1.437801180059321782e+00
1.569866339976001113e+00
1.209250339774347482e+00
1.372654959534076458e+00
1.503757412794167969e+00
1.397896576834079418e+00
1.339304604376590824e+00
1.496516217039076002e+00
1.481959656572832129e+00
1.490246067544845898e+00
1.347574401042674008e+00
1.635416838616098323e+00
1.546661850551964035e+00
1.684467724380091402e+00
1.646111862731759690e+00
1.825004439469798179e+00
1.767761271807638312e+00
1.949391953112682874e+00
1.852530672753425867e+00
2.101338828939611769e+00
1.865667483137595672e+00
2.246060136542176178e+00
2.164162017037939645e+00
1.996256799589115616e+00
1.702613931576687056e+00
1.783733309338042972e+00
1.625081873301335467e+00
1.679050564454740879e+00
1.960226197146554883e+00
1.959548081256686558e+00
2.083929939932958941e+00
1.872531672488639831e+00
1.668280819591138275e+00
1.879214726358573007e+00
1.538090525216898818e+00
1.567686223652868804e+00
1.674839723418505066e+00
2.275762023644775756e+00
2.156422675553649082e+00
1.914697092961449076e+00
1.646191356507311854e+00
1.261731289331862627e+00
1.545533019665122243e+00
1.469251478728045068e+00
1.251275849577878629e+00
1.472592532164627155e+00
1.596069961158594008e+00
1.551778307442157612e+00
1.837067805913884078e+00
1.699062701451345525e+00
1.952264422588426473e+00
1.874678264118675663e+00
1.908199072111123051e+00
1.901392139202553011e+00
1.909551980737615784e+00
1.882373964801850708e+00
2.251722697231474779e+00
1.756685278949366324e+00
1.800090474947290575e+00
1.508920138695586166e+00
1.948987827994826949e+00
2.106399407592748130e+00
2.170507770082851895e+00
2.223305469820691993e+00
2.249749499159538146e+00
2.271884026798193457e+00
2.469397813656863505e+00
2.461227507333992648e+00
2.518765397568014208e+00
2.061128631579018045e+00
2.202569169999297749e+00
2.298389480942915952e+00
1.933091207288917035e+00
1.551709349820728834e+00
1.777049533938651393e+00
1.533796186967457453e+00
1.316257346724680533e+00
1.098395384652133933e+00
1.359518575256965622e+00
1.680421202836153372e+00
1.864633967134730730e+00
1.766982486305136435e+00
1.995123078266943795e+00
1.870941378981437087e+00
2.720573030350481147e+00
2.554481406822906031e+00
2.050080869065832534e+00
2.135219819368207261e+00
2.300228869848630175e+00
2.227908022626280626e+00
2.370313885839172130e+00
2.173500715816773177e+00
2.430489423492002476e+00
2.266410268178087328e+00
2.171824134503741899e+00
1.755016605260385276e+00
2.140951198443580950e+00
1.807280981224989702e+00
1.884025933362669880e+00
1.780847982389469841e+00
2.075233410346507323e+00
2.303710339055184075e+00
2.333349241250878947e+00
2.061730708150667724e+00
1.760450346982072922e+00
2.150388006349234882e+00
2.089489029855067237e+00
1.904489172530522190e+00
1.413448292381361604e+00
1.765562617295609149e+00
1.800320826882106040e+00
1.953385824832559514e+00
1.925048441949499534e+00
1.961429566511871059e+00
1.513281399717807396e+00
1.736313020065497259e+00
1.722246313376875726e+00
1.733477343430595896e+00
1.573124933049040219e+00
1.547463737527311922e+00
1.813061240391157014e+00
1.653448785024991041e+00
1.384516534717924907e+00
1.440431607051739782e+00
1.399199560766970496e+00
1.632941531607842833e+00
1.416016023783005062e+00
1.517859790040475998e+00
1.406989177982447492e+00
1.688298683530573330e+00
1.750662615441086478e+00
1.843876507846274437e+00
1.764763235655942397e+00
1.627940810970018193e+00
1.439609298311461671e+00
1.441039895805637627e+00
1.396400086257179041e+00
1.646666431914701079e+00
1.416695314002963446e+00
1.588698206522057177e+00
1.870509002721880920e+00
1.639688377449227019e+00
1.466489132054991096e+00
1.528234137263394521e+00
1.453362572533857699e+00
1.325130481332303933e+00
1.595313778084782141e+00
1.575971907727927057e+00
1.611899079808512658e+00
1.912394498721783354e+00
1.574731230856396103e+00
1.654177243872079206e+00
1.502751575710542076e+00
1.883937114900662735e+00
1.750348129757455684e+00
2.251430930787850393e+00
1.866374759517859916e+00
2.074674662769123490e+00
1.943412942234103769e+00
2.062821994017806304e+00
1.668058413858148015e+00
1.813355445223141960e+00
1.983740446917320543e+00
1.906564850992017446e+00
1.402861390934336372e+00
1.289833831513736317e+00
1.647235735749376317e+00
1.331215546840676112e+00
1.231484217804741377e+00
1.471487215206233490e+00
1.474084349791115134e+00
1.310201059521791001e+00
1.455806722433237166e+00
1.314433879864140398e+00
1.547875274693458314e+00
1.263243326906960506e+00
1.633658882308951066e+00
1.333102145432088381e+00
1.346362087587074985e+00
1.478882653255632285e+00
1.667870773175843979e+00
1.329923534269300767e+00
1.382770593104027945e+00
1.360894402743964005e+00
1.410923802708200947e+00
1.293053120484950247e+00
1.460524907875325074e+00
1.209376775173766738e+00
1.321281638679646653e+00
1.479409874622152454e+00
1.611533930657676583e+00
1.740703575952472937e+00
1.553344473991707275e+00
1.650462612400372286e+00
2.128269115803263389e+00
2.100901225899673985e+00
1.833704975531967651e+00
1.389743530526407866e+00
1.707462744441379243e+00
1.480208167642899975e+00
1.604425757665661978e+00
1.653343447842345215e+00
1.747777874220727945e+00
1.629233776169832115e+00
1.632158473325376891e+00
1.571247952820320037e+00
1.555312288044823354e+00
1.345983424513459870e+00
1.432608307500455647e+00
1.605397855706916621e+00
1.743747934467891447e+00
2.021400519178678135e+00
1.887589803673843436e+00
1.892990833453015886e+00
1.582835856208911984e+00
1.796268467551640491e+00
1.473666048163051245e+00
1.331016246941531644e+00
1.363248899087349031e+00
1.722312669124073992e+00
1.781523834464532108e+00
1.831877005257659397e+00
1.914956398573065322e+00
1.728853417569410134e+00
1.564907606349760005e+00
1.805997588005403776e+00
1.855641572562231723e+00
2.274289587383208744e+00
2.339211388389313306e+00
2.199066940674018866e+00
2.318545952602663274e+00
2.151055196466594044e+00
2.031811086699524704e+00
2.496624943400929109e+00
2.564222522376767621e+00
2.358893858213987116e+00
2.101697418806612205e+00
1.815848925406015724e+00
1.892695148154495799e+00
2.057707411765821615e+00
2.212371063129149107e+00
1.679239726659250032e+00
1.658547132780339384e+00
1.903765800626428417e+00
1.671252119729213170e+00
1.804182502714704484e+00
1.748311830683583201e+00
1.539603508271250476e+00
1.683453039191750822e+00
1.958612064452898371e+00
1.776648963302077888e+00
2.045777544864842312e+00
2.192795280496972143e+00
1.874997431212642729e+00
1.701936592777739454e+00
1.527435212982859003e+00
1.671354940640328302e+00
1.538823930522964734e+00
1.554903024301747871e+00
1.569181252467957366e+00
1.693470502511206011e+00
2.176298057658965224e+00
1.998720997612863703e+00
1.642877042710781055e+00
1.964773067334605772e+00
2.060254143115115344e+00
2.206969916722028469e+00
1.905459558332414094e+00
1.890865323927073849e+00
1.784222115431030709e+00
1.954790765862845392e+00
2.238776792038146279e+00
2.113119658133981726e+00
2.109088483846407236e+00
2.129770319560508440e+00
1.785997180502173043e+00
1.452852374221659693e+00
1.517734496623740714e+00
1.949933673350721541e+00
1.850811127233750186e+00
1.646465593420524121e+00
1.644009684077559541e+00
1.761998733271613604e+00
1.724314571215534775e+00
1.540905613091490878e+00
1.592056085309939473e+00
1.609342242337262086e+00
2.124874744892836897e+00
2.235051855474133209e+00
1.838386670853221050e+00
1.955755573888264598e+00
1.839373278802037381e+00
1.991566499201279150e+00
1.885743176365201057e+00
1.674731332342213719e+00
1.827047157119983112e+00
1.945916240341910353e+00
1.991564816300679386e+00
1.925573403954817353e+00
1.821894991759445803e+00
1.717497048722212760e+00
2.020260881742041548e+00
1.517128682347052893e+00
1.383960845039587717e+00
1.828293861813021115e+00
1.663459612974590884e+00
1.618687535625999319e+00
1.574071800630378881e+00
1.465201405555964564e+00
2.075554462008347922e+00
1.970552262902348861e+00
2.250393564197327390e+00
1.750897075124788094e+00
1.558189701593168719e+00
1.835646295946508078e+00
1.992850623795948017e+00
1.612903122058590544e+00
1.486654016191142347e+00
1.361327484559401890e+00
1.127429151277181907e+00
1.241340765407788149e+00
1.341836082133336827e+00
1.448109934244046215e+00
1.570622166036159895e+00
1.657158332050913119e+00
2.026814592576199114e+00
1.784490501399710993e+00
1.577415859065386172e+00
1.312198355581649878e+00
1.307074154596551629e+00
1.248255125272380139e+00
1.193269998143195343e+00
1.318474190037020710e+00
1.570982777507923700e+00
1.442565652057641756e+00
1.327199805935380672e+00
1.556007244781418386e+00
1.342250931857893015e+00
1.515079444359895167e+00
1.242627657413543751e+00
1.377732445605085454e+00
1.372917150890207161e+00
1.304561802734887976e+00
1.477210571063140465e+00
1.886130542267904664e+00
2.127749844310959482e+00
2.076406967826280869e+00
2.097460278915770360e+00
1.997825344665075109e+00
2.522448685671186741e+00
2.371920607383003254e+00
2.243262399491975145e+00
2.447420552746857325e+00
2.288996035843099186e+00
2.219570022498426720e+00
2.088540594635624803e+00
1.663293860161852766e+00
1.726989310233838282e+00
1.503452546750629892e+00
1.776695050182958147e+00
1.819841944903434872e+00
1.656381048888289520e+00
1.574178356042008398e+00
1.552385738967220874e+00
1.633034974328748890e+00
1.338353466653105617e+00
1.392312587662572154e+00
1.393834315085388020e+00
1.459996315673304457e+00
1.436900970396238542e+00
1.531108924979106334e+00
1.392902118013667367e+00
1.815361999544287119e+00
2.137537713573972376e+00
2.153188567727227998e+00
2.096192093352673425e+00
1.603254905271916275e+00
1.920803532325602747e+00
1.785312631362244717e+00
1.861672799855984550e+00
1.538438327669544581e+00
1.500776484192846816e+00
1.425299395611328235e+00
1.488085211607485192e+00
1.359740266967704114e+00
1.506434486606115897e+00
1.444754934023967596e+00
1.426501589792510627e+00
1.383510053764582359e+00
1.251069706723986652e+00
1.551632409354988695e+00
1.270644497963062669e+00
1.472543948572167194e+00
1.567317721447089696e+00
1.495091537154485728e+00
1.528121393197092281e+00
1.526529079758909946e+00
1.711459703803202004e+00
1.500125089018077063e+00
1.303026889469140137e+00
1.509570301673939019e+00
1.455325960154594700e+00
1.265312591913727358e+00
1.158361169627081466e+00
1.384659730257429722e+00
1.535008084650882010e+00
1.584478100969413994e+00
1.599559716284882249e+00
1.924663776218488609e+00
1.986691457173983544e+00
2.199056857584102076e+00
1.558649845789915833e+00
1.221514807118532886e+00
1.725816503257075141e+00
1.464526820881207669e+00
1.259953013809047784e+00
1.095569596418299207e+00
1.010823230017739105e+00
9.890046733153875502e-01
1.225161101631164096e+00
1.160186460837674627e+00
1.416573518964696854e+00
1.529300264031958401e+00
1.937184890658276037e+00
1.426912402880258890e+00
1.562592834886290083e+00
1.729728506292822487e+00
1.759703272315705114e+00
1.456119982389729284e+00
1.430315680826229618e+00
1.407776211849405934e+00
1.617530197878312537e+00
1.294593960239325492e+00
1.846631513166114402e+00
1.868208329766586351e+00
2.013610697375284975e+00
1.903749046835915948e+00
2.283954502274476273e+00
1.831583513217110992e+00
1.732776541439381424e+00
1.595708924299286124e+00
1.848024175714509942e+00
1.721172734694122575e+00
1.546743766808482023e+00
1.862838430393907618e+00
1.665636403683829814e+00
1.862922130400949783e+00
1.998341256792123488e+00
2.351761779429406118e+00
1.982320867219966365e+00
2.082737381642831398e+00
2.459565604641255732e+00
2.063264671357269986e+00
2.222130071557681941e+00
2.044785509757684139e+00
1.547286648118930907e+00
1.528214672687787212e+00
1.333365034997121334e+00
1.224624374984825792e+00
1.611295539894154416e+00
1.742342467520420657e+00
1.902625805830519212e+00
1.996505909255202660e+00
2.120737179692725238e+00
2.264283725977336292e+00
2.374671272803486222e+00
2.554610100889784796e+00
2.199121195904657267e+00
1.953480655374849606e+00
2.165446118446908041e+00
2.103896486850712400e+00
1.670156818158107459e+00
1.744173578094966759e+00
1.827285241821247741e+00
1.963341560254214357e+00
1.727463365335360379e+00
1.969026059927222683e+00
1.777970794333252336e+00
1.941294576938137784e+00
1.944269486599635499e+00
1.584595147168065488e+00
1.555650568086976104e+00
2.193964078446806631e+00
2.139655831714660561e+00
2.151213099412189411e+00
2.457073649837560936e+00
2.629514018860228841e+00
2.211606554545775705e+00
2.189001255931914525e+00
1.944646128446731570e+00
1.425292842086130385e+00
1.379091186892431153e+00
1.396720715144742719e+00
1.386989108086959632e+00
1.462001927363646425e+00
1.700216297871530280e+00
1.253969422751380458e+00
1.673478788144946883e+00
1.597568363260674751e+00
1.316153527386592081e+00
1.282115649058300555e+00
1.246602440978328730e+00
1.410618127080952799e+00
1.761537375215226575e+00
1.794706724978061718e+00
2.009881906568106391e+00
2.039389241934672636e+00
2.334100215580575011e+00
2.159672270055332355e+00
2.048345824166783569e+00
1.941568020048241694e+00
1.716132662602180892e+00
1.684625629602195751e+00
1.581209535168376590e+00
1.362672886517782178e+00
1.274955844565964558e+00
1.495385566405458277e+00
1.635516816595060208e+00
2.080051530900583590e+00
1.846107861292236807e+00
1.611041089871748655e+00
1.572544728348028720e+00
1.505560972639438555e+00
1.563019740755073439e+00
1.695788120587867542e+00
1.779510172041412375e+00
1.951729089657477489e+00
1.365008901791530338e+00
1.382697691704188214e+00
1.376265114080887919e+00
1.432965477615520733e+00
1.304528135632761821e+00
1.313573501926323495e+00
1.454752674161477355e+00
1.305515571981197720e+00
1.334550583842820659e+00
1.698647532577430397e+00
1.653815027629445655e+00
1.763067971144332891e+00
2.005537179553684268e+00
1.600240486022737940e+00
1.489533038785622709e+00
1.840512430433061120e+00
1.841628774657665835e+00
1.568820688362500881e+00
2.026029280023818213e+00
1.739588301469312315e+00
2.170179997519863679e+00
1.908395823402848412e+00
1.725742328567503314e+00
1.538049073939533828e+00
1.635718188368926240e+00
1.511756796921186474e+00
1.347066732117944365e+00
1.481750769002354362e+00
1.600702180267957964e+00
2.134954877464563694e+00
1.790463172583065088e+00
1.760062806539233637e+00
1.646520350792154863e+00
1.446757501238812305e+00
1.500261810193711964e+00
1.693366714392491534e+00
1.709526206391097647e+00
1.584442382928516579e+00
1.597042858880288740e+00
1.446691710655412688e+00
1.563633226317955538e+00
1.354913986910593948e+00
2.010004755337639448e+00
1.316879776629662491e+00
1.551255308561002799e+00
1.659831737063890644e+00
2.004204152661909877e+00
1.653190507303918366e+00
1.341745627657295437e+00
1.670848395610854631e+00
1.842867703913632971e+00
2.049546044645017773e+00
1.979857185327941416e+00
1.943606539259985944e+00
1.812220545713820741e+00
2.306519754376251896e+00
1.896424675314561048e+00
1.666346977872464663e+00
1.618707106765375547e+00
1.850046945167272527e+00
1.765791776578984784e+00
1.824017008107445825e+00
1.621073214968367981e+00
1.973805556373214642e+00
2.306564913553527330e+00
2.477964983617197081e+00
2.576769964500202015e+00
2.491004250994735880e+00
2.245858800690737844e+00
1.834489112828559643e+00
1.771414163162805755e+00
1.723395295517702541e+00
1.840534441719325676e+00
1.689857902661153322e+00
1.650409234291875693e+00
1.425143266795633856e+00
1.394561815114018888e+00
1.291725205674478794e+00
1.478476906188077145e+00
1.436482254537476466e+00
1.837671548592956006e+00
1.691688488898886567e+00
1.758962206089360159e+00
1.847355444755491849e+00
1.691195516458957826e+00
1.692354314972709162e+00
1.711009939154377379e+00
1.846482823118029692e+00
1.849651181433157987e+00
2.254123551761688216e+00
2.309628499746011254e+00
2.112099119836349903e+00
1.694538614280489019e+00
1.405252840386815194e+00
1.358030741973149214e+00
1.286441654732876971e+00
1.382397390638391954e+00
1.347841531102662360e+00
1.373244016667035439e+00
1.540561184628794322e+00
1.953847385363743250e+00
2.543581955734993461e+00
2.408820621448291899e+00
2.301512639333175070e+00
1.843210258587298034e+00
1.855793359464770420e+00
1.697081791795879147e+00
1.433829942671473567e+00
1.512650951053640780e+00
1.526493945893656390e+00
1.381615219497891012e+00
1.471821264291585329e+00
1.513945481404842974e+00
1.793591365991810793e+00
1.409060275177672406e+00
1.422514005989001573e+00
1.844402679458589267e+00
1.496243229427366650e+00
1.565153494305312698e+00
1.722524234832379708e+00
1.747518890527400615e+00
1.625965457717333029e+00
1.731142367978117269e+00
1.700962650324432390e+00
1.624045791517993997e+00
1.580210020862171438e+00
1.381218515798021684e+00
1.714040793127197704e+00
1.704420753133643718e+00
1.393906178698659959e+00
1.704484369254687159e+00
1.446042541812810889e+00
1.349706654836035469e+00
1.682556345282958610e+00
1.647532291663204917e+00
1.630721613454594987e+00
1.837228385768746808e+00
1.674802995471450062e+00
1.597986365620975846e+00
1.411237226994567440e+00
1.271926204869761046e+00
1.686197948011808778e+00
1.435518764449215112e+00
1.878675842657966832e+00
1.661346038611184017e+00
1.623165251256117436e+00
1.304106236066828961e+00
1.368011956159028708e+00
1.240288750505603943e+00
1.209255566499394474e+00
1.341106404135453900e+00
1.405842012897522864e+00
1.274580487587850808e+00
1.395291694687702977e+00
1.524377611128998611e+00
1.521269371752588917e+00
1.309801323527696626e+00
1.140265040814990138e+00
1.209187319244859227e+00
1.451817790063540059e+00
1.398344854479229626e+00
1.326552016316733695e+00
1.780000310846572065e+00
1.744299240504349591e+00
1.443041796417572353e+00
1.646200077653806382e+00
1.795340727177535234e+00
1.948067516518683595e+00
2.176138638462184804e+00
2.425003154744150180e+00
2.588881239157003300e+00
2.086565683825983175e+00
2.021294038174206609e+00
2.012779156113735812e+00
1.785673216251539630e+00
1.787116657626422356e+00
2.026497045359266558e+00
2.136946383576827646e+00
2.534506125946865751e+00
2.237951977771202472e+00
2.251816952579588804e+00
2.009187187694859489e+00
1.466201229227320324e+00
1.667477982599627317e+00
1.601270154386055244e+00
1.662522534920993555e+00
1.978020884989982964e+00
1.696967439333818106e+00
1.859730744081210307e+00
2.146474724613034901e+00
2.077549513032133977e+00
2.265306203435706323e+00
2.094799485599397215e+00
1.708390630853923176e+00
1.768079560014129248e+00
1.823868190036927572e+00
1.748879875171274634e+00
1.961080742005706590e+00
2.317667273956179219e+00
2.197719970571710757e+00
2.137617137780976950e+00
1.996497295393551141e+00
1.936360946404433570e+00
1.381463464435342736e+00
1.721166357255608403e+00
1.802595061648903485e+00
1.197374991212772244e+00
1.409802559049844639e+00
1.504983920113913687e+00
1.427486986485394072e+00
1.369221814560168005e+00
1.821125415082478050e+00
1.645469700666626345e+00
1.800670772958399501e+00
1.515836062283070884e+00
1.368428672152973702e+00
1.744989043118186700e+00
2.001949456918676873e+00
1.914103561616792737e+00
1.710299011734353503e+00
1.848816537956527117e+00
1.871820684430457904e+00
1.784511947826540101e+00
1.977962066658598861e+00
2.142884891762492305e+00
1.926868703441178443e+00
1.691279239055866412e+00
1.932101406868545368e+00
2.214726273097185949e+00
1.791156072230230212e+00
1.625612328640227977e+00
1.957082202120896675e+00
2.092884569494536606e+00
1.868205057978711281e+00
1.720583026106503155e+00
1.680780773903163272e+00
1.988288780106254094e+00
1.695456134980437346e+00
1.835759136315745499e+00
1.264396237247719768e+00
1.157704907128815908e+00
1.464249177241191191e+00
1.570479766829040003e+00
1.243405788685302049e+00
1.604698564874875277e+00
2.091958402337287026e+00
2.067433002850487256e+00
1.999558083742499992e+00
2.136692939867105512e+00
1.722485780837118785e+00
1.522214206696654415e+00
1.891811284446198504e+00
1.560669658937776649e+00
1.735044305840789169e+00
2.057595693825024608e+00
1.520710420513535777e+00
1.870810816314681491e+00
1.487792707425806160e+00
1.749824264663328410e+00
1.717701682625772719e+00
1.961480925060959724e+00
2.056149576143431190e+00
2.183357535036770880e+00
1.871074969393293763e+00
1.632017824505291870e+00
1.768500117287067130e+00
2.534940152306473848e+00
2.123600063132980775e+00
2.231708316235157863e+00
2.021874658314618323e+00
1.811508541627741442e+00
1.313905451149857573e+00
1.520191088322752293e+00
1.815057424652418039e+00
1.529073982510722907e+00
1.643549588037566567e+00
1.573871372057500606e+00
1.655900426031796435e+00
1.440684884007681799e+00
1.636739082433906534e+00
1.515103718693535884e+00
1.398567036152157161e+00
1.338411376248855200e+00
1.640090234790425150e+00
1.453758523305855199e+00
2.003824560834503554e+00
2.009213113690186070e+00
1.781104110957412834e+00
1.461160203612127617e+00
1.477844351371304210e+00
1.769777966169809647e+00
1.815762375785231475e+00
1.784128465762443660e+00
1.539606904697747636e+00
1.631565268154413051e+00
1.548841613936628780e+00
1.878492872348370701e+00
1.821201929944596287e+00
1.755185924147930399e+00
1.734014117904759011e+00
1.624859359766809064e+00
2.034674553963341737e+00
1.660710291081550993e+00
1.717132769578920914e+00
1.711598949894796551e+00
1.669081664008367216e+00
1.277659281326530838e+00
1.453727078407367257e+00
1.882965062071601414e+00
2.392845319025088902e+00
1.704734827925344476e+00
1.538984086186120370e+00
1.410312239004491985e+00
1.740195782449267980e+00
1.962770124215147183e+00
2.076092745579335208e+00
1.830104727252728214e+00
2.220161597465011738e+00
2.036338852520781284e+00
2.090695449624174529e+00
1.828353169160944480e+00
1.530939760215932033e+00
1.461291750443689308e+00
1.488713269825977736e+00
1.587277151319221646e+00
1.974628207964483906e+00
1.967488587060953753e+00
1.983477691486354111e+00
1.897757036412672793e+00
2.432164420553477591e+00
2.558100802391471973e+00
2.109674855299523699e+00
1.696813636856915553e+00
1.583556833295012289e+00
1.513440443242677347e+00
1.496999653555324938e+00
1.725206557942416286e+00
1.815209116945565970e+00
1.780554738581403784e+00
1.749774753971385710e+00
1.741211218727425125e+00
1.222677276357917675e+00
1.357779534459168103e+00
1.594389603513864717e+00
1.790388868567149849e+00
1.662953776851450405e+00
1.781730346504083018e+00
1.723358262496633264e+00
1.697452373474726217e+00
2.077433430418303306e+00
1.786078716178588710e+00
1.864432312580889040e+00
1.671275590976657233e+00
1.837080960235373928e+00
1.839395995490743507e+00
2.233971879823689388e+00
1.793277588038935777e+00
2.249130474675883118e+00
2.180678928933566851e+00
1.935834323635404530e+00
1.921208364458409923e+00
1.935114154754288496e+00
1.692469851070007358e+00
1.602835455017075139e+00
1.674970446565473559e+00
1.774274685080834191e+00
1.860125828719394026e+00
1.771845038988744570e+00
1.692468634686228546e+00
1.823933317875584770e+00
1.909612200356587408e+00
1.599806304864249462e+00
1.654688771556453775e+00
1.616789041241463609e+00
1.857616103614578851e+00
2.007374203946431290e+00
1.599880843372791794e+00
1.404747576848416557e+00
1.816047757999358359e+00
1.853607805364287486e+00
1.731010896012946221e+00
2.248813557854311806e+00
2.229431208042766510e+00
2.244902612529941166e+00
2.158286688037141854e+00
2.227268392920282114e+00
2.089548823782743092e+00
1.639372373404636818e+00
1.858379956060549176e+00
1.349121309019429837e+00
1.377257621917841623e+00
1.588047566620083950e+00
1.684455250891969902e+00
1.818447634234839461e+00
1.742756176708401217e+00
1.975706749010195384e+00
1.464013658547809626e+00
1.351077584710036916e+00
1.691319464938060513e+00
1.737524174469750937e+00
1.593964821048220237e+00
1.402327410088351156e+00
1.661013016614596216e+00
1.376703316050207127e+00
1.384756356350373530e+00
1.292897497059192435e+00
1.586935037833584028e+00
1.299553797616225026e+00
1.203270316691509301e+00
1.340100697961927212e+00
1.466440949308808861e+00
1.285043421798952590e+00
1.446610625893299584e+00
1.659720330314995440e+00
1.803159512008963850e+00
1.979911733507205174e+00
2.116570559231724769e+00
1.569636055185778645e+00
1.378595252209459332e+00
1.461632653725808861e+00
1.627127523846845891e+00
1.912309529068234815e+00
1.496990252062472715e+00
1.426528879939246375e+00
1.239374026310823274e+00
1.313843148860198262e+00
1.342967074710943010e+00
1.589177168312373434e+00
1.743843550375288487e+00
1.996929116215552469e+00
1.799802090720286518e+00
1.742750400520117537e+00
1.681406247868818316e+00
1.967179909945066640e+00
1.954136500064941107e+00
1.802397134757479868e+00
1.632996237391692862e+00
1.611416188626697776e+00
1.357795962282092539e+00
1.364846351057967144e+00
1.639504279267950837e+00
1.486166808474496115e+00
1.560912102702853410e+00
1.670240930095683751e+00
1.595702716464284521e+00
1.406327900769204442e+00
1.269341391250491391e+00
1.243371542479415170e+00
1.312810343604069674e+00
1.737077283390916271e+00
1.782326915999590256e+00
1.810379451509616544e+00
1.932552605978690385e+00
1.878262595259528211e+00
2.224762145684965553e+00
2.095228773331210270e+00
1.944240050521046870e+00
1.943924068723857479e+00
1.687785462578561990e+00
1.877206525995794850e+00
1.621528182874212520e+00
1.176709294887328339e+00
1.443288274622333445e+00
1.320931249204558400e+00
1.326426478030783063e+00
1.363910985078211846e+00
1.510827130717675493e+00
1.531090743478318972e+00
1.942626973320604522e+00
2.253611234543025255e+00
2.329152522543374459e+00
2.663082919562584472e+00
2.205101278203885684e+00
1.961554396998908434e+00
1.740641858726921232e+00
1.845205156799155422e+00
1.924877314217035895e+00
1.822769516883341545e+00
2.012576569484489042e+00
2.330813412615968083e+00
1.917004702099168956e+00
2.054830698592538862e+00
1.688179095332040580e+00
2.096126388032136134e+00
1.580760666175139439e+00
1.577624358136338278e+00
1.180184185062307378e+00
1.371368278102579330e+00
1.451019200258686359e+00
1.096151760515385654e+00
1.097437508202362189e+00
1.033102689860909917e+00
1.393950700755817174e+00
1.655167727316334991e+00
1.387710873367637543e+00
1.367800956883308716e+00
1.303588212374838573e+00
1.553067016245817111e+00
1.952256178810265030e+00
2.015090366058739146e+00
1.752209655823165235e+00
1.799515960807042125e+00
1.542326225570687992e+00
1.430879971014186847e+00
1.637071811267559074e+00
1.830498571165116717e+00
1.733670997201283814e+00
1.314091677842467831e+00
1.431244254734820309e+00
1.277079792618250442e+00
1.319723163281870670e+00
1.694323241569403837e+00
1.702770447400156817e+00
1.765972227451593213e+00
1.890052434687552241e+00
2.010889396309921473e+00
1.891584163994463497e+00
1.902482895000978891e+00
1.518767035013640632e+00
1.763473602396028683e+00
1.596007174514666893e+00
1.379282208255925291e+00
1.275668525394802133e+00
1.291096764299705990e+00
1.388193612522850673e+00
1.166387103936813219e+00
1.252040869397446743e+00
1.374330084879510361e+00
1.439856102752544054e+00
1.497807978202410295e+00
1.517858796672133082e+00
1.232160869240546575e+00
1.358194474218195280e+00
1.120492817114841833e+00
1.409115112137590886e+00
1.372178648225795827e+00
1.215618193437263406e+00
1.558257223145358417e+00
1.386379439000879232e+00
1.375717662061698876e+00
1.435327338423488586e+00
1.929719981077033353e+00
1.883176690356854976e+00
1.886960988955977303e+00
1.471889682412095057e+00
1.746090867599320973e+00
1.782977201789374577e+00
1.576756110860060289e+00
1.713127114939188012e+00
1.383620478964739720e+00
1.597547147080565555e+00
1.325741687404769387e+00
1.349459662634119983e+00
1.501603305188114801e+00
1.265433431195358338e+00
1.650256481978221945e+00
1.351920620216322977e+00
1.410079873373450532e+00
1.395799523294796174e+00
1.414266221924124878e+00
1.372696591376767250e+00
1.230905237988967782e+00
1.307672234269658063e+00
1.564988680241966801e+00
2.388317669292429724e+00
2.383872905798920083e+00
2.398348332527961979e+00
2.240500971034136590e+00
2.094151113804687103e+00
1.918765411835901880e+00
2.226491326627273004e+00
2.348757445973754798e+00
2.639732564343989285e+00
2.047484715969700275e+00
2.080641338383340422e+00
2.404462653024012297e+00
2.188847432096668211e+00
1.827541017623253161e+00
1.612507727332509466e+00
1.567252372529212678e+00
1.995572560245387095e+00
2.139055162870814097e+00
1.809198164291940358e+00
1.228160040371713890e+00
1.528788780061659747e+00
1.386794150747577170e+00
1.554611984900482913e+00
1.261537142559955083e+00
1.198276034525257883e+00
1.049338936016988688e+00
1.287121001887922223e+00
1.702128593808216905e+00
2.393579314489864274e+00
2.373200460622002517e+00
2.144501499462062810e+00
2.029768817679322268e+00
2.057759519879015730e+00
1.790283018575943075e+00
1.896121092223634896e+00
1.812973808682349475e+00
1.780004722863420374e+00
1.804954168328658959e+00
1.575275070946076994e+00
1.607351288804857337e+00
1.829876551568210274e+00
2.279882411042291057e+00
1.756085810986732554e+00
1.659440130445488215e+00
1.698940195953997589e+00
2.062240875929060024e+00
2.000598465690726080e+00
2.042249489217078828e+00
2.161602765818105620e+00
2.201580920239544437e+00
1.783300782022395614e+00
1.965480366326125994e+00
1.688969760102537965e+00
2.265172124449284841e+00
1.761782619868343502e+00
1.388838289921185298e+00
1.346793980657555956e+00
1.708851216169594345e+00
1.610832680197516797e+00
1.523123264046210679e+00
1.556275797343119605e+00
1.511183409286529944e+00
1.425497138938887742e+00
1.553562789524506771e+00
1.548975361721541599e+00
1.563142075837635980e+00
1.423090442550979162e+00
1.761226272679144333e+00
2.140451704354314089e+00
2.166404994204243373e+00
2.258600327641146155e+00
2.372133343178115084e+00
2.203689700954447162e+00
2.286297659968069329e+00
2.089449348775180404e+00
2.112525359708128825e+00
1.928976421500885330e+00
2.109599372880235801e+00
1.991853485194807094e+00
2.454214236558176054e+00
2.101152876226135113e+00
2.021330126451562403e+00
2.274545508952099393e+00
1.932156883654623236e+00
1.930344539199958964e+00
2.520740533366422564e+00
2.671069655248712760e+00
2.539244547717122380e+00
1.864027310080424549e+00
2.096945461104732900e+00
2.032556151323430704e+00
1.718764745485919621e+00
1.753211457071504942e+00
1.477151203810693758e+00
1.961230837865369558e+00
2.015133973756589647e+00
2.427122990188614438e+00
2.015880247590070784e+00
1.807501335821853239e+00
1.943639745054761780e+00
2.141097634545093165e+00
2.097102067607841569e+00
1.908730968742617495e+00
1.551088494308465293e+00
1.447953664163325938e+00
1.633806417360614605e+00
1.495929237388245348e+00
1.421678664583707841e+00
1.400575533914701465e+00
1.772569795863607967e+00
1.537886077003239205e+00
1.703643871248851971e+00
1.706939363657784092e+00
1.587941018770089752e+00
1.673723300818595439e+00
1.812013312478068627e+00
1.994446712292250456e+00
1.767451439255323109e+00
1.767076776144965500e+00
1.651547666188986518e+00
1.796303202426757117e+00
1.500847225188552514e+00
1.597792185659675956e+00
1.610724143437214373e+00
1.748116943946756541e+00
1.536041462791317924e+00
1.751502188441049768e+00
1.665678644383955076e+00
1.700980997980559906e+00
1.940902581640133739e+00
2.519009782676958409e+00
2.401563256003107050e+00
1.763594941506568148e+00
1.640841539066213883e+00
1.413363406617585305e+00
1.450324226537802907e+00
1.297378539422342936e+00
1.228352383897931999e+00
1.307369670776430848e+00
1.462326303317949217e+00
1.342791025102118452e+00
1.262698296269239240e+00
1.474716703732793066e+00
1.533908117575364383e+00
1.741158303925073314e+00
1.647077535408349336e+00
1.585142570901086678e+00
1.446482232154311820e+00
1.706423485022349418e+00
1.564711615474912332e+00
1.516493393067811724e+00
1.777242549386975901e+00
1.464448555406678842e+00
1.305319601402721297e+00
1.669786171060625435e+00
1.834364411677090523e+00
1.796791102766586157e+00
2.409130505779899956e+00
2.014065827377732543e+00
1.881107176195719433e+00
1.891410509236926885e+00
2.063331796595143430e+00
2.047511508172576988e+00
2.071859487107711395e+00
2.094814551676606129e+00
2.013367567610548470e+00
1.988067217202586834e+00
2.240471846127234379e+00
2.140722233632005977e+00
2.122200994676759045e+00
1.855233627840626731e+00
2.106587080267778411e+00
1.855910409394717853e+00
1.582734847926152932e+00
1.542295338264737747e+00
1.887848573726054191e+00
1.637064513303369440e+00
1.317452128189755545e+00
1.402146309540630353e+00
1.985846308362248624e+00
1.699817375298102951e+00
1.618362961051176940e+00
2.001642592108900498e+00
1.649100518361204637e+00
1.450375798239602387e+00
1.554748312597100002e+00
1.705452380727304318e+00
2.082674858631394788e+00
1.833549354142065102e+00
1.610815210587872137e+00
1.674441469370291591e+00
1.716719510849342045e+00
1.779831604053793148e+00
2.205484139845169000e+00
1.928256636275616387e+00
1.980872198280169361e+00
1.946763159290276324e+00
2.028342831888253261e+00
1.671066863116323908e+00
2.054906064859031822e+00
2.014635752354430931e+00
1.897375608004884029e+00
1.787653510804645185e+00
1.699078677836199480e+00
1.987548373178386285e+00
1.762016563880637099e+00
1.600212678081189388e+00
1.530194276906916118e+00
1.233689472940384224e+00
1.655298086990810491e+00
1.887702059513651554e+00
1.907809341797633396e+00
2.452695716985239027e+00
2.603775845040613213e+00
2.128322800387100866e+00
1.100423543053812514e+00
1.624665561165089533e+00
1.733288083765689214e+00
1.771411619738305632e+00
1.687145758675056673e+00
1.745049485494824415e+00
1.543772385505114197e+00
1.562649450352288971e+00
1.517928636408049536e+00
1.424003187356353450e+00
1.396812655888401311e+00
1.468972658248350660e+00
1.463875580281367883e+00
1.777712160245517259e+00
1.906150087572901386e+00
1.888715631998172384e+00
1.755727001620618566e+00
1.489724553445361366e+00
1.786721022538890757e+00
1.622368109548492088e+00
1.701238996663324343e+00
1.695496416496642400e+00
1.508648658887907112e+00
1.342667443860150023e+00
1.405691997999394260e+00
1.820681953183673762e+00
1.457958853495415763e+00
1.573757731792024384e+00
1.323720078947653089e+00
1.356661529948526290e+00
1.192899960164525597e+00
1.241073659853078714e+00
1.708483144055413128e+00
1.565410823380774197e+00
1.640227527202096525e+00
2.065250261376008645e+00
1.811442266093244546e+00
1.626471215935438863e+00
1.832552230582338737e+00
1.916052880068998654e+00
2.125258985832648495e+00
1.720464687112323476e+00
1.475691365024416335e+00
1.346132690620093442e+00
1.439714584221819971e+00
1.547437664794715229e+00
1.146589685608979670e+00
1.444830187406547006e+00
1.483158781592631037e+00
1.204344563038971749e+00
1.179919569560959669e+00
1.790781842105571897e+00
1.566582448255318338e+00
1.372778467956593085e+00
1.586823284812667545e+00
2.003844213777689287e+00
1.571864601809377149e+00
1.881938471874145424e+00
2.068656329537958083e+00
1.875799348576155712e+00
1.785132095093264759e+00
2.240597788104439658e+00
1.969518949179812850e+00
2.287874421914291467e+00
2.060757756527110018e+00
2.073394642270386612e+00
2.042076111990832388e+00
1.593737717882814930e+00
1.300462049818907895e+00
1.462348739497286498e+00
1.794856139412331020e+00
2.053558105733339634e+00
1.615545541263517793e+00
1.481200658961962180e+00
1.770613355423190871e+00
1.545240645507957700e+00
1.493845850341978476e+00
1.622432807058994619e+00
1.782919829754058272e+00
1.448349996067598067e+00
1.639586718969329615e+00
1.429552002690001711e+00
1.958229729842382527e+00
1.905720993249677697e+00
2.266770292887208438e+00
1.826421068600951436e+00
2.182075720013580966e+00
1.571643499867598770e+00
1.959795042119122588e+00
1.933752901136098545e+00
1.534008743552681464e+00
1.938453208534422600e+00
1.375617127369629156e+00
1.434944305410415843e+00
1.501745696418192999e+00
1.603240420919526121e+00
1.460490637184470586e+00
1.573283565984865628e+00
1.318676051874110300e+00
1.638016904932564577e+00
1.745971703534185071e+00
1.711471379042986074e+00
1.960902557679386593e+00
1.786487239256085546e+00
1.592059413741861995e+00
1.478483410619034766e+00
1.748411825320967061e+00
1.793004656284182152e+00
1.763439943383655617e+00
1.638124275005377717e+00
1.546707508003372311e+00
1.639846946190118393e+00
1.541083922762545244e+00
1.289272756983424584e+00
1.290565284562616100e+00
1.849532953412792002e+00
1.856739428425110638e+00
1.879434645914503044e+00
1.820766381333082995e+00
1.979420780013685821e+00
1.665434541546054747e+00
1.866416319344202934e+00
1.757467040051122753e+00
1.841243700825576646e+00
1.864439008260406982e+00
1.782973235215881136e+00
1.830521250811248057e+00
2.452939177046740582e+00
2.084272962003271612e+00
2.175342798263698363e+00
2.231738766599984825e+00
1.612055193413842735e+00
1.779116586099456443e+00
1.686848733994931848e+00
1.831195116084920471e+00
1.938994578856388928e+00
1.858603881412135950e+00
1.639815989255190676e+00
9.261714326696660615e-01
1.310388115986819590e+00
1.833562500380549354e+00
1.908540460893256796e+00
1.547234590863632908e+00
1.820577226899893208e+00
2.323645807608055947e+00
2.262870304100606855e+00
2.131739061435938165e+00
1.806015838605040891e+00
1.764863217317368616e+00
1.419618507935610063e+00
1.466976380373251176e+00
1.796520798549914977e+00
1.776845622526884050e+00
2.195394859108418029e+00
2.323488016824367897e+00
1.951531181663164194e+00
2.201512839908536190e+00
2.284240077497554200e+00
2.279959759010098619e+00
2.243631604701334048e+00
1.903138331153122698e+00
2.197684592841742113e+00
1.908183910763202817e+00
2.185149175073853645e+00
2.255610407498020997e+00
2.689622824566149983e+00
2.253546744013522840e+00
2.381387200787330016e+00
2.198108572883709311e+00
2.336182502242923231e+00
2.326958850530303824e+00
2.044799633381584325e+00
1.815198033986965997e+00
2.098045948447637254e+00
2.450653124104627878e+00
2.328063480049546108e+00
2.541228991660275494e+00
2.046823062032716134e+00
2.325469710907364096e+00
2.547737376520995856e+00
2.355203553715154108e+00
1.881450620577273858e+00
1.617571220363721585e+00
1.723607433431713076e+00
1.576839930611057650e+00
1.497382845277780650e+00
1.567446929851989745e+00
1.382997070964914865e+00
1.194385309369828452e+00
1.541802034238084040e+00
1.630092304264695757e+00
1.939726276748869882e+00
1.452529620558296042e+00
1.362848791020799588e+00
1.568025450977073465e+00
1.622263791596010307e+00
1.836235125954947422e+00
1.465417056684253483e+00
1.613948490129506030e+00
1.456562179248725997e+00
1.381580005597505378e+00
1.574426535964501106e+00
1.779515716764060507e+00
1.507255426889154926e+00
1.563150382394953741e+00
1.578344276830066173e+00
1.139431441472644302e+00
1.513199900232668815e+00
1.420168807346950501e+00
1.718941951722688266e+00
1.780183998898017483e+00
1.915569199557638491e+00
1.706491253155346888e+00
1.845243604692578643e+00
1.948836095967734883e+00
1.757469105808415311e+00
1.593979797568211065e+00
1.426102016613326029e+00
1.469654965664161539e+00
1.475718669977486464e+00
1.411844474357642598e+00
1.182433854354489888e+00
1.392590429868053592e+00
1.243300547613612528e+00
1.676165202442443602e+00
1.415390100430953924e+00
1.336787777353713125e+00
1.448071502598560434e+00
1.526313180173322070e+00
1.370531476021846995e+00
1.492487677985077532e+00
2.039820790303002340e+00
1.774191576160257799e+00
1.840048772591949877e+00
1.944479079876370697e+00
1.472238516273575826e+00
2.061288620615620903e+00
2.002528327701396105e+00
1.998522462879771311e+00
2.166176879673896494e+00
2.471451508209105530e+00
1.888796078325730932e+00
1.669965239408736979e+00
1.497988382268911067e+00
1.585857312696945520e+00
1.563380571833236088e+00
1.786673990561460590e+00
1.481817706955490088e+00
1.664810207029497224e+00
1.674441291624236161e+00
2.080542917689343962e+00
2.028094266682660685e+00
1.984384960952551680e+00
1.884920329585665577e+00
1.533395694496540784e+00
1.181112419719082984e+00
1.474347525132928549e+00
1.386143885818845511e+00
1.987616911171770084e+00
2.206262633972734477e+00
1.926751145702596535e+00
1.726830945024520503e+00
1.903652894822683850e+00
2.294225308031783594e+00
2.642480469188494219e+00
2.175409226222805525e+00
2.358629848257475903e+00
1.937889118133375277e+00
2.051595146278120563e+00
2.338029872988943492e+00
1.743759234401409230e+00
1.497472619887983747e+00
1.654532510866596695e+00
1.553651881449944039e+00
1.690029609984528891e+00
1.626532170745314421e+00
1.398927139576935375e+00
1.681205326719468651e+00
1.443334331029664241e+00
1.997525402018726970e+00
2.294606625419920221e+00
2.494908993957826837e+00
1.856934405285511680e+00
1.615491837828598065e+00
2.120617003427221814e+00
2.052395798477254729e+00
2.083321264254578420e+00
2.068845569562786757e+00
1.678026831223891513e+00
1.915973833624769362e+00
2.090238672413022858e+00
2.168452461693076483e+00
2.104579909573408347e+00
1.586567649025852456e+00
1.645181863178447834e+00
2.170587067789376601e+00
2.435433479551733171e+00
1.818721358923885978e+00
1.537218197248260587e+00
2.035805114245542669e+00
1.620193487267851395e+00
1.832232605304629836e+00
1.612180823502062488e+00
1.818631473063573756e+00
1.535215983315961097e+00
1.365945531206316454e+00
1.277458944986712197e+00
1.650268490291980861e+00
1.667599409413732747e+00
1.593360560908373413e+00
1.590695142446740373e+00
1.387710851598776163e+00
1.463745709003991591e+00
1.603655163656194649e+00
1.723098897079140546e+00
1.907296177271118554e+00
1.943672985293014577e+00
1.769919955476527251e+00
1.605815589838992530e+00
1.889188416390329195e+00
1.721356348643618972e+00
1.939035641957147504e+00
2.009371281213442550e+00
1.813100687372470876e+00
1.407760707234111397e+00
1.592716426596042067e+00
1.596233437502073915e+00
1.769743541367672979e+00
1.824075930829719416e+00
1.838960991968301206e+00
2.008027968648895545e+00
2.062582043765444961e+00
2.089621581433286135e+00
2.150100637773662893e+00
1.456564789888100009e+00
1.232765017540595753e+00
1.443694456892202771e+00
1.562854980990836085e+00
1.439207311377671772e+00
1.614166014395903792e+00
1.733062545775996943e+00
1.807062623774307042e+00
2.305202013894173341e+00
2.157327254121511384e+00
2.352816269624836032e+00
2.271217420243142104e+00
1.966032386544745325e+00
2.246829620546877404e+00
2.205624139539387407e+00
2.485166566503424601e+00
2.018643756194324013e+00
2.286945038666438723e+00
2.300976486605680105e+00
2.099397759369462602e+00
1.825493251828468999e+00
2.023428516695912283e+00
2.147644700185017630e+00
2.580967278715800894e+00
2.438624992353882526e+00
2.354146914402598600e+00
1.981895218671453796e+00
1.856176812904452023e+00
1.864465875735687561e+00
2.226884600002656089e+00
2.310263961308209435e+00
1.856911651859357804e+00
1.694318090426995882e+00
1.827935768443082587e+00
1.872120843069578600e+00
1.594112048453443675e+00
1.625749734448853179e+00
2.192829190137773665e+00
2.194974624052296708e+00
2.039973782712261041e+00
2.198587802585707518e+00
2.260630385687806942e+00
2.317385579769504655e+00
2.510424126677921919e+00
2.377042566165584958e+00
2.374316869838208444e+00
1.509203654721966936e+00
1.518400836294994782e+00
1.728016360552280917e+00
1.755434582428758716e+00
1.782782326730815159e+00
1.578513227751043191e+00
1.790483217824368145e+00
1.414838040286032550e+00
1.132106263758837050e+00
1.217150193254187718e+00
1.752966148579061745e+00
1.711403594430848107e+00
1.538721796936278752e+00
1.638984535652478147e+00
1.835879294479311419e+00
1.945798000860157195e+00
1.622025310359547223e+00
1.917615241186349184e+00
1.835097441237125926e+00
1.991153591316278781e+00
2.041611295644264246e+00
1.957478169724546468e+00
2.020160994903510865e+00
1.741784013712418089e+00
1.501678589099409766e+00
1.201709950496175239e+00
1.100975208135701822e+00
1.386104955077519518e+00
1.268385426183186837e+00
1.246964267379735869e+00
1.732166925290812065e+00
1.477628726401089443e+00
1.498518067558035849e+00
1.412046992283118252e+00
1.801555551948710976e+00
1.437826864022697437e+00
1.898539250018391300e+00
1.609471561768944570e+00
1.861092276132848555e+00
1.945585837323938749e+00
1.742632679927289097e+00
1.800457415023662522e+00
1.949351156121384099e+00
1.942296803110515002e+00
2.069261965068657894e+00
1.874009571870968616e+00
1.751721933243116203e+00
2.029697203188743249e+00
2.038655931707590074e+00
1.942219362751099299e+00
1.393603667881797570e+00
1.672629948947191414e+00
1.952049211455845867e+00
2.069562055363327158e+00
2.035247861153148818e+00
1.694710578851823302e+00
1.951435318535944097e+00
1.863424189746476500e+00
2.006051648714886060e+00
1.776392107896879624e+00
1.823263873812946745e+00
1.814606516904473610e+00
1.858073905379468815e+00
1.901676798551253489e+00
1.788608934806647177e+00
1.783344769900439220e+00
1.568304505302827501e+00
1.590087418708852951e+00
1.650371552461282310e+00
1.535397904770783750e+00
1.431438667878500937e+00
1.465498316368758047e+00
1.462352782419231945e+00
1.798186610346954373e+00
1.421566472551440086e+00
1.701528930770515480e+00
2.357047236079964581e+00
2.097469948444539600e+00
2.013023546409573594e+00
2.307545888936948675e+00
1.950390266049286669e+00
1.599332782937712416e+00
1.618650576789928852e+00
1.724521518101814976e+00
1.833606756814506245e+00
1.411895438194975316e+00
1.619539858911514862e+00
1.431766263642647141e+00
1.407868192560113529e+00
1.575784178528669033e+00
1.341544230853331632e+00
1.388274327167014155e+00
1.281935591293679622e+00
1.341039506267547310e+00
1.288971483042092192e+00
1.254001044991644775e+00
1.567671855433770522e+00
1.544078263318711564e+00
1.380158503223379407e+00
2.211614578496763794e+00
1.993858642846978446e+00
1.672332632233161975e+00
1.739888162863855614e+00
1.927962987608821566e+00
1.878792955365615969e+00
1.539391378259813425e+00
2.020839474904722266e+00
2.220413593137693375e+00
2.443473292487983173e+00
2.273013356785177130e+00
2.097535422350710999e+00
2.063915282249008332e+00
1.927020150311439028e+00
2.025014688656058492e+00
2.078833221245863339e+00
1.967919550918201921e+00
2.079704523103473424e+00
2.398425477592310617e+00
2.374835030125932445e+00
2.000070145812375078e+00
2.185756381108664659e+00
1.851413209800716331e+00
1.832501949213240611e+00
1.722223271960892976e+00
1.596801137131077297e+00
1.599027621867612048e+00
1.596672806579435555e+00
1.243495084978063714e+00
1.395299667019646028e+00
1.707903093563553076e+00
1.744473313917721313e+00
1.825102649210638805e+00
1.571725932158259509e+00
1.522152796209294445e+00
1.720053477510377293e+00
1.903170720019726092e+00
1.620471664034329295e+00
2.049086633886540554e+00
1.987005286086916955e+00
2.238955473908077920e+00
2.012716599930472139e+00
1.821212513515371390e+00
1.846656666146058390e+00
1.854927998443780757e+00
2.342128734835046355e+00
2.295817443936170488e+00
2.280842015297693148e+00
2.080061381524152875e+00
1.977384083191618735e+00
1.980322836489465832e+00
2.279546424836730534e+00
1.798502086164428082e+00
1.396510410482993292e+00
1.409781947019292270e+00
1.279424257097264928e+00
1.498396514957278880e+00
1.775323520896891827e+00
1.668259483758662176e+00
2.176139219409544800e+00
2.222749217526444276e+00
2.125515849944579649e+00
2.024914989594545300e+00
2.057144604250092268e+00
1.926684571520474565e+00
1.645577751198596950e+00
1.989247821425641938e+00
2.272222223089375159e+00
2.294560872779933813e+00
2.130739797301304694e+00
2.000117246463101406e+00
2.213414389494769097e+00
2.547126354860990372e+00
2.220156322924056180e+00
2.177981942732727383e+00
1.781703435855167772e+00
1.871563788487317970e+00
1.949757182651654874e+00
1.994040312161480033e+00
1.645330173767560744e+00
1.724931082126597293e+00
1.307884306078551440e+00
1.330925431605818332e+00
1.306126282621775880e+00
1.271465371783833120e+00
1.355227353098615417e+00
1.621100345681605326e+00
1.710520505366442068e+00
1.822682120406441175e+00
2.239939720530867096e+00
1.931070390625137412e+00
2.249089933701549082e+00
1.884821922816851014e+00
1.827291734298555514e+00
2.211945694424360731e+00
2.026854445746264055e+00
1.767611476911628010e+00
1.950716935074949365e+00
1.727209114331325956e+00
1.785776888350993907e+00
2.273600705805566946e+00
2.092058764252605840e+00
2.493122590133886707e+00
1.973113900280482724e+00
1.911981222943404113e+00
1.870642686224558204e+00
1.974627943425807164e+00
2.184759456067572714e+00
1.954554350795387752e+00
2.208803083065038475e+00
1.923860028079353857e+00
1.734792063806230189e+00
1.873146903054901502e+00
1.855468020845031596e+00
1.640261486024520599e+00
1.725499973006432430e+00
1.610552901512573021e+00
1.746730290445039246e+00
1.451892404917715762e+00
1.213319719367849991e+00
1.191459026762556439e+00
1.179682523799341132e+00
1.607065605182490975e+00
1.558202164636021791e+00
1.733898746247757749e+00
1.826550954761704038e+00
1.552701635730965535e+00
1.615564885814283258e+00
2.007946882037944913e+00
1.937853069196200595e+00
1.777597554144094705e+00
1.726213511617756824e+00
2.211544237398886281e+00
2.431620765808141016e+00
2.187026136789995245e+00
1.766746136601418549e+00
2.221772595560008057e+00
2.029214089913951025e+00
2.487138706414626643e+00
2.145630489122141160e+00
2.159922605834192932e+00
1.956637611140233268e+00
1.830564770952480380e+00
1.763151056296307306e+00
1.935581517321832479e+00
1.976538856616374851e+00
1.898339303626231045e+00
1.842085630725594392e+00
2.208362241239574697e+00
2.498846994156476153e+00
2.174878625740706450e+00
2.144219886548015541e+00
2.292005270987044430e+00
2.423972470949777858e+00
2.121383876141137659e+00
1.842794191240565205e+00
1.537652285880595215e+00
1.603408315043441279e+00
1.897531755347620752e+00
2.251818805676505608e+00
2.074318865446754589e+00
2.205222576026834691e+00
1.691152830821085917e+00
1.733980191530683612e+00
1.759591113219312053e+00
1.893198478847481603e+00
1.863696152745284440e+00
1.594354157892629464e+00
1.982622455749564416e+00
1.798688036223098141e+00
2.065196122850863070e+00
1.540941781869768157e+00
1.659745785458691891e+00
1.848780080634816692e+00
2.347676839748497279e+00
2.658560375527398989e+00
2.264681346835428322e+00
1.964707750222480120e+00
2.032897283251652976e+00
1.615777125160522409e+00
1.389830696903035623e+00
1.559987295820259856e+00
1.268434092860944773e+00
1.692332668586840505e+00
1.757801784899074349e+00
1.983787999199669416e+00
1.860064655075115203e+00
1.690623503102042680e+00
1.513101155742784032e+00
1.499974249152468353e+00
1.363031371679856552e+00
1.322731875706977922e+00
1.367967552699344225e+00
1.341642492410508591e+00
1.422518071126195327e+00
1.433136303460495808e+00
1.560922967975569398e+00
1.700532714284245461e+00
1.795322774866474180e+00
2.041223609464583699e+00
1.994916447306159801e+00
2.182527787244403328e+00
2.440955770343421261e+00
2.429163649036984562e+00
2.403298778335827723e+00
2.506355975334626507e+00
2.433943221428450876e+00
2.125299389154227558e+00
1.897162901060994500e+00
2.012158646924281147e+00
2.495893175020579946e+00
2.257528252322450690e+00
1.865010562889001466e+00
1.315474222406068261e+00
1.754936679365627361e+00
1.691583922420706987e+00
1.796139785218709095e+00
1.439781627063494440e+00
1.343591040301249206e+00
1.547635552415777438e+00
1.742581328818966213e+00
1.857567760842416149e+00
1.960829872257925821e+00
1.680440006112772444e+00
1.683231312522116330e+00
1.796697416459186902e+00
1.589998469070829090e+00
1.829445690309665640e+00
2.086504912472812112e+00
2.374104582587823309e+00
2.265822079132678635e+00
2.317780850465692932e+00
2.187549468425759258e+00
2.101804397119843681e+00
1.961992303191088638e+00
2.154405299418289399e+00
2.151109461014603319e+00
2.596704574496234041e+00
2.694938575260829694e+00
2.220258026902468984e+00
2.247995900634308875e+00
2.176912053124040458e+00
2.047106341108356542e+00
2.287512406162862000e+00
2.437483620785467764e+00
2.173504556273109678e+00
1.953918131066740616e+00
1.437487170673919401e+00
1.700146601152491499e+00
1.489307452990626501e+00
1.364129523573184732e+00
1.561759787316835402e+00
1.772848117805744028e+00
1.982404866404102295e+00
2.291245024474132475e+00
2.112911283286620368e+00
2.003253538250396204e+00
1.447588480962819446e+00
1.342556749201630151e+00
1.446045570186470952e+00
1.794224977694691026e+00
1.900533619022815035e+00
1.882079392798833517e+00
1.971475537383428733e+00
2.350045013007945993e+00
2.242763501535841364e+00
2.142666221692984152e+00
2.414746406352291430e+00
2.524254637498636100e+00
2.568882518653249569e+00
2.450253752272102847e+00
2.295608083936221178e+00
2.073396278742157151e+00
1.927673224148788611e+00
1.946671729256501671e+00
1.771325893348107305e+00
1.565516744763041146e+00
1.566929134078668184e+00
1.596707793768820105e+00
1.792067608820491875e+00
1.819393470016385628e+00
1.709858184719763363e+00
1.828224437511241751e+00
1.663571686535344485e+00
1.763563047521301774e+00
1.882016697119182513e+00
1.717845827370262146e+00
1.693329036939535959e+00
1.587126872913335207e+00
1.651362471283152722e+00
1.733472437714468128e+00
1.669963009867515114e+00
1.875844742646942009e+00
2.006131250447565240e+00
2.036631861031994895e+00
2.292929890106879753e+00
2.181172615543491844e+00
2.156282031143985201e+00
1.968581708203588354e+00
1.704889092848810295e+00
1.987356319555041217e+00
2.053574319154710892e+00
1.990639294578349539e+00
2.090563475176370645e+00
2.320728110474926442e+00
2.059480663370484965e+00
1.923377956083090812e+00
1.922757450351769926e+00
2.120167472282046273e+00
2.264204071312508670e+00
2.538611808207424936e+00
2.057953339225875755e+00
2.040018216770690174e+00
2.020399550969808278e+00
1.981345111168778761e+00
1.669944597157948740e+00
2.064421529048071857e+00
1.868117434153368173e+00
1.637331063731814140e+00
1.579721329145568065e+00
1.680524502305676071e+00
1.896129420135821420e+00
1.564252488032491950e+00
2.070926699683246053e+00
1.751033246832354395e+00
1.496908818186182044e+00
1.267644754264645179e+00
1.710075862645393130e+00
1.925459763275982672e+00
1.426537983257324615e+00
1.792331867223296626e+00
1.782079813155600378e+00
1.858234133797530552e+00
1.975548015765135945e+00
2.022404755588086189e+00
1.935338670371926417e+00
1.611026843970629674e+00
1.511723428346964271e+00
1.698722147341460875e+00
2.113656430105759210e+00
2.024372540671454779e+00
2.197662890158964100e+00
2.343926700184319145e+00
2.293314917755721272e+00
2.193481515281126004e+00
2.150599792187601000e+00
2.066258370071273998e+00
1.989678128797638834e+00
1.825744904918701339e+00
1.715948814484034246e+00
1.773612067545872195e+00
2.168635691427724499e+00
1.884033618562803047e+00
2.128541197525108508e+00
2.271923978055717441e+00
2.660279527397509725e+00
2.461210998376722525e+00
2.061348188372842394e+00
2.489429313074347672e+00
2.207494427262399750e+00
1.820814834854729725e+00
1.869418828962639445e+00
2.131117185422957139e+00
1.997146586614436892e+00
1.960603985727386700e+00
1.621300946041293489e+00
1.556698927918315212e+00
1.705276829160501384e+00
1.576963115510723989e+00
1.395187202137511129e+00
1.559004079915409013e+00
1.417743369224668371e+00
1.264191874851445352e+00
1.172292215797386294e+00
1.664084023402478074e+00
1.321454951139567457e+00
1.488277676394160975e+00
1.391284344072165169e+00
1.628458176078101394e+00
1.329012938219731987e+00
1.214761445405335261e+00
1.413484551229779562e+00
1.636933317700481672e+00
2.397019541127281883e+00
2.560880981931760836e+00
2.531644964503576567e+00
2.173896490059107567e+00
2.226982555795784080e+00
2.300550058064422032e+00
2.138427449856102225e+00
2.226419102401624439e+00
2.100113466803249729e+00
1.980609721539056567e+00
2.070204709466255455e+00
2.013429934301986357e+00
1.992589888571760781e+00
1.788575882857045052e+00
1.656337856307293466e+00
1.732376416189761459e+00
1.948589095556465089e+00
1.709979056188753122e+00
1.886814444867225493e+00
1.419857079579582848e+00
1.319282362656929886e+00
1.433052608183302157e+00
1.817340256418905176e+00
1.435664549131965062e+00
1.380420187984576774e+00
1.913291634471431912e+00
1.623771385831845881e+00
2.085982997611292244e+00
1.897649918230160271e+00
1.752198056026519568e+00
2.052441867390647712e+00
1.813819996710550386e+00
1.751462717185392481e+00
2.113863535202950228e+00
2.339113644981735796e+00
2.404516165049596310e+00
2.031512424495351521e+00
1.817747030712447032e+00
1.544083664771068953e+00
1.383616451223023347e+00
1.269451418057887304e+00
1.396391453982416708e+00
1.464680307196957854e+00
1.214609934212968811e+00
1.443607112051613406e+00
1.550747204661974576e+00
1.657573256448603871e+00
1.789763734945850393e+00
1.559009096330306932e+00
1.810746240807901364e+00
1.770275577970410907e+00
1.752228476887025765e+00
2.354927214457102291e+00
2.460666232301702561e+00
1.949816004406831560e+00
2.001189907760249742e+00
1.769212338455926403e+00
1.868991456614615077e+00
1.714995217499777569e+00
1.626343508300666318e+00
1.228088429669401460e+00
1.329062135781016174e+00
1.748175862263781077e+00
1.393980790145666226e+00
1.539272886022836628e+00
1.577669264885476430e+00
1.822641124157482029e+00
1.994788362748462163e+00
1.540653489970758461e+00
1.751388249349608905e+00
1.515949073256265933e+00
1.726330696205833792e+00
1.700108435328077094e+00
1.700270892856939886e+00
1.905375843363306121e+00
1.886185452535838358e+00
1.803958226700021150e+00
1.860483398959342338e+00
1.966052468377725404e+00
1.738516575169584799e+00
1.863735409586186664e+00
1.791851023398883136e+00
1.602565767818729059e+00
1.808526899922170417e+00
1.844303165120776633e+00
1.735867650641586213e+00
1.665078629527851239e+00
1.719283376098334815e+00
2.148280381083063961e+00
2.131724042161576627e+00
1.932800333245856539e+00
1.695230251928994569e+00
1.979252710616694166e+00
1.720065748145569673e+00
1.852715755294299216e+00
1.606393901196567775e+00
1.763978564193651399e+00
1.480220817999450711e+00
1.503343712543873112e+00
1.429810911110561245e+00
1.575416045117398411e+00
1.449266075172046087e+00
1.385154436102993714e+00
1.614106852174003182e+00
1.679081267469626049e+00
2.100198993396431124e+00
1.979239371294558625e+00
2.062011722571377881e+00
1.980281391807126923e+00
1.680448787849841530e+00
1.876663978291301049e+00
1.474612150943102273e+00
1.376213305819518062e+00
1.701021866633731783e+00
1.702786799376802440e+00
1.642942182825010367e+00
1.584107841320937737e+00
1.195323262493421801e+00
1.247709308223130753e+00
1.408571878650459297e+00
1.610568684840778531e+00
1.384522484237595163e+00
1.663491326524001224e+00
1.869109613510334444e+00
1.889353786657663070e+00
1.944182006342621838e+00
2.079878278175466555e+00
1.678900963072797570e+00
1.855689129918741465e+00
1.850073039705206757e+00
1.687130892789603154e+00
1.500098791238640095e+00
1.495257320147320268e+00
1.471820039448415551e+00
1.765500926705869666e+00
1.782325531858946377e+00
1.977041068092487031e+00
